time_s,x,y,z
20250825_141636,1.0395842790603638,0.15189434587955475,2.984309434890747
20250825_141636,1.0394916534423828,0.1520000398159027,2.984213352203369
20250825_141636,1.0395456552505493,0.15170586109161377,2.9843506813049316
20250825_141636,1.0393993854522705,0.15186193585395813,2.9842493534088135
20250825_141636,1.0393967628479004,0.15185649693012238,2.984236717224121
20250825_141636,1.0395103693008423,0.1518525928258896,2.9842801094055176
20250825_141636,1.0395221710205078,0.15203535556793213,2.984205961227417
20250825_141636,1.039603352546692,0.15193180739879608,2.98429274559021
20250825_141636,1.039520263671875,0.1519264578819275,2.9842922687530518
20250825_141636,1.039442539215088,0.15171770751476288,2.9842870235443115
20250825_141636,1.0393964052200317,0.15186317265033722,2.9842262268066406
20250825_141636,1.039409875869751,0.15187832713127136,2.984243154525757
20250825_141636,1.0395363569259644,0.15197385847568512,2.9842302799224854
20250825_141636,1.0395705699920654,0.1519627571105957,2.984243631362915
20250825_141636,1.0395289659500122,0.15195421874523163,2.984243631362915
20250825_141636,1.039467215538025,0.1518794745206833,2.9842336177825928
20250825_141636,1.0393577814102173,0.1516585797071457,2.984123945236206
20250825_141636,1.039393663406372,0.15181271731853485,2.9842748641967773
20250825_141636,1.039437174797058,0.15190337598323822,2.9842584133148193
20250825_141636,1.039671540260315,0.15195946395397186,2.984318256378174
20250825_141636,1.0395622253417969,0.1520249843597412,2.984257221221924
20250825_141636,1.0394904613494873,0.15194813907146454,2.9842591285705566
20250825_141636,1.0394212007522583,0.1518736332654953,2.9842467308044434
20250825_141636,1.0393621921539307,0.15184974670410156,2.984294891357422
20250825_141636,1.0394866466522217,0.1517912894487381,2.9843716621398926
20250825_141636,1.0394835472106934,0.15181130170822144,2.9842417240142822
20250825_141636,1.039573311805725,0.15212030708789825,2.984330415725708
20250825_141636,1.0395351648330688,0.1521003097295761,2.9843013286590576
20250825_141636,1.0394426584243774,0.15201926231384277,2.9842419624328613
20250825_141636,1.0394681692123413,0.15195298194885254,2.984339475631714
20250825_141636,1.0396088361740112,0.15226805210113525,2.9843735694885254
20250825_141636,1.0398329496383667,0.15237712860107422,2.9843368530273438
20250825_141636,1.0402352809906006,0.1528521031141281,2.9842748641967773
20250825_141636,1.040607213973999,0.15335674583911896,2.9840545654296875
20250825_141636,1.0410497188568115,0.15381591022014618,2.983841896057129
20250825_141636,1.0414403676986694,0.15417681634426117,2.9836232662200928
20250825_141636,1.0422545671463013,0.15439915657043457,2.983736991882324
20250825_141636,1.0430604219436646,0.15516194701194763,2.983738660812378
20250825_141636,1.0438218116760254,0.15634818375110626,2.983586072921753
20250825_141636,1.0441912412643433,0.15841981768608093,2.9828195571899414
20250825_141636,1.044702410697937,0.16006916761398315,2.982538938522339
20250825_141636,1.045029640197754,0.161690816283226,2.981968641281128
20250825_141636,1.0454397201538086,0.1632678061723709,2.9814958572387695
20250825_141636,1.0462030172348022,0.16560529172420502,2.981171131134033
20250825_141636,1.0470887422561646,0.16748438775539398,2.981043815612793
20250825_141636,1.0476523637771606,0.169886976480484,2.9807021617889404
20250825_141636,1.0481587648391724,0.17326045036315918,2.980008602142334
20250825_141636,1.048600673675537,0.1762535572052002,2.979473829269409
20250825_141636,1.0497809648513794,0.1788695901632309,2.979353189468384
20250825_141636,1.050889253616333,0.18175986409187317,2.9793269634246826
20250825_141636,1.0514618158340454,0.18611712753772736,2.9784293174743652
20250825_141636,1.0527589321136475,0.19003379344940186,2.9780726432800293
20250825_141636,1.0545108318328857,0.1937267780303955,2.9778809547424316
20250825_141636,1.0563526153564453,0.19759437441825867,2.9780542850494385
20250825_141636,1.0572811365127563,0.20214344561100006,2.9771320819854736
20250825_141636,1.058735728263855,0.20664480328559875,2.9766716957092285
20250825_141636,1.060319185256958,0.21142682433128357,2.976252555847168
20250825_141636,1.0626453161239624,0.21534961462020874,2.9765613079071045
20250825_141636,1.0640305280685425,0.2209000438451767,2.975757360458374
20250825_141636,1.065651297569275,0.22608669102191925,2.9754292964935303
20250825_141636,1.0673736333847046,0.23116815090179443,2.974923849105835
20250825_141636,1.0689451694488525,0.23641739785671234,2.974776268005371
20250825_141636,1.0705026388168335,0.24189125001430511,2.974193572998047
20250825_141636,1.0723388195037842,0.24721543490886688,2.9741387367248535
20250825_141636,1.0738974809646606,0.2533550560474396,2.9734609127044678
20250825_141636,1.0755366086959839,0.25932422280311584,2.9733338356018066
20250825_141636,1.0774762630462646,0.2646845877170563,2.973378896713257
20250825_141636,1.0789413452148438,0.2714146375656128,2.972707986831665
20250825_141636,1.0807576179504395,0.2774296998977661,2.972766399383545
20250825_141636,1.0824717283248901,0.283881276845932,2.972369909286499
20250825_141636,1.0843006372451782,0.29023119807243347,2.972353458404541
20250825_141636,1.0860700607299805,0.29665523767471313,2.97213077545166
20250825_141636,1.0879753828048706,0.30333566665649414,2.972132921218872
20250825_141636,1.0898041725158691,0.31019851565361023,2.9719462394714355
20250825_141636,1.091792106628418,0.3167150318622589,2.9719066619873047
20250825_141636,1.0934875011444092,0.3236709237098694,2.971824884414673
20250825_141636,1.0952821969985962,0.3308372497558594,2.971609354019165
20250825_141636,1.097273588180542,0.3372916281223297,2.9717788696289062
20250825_141636,1.0990593433380127,0.3442278206348419,2.9717376232147217
20250825_141636,1.1007970571517944,0.351158082485199,2.9716806411743164
20250825_141636,1.1026368141174316,0.3581869900226593,2.971586227416992
20250825_141636,1.1042910814285278,0.3654381334781647,2.9715399742126465
20250825_141637,1.106119990348816,0.37222883105278015,2.971761465072632
20250825_141637,1.1075360774993896,0.3796581029891968,2.9716055393218994
20250825_141637,1.1092019081115723,0.38664665818214417,2.971646547317505
20250825_141637,1.1106336116790771,0.3937971591949463,2.9717302322387695
20250825_141637,1.112202525138855,0.4011506736278534,2.9717111587524414
20250825_141637,1.1138725280761719,0.4081718921661377,2.971752405166626
20250825_141637,1.1152507066726685,0.4155060350894928,2.9718854427337646
20250825_141637,1.116736888885498,0.4226273000240326,2.9720263481140137
20250825_141637,1.1181640625,0.4298771619796753,2.9721953868865967
20250825_141637,1.1196517944335938,0.43702927231788635,2.972385883331299
20250825_141637,1.1211628913879395,0.4440878927707672,2.9726648330688477
20250825_141637,1.1223734617233276,0.45155736804008484,2.972844123840332
20250825_141637,1.123746395111084,0.45868852734565735,2.973191499710083
20250825_141637,1.1250813007354736,0.4657636284828186,2.9735076427459717
20250825_141637,1.1262686252593994,0.4730292558670044,2.973726987838745
20250825_141637,1.1272337436676025,0.4806102514266968,2.9739367961883545
20250825_141637,1.1287866830825806,0.4872209429740906,2.9744749069213867
20250825_141637,1.1298037767410278,0.4946202337741852,2.9747040271759033
20250825_141637,1.1306461095809937,0.5019223690032959,2.9750514030456543
20250825_141637,1.1320204734802246,0.5086333155632019,2.9755983352661133
20250825_141637,1.1328858137130737,0.5156643986701965,2.9759016036987305
20250825_141637,1.133725643157959,0.5230190753936768,2.976175546646118
20250825_141637,1.134822130203247,0.5297148823738098,2.976738691329956
20250825_141637,1.1355335712432861,0.5369157195091248,2.977130889892578
20250825_141637,1.136311650276184,0.5438870191574097,2.977450370788574
20250825_141637,1.1370587348937988,0.5508049726486206,2.977987766265869
20250825_141637,1.1379940509796143,0.5572430491447449,2.9785733222961426
20250825_141637,1.138642430305481,0.5642737150192261,2.978978395462036
20250825_141637,1.1391183137893677,0.5713900923728943,2.979325294494629
20250825_141637,1.1399794816970825,0.5777503252029419,2.98004412651062
20250825_141637,1.140523076057434,0.5843979120254517,2.9804418087005615
20250825_141637,1.1408684253692627,0.5911686420440674,2.980926275253296
20250825_141637,1.141414999961853,0.5977141261100769,2.9815311431884766
20250825_141637,1.1419135332107544,0.6042113304138184,2.9821510314941406
20250825_141637,1.142354965209961,0.6108073592185974,2.982652187347412
20250825_141637,1.142621636390686,0.6176558136940002,2.983086347579956
20250825_141637,1.143083930015564,0.6237771511077881,2.9838383197784424
20250825_141637,1.1432782411575317,0.6300430297851562,2.9844024181365967
20250825_141637,1.1434574127197266,0.6365011930465698,2.984858512878418
20250825_141637,1.1435472965240479,0.643000602722168,2.985342025756836
20250825_141637,1.1438440084457397,0.6491274237632751,2.9858829975128174
20250825_141637,1.143868327140808,0.6555244326591492,2.986482858657837
20250825_141637,1.1437982320785522,0.661661684513092,2.986952304840088
20250825_141637,1.1436787843704224,0.66780686378479,2.9874343872070312
20250825_141637,1.1437616348266602,0.6738044619560242,2.9881482124328613
20250825_141637,1.1436535120010376,0.6798301339149475,2.9886810779571533
20250825_141637,1.1435160636901855,0.6856849789619446,2.9892327785491943
20250825_141637,1.143082857131958,0.6916989088058472,2.989680528640747
20250825_141637,1.1429640054702759,0.6975630521774292,2.990103006362915
20250825_141637,1.1427159309387207,0.7031712532043457,2.990865707397461
20250825_141637,1.1423888206481934,0.7090241312980652,2.9914391040802
20250825_141637,1.1418583393096924,0.7150023579597473,2.9917078018188477
20250825_141637,1.1415132284164429,0.7204105854034424,2.992281436920166
20250825_141637,1.141176700592041,0.7260430455207825,2.9927563667297363
20250825_141637,1.1406651735305786,0.7315586805343628,2.993347406387329
20250825_141637,1.1400808095932007,0.7373569011688232,2.993682384490967
20250825_141637,1.1394245624542236,0.7426775693893433,2.994033098220825
20250825_141637,1.1388771533966064,0.747486412525177,2.9944164752960205
20250825_141637,1.1382379531860352,0.7528650760650635,2.994903802871704
20250825_141637,1.1374595165252686,0.7583398818969727,2.995374917984009
20250825_141637,1.1368027925491333,0.7633368968963623,2.9956533908843994
20250825_141637,1.1360660791397095,0.7683325409889221,2.996150016784668
20250825_141637,1.135289192199707,0.7734947204589844,2.996791124343872
20250825_141637,1.1343660354614258,0.7783688902854919,2.9971675872802734
20250825_141637,1.1334357261657715,0.7833566665649414,2.9975547790527344
20250825_141637,1.1326932907104492,0.7880885601043701,2.9980080127716064
20250825_141637,1.1317516565322876,0.792949378490448,2.998511791229248
20250825_141637,1.1308462619781494,0.7976415157318115,2.9988503456115723
20250825_141637,1.1297264099121094,0.8026282787322998,2.9990386962890625
20250825_141637,1.1286853551864624,0.8071585893630981,2.9994893074035645
20250825_141637,1.1275100708007812,0.811708927154541,2.9998555183410645
20250825_141637,1.1263972520828247,0.8158066272735596,3.000248670578003
20250825_141637,1.125218152999878,0.8204951882362366,3.0005369186401367
20250825_141637,1.1240830421447754,0.8247035145759583,3.0008175373077393
20250825_141637,1.1230518817901611,0.8287695646286011,3.00118088722229
20250825_141637,1.1215894222259521,0.8333093523979187,3.0014286041259766
20250825_141637,1.1204301118850708,0.8369925022125244,3.0018389225006104
20250825_141637,1.1189095973968506,0.8413997888565063,3.0019516944885254
20250825_141637,1.117655873298645,0.8449520468711853,3.0024473667144775
20250825_141637,1.1162145137786865,0.8496133685112,3.002553701400757
20250825_141637,1.1149448156356812,0.8530892133712769,3.0027108192443848
20250825_141637,1.1138784885406494,0.8564899563789368,3.0032286643981934
20250825_141637,1.1121984720230103,0.860679030418396,3.0033726692199707
20250825_141637,1.1107016801834106,0.8640997409820557,3.003704071044922
20250825_141637,1.109552025794983,0.8670875430107117,3.0042226314544678
20250825_141637,1.107965350151062,0.8707699775695801,3.0044169425964355
20250825_141637,1.1067637205123901,0.8738207221031189,3.004567861557007
20250825_141637,1.1052985191345215,0.8775986433029175,3.004944086074829
20250825_141637,1.1037015914916992,0.8810945153236389,3.0051329135894775
20250825_141637,1.1022919416427612,0.8835416436195374,3.0054733753204346
20250825_141637,1.1006752252578735,0.8866462707519531,3.005840539932251
20250825_141637,1.0990574359893799,0.8896344900131226,3.005925178527832
20250825_141637,1.0974204540252686,0.8929534554481506,3.0060935020446777
20250825_141637,1.0957504510879517,0.895835280418396,3.006415843963623
20250825_141637,1.094144344329834,0.8990278244018555,3.006455898284912
20250825_141637,1.0925514698028564,0.9015291929244995,3.006946563720703
20250825_141637,1.0907193422317505,0.9047110676765442,3.00697922706604
20250825_141637,1.089163899421692,0.9066908955574036,3.0073482990264893
20250825_141637,1.0873409509658813,0.9095452427864075,3.0076544284820557
20250825_141637,1.0857090950012207,0.9120513796806335,3.007721185684204
20250825_141638,1.083937644958496,0.914720892906189,3.0080204010009766
20250825_141638,1.0821367502212524,0.9175108075141907,3.008193016052246
20250825_141638,1.0804600715637207,0.9197377562522888,3.0083882808685303
20250825_141638,1.0785893201828003,0.922228217124939,3.0086355209350586
20250825_141638,1.0768240690231323,0.9241734147071838,3.008840560913086
20250825_141638,1.0748908519744873,0.9266483187675476,3.0090789794921875
20250825_141638,1.0732312202453613,0.9286822080612183,3.0092389583587646
20250825_141638,1.0713902711868286,0.931005597114563,3.0095231533050537
20250825_141638,1.0696425437927246,0.9330554604530334,3.009760618209839
20250825_141638,1.0677005052566528,0.9351108074188232,3.0099315643310547
20250825_141638,1.0656139850616455,0.9372549653053284,3.010009288787842
20250825_141638,1.0639055967330933,0.9388863444328308,3.010307788848877
20250825_141638,1.0618095397949219,0.9411681294441223,3.010408878326416
20250825_141638,1.0601006746292114,0.942575216293335,3.0105745792388916
20250825_141638,1.057992696762085,0.9446890354156494,3.0105926990509033
20250825_141638,1.0563300848007202,0.9461163878440857,3.010855197906494
20250825_141638,1.0541826486587524,0.9479881525039673,3.010859251022339
20250825_141638,1.0523258447647095,0.9492887258529663,3.0110301971435547
20250825_141638,1.0502396821975708,0.9513064026832581,3.0111031532287598
20250825_141638,1.0484015941619873,0.9524173140525818,3.0112621784210205
20250825_141638,1.046417236328125,0.9540374279022217,3.011286497116089
20250825_141638,1.044484257698059,0.9554240107536316,3.0114376544952393
20250825_141638,1.0425375699996948,0.9568467736244202,3.011551856994629
20250825_141638,1.0404025316238403,0.9583253264427185,3.0115537643432617
20250825_141638,1.0385457277297974,0.959339439868927,3.011648416519165
20250825_141638,1.036455512046814,0.9608544111251831,3.0117642879486084
20250825_141638,1.0345203876495361,0.961866021156311,3.011852264404297
20250825_141638,1.032468557357788,0.9632400274276733,3.011887311935425
20250825_141638,1.0305176973342896,0.9643282294273376,3.012042999267578
20250825_141638,1.0284647941589355,0.9654734134674072,3.012066125869751
20250825_141638,1.0265527963638306,0.966525673866272,3.012287139892578
20250825_141638,1.0244348049163818,0.9676070213317871,3.0121853351593018
20250825_141638,1.0224283933639526,0.9686148762702942,3.0122339725494385
20250825_141638,1.0204217433929443,0.9694516658782959,3.0123090744018555
20250825_141638,1.0183805227279663,0.970461368560791,3.01228666305542
20250825_141638,1.0163249969482422,0.9716553688049316,3.012448787689209
20250825_141638,1.0143953561782837,0.9722226858139038,3.012338161468506
20250825_141638,1.0124313831329346,0.9730532169342041,3.012307643890381
20250825_141638,1.0105072259902954,0.9737803936004639,3.0122907161712646
20250825_141638,1.0082467794418335,0.9747838973999023,3.012289524078369
20250825_141638,1.0062057971954346,0.9755331873893738,3.01239013671875
20250825_141638,1.004353404045105,0.9758560061454773,3.012324094772339
20250825_141638,1.002267599105835,0.9768764972686768,3.012401580810547
20250825_141638,1.0004174709320068,0.977168083190918,3.0125010013580322
20250825_141638,0.9983277916908264,0.977710485458374,3.012437343597412
20250825_141638,0.9964088797569275,0.9782412648200989,3.012632131576538
20250825_141638,0.9944356083869934,0.9782826900482178,3.0124800205230713
20250825_141638,0.9922975301742554,0.9792689085006714,3.0124058723449707
20250825_141638,0.9903777837753296,0.9796308875083923,3.012531280517578
20250825_141638,0.9881016612052917,0.980557918548584,3.0124714374542236
20250825_141638,0.9862831234931946,0.9806777238845825,3.012324333190918
20250825_141638,0.9840707778930664,0.981512188911438,3.0123019218444824
20250825_141638,0.9822142124176025,0.9812026023864746,3.012263059616089
20250825_141638,0.980006217956543,0.9818969964981079,3.0121610164642334
20250825_141638,0.9779130220413208,0.9824171662330627,3.0122175216674805
20250825_141638,0.9760459661483765,0.9823029041290283,3.012131929397583
20250825_141638,0.9739534854888916,0.9829846024513245,3.0119357109069824
20250825_141638,0.9717355370521545,0.9836514592170715,3.011843204498291
20250825_141638,0.969726026058197,0.983651876449585,3.0118284225463867
20250825_141638,0.96759432554245,0.9839468598365784,3.0116689205169678
20250825_141638,0.9657384157180786,0.9840333461761475,3.01159405708313
20250825_141638,0.9637683629989624,0.9840014576911926,3.0114448070526123
20250825_141638,0.9618539214134216,0.9841122627258301,3.0113718509674072
20250825_141638,0.9595956802368164,0.9846938848495483,3.0113046169281006
20250825_141638,0.9577500224113464,0.984910786151886,3.0110368728637695
20250825_141638,0.9558908939361572,0.9842141270637512,3.0110294818878174
20250825_141638,0.9535541534423828,0.9848359227180481,3.010998487472534
20250825_141638,0.9513735771179199,0.9852670431137085,3.010993719100952
20250825_141638,0.9493724703788757,0.9851013422012329,3.0107197761535645
20250825_141638,0.9473280906677246,0.9851529598236084,3.0106966495513916
20250825_141638,0.9452172517776489,0.9856510758399963,3.0104286670684814
20250825_141638,0.9432705044746399,0.9853941202163696,3.0101943016052246
20250825_141638,0.9410902261734009,0.9854229092597961,3.0101630687713623
20250825_141638,0.9388906359672546,0.9858428239822388,3.009967088699341
20250825_141638,0.936803936958313,0.9856964945793152,3.00970458984375
20250825_141638,0.9347308278083801,0.9857479333877563,3.009459972381592
20250825_141638,0.9328704476356506,0.9856199026107788,3.0094707012176514
20250825_141638,0.9303949475288391,0.9859346151351929,3.009052038192749
20250825_141638,0.9284844398498535,0.9858933687210083,3.008713722229004
20250825_141638,0.9264291524887085,0.9854445457458496,3.0084497928619385
20250825_141638,0.9243356585502625,0.9854348301887512,3.0081331729888916
20250825_141638,0.922065019607544,0.9859088659286499,3.007979393005371
20250825_141638,0.9199987053871155,0.9860005378723145,3.007720470428467
20250825_141638,0.9180032014846802,0.9858927726745605,3.0074405670166016
20250825_141638,0.916135311126709,0.9857759475708008,3.0072481632232666
20250825_141638,0.9136889576911926,0.9860885143280029,3.0067596435546875
20250825_141638,0.9120560884475708,0.9848453998565674,3.006253957748413
20250825_141638,0.9095827341079712,0.9855286478996277,3.006207227706909
20250825_141638,0.9075934886932373,0.9853760004043579,3.0059125423431396
20250825_141638,0.9053103923797607,0.9857351183891296,3.005476474761963
20250825_141638,0.9030581116676331,0.9855343699455261,3.005028247833252
20250825_141638,0.9011074304580688,0.9850694537162781,3.0046777725219727
20250825_141638,0.8990575075149536,0.9852601885795593,3.0042409896850586
20250825_141638,0.8969762921333313,0.9852194786071777,3.003787040710449
20250825_141638,0.8947418928146362,0.985162615776062,3.0033836364746094
20250825_141638,0.892609715461731,0.9851946830749512,3.0030856132507324
20250825_141638,0.8905767798423767,0.984966516494751,3.0025081634521484
20250825_141638,0.8880119919776917,0.9860206246376038,3.0020978450775146
20250825_141638,0.8862314820289612,0.9852769374847412,3.0017271041870117
20250825_141638,0.8842625021934509,0.9847678542137146,3.0011544227600098
20250825_141639,0.8821079134941101,0.9846436381340027,3.000764846801758
20250825_141639,0.8796872496604919,0.9849705100059509,3.0002996921539307
20250825_141639,0.877774178981781,0.9847347736358643,2.999774932861328
20250825_141639,0.8755009770393372,0.9849262833595276,2.9993269443511963
20250825_141639,0.8730872869491577,0.9856215119361877,2.9988930225372314
20250825_141639,0.8713366985321045,0.9850372672080994,2.9983713626861572
20250825_141639,0.8692375421524048,0.984464704990387,2.9976933002471924
20250825_141639,0.8671987056732178,0.9842997789382935,2.9971556663513184
20250825_141639,0.8654621839523315,0.9836605191230774,2.9964661598205566
20250825_141639,0.8627410531044006,0.9848020672798157,2.9962515830993652
20250825_141639,0.860589325428009,0.9844810366630554,2.995685338973999
20250825_141639,0.8586556315422058,0.9842294454574585,2.995162010192871
20250825_141639,0.856784462928772,0.9840454459190369,2.994436502456665
20250825_141639,0.8545967936515808,0.9837899804115295,2.9938106536865234
20250825_141639,0.8523661494255066,0.9841885566711426,2.993396282196045
20250825_141639,0.8501549959182739,0.9841764569282532,2.9927783012390137
20250825_141639,0.8479954600334167,0.984846830368042,2.9921700954437256
20250825_141639,0.8461101651191711,0.9840247631072998,2.9916388988494873
20250825_141639,0.8440491557121277,0.9838426113128662,2.991075038909912
20250825_141639,0.8420969843864441,0.9838913679122925,2.9904754161834717
20250825_141639,0.8397964835166931,0.9846089482307434,2.9899613857269287
20250825_141639,0.838029682636261,0.9838866591453552,2.989393711090088
20250825_141639,0.8358643054962158,0.9835319519042969,2.9887185096740723
20250825_141639,0.8339815735816956,0.9831347465515137,2.9880523681640625
20250825_141639,0.8317759037017822,0.9839803576469421,2.9875247478485107
20250825_141639,0.8297662138938904,0.9836824536323547,2.9869511127471924
20250825_141639,0.8278102278709412,0.9830755591392517,2.986393451690674
20250825_141639,0.8256351947784424,0.9834589958190918,2.985826253890991
20250825_141639,0.8238752484321594,0.9825575947761536,2.9853243827819824
20250825_141639,0.82159423828125,0.9836102724075317,2.98459792137146
20250825_141639,0.8198150992393494,0.9826380014419556,2.984147787094116
20250825_141639,0.8178039193153381,0.9828310608863831,2.983557939529419
20250825_141639,0.8157547116279602,0.9822890758514404,2.9829161167144775
20250825_141639,0.814159631729126,0.9814460277557373,2.9823341369628906
20250825_141639,0.8122751712799072,0.981033205986023,2.9819324016571045
20250825_141639,0.8099265694618225,0.9815689325332642,2.9812769889831543
20250825_141639,0.8081470727920532,0.9812909364700317,2.9807488918304443
20250825_141639,0.8062000870704651,0.9811242818832397,2.980189085006714
20250825_141639,0.8043083548545837,0.9813348650932312,2.979736328125
20250825_141639,0.8026689887046814,0.9801498651504517,2.9789953231811523
20250825_141639,0.8004803657531738,0.9806081056594849,2.9785783290863037
20250825_141639,0.798583984375,0.9802460074424744,2.978055477142334
20250825_141639,0.7966613173484802,0.9804131984710693,2.9775428771972656
20250825_141639,0.7946845889091492,0.9809550046920776,2.9768991470336914
20250825_141639,0.7930066585540771,0.9801127910614014,2.9766292572021484
20250825_141639,0.7909895181655884,0.979935348033905,2.9760475158691406
20250825_141639,0.7891725897789001,0.9796578884124756,2.975553512573242
20250825_141639,0.787521481513977,0.9790220856666565,2.9750709533691406
20250825_141639,0.785637378692627,0.9793584942817688,2.9746456146240234
20250825_141639,0.7837083339691162,0.9796509742736816,2.9741721153259277
20250825_141639,0.7819108963012695,0.9792584776878357,2.9735488891601562
20250825_141639,0.7801176309585571,0.9785093069076538,2.973111867904663
20250825_141639,0.7784996032714844,0.9781820774078369,2.972684144973755
20250825_141639,0.7766271829605103,0.9780941009521484,2.9721450805664062
20250825_141639,0.7746932506561279,0.9788002371788025,2.9718146324157715
20250825_141639,0.7730218768119812,0.9781785011291504,2.9709906578063965
20250825_141639,0.7712234258651733,0.9783847332000732,2.9707515239715576
20250825_141639,0.7697697877883911,0.9775891304016113,2.9704153537750244
20250825_141639,0.7684066891670227,0.9760155081748962,2.969644784927368
20250825_141639,0.766442060470581,0.9765816926956177,2.969348669052124
20250825_141639,0.7642481923103333,0.9779175519943237,2.9689218997955322
20250825_141639,0.7628087997436523,0.9767296314239502,2.968388080596924
20250825_141639,0.7611660957336426,0.9766910672187805,2.96816349029541
20250825_141639,0.7595337629318237,0.976497232913971,2.9677438735961914
20250825_141639,0.7578878998756409,0.9759841561317444,2.967280149459839
20250825_141639,0.7558345794677734,0.9770821332931519,2.966768503189087
20250825_141639,0.7546754479408264,0.9754250645637512,2.966322898864746
20250825_141639,0.7531412839889526,0.9750394225120544,2.9660537242889404
20250825_141639,0.7511181831359863,0.9758360981941223,2.9656288623809814
20250825_141639,0.7495195269584656,0.9752734899520874,2.9651598930358887
20250825_141639,0.7479537725448608,0.9751421213150024,2.9648308753967285
20250825_141639,0.746134877204895,0.9759056568145752,2.9643781185150146
20250825_141639,0.744537889957428,0.9757184386253357,2.964017868041992
20250825_141639,0.7430678009986877,0.9754859209060669,2.9636526107788086
20250825_141639,0.7414094805717468,0.9750074148178101,2.9631807804107666
20250825_141639,0.7400050163269043,0.974437952041626,2.962862730026245
20250825_141639,0.7383639812469482,0.9746249914169312,2.9624850749969482
20250825_141639,0.7365646362304688,0.9757629036903381,2.9619977474212646
20250825_141639,0.7352991700172424,0.9750450849533081,2.961874485015869
20250825_141639,0.7337819933891296,0.9748554825782776,2.9614787101745605
20250825_141639,0.7322978377342224,0.9745463728904724,2.961082696914673
20250825_141639,0.7307630181312561,0.9741919636726379,2.9606833457946777
20250825_141639,0.7295173406600952,0.9737023115158081,2.960019588470459
20250825_141639,0.7280961275100708,0.9734838604927063,2.9596176147460938
20250825_141639,0.7267169952392578,0.9732110500335693,2.9595000743865967
20250825_141639,0.7250622510910034,0.9734617471694946,2.959683656692505
20250825_141639,0.7237688899040222,0.9738277792930603,2.9593334197998047
20250825_141639,0.7221039533615112,0.9735231399536133,2.958587646484375
20250825_141639,0.7208102345466614,0.9729810953140259,2.9580774307250977
20250825_141639,0.7195159196853638,0.9727254509925842,2.9577248096466064
20250825_141639,0.7180561423301697,0.9739733934402466,2.9578745365142822
20250825_141639,0.7167134284973145,0.9725484251976013,2.9569382667541504
20250825_141639,0.7154023051261902,0.9723076820373535,2.9568817615509033
20250825_141639,0.7136528491973877,0.9732533693313599,2.956690549850464
20250825_141639,0.712374746799469,0.9735260009765625,2.956512689590454
20250825_141639,0.7111208438873291,0.9727396965026855,2.95615816116333
20250825_141639,0.7098364233970642,0.9726071357727051,2.9555366039276123
20250825_141639,0.7084046006202698,0.9733819365501404,2.955919027328491
20250825_141639,0.7073909640312195,0.9720203280448914,2.9553089141845703
20250825_141639,0.7057225108146667,0.9728556275367737,2.9555845260620117
20250825_141640,0.7044439911842346,0.9733250737190247,2.955207347869873
20250825_141640,0.7033268213272095,0.9722347855567932,2.9544546604156494
20250825_141640,0.7021540999412537,0.9722998142242432,2.954141139984131
20250825_141640,0.7008792757987976,0.9726691842079163,2.954429864883423
20250825_141640,0.6997466683387756,0.9718125462532043,2.953989267349243
20250825_141640,0.698252260684967,0.972009003162384,2.9534475803375244
20250825_141640,0.6970314979553223,0.9716662764549255,2.953219413757324
20250825_141640,0.695486307144165,0.9733000993728638,2.9533350467681885
20250825_141640,0.694372296333313,0.9721497893333435,2.952579975128174
20250825_141640,0.6933588981628418,0.9718503355979919,2.95237398147583
20250825_141640,0.6919497847557068,0.971993088722229,2.9521069526672363
20250825_141640,0.6904801726341248,0.9727463126182556,2.9525845050811768
20250825_141640,0.689635157585144,0.9717251658439636,2.9518837928771973
20250825_141640,0.6883257031440735,0.9716668128967285,2.951636791229248
20250825_141640,0.6870049834251404,0.9729080200195312,2.9518115520477295
20250825_141640,0.6857892274856567,0.9725090861320496,2.9517297744750977
20250825_141640,0.6849060654640198,0.971329391002655,2.951042413711548
20250825_141640,0.6835302114486694,0.9718403816223145,2.9512171745300293
20250825_141640,0.6824840903282166,0.9715991020202637,2.9508097171783447
20250825_141640,0.681495189666748,0.9714421033859253,2.950615167617798
20250825_141640,0.68039870262146,0.9714636206626892,2.9504270553588867
20250825_141640,0.6792394518852234,0.971198320388794,2.9501492977142334
20250825_141640,0.6778947710990906,0.972181499004364,2.9504752159118652
20250825_141640,0.6769774556159973,0.9717675447463989,2.9503915309906006
20250825_141640,0.6755913496017456,0.9716665148735046,2.949904441833496
20250825_141640,0.6745617389678955,0.9716005325317383,2.949697256088257
20250825_141640,0.6735005974769592,0.9716723561286926,2.949420928955078
20250825_141640,0.6725648641586304,0.9712935090065002,2.9487931728363037
20250825_141640,0.6715970039367676,0.970766544342041,2.948976755142212
20250825_141640,0.6705484986305237,0.9709675908088684,2.9487428665161133
20250825_141640,0.6695157289505005,0.9711572527885437,2.9492430686950684
20250825_141640,0.6682401895523071,0.9723995923995972,2.9488725662231445
20250825_141640,0.6670545935630798,0.9713047742843628,2.948122024536133
20250825_141640,0.6661180257797241,0.9711854457855225,2.948018789291382
20250825_141640,0.665200412273407,0.9710267186164856,2.947849988937378
20250825_141640,0.6642940640449524,0.9709455370903015,2.9479990005493164
20250825_141640,0.6634686589241028,0.9718655943870544,2.94820237159729
20250825_141640,0.6623969674110413,0.9708022475242615,2.9477622509002686
20250825_141640,0.6613817811012268,0.9707940220832825,2.947547197341919
20250825_141640,0.6604148745536804,0.9706993103027344,2.947348117828369
20250825_141640,0.659172773361206,0.9717828631401062,2.947772741317749
20250825_141640,0.6581546068191528,0.9718332886695862,2.9476006031036377
20250825_141640,0.6571745872497559,0.9712192416191101,2.9472885131835938
20250825_141640,0.6563186645507812,0.9711259603500366,2.9471755027770996
20250825_141640,0.6553598046302795,0.9710540771484375,2.947002649307251
20250825_141640,0.6546173691749573,0.9706834554672241,2.9467055797576904
20250825_141640,0.6535067558288574,0.9720571041107178,2.9468767642974854
20250825_141640,0.6525806188583374,0.9709299206733704,2.94639253616333
20250825_141640,0.6516685485839844,0.971060037612915,2.946418046951294
20250825_141640,0.6507478952407837,0.9715734124183655,2.9466047286987305
20250825_141640,0.6499010920524597,0.9720009565353394,2.9463038444519043
20250825_141640,0.6489840149879456,0.9716996550559998,2.9462523460388184
20250825_141640,0.6480371952056885,0.971303403377533,2.945889711380005
20250825_141640,0.6472856998443604,0.9712819457054138,2.945741891860962
20250825_141640,0.6463514566421509,0.9714099168777466,2.945629119873047
20250825_141640,0.645638644695282,0.9708859920501709,2.9453206062316895
20250825_141640,0.6448259353637695,0.972096860408783,2.9455974102020264
20250825_141640,0.6439307928085327,0.9713760018348694,2.9453766345977783
20250825_141640,0.64311283826828,0.9712511301040649,2.944952964782715
20250825_141640,0.6423488259315491,0.9708916544914246,2.9450409412384033
20250825_141640,0.6414157748222351,0.9721857309341431,2.945059061050415
20250825_141640,0.6406608819961548,0.9721941947937012,2.944978713989258
20250825_141640,0.6396626830101013,0.9714398384094238,2.944720983505249
20250825_141640,0.6389142870903015,0.9716426730155945,2.944566249847412
20250825_141640,0.6381556391716003,0.971268892288208,2.944324493408203
20250825_141640,0.6373947858810425,0.9712091088294983,2.9441351890563965
20250825_141640,0.636540412902832,0.9723140597343445,2.944424867630005
20250825_141640,0.6356996297836304,0.9720286130905151,2.944354295730591
20250825_141640,0.6350184082984924,0.9712963104248047,2.9438276290893555
20250825_141640,0.6341533660888672,0.9715392589569092,2.9438912868499756
20250825_141640,0.633450448513031,0.9713757634162903,2.943629264831543
20250825_141640,0.6326866149902344,0.9725847840309143,2.943927049636841
20250825_141640,0.6320304870605469,0.9725357294082642,2.943876028060913
20250825_141640,0.6311282515525818,0.9723573327064514,2.9438040256500244
20250825_141640,0.6304282546043396,0.9718074798583984,2.943471908569336
20250825_141640,0.6296859383583069,0.9719008803367615,2.9433634281158447
20250825_141640,0.629090428352356,0.9715429544448853,2.9430432319641113
20250825_141640,0.6284237504005432,0.9714620113372803,2.942920684814453
20250825_141640,0.627765417098999,0.9716654419898987,2.942775011062622
20250825_141640,0.6269426345825195,0.9720286726951599,2.9430203437805176
20250825_141640,0.6260630488395691,0.9727145433425903,2.9431564807891846
20250825_141640,0.6253628730773926,0.972683310508728,2.9430971145629883
20250825_141640,0.6247245073318481,0.9728050231933594,2.9430110454559326
20250825_141640,0.623973548412323,0.972801685333252,2.942936897277832
20250825_141640,0.6233019232749939,0.9727861285209656,2.942859411239624
20250825_141640,0.6226481795310974,0.9727995991706848,2.94281005859375
20250825_141640,0.6219939589500427,0.9717878103256226,2.942615509033203
20250825_141640,0.6213827729225159,0.9717317223548889,2.942546844482422
20250825_141640,0.6207059621810913,0.9718057513237,2.942211389541626
20250825_141640,0.6201374530792236,0.9718866944313049,2.9421122074127197
20250825_141640,0.6193135976791382,0.9720218777656555,2.941981315612793
20250825_141640,0.6186166405677795,0.9728150963783264,2.9424054622650146
20250825_141640,0.6179195642471313,0.9726977944374084,2.9424314498901367
20250825_141640,0.6172576546669006,0.9716930985450745,2.9420053958892822
20250825_141640,0.6167094707489014,0.971670925617218,2.9420268535614014
20250825_141640,0.6161186695098877,0.9716646671295166,2.9420666694641113
20250825_141640,0.6155896782875061,0.9716319441795349,2.9421048164367676
20250825_141640,0.6150399446487427,0.9724558591842651,2.9423446655273438
20250825_141640,0.6144461035728455,0.9723550081253052,2.9423325061798096
20250825_141640,0.6139433979988098,0.9725534319877625,2.942218780517578
20250825_141641,0.6133785843849182,0.9720854759216309,2.942319869995117
20250825_141641,0.6127609014511108,0.9717130661010742,2.942384719848633
20250825_141641,0.6121193170547485,0.9711245894432068,2.942112445831299
20250825_141641,0.6113243103027344,0.9714694023132324,2.942056655883789
20250825_141641,0.6108139753341675,0.9713582992553711,2.9419941902160645
20250825_141641,0.610404908657074,0.9711159467697144,2.9417693614959717
20250825_141641,0.6098799109458923,0.9710649847984314,2.9417474269866943
20250825_141641,0.6093116998672485,0.9709998369216919,2.9417564868927
20250825_141641,0.6085533499717712,0.9717596173286438,2.9422428607940674
20250825_141641,0.6080659031867981,0.9717686772346497,2.942352533340454
20250825_141641,0.607723593711853,0.9706935286521912,2.9419057369232178
20250825_141641,0.6071531176567078,0.970988929271698,2.9422175884246826
20250825_141641,0.6066780090332031,0.9709448218345642,2.942276954650879
20250825_141641,0.606235921382904,0.9707369804382324,2.9419376850128174
20250825_141641,0.6058596968650818,0.970892071723938,2.9419329166412354
20250825_141641,0.6054044961929321,0.970487117767334,2.941587209701538
20250825_141641,0.60484379529953,0.9713338017463684,2.9423270225524902
20250825_141641,0.6040943264961243,0.971319317817688,2.9424164295196533
20250825_141641,0.6037153601646423,0.9712013006210327,2.9423985481262207
20250825_141641,0.6032853126525879,0.9711278080940247,2.942466974258423
20250825_141641,0.6028843522071838,0.9710714221000671,2.9425175189971924
20250825_141641,0.6024339199066162,0.9710108637809753,2.9425771236419678
20250825_141641,0.6019282937049866,0.9703489542007446,2.9423627853393555
20250825_141641,0.601540207862854,0.9702382683753967,2.9423928260803223
20250825_141641,0.601128876209259,0.9701548218727112,2.942462682723999
20250825_141641,0.6008468866348267,0.9701613783836365,2.9424405097961426
20250825_141641,0.6004817485809326,0.9700719714164734,2.942483901977539
20250825_141641,0.6000768542289734,0.9699240922927856,2.9425435066223145
20250825_141641,0.5998340249061584,0.9695656299591064,2.9423999786376953
20250825_141641,0.599454402923584,0.9694279432296753,2.942441701889038
20250825_141641,0.5990051031112671,0.9692621231079102,2.9425477981567383
20250825_141641,0.5986093282699585,0.9697677493095398,2.942857265472412
20250825_141641,0.5982560515403748,0.968970000743866,2.9426028728485107
20250825_141641,0.5978786945343018,0.9690918922424316,2.9432570934295654
20250825_141641,0.5975523591041565,0.9689586162567139,2.9433701038360596
20250825_141641,0.5974650382995605,0.9691033363342285,2.9434309005737305
20250825_141641,0.5970800518989563,0.9690519571304321,2.943498373031616
20250825_141641,0.5965372920036316,0.9693484902381897,2.9435226917266846
20250825_141641,0.5962975025177002,0.9694474339485168,2.9435627460479736
20250825_141641,0.5960173010826111,0.9692573547363281,2.9436540603637695
20250825_141641,0.5957053303718567,0.9692264795303345,2.9437997341156006
20250825_141641,0.5953892469406128,0.9690462350845337,2.9438138008117676
20250825_141641,0.5951025485992432,0.9689966440200806,2.943958044052124
20250825_141641,0.5949010252952576,0.9679450988769531,2.9432976245880127
20250825_141641,0.5945479273796082,0.9687466621398926,2.944166660308838
20250825_141641,0.5943869948387146,0.9677221775054932,2.9435625076293945
20250825_141641,0.5940258502960205,0.9673710465431213,2.943730592727661
20250825_141641,0.5938325524330139,0.9681095480918884,2.9444634914398193
20250825_141641,0.5936129093170166,0.9671371579170227,2.943931818008423
20250825_141641,0.5933337211608887,0.9679396152496338,2.944708824157715
20250825_141641,0.5931291580200195,0.967867910861969,2.944828510284424
20250825_141641,0.592923641204834,0.9677267074584961,2.9449477195739746
20250825_141641,0.5927356481552124,0.9675970673561096,2.9450554847717285
20250825_141641,0.5925178527832031,0.9674920439720154,2.9451873302459717
20250825_141641,0.5923871397972107,0.9645200371742249,2.944568157196045
20250825_141641,0.5922591090202332,0.9654862880706787,2.9452474117279053
20250825_141641,0.592038094997406,0.9654411673545837,2.9454410076141357
20250825_141641,0.5915622115135193,0.9640436768531799,2.9445137977600098
20250825_141641,0.5913204550743103,0.9639683365821838,2.944655418395996
20250825_141641,0.5911725163459778,0.9639769792556763,2.9449572563171387
20250825_141641,0.5909204483032227,0.9638845324516296,2.945160388946533
20250825_141641,0.590760350227356,0.9637966156005859,2.945462226867676
20250825_141641,0.5905479192733765,0.9637548327445984,2.9456660747528076
20250825_141641,0.5903487205505371,0.9637596011161804,2.9459359645843506
20250825_141641,0.5901638865470886,0.9651921987533569,2.9468300342559814
20250825_141641,0.5901941657066345,0.9648748636245728,2.947205066680908
20250825_141641,0.590081512928009,0.9648581147193909,2.947460651397705
20250825_141641,0.5899035334587097,0.9647348523139954,2.9476535320281982
20250825_141641,0.5892488360404968,0.9654091596603394,2.9475507736206055
20250825_141641,0.5891861915588379,0.9663698077201843,2.9480202198028564
20250825_141641,0.5889101624488831,0.9660276174545288,2.9483296871185303
20250825_141641,0.5887884497642517,0.9659573435783386,2.9485435485839844
20250825_141641,0.5887491106987,0.9655401706695557,2.948970079421997
20250825_141641,0.588619589805603,0.9654064178466797,2.9491829872131348
20250825_141641,0.58857661485672,0.9656222462654114,2.949331521987915
20250825_141641,0.5884140729904175,0.9655288457870483,2.949631452560425
20250825_141641,0.5883862972259521,0.9653680920600891,2.949951410293579
20250825_141641,0.5883076190948486,0.9637799859046936,2.9498133659362793
20250825_141641,0.5881494879722595,0.963715672492981,2.950054883956909
20250825_141641,0.5880039930343628,0.9636903405189514,2.9503183364868164
20250825_141641,0.5879591107368469,0.9635427594184875,2.9505255222320557
20250825_141641,0.5878893733024597,0.9634847044944763,2.950855016708374
20250825_141641,0.5877611637115479,0.9634607434272766,2.9511473178863525
20250825_141641,0.5878229737281799,0.9632056951522827,2.9511706829071045
20250825_141641,0.5875582098960876,0.9647495150566101,2.9522252082824707
20250825_141641,0.5874891877174377,0.9646252989768982,2.952535390853882
20250825_141641,0.5875639915466309,0.963007926940918,2.9521484375
20250825_141641,0.5873573422431946,0.9644323587417603,2.9531407356262207
20250825_141641,0.587267279624939,0.9630346894264221,2.9527554512023926
20250825_141641,0.5871798992156982,0.9630334973335266,2.953111410140991
20250825_141641,0.5871557593345642,0.9629307985305786,2.953409194946289
20250825_141641,0.587278425693512,0.9629123210906982,2.9537320137023926
20250825_141641,0.5875276327133179,0.9639878869056702,2.9549431800842285
20250825_141641,0.5872474908828735,0.9637143015861511,2.9553170204162598
20250825_141641,0.5872288942337036,0.9636279344558716,2.955646514892578
20250825_141641,0.5872595310211182,0.9634993076324463,2.956033945083618
20250825_141641,0.5869886875152588,0.9639118909835815,2.956259250640869
20250825_141641,0.587169349193573,0.9640876054763794,2.9565489292144775
20250825_141641,0.5877233147621155,0.9630608558654785,2.9573676586151123
20250825_141641,0.5877463817596436,0.962986409664154,2.9578042030334473
20250825_141642,0.5873007774353027,0.9635888934135437,2.9578802585601807
20250825_141642,0.5873300433158875,0.9634771347045898,2.958345890045166
20250825_141642,0.5874104499816895,0.9633305072784424,2.958770275115967
20250825_141642,0.5874634385108948,0.9632501602172852,2.9591541290283203
20250825_141642,0.5880398154258728,0.9624044895172119,2.959947347640991
20250825_141642,0.588179886341095,0.9623168110847473,2.9604084491729736
20250825_141642,0.5881838202476501,0.9622536897659302,2.9608395099639893
20250825_141642,0.5880011916160583,0.9612250328063965,2.9611551761627197
20250825_141642,0.5883079171180725,0.9611612558364868,2.9616055488586426
20250825_141642,0.5881412029266357,0.9612835645675659,2.9619855880737305
20250825_141642,0.5881202220916748,0.9615635871887207,2.9622931480407715
20250825_141642,0.5881724953651428,0.9612763524055481,2.962799549102783
20250825_141642,0.5888566374778748,0.9604336023330688,2.9637036323547363
20250825_141642,0.5889526009559631,0.9602832794189453,2.964223861694336
20250825_141642,0.5890772342681885,0.9601312875747681,2.964791774749756
20250825_141642,0.5889965295791626,0.9602872133255005,2.965193748474121
20250825_141642,0.5891677141189575,0.9601548910140991,2.965794324874878
20250825_141642,0.5894351005554199,0.960455596446991,2.9661574363708496
20250825_141642,0.589928925037384,0.9603408575057983,2.9671523571014404
20250825_141642,0.5901709198951721,0.9608187675476074,2.967477798461914
20250825_141642,0.5903030633926392,0.9604912996292114,2.968083381652832
20250825_141642,0.5905877947807312,0.9595053791999817,2.969012498855591
20250825_141642,0.5909634232521057,0.9581344723701477,2.9693822860717773
20250825_141642,0.5914508700370789,0.9588179588317871,2.9703924655914307
20250825_141642,0.5919865965843201,0.958400309085846,2.971043586730957
20250825_141642,0.5922843813896179,0.957265317440033,2.971132516860962
20250825_141642,0.5921012163162231,0.9575724005699158,2.971818208694458
20250825_141642,0.5924924612045288,0.9557245969772339,2.9717535972595215
20250825_141642,0.5928093791007996,0.9554926156997681,2.972292900085449
20250825_141642,0.5934749245643616,0.956518828868866,2.973975419998169
20250825_141642,0.5935992002487183,0.9549293518066406,2.9738152027130127
20250825_141642,0.5943488478660583,0.9555013179779053,2.974701404571533
20250825_141642,0.5946786999702454,0.9567422866821289,2.9759199619293213
20250825_141642,0.5948684215545654,0.9553037881851196,2.976008653640747
20250825_141642,0.595289409160614,0.9550721645355225,2.976616859436035
20250825_141642,0.5958356261253357,0.9559654593467712,2.977975606918335
20250825_141642,0.5963180065155029,0.9557176828384399,2.9787046909332275
20250825_141642,0.5969346165657043,0.9553894400596619,2.97937273979187
20250825_141642,0.5973961353302002,0.9538851380348206,2.9797046184539795
20250825_141642,0.597847580909729,0.9538379311561584,2.980586051940918
20250825_141642,0.5982968211174011,0.9536367058753967,2.9812989234924316
20250825_141642,0.5989384055137634,0.9539132714271545,2.982210636138916
20250825_141642,0.5994279980659485,0.9536784291267395,2.982895612716675
20250825_141642,0.6001206040382385,0.9534263610839844,2.9835894107818604
20250825_141642,0.6007028222084045,0.9522940516471863,2.984147548675537
20250825_141642,0.6010394096374512,0.9530844688415527,2.984931707382202
20250825_141642,0.6017724871635437,0.9523810744285583,2.985708475112915
20250825_141642,0.6020361185073853,0.952021598815918,2.9859941005706787
20250825_141642,0.6029674410820007,0.951251208782196,2.9869046211242676
20250825_141642,0.6036706566810608,0.9518052935600281,2.987459182739258
20250825_141642,0.6042971611022949,0.9512461423873901,2.9882924556732178
20250825_141642,0.6048800349235535,0.9512282609939575,2.98891019821167
20250825_141642,0.6055349707603455,0.9508244395256042,2.9896345138549805
20250825_141642,0.606096088886261,0.9505539536476135,2.990328788757324
20250825_141642,0.6066197156906128,0.9503341913223267,2.9909420013427734
20250825_141642,0.607679009437561,0.9491757154464722,2.991238594055176
20250825_141642,0.6082825660705566,0.9488304853439331,2.992152214050293
20250825_141642,0.6088489890098572,0.9483469128608704,2.99293851852417
20250825_141642,0.6094470620155334,0.948445737361908,2.993532419204712
20250825_141642,0.6102483868598938,0.9486007690429688,2.9944136142730713
20250825_141642,0.6110533475875854,0.9475045204162598,2.9947116374969482
20250825_141642,0.6117759346961975,0.9477841854095459,2.995792865753174
20250825_141642,0.6127001047134399,0.9473690390586853,2.9962918758392334
20250825_141642,0.613402247428894,0.9464535117149353,2.996642827987671
20250825_141642,0.6141117215156555,0.9459314346313477,2.9973976612091064
20250825_141642,0.6148841977119446,0.9456801414489746,2.9980926513671875
20250825_141642,0.61579430103302,0.9462159276008606,2.9987823963165283
20250825_141642,0.616374671459198,0.9452039003372192,2.9990415573120117
20250825_141642,0.6170904040336609,0.9456568956375122,3.0000710487365723
20250825_141642,0.6179547309875488,0.9455284476280212,3.00073504447937
20250825_141642,0.6187769174575806,0.9445786476135254,3.0010383129119873
20250825_141642,0.6196682453155518,0.9437323808670044,3.0017735958099365
20250825_141642,0.6204400658607483,0.9434829354286194,3.0023818016052246
20250825_141642,0.6212138533592224,0.94322270154953,3.0030035972595215
20250825_141642,0.6219434142112732,0.9438227415084839,3.0037505626678467
20250825_141642,0.6229175329208374,0.9425952434539795,3.004088878631592
20250825_141642,0.6236788034439087,0.9433867335319519,3.004877805709839
20250825_141642,0.6246212720870972,0.9426138401031494,3.005544424057007
20250825_141642,0.6253082752227783,0.9418243169784546,3.0059051513671875
20250825_141642,0.6260422468185425,0.9418582916259766,3.00640869140625
20250825_141642,0.6270869374275208,0.9411845803260803,3.007073163986206
20250825_141642,0.6279560923576355,0.9414876103401184,3.0078933238983154
20250825_141642,0.6287593245506287,0.9412071108818054,3.008390188217163
20250825_141642,0.6296656727790833,0.9410424828529358,3.0088417530059814
20250825_141642,0.6305068135261536,0.9405391812324524,3.0094215869903564
20250825_141642,0.6313642859458923,0.9397198557853699,3.0098395347595215
20250825_141642,0.6322656273841858,0.939675509929657,3.010342836380005
20250825_141642,0.632975161075592,0.9396160840988159,3.0109076499938965
20250825_141642,0.6337379813194275,0.9394471049308777,3.011425495147705
20250825_141642,0.6349501609802246,0.9391303658485413,3.012173652648926
20250825_141642,0.6358833312988281,0.938842236995697,3.0127270221710205
20250825_141642,0.636723518371582,0.9385564923286438,3.013252019882202
20250825_141642,0.6375390291213989,0.9379109740257263,3.013585329055786
20250825_141642,0.6385014057159424,0.93776535987854,3.014087200164795
20250825_141642,0.6394945383071899,0.937589168548584,3.0145697593688965
20250825_141642,0.6403541564941406,0.9372724890708923,3.015083074569702
20250825_141642,0.6411222219467163,0.9376927614212036,3.0155818462371826
20250825_141642,0.6420451998710632,0.9367554783821106,3.016021251678467
20250825_141642,0.6429054141044617,0.9371946454048157,3.016578197479248
20250825_141642,0.643928587436676,0.9361339211463928,3.016895294189453
20250825_141643,0.6449151635169983,0.9359217286109924,3.0173728466033936
20250825_141643,0.6457981467247009,0.9356071949005127,3.017876148223877
20250825_141643,0.6464896202087402,0.9358295798301697,3.0182149410247803
20250825_141643,0.647528886795044,0.9361308217048645,3.0187463760375977
20250825_141643,0.6486292481422424,0.9353044629096985,3.0192737579345703
20250825_141643,0.6495273113250732,0.9351146221160889,3.019721269607544
20250825_141643,0.6505441665649414,0.9343454241752625,3.019943952560425
20250825_141643,0.6514545679092407,0.9342408776283264,3.020371437072754
20250825_141643,0.6523744463920593,0.9341029524803162,3.020820140838623
20250825_141643,0.6532698273658752,0.9340507984161377,3.021151542663574
20250825_141643,0.6541519165039062,0.9343480467796326,3.0214357376098633
20250825_141643,0.6551189422607422,0.9344450831413269,3.0219051837921143
20250825_141643,0.6561756730079651,0.9339746832847595,3.022291660308838
20250825_141643,0.6570013761520386,0.9341163039207458,3.022690773010254
20250825_141643,0.6581164598464966,0.9333037734031677,3.0228054523468018
20250825_141643,0.659083902835846,0.933083176612854,3.02319598197937
20250825_141643,0.6599751710891724,0.9331594705581665,3.023483991622925
20250825_141643,0.6608957648277283,0.933097243309021,3.0237674713134766
20250825_141643,0.6616593599319458,0.933342456817627,3.0239717960357666
20250825_141643,0.6625135540962219,0.9335039258003235,3.024336576461792
20250825_141643,0.6637203097343445,0.9332943558692932,3.024726629257202
20250825_141643,0.6646597981452942,0.9333205819129944,3.024991512298584
20250825_141643,0.6656478643417358,0.9332465529441833,3.0252845287323
20250825_141643,0.6666011214256287,0.9326745271682739,3.025374174118042
20250825_141643,0.6674883365631104,0.9327499270439148,3.0256154537200928
20250825_141643,0.6682721972465515,0.9331456422805786,3.0257744789123535
20250825_141643,0.6694256067276001,0.9329366087913513,3.02607798576355
20250825_141643,0.6703624129295349,0.9327943921089172,3.026350975036621
20250825_141643,0.6713260412216187,0.9333458542823792,3.0266478061676025
20250825_141643,0.6722278594970703,0.9333023428916931,3.0268421173095703
20250825_141643,0.6731900572776794,0.9334192872047424,3.0269510746002197
20250825_141643,0.6739771962165833,0.9334051012992859,3.0271522998809814
20250825_141643,0.6751008629798889,0.9333407878875732,3.0274453163146973
20250825_141643,0.6761384606361389,0.9328490495681763,3.027503490447998
20250825_141643,0.6769845485687256,0.9329202175140381,3.0276732444763184
20250825_141643,0.6778914332389832,0.9329372048377991,3.027834415435791
20250825_141643,0.6787017583847046,0.9334516525268555,3.0279510021209717
20250825_141643,0.6797319054603577,0.9331222772598267,3.028165340423584
20250825_141643,0.6807398796081543,0.9335486888885498,3.028414487838745
20250825_141643,0.6817081570625305,0.9339688420295715,3.0283915996551514
20250825_141643,0.6825880408287048,0.9343653321266174,3.028522491455078
20250825_141643,0.683609664440155,0.9340946674346924,3.0287463665008545
20250825_141643,0.6844766736030579,0.9341604709625244,3.0288946628570557
20250825_141643,0.6856167912483215,0.9334082007408142,3.029046058654785
20250825_141643,0.6863825917243958,0.9338939785957336,3.02919602394104
20250825_141643,0.687402069568634,0.9342684149742126,3.029426336288452
20250825_141643,0.6884275674819946,0.9337088465690613,3.0295653343200684
20250825_141643,0.6893569231033325,0.9337943196296692,3.0297341346740723
20250825_141643,0.6903954148292542,0.9338517785072327,3.029902219772339
20250825_141643,0.691237211227417,0.9346429705619812,3.0300498008728027
20250825_141643,0.6922268271446228,0.9344520568847656,3.030259847640991
20250825_141643,0.6929805278778076,0.9350274205207825,3.0303728580474854
20250825_141643,0.694212794303894,0.9342184066772461,3.0304431915283203
20250825_141643,0.6950422525405884,0.9345397353172302,3.0305681228637695
20250825_141643,0.6961047053337097,0.9342218041419983,3.0307717323303223
20250825_141643,0.6970612406730652,0.9343885779380798,3.030958890914917
20250825_141643,0.6980061531066895,0.9348437786102295,3.03115177154541
20250825_141643,0.6990154981613159,0.9350264668464661,3.031244993209839
20250825_141643,0.6998979449272156,0.9356311559677124,3.0313363075256348
20250825_141643,0.7007506489753723,0.9356577396392822,3.031546115875244
20250825_141643,0.7017260193824768,0.9358471632003784,3.031733989715576
20250825_141643,0.7026224732398987,0.9360374808311462,3.031848669052124
20250825_141643,0.703694760799408,0.9357957243919373,3.0320615768432617
20250825_141643,0.7046660780906677,0.935521125793457,3.0321648120880127
20250825_141643,0.7055684924125671,0.9355220794677734,3.032344102859497
20250825_141643,0.7065034508705139,0.935695230960846,3.03253173828125
20250825_141643,0.7073853015899658,0.9359158277511597,3.0326828956604004
20250825_141643,0.7083954811096191,0.9363398551940918,3.0328710079193115
20250825_141643,0.7092720866203308,0.936404287815094,3.0330522060394287
20250825_141643,0.7101910710334778,0.9365629553794861,3.033263683319092
20250825_141643,0.7110543251037598,0.9368970394134521,3.033461570739746
20250825_141643,0.7119460105895996,0.9370858073234558,3.0336756706237793
20250825_141643,0.7128155827522278,0.9374836087226868,3.0337440967559814
20250825_141643,0.7136313915252686,0.9377853870391846,3.033953905105591
20250825_141643,0.7144856452941895,0.9379757046699524,3.034083843231201
20250825_141643,0.715660572052002,0.9370643496513367,3.0342230796813965
20250825_141643,0.7165395021438599,0.9372525215148926,3.0344276428222656
20250825_141643,0.7174153327941895,0.9374411702156067,3.0346763134002686
20250825_141643,0.7182530164718628,0.9376488327980042,3.0348947048187256
20250825_141643,0.7192186713218689,0.9381083846092224,3.03511381149292
20250825_141643,0.7201268672943115,0.9382252097129822,3.0352632999420166
20250825_141643,0.7209379076957703,0.9384071826934814,3.0354552268981934
20250825_141643,0.7217302322387695,0.9389774799346924,3.03556227684021
20250825_141643,0.7224240899085999,0.9394950270652771,3.035696506500244
20250825_141643,0.7234261631965637,0.9390577077865601,3.0360634326934814
20250825_141643,0.7243649959564209,0.9391489028930664,3.0362613201141357
20250825_141643,0.7252318263053894,0.9394977688789368,3.0364181995391846
20250825_141643,0.7263801693916321,0.9385126233100891,3.036740303039551
20250825_141643,0.7271981239318848,0.9388149380683899,3.0367558002471924
20250825_141643,0.727971076965332,0.9394846558570862,3.037086009979248
20250825_141643,0.7287775874137878,0.9397276043891907,3.037303924560547
20250825_141643,0.7296527624130249,0.9398592710494995,3.0375592708587646
20250825_141643,0.7305458784103394,0.9400411248207092,3.0378305912017822
20250825_141643,0.7313591837882996,0.9402177333831787,3.0380539894104004
20250825_141643,0.7321822047233582,0.940376877784729,3.038280963897705
20250825_141643,0.7329591512680054,0.9406035542488098,3.0384750366210938
20250825_141643,0.7336855530738831,0.9412657618522644,3.038623809814453
20250825_141643,0.7344357967376709,0.941667377948761,3.038820266723633
20250825_141643,0.735466480255127,0.9411272406578064,3.0392236709594727
20250825_141643,0.736217737197876,0.94154953956604,3.039365768432617
20250825_141644,0.7370354533195496,0.9417273998260498,3.039602756500244
20250825_141644,0.7380081415176392,0.9413554668426514,3.0399258136749268
20250825_141644,0.7389299273490906,0.9415927529335022,3.040126323699951
20250825_141644,0.7396153807640076,0.9413981437683105,3.0403497219085693
20250825_141644,0.7403975129127502,0.9416177868843079,3.0405757427215576
20250825_141644,0.7411035299301147,0.9417948126792908,3.0407803058624268
20250825_141644,0.7419570684432983,0.9422422647476196,3.041043519973755
20250825_141644,0.7427180409431458,0.942772388458252,3.0412468910217285
20250825_141644,0.7436118721961975,0.9426171779632568,3.0415751934051514
20250825_141644,0.7444366812705994,0.9426738619804382,3.0418527126312256
20250825_141644,0.745114266872406,0.9432385563850403,3.0420477390289307
20250825_141644,0.7458774447441101,0.9433332085609436,3.0422704219818115
20250825_141644,0.7465937733650208,0.943669855594635,3.0425314903259277
20250825_141644,0.7474822998046875,0.9435597062110901,3.0428597927093506
20250825_141644,0.74839848279953,0.9435214400291443,3.043034553527832
20250825_141644,0.7492550015449524,0.943088710308075,3.0432987213134766
20250825_141644,0.7499954104423523,0.9432446360588074,3.04356050491333
20250825_141644,0.750723659992218,0.9434191584587097,3.0437610149383545
20250825_141644,0.7515515089035034,0.9436112642288208,3.0439836978912354
20250825_141644,0.7523934245109558,0.9438273906707764,3.044290781021118
20250825_141644,0.7531589269638062,0.9440171718597412,3.044511318206787
20250825_141644,0.7539597153663635,0.9441139101982117,3.044750452041626
20250825_141644,0.7547680735588074,0.9442130923271179,3.0450081825256348
20250825_141644,0.7554912567138672,0.9447343945503235,3.045246124267578
20250825_141644,0.7563453912734985,0.9447445273399353,3.0454440116882324
20250825_141644,0.7571130990982056,0.9447388648986816,3.045802593231201
20250825_141644,0.7579504251480103,0.9446605443954468,3.0459275245666504
20250825_141644,0.7588934302330017,0.9441729187965393,3.0460779666900635
20250825_141644,0.7596672773361206,0.9442989826202393,3.046377182006836
20250825_141644,0.7604650855064392,0.9443830251693726,3.046654462814331
20250825_141644,0.7612871527671814,0.9444845914840698,3.0469400882720947
20250825_141644,0.762087345123291,0.9445948004722595,3.0471951961517334
20250825_141644,0.7629154920578003,0.9449295997619629,3.047423839569092
20250825_141644,0.7637980580329895,0.9449269771575928,3.047686815261841
20250825_141644,0.7646108269691467,0.9449710249900818,3.0479536056518555
20250825_141644,0.7653661370277405,0.9453969597816467,3.048098087310791
20250825_141644,0.7662137746810913,0.945357084274292,3.0484933853149414
20250825_141644,0.7670618295669556,0.9455055594444275,3.0486204624176025
20250825_141644,0.7681141495704651,0.944658100605011,3.0488715171813965
20250825_141644,0.76900315284729,0.9449881315231323,3.049185276031494
20250825_141644,0.7697240710258484,0.9447790384292603,3.0493693351745605
20250825_141644,0.770520806312561,0.944870114326477,3.04965877532959
20250825_141644,0.7713718414306641,0.9449857473373413,3.049903631210327
20250825_141644,0.7724483609199524,0.9452407956123352,3.0502095222473145
20250825_141644,0.773339569568634,0.9451790452003479,3.050501823425293
20250825_141644,0.774114191532135,0.9454950094223022,3.0506765842437744
20250825_141644,0.7749191522598267,0.9456501007080078,3.0509696006774902
20250825_141644,0.7759096026420593,0.9454983472824097,3.051163673400879
20250825_141644,0.7769156098365784,0.9447007179260254,3.0514304637908936
20250825_141644,0.7779363393783569,0.9450667500495911,3.0518088340759277
20250825_141644,0.7788457274436951,0.9450486302375793,3.052060604095459
20250825_141644,0.7797046303749084,0.9450973868370056,3.0522725582122803
20250825_141644,0.7806099653244019,0.9450972080230713,3.052511215209961
20250825_141644,0.7815168499946594,0.9450799226760864,3.0527420043945312
20250825_141644,0.7823542952537537,0.9454202651977539,3.053048610687256
20250825_141644,0.7833576798439026,0.9453631639480591,3.0533547401428223
20250825_141644,0.7843325734138489,0.9454298615455627,3.0535006523132324
20250825_141644,0.7853824496269226,0.9446479678153992,3.0537374019622803
20250825_141644,0.7863527536392212,0.9449515342712402,3.0540785789489746
20250825_141644,0.7872998714447021,0.9450392127037048,3.054288148880005
20250825_141644,0.7883349657058716,0.9449385404586792,3.0545969009399414
20250825_141644,0.7893825173377991,0.9448694586753845,3.0548648834228516
20250825_141644,0.7903951406478882,0.9449191689491272,3.0551352500915527
20250825_141644,0.7912825345993042,0.9453362226486206,3.0554234981536865
20250825_141644,0.7923404574394226,0.9451682567596436,3.0555953979492188
20250825_141644,0.7935227751731873,0.9445688724517822,3.0559725761413574
20250825_141644,0.7945401072502136,0.9445933699607849,3.0562186241149902
20250825_141644,0.7956286668777466,0.9444938898086548,3.056530714035034
20250825_141644,0.796658456325531,0.9443918466567993,3.056837797164917
20250825_141644,0.7976471781730652,0.9443727731704712,3.057090997695923
20250825_141644,0.7985610961914062,0.9447594285011292,3.057370662689209
20250825_141644,0.7994999885559082,0.9449273943901062,3.057476758956909
20250825_141644,0.800988495349884,0.9434248805046082,3.0578434467315674
20250825_141644,0.8019678592681885,0.9439427852630615,3.0582563877105713
20250825_141644,0.8032222986221313,0.9436681866645813,3.0585389137268066
20250825_141644,0.8042598366737366,0.9436166286468506,3.0588340759277344
20250825_141644,0.8053203821182251,0.9435713291168213,3.0591208934783936
20250825_141644,0.806316614151001,0.9439010620117188,3.0594120025634766
20250825_141644,0.8077099919319153,0.9430920481681824,3.0597434043884277
20250825_141644,0.8089358806610107,0.9429138898849487,3.060037136077881
20250825_141644,0.8100969791412354,0.9427450299263,3.0603432655334473
20250825_141644,0.8112407326698303,0.9426952004432678,3.0606577396392822
20250825_141644,0.8123629689216614,0.9426000118255615,3.0609889030456543
20250825_141644,0.8134747743606567,0.9429008960723877,3.0613315105438232
20250825_141644,0.8148106932640076,0.9423159956932068,3.0617237091064453
20250825_141644,0.8160141110420227,0.9419113993644714,3.061969518661499
20250825_141644,0.8173251152038574,0.941905677318573,3.0623066425323486
20250825_141644,0.8185100555419922,0.9417211413383484,3.0627150535583496
20250825_141644,0.8196134567260742,0.9416292309761047,3.0630598068237305
20250825_141644,0.8207395076751709,0.9416049718856812,3.0633833408355713
20250825_141644,0.8220301270484924,0.9411510229110718,3.0636656284332275
20250825_141644,0.8232141733169556,0.9410076141357422,3.063957929611206
20250825_141644,0.8244122266769409,0.9408760666847229,3.064314603805542
20250825_141644,0.8255292177200317,0.9408020973205566,3.0646276473999023
20250825_141644,0.8266745805740356,0.9408189058303833,3.0649216175079346
20250825_141644,0.827813446521759,0.9409556984901428,3.0652363300323486
20250825_141644,0.8291811943054199,0.9402605295181274,3.065513849258423
20250825_141644,0.8304643630981445,0.9402387738227844,3.0658583641052246
20250825_141644,0.8317513465881348,0.9402767419815063,3.0661511421203613
20250825_141644,0.8329413533210754,0.9403666257858276,3.066448211669922
20250825_141645,0.8342040777206421,0.9401641488075256,3.0668954849243164
20250825_141645,0.835422933101654,0.94023197889328,3.067157506942749
20250825_141645,0.8368210792541504,0.9398220181465149,3.067490577697754
20250825_141645,0.8382492065429688,0.9393366575241089,3.0677707195281982
20250825_141645,0.8393176794052124,0.9399586319923401,3.0680949687957764
20250825_141645,0.8408984541893005,0.9389510750770569,3.0681843757629395
20250825_141645,0.842154860496521,0.938848078250885,3.0685830116271973
20250825_141645,0.8429036736488342,0.940142035484314,3.069139242172241
20250825_141645,0.8441262245178223,0.9400001168251038,3.069490671157837
20250825_141645,0.84548020362854,0.939848005771637,3.0697996616363525
20250825_141645,0.8468812704086304,0.9396601915359497,3.070093870162964
20250825_141645,0.8480638265609741,0.9397743940353394,3.070406913757324
20250825_141645,0.8492842316627502,0.9396911263465881,3.070816993713379
20250825_141645,0.8507554531097412,0.9392356872558594,3.0710690021514893
20250825_141645,0.8516167402267456,0.9401158690452576,3.071254014968872
20250825_141645,0.8527974486351013,0.9401094913482666,3.0715651512145996
20250825_141645,0.8543861508369446,0.9395071268081665,3.072054386138916
20250825_141645,0.8555358052253723,0.9395468831062317,3.072357416152954
20250825_141645,0.8567541837692261,0.9396504759788513,3.0726239681243896
20250825_141645,0.857943058013916,0.9398139119148254,3.072946548461914
20250825_141645,0.8589435815811157,0.9404745697975159,3.073159694671631
20250825_141645,0.8604950904846191,0.9396600127220154,3.0736403465270996
20250825_141645,0.8616358637809753,0.9397445917129517,3.0739200115203857
20250825_141645,0.8631145358085632,0.9395334720611572,3.0742337703704834
20250825_141645,0.8642750978469849,0.9395266175270081,3.074612855911255
20250825_141645,0.8659467697143555,0.938547670841217,3.074674367904663
20250825_141645,0.866822361946106,0.9396976828575134,3.075329303741455
20250825_141645,0.8678908348083496,0.9398181438446045,3.0755422115325928
20250825_141645,0.8694400191307068,0.9393588304519653,3.076017379760742
20250825_141645,0.8706579804420471,0.9393126368522644,3.0763320922851562
20250825_141645,0.8718286156654358,0.9393248558044434,3.0766518115997314
20250825_141645,0.8730422854423523,0.9394105076789856,3.076949119567871
20250825_141645,0.8743011951446533,0.9394979476928711,3.0773115158081055
20250825_141645,0.8753852844238281,0.9397492408752441,3.077594518661499
20250825_141645,0.8767588138580322,0.9393138289451599,3.07802152633667
20250825_141645,0.8781159520149231,0.9390352964401245,3.0783843994140625
20250825_141645,0.8793474435806274,0.9389938712120056,3.078680992126465
20250825_141645,0.8804855942726135,0.9390320777893066,3.079038619995117
20250825_141645,0.88186115026474,0.9390698075294495,3.0793633460998535
20250825_141645,0.8829970955848694,0.9391670227050781,3.079685926437378
20250825_141645,0.8844268918037415,0.9387499690055847,3.080148458480835
20250825_141645,0.8856009244918823,0.9387394785881042,3.0804734230041504
20250825_141645,0.8867717385292053,0.938654363155365,3.080772638320923
20250825_141645,0.8881404995918274,0.9384270310401917,3.081007719039917
20250825_141645,0.8894712924957275,0.9380107522010803,3.081463098526001
20250825_141645,0.89024418592453,0.9390595555305481,3.081770658493042
20250825_141645,0.8914274573326111,0.9391615390777588,3.0820913314819336
20250825_141645,0.8928424715995789,0.9384634494781494,3.0825133323669434
20250825_141645,0.8941705822944641,0.938287079334259,3.082882881164551
20250825_141645,0.8953256607055664,0.9381987452507019,3.083188056945801
20250825_141645,0.8966246247291565,0.9383251070976257,3.083531141281128
20250825_141645,0.8977847099304199,0.9384208917617798,3.0839226245880127
20250825_141645,0.8987802863121033,0.9385817646980286,3.0840530395507812
20250825_141645,0.9003007411956787,0.9381071925163269,3.0844473838806152
20250825_141645,0.9016830921173096,0.9374482035636902,3.0847599506378174
20250825_141645,0.9026622176170349,0.9378318190574646,3.0850791931152344
20250825_141645,0.9038212299346924,0.9379932284355164,3.085324287414551
20250825_141645,0.9049928784370422,0.9378505349159241,3.085799217224121
20250825_141645,0.9059870839118958,0.9383150935173035,3.0859439373016357
20250825_141645,0.90751051902771,0.9373636245727539,3.0861587524414062
20250825_141645,0.9089228510856628,0.9372112154960632,3.086482286453247
20250825_141645,0.9099549651145935,0.9373548626899719,3.0868098735809326
20250825_141645,0.9110098481178284,0.9374163746833801,3.087111473083496
20250825_141645,0.9122421145439148,0.9374838471412659,3.0873992443084717
20250825_141645,0.9132017493247986,0.9376670122146606,3.087864637374878
20250825_141645,0.9146857261657715,0.936945915222168,3.0877912044525146
20250825_141645,0.9157562851905823,0.9373852610588074,3.088071823120117
20250825_141645,0.9168997406959534,0.9373701214790344,3.088310956954956
20250825_141645,0.9178226590156555,0.9374492764472961,3.0885989665985107
20250825_141645,0.918890655040741,0.9373255968093872,3.088925361633301
20250825_141645,0.9201703667640686,0.9373542070388794,3.088958740234375
20250825_141645,0.921190083026886,0.9374603629112244,3.0891995429992676
20250825_141645,0.9223508238792419,0.9373001456260681,3.08935546875
20250825_141645,0.923435389995575,0.9373325705528259,3.0894830226898193
20250825_141645,0.9244771003723145,0.9374306797981262,3.0896427631378174
20250825_141645,0.9255067110061646,0.9375048279762268,3.089794874191284
20250825_141645,0.9264588952064514,0.9374608397483826,3.089954376220703
20250825_141645,0.927798867225647,0.9371641278266907,3.0899875164031982
20250825_141645,0.9287415146827698,0.9373685717582703,3.0902743339538574
20250825_141645,0.9298292994499207,0.937272310256958,3.090402841567993
20250825_141645,0.9308190941810608,0.9374170899391174,3.0904552936553955
20250825_141645,0.9320889711380005,0.9371377229690552,3.090437412261963
20250825_141645,0.9330711960792542,0.9372066855430603,3.090541362762451
20250825_141645,0.9340436458587646,0.9372542500495911,3.090578317642212
20250825_141645,0.9348171353340149,0.9375152587890625,3.0906968116760254
20250825_141645,0.9357480406761169,0.937552809715271,3.0906825065612793
20250825_141645,0.9369117021560669,0.9374224543571472,3.090787887573242
20250825_141645,0.9380031228065491,0.9370084404945374,3.0908193588256836
20250825_141645,0.9388349056243896,0.9375076293945312,3.0908052921295166
20250825_141645,0.9396495819091797,0.9376389384269714,3.0907790660858154
20250825_141645,0.9405367374420166,0.937700629234314,3.090721607208252
20250825_141645,0.9415640830993652,0.9376708269119263,3.090751886367798
20250825_141645,0.942419707775116,0.9376437067985535,3.090700387954712
20250825_141645,0.9432244300842285,0.9377678632736206,3.0906169414520264
20250825_141645,0.9440110921859741,0.9378686547279358,3.0905098915100098
20250825_141645,0.944926381111145,0.9380280375480652,3.0904510021209717
20250825_141645,0.9456809759140015,0.9382177591323853,3.0904672145843506
20250825_141645,0.9467682242393494,0.9378335475921631,3.0903403759002686
20250825_141645,0.9476547241210938,0.93753981590271,3.090167760848999
20250825_141645,0.9483022689819336,0.9379202127456665,3.09013295173645
20250825_141646,0.9490789175033569,0.9380140900611877,3.0899643898010254
20250825_141646,0.9498486518859863,0.9381444454193115,3.0898044109344482
20250825_141646,0.9507747888565063,0.9380540251731873,3.089707851409912
20250825_141646,0.9515069723129272,0.9381764531135559,3.089557409286499
20250825_141646,0.9521894454956055,0.9382299780845642,3.0893867015838623
20250825_141646,0.9529834389686584,0.9382946491241455,3.0892200469970703
20250825_141646,0.9536074995994568,0.9383426308631897,3.0890281200408936
20250825_141646,0.9543006420135498,0.9384901523590088,3.088907480239868
20250825_141646,0.9553357362747192,0.9379905462265015,3.088700532913208
20250825_141646,0.9560337066650391,0.9381937980651855,3.0886552333831787
20250825_141646,0.9566546082496643,0.9381294250488281,3.0882086753845215
20250825_141646,0.9572641253471375,0.9382108449935913,3.0879671573638916
20250825_141646,0.9578261971473694,0.9386597275733948,3.0878000259399414
20250825_141646,0.9584531784057617,0.9388046860694885,3.0875580310821533
20250825_141646,0.9590141177177429,0.9389236569404602,3.0872724056243896
20250825_141646,0.9598046541213989,0.9388508200645447,3.0870206356048584
20250825_141646,0.9604188203811646,0.9388129711151123,3.08675217628479
20250825_141646,0.960907518863678,0.9390037655830383,3.0865108966827393
20250825_141646,0.9614678025245667,0.9390963912010193,3.0862205028533936
20250825_141646,0.962008535861969,0.9391791820526123,3.0859181880950928
20250825_141646,0.9625919461250305,0.9392887353897095,3.085642099380493
20250825_141646,0.9631226062774658,0.9394282102584839,3.085390329360962
20250825_141646,0.9637807607650757,0.9395664930343628,3.0851566791534424
20250825_141646,0.9643329381942749,0.9396495223045349,3.084872007369995
20250825_141646,0.9650309681892395,0.9390979409217834,3.084479570388794
20250825_141646,0.9654344916343689,0.9395516514778137,3.084214925765991
20250825_141646,0.9658844470977783,0.939647912979126,3.0838987827301025
20250825_141646,0.9665476083755493,0.9395437240600586,3.083587408065796
20250825_141646,0.9668881893157959,0.9399057030677795,3.0832574367523193
20250825_141646,0.9673305153846741,0.9400198459625244,3.082944393157959
20250825_141646,0.9678871035575867,0.9398742318153381,3.0825610160827637
20250825_141646,0.9681904911994934,0.940280020236969,3.0822620391845703
20250825_141646,0.9686237573623657,0.9403676986694336,3.081882953643799
20250825_141646,0.9690257906913757,0.9404903650283813,3.081522226333618
20250825_141646,0.9693869352340698,0.9406232237815857,3.0811643600463867
20250825_141646,0.9699085354804993,0.9404296278953552,3.0806872844696045
20250825_141646,0.9702643156051636,0.9405291676521301,3.0803661346435547
20250825_141646,0.9705685973167419,0.9409245848655701,3.0799756050109863
20250825_141646,0.970924973487854,0.9410156607627869,3.079540967941284
20250825_141646,0.9712722897529602,0.9411035180091858,3.07914400100708
20250825_141646,0.9717055559158325,0.9410985708236694,3.078810691833496
20250825_141646,0.9719671607017517,0.9411672949790955,3.0784192085266113
20250825_141646,0.972376823425293,0.941233217716217,3.078075647354126
20250825_141646,0.9726749658584595,0.9413424134254456,3.0776443481445312
20250825_141646,0.972987949848175,0.9414260983467102,3.07724928855896
20250825_141646,0.9733042120933533,0.9415107369422913,3.076824188232422
20250825_141646,0.9735565185546875,0.9415906667709351,3.0764224529266357
20250825_141646,0.9738843441009521,0.9417252540588379,3.0760109424591064
20250825_141646,0.9741467237472534,0.9418262243270874,3.0755908489227295
20250825_141646,0.9744305610656738,0.9419450759887695,3.075258493423462
20250825_141646,0.9747814536094666,0.9419576525688171,3.074659585952759
20250825_141646,0.9749728441238403,0.9420491456985474,3.0742123126983643
20250825_141646,0.97520512342453,0.9421035051345825,3.0737709999084473
20250825_141646,0.975260317325592,0.9423151016235352,3.073246955871582
20250825_141646,0.975533127784729,0.9424353837966919,3.0729401111602783
20250825_141646,0.9756937623023987,0.9427259564399719,3.0725152492523193
20250825_141646,0.9758076071739197,0.9428309202194214,3.071937084197998
20250825_141646,0.9759694933891296,0.9431513547897339,3.0716116428375244
20250825_141646,0.9761031270027161,0.9432942271232605,3.0711331367492676
20250825_141646,0.976353645324707,0.9432902932167053,3.0706300735473633
20250825_141646,0.9764628410339355,0.943392276763916,3.070157051086426
20250825_141646,0.9765505790710449,0.9435607194900513,3.069688558578491
20250825_141646,0.976799726486206,0.9436593055725098,3.069295644760132
20250825_141646,0.9769372344017029,0.9437865018844604,3.068723201751709
20250825_141646,0.9769506454467773,0.9440372586250305,3.0681753158569336
20250825_141646,0.9770951867103577,0.9441291093826294,3.0677244663238525
20250825_141646,0.9771132469177246,0.9442182779312134,3.0672242641448975
20250825_141646,0.977215051651001,0.9442518949508667,3.066786289215088
20250825_141646,0.9772583246231079,0.9442728757858276,3.066244125366211
20250825_141646,0.9773102402687073,0.9444682002067566,3.065767526626587
20250825_141646,0.9773520827293396,0.9446787238121033,3.0652639865875244
20250825_141646,0.9772549867630005,0.9449587464332581,3.0647385120391846
20250825_141646,0.9772487282752991,0.945130467414856,3.064237117767334
20250825_141646,0.9771394729614258,0.945264458656311,3.0637457370758057
20250825_141646,0.9771726131439209,0.9453226327896118,3.0632882118225098
20250825_141646,0.9770327210426331,0.9456387758255005,3.0626797676086426
20250825_141646,0.9770376682281494,0.9456984400749207,3.0622472763061523
20250825_141646,0.9769894480705261,0.9459866881370544,3.061751127243042
20250825_141646,0.9768369197845459,0.9461097121238708,3.06123685836792
20250825_141646,0.9766270518302917,0.9463626146316528,3.0606400966644287
20250825_141646,0.976401686668396,0.9468738436698914,3.060213565826416
20250825_141646,0.9762356281280518,0.9468379616737366,3.0597848892211914
20250825_141646,0.9761072993278503,0.9470184445381165,3.059269905090332
20250825_141646,0.9759402275085449,0.947220504283905,3.0587713718414307
20250825_141646,0.9757975935935974,0.9474177956581116,3.0582425594329834
20250825_141646,0.9755918979644775,0.9475467205047607,3.0576939582824707
20250825_141646,0.9753220677375793,0.9476685523986816,3.0571577548980713
20250825_141646,0.9751284122467041,0.9475719928741455,3.0565035343170166
20250825_141646,0.9746944904327393,0.9480314254760742,3.0559487342834473
20250825_141646,0.9744709134101868,0.9482598304748535,3.0554563999176025
20250825_141646,0.974206805229187,0.9484549164772034,3.0550968647003174
20250825_141646,0.9738327264785767,0.9486558437347412,3.0545668601989746
20250825_141646,0.9734957218170166,0.9487664699554443,3.0540409088134766
20250825_141646,0.9731071591377258,0.9488604664802551,3.053522825241089
20250825_141646,0.9727478623390198,0.9492269158363342,3.053103446960449
20250825_141646,0.9724282026290894,0.9492277503013611,3.0525474548339844
20250825_141646,0.972063422203064,0.9494452476501465,3.0520410537719727
20250825_141646,0.9716987609863281,0.949638843536377,3.0515191555023193
20250825_141646,0.9708208441734314,0.950435996055603,3.0509254932403564
20250825_141646,0.970795214176178,0.9500192999839783,3.050450325012207
20250825_141647,0.9704549908638,0.9501782059669495,3.0501160621643066
20250825_141647,0.9697136878967285,0.9507188200950623,3.049612522125244
20250825_141647,0.969271183013916,0.9509386420249939,3.0490314960479736
20250825_141647,0.9688100814819336,0.9509921073913574,3.048469305038452
20250825_141647,0.968292772769928,0.951370894908905,3.047895908355713
20250825_141647,0.9677133560180664,0.9515364170074463,3.047368288040161
20250825_141647,0.9672102332115173,0.9514622688293457,3.0469391345977783
20250825_141647,0.9666827917098999,0.9517157673835754,3.046412706375122
20250825_141647,0.9660994410514832,0.9518100023269653,3.0459158420562744
20250825_141647,0.9656872153282166,0.9518471956253052,3.0453927516937256
20250825_141647,0.9651521444320679,0.9521452188491821,3.0450470447540283
20250825_141647,0.9642519354820251,0.9529076218605042,3.044495105743408
20250825_141647,0.9635612964630127,0.9531282186508179,3.04396915435791
20250825_141647,0.9629209041595459,0.9530662298202515,3.043569564819336
20250825_141647,0.9623180627822876,0.9532829523086548,3.043067216873169
20250825_141647,0.9615774154663086,0.9537987112998962,3.0426809787750244
20250825_141647,0.9610733389854431,0.953776478767395,3.042092800140381
20250825_141647,0.9604477882385254,0.9540078639984131,3.0415661334991455
20250825_141647,0.9598422646522522,0.9538734555244446,3.0410218238830566
20250825_141647,0.9588643312454224,0.9548071622848511,3.040705680847168
20250825_141647,0.9581085443496704,0.9549517035484314,3.040189743041992
20250825_141647,0.9574357271194458,0.9551809430122375,3.039734363555908
20250825_141647,0.9566284418106079,0.95577472448349,3.039350748062134
20250825_141647,0.9558642506599426,0.9561702013015747,3.0388128757476807
20250825_141647,0.9551990628242493,0.9564154744148254,3.0383148193359375
20250825_141647,0.9545048475265503,0.956458330154419,3.038001775741577
20250825_141647,0.9536460041999817,0.9567415118217468,3.0375044345855713
20250825_141647,0.9527754783630371,0.9571038484573364,3.0369350910186768
20250825_141647,0.9521352052688599,0.9571657180786133,3.0364670753479004
20250825_141647,0.9513983130455017,0.9576342701911926,3.0359463691711426
20250825_141647,0.9506787061691284,0.9577155709266663,3.035600423812866
20250825_141647,0.9499432444572449,0.9579558968544006,3.035168170928955
20250825_141647,0.9490700364112854,0.9583700895309448,3.0348587036132812
20250825_141647,0.9483225345611572,0.9582176208496094,3.0343942642211914
20250825_141647,0.9473227858543396,0.9590302109718323,3.0339062213897705
20250825_141647,0.9466598033905029,0.9590315818786621,3.0334699153900146
20250825_141647,0.9456385970115662,0.9596483707427979,3.033090591430664
20250825_141647,0.9447706341743469,0.9600759744644165,3.0327231884002686
20250825_141647,0.94402676820755,0.9598440527915955,3.0322697162628174
20250825_141647,0.94320148229599,0.9600831866264343,3.0318572521209717
20250825_141647,0.9423760771751404,0.9602234363555908,3.031553030014038
20250825_141647,0.9414868950843811,0.960739254951477,3.031026601791382
20250825_141647,0.9406125545501709,0.9611872434616089,3.030566930770874
20250825_141647,0.9397993683815002,0.9614729285240173,3.030217170715332
20250825_141647,0.9390103816986084,0.9616593718528748,3.0298244953155518
20250825_141647,0.9379960298538208,0.9619308114051819,3.02943754196167
20250825_141647,0.937180757522583,0.9620881080627441,3.029240369796753
20250825_141647,0.9361086487770081,0.9628384113311768,3.0289053916931152
20250825_141647,0.9353907108306885,0.9627620577812195,3.0284738540649414
20250825_141647,0.9346113204956055,0.9630681872367859,3.0280892848968506
20250825_141647,0.933668851852417,0.9632764458656311,3.0277252197265625
20250825_141647,0.9325680136680603,0.9639587998390198,3.027512311935425
20250825_141647,0.9317145943641663,0.9638881683349609,3.0271477699279785
20250825_141647,0.9308283925056458,0.9640272259712219,3.0267961025238037
20250825_141647,0.9298614859580994,0.9647085666656494,3.026481866836548
20250825_141647,0.9289993643760681,0.9649431109428406,3.0261964797973633
20250825_141647,0.9282463788986206,0.965012788772583,3.0257771015167236
20250825_141647,0.9274620413780212,0.965066134929657,3.0254874229431152
20250825_141647,0.926564633846283,0.9650712013244629,3.0251219272613525
20250825_141647,0.9255481958389282,0.9656573534011841,3.0249104499816895
20250825_141647,0.9243878126144409,0.9664411544799805,3.0248444080352783
20250825_141647,0.9236449003219604,0.9664078950881958,3.0243616104125977
20250825_141647,0.9226633906364441,0.966701865196228,3.024035692214966
20250825_141647,0.9218639135360718,0.9668768644332886,3.0237746238708496
20250825_141647,0.9208167791366577,0.9673097133636475,3.0236287117004395
20250825_141647,0.9198659658432007,0.9677441716194153,3.023452043533325
20250825_141647,0.9190391302108765,0.9678729176521301,3.0231595039367676
20250825_141647,0.9179584980010986,0.9682525992393494,3.0228421688079834
20250825_141647,0.9171600341796875,0.9684184789657593,3.0226027965545654
20250825_141647,0.9166144728660583,0.9678615927696228,3.022059202194214
20250825_141647,0.915404736995697,0.9687913060188293,3.022138833999634
20250825_141647,0.9146885871887207,0.9687683582305908,3.0218377113342285
20250825_141647,0.9138844013214111,0.9688589572906494,3.0216777324676514
20250825_141647,0.9128929972648621,0.9689795970916748,3.021392345428467
20250825_141647,0.9118172526359558,0.9698118567466736,3.0212090015411377
20250825_141647,0.9109553694725037,0.9699519276618958,3.0210108757019043
20250825_141647,0.9102073907852173,0.9699631333351135,3.0209381580352783
20250825_141647,0.9092060923576355,0.9702825546264648,3.0207738876342773
20250825_141647,0.9082216620445251,0.970689594745636,3.0207014083862305
20250825_141647,0.9076243042945862,0.97027188539505,3.020451068878174
20250825_141647,0.9068264961242676,0.9703245162963867,3.0205235481262207
20250825_141647,0.9056438207626343,0.9714279174804688,3.0204217433929443
20250825_141647,0.9046452045440674,0.9717291593551636,3.0201117992401123
20250825_141647,0.9038841128349304,0.9716742634773254,3.020099401473999
20250825_141647,0.9030758142471313,0.9718100428581238,3.0200181007385254
20250825_141647,0.902297854423523,0.9719260334968567,3.019939422607422
20250825_141647,0.9015929102897644,0.9719104170799255,3.0197181701660156
20250825_141647,0.9006721377372742,0.9720830321311951,3.0197415351867676
20250825_141647,0.8999522924423218,0.972223699092865,3.019610643386841
20250825_141647,0.8987642526626587,0.9731280207633972,3.019585371017456
20250825_141647,0.8982853293418884,0.9726229906082153,3.0193843841552734
20250825_141647,0.8974591493606567,0.9726176261901855,3.019355535507202
20250825_141647,0.8965561985969543,0.9728730916976929,3.019399642944336
20250825_141647,0.896049976348877,0.9726342558860779,3.0192835330963135
20250825_141647,0.8951519131660461,0.9727365374565125,3.0192456245422363
20250825_141647,0.8942062854766846,0.9730235934257507,3.0192956924438477
20250825_141647,0.8935193419456482,0.973067045211792,3.019321918487549
20250825_141647,0.8927927017211914,0.9729467034339905,3.019514322280884
20250825_141647,0.8921166062355042,0.9730919599533081,3.019318103790283
20250825_141647,0.8912001848220825,0.973557710647583,3.0193803310394287
20250825_141648,0.8905076384544373,0.9734774231910706,3.019320011138916
20250825_141648,0.8896883726119995,0.9736805558204651,3.0193140506744385
20250825_141648,0.8890125751495361,0.9736343026161194,3.019376277923584
20250825_141648,0.8884903788566589,0.9734578132629395,3.019404888153076
20250825_141648,0.8878003358840942,0.9733160138130188,3.0194406509399414
20250825_141648,0.887026846408844,0.9734557271003723,3.019545078277588
20250825_141648,0.8864327073097229,0.9734386205673218,3.019615650177002
20250825_141648,0.8856808543205261,0.9734436869621277,3.0196621417999268
20250825_141648,0.8850364685058594,0.9733777046203613,3.019678831100464
20250825_141648,0.8843839764595032,0.9733327031135559,3.019780397415161
20250825_141648,0.8838372230529785,0.9732438325881958,3.0198888778686523
20250825_141648,0.882912814617157,0.9737973213195801,3.0200841426849365
20250825_141648,0.8823004961013794,0.973684549331665,3.020174741744995
20250825_141648,0.8817703723907471,0.9735987186431885,3.0202696323394775
20250825_141648,0.8811500668525696,0.9735288619995117,3.0203797817230225
20250825_141648,0.8807054162025452,0.9731064438819885,3.0203332901000977
20250825_141648,0.880183756351471,0.9729908108711243,3.020475387573242
20250825_141648,0.8796373009681702,0.9728646278381348,3.0206611156463623
20250825_141648,0.8789069652557373,0.9731941223144531,3.020975112915039
20250825_141648,0.8783470988273621,0.9725710153579712,3.0212173461914062
20250825_141648,0.8782848715782166,0.9716257452964783,3.021282434463501
20250825_141648,0.8779057264328003,0.9713619947433472,3.021059274673462
20250825_141648,0.8772905468940735,0.9712541103363037,3.021178960800171
20250825_141648,0.8768129944801331,0.971356213092804,3.0212912559509277
20250825_141648,0.8755950927734375,0.9728727340698242,3.021596670150757
20250825_141648,0.8746045231819153,0.9735025763511658,3.0218536853790283
20250825_141648,0.8741269111633301,0.9733166694641113,3.0220108032226562
20250825_141648,0.8735618591308594,0.9732456207275391,3.022231340408325
20250825_141648,0.8736010193824768,0.9716671705245972,3.0225160121917725
20250825_141648,0.8729504942893982,0.9721335172653198,3.022751569747925
20250825_141648,0.8724877238273621,0.9720522165298462,3.022923707962036
20250825_141648,0.8720734715461731,0.9718948602676392,3.023118495941162
20250825_141648,0.8716237545013428,0.9717357754707336,3.0232889652252197
20250825_141648,0.871181845664978,0.9715893268585205,3.0234503746032715
20250825_141648,0.8711370825767517,0.9707399606704712,3.023531198501587
20250825_141648,0.8707141280174255,0.9706248044967651,3.023725986480713
20250825_141648,0.870269238948822,0.9707443714141846,3.023886203765869
20250825_141648,0.8694424629211426,0.9711846113204956,3.024205207824707
20250825_141648,0.8690714240074158,0.9710437059402466,3.0243732929229736
20250825_141648,0.8685740232467651,0.9711242318153381,3.0244851112365723
20250825_141648,0.868230938911438,0.9708054065704346,3.024717330932617
20250825_141648,0.8676974773406982,0.9708364009857178,3.024869441986084
20250825_141648,0.867367684841156,0.9704893231391907,3.02517032623291
20250825_141648,0.8670759797096252,0.970288872718811,3.0253746509552
20250825_141648,0.866651713848114,0.970235288143158,3.025608539581299
20250825_141648,0.8662377595901489,0.9701585173606873,3.0257580280303955
20250825_141648,0.8658815026283264,0.9695261716842651,3.0258288383483887
20250825_141648,0.8654824495315552,0.9695913791656494,3.026055097579956
20250825_141648,0.8650952577590942,0.9695412516593933,3.0262465476989746
20250825_141648,0.8647133111953735,0.969426691532135,3.026474714279175
20250825_141648,0.864326536655426,0.9697520732879639,3.02673602104187
20250825_141648,0.8639992475509644,0.9696279168128967,3.0269455909729004
20250825_141648,0.8637006878852844,0.9694975018501282,3.0271456241607666
20250825_141648,0.8629922270774841,0.9703010320663452,3.0270941257476807
20250825_141648,0.8626585006713867,0.9701990485191345,3.027287006378174
20250825_141648,0.8625217080116272,0.9697591662406921,3.0275685787200928
20250825_141648,0.8621830344200134,0.9696556925773621,3.027754783630371
20250825_141648,0.8618705868721008,0.9695197343826294,3.027972936630249
20250825_141648,0.8615601658821106,0.9695481657981873,3.028083086013794
20250825_141648,0.8612200021743774,0.9694365859031677,3.0282750129699707
20250825_141648,0.861036479473114,0.9690796136856079,3.0285513401031494
20250825_141648,0.860744833946228,0.9690065383911133,3.028742551803589
20250825_141648,0.860316812992096,0.9688079953193665,3.028970241546631
20250825_141648,0.8601386547088623,0.9685516953468323,3.0290915966033936
20250825_141648,0.8598173260688782,0.9683661460876465,3.0292646884918213
20250825_141648,0.8596033453941345,0.9682299494743347,3.029433250427246
20250825_141648,0.8593204021453857,0.9681046605110168,3.029621124267578
20250825_141648,0.8590264916419983,0.9679551124572754,3.0297858715057373
20250825_141648,0.8587895035743713,0.9678428769111633,3.02996563911438
20250825_141648,0.8585165143013,0.9676732420921326,3.0301952362060547
20250825_141648,0.8582904934883118,0.9675630331039429,3.0303328037261963
20250825_141648,0.8579994440078735,0.967433512210846,3.030531167984009
20250825_141648,0.8577582240104675,0.9672828316688538,3.030712127685547
20250825_141648,0.8575850129127502,0.9671505689620972,3.0309298038482666
20250825_141648,0.8572519421577454,0.9670506715774536,3.0311222076416016
20250825_141648,0.8570476174354553,0.9669342041015625,3.031287431716919
20250825_141648,0.8567771315574646,0.9667711853981018,3.0314688682556152
20250825_141648,0.8565383553504944,0.9666610956192017,3.0316455364227295
20250825_141648,0.8564436435699463,0.9662865400314331,3.0317165851593018
20250825_141648,0.8560405373573303,0.9663726687431335,3.0319783687591553
20250825_141648,0.855778157711029,0.9663004279136658,3.032149076461792
20250825_141648,0.8555200099945068,0.966214656829834,3.032317638397217
20250825_141648,0.8553155064582825,0.9661105275154114,3.0325233936309814
20250825_141648,0.8550653457641602,0.9660217761993408,3.032667636871338
20250825_141648,0.8547886610031128,0.9658538103103638,3.0328369140625
20250825_141648,0.854524552822113,0.965499758720398,3.0329508781433105
20250825_141648,0.854281485080719,0.9653781056404114,3.033115863800049
20250825_141648,0.8541478514671326,0.9655316472053528,3.033364772796631
20250825_141648,0.8543530702590942,0.9643617868423462,3.033323287963867
20250825_141648,0.854098916053772,0.9642522931098938,3.0334997177124023
20250825_141648,0.8538888096809387,0.9641570448875427,3.033644437789917
20250825_141648,0.853577196598053,0.9638290405273438,3.0337600708007812
20250825_141648,0.8528344631195068,0.9654719829559326,3.0341646671295166
20250825_141648,0.8526074886322021,0.9653956890106201,3.034358024597168
20250825_141648,0.8530079126358032,0.9639711976051331,3.03432035446167
20250825_141648,0.8523746728897095,0.9649545550346375,3.034682035446167
20250825_141648,0.852607011795044,0.9638098478317261,3.0347087383270264
20250825_141648,0.8519537448883057,0.9647989273071289,3.0350544452667236
20250825_141648,0.8516934514045715,0.9647564888000488,3.0352325439453125
20250825_141649,0.8514918684959412,0.9646785855293274,3.035423994064331
20250825_141649,0.8513168096542358,0.9646287560462952,3.0356228351593018
20250825_141649,0.8510559797286987,0.9645893573760986,3.0357906818389893
20250825_141649,0.8508559465408325,0.9645466804504395,3.035953998565674
20250825_141649,0.8505181670188904,0.9643858075141907,3.0361483097076416
20250825_141649,0.8502336144447327,0.9640074968338013,3.036264657974243
20250825_141649,0.8501715064048767,0.963681697845459,3.0363919734954834
20250825_141649,0.8499107956886292,0.9636577367782593,3.0366218090057373
20250825_141649,0.8497121930122375,0.9635639786720276,3.0368008613586426
20250825_141649,0.8495032787322998,0.9633971452713013,3.03696608543396
20250825_141649,0.8492315411567688,0.9632639288902283,3.0371344089508057
20250825_141649,0.8492003679275513,0.9628231525421143,3.037299871444702
20250825_141649,0.8491012454032898,0.9626983404159546,3.037255048751831
20250825_141649,0.8490966558456421,0.9620541334152222,3.037523031234741
20250825_141649,0.8489370346069336,0.9618815183639526,3.0377237796783447
20250825_141649,0.8482092022895813,0.9628470540046692,3.038081407546997
20250825_141649,0.8480147123336792,0.9627187252044678,3.0382137298583984
20250825_141649,0.8477940559387207,0.962561309337616,3.03840970993042
20250825_141649,0.8477053642272949,0.9619539976119995,3.0384180545806885
20250825_141649,0.8473345041275024,0.9621022343635559,3.03867769241333
20250825_141649,0.8471357822418213,0.9620118737220764,3.0388288497924805
20250825_141649,0.8469818234443665,0.9621738791465759,3.039083957672119
20250825_141649,0.8466704487800598,0.9622273445129395,3.0393009185791016
20250825_141649,0.8464380502700806,0.9618130326271057,3.0393753051757812
20250825_141649,0.846189558506012,0.9617241621017456,3.039466142654419
20250825_141649,0.8459910154342651,0.9616456627845764,3.039609432220459
20250825_141649,0.8456419110298157,0.9623594284057617,3.0397143363952637
20250825_141649,0.8454858660697937,0.9619830846786499,3.039911985397339
20250825_141649,0.8453245162963867,0.9619030356407166,3.040097951889038
20250825_141649,0.845082700252533,0.9618530869483948,3.0401594638824463
20250825_141649,0.8448866605758667,0.9617830514907837,3.040276527404785
20250825_141649,0.8446522951126099,0.961779773235321,3.0403683185577393
20250825_141649,0.8444285988807678,0.9617039561271667,3.0405309200286865
20250825_141649,0.844180703163147,0.9619889855384827,3.04055118560791
20250825_141649,0.8439658284187317,0.9619868397712708,3.040696382522583
20250825_141649,0.8437865376472473,0.9619445204734802,3.0407962799072266
20250825_141649,0.8440077900886536,0.9608149528503418,3.040623426437378
20250825_141649,0.8439604640007019,0.9604142308235168,3.0408451557159424
20250825_141649,0.8437970876693726,0.9604512453079224,3.0409095287323
20250825_141649,0.8435234427452087,0.9605934023857117,3.040973424911499
20250825_141649,0.8433344960212708,0.9605879187583923,3.041043281555176
20250825_141649,0.8431238532066345,0.9606341123580933,3.0411505699157715
20250825_141649,0.8425112366676331,0.9616785049438477,3.04144287109375
20250825_141649,0.8421967029571533,0.9616973400115967,3.0414960384368896
20250825_141649,0.8419705629348755,0.9616979956626892,3.0415573120117188
20250825_141649,0.8418091535568237,0.9616947770118713,3.041637659072876
20250825_141649,0.8416004180908203,0.9617252349853516,3.0416934490203857
20250825_141649,0.8414129018783569,0.9617596864700317,3.0417635440826416
20250825_141649,0.8412431478500366,0.9617849588394165,3.0418167114257812
20250825_141649,0.8410409092903137,0.9618399143218994,3.0418593883514404
20250825_141649,0.8408901691436768,0.9618956446647644,3.041933298110962
20250825_141649,0.8406572341918945,0.9620071053504944,3.041949510574341
20250825_141649,0.8404613733291626,0.9620678424835205,3.042008876800537
20250825_141649,0.8403317332267761,0.9621282815933228,3.042046070098877
20250825_141649,0.8401296138763428,0.9621985554695129,3.0421037673950195
20250825_141649,0.8400082588195801,0.9622473120689392,3.042145252227783
20250825_141649,0.8398148417472839,0.9623275399208069,3.042201042175293
20250825_141649,0.8396032452583313,0.9623803496360779,3.0422182083129883
20250825_141649,0.8394691348075867,0.9624849557876587,3.0422842502593994
20250825_141649,0.839268684387207,0.9625048637390137,3.0423195362091064
20250825_141649,0.839148998260498,0.9625891447067261,3.0423622131347656
20250825_141649,0.838949978351593,0.9626780152320862,3.042388677597046
20250825_141649,0.8385816216468811,0.9631295204162598,3.042335271835327
20250825_141649,0.838371217250824,0.9634596109390259,3.042274236679077
20250825_141649,0.8380790948867798,0.9634949564933777,3.042295217514038
20250825_141649,0.8379950523376465,0.963445246219635,3.042483329772949
20250825_141649,0.8378812670707703,0.9634126424789429,3.042463541030884
20250825_141649,0.8377627730369568,0.9634767770767212,3.042490005493164
20250825_141649,0.8376882672309875,0.9634426832199097,3.042498826980591
20250825_141649,0.8375231027603149,0.9634950160980225,3.042510747909546
20250825_141649,0.8373628258705139,0.9635753631591797,3.0425217151641846
20250825_141649,0.837223470211029,0.9636611938476562,3.042536973953247
20250825_141649,0.8371102809906006,0.963723361492157,3.0425357818603516
20250825_141649,0.8369928598403931,0.9638285040855408,3.0425660610198975
20250825_141649,0.836651086807251,0.9643105268478394,3.042541980743408
20250825_141649,0.8365581631660461,0.9644033908843994,3.042525291442871
20250825_141649,0.8364181518554688,0.9644711017608643,3.042558431625366
20250825_141649,0.8364253044128418,0.9642248153686523,3.0426371097564697
20250825_141649,0.8362880349159241,0.9643598198890686,3.042630195617676
20250825_141649,0.8361764550209045,0.9644045233726501,3.0426411628723145
20250825_141649,0.8360848426818848,0.9645148515701294,3.042677640914917
20250825_141649,0.8359447121620178,0.9645611643791199,3.0426714420318604
20250825_141649,0.8358494639396667,0.964621365070343,3.0426578521728516
20250825_141649,0.8357431888580322,0.9647071957588196,3.042632818222046
20250825_141649,0.8356174230575562,0.9648151993751526,3.042654037475586
20250825_141649,0.8355307579040527,0.964959979057312,3.042635917663574
20250825_141649,0.83540278673172,0.9649925231933594,3.0426247119903564
20250825_141649,0.8353406190872192,0.9650590419769287,3.042600154876709
20250825_141649,0.8352264165878296,0.9651622772216797,3.0425515174865723
20250825_141649,0.8350539803504944,0.9649866819381714,3.042465925216675
20250825_141649,0.8350524306297302,0.9653183817863464,3.0424673557281494
20250825_141649,0.834897518157959,0.9651587605476379,3.0423824787139893
20250825_141649,0.834822952747345,0.9655744433403015,3.0423743724823
20250825_141649,0.8347681164741516,0.9656370282173157,3.042346954345703
20250825_141649,0.8346690535545349,0.965694010257721,3.0422890186309814
20250825_141649,0.8346355557441711,0.965767502784729,3.04221510887146
20250825_141649,0.8343364000320435,0.966346263885498,3.042072057723999
20250825_141649,0.834304928779602,0.9664422273635864,3.0420193672180176
20250825_141649,0.8342501521110535,0.9665579199790955,3.04197096824646
20250825_141649,0.8341986536979675,0.9666290879249573,3.0419411659240723
20250825_141650,0.8341773748397827,0.9667364358901978,3.0418827533721924
20250825_141650,0.8340955972671509,0.9668262004852295,3.0418272018432617
20250825_141650,0.8340548276901245,0.9669132232666016,3.041740894317627
20250825_141650,0.8339413404464722,0.9671180248260498,3.0417654514312744
20250825_141650,0.8338738679885864,0.9672027230262756,3.041712999343872
20250825_141650,0.8338149785995483,0.967363715171814,3.0416460037231445
20250825_141650,0.8337481021881104,0.9674111604690552,3.04156494140625
20250825_141650,0.8337995409965515,0.9672240614891052,3.041459321975708
20250825_141650,0.8336920738220215,0.9673442840576172,3.04136323928833
20250825_141650,0.8334804773330688,0.967824399471283,3.041239023208618
20250825_141650,0.8334846496582031,0.9678075909614563,3.041161060333252
20250825_141650,0.833518922328949,0.967564046382904,3.0411794185638428
20250825_141650,0.8333882689476013,0.9679877758026123,3.0409908294677734
20250825_141650,0.833321750164032,0.9680397510528564,3.040910243988037
20250825_141650,0.8332692384719849,0.9677661657333374,3.0408737659454346
20250825_141650,0.8332194089889526,0.967840850353241,3.04075026512146
20250825_141650,0.8330198526382446,0.9682360291481018,3.0405774116516113
20250825_141650,0.8331362009048462,0.9679892063140869,3.0405585765838623
20250825_141650,0.8329350352287292,0.9684313535690308,3.0403831005096436
20250825_141650,0.8328860998153687,0.9684686064720154,3.0402441024780273
20250825_141650,0.8329854607582092,0.9682436585426331,3.0402045249938965
20250825_141650,0.8328990936279297,0.968284547328949,3.0400915145874023
20250825_141650,0.832696259021759,0.9687079787254333,3.0398833751678467
20250825_141650,0.8327804207801819,0.9684699773788452,3.039860963821411
20250825_141650,0.832705020904541,0.9685084223747253,3.0397520065307617
20250825_141650,0.8326486945152283,0.9686231017112732,3.0396478176116943
20250825_141650,0.8325502276420593,0.9686599373817444,3.039538621902466
20250825_141650,0.8324496150016785,0.9684690833091736,3.039353609085083
20250825_141650,0.8323569297790527,0.9685049057006836,3.0392801761627197
20250825_141650,0.8322503566741943,0.9685769081115723,3.0391294956207275
20250825_141650,0.8321826457977295,0.9686301946640015,3.0390028953552246
20250825_141650,0.8320701122283936,0.9686568379402161,3.038898468017578
20250825_141650,0.8320377469062805,0.9688347578048706,3.0387163162231445
20250825_141650,0.8319551944732666,0.9688767790794373,3.0385875701904297
20250825_141650,0.8318589329719543,0.9689201712608337,3.0384676456451416
20250825_141650,0.8317930102348328,0.9689485430717468,3.0382888317108154
20250825_141650,0.831669807434082,0.9689958691596985,3.0381922721862793
20250825_141650,0.8316593170166016,0.9692967534065247,3.0381274223327637
20250825_141650,0.8316047787666321,0.9688813090324402,3.0378966331481934
20250825_141650,0.8315247893333435,0.9689223766326904,3.0377655029296875
20250825_141650,0.8313314914703369,0.9689521789550781,3.0376477241516113
20250825_141650,0.8312292695045471,0.9689645171165466,3.0375049114227295
20250825_141650,0.8311658501625061,0.9690062403678894,3.037360668182373
20250825_141650,0.8307275772094727,0.9701363444328308,3.0372393131256104
20250825_141650,0.8306715488433838,0.9702093601226807,3.0371339321136475
20250825_141650,0.8305485844612122,0.9702841639518738,3.0369973182678223
20250825_141650,0.8304351568222046,0.9703326225280762,3.036857843399048
20250825_141650,0.8303571343421936,0.9704025387763977,3.0367014408111572
20250825_141650,0.8302913904190063,0.9701839685440063,3.0366504192352295
20250825_141650,0.830183744430542,0.9702780246734619,3.036501169204712
20250825_141650,0.8299940824508667,0.9707729816436768,3.0363383293151855
20250825_141650,0.8298825025558472,0.9708452820777893,3.0362117290496826
20250825_141650,0.8299077153205872,0.9705260396003723,3.0360803604125977
20250825_141650,0.8297356963157654,0.9706174731254578,3.035893201828003
20250825_141650,0.8295592665672302,0.9709829092025757,3.035618543624878
20250825_141650,0.8294437527656555,0.9710687398910522,3.0354721546173096
20250825_141650,0.8294432759284973,0.9707757830619812,3.0354387760162354
20250825_141650,0.8293521404266357,0.9708930850028992,3.0352561473846436
20250825_141650,0.8292250037193298,0.9709850549697876,3.035088062286377
20250825_141650,0.8291411995887756,0.9711217284202576,3.0349247455596924
20250825_141650,0.828981876373291,0.9712014198303223,3.034733772277832
20250825_141650,0.8288489580154419,0.9713737368583679,3.0345494747161865
20250825_141650,0.8287786245346069,0.9715139269828796,3.034374475479126
20250825_141650,0.8286396265029907,0.971633791923523,3.0342447757720947
20250825_141650,0.8285287618637085,0.9717242121696472,3.034045934677124
20250825_141650,0.8284302949905396,0.9718541502952576,3.033872127532959
20250825_141650,0.8283109664916992,0.9719580411911011,3.033694267272949
20250825_141650,0.8282194137573242,0.9720891118049622,3.033491373062134
20250825_141650,0.8280709981918335,0.972178041934967,3.0333139896392822
20250825_141650,0.827975869178772,0.9723438024520874,3.033132791519165
20250825_141650,0.8277307152748108,0.9722908139228821,3.032857894897461
20250825_141650,0.8276072144508362,0.9723844528198242,3.0326578617095947
20250825_141650,0.8274826407432556,0.9725579023361206,3.032433271408081
20250825_141650,0.8270195722579956,0.9731826782226562,3.0321266651153564
20250825_141650,0.8269365429878235,0.973310649394989,3.0318994522094727
20250825_141650,0.8268119096755981,0.9734496474266052,3.031712293624878
20250825_141650,0.8267539739608765,0.9737637042999268,3.0316808223724365
20250825_141650,0.8265942931175232,0.9741912484169006,3.0314042568206787
20250825_141650,0.8262893557548523,0.9746587872505188,3.031113862991333
20250825_141650,0.8261953592300415,0.9748099446296692,3.030863046646118
20250825_141650,0.8263590335845947,0.9738348722457886,3.0306146144866943
20250825_141650,0.8260750770568848,0.9741335511207581,3.030254602432251
20250825_141650,0.8259685635566711,0.9744373559951782,3.029968023300171
20250825_141650,0.8258711695671082,0.9747526049613953,3.0300848484039307
20250825_141650,0.8257505893707275,0.9748963713645935,3.029848337173462
20250825_141650,0.8255907297134399,0.975016176700592,3.0296237468719482
20250825_141650,0.8253403902053833,0.9752458333969116,3.0293612480163574
20250825_141650,0.825207531452179,0.9753950238227844,3.0290966033935547
20250825_141650,0.8250663876533508,0.9754629731178284,3.028897762298584
20250825_141650,0.8250079154968262,0.975324809551239,3.0287320613861084
20250825_141650,0.8248723149299622,0.9753906726837158,3.0285181999206543
20250825_141650,0.8247452974319458,0.975476861000061,3.028278112411499
20250825_141650,0.8246190547943115,0.9755281805992126,3.0280098915100098
20250825_141650,0.824302077293396,0.9756628274917603,3.02766752243042
20250825_141650,0.8241772651672363,0.9757158160209656,3.027461051940918
20250825_141650,0.824009895324707,0.9757654070854187,3.0272512435913086
20250825_141650,0.8238921761512756,0.9757974743843079,3.0270678997039795
20250825_141650,0.8238600492477417,0.9755262732505798,3.026907444000244
20250825_141650,0.8237089514732361,0.9755500555038452,3.0267021656036377
20250825_141650,0.8235777020454407,0.9756488800048828,3.0264792442321777
20250825_141650,0.8235006332397461,0.9754706025123596,3.0262138843536377
20250825_141651,0.8233794569969177,0.9755381345748901,3.026015281677246
20250825_141651,0.8231057524681091,0.9757968783378601,3.0259146690368652
20250825_141651,0.8227948546409607,0.976615309715271,3.0257043838500977
20250825_141651,0.8226096630096436,0.9767183661460876,3.02549409866333
20250825_141651,0.8224084377288818,0.976773202419281,3.025280475616455
20250825_141651,0.8222726583480835,0.9768071174621582,3.025066375732422
20250825_141651,0.8221274614334106,0.9768736958503723,3.024900436401367
20250825_141651,0.8218671083450317,0.9770441651344299,3.0247721672058105
20250825_141651,0.8217473030090332,0.9770649671554565,3.024594306945801
20250825_141651,0.8216160535812378,0.9769392609596252,3.0244698524475098
20250825_141651,0.8214102387428284,0.9772151708602905,3.0242013931274414
20250825_141651,0.821247935295105,0.9772118330001831,3.0240206718444824
20250825_141651,0.8210715651512146,0.9771618843078613,3.0238330364227295
20250825_141651,0.8209381699562073,0.9771623611450195,3.023699998855591
20250825_141651,0.8207473754882812,0.9769957661628723,3.023477554321289
20250825_141651,0.8206126689910889,0.9769477844238281,3.0233469009399414
20250825_141651,0.8206259608268738,0.9759407043457031,3.0230941772460938
20250825_141651,0.8203182816505432,0.9762256145477295,3.022907257080078
20250825_141651,0.8200657963752747,0.9761421084403992,3.022763252258301
20250825_141651,0.8197612762451172,0.9767137765884399,3.0229053497314453
20250825_141651,0.8197571039199829,0.9762376546859741,3.0228536128997803
20250825_141651,0.8195697069168091,0.9761990904808044,3.022754192352295
20250825_141651,0.8194171786308289,0.9761172533035278,3.0226616859436035
20250825_141651,0.8192640542984009,0.9761008620262146,3.0225539207458496
20250825_141651,0.8190758228302002,0.9760737419128418,3.0224897861480713
20250825_141651,0.8189409375190735,0.9760932922363281,3.022392988204956
20250825_141651,0.818768322467804,0.9760879278182983,3.022322654724121
20250825_141651,0.8186336159706116,0.9761013984680176,3.022237539291382
20250825_141651,0.8185197710990906,0.9760987758636475,3.0221614837646484
20250825_141651,0.8183579444885254,0.976107656955719,3.022097110748291
20250825_141651,0.8182300925254822,0.9761406183242798,3.0219907760620117
20250825_141651,0.8180571794509888,0.9762189984321594,3.0219297409057617
20250825_141651,0.817899763584137,0.9763135313987732,3.0218820571899414
20250825_141651,0.8177599310874939,0.9764184355735779,3.021833896636963
20250825_141651,0.8175873756408691,0.9764829277992249,3.021799087524414
20250825_141651,0.8174790740013123,0.9765450954437256,3.0217487812042236
20250825_141651,0.8172785639762878,0.9766399264335632,3.0217347145080566
20250825_141651,0.8170600533485413,0.9768287539482117,3.021716356277466
20250825_141651,0.8168789148330688,0.976945161819458,3.0216808319091797
20250825_141651,0.8166117072105408,0.9771313667297363,3.0216588973999023
20250825_141651,0.8164865970611572,0.9772690534591675,3.021674871444702
20250825_141651,0.8162838220596313,0.9773491621017456,3.021634340286255
20250825_141651,0.8162940740585327,0.9769485592842102,3.021484613418579
20250825_141651,0.8161411285400391,0.9769905209541321,3.021507740020752
20250825_141651,0.8156887888908386,0.9781447052955627,3.021608352661133
20250825_141651,0.8155742287635803,0.9782642722129822,3.0216376781463623
20250825_141651,0.8154809474945068,0.9780670404434204,3.0217747688293457
20250825_141651,0.8153751492500305,0.9781142473220825,3.021815299987793
20250825_141651,0.8150985836982727,0.9786068797111511,3.02182674407959
20250825_141651,0.8149605393409729,0.9786332249641418,3.0218374729156494
20250825_141651,0.81470787525177,0.9789989590644836,3.0217771530151367
20250825_141651,0.8145634531974792,0.9789249300956726,3.021761178970337
20250825_141651,0.8144477009773254,0.9789838194847107,3.021820068359375
20250825_141651,0.8147859573364258,0.9775224328041077,3.021876096725464
20250825_141651,0.8142909407615662,0.9786518812179565,3.0220515727996826
20250825_141651,0.814297080039978,0.9782426953315735,3.0221776962280273
20250825_141651,0.8141189217567444,0.9781960248947144,3.022249460220337
20250825_141651,0.8139734864234924,0.9782202839851379,3.0223350524902344
20250825_141651,0.8138014674186707,0.9782289862632751,3.0224268436431885
20250825_141651,0.813649594783783,0.9782088398933411,3.0225369930267334
20250825_141651,0.8134764432907104,0.9783058762550354,3.022639751434326
20250825_141651,0.8133048415184021,0.9782776832580566,3.0227487087249756
20250825_141651,0.8131617903709412,0.978279709815979,3.0228216648101807
20250825_141651,0.8130165338516235,0.978294312953949,3.0229549407958984
20250825_141651,0.8128678202629089,0.9782899618148804,3.023089647293091
20250825_141651,0.8127471804618835,0.9783179759979248,3.023223638534546
20250825_141651,0.8125948309898376,0.978293240070343,3.0233683586120605
20250825_141651,0.8125016093254089,0.9782984256744385,3.0234808921813965
20250825_141651,0.8123301267623901,0.9783194065093994,3.0236575603485107
20250825_141651,0.8121076226234436,0.9783812165260315,3.0237646102905273
20250825_141651,0.8119869828224182,0.9783437848091125,3.023878335952759
20250825_141651,0.8118464946746826,0.9783294796943665,3.0240490436553955
20250825_141651,0.8117480278015137,0.9783031344413757,3.024214267730713
20250825_141651,0.8115794658660889,0.9782446622848511,3.0243418216705322
20250825_141651,0.8113561272621155,0.9779279232025146,3.0244433879852295
20250825_141651,0.8112704753875732,0.9781277179718018,3.024667978286743
20250825_141651,0.811090350151062,0.978060781955719,3.0248231887817383
20250825_141651,0.8109764456748962,0.9779996275901794,3.025012731552124
20250825_141651,0.8108079433441162,0.9779661893844604,3.0251975059509277
20250825_141651,0.8106691241264343,0.9779068827629089,3.0253896713256836
20250825_141651,0.8105513453483582,0.9778634905815125,3.025559186935425
20250825_141651,0.8103756904602051,0.9777827262878418,3.0257368087768555
20250825_141651,0.8102819323539734,0.9777429103851318,3.0258986949920654
20250825_141651,0.8101286292076111,0.9777286648750305,3.026085615158081
20250825_141651,0.8100221753120422,0.9776732921600342,3.0263025760650635
20250825_141651,0.8098990321159363,0.9776579141616821,3.0265021324157715
20250825_141651,0.8096275329589844,0.977458119392395,3.026662588119507
20250825_141651,0.8095929622650146,0.9776656627655029,3.0268964767456055
20250825_141651,0.8093604445457458,0.9773663878440857,3.027029037475586
20250825_141651,0.8092698454856873,0.9773014187812805,3.0272293090820312
20250825_141651,0.8091810345649719,0.9775272607803345,3.027512788772583
20250825_141651,0.8089365363121033,0.9772550463676453,3.0276451110839844
20250825_141651,0.8088299036026001,0.9772263169288635,3.0278165340423584
20250825_141651,0.8086676597595215,0.9771661758422852,3.028008222579956
20250825_141651,0.8085300922393799,0.9771119952201843,3.0281662940979004
20250825_141651,0.8083906173706055,0.977078914642334,3.028374195098877
20250825_141651,0.8082398772239685,0.9770489931106567,3.0285723209381104
20250825_141651,0.8081384897232056,0.9771782159805298,3.028735876083374
20250825_141651,0.8081066012382507,0.9769209027290344,3.0289041996002197
20250825_141651,0.8078569173812866,0.9771493673324585,3.029163360595703
20250825_141652,0.807870090007782,0.9769002199172974,3.029309034347534
20250825_141652,0.8073738217353821,0.9777553081512451,3.029575824737549
20250825_141652,0.807258129119873,0.9777815937995911,3.0297658443450928
20250825_141652,0.807079553604126,0.9777958393096924,3.0300052165985107
20250825_141652,0.806968092918396,0.9777603149414062,3.0303709506988525
20250825_141652,0.8068267703056335,0.9777790904045105,3.0305700302124023
20250825_141652,0.8065800070762634,0.9780291318893433,3.030665874481201
20250825_141652,0.806475818157196,0.9780288338661194,3.0308473110198975
20250825_141652,0.806326687335968,0.9780178070068359,3.0310287475585938
20250825_141652,0.8062143325805664,0.9779192209243774,3.0311574935913086
20250825_141652,0.8060168623924255,0.9781166315078735,3.031395435333252
20250825_141652,0.8058722615242004,0.9780960083007812,3.0316340923309326
20250825_141652,0.8057698011398315,0.9780898690223694,3.031808376312256
20250825_141652,0.8055870532989502,0.9780720472335815,3.0320026874542236
20250825_141652,0.8053027987480164,0.9784035086631775,3.0320775508880615
20250825_141652,0.8051536679267883,0.9783951044082642,3.032252550125122
20250825_141652,0.8050352334976196,0.9782353043556213,3.0323946475982666
20250825_141652,0.8050796389579773,0.97789466381073,3.0326404571533203
20250825_141652,0.8052295446395874,0.9767187833786011,3.0327911376953125
20250825_141652,0.8051411509513855,0.9765951037406921,3.0331339836120605
20250825_141652,0.8050088286399841,0.9765865206718445,3.033113956451416
20250825_141652,0.8048733472824097,0.9765155911445618,3.0332512855529785
20250825_141652,0.8044344186782837,0.9776434302330017,3.033475875854492
20250825_141652,0.8046354651451111,0.9763219952583313,3.0337905883789062
20250825_141652,0.804192304611206,0.9774929881095886,3.0337600708007812
20250825_141652,0.804408848285675,0.9761960506439209,3.034083366394043
20250825_141652,0.8042633533477783,0.9761047959327698,3.0342040061950684
20250825_141652,0.8041537404060364,0.9760478138923645,3.034320592880249
20250825_141652,0.8039987683296204,0.9759609699249268,3.034442901611328
20250825_141652,0.8039056658744812,0.9760395884513855,3.034562349319458
20250825_141652,0.8037306666374207,0.9759976863861084,3.0346639156341553
20250825_141652,0.8032079935073853,0.9771447777748108,3.0346920490264893
20250825_141652,0.8031516075134277,0.9764797687530518,3.034583806991577
20250825_141652,0.8028945326805115,0.9770352840423584,3.0349233150482178
20250825_141652,0.8029664158821106,0.9765737652778625,3.035088300704956
20250825_141652,0.8028020262718201,0.9765026569366455,3.035182237625122
20250825_141652,0.8025268912315369,0.9768738150596619,3.0352301597595215
20250825_141652,0.8025110960006714,0.9765377640724182,3.0353775024414062
20250825_141652,0.8023453950881958,0.9763647317886353,3.0354208946228027
20250825_141652,0.8022956848144531,0.9763164520263672,3.035463571548462
20250825_141652,0.8020761609077454,0.976152777671814,3.0355117321014404
20250825_141652,0.8020291328430176,0.9759068489074707,3.0355193614959717
20250825_141652,0.8016104102134705,0.976129412651062,3.0354697704315186
20250825_141652,0.8014578223228455,0.9759535193443298,3.035505771636963
20250825_141652,0.8013556599617004,0.9757289290428162,3.0355207920074463
20250825_141652,0.8011741638183594,0.9755139946937561,3.035543918609619
20250825_141652,0.8010686039924622,0.9752750396728516,3.035557270050049
20250825_141652,0.8009709715843201,0.9744494557380676,3.0353360176086426
20250825_141652,0.80077064037323,0.9748364090919495,3.0356204509735107
20250825_141652,0.8006964921951294,0.9746044874191284,3.0356013774871826
20250825_141652,0.8005204796791077,0.9743467569351196,3.035667896270752
20250825_141652,0.8005092740058899,0.9740291237831116,3.0356788635253906
20250825_141652,0.8003288507461548,0.9737342000007629,3.035670042037964
20250825_141652,0.8001558780670166,0.9736514091491699,3.035698652267456
20250825_141652,0.8000011444091797,0.9734143614768982,3.0356576442718506
20250825_141652,0.799860417842865,0.9731761813163757,3.0356132984161377
20250825_141652,0.7997605800628662,0.9729604721069336,3.035565137863159
20250825_141652,0.7996440529823303,0.9725297689437866,3.035463333129883
20250825_141652,0.7995501160621643,0.9723076224327087,3.0353891849517822
20250825_141652,0.7994071245193481,0.972103476524353,3.0352964401245117
20250825_141652,0.7992845177650452,0.9719081521034241,3.035222291946411
20250825_141652,0.7991671562194824,0.9717389941215515,3.035101890563965
20250825_141652,0.7990127801895142,0.9715451002120972,3.035015821456909
20250825_141652,0.7989288568496704,0.9713699221611023,3.03493332862854
20250825_141652,0.7987518310546875,0.9712237119674683,3.0348405838012695
20250825_141652,0.7986348271369934,0.9710450172424316,3.0347185134887695
20250825_141652,0.7983852028846741,0.9710046648979187,3.034574031829834
20250825_141652,0.7982553243637085,0.9709044098854065,3.0344698429107666
20250825_141652,0.7981584072113037,0.970808744430542,3.03433895111084
20250825_141652,0.7979985475540161,0.9707030653953552,3.0342297554016113
20250825_141652,0.7979297041893005,0.9706259965896606,3.0341222286224365
20250825_141652,0.7978004813194275,0.9705550670623779,3.0339457988739014
20250825_141652,0.7976722717285156,0.9704694747924805,3.0337867736816406
20250825_141652,0.7975866198539734,0.9704320430755615,3.0336365699768066
20250825_141652,0.7974932789802551,0.9701425433158875,3.0335731506347656
20250825_141652,0.7974194884300232,0.9701344966888428,3.03340744972229
20250825_141652,0.7973048090934753,0.9701079726219177,3.0332283973693848
20250825_141652,0.7971336245536804,0.9702476859092712,3.0331625938415527
20250825_141652,0.7969403862953186,0.970538854598999,3.0328404903411865
20250825_141652,0.7968230843544006,0.9705464839935303,3.0326755046844482
20250825_141652,0.7968014478683472,0.9704399704933167,3.0324344635009766
20250825_141652,0.7964889407157898,0.9708591103553772,3.0321567058563232
20250825_141652,0.7965826988220215,0.9705653190612793,3.0320606231689453
20250825_141652,0.7964401245117188,0.9706639647483826,3.031851053237915
20250825_141652,0.7963471412658691,0.9707303047180176,3.03165864944458
20250825_141652,0.7965983152389526,0.9696263074874878,3.031588077545166
20250825_141652,0.7959924936294556,0.9710564613342285,3.03121018409729
20250825_141652,0.7960749268531799,0.9706966876983643,3.031092882156372
20250825_141652,0.7959518432617188,0.9708325862884521,3.0308682918548584
20250825_141652,0.7958595752716064,0.9709131717681885,3.030651092529297
20250825_141652,0.7957622408866882,0.971027672290802,3.0303955078125
20250825_141652,0.795592725276947,0.9710925221443176,3.03014874458313
20250825_141652,0.7955150604248047,0.9712187051773071,3.0299112796783447
20250825_141652,0.7953645586967468,0.971342146396637,3.029691457748413
20250825_141652,0.7952731847763062,0.9714478254318237,3.029465675354004
20250825_141652,0.7951658368110657,0.9716095328330994,3.029195785522461
20250825_141652,0.7950536608695984,0.9716973304748535,3.028942346572876
20250825_141652,0.7949858903884888,0.9718285799026489,3.028705358505249
20250825_141652,0.794833779335022,0.971992552280426,3.028426170349121
20250825_141653,0.7947482466697693,0.9721354842185974,3.0281779766082764
20250825_141653,0.7946091294288635,0.9722933769226074,3.027902364730835
20250825_141653,0.794489324092865,0.97242671251297,3.02763032913208
20250825_141653,0.7943156957626343,0.9728428721427917,3.027397871017456
20250825_141653,0.7942146062850952,0.9725154042243958,3.027047634124756
20250825_141653,0.7940675020217896,0.9727360606193542,3.026749610900879
20250825_141653,0.7937405109405518,0.9737314581871033,3.026459217071533
20250825_141653,0.7936509847640991,0.9738886952400208,3.0261785984039307
20250825_141653,0.7935230731964111,0.9740871787071228,3.0258936882019043
20250825_141653,0.7932963371276855,0.9744620323181152,3.025663137435913
20250825_141653,0.7932440638542175,0.9744686484336853,3.0253121852874756
20250825_141653,0.7931427359580994,0.9743600487709045,3.0250961780548096
20250825_141653,0.7930108308792114,0.97454833984375,3.024811029434204
20250825_141653,0.792762041091919,0.9750536680221558,3.0244016647338867
20250825_141653,0.7926223874092102,0.9745553135871887,3.0241239070892334
20250825_141653,0.792392373085022,0.9748258590698242,3.0238256454467773
20250825_141653,0.7921752333641052,0.9750992059707642,3.023587942123413
20250825_141653,0.7920461297035217,0.9752515554428101,3.023308753967285
20250825_141653,0.791844367980957,0.9754671454429626,3.023005723953247
20250825_141653,0.7916848659515381,0.9756376147270203,3.02275013923645
20250825_141653,0.7914982438087463,0.9758914113044739,3.0223891735076904
20250825_141653,0.791339635848999,0.9762323498725891,3.022042751312256
20250825_141653,0.7911908626556396,0.9764425754547119,3.0217347145080566
20250825_141653,0.790882408618927,0.9768519401550293,3.0214598178863525
20250825_141653,0.7908344268798828,0.9765332937240601,3.0210251808166504
20250825_141653,0.7903391122817993,0.9777994155883789,3.0207228660583496
20250825_141653,0.7901777625083923,0.9779767394065857,3.020411252975464
20250825_141653,0.7898141145706177,0.978628933429718,3.019946575164795
20250825_141653,0.7897861003875732,0.978188693523407,3.019820213317871
20250825_141653,0.7896121144294739,0.9783954620361328,3.019503355026245
20250825_141653,0.7894790172576904,0.977949321269989,3.0189454555511475
20250825_141653,0.7891190648078918,0.9788392186164856,3.018846035003662
20250825_141653,0.7888661623001099,0.979038417339325,3.018472909927368
20250825_141653,0.7886368036270142,0.9792445302009583,3.018192768096924
20250825_141653,0.7884507775306702,0.9794641137123108,3.0178921222686768
20250825_141653,0.7882117629051208,0.9796852469444275,3.0175819396972656
20250825_141653,0.7880125045776367,0.9798973202705383,3.017287254333496
20250825_141653,0.7877512574195862,0.9801705479621887,3.0169289112091064
20250825_141653,0.7873240113258362,0.9801511764526367,3.0164859294891357
20250825_141653,0.7871000170707703,0.980411946773529,3.016176700592041
20250825_141653,0.7866911888122559,0.981267511844635,3.015918493270874
20250825_141653,0.78636234998703,0.9815748929977417,3.015568494796753
20250825_141653,0.7861093878746033,0.9818670749664307,3.0152432918548584
20250825_141653,0.7857347130775452,0.9824118614196777,3.014841079711914
20250825_141653,0.7855038642883301,0.9822786450386047,3.014180898666382
20250825_141653,0.7850675582885742,0.9832209348678589,3.0140607357025146
20250825_141653,0.7849715948104858,0.9830524325370789,3.013798713684082
20250825_141653,0.7845470905303955,0.9832607507705688,3.0135161876678467
20250825_141653,0.7842352986335754,0.983491837978363,3.013136148452759
20250825_141653,0.7838843464851379,0.9834937453269958,3.0127663612365723
20250825_141653,0.7835706472396851,0.9837119579315186,3.0124645233154297
20250825_141653,0.7832270860671997,0.9840162396430969,3.012042760848999
20250825_141653,0.7828725576400757,0.9843046069145203,3.0116937160491943
20250825_141653,0.7823196649551392,0.9857277274131775,3.011401414871216
20250825_141653,0.7820488810539246,0.985884428024292,3.0109922885894775
20250825_141653,0.7815755009651184,0.986508309841156,3.010592222213745
20250825_141653,0.781400203704834,0.9862524271011353,3.010371685028076
20250825_141653,0.7810629606246948,0.9864594340324402,3.0100491046905518
20250825_141653,0.7807321548461914,0.9869444966316223,3.009629011154175
20250825_141653,0.780265748500824,0.9872118830680847,3.009352922439575
20250825_141653,0.7799046635627747,0.9872223138809204,3.008946418762207
20250825_141653,0.7796643376350403,0.9877661466598511,3.0086729526519775
20250825_141653,0.7792896628379822,0.9880257248878479,3.0083367824554443
20250825_141653,0.7788184881210327,0.9887824654579163,3.0079503059387207
20250825_141653,0.7782185077667236,0.9892196655273438,3.007699966430664
20250825_141653,0.7779165506362915,0.9893794655799866,3.0072944164276123
20250825_141653,0.7774975299835205,0.9896632432937622,3.0069613456726074
20250825_141653,0.7771936058998108,0.9897594451904297,3.0066187381744385
20250825_141653,0.7766692638397217,0.9904423356056213,3.006232500076294
20250825_141653,0.7763962149620056,0.9903694987297058,3.005969762802124
20250825_141653,0.7760350704193115,0.9906380772590637,3.0056519508361816
20250825_141653,0.7754878997802734,0.9910231828689575,3.0052759647369385
20250825_141653,0.7751905918121338,0.9907854795455933,3.004824638366699
20250825_141653,0.7748377919197083,0.9911691546440125,3.0044784545898438
20250825_141653,0.7741094827651978,0.992275059223175,3.0042502880096436
20250825_141653,0.7737109661102295,0.9925172924995422,3.0039150714874268
20250825_141653,0.7731860876083374,0.9926669597625732,3.0036091804504395
20250825_141653,0.7728413343429565,0.9928364157676697,3.0033018589019775
20250825_141653,0.7724681496620178,0.9930407404899597,3.00298810005188
20250825_141653,0.7721407413482666,0.9930683374404907,3.00266432762146
20250825_141653,0.7718033790588379,0.9932911396026611,3.002382755279541
20250825_141653,0.7711846232414246,0.9938824772834778,3.0020153522491455
20250825_141653,0.7708446979522705,0.9940462708473206,3.00173282623291
20250825_141653,0.7704703211784363,0.993934154510498,3.0015177726745605
20250825_141653,0.7699565291404724,0.9938721060752869,3.0011658668518066
20250825_141653,0.7694087624549866,0.9948531985282898,3.000896692276001
20250825_141653,0.7688358426094055,0.9953625798225403,3.000617265701294
20250825_141653,0.7685002684593201,0.995233952999115,3.000403881072998
20250825_141653,0.7679728865623474,0.9951670169830322,3.000119924545288
20250825_141653,0.7675801515579224,0.9952326416969299,2.999826431274414
20250825_141653,0.7670941352844238,0.9956388473510742,2.9994657039642334
20250825_141653,0.7666411399841309,0.9957432746887207,2.99920916557312
20250825_141653,0.7663781642913818,0.9954013824462891,2.9990015029907227
20250825_141653,0.7659282088279724,0.9954947233200073,2.9987385272979736
20250825_141653,0.7654601335525513,0.9953046441078186,2.9983975887298584
20250825_141653,0.764731228351593,0.9959656000137329,2.9980075359344482
20250825_141653,0.7643347978591919,0.9959921836853027,2.997706651687622
20250825_141653,0.7639487385749817,0.9960707426071167,2.997450590133667
20250825_141653,0.7636397480964661,0.9958110451698303,2.9972660541534424
20250825_141653,0.7634167075157166,0.9958135485649109,2.9968485832214355
20250825_141654,0.7628958225250244,0.9960956573486328,2.9966657161712646
20250825_141654,0.7624900937080383,0.9961565732955933,2.9963765144348145
20250825_141654,0.761771023273468,0.9969487190246582,2.9962680339813232
20250825_141654,0.7613450288772583,0.9970702528953552,2.9960246086120605
20250825_141654,0.7609125971794128,0.9974280595779419,2.995678663253784
20250825_141654,0.7605435252189636,0.9972632527351379,2.9955310821533203
20250825_141654,0.7602406144142151,0.9971863031387329,2.995225191116333
20250825_141654,0.7597911953926086,0.9974403977394104,2.9949452877044678
20250825_141654,0.7593849301338196,0.9975464940071106,2.9947173595428467
20250825_141654,0.7589026689529419,0.9976220726966858,2.9944653511047363
20250825_141654,0.7582911252975464,0.9981836676597595,2.99424147605896
20250825_141654,0.7579837441444397,0.998222827911377,2.993957281112671
20250825_141654,0.7574910521507263,0.9984561800956726,2.993704080581665
20250825_141654,0.7569912075996399,0.9988275170326233,2.9934964179992676
20250825_141654,0.7565573453903198,0.999000608921051,2.9932057857513428
20250825_141654,0.7561734318733215,0.9990662336349487,2.9929585456848145
20250825_141654,0.7556804418563843,0.9994043707847595,2.9926531314849854
20250825_141654,0.7552505135536194,0.9995465278625488,2.9923954010009766
20250825_141654,0.7548761367797852,0.9996931552886963,2.992144823074341
20250825_141654,0.7546253204345703,0.9995766878128052,2.99190354347229
20250825_141654,0.7542353272438049,0.9996644258499146,2.991630792617798
20250825_141654,0.7538474798202515,0.9998530149459839,2.9913816452026367
20250825_141654,0.7532625794410706,0.9999968409538269,2.991119861602783
20250825_141654,0.752941906452179,1.000098466873169,2.990875482559204
20250825_141654,0.7524699568748474,0.9999557733535767,2.990586280822754
20250825_141654,0.7520959973335266,1.00006902217865,2.9903147220611572
20250825_141654,0.7515708208084106,1.0006660223007202,2.990025758743286
20250825_141654,0.7512144446372986,1.0009838342666626,2.9899165630340576
20250825_141654,0.7507311105728149,1.0015959739685059,2.9896438121795654
20250825_141654,0.7503372430801392,1.0017151832580566,2.989367723464966
20250825_141654,0.7503350973129272,1.0006605386734009,2.989246368408203
20250825_141654,0.7496040463447571,1.0021038055419922,2.9889283180236816
20250825_141654,0.7492490410804749,1.0023937225341797,2.988677740097046
20250825_141654,0.7490572333335876,1.0022618770599365,2.9884729385375977
20250825_141654,0.7487533092498779,1.0021932125091553,2.9883482456207275
20250825_141654,0.7484074234962463,1.002272367477417,2.9881529808044434
20250825_141654,0.748077392578125,1.0024185180664062,2.9879519939422607
20250825_141654,0.7476585507392883,1.0024629831314087,2.987820625305176
20250825_141654,0.747391939163208,1.0025315284729004,2.987637996673584
20250825_141654,0.7470598816871643,1.002625584602356,2.98750901222229
20250825_141654,0.7468554973602295,1.0022224187850952,2.9871957302093506
20250825_141654,0.746536374092102,1.002242922782898,2.9870269298553467
20250825_141654,0.7457996606826782,1.0037448406219482,2.986881971359253
20250825_141654,0.7453211545944214,1.0043007135391235,2.986734390258789
20250825_141654,0.7451684474945068,1.0039836168289185,2.9867005348205566
20250825_141654,0.744917631149292,1.004037857055664,2.9865212440490723
20250825_141654,0.744597852230072,1.004128098487854,2.9864139556884766
20250825_141654,0.7442774176597595,1.004245638847351,2.986300468444824
20250825_141654,0.7445927858352661,1.0027209520339966,2.986384153366089
20250825_141654,0.7438983917236328,1.0040578842163086,2.986176013946533
20250825_141654,0.7437041401863098,1.0040833950042725,2.9861085414886475
20250825_141654,0.7434543371200562,1.0040887594223022,2.9860668182373047
20250825_141654,0.7434340119361877,1.0036356449127197,2.9860358238220215
20250825_141654,0.7431841492652893,1.0036072731018066,2.985978603363037
20250825_141654,0.7429896593093872,1.0035667419433594,2.9859185218811035
20250825_141654,0.7427846193313599,1.0035932064056396,2.9858932495117188
20250825_141654,0.7425671815872192,1.0035232305526733,2.985870838165283
20250825_141654,0.7423921227455139,1.0034804344177246,2.98580002784729
20250825_141654,0.7421665787696838,1.0034277439117432,2.9857752323150635
20250825_141654,0.7419793605804443,1.0033568143844604,2.9857208728790283
20250825_141654,0.7417669296264648,1.0033094882965088,2.985691785812378
20250825_141654,0.7415943145751953,1.0032349824905396,2.9856882095336914
20250825_141654,0.7414438128471375,1.00315260887146,2.985664129257202
20250825_141654,0.7412434816360474,1.003088355064392,2.9856553077697754
20250825_141654,0.7411276698112488,1.003001093864441,2.98561429977417
20250825_141654,0.7409374713897705,1.0028636455535889,2.985586166381836
20250825_141654,0.740795373916626,1.0027920007705688,2.9855730533599854
20250825_141654,0.7406269311904907,1.0027347803115845,2.9855263233184814
20250825_141654,0.7405033707618713,1.0025994777679443,2.9855244159698486
20250825_141654,0.7404236197471619,1.0025337934494019,2.985538959503174
20250825_141654,0.7402595281600952,1.0024497509002686,2.9855430126190186
20250825_141654,0.7401642203330994,1.0023142099380493,2.9855215549468994
20250825_141654,0.7400339841842651,1.0022200345993042,2.9855122566223145
20250825_141654,0.7397958040237427,1.0021611452102661,2.985492706298828
20250825_141654,0.7396698594093323,1.0020734071731567,2.9854817390441895
20250825_141654,0.7394993901252747,1.0019673109054565,2.9854960441589355
20250825_141654,0.7394129633903503,1.0018351078033447,2.985504627227783
20250825_141654,0.7392553687095642,1.0017189979553223,2.9855196475982666
20250825_141654,0.7390679121017456,1.001306414604187,2.9854512214660645
20250825_141654,0.7390210032463074,1.0014065504074097,2.9854936599731445
20250825_141654,0.7388407588005066,1.0012621879577637,2.9854695796966553
20250825_141654,0.7387376427650452,1.0011348724365234,2.9854507446289062
20250825_141654,0.7385911345481873,1.0010148286819458,2.9854462146759033
20250825_141654,0.7384952902793884,1.000848412513733,2.985424757003784
20250825_141654,0.7383727431297302,1.000699520111084,2.985386371612549
20250825_141654,0.7382475733757019,1.000522494316101,2.9853293895721436
20250825_141654,0.7381313443183899,1.000362753868103,2.9852590560913086
20250825_141654,0.7379665970802307,1.000211477279663,2.985217332839966
20250825_141654,0.7376881837844849,1.0004745721817017,2.985081195831299
20250825_141654,0.7375457286834717,1.0003222227096558,2.9850661754608154
20250825_141654,0.7373981475830078,1.0001519918441772,2.985032081604004
20250825_141654,0.7372631430625916,0.9999784231185913,2.9849648475646973
20250825_141654,0.7370811104774475,0.9997892379760742,2.984947681427002
20250825_141654,0.736844539642334,0.9999653100967407,2.9847893714904785
20250825_141654,0.7367714047431946,0.9994260668754578,2.9848434925079346
20250825_141654,0.7366477251052856,0.9992308616638184,2.9847757816314697
20250825_141654,0.7364909052848816,0.9990505576133728,2.9847257137298584
20250825_141654,0.7363083362579346,0.9988486170768738,2.9846901893615723
20250825_141654,0.7361644506454468,0.9986791014671326,2.9845879077911377
20250825_141654,0.7359896898269653,0.9984518885612488,2.9845283031463623
20250825_141655,0.7358560562133789,0.9982426762580872,2.9844396114349365
20250825_141655,0.7356641292572021,0.9980993270874023,2.9843595027923584
20250825_141655,0.7355058789253235,0.9978986978530884,2.9842848777770996
20250825_141655,0.7353817820549011,0.997687578201294,2.984177589416504
20250825_141655,0.7351787090301514,0.9974908828735352,2.9841017723083496
20250825_141655,0.7351087331771851,0.9969882369041443,2.9840548038482666
20250825_141655,0.7349019050598145,0.9968104958534241,2.9839460849761963
20250825_141655,0.7347298860549927,0.9966056942939758,2.983837127685547
20250825_141655,0.7343283891677856,0.9969720840454102,2.983572244644165
20250825_141655,0.7340980768203735,0.9967915415763855,2.9834554195404053
20250825_141655,0.7339454293251038,0.9965787529945374,2.9833528995513916
20250825_141655,0.7336919903755188,0.9964179992675781,2.983232021331787
20250825_141655,0.7334802150726318,0.9962220788002014,2.983088731765747
20250825_141655,0.733223557472229,0.9960407614707947,2.982980489730835
20250825_141655,0.7330028414726257,0.9958800077438354,2.982860803604126
20250825_141655,0.7327930331230164,0.9957143664360046,2.982731342315674
20250825_141655,0.7325111627578735,0.9955800771713257,2.9826087951660156
20250825_141655,0.7323275804519653,0.995428204536438,2.9824254512786865
20250825_141655,0.7319865822792053,0.9955590963363647,2.98218035697937
20250825_141655,0.7315718531608582,0.9957853555679321,2.981914758682251
20250825_141655,0.7314558029174805,0.9953035712242126,2.981837511062622
20250825_141655,0.7312878966331482,0.994838535785675,2.9817512035369873
20250825_141655,0.7309679985046387,0.9950196146965027,2.9815008640289307
20250825_141655,0.7307502031326294,0.9944450855255127,2.981412649154663
20250825_141655,0.7305430173873901,0.9942604899406433,2.981215238571167
20250825_141655,0.7302756309509277,0.9941158890724182,2.9810168743133545
20250825_141655,0.7300155162811279,0.9939455389976501,2.9807932376861572
20250825_141655,0.7296938896179199,0.993896484375,2.9806103706359863
20250825_141655,0.7293926477432251,0.9939285516738892,2.980417251586914
20250825_141655,0.7291624546051025,0.9937700033187866,2.980192184448242
20250825_141655,0.7288666367530823,0.993655800819397,2.9800100326538086
20250825_141655,0.728574275970459,0.9934931397438049,2.979825258255005
20250825_141655,0.7282679677009583,0.9929870963096619,2.979506015777588
20250825_141655,0.7279695868492126,0.9928440451622009,2.9793343544006348
20250825_141655,0.7276780009269714,0.9927721619606018,2.979126453399658
20250825_141655,0.7273345589637756,0.9926800727844238,2.9789342880249023
20250825_141655,0.7271870970726013,0.9922263622283936,2.978790044784546
20250825_141655,0.7268628478050232,0.9921079277992249,2.9785687923431396
20250825_141655,0.7264885306358337,0.9919171929359436,2.9783852100372314
20250825_141655,0.7261854410171509,0.9918117523193359,2.978153944015503
20250825_141655,0.7257130146026611,0.9920307397842407,2.9778835773468018
20250825_141655,0.7254272103309631,0.9918761849403381,2.9776804447174072
20250825_141655,0.7250909805297852,0.9917615056037903,2.9774577617645264
20250825_141655,0.7248137593269348,0.9915835857391357,2.97719669342041
20250825_141655,0.7244721055030823,0.9914724826812744,2.97694730758667
20250825_141655,0.7240867018699646,0.9915074706077576,2.9766438007354736
20250825_141655,0.7237865924835205,0.9914560317993164,2.9763529300689697
20250825_141655,0.7234393954277039,0.9913721680641174,2.9761786460876465
20250825_141655,0.7232816815376282,0.990943193435669,2.9759769439697266
20250825_141655,0.7228028774261475,0.990848183631897,2.9757728576660156
20250825_141655,0.7223926186561584,0.9911994338035583,2.975606918334961
20250825_141655,0.7220875024795532,0.9913750886917114,2.9752771854400635
20250825_141655,0.7215564846992493,0.9916278123855591,2.9749772548675537
20250825_141655,0.721252977848053,0.9915431141853333,2.974752187728882
20250825_141655,0.7208479046821594,0.9915030002593994,2.97452449798584
20250825_141655,0.7205290198326111,0.9913074374198914,2.974344253540039
20250825_141655,0.7204513549804688,0.989996075630188,2.974168539047241
20250825_141655,0.720196008682251,0.9895449876785278,2.9740307331085205
20250825_141655,0.7195956707000732,0.9904922842979431,2.973764181137085
20250825_141655,0.7191438674926758,0.9906252026557922,2.9734814167022705
20250825_141655,0.7187089323997498,0.9905303716659546,2.973327398300171
20250825_141655,0.7183646559715271,0.990456223487854,2.973123073577881
20250825_141655,0.7178283929824829,0.991050660610199,2.9727485179901123
20250825_141655,0.7173905968666077,0.9913081526756287,2.972460985183716
20250825_141655,0.7170225381851196,0.9912295341491699,2.9722278118133545
20250825_141655,0.7167097330093384,0.9911571145057678,2.9720306396484375
20250825_141655,0.7165330648422241,0.9900371432304382,2.971904754638672
20250825_141655,0.7163069844245911,0.9896483421325684,2.9717369079589844
20250825_141655,0.7159559726715088,0.9895921945571899,2.971532106399536
20250825_141655,0.715606153011322,0.9898003935813904,2.971331834793091
20250825_141655,0.7152720093727112,0.9897494912147522,2.97110652923584
20250825_141655,0.714762270450592,0.9898122549057007,2.970886468887329
20250825_141655,0.7143210172653198,0.9894922375679016,2.970614433288574
20250825_141655,0.7140458822250366,0.9897233247756958,2.9704864025115967
20250825_141655,0.7136439085006714,0.9893834590911865,2.970266103744507
20250825_141655,0.7134391069412231,0.9891338348388672,2.9699480533599854
20250825_141655,0.7129682302474976,0.9895181059837341,2.9698352813720703
20250825_141655,0.7125406265258789,0.9903677105903625,2.9696500301361084
20250825_141655,0.7122411727905273,0.990136981010437,2.9695260524749756
20250825_141655,0.7118945121765137,0.9901571869850159,2.9694035053253174
20250825_141655,0.7114942669868469,0.9905423521995544,2.9691178798675537
20250825_141655,0.7108911871910095,0.9908198118209839,2.968961715698242
20250825_141655,0.7106130123138428,0.9908062219619751,2.96878719329834
20250825_141655,0.710248589515686,0.9908324480056763,2.968646764755249
20250825_141655,0.7099675536155701,0.9907355308532715,2.968461513519287
20250825_141655,0.709784209728241,0.9901030659675598,2.9684295654296875
20250825_141655,0.7094053626060486,0.9905368089675903,2.968205213546753
20250825_141655,0.7091215252876282,0.9904494285583496,2.9680583477020264
20250825_141655,0.7087790369987488,0.9901425838470459,2.967991590499878
20250825_141655,0.7083462476730347,0.9906753897666931,2.9677393436431885
20250825_141655,0.7081456184387207,0.9901770353317261,2.967632532119751
20250825_141655,0.7078329920768738,0.9900830388069153,2.9675021171569824
20250825_141655,0.7074523568153381,0.9899061322212219,2.9674112796783447
20250825_141655,0.7072898149490356,0.989450216293335,2.9673831462860107
20250825_141655,0.7069439888000488,0.9896257519721985,2.96718430519104
20250825_141655,0.7068078517913818,0.9891780614852905,2.9671311378479004
20250825_141655,0.7065839767456055,0.9889937043190002,2.967041254043579
20250825_141655,0.7063749432563782,0.9888855814933777,2.9669547080993652
20250825_141655,0.7061108350753784,0.9887436628341675,2.966860771179199
20250825_141655,0.7059658765792847,0.9885040521621704,2.9668965339660645
20250825_141656,0.7057080268859863,0.9883902072906494,2.9668407440185547
20250825_141656,0.7055273652076721,0.988222599029541,2.9667515754699707
20250825_141656,0.7053303122520447,0.9880815148353577,2.9666709899902344
20250825_141656,0.7051433324813843,0.9879222512245178,2.9666402339935303
20250825_141656,0.7049815654754639,0.9878193736076355,2.9665403366088867
20250825_141656,0.7047644853591919,0.9878360033035278,2.9664554595947266
20250825_141656,0.7046164870262146,0.9876613020896912,2.966399908065796
20250825_141656,0.7044388651847839,0.9875839948654175,2.966071128845215
20250825_141656,0.7043154835700989,0.987631618976593,2.9659383296966553
20250825_141656,0.7040722370147705,0.9878382086753845,2.965769052505493
20250825_141656,0.704041600227356,0.9873931407928467,2.96580171585083
20250825_141656,0.7039438486099243,0.9872871041297913,2.9657602310180664
20250825_141656,0.7036757469177246,0.9866082668304443,2.965874433517456
20250825_141656,0.7036051750183105,0.9865387678146362,2.965664863586426
20250825_141656,0.7034567594528198,0.9864060878753662,2.965606927871704
20250825_141656,0.7033579349517822,0.9862377643585205,2.9655508995056152
20250825_141656,0.7033151984214783,0.9861522316932678,2.965547561645508
20250825_141656,0.7031272053718567,0.9867717027664185,2.9656052589416504
20250825_141656,0.7031030058860779,0.9866148829460144,2.9655818939208984
20250825_141656,0.7030531764030457,0.9868143796920776,2.965508222579956
20250825_141656,0.7030100226402283,0.9866446256637573,2.965496301651001
20250825_141656,0.7030096650123596,0.986509382724762,2.965468168258667
20250825_141656,0.7029206156730652,0.9858924746513367,2.965549945831299
20250825_141656,0.7029310464859009,0.9857476949691772,2.9655263423919678
20250825_141656,0.7028768062591553,0.9856041669845581,2.965728998184204
20250825_141656,0.7030632495880127,0.9850291013717651,2.96553635597229
20250825_141656,0.7033216953277588,0.9838575124740601,2.965306043624878
20250825_141656,0.7032781839370728,0.9837214350700378,2.965306282043457
