time_s,x,y,z
20251029_135951.173673,1.0010011196136475,0.07825629413127899,1.0005015134811401
20251029_135951.174392,1.0012091398239136,0.07810501754283905,1.0004942417144775
20251029_135951.175853,1.0010159015655518,0.07832031697034836,1.000543475151062
20251029_135951.176549,1.0011576414108276,0.07819734513759613,1.0005772113800049
20251029_135951.178186,1.0012017488479614,0.07805334776639938,1.0005667209625244
20251029_135951.178908,1.0011688470840454,0.07813064008951187,1.0005728006362915
20251029_135951.179779,1.001127004623413,0.07808304578065872,1.0005948543548584
20251029_135951.181438,1.0012110471725464,0.07814056426286697,1.0005019903182983
20251029_135951.182562,1.0011259317398071,0.07851558178663254,1.0005351305007935
20251029_135951.183623,1.001187801361084,0.07820428907871246,1.0005873441696167
20251029_135951.184687,1.0011905431747437,0.07802597433328629,1.0005868673324585
20251029_135951.186151,1.0012177228927612,0.07812712341547012,1.0004873275756836
20251029_135951.195544,1.001223087310791,0.07810819149017334,1.00052011013031
20251029_135951.205844,1.0011601448059082,0.07788519561290741,1.0006047487258911
20251029_135951.216027,1.0011296272277832,0.07807083427906036,1.000441551208496
20251029_135951.226226,1.0011274814605713,0.07808884978294373,1.0005043745040894
20251029_135951.243476,1.0011827945709229,0.07798703014850616,1.000584363937378
20251029_135951.246301,1.0011447668075562,0.07788149267435074,1.00059974193573
20251029_135951.256189,1.0011026859283447,0.07790284603834152,1.0005319118499756
20251029_135951.266395,1.0010178089141846,0.07834440469741821,1.0005141496658325
20251029_135951.277465,1.0009874105453491,0.07836160063743591,1.0004634857177734
20251029_135951.286349,1.0011441707611084,0.07807177305221558,1.0005143880844116
20251029_135951.296338,1.0011647939682007,0.07800623774528503,1.0005332231521606
20251029_135951.306068,1.0011063814163208,0.07793550193309784,1.0005762577056885
20251029_135951.316260,1.0010244846343994,0.07792041450738907,1.0005722045898438
20251029_135951.326291,1.000899076461792,0.0783221423625946,1.0005203485488892
20251029_135951.336441,1.0011098384857178,0.07824264466762543,1.0004677772521973
20251029_135951.346317,1.001116394996643,0.07823694497346878,1.0004724264144897
20251029_135951.356269,1.0010515451431274,0.07814973592758179,1.0005323886871338
20251029_135951.366356,1.001001238822937,0.07816522568464279,1.00058913230896
20251029_135951.376284,1.000938057899475,0.0782603770494461,1.0006077289581299
20251029_135951.386389,1.0008821487426758,0.07847777754068375,1.0006697177886963
20251029_135951.396535,1.0009455680847168,0.07866853475570679,1.0009124279022217
20251029_135951.406654,1.0007773637771606,0.07889235019683838,1.000802755355835
20251029_135951.416347,1.0006603002548218,0.0791940689086914,1.000954508781433
20251029_135951.426441,1.0006887912750244,0.07994247227907181,1.0009592771530151
20251029_135951.436809,1.0002142190933228,0.08036620914936066,1.0009371042251587
20251029_135951.446264,0.9999002814292908,0.08146361261606216,1.001018762588501
20251029_135951.456434,0.9996128678321838,0.08239857852458954,1.0011016130447388
20251029_135951.466294,0.9994925260543823,0.08344152569770813,1.0014163255691528
20251029_135951.476361,0.9992037415504456,0.08489710837602615,1.001530647277832
20251029_135951.486322,0.9993234276771545,0.08590377122163773,1.0019023418426514
20251029_135951.496119,0.9992432594299316,0.08766374737024307,1.0021249055862427
20251029_135951.506817,0.9989973306655884,0.08949805051088333,1.002008318901062
20251029_135951.516868,0.998683750629425,0.09190327674150467,1.0018118619918823
20251029_135951.526428,0.9984530210494995,0.09396999329328537,1.0025050640106201
20251029_135951.537010,0.9983353018760681,0.09576983004808426,1.0028579235076904
20251029_135951.546474,0.9982022643089294,0.09830962121486664,1.003005862236023
20251029_135951.556872,0.9980579614639282,0.1016516238451004,1.0028859376907349
20251029_135951.566409,0.9977484345436096,0.10452917963266373,1.002846121788025
20251029_135951.576457,0.9975968599319458,0.10764545202255249,1.0031819343566895
20251029_135951.586087,0.9972035884857178,0.1112656518816948,1.0032870769500732
20251029_135951.596790,0.9970219731330872,0.11419224739074707,1.0036450624465942
20251029_135951.606638,0.9969615936279297,0.11724236607551575,1.0040266513824463
20251029_135951.616684,0.9967692494392395,0.12097794562578201,1.004437804222107
20251029_135951.627041,0.9967637062072754,0.12438987195491791,1.004724383354187
20251029_135951.636760,0.9967517852783203,0.12788976728916168,1.0050653219223022
20251029_135951.646866,0.9968185424804688,0.1324089914560318,1.0050064325332642
20251029_135951.656448,0.9965754151344299,0.1361309289932251,1.0052719116210938
20251029_135951.666476,0.9964991807937622,0.14068768918514252,1.0056157112121582
20251029_135951.676151,0.9963914752006531,0.14457343518733978,1.0062637329101562
20251029_135951.686749,0.9967527389526367,0.14825953543186188,1.0069241523742676
20251029_135951.706620,0.9965277910232544,0.15776538848876953,1.0069801807403564
20251029_135951.716374,0.9967498779296875,0.1623634248971939,1.00741446018219
20251029_135951.726571,0.9965065717697144,0.16679461300373077,1.0078051090240479
20251029_135951.736582,0.9965823292732239,0.1716192662715912,1.0082110166549683
20251029_135951.759592,0.9967382550239563,0.1811145544052124,1.0088821649551392
20251029_135951.765978,0.9965938925743103,0.18655464053153992,1.0089601278305054
20251029_135951.775901,0.996786892414093,0.19145002961158752,1.009652853012085
20251029_135951.786570,0.9964990019798279,0.19642561674118042,1.0101124048233032
20251029_135951.795896,0.9967507123947144,0.20128946006298065,1.0103446245193481
20251029_135951.806370,0.9969591498374939,0.2067209929227829,1.0107275247573853
20251029_135951.816354,0.9967906475067139,0.21221189200878143,1.0106399059295654
20251029_135951.826132,0.9968262910842896,0.21725240349769592,1.0114221572875977
20251029_135951.846669,0.9972291588783264,0.22815969586372375,1.0122119188308716
20251029_135951.856291,0.9971094727516174,0.23370249569416046,1.0123330354690552
20251029_135951.865845,0.9974668622016907,0.23888833820819855,1.0130611658096313
20251029_135951.876077,0.9971510171890259,0.24521207809448242,1.0131398439407349
20251029_135951.886571,0.9972104430198669,0.25089526176452637,1.0133106708526611
20251029_135951.896339,0.9974903464317322,0.2566099762916565,1.013895869255066
20251029_135951.906363,0.9974691271781921,0.26279765367507935,1.0139299631118774
20251029_135951.916853,0.9975448250770569,0.26841431856155396,1.0148409605026245
20251029_135951.925897,0.997493326663971,0.2747800052165985,1.0147110223770142
20251029_135951.937097,0.9976352453231812,0.280449241399765,1.015341877937317
20251029_135951.946614,0.9978541731834412,0.28650861978530884,1.0159152746200562
20251029_135951.955962,0.9979274272918701,0.29307040572166443,1.0162053108215332
20251029_135951.966317,0.9979369044303894,0.2991611659526825,1.0167237520217896
20251029_135951.976070,0.9982404112815857,0.30551302433013916,1.0169893503189087
20251029_135951.986326,0.9984049201011658,0.31182342767715454,1.0173741579055786
20251029_135951.996017,0.9983649253845215,0.31815090775489807,1.0179154872894287
20251029_135952.005836,0.9984255433082581,0.32495737075805664,1.0179290771484375
20251029_135952.015841,0.9985666871070862,0.33162418007850647,1.018380045890808
20251029_135952.026396,0.9986521601676941,0.3384045362472534,1.0185363292694092
20251029_135952.036442,0.9990180134773254,0.3450431823730469,1.018973708152771
20251029_135952.046719,0.9990701079368591,0.3516659736633301,1.0194740295410156
20251029_135952.056368,0.9991424679756165,0.3583432734012604,1.0200555324554443
20251029_135952.066338,0.9992656111717224,0.36548134684562683,1.0201677083969116
20251029_135952.075646,0.9993642568588257,0.37258678674697876,1.020320177078247
20251029_135952.085935,0.9998299479484558,0.37915435433387756,1.021187424659729
20251029_135952.096097,0.9998007416725159,0.38667985796928406,1.0210920572280884
20251029_135952.106109,1.0000579357147217,0.39376434683799744,1.0215208530426025
20251029_135952.116626,1.0000733137130737,0.40081843733787537,1.0219058990478516
20251029_135952.126168,1.0002551078796387,0.4081381857395172,1.0222710371017456
20251029_135952.136306,1.0005921125411987,0.415761798620224,1.022535800933838
20251029_135952.146216,1.000617504119873,0.4232019782066345,1.022780179977417
20251029_135952.156746,1.000737190246582,0.4307842254638672,1.022737741470337
20251029_135952.166223,1.0010839700698853,0.4382384121417999,1.0233103036880493
20251029_135952.176311,1.0012390613555908,0.4455723166465759,1.023741602897644
20251029_135952.185975,1.001477837562561,0.45364975929260254,1.0238591432571411
20251029_135952.196305,1.0015685558319092,0.4614543914794922,1.0241589546203613
20251029_135952.206322,1.0019609928131104,0.46917015314102173,1.0242657661437988
20251029_135952.216335,1.0019690990447998,0.4772922396659851,1.0243327617645264
20251029_135952.226030,1.0023071765899658,0.4847671687602997,1.0250301361083984
20251029_135952.236348,1.0022908449172974,0.49312716722488403,1.0250121355056763
20251029_135952.246711,1.0026934146881104,0.5009747743606567,1.0256239175796509
20251029_135952.256386,1.002782940864563,0.5093653798103333,1.0254322290420532
20251029_135952.266326,1.0031771659851074,0.5175126194953918,1.0259186029434204
20251029_135952.276451,1.0031118392944336,0.5257995128631592,1.0257973670959473
20251029_135952.286489,1.0034180879592896,0.5339174866676331,1.026298999786377
20251029_135952.296176,1.0037565231323242,0.5418824553489685,1.0268505811691284
20251029_135952.306463,1.00375235080719,0.5507490634918213,1.02663254737854
20251029_135952.316473,1.003952980041504,0.5590845942497253,1.026698350906372
20251029_135952.326692,1.004279613494873,0.5672979354858398,1.027109146118164
20251029_135952.336274,1.0043537616729736,0.575491726398468,1.02742600440979
20251029_135952.346364,1.004754900932312,0.5835858583450317,1.0279070138931274
20251029_135952.356425,1.0048785209655762,0.5924971103668213,1.027849555015564
20251029_135952.366300,1.0050756931304932,0.6006559133529663,1.0282413959503174
20251029_135952.376473,1.005552887916565,0.6091762781143188,1.0284510850906372
20251029_135952.386250,1.00566565990448,0.6175518035888672,1.0285781621932983
20251029_135952.396869,1.0058337450027466,0.6258038282394409,1.028617262840271
20251029_135952.406574,1.0061075687408447,0.6336687207221985,1.029233694076538
20251029_135952.416089,1.0062878131866455,0.6415743827819824,1.0295157432556152
20251029_135952.426211,1.0065091848373413,0.6501319408416748,1.029483675956726
20251029_135952.436466,1.0068950653076172,0.6583450436592102,1.0297738313674927
20251029_135952.446649,1.0070536136627197,0.666320264339447,1.0297998189926147
20251029_135952.456444,1.007256269454956,0.6741638779640198,1.0302501916885376
20251029_135952.466198,1.0075517892837524,0.6819692254066467,1.0305907726287842
20251029_135952.476446,1.0076384544372559,0.6894181370735168,1.0308187007904053
20251029_135952.486303,1.0080372095108032,0.697114884853363,1.0312728881835938
20251029_135952.496133,1.0082612037658691,0.7047198414802551,1.0312634706497192
20251029_135952.506593,1.008291482925415,0.712614893913269,1.0309436321258545
20251029_135952.516301,1.0086195468902588,0.7199540138244629,1.0314873456954956
20251029_135952.526522,1.0088704824447632,0.7267454862594604,1.0321016311645508
20251029_135952.536357,1.008847713470459,0.7343658208847046,1.0316709280014038
20251029_135952.546659,1.00920569896698,0.7412088513374329,1.0322761535644531
20251029_135952.556434,1.0094585418701172,0.7484481334686279,1.0323896408081055
20251029_135952.566445,1.0098052024841309,0.7553749084472656,1.032667636871338
20251029_135952.576448,1.0098835229873657,0.7620208263397217,1.032844066619873
20251029_135952.586059,1.0100630521774292,0.7687028050422668,1.0329607725143433
20251029_135952.595811,1.0103340148925781,0.7753445506095886,1.033115029335022
20251029_135952.606286,1.010691523551941,0.7817279100418091,1.0336869955062866
20251029_135952.616250,1.011027216911316,0.788129985332489,1.0338331460952759
20251029_135952.626408,1.011189341545105,0.7942982316017151,1.0341452360153198
20251029_135952.636537,1.01121985912323,0.8006330132484436,1.0341731309890747
20251029_135952.646878,1.0115514993667603,0.8063209652900696,1.0347648859024048
20251029_135952.656857,1.0117377042770386,0.8122678399085999,1.0348200798034668
20251029_135952.666097,1.012068748474121,0.8181184530258179,1.0351101160049438
20251029_135952.675737,1.0123428106307983,0.8241377472877502,1.0351895093917847
20251029_135952.686477,1.012534499168396,0.8296120762825012,1.0353710651397705
20251029_135952.696646,1.0127313137054443,0.8349018692970276,1.0356864929199219
20251029_135952.706259,1.0129672288894653,0.8403643369674683,1.035849928855896
20251029_135952.716698,1.01320481300354,0.8456220626831055,1.0361324548721313
20251029_135952.726373,1.0134886503219604,0.8506017327308655,1.0365369319915771
20251029_135952.736220,1.0135802030563354,0.8558419942855835,1.036399006843567
20251029_135952.746472,1.0140483379364014,0.8606311678886414,1.036914587020874
20251029_135952.756354,1.0141924619674683,0.8657001256942749,1.0368682146072388
20251029_135952.766473,1.0143187046051025,0.8699427247047424,1.0375078916549683
20251029_135952.776474,1.0146135091781616,0.8747021555900574,1.037513256072998
20251029_135952.786484,1.0148881673812866,0.8792902231216431,1.0377883911132812
20251029_135952.795584,1.0152078866958618,0.8830034732818604,1.0382882356643677
20251029_135952.806526,1.0152100324630737,0.8876315355300903,1.038392186164856
20251029_135952.816484,1.0156114101409912,0.891527533531189,1.038637638092041
20251029_135952.826128,1.0157678127288818,0.8955743908882141,1.0388997793197632
20251029_135952.836399,1.0160385370254517,0.8995968103408813,1.0390111207962036
20251029_135952.846962,1.0162811279296875,0.9029238820075989,1.0396547317504883
20251029_135952.856401,1.0165349245071411,0.9069040417671204,1.039582371711731
20251029_135952.866253,1.0166547298431396,0.9105597734451294,1.0397881269454956
20251029_135952.876150,1.01694655418396,0.9137802124023438,1.0403003692626953
20251029_135952.886133,1.0170953273773193,0.9170802235603333,1.0405300855636597
20251029_135952.896556,1.0173954963684082,0.9206023812294006,1.0407401323318481
20251029_135952.906467,1.0176109075546265,0.9236142635345459,1.0408185720443726
20251029_135952.915747,1.017853021621704,0.9264368414878845,1.0416080951690674
20251029_135952.926446,1.0180842876434326,0.929394543170929,1.0415846109390259
20251029_135952.936752,1.01825749874115,0.9323627352714539,1.04166579246521
20251029_135952.946497,1.0186092853546143,0.934897243976593,1.0422974824905396
20251029_135952.956216,1.0187190771102905,0.9376482963562012,1.042326807975769
20251029_135952.966243,1.0191795825958252,0.940252959728241,1.0425281524658203
20251029_135952.976358,1.0192433595657349,0.9427594542503357,1.0430142879486084
20251029_135952.986283,1.0195438861846924,0.9451464414596558,1.0432465076446533
20251029_135952.996294,1.0197397470474243,0.9475730061531067,1.043194055557251
20251029_135953.006349,1.019757866859436,0.9499866366386414,1.04327392578125
20251029_135953.016369,1.0202444791793823,0.9521036744117737,1.0438041687011719
20251029_135953.026449,1.0204282999038696,0.9540247321128845,1.0441018342971802
20251029_135953.036296,1.0205661058425903,0.9562931060791016,1.0441967248916626
20251029_135953.046354,1.0206819772720337,0.9581766128540039,1.0445855855941772
20251029_135953.056379,1.020941138267517,0.960164487361908,1.0448625087738037
20251029_135953.066503,1.0212143659591675,0.961950957775116,1.0449589490890503
20251029_135953.076350,1.0213487148284912,0.9638738632202148,1.0449434518814087
20251029_135953.086250,1.0214332342147827,0.9660112261772156,1.0450866222381592
20251029_135953.096453,1.021796703338623,0.9672357439994812,1.0458124876022339
20251029_135953.106295,1.0220788717269897,0.9686609506607056,1.0461090803146362
20251029_135953.116522,1.0223277807235718,0.9704515933990479,1.0460139513015747
20251029_135953.126471,1.0224846601486206,0.9717214703559875,1.0463556051254272
20251029_135953.136259,1.0225688219070435,0.973645031452179,1.0463860034942627
20251029_135953.146619,1.0227051973342896,0.9749513864517212,1.0467686653137207
20251029_135953.156288,1.0229811668395996,0.9764053225517273,1.0470325946807861
20251029_135953.166420,1.0231939554214478,0.9775583744049072,1.047319769859314
20251029_135953.176371,1.0233961343765259,0.9792882204055786,1.0472456216812134
20251029_135953.186659,1.023484230041504,0.9804991483688354,1.0472569465637207
20251029_135953.196376,1.0236544609069824,0.9815857410430908,1.0476195812225342
20251029_135953.206314,1.023758888244629,0.9827548265457153,1.0476444959640503
20251029_135953.216287,1.024071455001831,0.9837707877159119,1.0482168197631836
20251029_135953.226621,1.0243303775787354,0.9849843382835388,1.0482778549194336
20251029_135953.236517,1.024556040763855,0.9860810041427612,1.048338770866394
20251029_135953.246574,1.0246652364730835,0.9870064854621887,1.048796534538269
20251029_135953.256321,1.0247806310653687,0.9880439043045044,1.0485568046569824
20251029_135953.265793,1.0248868465423584,0.9889594912528992,1.0487196445465088
20251029_135953.276141,1.0249242782592773,0.9900508522987366,1.0486949682235718
20251029_135953.286429,1.025141954421997,0.9911428093910217,1.0490185022354126
20251029_135953.295861,1.025481104850769,0.9917690753936768,1.0494266748428345
20251029_135953.306260,1.0256662368774414,0.9925099611282349,1.049607515335083
20251029_135953.316307,1.025850534439087,0.9931237697601318,1.0499099493026733
20251029_135953.326457,1.0259499549865723,0.99370938539505,1.0500304698944092
20251029_135953.336367,1.0261735916137695,0.9944385886192322,1.050278902053833
20251029_135953.346436,1.026443362236023,0.9952707886695862,1.050471544265747
20251029_135953.356285,1.0266252756118774,0.9960173964500427,1.0506199598312378
20251029_135953.366391,1.0268163681030273,0.9965345859527588,1.0507522821426392
20251029_135953.376303,1.0269862413406372,0.997043788433075,1.0508928298950195
20251029_135953.386294,1.0270565748214722,0.9978804588317871,1.050635814666748
20251029_135953.396298,1.0271975994110107,0.9984548091888428,1.0507349967956543
20251029_135953.406344,1.027351975440979,0.9993008971214294,1.0508034229278564
20251029_135953.416329,1.0274875164031982,0.9998701214790344,1.0506527423858643
20251029_135953.426202,1.0277265310287476,1.0003589391708374,1.050949215888977
20251029_135953.436458,1.0278836488723755,1.0008549690246582,1.051099181175232
20251029_135953.446538,1.0280953645706177,1.0015208721160889,1.0512105226516724
20251029_135953.456523,1.028220295906067,1.0020670890808105,1.0512677431106567
20251029_135953.466141,1.0283881425857544,1.0025665760040283,1.051680088043213
20251029_135953.476574,1.0285542011260986,1.002951741218567,1.05172860622406
20251029_135953.486379,1.0287944078445435,1.0033810138702393,1.0517627000808716
20251029_135953.496334,1.0289716720581055,1.0038118362426758,1.05182683467865
20251029_135953.506383,1.0291736125946045,1.0040045976638794,1.0523759126663208
20251029_135953.516315,1.02932608127594,1.0047868490219116,1.051916480064392
20251029_135953.526311,1.0295495986938477,1.0054774284362793,1.0520540475845337
20251029_135953.536349,1.0297205448150635,1.005858302116394,1.0521395206451416
20251029_135953.546316,1.0299327373504639,1.006230115890503,1.0522687435150146
20251029_135953.556367,1.0301001071929932,1.0065525770187378,1.0522571802139282
20251029_135953.566341,1.0303819179534912,1.0069913864135742,1.0524828433990479
20251029_135953.576393,1.0304261445999146,1.0075745582580566,1.0524413585662842
20251029_135953.586241,1.0305061340332031,1.0080692768096924,1.0524414777755737
20251029_135953.596185,1.0307047367095947,1.008459210395813,1.0525590181350708
20251029_135953.606354,1.0308867692947388,1.0087016820907593,1.0526751279830933
20251029_135953.616736,1.0310418605804443,1.0087214708328247,1.0528385639190674
20251029_135953.626288,1.0311678647994995,1.0094197988510132,1.0524044036865234
20251029_135953.636744,1.0313776731491089,1.0097593069076538,1.0524624586105347
20251029_135953.646619,1.0315563678741455,1.0100476741790771,1.0525034666061401
20251029_135953.656340,1.0317078828811646,1.0104379653930664,1.0525494813919067
20251029_135953.666500,1.031929612159729,1.0106333494186401,1.0528202056884766
20251029_135953.676344,1.032010793685913,1.0109049081802368,1.0526907444000244
20251029_135953.687137,1.0321863889694214,1.0111597776412964,1.0526845455169678
20251029_135953.696220,1.0324708223342896,1.0115272998809814,1.0528911352157593
20251029_135953.706345,1.0326197147369385,1.0117619037628174,1.0528932809829712
20251029_135953.716293,1.0326999425888062,1.0120867490768433,1.0526947975158691
20251029_135953.726517,1.0328772068023682,1.0123505592346191,1.052677869796753
20251029_135953.736315,1.0330150127410889,1.0125547647476196,1.0527461767196655
20251029_135953.746467,1.0332071781158447,1.0127097368240356,1.0526132583618164
20251029_135953.756776,1.0333644151687622,1.0128366947174072,1.0525864362716675
20251029_135953.766381,1.0335423946380615,1.0130945444107056,1.0525603294372559
20251029_135953.776443,1.0337293148040771,1.0133341550827026,1.052573800086975
20251029_135953.786072,1.0338870286941528,1.0135252475738525,1.0525457859039307
20251029_135953.796376,1.0340310335159302,1.0137585401535034,1.0525977611541748
20251029_135953.806188,1.0342037677764893,1.0138678550720215,1.0525028705596924
20251029_135953.816251,1.0343843698501587,1.0142097473144531,1.052493929862976
20251029_135953.826241,1.0346168279647827,1.0145069360733032,1.052488088607788
20251029_135953.836255,1.0347603559494019,1.0146770477294922,1.0524228811264038
20251029_135953.846165,1.0349165201187134,1.0148255825042725,1.0523626804351807
20251029_135953.856382,1.0350490808486938,1.0149890184402466,1.0522849559783936
20251029_135953.866359,1.0353116989135742,1.0150846242904663,1.0524373054504395
20251029_135953.876940,1.0353797674179077,1.0153487920761108,1.0522103309631348
20251029_135953.886779,1.0356863737106323,1.015485405921936,1.052239179611206
20251029_135953.896567,1.0358387231826782,1.015744924545288,1.0521740913391113
20251029_135953.906719,1.0358994007110596,1.0161126852035522,1.0518312454223633
20251029_135953.916244,1.036054253578186,1.016064167022705,1.052152156829834
20251029_135953.926463,1.0361534357070923,1.016411304473877,1.0518383979797363
20251029_135953.936454,1.0363849401474,1.01670503616333,1.0517724752426147
20251029_135953.946463,1.0365537405014038,1.0169503688812256,1.051699161529541
20251029_135953.956044,1.0367116928100586,1.0171233415603638,1.0516119003295898
20251029_135953.966693,1.0368601083755493,1.0173050165176392,1.0515177249908447
20251029_135953.976435,1.0370526313781738,1.0177867412567139,1.0514349937438965
20251029_135953.986227,1.0371445417404175,1.017996072769165,1.051296591758728
20251029_135953.996136,1.0372554063796997,1.0180009603500366,1.051297664642334
20251029_135954.006584,1.0373973846435547,1.0181363821029663,1.0511234998703003
20251029_135954.016267,1.0375537872314453,1.018352746963501,1.0509157180786133
20251029_135954.026408,1.0376689434051514,1.0185500383377075,1.0508142709732056
20251029_135954.036444,1.037720799446106,1.0189672708511353,1.0503822565078735
20251029_135954.046590,1.0378577709197998,1.0190941095352173,1.0502489805221558
20251029_135954.056546,1.0380096435546875,1.0192744731903076,1.0501288175582886
20251029_135954.066083,1.0381523370742798,1.0195872783660889,1.049933671951294
20251029_135954.076174,1.0382856130599976,1.0195420980453491,1.049810767173767
20251029_135954.086246,1.0383869409561157,1.0196069478988647,1.0496896505355835
20251029_135954.097079,1.0385075807571411,1.0197323560714722,1.0495648384094238
20251029_135954.106360,1.0385870933532715,1.019921898841858,1.049413800239563
20251029_135954.116190,1.0387318134307861,1.01975679397583,1.049773097038269
20251029_135954.126247,1.0388495922088623,1.0202749967575073,1.0491654872894287
20251029_135954.136387,1.0389699935913086,1.0203880071640015,1.0490378141403198
20251029_135954.146742,1.0391883850097656,1.0201956033706665,1.049278736114502
20251029_135954.156343,1.039300799369812,1.020316243171692,1.049099087715149
20251029_135954.166341,1.0393682718276978,1.0204907655715942,1.0489269495010376
20251029_135954.176360,1.0394941568374634,1.0207796096801758,1.0485491752624512
20251029_135954.186547,1.0395963191986084,1.0209412574768066,1.0483628511428833
20251029_135954.196140,1.039723515510559,1.0210453271865845,1.0481215715408325
20251029_135954.206364,1.0398627519607544,1.0210559368133545,1.0481317043304443
20251029_135954.216345,1.0399551391601562,1.0211155414581299,1.047974705696106
20251029_135954.226448,1.040085792541504,1.021195411682129,1.0478099584579468
20251029_135954.236367,1.040183424949646,1.0212913751602173,1.0476115942001343
20251029_135954.246289,1.0403004884719849,1.0213979482650757,1.0474724769592285
20251029_135954.256462,1.0404150485992432,1.021509051322937,1.047200083732605
20251029_135954.266522,1.0405503511428833,1.0216315984725952,1.0469566583633423
20251029_135954.276156,1.040662169456482,1.0217387676239014,1.0467798709869385
20251029_135954.286263,1.0407406091690063,1.0218178033828735,1.0466153621673584
20251029_135954.296478,1.040779709815979,1.0221022367477417,1.0460121631622314
20251029_135954.306378,1.0408902168273926,1.0221531391143799,1.045814871788025
20251029_135954.316333,1.0409938097000122,1.0223009586334229,1.045637845993042
20251029_135954.326336,1.0410927534103394,1.0224460363388062,1.0454401969909668
20251029_135954.336214,1.0412060022354126,1.0225542783737183,1.0452338457107544
20251029_135954.346666,1.0413832664489746,1.0222967863082886,1.045365333557129
20251029_135954.356570,1.0414667129516602,1.0222994089126587,1.0452030897140503
20251029_135954.366587,1.0416868925094604,1.0224865674972534,1.0449196100234985
20251029_135954.376714,1.04164719581604,1.0226263999938965,1.0447419881820679
20251029_135954.386257,1.0418504476547241,1.0228513479232788,1.0444942712783813
20251029_135954.396430,1.0419398546218872,1.0230109691619873,1.0443304777145386
20251029_135954.406188,1.0420432090759277,1.023138403892517,1.0440458059310913
20251029_135954.416483,1.0421226024627686,1.0231447219848633,1.0438814163208008
20251029_135954.426458,1.042249083518982,1.0232632160186768,1.0436989068984985
20251029_135954.436616,1.0423321723937988,1.023361325263977,1.0434900522232056
20251029_135954.446345,1.0424538850784302,1.0234858989715576,1.0433070659637451
20251029_135954.456292,1.0425413846969604,1.0235660076141357,1.04304039478302
20251029_135954.466317,1.0426093339920044,1.0236432552337646,1.0428671836853027
20251029_135954.476324,1.0427117347717285,1.0236659049987793,1.0425997972488403
20251029_135954.486588,1.0428292751312256,1.0236865282058716,1.042458415031433
20251029_135954.496856,1.0428836345672607,1.0237196683883667,1.0422513484954834
20251029_135954.506700,1.0429975986480713,1.0238866806030273,1.0420737266540527
20251029_135954.516364,1.0430305004119873,1.0242382287979126,1.0414350032806396
20251029_135954.525705,1.0431396961212158,1.024254560470581,1.0412349700927734
20251029_135954.536478,1.0432100296020508,1.0242235660552979,1.041011929512024
20251029_135954.546742,1.0433493852615356,1.0243366956710815,1.04079270362854
20251029_135954.556644,1.043493390083313,1.0242071151733398,1.0409070253372192
20251029_135954.565868,1.0435633659362793,1.0244253873825073,1.0406540632247925
20251029_135954.575832,1.0436640977859497,1.0245193243026733,1.0404400825500488
20251029_135954.586564,1.0437452793121338,1.0246434211730957,1.0402458906173706
20251029_135954.596299,1.043774127960205,1.0246031284332275,1.0400499105453491
20251029_135954.606286,1.0438830852508545,1.0247291326522827,1.039773941040039
20251029_135954.616306,1.0439717769622803,1.0247955322265625,1.0395238399505615
20251029_135954.626480,1.044083833694458,1.0250142812728882,1.0393673181533813
20251029_135954.636690,1.0441454648971558,1.025145411491394,1.0391477346420288
20251029_135954.646528,1.0442112684249878,1.0252125263214111,1.0389784574508667
20251029_135954.656624,1.0442450046539307,1.0252526998519897,1.038784146308899
20251029_135954.666158,1.0444109439849854,1.0254007577896118,1.0385204553604126
20251029_135954.675711,1.0445176362991333,1.0254746675491333,1.0382519960403442
20251029_135954.686165,1.0445749759674072,1.0256285667419434,1.038074254989624
20251029_135954.696062,1.0445365905761719,1.0259610414505005,1.0374828577041626
20251029_135954.706494,1.0445736646652222,1.0259915590286255,1.037290096282959
20251029_135954.715939,1.0447056293487549,1.0259147882461548,1.0372697114944458
20251029_135954.725730,1.0447516441345215,1.0259515047073364,1.0370861291885376
20251029_135954.735724,1.0448366403579712,1.0261310338974,1.036824107170105
20251029_135954.746473,1.0448912382125854,1.026271939277649,1.0365617275238037
20251029_135954.756593,1.0449764728546143,1.0261045694351196,1.0365790128707886
20251029_135954.766427,1.0449550151824951,1.0261437892913818,1.0363084077835083
20251029_135954.776349,1.0449674129486084,1.0261690616607666,1.0361459255218506
20251029_135954.786314,1.045001745223999,1.0262051820755005,1.0359034538269043
20251029_135954.796293,1.0450794696807861,1.026250958442688,1.0357142686843872
20251029_135954.806264,1.0451163053512573,1.026267647743225,1.035493016242981
20251029_135954.816064,1.045169472694397,1.0263967514038086,1.0352473258972168
20251029_135954.826364,1.0451679229736328,1.0264109373092651,1.0350430011749268
20251029_135954.836279,1.045166254043579,1.0263527631759644,1.0348806381225586
20251029_135954.846784,1.0451613664627075,1.0262537002563477,1.03469717502594
20251029_135954.856213,1.0452548265457153,1.026394009590149,1.0345309972763062
20251029_135954.866320,1.0452345609664917,1.0263901948928833,1.0342724323272705
20251029_135954.876410,1.0452436208724976,1.0266644954681396,1.033942699432373
20251029_135954.886666,1.0453506708145142,1.0264604091644287,1.033773422241211
20251029_135954.896357,1.0453306436538696,1.026482105255127,1.0335299968719482
20251029_135954.906325,1.0452293157577515,1.0266019105911255,1.033308982849121
20251029_135954.916630,1.0453401803970337,1.026962161064148,1.0328811407089233
20251029_135954.926209,1.045362114906311,1.0268722772598267,1.0328998565673828
20251029_135954.936647,1.0453436374664307,1.0271559953689575,1.0324959754943848
20251029_135954.946132,1.045319676399231,1.0271728038787842,1.032310962677002
20251029_135954.956301,1.0453159809112549,1.0271954536437988,1.0321298837661743
20251029_135954.965923,1.045326590538025,1.027261734008789,1.0319502353668213
20251029_135954.976174,1.0453777313232422,1.0270872116088867,1.0319247245788574
20251029_135954.986701,1.0454003810882568,1.027090311050415,1.031766653060913
20251029_135954.996289,1.0452440977096558,1.027500867843628,1.0311365127563477
20251029_135955.006659,1.0453439950942993,1.0272564888000488,1.0313366651535034
20251029_135955.016220,1.0451130867004395,1.0278712511062622,1.0306247472763062
20251029_135955.026117,1.0451804399490356,1.0278092622756958,1.0305144786834717
20251029_135955.036372,1.045240879058838,1.0276870727539062,1.030351161956787
20251029_135955.046676,1.045332670211792,1.0273981094360352,1.0304532051086426
20251029_135955.056559,1.045294165611267,1.0274795293807983,1.0302815437316895
20251029_135955.066381,1.0452320575714111,1.0276144742965698,1.0300114154815674
20251029_135955.076458,1.0452184677124023,1.0276751518249512,1.029876708984375
20251029_135955.086412,1.045218825340271,1.0277096033096313,1.0296635627746582
20251029_135955.096296,1.04520583152771,1.0278980731964111,1.029396414756775
20251029_135955.106344,1.0451253652572632,1.0276038646697998,1.0293036699295044
20251029_135955.116928,1.0450438261032104,1.0274605751037598,1.0290640592575073
20251029_135955.126421,1.0450953245162964,1.027796745300293,1.0286191701889038
20251029_135955.136287,1.0450537204742432,1.0278819799423218,1.0283669233322144
20251029_135955.146701,1.0450255870819092,1.0280152559280396,1.028099536895752
20251029_135955.156606,1.0450215339660645,1.0280462503433228,1.0278890132904053
20251029_135955.166611,1.044917345046997,1.028041958808899,1.027467966079712
20251029_135955.176098,1.044856309890747,1.0280402898788452,1.0273374319076538
20251029_135955.186400,1.0448510646820068,1.027922511100769,1.0270700454711914
20251029_135955.196148,1.0448129177093506,1.0280141830444336,1.0270355939865112
20251029_135955.206332,1.0447922945022583,1.0281600952148438,1.026768684387207
20251029_135955.215888,1.0447484254837036,1.0282882452011108,1.0265636444091797
20251029_135955.226318,1.0446994304656982,1.0282684564590454,1.0263173580169678
20251029_135955.236217,1.044663906097412,1.0282076597213745,1.0261610746383667
20251029_135955.246335,1.0446207523345947,1.0281386375427246,1.0259857177734375
20251029_135955.256792,1.0445990562438965,1.028194546699524,1.025762677192688
20251029_135955.266453,1.0446913242340088,1.0282528400421143,1.0256836414337158
20251029_135955.276013,1.0445435047149658,1.0284639596939087,1.0253112316131592
20251029_135955.286534,1.0445942878723145,1.0281223058700562,1.0253850221633911
20251029_135955.296273,1.0444802045822144,1.028458833694458,1.0249783992767334
20251029_135955.306470,1.0445061922073364,1.028221607208252,1.0250253677368164
20251029_135955.316225,1.0444655418395996,1.0283136367797852,1.0247771739959717
20251029_135955.326681,1.0444608926773071,1.0283515453338623,1.0246286392211914
20251029_135955.335961,1.0443145036697388,1.0286380052566528,1.0242493152618408
20251029_135955.346146,1.0442750453948975,1.0286930799484253,1.0240912437438965
20251029_135955.356260,1.0441957712173462,1.0287539958953857,1.0238627195358276
20251029_135955.366293,1.0441627502441406,1.028786301612854,1.0237035751342773
20251029_135955.376272,1.044041395187378,1.0288114547729492,1.0232340097427368
20251029_135955.386280,1.044013261795044,1.028935432434082,1.0230915546417236
20251029_135955.396245,1.0439482927322388,1.02881920337677,1.0227866172790527
20251029_135955.406351,1.0439164638519287,1.0288513898849487,1.0225571393966675
20251029_135955.416321,1.043845534324646,1.0288827419281006,1.022300362586975
20251029_135955.426460,1.0437809228897095,1.0290284156799316,1.0220166444778442
20251029_135955.436444,1.043717384338379,1.0291879177093506,1.0218114852905273
20251029_135955.446392,1.0437283515930176,1.029106855392456,1.0216501951217651
20251029_135955.456435,1.0436806678771973,1.0290095806121826,1.021500825881958
20251029_135955.466438,1.0436244010925293,1.0289340019226074,1.0212608575820923
20251029_135955.476063,1.0435439348220825,1.0289846658706665,1.0210607051849365
20251029_135955.485792,1.0434798002243042,1.0290248394012451,1.0208708047866821
20251029_135955.496194,1.0435059070587158,1.029009461402893,1.0209169387817383
20251029_135955.506199,1.0435291528701782,1.0290824174880981,1.0206959247589111
20251029_135955.516506,1.0434831380844116,1.0291317701339722,1.0205498933792114
20251029_135955.526404,1.043273687362671,1.0291824340820312,1.0201107263565063
20251029_135955.536541,1.0432137250900269,1.0291087627410889,1.019970417022705
20251029_135955.545995,1.0431166887283325,1.02915620803833,1.0197298526763916
20251029_135955.556272,1.043159008026123,1.0292695760726929,1.019710898399353
20251029_135955.566359,1.0431228876113892,1.0292593240737915,1.0195494890213013
20251029_135955.576002,1.043073296546936,1.0292394161224365,1.0194087028503418
20251029_135955.585858,1.0429987907409668,1.0291684865951538,1.0192210674285889
20251029_135955.596471,1.0429205894470215,1.029197096824646,1.0190554857254028
20251029_135955.606429,1.0428673028945923,1.0292837619781494,1.0188672542572021
20251029_135955.616390,1.0428237915039062,1.0293982028961182,1.018720030784607
20251029_135955.625921,1.0427727699279785,1.0295265913009644,1.0183560848236084
20251029_135955.636354,1.0426723957061768,1.0296117067337036,1.018180012702942
20251029_135955.647041,1.0426220893859863,1.0296393632888794,1.0180023908615112
20251029_135955.656365,1.0425584316253662,1.0296618938446045,1.0178734064102173
20251029_135955.666205,1.0424832105636597,1.0298123359680176,1.0176234245300293
20251029_135955.676262,1.0424031019210815,1.0299776792526245,1.017425298690796
20251029_135955.686251,1.0424262285232544,1.0300605297088623,1.01740300655365
20251029_135955.696386,1.0422325134277344,1.0302075147628784,1.017188549041748
20251029_135955.706036,1.0421772003173828,1.0303105115890503,1.0170553922653198
20251029_135955.716353,1.0421055555343628,1.0303678512573242,1.0170308351516724
20251029_135955.726313,1.0421091318130493,1.0305403470993042,1.0169748067855835
20251029_135955.736728,1.0420095920562744,1.0307507514953613,1.0165494680404663
20251029_135955.746684,1.041968584060669,1.0308516025543213,1.0165163278579712
20251029_135955.756525,1.0419015884399414,1.0308687686920166,1.0164035558700562
20251029_135955.766462,1.041857361793518,1.0310957431793213,1.0160932540893555
20251029_135955.776480,1.0418248176574707,1.0312211513519287,1.0159450769424438
20251029_135955.786544,1.041749358177185,1.0314674377441406,1.0158315896987915
20251029_135955.796623,1.0417124032974243,1.031581163406372,1.0157113075256348
20251029_135955.806617,1.041621208190918,1.031548023223877,1.0156160593032837
20251029_135955.816870,1.041588544845581,1.0316157341003418,1.0155259370803833
20251029_135955.826081,1.0414882898330688,1.03171706199646,1.0151129961013794
20251029_135955.836257,1.041440486907959,1.0319206714630127,1.0152499675750732
20251029_135955.846454,1.0413157939910889,1.0321637392044067,1.014871597290039
20251029_135955.856461,1.0412908792495728,1.032283067703247,1.0148171186447144
20251029_135955.866330,1.041183590888977,1.0322527885437012,1.014688491821289
20251029_135955.876746,1.0411651134490967,1.032266616821289,1.0145827531814575
20251029_135955.886565,1.041094183921814,1.0322539806365967,1.014484167098999
20251029_135955.896471,1.0410183668136597,1.032552719116211,1.0142710208892822
20251029_135955.906683,1.0409448146820068,1.032686471939087,1.0139507055282593
20251029_135955.915780,1.0409069061279297,1.032728910446167,1.0138922929763794
20251029_135955.926269,1.0408371686935425,1.032684087753296,1.013769507408142
20251029_135955.936230,1.0407301187515259,1.0328000783920288,1.0138131380081177
20251029_135955.946835,1.0406930446624756,1.032810926437378,1.0136971473693848
20251029_135955.956386,1.0406888723373413,1.0329787731170654,1.013567328453064
20251029_135955.966284,1.0405961275100708,1.0328603982925415,1.0136295557022095
20251029_135955.976261,1.0406302213668823,1.0330559015274048,1.013524055480957
20251029_135955.986303,1.0405428409576416,1.033041000366211,1.0134421586990356
20251029_135955.996126,1.0404765605926514,1.0329591035842896,1.0134187936782837
20251029_135956.006582,1.040503740310669,1.0329530239105225,1.0134271383285522
20251029_135956.016675,1.0404601097106934,1.0330978631973267,1.0133155584335327
20251029_135956.026249,1.0404374599456787,1.0332248210906982,1.0132616758346558
20251029_135956.036010,1.0403611660003662,1.033307671546936,1.0130877494812012
20251029_135956.046817,1.0403320789337158,1.033251404762268,1.013113021850586
20251029_135956.056486,1.0402361154556274,1.0333045721054077,1.0129562616348267
20251029_135956.066439,1.0402053594589233,1.0333369970321655,1.012919545173645
20251029_135956.076996,1.0401517152786255,1.0334081649780273,1.012857437133789
20251029_135956.086776,1.040130376815796,1.0335716009140015,1.012778878211975
20251029_135956.096084,1.040090799331665,1.033666968345642,1.0126991271972656
20251029_135956.105921,1.0400594472885132,1.033636450767517,1.0126619338989258
20251029_135956.116796,1.0399237871170044,1.0336437225341797,1.0126756429672241
20251029_135956.126571,1.0399340391159058,1.0336811542510986,1.0125904083251953
20251029_135956.136933,1.0398403406143188,1.033820629119873,1.0126060247421265
20251029_135956.145947,1.0398236513137817,1.0339146852493286,1.012527346611023
20251029_135956.156396,1.0397984981536865,1.0339950323104858,1.012503981590271
20251029_135956.166441,1.039726972579956,1.0340551137924194,1.0124493837356567
20251029_135956.175760,1.0396734476089478,1.034147024154663,1.0124258995056152
20251029_135956.186537,1.03957998752594,1.0341625213623047,1.0123894214630127
20251029_135956.196398,1.039561152458191,1.0342108011245728,1.0124056339263916
20251029_135956.206581,1.0394567251205444,1.034263253211975,1.0123558044433594
20251029_135956.216376,1.0394328832626343,1.034340739250183,1.0123469829559326
20251029_135956.226013,1.0393551588058472,1.0344760417938232,1.012276530265808
20251029_135956.236254,1.039315104484558,1.034544825553894,1.0122785568237305
20251029_135956.246217,1.039223551750183,1.0345649719238281,1.012271523475647
20251029_135956.256254,1.0391660928726196,1.0346007347106934,1.01229727268219
20251029_135956.266303,1.03908371925354,1.0346229076385498,1.012307047843933
20251029_135956.276360,1.0390251874923706,1.0346320867538452,1.0123131275177002
20251029_135956.286296,1.03896164894104,1.0346858501434326,1.012306809425354
20251029_135956.296465,1.0388582944869995,1.0348312854766846,1.0122884511947632
20251029_135956.306130,1.0387810468673706,1.0349984169006348,1.0122287273406982
20251029_135956.316207,1.0387070178985596,1.0349169969558716,1.0123409032821655
20251029_135956.326440,1.0385260581970215,1.0347774028778076,1.0124986171722412
20251029_135956.336250,1.0384550094604492,1.0348008871078491,1.0125088691711426
20251029_135956.346332,1.0383859872817993,1.0349116325378418,1.0125162601470947
20251029_135956.356962,1.0382968187332153,1.034974217414856,1.0125128030776978
20251029_135956.366444,1.0382386445999146,1.035021185874939,1.0126005411148071
20251029_135956.376552,1.0381531715393066,1.0349676609039307,1.0126354694366455
20251029_135956.386419,1.0380648374557495,1.0350085496902466,1.0126758813858032
20251029_135956.396310,1.037922978401184,1.03505277633667,1.012750267982483
20251029_135956.406262,1.037832260131836,1.0350514650344849,1.0128165483474731
20251029_135956.416725,1.0377568006515503,1.035058617591858,1.0128568410873413
20251029_135956.426306,1.0376077890396118,1.035205602645874,1.0128531455993652
20251029_135956.436402,1.0375373363494873,1.0351924896240234,1.0129125118255615
20251029_135956.445929,1.0374277830123901,1.0351160764694214,1.0130189657211304
20251029_135956.456324,1.0373340845108032,1.0350995063781738,1.0130691528320312
20251029_135956.466387,1.0372518301010132,1.0351430177688599,1.0131151676177979
20251029_135956.475965,1.0371562242507935,1.0351159572601318,1.0131924152374268
20251029_135956.486334,1.0370995998382568,1.035066843032837,1.0132709741592407
20251029_135956.496263,1.0370113849639893,1.0350910425186157,1.0132943391799927
20251029_135956.506463,1.036899447441101,1.035056233406067,1.0133583545684814
20251029_135956.516354,1.036860466003418,1.0350438356399536,1.0134528875350952
20251029_135956.526079,1.0367565155029297,1.0348625183105469,1.0135340690612793
20251029_135956.536430,1.0367258787155151,1.034900426864624,1.013617992401123
20251029_135956.546392,1.036587119102478,1.0351026058197021,1.0132542848587036
20251029_135956.556433,1.0366007089614868,1.0348632335662842,1.0138053894042969
20251029_135956.566565,1.0364488363265991,1.0349153280258179,1.0134392976760864
20251029_135956.575693,1.0365580320358276,1.0349383354187012,1.013959527015686
20251029_135956.586858,1.03642737865448,1.034837007522583,1.0137627124786377
20251029_135956.596697,1.036277174949646,1.034521460533142,1.0139415264129639
20251029_135956.606438,1.0361992120742798,1.0344972610473633,1.0137747526168823
20251029_135956.616426,1.036184310913086,1.0344560146331787,1.0138555765151978
20251029_135956.625915,1.0361130237579346,1.0342977046966553,1.013969898223877
20251029_135956.636273,1.0360803604125977,1.0339094400405884,1.014472246170044
20251029_135956.645855,1.0360037088394165,1.0339409112930298,1.0141857862472534
20251029_135956.656522,1.0360100269317627,1.0339101552963257,1.0142508745193481
20251029_135956.665956,1.0359466075897217,1.0339375734329224,1.0142719745635986
20251029_135956.675878,1.0359280109405518,1.0338373184204102,1.0143840312957764
20251029_135956.686314,1.0358798503875732,1.033673644065857,1.014495849609375
20251029_135956.696349,1.0358521938323975,1.0334968566894531,1.0145667791366577
20251029_135956.706391,1.0358330011367798,1.0334341526031494,1.014672875404358
20251029_135956.716413,1.03583562374115,1.0333415269851685,1.0147825479507446
20251029_135956.726062,1.035805583000183,1.03329336643219,1.0148704051971436
20251029_135956.736335,1.0358058214187622,1.0331990718841553,1.014919400215149
20251029_135956.746397,1.0357919931411743,1.0331758260726929,1.0150202512741089
20251029_135956.756399,1.0357712507247925,1.0330705642700195,1.0150943994522095
20251029_135956.766537,1.0357997417449951,1.032908320426941,1.0152480602264404
20251029_135956.776388,1.035866618156433,1.0327378511428833,1.015367031097412
20251029_135956.786255,1.0358948707580566,1.0327640771865845,1.015507698059082
20251029_135956.796666,1.0358489751815796,1.0327569246292114,1.0154333114624023
20251029_135956.806341,1.035810947418213,1.0327672958374023,1.0155802965164185
20251029_135956.817529,1.0358935594558716,1.0325654745101929,1.0156729221343994
20251029_135956.826207,1.0358792543411255,1.0325675010681152,1.015781044960022
20251029_135956.836496,1.035940170288086,1.0326508283615112,1.0159052610397339
20251029_135956.846476,1.0359526872634888,1.0325939655303955,1.0159475803375244
20251029_135956.856680,1.0359710454940796,1.0324606895446777,1.016065001487732
20251029_135956.866079,1.0359623432159424,1.0323892831802368,1.0161163806915283
20251029_135956.876193,1.0360075235366821,1.0324045419692993,1.0161784887313843
20251029_135956.886271,1.0361179113388062,1.0324503183364868,1.0164371728897095
20251029_135956.896079,1.0360835790634155,1.032526969909668,1.0162723064422607
20251029_135956.906003,1.0362296104431152,1.0323636531829834,1.0165770053863525
20251029_135956.916035,1.0361347198486328,1.0323470830917358,1.0165674686431885
20251029_135956.926180,1.036245584487915,1.0322725772857666,1.016890287399292
20251029_135956.936359,1.0361467599868774,1.032531499862671,1.0166633129119873
20251029_135956.946431,1.0362647771835327,1.0325065851211548,1.016991376876831
20251029_135956.956528,1.0363097190856934,1.0325204133987427,1.0170519351959229
20251029_135956.966427,1.0363620519638062,1.0325124263763428,1.0170772075653076
20251029_135956.975989,1.0363839864730835,1.0325665473937988,1.0171294212341309
20251029_135956.986378,1.0364108085632324,1.0325732231140137,1.0172185897827148
20251029_135956.996627,1.0364594459533691,1.0326272249221802,1.0173389911651611
20251029_135957.006091,1.036523461341858,1.0326794385910034,1.0173879861831665
20251029_135957.016756,1.0365798473358154,1.0328319072723389,1.0174533128738403
20251029_135957.026086,1.036556363105774,1.0330578088760376,1.0174185037612915
20251029_135957.036578,1.0366265773773193,1.0331611633300781,1.0173721313476562
20251029_135957.045859,1.0366357564926147,1.0331655740737915,1.017560362815857
20251029_135957.056439,1.0366567373275757,1.0332058668136597,1.01749587059021
20251029_135957.066267,1.0367885828018188,1.033210277557373,1.017748236656189
20251029_135957.076739,1.036786675453186,1.0334489345550537,1.0175820589065552
20251029_135957.086431,1.036854863166809,1.0335747003555298,1.0177546739578247
20251029_135957.096366,1.0367965698242188,1.0337977409362793,1.0176492929458618
20251029_135957.106177,1.036828875541687,1.0339192152023315,1.0176607370376587
20251029_135957.116920,1.0369536876678467,1.034019947052002,1.017928123474121
20251029_135957.126289,1.0368784666061401,1.0341236591339111,1.0178205966949463
20251029_135957.136454,1.036920189857483,1.0341503620147705,1.017900824546814
20251029_135957.146492,1.037043809890747,1.034368872642517,1.0179822444915771
20251029_135957.156335,1.0370832681655884,1.0345280170440674,1.0180131196975708
20251029_135957.165792,1.0371243953704834,1.0347429513931274,1.0180763006210327
20251029_135957.175901,1.0371242761611938,1.0348607301712036,1.018142580986023
20251029_135957.186475,1.0371308326721191,1.034929633140564,1.0182723999023438
20251029_135957.196342,1.0371748208999634,1.0349336862564087,1.0182969570159912
20251029_135957.206286,1.037210464477539,1.0350065231323242,1.0183870792388916
20251029_135957.216718,1.0372326374053955,1.0351150035858154,1.0183935165405273
20251029_135957.226459,1.03728187084198,1.0352654457092285,1.0185561180114746
20251029_135957.235822,1.0372838973999023,1.0353971719741821,1.0186643600463867
20251029_135957.246321,1.0373351573944092,1.0355167388916016,1.0187591314315796
20251029_135957.256423,1.0373440980911255,1.0355358123779297,1.0188828706741333
20251029_135957.265835,1.037341833114624,1.0355713367462158,1.0189788341522217
20251029_135957.275878,1.0374292135238647,1.0356451272964478,1.0193270444869995
20251029_135957.286568,1.0373929738998413,1.0355916023254395,1.0194027423858643
20251029_135957.296392,1.0373857021331787,1.0358002185821533,1.0194780826568604
20251029_135957.306408,1.0374162197113037,1.036039113998413,1.0195183753967285
20251029_135957.315740,1.037405252456665,1.0360112190246582,1.0195132493972778
20251029_135957.325667,1.037513017654419,1.0359433889389038,1.0198993682861328
20251029_135957.336132,1.037546157836914,1.0359615087509155,1.019986867904663
20251029_135957.346075,1.0375677347183228,1.036065697669983,1.020089030265808
20251029_135957.356450,1.0375888347625732,1.0361543893814087,1.0201691389083862
20251029_135957.366340,1.0376323461532593,1.036209225654602,1.0202932357788086
20251029_135957.376734,1.0376322269439697,1.036156177520752,1.0203378200531006
20251029_135957.386430,1.0376381874084473,1.0361075401306152,1.0204769372940063
20251029_135957.396352,1.0376752614974976,1.0360928773880005,1.0205739736557007
20251029_135957.406353,1.0377252101898193,1.036271572113037,1.020688772201538
20251029_135957.416689,1.0377699136734009,1.0363539457321167,1.0207291841506958
20251029_135957.426375,1.0378122329711914,1.0363277196884155,1.020871639251709
20251029_135957.436439,1.0378305912017822,1.0361968278884888,1.0209757089614868
20251029_135957.446443,1.0378353595733643,1.036125898361206,1.021215558052063
20251029_135957.456329,1.0378382205963135,1.0363901853561401,1.0209770202636719
20251029_135957.466388,1.0378804206848145,1.03652024269104,1.0211108922958374
20251029_135957.476166,1.0378899574279785,1.0364282131195068,1.0211443901062012
20251029_135957.486640,1.0379441976547241,1.0364450216293335,1.0212444067001343
20251029_135957.496548,1.0380072593688965,1.0363324880599976,1.0217214822769165
20251029_135957.506437,1.0380041599273682,1.0365102291107178,1.0215487480163574
20251029_135957.516560,1.0380340814590454,1.0365395545959473,1.0216217041015625
20251029_135957.526091,1.0381042957305908,1.0364623069763184,1.021925687789917
20251029_135957.536949,1.0380829572677612,1.0366133451461792,1.0217993259429932
20251029_135957.546258,1.0381460189819336,1.0365835428237915,1.0219289064407349
20251029_135957.556344,1.038151502609253,1.0365275144577026,1.0219961404800415
20251029_135957.566425,1.038246989250183,1.036367654800415,1.0224674940109253
20251029_135957.575818,1.038206934928894,1.0364681482315063,1.0224579572677612
20251029_135957.586392,1.038284420967102,1.0364973545074463,1.022703766822815
20251029_135957.596569,1.0383825302124023,1.0365667343139648,1.0227766036987305
20251029_135957.607008,1.0384199619293213,1.036633014678955,1.0228713750839233
20251029_135957.615869,1.038433313369751,1.0366365909576416,1.0230798721313477
20251029_135957.625919,1.0384701490402222,1.0366252660751343,1.0231404304504395
20251029_135957.636351,1.03849196434021,1.036584496498108,1.023389220237732
20251029_135957.646354,1.0385514497756958,1.0366965532302856,1.023493766784668
20251029_135957.656422,1.0385977029800415,1.036787748336792,1.0235713720321655
20251029_135957.666384,1.0386502742767334,1.0367956161499023,1.0236260890960693
20251029_135957.675955,1.0386894941329956,1.0366690158843994,1.023788571357727
20251029_135957.686371,1.0387312173843384,1.0368975400924683,1.0234464406967163
20251029_135957.696394,1.0387588739395142,1.037019968032837,1.0238486528396606
20251029_135957.706388,1.038920283317566,1.037123203277588,1.0239603519439697
20251029_135957.716586,1.0389347076416016,1.037050724029541,1.02413809299469
20251029_135957.726504,1.0389021635055542,1.037100911140442,1.024033784866333
20251029_135957.736266,1.039034366607666,1.0369747877120972,1.0243070125579834
20251029_135957.746392,1.0390188694000244,1.0368393659591675,1.0244065523147583
20251029_135957.756354,1.0390639305114746,1.0368214845657349,1.0245012044906616
20251029_135957.766407,1.0391334295272827,1.0368914604187012,1.0246026515960693
20251029_135957.776436,1.0392698049545288,1.0369458198547363,1.0247470140457153
20251029_135957.786269,1.0393158197402954,1.036865234375,1.0248620510101318
20251029_135957.796389,1.0393705368041992,1.0367650985717773,1.0250041484832764
20251029_135957.806359,1.0393965244293213,1.0367462635040283,1.025083065032959
20251029_135957.816338,1.0394538640975952,1.0367871522903442,1.0251545906066895
20251029_135957.826594,1.0394647121429443,1.036882996559143,1.0251253843307495
20251029_135957.836333,1.0395170450210571,1.0367835760116577,1.0252032279968262
20251029_135957.846354,1.0396428108215332,1.0368964672088623,1.0253362655639648
20251029_135957.856244,1.0396746397018433,1.0367672443389893,1.0253747701644897
20251029_135957.866202,1.0397638082504272,1.0368084907531738,1.025552749633789
20251029_135957.876409,1.0399467945098877,1.0368356704711914,1.0257998704910278
20251029_135957.886201,1.04002845287323,1.0369560718536377,1.0258822441101074
20251029_135957.896105,1.0400832891464233,1.0369398593902588,1.0259490013122559
20251029_135957.906344,1.0401904582977295,1.0368857383728027,1.0261085033416748
20251029_135957.916066,1.0401808023452759,1.0368865728378296,1.026062250137329
20251029_135957.926264,1.0402748584747314,1.0369873046875,1.0261770486831665
20251029_135957.936134,1.0403892993927002,1.0371410846710205,1.0262227058410645
20251029_135957.946415,1.0404809713363647,1.0371837615966797,1.0263721942901611
20251029_135957.956376,1.0405778884887695,1.0370185375213623,1.0264203548431396
20251029_135957.966746,1.0406594276428223,1.0369553565979004,1.0265460014343262
20251029_135957.976305,1.040722131729126,1.036985993385315,1.0267049074172974
20251029_135957.986312,1.0407575368881226,1.037043571472168,1.0269519090652466
20251029_135957.996329,1.0408498048782349,1.0371149778366089,1.0269986391067505
20251029_135958.006475,1.0410919189453125,1.037079095840454,1.0270906686782837
20251029_135958.016449,1.0412139892578125,1.037003993988037,1.027334213256836
20251029_135958.026578,1.0412607192993164,1.0368980169296265,1.027574896812439
20251029_135958.036454,1.0414494276046753,1.0367399454116821,1.0277564525604248
20251029_135958.046433,1.041576623916626,1.0368410348892212,1.0278722047805786
20251029_135958.056965,1.0416138172149658,1.0369755029678345,1.0277560949325562
20251029_135958.066824,1.0417739152908325,1.0369116067886353,1.0278637409210205
20251029_135958.076318,1.0418670177459717,1.0368198156356812,1.027960181236267
20251029_135958.086424,1.041987657546997,1.0367748737335205,1.0280617475509644
20251029_135958.096489,1.042104959487915,1.036792278289795,1.0281457901000977
20251029_135958.106800,1.04224693775177,1.0368231534957886,1.0281944274902344
20251029_135958.116657,1.0423702001571655,1.036826252937317,1.0283100605010986
20251029_135958.126563,1.042494297027588,1.036709189414978,1.0283504724502563
20251029_135958.136637,1.0426299571990967,1.0367375612258911,1.0284227132797241
20251029_135958.146772,1.042744755744934,1.0367419719696045,1.028475284576416
20251029_135958.156384,1.0429316759109497,1.0366877317428589,1.0286132097244263
20251029_135958.166639,1.0430577993392944,1.0366548299789429,1.028719186782837
20251029_135958.176571,1.043264627456665,1.036597490310669,1.0289970636367798
20251029_135958.186513,1.0433439016342163,1.0366405248641968,1.0290251970291138
20251029_135958.196487,1.043484091758728,1.0366214513778687,1.0291081666946411
20251029_135958.206573,1.0435823202133179,1.0366265773773193,1.029171347618103
20251029_135958.216521,1.0437054634094238,1.036683440208435,1.0292726755142212
20251029_135958.226337,1.0438427925109863,1.0365991592407227,1.029370665550232
20251029_135958.236520,1.0439553260803223,1.036602258682251,1.0294510126113892
20251029_135958.246770,1.044026255607605,1.036683201789856,1.029316782951355
20251029_135958.256315,1.0441782474517822,1.0366853475570679,1.0295464992523193
20251029_135958.266333,1.0443137884140015,1.0367107391357422,1.0296630859375
20251029_135958.276311,1.0444695949554443,1.0366886854171753,1.0297186374664307
20251029_135958.286259,1.0445369482040405,1.0364807844161987,1.0300507545471191
20251029_135958.296469,1.0446726083755493,1.0364772081375122,1.030096173286438
20251029_135958.306706,1.0447720289230347,1.0365052223205566,1.0301275253295898
20251029_135958.316429,1.0448939800262451,1.0365490913391113,1.0301815271377563
20251029_135958.326140,1.045042634010315,1.0366829633712769,1.0300954580307007
20251029_135958.336483,1.0451055765151978,1.0367941856384277,1.0299502611160278
20251029_135958.346346,1.0452245473861694,1.0368520021438599,1.030017375946045
20251029_135958.356615,1.045348882675171,1.036810040473938,1.0300660133361816
20251029_135958.366328,1.0454988479614258,1.0369322299957275,1.0301682949066162
20251029_135958.376353,1.0456371307373047,1.03693425655365,1.0302177667617798
20251029_135958.386290,1.045753836631775,1.0370643138885498,1.0302642583847046
20251029_135958.396380,1.045894742012024,1.0371208190917969,1.0303571224212646
20251029_135958.406334,1.045985460281372,1.0370824337005615,1.0304239988327026
20251029_135958.417583,1.0462051630020142,1.0369850397109985,1.0306726694107056
20251029_135958.426163,1.0463148355484009,1.0369770526885986,1.0306907892227173
20251029_135958.436103,1.0463634729385376,1.0371384620666504,1.030574917793274
20251029_135958.446189,1.046504020690918,1.0372651815414429,1.030631422996521
20251029_135958.456558,1.0466784238815308,1.0372657775878906,1.0307857990264893
20251029_135958.466497,1.0466992855072021,1.0373797416687012,1.0308396816253662
20251029_135958.476487,1.0468156337738037,1.037058711051941,1.0308728218078613
20251029_135958.486694,1.0470067262649536,1.0369929075241089,1.030913233757019
20251029_135958.496684,1.0470812320709229,1.0371896028518677,1.0309964418411255
20251029_135958.506516,1.047282338142395,1.0371915102005005,1.0311912298202515
20251029_135958.515876,1.0473815202713013,1.037145733833313,1.0313074588775635
20251029_135958.526598,1.047494649887085,1.0370723009109497,1.031347393989563
20251029_135958.536323,1.0476130247116089,1.0370858907699585,1.0313822031021118
20251029_135958.546315,1.0477303266525269,1.0371063947677612,1.0313827991485596
20251029_135958.556403,1.047834038734436,1.0371841192245483,1.0315226316452026
20251029_135958.566405,1.0479768514633179,1.037206768989563,1.0315065383911133
20251029_135958.576365,1.0480457544326782,1.0372910499572754,1.031677007675171
20251029_135958.586434,1.0481468439102173,1.0372390747070312,1.0317071676254272
20251029_135958.596215,1.0482375621795654,1.037187099456787,1.0317994356155396
20251029_135958.606076,1.0483144521713257,1.037293791770935,1.0316250324249268
20251029_135958.617086,1.04849374294281,1.0373234748840332,1.0318291187286377
20251029_135958.626464,1.0486153364181519,1.0374057292938232,1.0318466424942017
20251029_135958.636666,1.0487189292907715,1.037394404411316,1.031919002532959
20251029_135958.646269,1.0487957000732422,1.0373451709747314,1.031924843788147
20251029_135958.656636,1.0488866567611694,1.037338137626648,1.0319610834121704
20251029_135958.666460,1.0489505529403687,1.0373964309692383,1.031799554824829
20251029_135958.676502,1.0491150617599487,1.0373777151107788,1.0320087671279907
20251029_135958.686417,1.0492322444915771,1.0375745296478271,1.0317318439483643
20251029_135958.696483,1.0493648052215576,1.0376840829849243,1.0317517518997192
20251029_135958.706636,1.0494334697723389,1.0376313924789429,1.0317471027374268
20251029_135958.716966,1.0495426654815674,1.0374748706817627,1.031812071800232
20251029_135958.726372,1.049667477607727,1.0374466180801392,1.0318206548690796
20251029_135958.736465,1.0497785806655884,1.037639856338501,1.0318408012390137
20251029_135958.746448,1.0499258041381836,1.037796974182129,1.032031536102295
20251029_135958.756585,1.0501295328140259,1.0377997159957886,1.0320329666137695
20251029_135958.766297,1.0502278804779053,1.037739872932434,1.032001256942749
20251029_135958.776282,1.0502729415893555,1.037604808807373,1.0320285558700562
20251029_135958.786359,1.0503031015396118,1.0376261472702026,1.0318430662155151
20251029_135958.796076,1.0504778623580933,1.037676215171814,1.032089114189148
20251029_135958.806223,1.0506641864776611,1.0378072261810303,1.0320768356323242
20251029_135958.816907,1.0507758855819702,1.0379079580307007,1.0320336818695068
20251029_135958.826656,1.0508019924163818,1.0379483699798584,1.0318787097930908
20251029_135958.836207,1.0509190559387207,1.037741780281067,1.0320953130722046
20251029_135958.846365,1.051027536392212,1.037716269493103,1.0321241617202759
20251029_135958.856355,1.0511178970336914,1.0377981662750244,1.0320910215377808
20251029_135958.866554,1.0511846542358398,1.0379303693771362,1.0318777561187744
20251029_135958.876083,1.0513666868209839,1.037886619567871,1.0320758819580078
20251029_135958.886315,1.051423192024231,1.0379246473312378,1.0318528413772583
20251029_135958.896107,1.0514869689941406,1.0378997325897217,1.0318233966827393
20251029_135958.906357,1.051576018333435,1.0378448963165283,1.031876802444458
20251029_135958.916700,1.0516859292984009,1.037830114364624,1.0318570137023926
20251029_135958.926175,1.051816463470459,1.0379084348678589,1.0318517684936523
20251029_135958.936627,1.051933765411377,1.037990927696228,1.0318001508712769
20251029_135958.946290,1.0520384311676025,1.038010597229004,1.031813383102417
20251029_135958.956166,1.0521165132522583,1.0379594564437866,1.0317641496658325
20251029_135958.966361,1.0522066354751587,1.0379818677902222,1.0317943096160889
20251029_135958.976281,1.0523250102996826,1.0379832983016968,1.0317744016647339
20251029_135958.986323,1.0524632930755615,1.0379638671875,1.0319973230361938
20251029_135958.996160,1.0525997877120972,1.038094401359558,1.031949520111084
20251029_135959.006204,1.0527331829071045,1.0382106304168701,1.0319567918777466
20251029_135959.016886,1.052817940711975,1.038231611251831,1.0318984985351562
20251029_135959.026452,1.0529018640518188,1.0382050275802612,1.0319432020187378
20251029_135959.036393,1.0531141757965088,1.0380008220672607,1.0319772958755493
20251029_135959.046274,1.0532586574554443,1.0381224155426025,1.0319613218307495
20251029_135959.056440,1.053375482559204,1.0382407903671265,1.031890869140625
20251029_135959.066452,1.0534894466400146,1.0383601188659668,1.0318710803985596
20251029_135959.076376,1.0535951852798462,1.0383331775665283,1.0318752527236938
20251029_135959.086246,1.0536755323410034,1.0383102893829346,1.0318858623504639
20251029_135959.096294,1.0537937879562378,1.038309931755066,1.0318490266799927
20251029_135959.106360,1.0539615154266357,1.0383713245391846,1.0317585468292236
20251029_135959.116472,1.0540637969970703,1.0383954048156738,1.0317267179489136
20251029_135959.126380,1.0541977882385254,1.0385695695877075,1.0316025018692017
20251029_135959.136378,1.054324746131897,1.0386759042739868,1.0315818786621094
20251029_135959.146462,1.0544438362121582,1.038646936416626,1.0315532684326172
20251029_135959.156300,1.0545425415039062,1.0385416746139526,1.0315452814102173
20251029_135959.166322,1.0546605587005615,1.0384776592254639,1.0314843654632568
20251029_135959.176257,1.0548239946365356,1.0385007858276367,1.031440258026123
20251029_135959.186302,1.0549304485321045,1.038529634475708,1.0313717126846313
20251029_135959.196209,1.0550457239151,1.0385879278182983,1.0313841104507446
20251029_135959.206364,1.0553386211395264,1.0385169982910156,1.031474232673645
20251029_135959.216541,1.0554864406585693,1.0384186506271362,1.0314751863479614
20251029_135959.226503,1.055550456047058,1.0383503437042236,1.0312440395355225
20251029_135959.236789,1.0556801557540894,1.038265347480774,1.031196117401123
20251029_135959.246708,1.055850625038147,1.0381814241409302,1.0310654640197754
20251029_135959.256338,1.0559688806533813,1.0381381511688232,1.0308752059936523
20251029_135959.266381,1.0561189651489258,1.0381540060043335,1.0308042764663696
20251029_135959.276381,1.0562551021575928,1.0381392240524292,1.030724048614502
20251029_135959.286053,1.0564196109771729,1.03797447681427,1.0307525396347046
20251029_135959.296493,1.056564211845398,1.037925362586975,1.030666470527649
20251029_135959.306505,1.0567611455917358,1.0379055738449097,1.0306191444396973
20251029_135959.316781,1.0568995475769043,1.0378472805023193,1.0305497646331787
20251029_135959.326462,1.057077169418335,1.0377380847930908,1.0305248498916626
20251029_135959.336310,1.0571900606155396,1.0376662015914917,1.0304361581802368
20251029_135959.346338,1.0573444366455078,1.0379371643066406,1.0298981666564941
20251029_135959.356324,1.0574778318405151,1.0379725694656372,1.0297627449035645
20251029_135959.366566,1.0576345920562744,1.0379955768585205,1.0296934843063354
20251029_135959.376204,1.0577855110168457,1.0379406213760376,1.0296220779418945
20251029_135959.386285,1.05793035030365,1.0378509759902954,1.0295287370681763
20251029_135959.395828,1.0580672025680542,1.037781000137329,1.0294591188430786
20251029_135959.405904,1.0581965446472168,1.0377651453018188,1.029367446899414
20251029_135959.416126,1.0583256483078003,1.0378435850143433,1.0292916297912598
20251029_135959.426058,1.058498501777649,1.037877082824707,1.029215693473816
20251029_135959.436587,1.0586265325546265,1.0379528999328613,1.0291264057159424
20251029_135959.446272,1.0587639808654785,1.0378276109695435,1.0290076732635498
20251029_135959.456282,1.058925986289978,1.0376008749008179,1.0290374755859375
20251029_135959.466655,1.0591387748718262,1.03743577003479,1.0290944576263428
20251029_135959.476442,1.0591297149658203,1.0377535820007324,1.0288586616516113
20251029_135959.486469,1.0593816041946411,1.0376251935958862,1.0288716554641724
20251029_135959.496199,1.0595084428787231,1.0376523733139038,1.0287786722183228
20251029_135959.506588,1.0596349239349365,1.0375690460205078,1.0286648273468018
20251029_135959.516557,1.0598005056381226,1.0374841690063477,1.0286810398101807
20251029_135959.526275,1.0598658323287964,1.037375807762146,1.0286059379577637
20251029_135959.536062,1.0599781274795532,1.0373482704162598,1.0284923315048218
20251029_135959.546553,1.0601121187210083,1.0374271869659424,1.0283970832824707
20251029_135959.556380,1.0602705478668213,1.03749418258667,1.028311014175415
20251029_135959.566320,1.0604121685028076,1.0374048948287964,1.0281962156295776
20251029_135959.576396,1.060517430305481,1.0373070240020752,1.0281236171722412
20251029_135959.586350,1.0605988502502441,1.0372165441513062,1.0280719995498657
20251029_135959.596140,1.0607178211212158,1.0371158123016357,1.0279912948608398
20251029_135959.606394,1.060857892036438,1.0371512174606323,1.0279018878936768
20251029_135959.616403,1.0610119104385376,1.0371413230895996,1.0277787446975708
20251029_135959.626429,1.061198353767395,1.0369985103607178,1.027665376663208
20251029_135959.636434,1.061314582824707,1.0368973016738892,1.02752685546875
20251029_135959.646412,1.0614581108093262,1.036823034286499,1.0274490118026733
20251029_135959.656517,1.0616095066070557,1.0367263555526733,1.0273733139038086
20251029_135959.666108,1.0616711378097534,1.0366300344467163,1.027348279953003
20251029_135959.676321,1.0618479251861572,1.0364322662353516,1.0272480249404907
20251029_135959.686272,1.062140703201294,1.0362545251846313,1.0270367860794067
20251029_135959.696124,1.0622682571411133,1.0361645221710205,1.026922345161438
20251029_135959.706357,1.062441110610962,1.03622567653656,1.0264601707458496
20251029_135959.716245,1.0626198053359985,1.036101222038269,1.0263824462890625
20251029_135959.726350,1.0627857446670532,1.0360126495361328,1.0263022184371948
20251029_135959.736138,1.0630425214767456,1.0356353521347046,1.0265716314315796
20251029_135959.746387,1.063185691833496,1.0354602336883545,1.0264419317245483
20251029_135959.756286,1.0633244514465332,1.035304307937622,1.0263103246688843
20251029_135959.766488,1.0634849071502686,1.0353583097457886,1.0260156393051147
20251029_135959.776157,1.0636643171310425,1.0353773832321167,1.0259064435958862
20251029_135959.786551,1.0638679265975952,1.0352833271026611,1.0257054567337036
20251029_135959.796465,1.0640298128128052,1.0350261926651,1.0257703065872192
20251029_135959.806570,1.0641746520996094,1.034852385520935,1.0256567001342773
20251029_135959.816521,1.064322829246521,1.0347551107406616,1.0255266427993774
20251029_135959.826443,1.0644932985305786,1.0346556901931763,1.0254344940185547
20251029_135959.836537,1.064652681350708,1.034615159034729,1.0253710746765137
20251029_135959.846854,1.0648170709609985,1.0345665216445923,1.0252639055252075
20251029_135959.856421,1.0650572776794434,1.0345101356506348,1.0251672267913818
20251029_135959.866611,1.0651684999465942,1.0345017910003662,1.0250227451324463
20251029_135959.876566,1.0653704404830933,1.0343769788742065,1.0249046087265015
20251029_135959.886524,1.0654916763305664,1.034555435180664,1.0246529579162598
20251029_135959.896485,1.065647006034851,1.034496545791626,1.0245732069015503
20251029_135959.906373,1.065794587135315,1.0345865488052368,1.0243860483169556
20251029_135959.916111,1.0659821033477783,1.034574270248413,1.0242609977722168
20251029_135959.926424,1.066137433052063,1.0345252752304077,1.0240918397903442
20251029_135959.936887,1.0664029121398926,1.0344421863555908,1.0240797996520996
20251029_135959.946565,1.0666358470916748,1.0345311164855957,1.0240259170532227
20251029_135959.956661,1.0668381452560425,1.0345573425292969,1.0239156484603882
20251029_135959.966383,1.0670287609100342,1.0345627069473267,1.0238558053970337
20251029_135959.976384,1.0672487020492554,1.0342726707458496,1.023805022239685
20251029_135959.986527,1.0674490928649902,1.0342791080474854,1.0237030982971191
20251029_135959.996538,1.0676274299621582,1.0343751907348633,1.0236101150512695
20251029_140000.006632,1.0678198337554932,1.034483790397644,1.0234653949737549
20251029_140000.016376,1.0680208206176758,1.0345726013183594,1.0233150720596313
20251029_140000.026271,1.0682154893875122,1.0346492528915405,1.0232175588607788
20251029_140000.036066,1.0683960914611816,1.034683346748352,1.0231359004974365
20251029_140000.046615,1.0685302019119263,1.0347204208374023,1.0230116844177246
20251029_140000.056373,1.068709373474121,1.0347011089324951,1.0229743719100952
20251029_140000.066285,1.0688271522521973,1.0347604751586914,1.0228830575942993
20251029_140000.076219,1.0691341161727905,1.0348801612854004,1.022681713104248
20251029_140000.086198,1.0693174600601196,1.0352360010147095,1.0224906206130981
20251029_140000.096281,1.0694870948791504,1.0351829528808594,1.022545576095581
20251029_140000.106320,1.069636344909668,1.0352685451507568,1.0224205255508423
20251029_140000.116231,1.0697993040084839,1.0353068113327026,1.0222951173782349
20251029_140000.126320,1.069948434829712,1.035449743270874,1.022168755531311
20251029_140000.136412,1.0701367855072021,1.035539984703064,1.0221554040908813
20251029_140000.146293,1.0703035593032837,1.035542368888855,1.0220801830291748
20251029_140000.156354,1.0704128742218018,1.0358577966690063,1.0216681957244873
20251029_140000.166427,1.0704587697982788,1.0361276865005493,1.0215669870376587
20251029_140000.176262,1.0705960988998413,1.0363047122955322,1.0214799642562866
20251029_140000.186237,1.0708132982254028,1.036447525024414,1.021520733833313
20251029_140000.196888,1.0709929466247559,1.0365464687347412,1.0214382410049438
20251029_140000.206281,1.0711493492126465,1.036644697189331,1.021388292312622
20251029_140000.216217,1.0713781118392944,1.0365885496139526,1.0212459564208984
20251029_140000.226379,1.0715415477752686,1.0366472005844116,1.02117121219635
20251029_140000.236545,1.0716867446899414,1.03673255443573,1.021121621131897
20251029_140000.246226,1.071903944015503,1.0369007587432861,1.0210204124450684
20251029_140000.256373,1.072116494178772,1.0371218919754028,1.0208771228790283
20251029_140000.266789,1.0722877979278564,1.0372356176376343,1.020814299583435
20251029_140000.276878,1.0724220275878906,1.037246584892273,1.0207213163375854
20251029_140000.286607,1.0725022554397583,1.0373443365097046,1.0206037759780884
20251029_140000.296316,1.0726428031921387,1.0374404191970825,1.0205100774765015
20251029_140000.306358,1.0727863311767578,1.0375462770462036,1.0204617977142334
20251029_140000.316284,1.0729326009750366,1.0376615524291992,1.0203624963760376
20251029_140000.326681,1.0730397701263428,1.0379525423049927,1.0202291011810303
20251029_140000.336556,1.0731687545776367,1.038048505783081,1.020129919052124
20251029_140000.346677,1.073266863822937,1.0380804538726807,1.020093560218811
20251029_140000.356298,1.0733667612075806,1.0380442142486572,1.020036220550537
20251029_140000.366257,1.0735608339309692,1.0381158590316772,1.020004153251648
20251029_140000.376512,1.0737212896347046,1.0382449626922607,1.0198359489440918
20251029_140000.386367,1.0737886428833008,1.0385078191757202,1.0196514129638672
20251029_140000.396212,1.0739314556121826,1.0385642051696777,1.0195229053497314
20251029_140000.406339,1.0740129947662354,1.038609266281128,1.0194766521453857
20251029_140000.416189,1.0741052627563477,1.038631796836853,1.0194250345230103
20251029_140000.426084,1.0742062330245972,1.0386542081832886,1.0193727016448975
20251029_140000.436532,1.0743634700775146,1.0387259721755981,1.0192971229553223
20251029_140000.446336,1.0744760036468506,1.0388575792312622,1.0191993713378906
20251029_140000.456358,1.0745528936386108,1.0388959646224976,1.0190856456756592
20251029_140000.466734,1.074598789215088,1.039008617401123,1.018810510635376
20251029_140000.476341,1.0747056007385254,1.0390204191207886,1.0187702178955078
20251029_140000.486582,1.074859857559204,1.0390547513961792,1.0188287496566772
20251029_140000.496371,1.0749657154083252,1.0390795469284058,1.0187160968780518
20251029_140000.506422,1.0749937295913696,1.039124608039856,1.0185340642929077
20251029_140000.516356,1.075075387954712,1.0391418933868408,1.0184487104415894
20251029_140000.526677,1.0751793384552002,1.0391145944595337,1.0183695554733276
20251029_140000.536487,1.075278878211975,1.0391380786895752,1.0183035135269165
20251029_140000.546415,1.0754073858261108,1.0391318798065186,1.0183982849121094
20251029_140000.556602,1.0754971504211426,1.03914213180542,1.0183219909667969
20251029_140000.566722,1.075552225112915,1.0391367673873901,1.0182305574417114
20251029_140000.576581,1.0756950378417969,1.0390146970748901,1.0182278156280518
20251029_140000.586531,1.0757354497909546,1.0389692783355713,1.0181803703308105
20251029_140000.596145,1.0759061574935913,1.0390652418136597,1.0180790424346924
20251029_140000.606531,1.0760043859481812,1.0391557216644287,1.0179394483566284
20251029_140000.616371,1.0760849714279175,1.03916335105896,1.0179048776626587
20251029_140000.626496,1.0761134624481201,1.039049744606018,1.0178314447402954
20251029_140000.636475,1.0761759281158447,1.0389975309371948,1.0177940130233765
20251029_140000.646294,1.0762226581573486,1.038956642150879,1.017736792564392
20251029_140000.656072,1.0763698816299438,1.0388553142547607,1.0177465677261353
20251029_140000.666636,1.0764391422271729,1.0389001369476318,1.0176507234573364
20251029_140000.676743,1.0764297246932983,1.0390578508377075,1.0175718069076538
20251029_140000.686665,1.0764795541763306,1.039029598236084,1.0175044536590576
20251029_140000.696483,1.0765762329101562,1.0388356447219849,1.017425537109375
20251029_140000.706287,1.0766716003417969,1.0386549234390259,1.0173841714859009
20251029_140000.716775,1.0767508745193481,1.0386550426483154,1.0173485279083252
20251029_140000.726287,1.0768009424209595,1.0386652946472168,1.017251968383789
20251029_140000.736175,1.076855182647705,1.038703441619873,1.0172001123428345
20251029_140000.745887,1.0769295692443848,1.0386505126953125,1.017125129699707
20251029_140000.756460,1.076953649520874,1.0386123657226562,1.017064094543457
20251029_140000.766448,1.0770045518875122,1.0385749340057373,1.016973853111267
20251029_140000.776592,1.0770434141159058,1.0385464429855347,1.0169597864151
20251029_140000.786247,1.077006220817566,1.0384668111801147,1.0168170928955078
20251029_140000.796363,1.0770920515060425,1.0384256839752197,1.016875147819519
20251029_140000.806300,1.0771013498306274,1.038435935974121,1.016695499420166
20251029_140000.816345,1.0771493911743164,1.0384222269058228,1.0166882276535034
20251029_140000.826689,1.0772475004196167,1.0384098291397095,1.0167492628097534
20251029_140000.836410,1.077315092086792,1.0384559631347656,1.0167274475097656
20251029_140000.846394,1.077333688735962,1.0384256839752197,1.0166587829589844
20251029_140000.856313,1.0773370265960693,1.0383321046829224,1.0166590213775635
20251029_140000.866426,1.077358603477478,1.038165807723999,1.0166311264038086
20251029_140000.876399,1.0774116516113281,1.0381526947021484,1.0165945291519165
20251029_140000.886598,1.0774892568588257,1.0381914377212524,1.0165550708770752
20251029_140000.896340,1.077527403831482,1.0382486581802368,1.0165214538574219
20251029_140000.906350,1.0775779485702515,1.038194179534912,1.016482949256897
20251029_140000.916438,1.0776195526123047,1.0381940603256226,1.0164769887924194
20251029_140000.926268,1.0776591300964355,1.0381361246109009,1.0164388418197632
20251029_140000.936275,1.0776513814926147,1.0380797386169434,1.016438603401184
20251029_140000.946283,1.0777422189712524,1.0379759073257446,1.0163395404815674
20251029_140000.956371,1.0777664184570312,1.037990689277649,1.0163207054138184
20251029_140000.966382,1.0778429508209229,1.037892460823059,1.0163090229034424
20251029_140000.976449,1.0778974294662476,1.0378462076187134,1.0162831544876099
20251029_140000.986599,1.0779342651367188,1.0378508567810059,1.0162758827209473
20251029_140000.996391,1.0780073404312134,1.037914514541626,1.0162208080291748
20251029_140001.006606,1.078099012374878,1.0379396677017212,1.0161248445510864
20251029_140001.015962,1.0781469345092773,1.0378659963607788,1.0160791873931885
20251029_140001.026079,1.0781521797180176,1.037718653678894,1.0160727500915527
20251029_140001.036239,1.0781991481781006,1.0375791788101196,1.0160831212997437
20251029_140001.046336,1.078253149986267,1.0375823974609375,1.0160382986068726
20251029_140001.056313,1.078326940536499,1.0375919342041016,1.016010046005249
20251029_140001.066092,1.078384518623352,1.0376238822937012,1.0159595012664795
20251029_140001.076499,1.0784810781478882,1.0375796556472778,1.0159202814102173
20251029_140001.086818,1.0785149335861206,1.0375847816467285,1.015886902809143
20251029_140001.095702,1.0785646438598633,1.0374971628189087,1.0158491134643555
20251029_140001.105861,1.078568458557129,1.0374131202697754,1.015852689743042
20251029_140001.115812,1.0786439180374146,1.0373977422714233,1.0157597064971924
20251029_140001.125922,1.0787017345428467,1.0374085903167725,1.0157241821289062
20251029_140001.136914,1.0788322687149048,1.03730309009552,1.0157204866409302
20251029_140001.145762,1.0788859128952026,1.0372830629348755,1.0156856775283813
20251029_140001.156337,1.0789521932601929,1.0372638702392578,1.015655755996704
20251029_140001.166487,1.0790257453918457,1.0372837781906128,1.015635371208191
20251029_140001.175977,1.0791103839874268,1.037285566329956,1.015589714050293
20251029_140001.186601,1.0791674852371216,1.037268877029419,1.0155433416366577
20251029_140001.196618,1.079285979270935,1.0371043682098389,1.0155701637268066
20251029_140001.206725,1.0793479681015015,1.0370455980300903,1.0155733823776245
20251029_140001.216240,1.0794209241867065,1.0370107889175415,1.0154962539672852
20251029_140001.225827,1.0795223712921143,1.03703773021698,1.015484094619751
20251029_140001.236666,1.0796774625778198,1.0370582342147827,1.0155029296875
20251029_140001.246886,1.0797929763793945,1.0370835065841675,1.0154391527175903
20251029_140001.256420,1.0799139738082886,1.0371192693710327,1.0154026746749878
20251029_140001.266263,1.0800048112869263,1.0370769500732422,1.0153841972351074
20251029_140001.276060,1.0800634622573853,1.0370070934295654,1.0153276920318604
20251029_140001.286864,1.0800812244415283,1.036971926689148,1.0151281356811523
20251029_140001.296483,1.0801924467086792,1.0369622707366943,1.015062928199768
20251029_140001.306492,1.0803067684173584,1.0369232892990112,1.015013575553894
20251029_140001.316333,1.080359935760498,1.0369638204574585,1.0147427320480347
20251029_140001.326518,1.0805060863494873,1.0370028018951416,1.0146048069000244
20251029_140001.336424,1.0805398225784302,1.0369378328323364,1.0146265029907227
20251029_140001.346391,1.0807440280914307,1.0371111631393433,1.014488697052002
20251029_140001.356329,1.0808345079421997,1.037105679512024,1.0144214630126953
20251029_140001.366342,1.0809531211853027,1.0370522737503052,1.0143132209777832
20251029_140001.376350,1.081082820892334,1.037025809288025,1.0142817497253418
20251029_140001.386586,1.0811494588851929,1.0370044708251953,1.0141894817352295
20251029_140001.396273,1.0813658237457275,1.0370396375656128,1.0140936374664307
20251029_140001.406229,1.08144211769104,1.0369356870651245,1.0139793157577515
20251029_140001.416258,1.0816584825515747,1.0368107557296753,1.013907551765442
20251029_140001.426352,1.0817831754684448,1.0369669198989868,1.0137743949890137
20251029_140001.436289,1.0819817781448364,1.0368781089782715,1.0137240886688232
20251029_140001.446182,1.082167625427246,1.0367931127548218,1.0137758255004883
20251029_140001.456244,1.0822988748550415,1.0367968082427979,1.0136326551437378
20251029_140001.466519,1.0824345350265503,1.0368497371673584,1.0135560035705566
20251029_140001.476059,1.082586646080017,1.0367908477783203,1.0134530067443848
20251029_140001.486555,1.0827629566192627,1.0367056131362915,1.013360619544983
20251029_140001.496511,1.0828608274459839,1.036693811416626,1.0131587982177734
20251029_140001.506558,1.0831109285354614,1.0367531776428223,1.013210654258728
20251029_140001.516793,1.0832440853118896,1.0368441343307495,1.0130865573883057
20251029_140001.526388,1.0833425521850586,1.0370889902114868,1.0129059553146362
20251029_140001.536554,1.0836076736450195,1.0369263887405396,1.0128185749053955
20251029_140001.546445,1.083866834640503,1.0368021726608276,1.0127323865890503
20251029_140001.556293,1.0840227603912354,1.0368287563323975,1.0125582218170166
20251029_140001.566390,1.0841721296310425,1.036834478378296,1.0124598741531372
20251029_140001.576420,1.0843840837478638,1.0369504690170288,1.0123631954193115
20251029_140001.586784,1.0845434665679932,1.0369459390640259,1.012231707572937
20251029_140001.596604,1.0846997499465942,1.0369932651519775,1.011963963508606
20251029_140001.606421,1.0849003791809082,1.0371372699737549,1.011783242225647
20251029_140001.616536,1.085118055343628,1.0371901988983154,1.0115838050842285
20251029_140001.626478,1.0853431224822998,1.0371137857437134,1.0114890336990356
20251029_140001.636464,1.0855380296707153,1.0373129844665527,1.0110976696014404
20251029_140001.646395,1.0857634544372559,1.0373059511184692,1.0109950304031372
20251029_140001.656415,1.085967779159546,1.037400722503662,1.0107412338256836
20251029_140001.666569,1.0863183736801147,1.0372365713119507,1.0105915069580078
20251029_140001.676444,1.0864908695220947,1.0371969938278198,1.0104602575302124
20251029_140001.687265,1.0866636037826538,1.0371485948562622,1.0103044509887695
20251029_140001.696371,1.086878776550293,1.0371865034103394,1.0101398229599
20251029_140001.706462,1.0870904922485352,1.0371999740600586,1.0099438428878784
20251029_140001.716447,1.087339997291565,1.0372192859649658,1.0097062587738037
20251029_140001.726532,1.0875393152236938,1.037244439125061,1.0095056295394897
20251029_140001.736678,1.0878229141235352,1.0371018648147583,1.0093379020690918
20251029_140001.746323,1.088086485862732,1.037161111831665,1.0091822147369385
20251029_140001.756493,1.0884132385253906,1.0374436378479004,1.0089844465255737
20251029_140001.766398,1.0886518955230713,1.0374141931533813,1.0087673664093018
20251029_140001.776235,1.0887507200241089,1.037099838256836,1.008523941040039
20251029_140001.786613,1.0891231298446655,1.0371848344802856,1.0083578824996948
20251029_140001.796523,1.0893231630325317,1.037061333656311,1.0080835819244385
20251029_140001.806356,1.0895830392837524,1.0371158123016357,1.0077694654464722
20251029_140001.815765,1.0899683237075806,1.0370018482208252,1.0074763298034668
20251029_140001.826007,1.0902152061462402,1.0369377136230469,1.007181167602539
20251029_140001.836437,1.0904135704040527,1.0369411706924438,1.0066578388214111
20251029_140001.845780,1.0907130241394043,1.0369457006454468,1.0065768957138062
20251029_140001.856292,1.0909039974212646,1.0368508100509644,1.006432056427002
20251029_140001.866242,1.0911939144134521,1.0367755889892578,1.0061753988265991
20251029_140001.875849,1.091444969177246,1.0367573499679565,1.005927562713623
20251029_140001.886768,1.0916985273361206,1.0367025136947632,1.005644679069519
20251029_140001.896500,1.0919418334960938,1.036684513092041,1.0053819417953491
20251029_140001.906229,1.0922597646713257,1.0364887714385986,1.005185604095459
20251029_140001.916331,1.0924413204193115,1.0364024639129639,1.0048846006393433
20251029_140001.926372,1.092664361000061,1.0363891124725342,1.004597783088684
20251029_140001.936368,1.0929526090621948,1.0363863706588745,1.0044143199920654
20251029_140001.946150,1.0932589769363403,1.0365087985992432,1.0041146278381348
20251029_140001.956343,1.0933982133865356,1.0365015268325806,1.0034555196762085
20251029_140001.965880,1.0936658382415771,1.036437749862671,1.003220796585083
20251029_140001.975966,1.0939253568649292,1.0364476442337036,1.0028573274612427
20251029_140001.986048,1.09406578540802,1.0367141962051392,1.0021789073944092
20251029_140001.996528,1.0944571495056152,1.0365852117538452,1.001842737197876
20251029_140002.006367,1.094649314880371,1.036577820777893,1.001476526260376
20251029_140002.016390,1.0949028730392456,1.0364477634429932,1.0011813640594482
20251029_140002.025959,1.0950884819030762,1.036424160003662,1.0008752346038818
20251029_140002.036452,1.0953106880187988,1.0364654064178467,1.0005369186401367
20251029_140002.046418,1.0954655408859253,1.0363755226135254,1.0002247095108032
20251029_140002.137721,1.0957374572753906,1.0363316535949707,1.0000042915344238
20251029_140002.140334,1.0959720611572266,1.0363637208938599,0.9995622038841248
20251029_140002.207561,1.0969973802566528,1.036604404449463,0.9970917701721191
20251029_140002.218319,1.0971699953079224,1.0365753173828125,0.9967028498649597
20251029_140002.220584,1.0975397825241089,1.0366473197937012,0.996545135974884
20251029_140002.221923,1.0977072715759277,1.0365997552871704,0.996273398399353
20251029_140002.223029,1.0978261232376099,1.0367069244384766,0.9957981705665588
20251029_140002.226303,1.0978617668151855,1.0367560386657715,0.995125949382782
20251029_140002.227647,1.0980613231658936,1.0367083549499512,0.9947264790534973
20251029_140002.229267,1.0981770753860474,1.0367566347122192,0.9942981004714966
20251029_140002.230917,1.0983608961105347,1.0369539260864258,0.9937402606010437
20251029_140002.232803,1.098467230796814,1.0367823839187622,0.9932802319526672
20251029_140002.234108,1.098604440689087,1.0368964672088623,0.9926789402961731
20251029_140002.235694,1.098669171333313,1.0370405912399292,0.9922171235084534
20251029_140002.237559,1.0987298488616943,1.0371748208999634,0.9916206002235413
20251029_140002.246583,1.0988683700561523,1.0369752645492554,0.9912906289100647
20251029_140002.256278,1.0989837646484375,1.0370482206344604,0.9908610582351685
20251029_140002.266338,1.0990947484970093,1.037074327468872,0.9903467297554016
20251029_140002.275942,1.099118709564209,1.0370370149612427,0.9898607730865479
20251029_140002.286541,1.0991711616516113,1.0370182991027832,0.9893342852592468
20251029_140002.296111,1.099339485168457,1.0370855331420898,0.9889160990715027
20251029_140002.306232,1.0994466543197632,1.0374890565872192,0.9880433082580566
20251029_140002.316470,1.0995031595230103,1.0376335382461548,0.9874173402786255
20251029_140002.325862,1.099564552307129,1.0376250743865967,0.9869568943977356
20251029_140002.336281,1.0996028184890747,1.0374425649642944,0.9866334795951843
20251029_140002.346582,1.0996439456939697,1.0374271869659424,0.9861107468605042
20251029_140002.356313,1.0997185707092285,1.0374194383621216,0.985722005367279
20251029_140002.366256,1.0997557640075684,1.0374250411987305,0.9850218892097473
20251029_140002.376007,1.099741816520691,1.0374680757522583,0.98451167345047
20251029_140002.387083,1.0997759103775024,1.0374852418899536,0.9839662313461304
20251029_140002.396311,1.0998334884643555,1.0378119945526123,0.9831967353820801
20251029_140002.406307,1.0996865034103394,1.037974238395691,0.982294499874115
20251029_140002.416415,1.0996679067611694,1.0380545854568481,0.9816659688949585
20251029_140002.426488,1.0996496677398682,1.0381295680999756,0.9812622666358948
20251029_140002.436499,1.0994733572006226,1.0376858711242676,0.9807705879211426
20251029_140002.446682,1.0993866920471191,1.0379722118377686,0.9800018668174744
20251029_140002.456334,1.0995675325393677,1.0378921031951904,0.979537308216095
20251029_140002.466402,1.0994162559509277,1.0379273891448975,0.9786844253540039
20251029_140002.476328,1.0992367267608643,1.0378501415252686,0.9782901406288147
20251029_140002.496328,1.0992494821548462,1.0377331972122192,0.9777795076370239
20251029_140002.497716,1.0991873741149902,1.0377289056777954,0.9769579172134399
20251029_140002.506340,1.0990391969680786,1.0376598834991455,0.976292610168457
20251029_140002.516507,1.0989282131195068,1.0376181602478027,0.975555956363678
20251029_140002.536507,1.0988259315490723,1.037455677986145,0.9749106168746948
20251029_140002.538067,1.0986961126327515,1.0373057126998901,0.9745638370513916
20251029_140002.546379,1.098641037940979,1.0371332168579102,0.973960280418396
20251029_140002.556357,1.0984517335891724,1.0369362831115723,0.97334885597229
20251029_140002.566482,1.0982459783554077,1.0369937419891357,0.9726860523223877
20251029_140002.576151,1.0980112552642822,1.0369412899017334,0.9716795086860657
20251029_140002.586349,1.097928524017334,1.036802053451538,0.9711732268333435
20251029_140002.596365,1.0978131294250488,1.036642074584961,0.9704909920692444
20251029_140002.606338,1.0976264476776123,1.036472201347351,0.9698258638381958
20251029_140002.617219,1.0973914861679077,1.036439299583435,0.9689391255378723
20251029_140002.626274,1.0972083806991577,1.036128282546997,0.9683921337127686
20251029_140002.636451,1.096997857093811,1.0359759330749512,0.967799186706543
20251029_140002.646492,1.0968314409255981,1.0358200073242188,0.9670565724372864
20251029_140002.656431,1.0965839624404907,1.0358647108078003,0.9664088487625122
20251029_140002.666224,1.0964200496673584,1.0356953144073486,0.9657630324363708
20251029_140002.676343,1.09597909450531,1.0352152585983276,0.9650079011917114
20251029_140002.686302,1.0957655906677246,1.0348765850067139,0.9642528891563416
20251029_140002.696345,1.0955941677093506,1.0346935987472534,0.9637520909309387
20251029_140002.706076,1.095354676246643,1.0346653461456299,0.962982714176178
20251029_140002.716382,1.0949863195419312,1.0346696376800537,0.9619728922843933
20251029_140002.726472,1.0946778059005737,1.0344573259353638,0.9612247347831726
20251029_140002.736372,1.094359040260315,1.034258246421814,0.9605108499526978
20251029_140002.746380,1.0940463542938232,1.0339735746383667,0.9598780274391174
20251029_140002.756357,1.0936976671218872,1.0336787700653076,0.9592134356498718
20251029_140002.766764,1.093402624130249,1.0334382057189941,0.9586345553398132
20251029_140002.776232,1.0930886268615723,1.0332599878311157,0.9577182531356812
20251029_140002.786444,1.0928043127059937,1.0330359935760498,0.9569448828697205
20251029_140002.796090,1.0924111604690552,1.0329405069351196,0.9563030004501343
20251029_140002.806182,1.0920131206512451,1.032649278640747,0.9555939435958862
20251029_140002.816282,1.0917794704437256,1.0323925018310547,0.9549930691719055
20251029_140002.826356,1.091377854347229,1.0323082208633423,0.9540407061576843
20251029_140002.836402,1.0909318923950195,1.032187581062317,0.9532981514930725
20251029_140002.846305,1.0905531644821167,1.0318679809570312,0.9526031017303467
20251029_140002.856410,1.0901970863342285,1.0316047668457031,0.9518609642982483
20251029_140002.876448,1.0897382497787476,1.03120756149292,0.951184868812561
20251029_140002.878019,1.0892970561981201,1.0310337543487549,0.9504057765007019
20251029_140002.896646,1.088862419128418,1.030806064605713,0.9497005343437195
20251029_140002.898958,1.088424801826477,1.0305743217468262,0.9489580392837524
20251029_140002.906729,1.0880295038223267,1.0302996635437012,0.9482517242431641
20251029_140002.916658,1.087623953819275,1.030143141746521,0.9475806355476379
20251029_140002.926289,1.0872199535369873,1.029759168624878,0.9468992352485657
20251029_140002.946450,1.0865548849105835,1.029741883277893,0.9459919333457947
20251029_140002.947907,1.08592689037323,1.0296735763549805,0.9451388716697693
20251029_140002.956194,1.0854419469833374,1.0295398235321045,0.9443159103393555
20251029_140002.966215,1.0851539373397827,1.0292885303497314,0.943657636642456
20251029_140002.976323,1.0846840143203735,1.0290061235427856,0.9431361556053162
20251029_140002.996586,1.0841319561004639,1.0286842584609985,0.9423667192459106
20251029_140002.998811,1.0835864543914795,1.0283434391021729,0.9416153430938721
20251029_140003.006677,1.0830329656600952,1.028407335281372,0.9408453702926636
20251029_140003.016419,1.082434058189392,1.0283925533294678,0.9398977160453796
20251029_140003.026501,1.0818978548049927,1.0280683040618896,0.9393443465232849
20251029_140003.046485,1.0812679529190063,1.0278769731521606,0.9386220574378967
20251029_140003.048940,1.080580234527588,1.0276942253112793,0.9378788471221924
20251029_140003.056506,1.0800546407699585,1.0276994705200195,0.9371037483215332
20251029_140003.076407,1.0794270038604736,1.0277283191680908,0.9365416765213013
20251029_140003.077945,1.0787467956542969,1.027660608291626,0.9355447888374329
20251029_140003.096477,1.0782108306884766,1.0275037288665771,0.9350917339324951
20251029_140003.099037,1.0773173570632935,1.0272436141967773,0.9342048168182373
20251029_140003.106297,1.0767017602920532,1.027107834815979,0.9335305690765381
20251029_140003.126618,1.0760798454284668,1.0269722938537598,0.9328892827033997
20251029_140003.129265,1.075425148010254,1.0267398357391357,0.9321743845939636
20251029_140003.146700,1.0747339725494385,1.0266724824905396,0.9316173791885376
20251029_140003.148995,1.0740058422088623,1.0264703035354614,0.9309934973716736
20251029_140003.166744,1.0732766389846802,1.0265461206436157,0.9301736354827881
20251029_140003.168028,1.0725533962249756,1.0266512632369995,0.9294305443763733
20251029_140003.186547,1.071840763092041,1.0267583131790161,0.9286162257194519
20251029_140003.196618,1.0709657669067383,1.0266307592391968,0.9278866648674011
20251029_140003.197954,1.0701653957366943,1.0263646841049194,0.9276447892189026
20251029_140003.216638,1.0694745779037476,1.0262846946716309,0.9269146919250488
20251029_140003.218912,1.068739414215088,1.0262012481689453,0.9262481927871704
20251029_140003.236395,1.067873477935791,1.026324987411499,0.9252545833587646
20251029_140003.238002,1.066846489906311,1.0263749361038208,0.9246470332145691
20251029_140003.246360,1.0660885572433472,1.0263493061065674,0.9241068959236145
20251029_140003.266506,1.0652605295181274,1.0261986255645752,0.9235571622848511
20251029_140003.276226,1.0644183158874512,1.0259360074996948,0.9228920936584473
20251029_140003.286836,1.06363844871521,1.0261234045028687,0.9221754670143127
20251029_140003.289145,1.0627145767211914,1.0262386798858643,0.9214973449707031
20251029_140003.296634,1.0618551969528198,1.026208758354187,0.9209406971931458
20251029_140003.306558,1.0609889030456543,1.0262479782104492,0.9202675223350525
20251029_140003.326526,1.0600028038024902,1.0261586904525757,0.9197445511817932
20251029_140003.329151,1.0592305660247803,1.0259621143341064,0.9193904399871826
20251029_140003.346429,1.0583292245864868,1.0258833169937134,0.9186831116676331
20251029_140003.356364,1.0573346614837646,1.0257941484451294,0.9181860089302063
20251029_140003.366744,1.0563956499099731,1.0259466171264648,0.9174200892448425
20251029_140003.368639,1.0554771423339844,1.0259469747543335,0.9168229103088379
20251029_140003.386319,1.054478645324707,1.0262211561203003,0.9162098169326782
20251029_140003.396277,1.0535576343536377,1.0259214639663696,0.9161010980606079
20251029_140003.406667,1.0525082349777222,1.025841474533081,0.9154953956604004
20251029_140003.408962,1.051587462425232,1.025636076927185,0.9149414896965027
20251029_140003.416603,1.0506037473678589,1.025667428970337,0.914253830909729
20251029_140003.426178,1.0496145486831665,1.0254929065704346,0.9138783812522888
20251029_140003.436296,1.0486454963684082,1.0256282091140747,0.9133438467979431
20251029_140003.446052,1.0475478172302246,1.0259554386138916,0.9123684167861938
20251029_140003.466818,1.0465635061264038,1.025870442390442,0.9120600819587708
20251029_140003.468507,1.0455057621002197,1.025797963142395,0.9117900729179382
20251029_140003.476105,1.0444570779800415,1.0259487628936768,0.9111440181732178
20251029_140003.496298,1.043441891670227,1.0255833864212036,0.9108269214630127
20251029_140003.506287,1.042272686958313,1.0256774425506592,0.9101479649543762
20251029_140003.508060,1.0413117408752441,1.0256366729736328,0.9098113179206848
20251029_140003.516280,1.0401474237442017,1.0255091190338135,0.9094024896621704
20251029_140003.535798,1.038949966430664,1.0258536338806152,0.9086571335792542
20251029_140003.536378,1.037868857383728,1.025587797164917,0.9082536101341248
20251029_140003.546042,1.0367825031280518,1.0255992412567139,0.9079511165618896
20251029_140003.567228,1.0358219146728516,1.025539517402649,0.9078181982040405
20251029_140003.569695,1.0346570014953613,1.025305986404419,0.9076042175292969
20251029_140003.586728,1.0334042310714722,1.0251141786575317,0.906770646572113
20251029_140003.596614,1.0321921110153198,1.0250499248504639,0.9064536094665527
20251029_140003.599321,1.0310901403427124,1.0254113674163818,0.9058622717857361
20251029_140003.616815,1.029853105545044,1.0253773927688599,0.9057502150535583
20251029_140003.619349,1.0286569595336914,1.0251232385635376,0.9056236147880554
20251029_140003.636575,1.0275224447250366,1.0247886180877686,0.9054785966873169
20251029_140003.646419,1.0263391733169556,1.0246388912200928,0.9050837159156799
20251029_140003.657005,1.0252017974853516,1.0248032808303833,0.9047927856445312
20251029_140003.666702,1.0240148305892944,1.024816632270813,0.9044989943504333
20251029_140003.676234,1.0226505994796753,1.0248469114303589,0.9038997292518616
20251029_140003.686509,1.0214431285858154,1.0248522758483887,0.9035857915878296
20251029_140003.696604,1.020141363143921,1.0246806144714355,0.9033100008964539
20251029_140003.706454,1.018936038017273,1.024562954902649,0.9032608866691589
20251029_140003.716686,1.0176993608474731,1.0243353843688965,0.9031797647476196
20251029_140003.726008,1.0163824558258057,1.024279236793518,0.9029274582862854
20251029_140003.726958,1.0152103900909424,1.0245678424835205,0.9024373888969421
20251029_140003.746079,1.0139636993408203,1.024914026260376,0.9021109342575073
20251029_140003.756673,1.0126845836639404,1.024680733680725,0.901990532875061
20251029_140003.766780,1.011311650276184,1.0241141319274902,0.9020147919654846
20251029_140003.776295,1.0100412368774414,1.0240975618362427,0.90187668800354
20251029_140003.786503,1.0088311433792114,1.0240871906280518,0.90176922082901
20251029_140003.796771,1.0074138641357422,1.0239367485046387,0.9015839695930481
20251029_140003.799167,1.0061978101730347,1.023950457572937,0.901492714881897
20251029_140003.806534,1.0048692226409912,1.0241446495056152,0.9012697339057922
20251029_140003.826362,1.0035804510116577,1.0240557193756104,0.9013692736625671
20251029_140003.827874,1.002241611480713,1.023834228515625,0.9014787673950195
20251029_140003.846249,1.0008070468902588,1.0233687162399292,0.9014381170272827
20251029_140003.856369,0.9994803667068481,1.0234431028366089,0.9015927910804749
20251029_140003.866856,0.998264729976654,1.0239249467849731,0.9011991024017334
20251029_140003.876200,0.9968072772026062,1.0239254236221313,0.9010473489761353
20251029_140003.886462,0.9953814148902893,1.0234886407852173,0.9010472893714905
20251029_140003.896319,0.9940437078475952,1.0233008861541748,0.9013993740081787
20251029_140003.906520,0.9927502274513245,1.0235514640808105,0.9013031125068665
20251029_140003.916054,0.9913415312767029,1.023583173751831,0.9012401700019836
20251029_140003.917741,0.9901067614555359,1.02303147315979,0.901673436164856
20251029_140003.936257,0.9885841608047485,1.0231267213821411,0.901544451713562
20251029_140003.937750,0.9871334433555603,1.0231550931930542,0.9017294645309448
20251029_140003.956826,0.9856550097465515,1.0229545831680298,0.9017817974090576
20251029_140003.958342,0.9842941761016846,1.022749900817871,0.9023944735527039
20251029_140003.976419,0.9827404022216797,1.023054599761963,0.902245044708252
20251029_140003.986197,0.9813549518585205,1.023067831993103,0.9023556113243103
20251029_140003.996092,0.9798949360847473,1.022632122039795,0.9025712013244629
20251029_140004.006310,0.9784258604049683,1.0228229761123657,0.9026575684547424
20251029_140004.007832,0.9770680665969849,1.0227428674697876,0.9032834768295288
20251029_140004.026282,0.975568950176239,1.0223115682601929,0.9037862420082092
20251029_140004.036246,0.974079430103302,1.0224177837371826,0.9040414690971375
20251029_140004.046140,0.9727194905281067,1.022916316986084,0.9040305614471436
20251029_140004.056022,0.9710097908973694,1.022711992263794,0.9039821624755859
20251029_140004.057667,0.9696768522262573,1.0227489471435547,0.9044345021247864
20251029_140004.076308,0.968211829662323,1.0228476524353027,0.9048588871955872
20251029_140004.086191,0.966823399066925,1.0226926803588867,0.905573308467865
20251029_140004.087844,0.965232789516449,1.0226359367370605,0.9056844711303711
20251029_140004.106179,0.9636611342430115,1.0227837562561035,0.9059918522834778
20251029_140004.116256,0.9621748328208923,1.0229846239089966,0.9063125848770142
20251029_140004.126340,0.9605401754379272,1.0225719213485718,0.9069902896881104
20251029_140004.136340,0.9591206908226013,1.0225316286087036,0.9074330925941467
20251029_140004.146146,0.9577457904815674,1.0225563049316406,0.9083189368247986
20251029_140004.156509,0.956216037273407,1.0230242013931274,0.9085313677787781
20251029_140004.166941,0.9545785784721375,1.0229023694992065,0.9089383482933044
20251029_140004.176669,0.9531073570251465,1.0232566595077515,0.9094075560569763
20251029_140004.185898,0.9515615105628967,1.023056149482727,0.9101653099060059
20251029_140004.196438,0.949977457523346,1.0224701166152954,0.9111337661743164
20251029_140004.205699,0.9484243988990784,1.0225390195846558,0.9119952917098999
20251029_140004.216505,0.9468493461608887,1.0232473611831665,0.9119593501091003
20251029_140004.226018,0.94548499584198,1.023301362991333,0.9129716157913208
20251029_140004.235690,0.9439261555671692,1.0229814052581787,0.913738489151001
20251029_140004.246388,0.9422941207885742,1.023187518119812,0.9144430756568909
20251029_140004.256457,0.9405735731124878,1.0229164361953735,0.9152323603630066
20251029_140004.266396,0.938995897769928,1.0233094692230225,0.9155178070068359
20251029_140004.276594,0.9375804662704468,1.0235222578048706,0.9163509607315063
20251029_140004.286381,0.9359947443008423,1.0231088399887085,0.917518675327301
20251029_140004.296420,0.9344508647918701,1.023219347000122,0.9181950092315674
20251029_140004.306383,0.932874858379364,1.0233620405197144,0.9192996025085449
20251029_140004.316555,0.9312703609466553,1.023176670074463,0.9202979803085327
20251029_140004.326668,0.9296664595603943,1.0235434770584106,0.9206188321113586
20251029_140004.336701,0.9282103776931763,1.0237559080123901,0.921815037727356
20251029_140004.345975,0.9265778660774231,1.0236480236053467,0.9228405952453613
20251029_140004.356179,0.9248477816581726,1.0236164331436157,0.9238681197166443
20251029_140004.366497,0.9234660863876343,1.0236188173294067,0.9247360229492188
20251029_140004.376136,0.9216763973236084,1.023680329322815,0.9256086349487305
20251029_140004.385950,0.9201918244361877,1.0238473415374756,0.9267956614494324
20251029_140004.395961,0.918689489364624,1.0240185260772705,0.9279280304908752
20251029_140004.405802,0.9171813726425171,1.0235449075698853,0.929496169090271
20251029_140004.416708,0.9154546856880188,1.0240132808685303,0.9300010204315186
20251029_140004.426099,0.9139371514320374,1.0244983434677124,0.9310921430587769
20251029_140004.435941,0.9123823642730713,1.0240819454193115,0.9325889348983765
20251029_140004.446636,0.9107460379600525,1.0242714881896973,0.9336065649986267
20251029_140004.456568,0.9092162847518921,1.024375081062317,0.9352215528488159
20251029_140004.466373,0.9077016711235046,1.0239534378051758,0.9363692402839661
20251029_140004.475905,0.9060174226760864,1.0243842601776123,0.9373077154159546
20251029_140004.486318,0.9046779870986938,1.0246543884277344,0.9390256404876709
20251029_140004.496560,0.9029801487922668,1.0244073867797852,0.9401509165763855
20251029_140004.506397,0.9016392827033997,1.024344801902771,0.9420028924942017
20251029_140004.516299,0.8999892473220825,1.0250226259231567,0.9427335858345032
20251029_140004.526414,0.8983197212219238,1.0248438119888306,0.9440432786941528
20251029_140004.536350,0.8968872427940369,1.0245896577835083,0.9457761645317078
20251029_140004.546427,0.8954246640205383,1.024917721748352,0.9471907615661621
20251029_140004.556704,0.8938683867454529,1.0246390104293823,0.9488174915313721
20251029_140004.566021,0.8925095200538635,1.0247732400894165,0.9505681991577148
20251029_140004.576366,0.8908470273017883,1.0254511833190918,0.9515330195426941
20251029_140004.586363,0.889305055141449,1.0251346826553345,0.9530143737792969
20251029_140004.596399,0.8879379630088806,1.025171160697937,0.9551964402198792
20251029_140004.606263,0.8863857388496399,1.0252991914749146,0.956386923789978
20251029_140004.616373,0.8849088549613953,1.0251693725585938,0.9579247832298279
20251029_140004.626127,0.8835341334342957,1.0254963636398315,0.9598500728607178
20251029_140004.636431,0.8820741772651672,1.0256662368774414,0.9614967107772827
20251029_140004.646227,0.880695641040802,1.0252659320831299,0.963161826133728
20251029_140004.656612,0.8792950510978699,1.0253891944885254,0.9652944803237915
20251029_140004.666445,0.8778006434440613,1.0250368118286133,0.9669874310493469
20251029_140004.676556,0.8764241933822632,1.025343656539917,0.9683635830879211
20251029_140004.685917,0.875001847743988,1.025652527809143,0.9704271554946899
20251029_140004.695900,0.8736371994018555,1.0253239870071411,0.9720014929771423
20251029_140004.705876,0.872308075428009,1.025200605392456,0.9741541147232056
20251029_140004.716356,0.871034562587738,1.025464415550232,0.9758505821228027
20251029_140004.726227,0.8698010444641113,1.025275707244873,0.9780552387237549
20251029_140004.735965,0.8683679699897766,1.0252307653427124,0.9798688292503357
20251029_140004.746409,0.8673604130744934,1.0252017974853516,0.9820964932441711
20251029_140004.756415,0.8659423589706421,1.024950623512268,0.9840626120567322
20251029_140004.766927,0.8646895885467529,1.0250086784362793,0.9859500527381897
20251029_140004.776593,0.8635171055793762,1.0250505208969116,0.9882223010063171
20251029_140004.786454,0.8622182011604309,1.0247162580490112,0.9902718663215637
20251029_140004.796395,0.8610588908195496,1.0246587991714478,0.9922979474067688
20251029_140004.806375,0.8601251244544983,1.0249260663986206,0.9948167204856873
20251029_140004.816392,0.8591548204421997,1.024669885635376,0.9970359206199646
20251029_140004.826507,0.8579902052879333,1.0244706869125366,0.9993970990180969
20251029_140004.836546,0.8568477630615234,1.0246049165725708,1.0014561414718628
20251029_140004.846321,0.8557477593421936,1.0244462490081787,1.0038557052612305
20251029_140004.856887,0.8545327186584473,1.024236798286438,1.0058016777038574
20251029_140004.867204,0.8536379933357239,1.0240343809127808,1.0086193084716797
20251029_140004.876152,0.8526483774185181,1.024393916130066,1.010434627532959
20251029_140004.886763,0.8517279028892517,1.0238659381866455,1.013370156288147
20251029_140004.896310,0.8506802916526794,1.0240049362182617,1.0153429508209229
20251029_140004.906375,0.8499717712402344,1.0236027240753174,1.0187433958053589
20251029_140004.916429,0.8490444421768188,1.0238518714904785,1.0206058025360107
20251029_140004.926453,0.8480393290519714,1.0233614444732666,1.0231716632843018
20251029_140004.936044,0.8471043705940247,1.0233824253082275,1.0256305932998657
20251029_140004.946099,0.8464081883430481,1.0236152410507202,1.0279003381729126
20251029_140004.956312,0.8454319834709167,1.0234665870666504,1.0302976369857788
20251029_140004.967144,0.8450525999069214,1.0230108499526978,1.033645749092102
20251029_140004.976461,0.844243049621582,1.022922158241272,1.036444067955017
20251029_140004.986679,0.843627393245697,1.0228811502456665,1.0388305187225342
20251029_140004.995975,0.8426010012626648,1.0229182243347168,1.0409681797027588
20251029_140005.006766,0.8421558141708374,1.0226775407791138,1.0439904928207397
20251029_140005.016423,0.841391921043396,1.0231977701187134,1.0464123487472534
20251029_140005.026147,0.8409754037857056,1.022631287574768,1.0496678352355957
20251029_140005.036516,0.840242326259613,1.0225275754928589,1.052208423614502
20251029_140005.046441,0.8397302627563477,1.0219664573669434,1.0553257465362549
20251029_140005.056488,0.8393120765686035,1.0224071741104126,1.058059573173523
20251029_140005.066538,0.8389596939086914,1.0220611095428467,1.0611063241958618
20251029_140005.076356,0.8384659290313721,1.0222816467285156,1.0638692378997803
20251029_140005.086376,0.838128387928009,1.0219628810882568,1.0666658878326416
20251029_140005.095829,0.8377076387405396,1.0218620300292969,1.0696836709976196
20251029_140005.106066,0.837533175945282,1.0216748714447021,1.0732219219207764
20251029_140005.116390,0.8370174765586853,1.0218974351882935,1.0756281614303589
20251029_140005.126555,0.8367890119552612,1.0215896368026733,1.078947901725769
20251029_140005.136268,0.8364198207855225,1.0216320753097534,1.0814975500106812
20251029_140005.146547,0.8363831639289856,1.0215789079666138,1.0849003791809082
20251029_140005.156531,0.8362945914268494,1.0215249061584473,1.087677240371704
20251029_140005.167074,0.8362463712692261,1.0212551355361938,1.0917415618896484
20251029_140005.176507,0.8361636996269226,1.0213440656661987,1.0943416357040405
20251029_140005.186393,0.836087167263031,1.0212205648422241,1.0979809761047363
20251029_140005.196105,0.8359878063201904,1.020989179611206,1.1008483171463013
20251029_140005.206149,0.8360658884048462,1.0209906101226807,1.104277491569519
20251029_140005.216319,0.8360806703567505,1.0212165117263794,1.1071926355361938
20251029_140005.226094,0.8361174464225769,1.0213007926940918,1.1102163791656494
20251029_140005.236575,0.8362128138542175,1.0215001106262207,1.1134182214736938
20251029_140005.246327,0.8365081548690796,1.021424651145935,1.1170748472213745
20251029_140005.256593,0.8366378545761108,1.0213446617126465,1.120906949043274
20251029_140005.266745,0.8368741273880005,1.0215587615966797,1.123440146446228
20251029_140005.276403,0.8370528817176819,1.022194743156433,1.126409649848938
20251029_140005.286321,0.8375058770179749,1.0217561721801758,1.1301958560943604
20251029_140005.296411,0.8377723693847656,1.0219719409942627,1.1335608959197998
20251029_140005.306327,0.8379621505737305,1.0217679738998413,1.136805772781372
20251029_140005.316536,0.8383422493934631,1.0222352743148804,1.1400490999221802
20251029_140005.326455,0.8390324115753174,1.0218703746795654,1.1437115669250488
20251029_140005.336345,0.8393318057060242,1.022253155708313,1.147044062614441
20251029_140005.346639,0.8400678038597107,1.0219976902008057,1.1509884595870972
20251029_140005.356355,0.8404984474182129,1.0223301649093628,1.1540004014968872
20251029_140005.366545,0.8412548899650574,1.0225028991699219,1.1576635837554932
20251029_140005.376559,0.8417457938194275,1.0228686332702637,1.1608322858810425
20251029_140005.386328,0.8427069783210754,1.0228084325790405,1.1645146608352661
20251029_140005.396184,0.8433607816696167,1.0225286483764648,1.1681655645370483
20251029_140005.406583,0.8441785573959351,1.022701382637024,1.1720980405807495
20251029_140005.416818,0.844864547252655,1.0228362083435059,1.1750482320785522
20251029_140005.426407,0.8456881046295166,1.0232404470443726,1.1789352893829346
20251029_140005.436335,0.8465681076049805,1.0230180025100708,1.1822940111160278
20251029_140005.446651,0.8477314114570618,1.0234432220458984,1.1861871480941772
20251029_140005.456364,0.848677933216095,1.0236408710479736,1.1892982721328735
20251029_140005.466360,0.8496039509773254,1.0238248109817505,1.1931565999984741
20251029_140005.476500,0.8509312868118286,1.0242507457733154,1.1964151859283447
20251029_140005.486392,0.8523047566413879,1.023977518081665,1.2003833055496216
20251029_140005.496666,0.8529152274131775,1.0234661102294922,1.2037640810012817
20251029_140005.506484,0.8546770811080933,1.0247713327407837,1.207087755203247
20251029_140005.516484,0.8551874756813049,1.023389458656311,1.2112325429916382
20251029_140005.526449,0.8569513559341431,1.0240799188613892,1.214181661605835
20251029_140005.536090,0.8581971526145935,1.0242162942886353,1.217934489250183
20251029_140005.546649,0.8596239686012268,1.0238556861877441,1.2221126556396484
20251029_140005.556289,0.8613952994346619,1.0238112211227417,1.2264094352722168
20251029_140005.566708,0.8643636703491211,1.0240072011947632,1.229472041130066
20251029_140005.576346,0.8646604418754578,1.0255297422409058,1.2341066598892212
20251029_140005.586431,0.8657739758491516,1.025292158126831,1.2370424270629883
20251029_140005.595899,0.8679348230361938,1.024566888809204,1.2409937381744385
20251029_140005.606520,0.8691926002502441,1.024672508239746,1.244459867477417
20251029_140005.616123,0.8726233839988708,1.0249449014663696,1.248186707496643
20251029_140005.626622,0.872573971748352,1.0253846645355225,1.2514089345932007
20251029_140005.636390,0.874634861946106,1.024774432182312,1.2553273439407349
20251029_140005.645966,0.8769590258598328,1.0253548622131348,1.2585562467575073
20251029_140005.656462,0.8789259791374207,1.0271812677383423,1.2625311613082886
20251029_140005.666585,0.8823463320732117,1.0240670442581177,1.2665839195251465
20251029_140005.676529,0.8822774887084961,1.0246418714523315,1.271286129951477
20251029_140005.685830,0.8856878280639648,1.023902416229248,1.274845004081726
20251029_140005.696507,0.8887628316879272,1.0242984294891357,1.2781710624694824
20251029_140005.706702,0.8917490243911743,1.0259897708892822,1.2810698747634888
20251029_140005.716649,0.8922020196914673,1.0251681804656982,1.2860459089279175
20251029_140005.725825,0.896297037601471,1.0259736776351929,1.2888473272323608
20251029_140005.736284,0.8989562392234802,1.0255730152130127,1.2930668592453003
20251029_140005.745730,0.9012255072593689,1.0252306461334229,1.2968463897705078
20251029_140005.756236,0.9027549624443054,1.0258418321609497,1.300510048866272
20251029_140005.776262,0.9088250994682312,1.026289701461792,1.3078606128692627
20251029_140005.786334,0.9120289087295532,1.0247920751571655,1.3119900226593018
20251029_140005.806572,0.9168167114257812,1.0275591611862183,1.318436622619629
20251029_140005.816321,0.9204436540603638,1.0274593830108643,1.3221971988677979
20251029_140005.826247,0.9242526292800903,1.0262126922607422,1.32639741897583
20251029_140005.836317,0.926776111125946,1.0276215076446533,1.329309344291687
20251029_140005.846454,0.9299764037132263,1.0270953178405762,1.333360195159912
20251029_140005.856539,0.9331262707710266,1.0273715257644653,1.3373929262161255
20251029_140005.866369,0.9363797903060913,1.02769935131073,1.340537190437317
20251029_140005.876320,0.9397561550140381,1.0274543762207031,1.3440945148468018
20251029_140005.886228,0.9431848526000977,1.0273678302764893,1.3474721908569336
20251029_140005.896178,0.9468109011650085,1.0275620222091675,1.3507696390151978
20251029_140005.906551,0.9502281546592712,1.0276237726211548,1.3547017574310303
20251029_140005.916517,0.9538798332214355,1.0275897979736328,1.358176589012146
20251029_140005.926162,0.9574321508407593,1.0281093120574951,1.3610044717788696
20251029_140005.936484,0.9613845944404602,1.0280795097351074,1.3650797605514526
20251029_140005.945897,0.9649264812469482,1.0276380777359009,1.3684017658233643
20251029_140005.956527,0.9689739346504211,1.0282373428344727,1.3715126514434814
20251029_140005.965934,0.9727518558502197,1.0279232263565063,1.3748904466629028
20251029_140005.976504,0.977096438407898,1.0281062126159668,1.3781145811080933
20251029_140005.986383,0.9810091853141785,1.0282845497131348,1.3816161155700684
20251029_140005.995675,0.9848374724388123,1.0286535024642944,1.3846065998077393
20251029_140006.006414,0.9893209338188171,1.0286059379577637,1.3880462646484375
20251029_140006.016108,0.9935860633850098,1.028353214263916,1.3907827138900757
20251029_140006.026249,0.9977870583534241,1.0284754037857056,1.3944119215011597
20251029_140006.036326,1.0023839473724365,1.028454303741455,1.397411584854126
20251029_140006.046266,1.006440281867981,1.0287059545516968,1.399980068206787
20251029_140006.056584,1.0108851194381714,1.0288087129592896,1.4036136865615845
20251029_140006.066032,1.015862226486206,1.0289424657821655,1.4063143730163574
20251029_140006.076735,1.020476222038269,1.0286765098571777,1.4092768430709839
20251029_140006.086481,1.025180459022522,1.0289465188980103,1.4122166633605957
20251029_140006.096492,1.0300602912902832,1.0286508798599243,1.415076732635498
20251029_140006.106633,1.0345616340637207,1.028877854347229,1.4179240465164185
20251029_140006.116341,1.0391989946365356,1.028632640838623,1.4204416275024414
20251029_140006.126546,1.0446871519088745,1.0290619134902954,1.4233689308166504
20251029_140006.136378,1.0497757196426392,1.0289686918258667,1.4258556365966797
20251029_140006.146532,1.054648995399475,1.0293207168579102,1.428552508354187
20251029_140006.156420,1.059988021850586,1.0290476083755493,1.4312684535980225
20251029_140006.166219,1.0651694536209106,1.0290803909301758,1.4337903261184692
