time_s,x,y,z
20251105_141824.878284,1.0271116495132446,0.06693202257156372,0.9781398773193359
20251105_141824.879046,1.0271196365356445,0.06719217449426651,0.9778619408607483
20251105_141824.879811,1.0271116495132446,0.06691798567771912,0.9781213402748108
20251105_141824.880591,1.0269503593444824,0.06646725535392761,0.9782938361167908
20251105_141824.881503,1.026942253112793,0.0664217621088028,0.9782838225364685
20251105_141824.882442,1.0270060300827026,0.06680485606193542,0.9783194661140442
20251105_141824.883394,1.0270555019378662,0.06679606437683105,0.9782126545906067
20251105_141824.884406,1.0270390510559082,0.06682832539081573,0.9782309532165527
20251105_141824.885572,1.0270506143569946,0.06694687902927399,0.9779586791992188
20251105_141824.886529,1.027100920677185,0.06684216111898422,0.9781559705734253
20251105_141824.887340,1.0270271301269531,0.06668785959482193,0.9782872796058655
20251105_141824.889457,1.0269267559051514,0.06646265834569931,0.9783380031585693
20251105_141824.899974,1.0269612073898315,0.0665273666381836,0.978319525718689
20251105_141824.909627,1.0271055698394775,0.06675054132938385,0.9782006144523621
20251105_141824.919695,1.027144432067871,0.06700585037469864,0.9780896902084351
20251105_141824.929968,1.0270341634750366,0.06680170446634293,0.978130042552948
20251105_141824.939802,1.0269545316696167,0.06661482900381088,0.9782284498214722
20251105_141824.950024,1.027030348777771,0.06662219017744064,0.9782030582427979
20251105_141824.960184,1.0270739793777466,0.0667901262640953,0.9781606793403625
20251105_141824.969647,1.0269639492034912,0.06668496876955032,0.9783187508583069
20251105_141824.979701,1.027012825012207,0.06659834086894989,0.9782183766365051
20251105_141824.990077,1.0270864963531494,0.06688927859067917,0.9781363606452942
20251105_141825.000203,1.027117371559143,0.06692466139793396,0.9780829548835754
20251105_141825.010542,1.027113914489746,0.06681517511606216,0.9778734445571899
20251105_141825.020111,1.0271542072296143,0.06662310659885406,0.9781548976898193
20251105_141825.029916,1.0269911289215088,0.06686758995056152,0.9779020547866821
20251105_141825.040172,1.027033805847168,0.06697849184274673,0.9780141711235046
20251105_141825.049646,1.0268718004226685,0.0669591948390007,0.9778503179550171
20251105_141825.060424,1.0268231630325317,0.0670703798532486,0.9780996441841125
20251105_141825.070478,1.0267835855484009,0.0674867108464241,0.9780989289283752
20251105_141825.079992,1.0266876220703125,0.06785609573125839,0.9780789017677307
20251105_141825.090038,1.0264074802398682,0.06837336719036102,0.9780657887458801
20251105_141825.100260,1.0261121988296509,0.06893081218004227,0.9780871272087097
20251105_141825.109576,1.0256520509719849,0.07017628848552704,0.9779961705207825
20251105_141825.119587,1.0255496501922607,0.07108911871910095,0.9779475927352905
20251105_141825.130548,1.0253053903579712,0.07241252064704895,0.9777964949607849
20251105_141825.140037,1.0251010656356812,0.07409169524908066,0.9776975512504578
20251105_141825.150380,1.0246644020080566,0.07580024003982544,0.9778657555580139
20251105_141825.159513,1.0241873264312744,0.07774307578802109,0.9780471324920654
20251105_141825.169414,1.0238643884658813,0.08003067970275879,0.9777482748031616
20251105_141825.180585,1.0234715938568115,0.08180399239063263,0.9782364964485168
20251105_141825.190278,1.0231205224990845,0.08441542088985443,0.9782671332359314
20251105_141825.200270,1.022194743156433,0.08876371383666992,0.9779267907142639
20251105_141825.210182,1.0222995281219482,0.09052774310112,0.9782162308692932
20251105_141825.221078,1.0215204954147339,0.09361009299755096,0.9786153435707092
20251105_141825.230585,1.0208481550216675,0.09656339883804321,0.9787277579307556
20251105_141825.240637,1.0202771425247192,0.10022345185279846,0.9789484143257141
20251105_141825.250785,1.019779920578003,0.1037750318646431,0.9792741537094116
20251105_141825.260306,1.0190932750701904,0.10833197832107544,0.9793480038642883
20251105_141825.270273,1.0181949138641357,0.11235982179641724,0.9795198440551758
20251105_141825.280284,1.0177693367004395,0.11643008887767792,0.9799280762672424
20251105_141825.300407,1.0163824558258057,0.12456297129392624,0.9808085560798645
20251105_141825.310174,1.0153791904449463,0.12914656102657318,0.9812106490135193
20251105_141825.329891,1.0142501592636108,0.13909034430980682,0.9816280007362366
20251105_141825.339753,1.0125327110290527,0.14615081250667572,0.9812620282173157
20251105_141825.350236,1.0126729011535645,0.14900094270706177,0.9823578596115112
20251105_141825.369606,1.0108989477157593,0.1588771641254425,0.9834302663803101
20251105_141825.380249,1.0101693868637085,0.1641939878463745,0.983550488948822
20251105_141825.390304,1.0090442895889282,0.17027220129966736,0.9839761257171631
20251105_141825.410299,1.007514238357544,0.1823594719171524,0.9849379658699036
20251105_141825.430574,1.0055263042449951,0.19303162395954132,0.9858096241950989
20251105_141825.440271,1.0048059225082397,0.19854848086833954,0.9866062998771667
20251105_141825.470427,1.0027230978012085,0.21805010735988617,0.9878226518630981
20251105_141825.480331,1.0001877546310425,0.22614289820194244,0.9869300723075867
20251105_141825.490132,1.0002659559249878,0.23099519312381744,0.9885773062705994
20251105_141825.500409,0.9995697736740112,0.2365693300962448,0.9894230961799622
20251105_141825.510569,0.9988043904304504,0.24341338872909546,0.989739179611206
20251105_141825.520437,0.9977423548698425,0.25023800134658813,0.9903972744941711
20251105_141825.530480,0.9972414970397949,0.2571122646331787,0.9907013177871704
20251105_141825.540278,0.9961233735084534,0.2640461325645447,0.990903377532959
20251105_141825.550191,0.9954026937484741,0.2701849937438965,0.9915672540664673
20251105_141825.560607,0.9943990707397461,0.2770845592021942,0.992173969745636
20251105_141825.570549,0.9936559796333313,0.2835880517959595,0.9926160573959351
20251105_141825.580484,0.992621898651123,0.29117539525032043,0.9929066300392151
20251105_141825.589953,0.991932213306427,0.2983261048793793,0.9934635162353516
20251105_141825.600329,0.9910880923271179,0.30533525347709656,0.9937878847122192
20251105_141825.610394,0.9903612732887268,0.31231603026390076,0.9941504597663879
20251105_141825.620431,0.9893090128898621,0.3197968304157257,0.9946329593658447
20251105_141825.630545,0.9884422421455383,0.3270086646080017,0.9952672719955444
20251105_141825.640344,0.9875496625900269,0.33465635776519775,0.9956451058387756
20251105_141825.650001,0.9868353009223938,0.34220123291015625,0.9962418079376221
20251105_141825.660289,0.9858819246292114,0.3500455617904663,0.9963818192481995
20251105_141825.670414,0.9852567315101624,0.357638955116272,0.9969617128372192
20251105_141825.680501,0.9841251969337463,0.3657166063785553,0.9972500205039978
20251105_141825.690020,0.9832730889320374,0.37367570400238037,0.9973750114440918
20251105_141825.700363,0.9825428128242493,0.3814157247543335,0.9979313611984253
20251105_141825.710414,0.9817913174629211,0.3896303176879883,0.9984131455421448
20251105_141825.720403,0.9810802936553955,0.39743971824645996,0.9985945820808411
20251105_141825.730494,0.9803122282028198,0.405687540769577,0.9991774559020996
20251105_141825.740334,0.9794202446937561,0.414211630821228,0.9995787143707275
20251105_141825.750332,0.9790320992469788,0.4221011698246002,1.0001106262207031
20251105_141825.760517,0.9779210686683655,0.43055450916290283,1.0001651048660278
20251105_141825.770588,0.9772030711174011,0.4389311969280243,1.0006487369537354
20251105_141825.780269,0.9766532778739929,0.44715309143066406,1.0007843971252441
20251105_141825.790635,0.9758993983268738,0.45583391189575195,1.001160740852356
20251105_141825.800773,0.9750727415084839,0.4642346501350403,1.0016895532608032
20251105_141825.810449,0.9744948744773865,0.4727051854133606,1.0019845962524414
20251105_141825.820471,0.9734539985656738,0.48146313428878784,1.002037525177002
20251105_141825.830435,0.9729894399642944,0.4895170331001282,1.002568006515503
20251105_141825.840831,0.9722121357917786,0.4981028139591217,1.0026376247406006
20251105_141825.850850,0.971383810043335,0.5064762234687805,1.002877950668335
20251105_141825.860340,0.9708865284919739,0.5148984789848328,1.0032764673233032
20251105_141825.870453,0.9701114296913147,0.52337247133255,1.0035197734832764
20251105_141825.880445,0.9693936705589294,0.5318334102630615,1.0037885904312134
20251105_141825.890335,0.9688113331794739,0.5403531193733215,1.0038669109344482
20251105_141825.900315,0.9680837988853455,0.5486419200897217,1.004085898399353
20251105_141825.910220,0.9675689935684204,0.556866466999054,1.0041589736938477
20251105_141825.920464,0.9668557047843933,0.56545090675354,1.0045126676559448
20251105_141825.930694,0.9662873148918152,0.5733036398887634,1.0049580335617065
20251105_141825.940422,0.9656553864479065,0.5816433429718018,1.0049148797988892
20251105_141825.950091,0.965087890625,0.5898454785346985,1.0053499937057495
20251105_141825.960277,0.9644613265991211,0.5977671146392822,1.0055190324783325
20251105_141825.970381,0.96382737159729,0.6061132550239563,1.0056216716766357
20251105_141825.980212,0.9632805585861206,0.613742470741272,1.0058257579803467
20251105_141825.990469,0.9628308415412903,0.621677577495575,1.0059661865234375
20251105_141826.000459,0.9622177481651306,0.6296318173408508,1.0062084197998047
20251105_141826.010426,0.9615814685821533,0.6372936367988586,1.0062894821166992
20251105_141826.020173,0.9609801769256592,0.6454626321792603,1.0060986280441284
20251105_141826.030464,0.9607163071632385,0.6525507569313049,1.0068002939224243
20251105_141826.040075,0.9602370262145996,0.6602414846420288,1.0066157579421997
20251105_141826.050363,0.9594563841819763,0.6678077578544617,1.0067592859268188
20251105_141826.060254,0.9591212272644043,0.6748883724212646,1.0073063373565674
20251105_141826.070185,0.9587246179580688,0.6823236346244812,1.007280707359314
20251105_141826.080683,0.958143413066864,0.6895936727523804,1.0074275732040405
20251105_141826.090612,0.9577900171279907,0.6965674161911011,1.0078043937683105
20251105_141826.100590,0.9572209119796753,0.7036738991737366,1.0076584815979004
20251105_141826.111206,0.9568572640419006,0.7105933427810669,1.0079249143600464
20251105_141826.120649,0.9563067555427551,0.7177470922470093,1.0079432725906372
20251105_141826.130392,0.9560548067092896,0.724097490310669,1.0081336498260498
20251105_141826.140682,0.9556852579116821,0.7308785915374756,1.0082906484603882
20251105_141826.150392,0.955268919467926,0.7376008629798889,1.008205771446228
20251105_141826.160291,0.9548740386962891,0.7442873120307922,1.0084582567214966
20251105_141826.170341,0.9546394348144531,0.7505872845649719,1.0088508129119873
20251105_141826.180034,0.9542461037635803,0.757091760635376,1.0086272954940796
20251105_141826.190335,0.9539941549301147,0.7634296417236328,1.0086853504180908
20251105_141826.200379,0.9537310600280762,0.7694402933120728,1.0087628364562988
20251105_141826.210524,0.9534636735916138,0.775275707244873,1.0090004205703735
20251105_141826.220255,0.953112781047821,0.7817187905311584,1.009004831314087
20251105_141826.230388,0.9528704881668091,0.7878333330154419,1.0087783336639404
20251105_141826.240573,0.9527378678321838,0.7933648228645325,1.0091880559921265
20251105_141826.251074,0.9524157047271729,0.7992388606071472,1.0092768669128418
20251105_141826.260616,0.9521691203117371,0.8049895763397217,1.0089372396469116
20251105_141826.270548,0.9519385099411011,0.8106432557106018,1.0090341567993164
20251105_141826.280322,0.9518246650695801,0.8160816431045532,1.009161114692688
20251105_141826.290134,0.9517369270324707,0.8214405179023743,1.009548544883728
20251105_141826.300642,0.9514243602752686,0.8269355893135071,1.0091164112091064
20251105_141826.310260,0.9512917995452881,0.8319920897483826,1.0092960596084595
20251105_141826.320342,0.9511197805404663,0.8377408981323242,1.0089064836502075
20251105_141826.330166,0.9512348771095276,0.8426022529602051,1.0095939636230469
20251105_141826.340171,0.9509687423706055,0.8476331830024719,1.0094608068466187
20251105_141826.350190,0.9509183764457703,0.8524295091629028,1.009477972984314
20251105_141826.360003,0.9506091475486755,0.8575624823570251,1.0090547800064087
20251105_141826.370263,0.9506598114967346,0.8622952699661255,1.0093755722045898
20251105_141826.380520,0.95064377784729,0.8669126033782959,1.009338617324829
20251105_141826.390321,0.9506850242614746,0.8716888427734375,1.0092122554779053
20251105_141826.400358,0.9507197141647339,0.8763538002967834,1.0092569589614868
20251105_141826.410353,0.950600802898407,0.8808456659317017,1.0090495347976685
20251105_141826.420564,0.9505645632743835,0.885204553604126,1.0088130235671997
20251105_141826.429676,0.9505501389503479,0.8895186185836792,1.0091649293899536
20251105_141826.440364,0.950543999671936,0.8936924934387207,1.009035348892212
20251105_141826.450665,0.9506333470344543,0.8980149030685425,1.008969783782959
20251105_141826.460398,0.9506350755691528,0.9024523496627808,1.0085105895996094
20251105_141826.470197,0.9507476091384888,0.9063778519630432,1.0087080001831055
20251105_141826.479639,0.9508875012397766,0.9101653695106506,1.0087544918060303
20251105_141826.490433,0.9507672786712646,0.9141523241996765,1.0082093477249146
20251105_141826.500456,0.9506391882896423,0.9182851910591125,1.0080879926681519
20251105_141826.509941,0.9510297179222107,0.9215049147605896,1.008362054824829
20251105_141826.520277,0.9511576294898987,0.9254154562950134,1.0082409381866455
20251105_141826.530260,0.9511821269989014,0.9294448494911194,1.007516860961914
20251105_141826.540337,0.9511528015136719,0.9329975843429565,1.0076253414154053
20251105_141826.550272,0.9514126181602478,0.9359864592552185,1.007633090019226
20251105_141826.560395,0.9514569640159607,0.9393512010574341,1.007337212562561
20251105_141826.570442,0.9515268206596375,0.9431589841842651,1.0069231986999512
20251105_141826.580268,0.9519587755203247,0.9459717273712158,1.0070850849151611
20251105_141826.590650,0.9521437287330627,0.9491171836853027,1.00709068775177
20251105_141826.600442,0.9523850679397583,0.952244758605957,1.0069597959518433
20251105_141826.609837,0.9524406790733337,0.9554529786109924,1.0065927505493164
20251105_141826.620131,0.9525865912437439,0.9582710266113281,1.0062549114227295
20251105_141826.629854,0.9527509212493896,0.9610306620597839,1.0061575174331665
20251105_141826.639636,0.9529803991317749,0.9640325307846069,1.0058211088180542
20251105_141826.650265,0.9532967209815979,0.9670345783233643,1.0052852630615234
20251105_141826.660482,0.9533195495605469,0.9698004126548767,1.0051400661468506
20251105_141826.670244,0.9535907506942749,0.9722074866294861,1.0050898790359497
20251105_141826.680763,0.9538987278938293,0.9745633602142334,1.0051500797271729
20251105_141826.690341,0.9541327357292175,0.9770380854606628,1.004778265953064
20251105_141826.700353,0.9543363451957703,0.9795875549316406,1.0042858123779297
20251105_141826.710609,0.9546575546264648,0.9820195436477661,1.0041072368621826
20251105_141826.720588,0.9550455808639526,0.9839146137237549,1.0040637254714966
20251105_141826.730442,0.9551826119422913,0.9863638877868652,1.0038201808929443
20251105_141826.740308,0.9554181098937988,0.9886053800582886,1.0035642385482788
20251105_141826.750487,0.9555613398551941,0.9907764792442322,1.002976894378662
20251105_141826.760591,0.9558926820755005,0.9926570653915405,1.0027766227722168
20251105_141826.770533,0.956207275390625,0.9946555495262146,1.002524733543396
20251105_141826.780263,0.9565194845199585,0.9964351058006287,1.0024430751800537
20251105_141826.790380,0.9568138122558594,0.9984546899795532,1.0017915964126587
20251105_141826.801032,0.9570254683494568,1.0002793073654175,1.0015498399734497
20251105_141826.810570,0.9573273062705994,1.0020945072174072,1.0013304948806763
20251105_141826.820404,0.9576510190963745,1.0036444664001465,1.0009870529174805
20251105_141826.830528,0.9579771757125854,1.0050640106201172,1.0007867813110352
20251105_141826.840305,0.9582461714744568,1.0066447257995605,1.0005300045013428
20251105_141826.850510,0.958507776260376,1.0082333087921143,1.0001016855239868
20251105_141826.860408,0.9589065909385681,1.009796380996704,0.9996443390846252
20251105_141826.870607,0.9591801762580872,1.0110678672790527,0.9994389414787292
20251105_141826.880765,0.9594201445579529,1.0124757289886475,0.9991656541824341
20251105_141826.890283,0.9598094820976257,1.013645887374878,0.9989389777183533
20251105_141826.900468,0.9602159261703491,1.014673113822937,0.9985895752906799
20251105_141826.910363,0.9604740738868713,1.016139268875122,0.9980154633522034
20251105_141826.920390,0.960767924785614,1.017229437828064,0.9976934790611267
20251105_141826.930427,0.9612281322479248,1.018216609954834,0.9973410964012146
20251105_141826.940225,0.961514949798584,1.0195716619491577,0.997039794921875
20251105_141826.950010,0.9618920087814331,1.0204217433929443,0.9969407320022583
20251105_141826.960271,0.9621914625167847,1.021100640296936,0.9967115521430969
20251105_141826.970384,0.962482213973999,1.0218747854232788,0.9963538646697998
20251105_141826.980544,0.9627382755279541,1.0233515501022339,0.9954618215560913
20251105_141826.990453,0.9632067084312439,1.0243815183639526,0.9950858950614929
20251105_141827.000293,0.9636768698692322,1.0247983932495117,0.9948683977127075
20251105_141827.010643,0.9639694094657898,1.0256205797195435,0.9946048855781555
20251105_141827.020697,0.9643137454986572,1.0261732339859009,0.994310200214386
20251105_141827.030470,0.9646502733230591,1.0266997814178467,0.9940040707588196
20251105_141827.040251,0.9650387763977051,1.0274792909622192,0.9937125444412231
20251105_141827.050305,0.9653794765472412,1.0284701585769653,0.9930388331413269
20251105_141827.060307,0.9658002257347107,1.0293408632278442,0.9925527572631836
20251105_141827.070595,0.9660030603408813,1.0301647186279297,0.9921904802322388
20251105_141827.080434,0.9664928317070007,1.0304772853851318,0.9919435977935791
20251105_141827.090209,0.9668573141098022,1.0307313203811646,0.9916736483573914
20251105_141827.100500,0.9672336578369141,1.0311663150787354,0.9912957549095154
20251105_141827.110717,0.9676675796508789,1.031875491142273,0.9908928275108337
20251105_141827.120377,0.968085527420044,1.032302737236023,0.9904700517654419
20251105_141827.130496,0.9684838056564331,1.033138632774353,0.9898555874824524
20251105_141827.140740,0.9688807725906372,1.0336382389068604,0.989528238773346
20251105_141827.150197,0.9690537452697754,1.0341483354568481,0.9891268610954285
20251105_141827.160262,0.9694847464561462,1.0344675779342651,0.9888373017311096
20251105_141827.170409,0.9698424339294434,1.0347211360931396,0.9884874820709229
20251105_141827.180485,0.9703385233879089,1.035091757774353,0.9881799817085266
20251105_141827.190283,0.9707939028739929,1.0355119705200195,0.9878180623054504
20251105_141827.200727,0.9712202548980713,1.0360008478164673,0.9874572157859802
20251105_141827.210097,0.9715489745140076,1.036350131034851,0.9870660901069641
20251105_141827.220187,0.9718615412712097,1.0367461442947388,0.9863299131393433
20251105_141827.230286,0.9721684455871582,1.0371729135513306,0.9859824180603027
20251105_141827.240209,0.9723981022834778,1.0375981330871582,0.9854555130004883
20251105_141827.250334,0.9729291200637817,1.0378497838974,0.9850801825523376
20251105_141827.260387,0.973338782787323,1.0383341312408447,0.9846926927566528
20251105_141827.270427,0.9738162159919739,1.0383551120758057,0.9843688011169434
20251105_141827.280480,0.9742254018783569,1.038697361946106,0.9842039346694946
20251105_141827.290330,0.9745715260505676,1.038863182067871,0.983859121799469
20251105_141827.300601,0.974907398223877,1.0390182733535767,0.9833944439888
20251105_141827.310353,0.9753303527832031,1.0395870208740234,0.9825789332389832
20251105_141827.320310,0.9756074547767639,1.0401203632354736,0.9821825623512268
20251105_141827.330547,0.9759733080863953,1.0405369997024536,0.9817623496055603
20251105_141827.340330,0.9764111042022705,1.0404967069625854,0.9814589023590088
20251105_141827.350341,0.9767295122146606,1.0407509803771973,0.9811951518058777
20251105_141827.360353,0.977125346660614,1.040781021118164,0.9809271693229675
20251105_141827.370265,0.9774781465530396,1.0407999753952026,0.9805962443351746
20251105_141827.380143,0.9778884053230286,1.0413706302642822,0.9801179766654968
20251105_141827.390321,0.9783558249473572,1.041580319404602,0.9796187281608582
20251105_141827.400500,0.9786442518234253,1.0421024560928345,0.9789088368415833
20251105_141827.410310,0.9788715243339539,1.0425186157226562,0.9785035252571106
20251105_141827.420288,0.9791454076766968,1.0425530672073364,0.9781844615936279
20251105_141827.430323,0.979599118232727,1.0423994064331055,0.9779477119445801
20251105_141827.440707,0.9800151586532593,1.0425010919570923,0.9775325655937195
20251105_141827.450588,0.9805245995521545,1.0429002046585083,0.9770616888999939
20251105_141827.460279,0.9809941649436951,1.0429987907409668,0.9767943024635315
20251105_141827.470404,0.9813327193260193,1.0431536436080933,0.9764429926872253
20251105_141827.480658,0.9815891981124878,1.043497920036316,0.9760552644729614
20251105_141827.490364,0.981818437576294,1.0436264276504517,0.9756012558937073
20251105_141827.500545,0.9821555614471436,1.0437328815460205,0.9752517342567444
20251105_141827.510294,0.9823319911956787,1.0441933870315552,0.9747934341430664
20251105_141827.520576,0.9828325510025024,1.0441404581069946,0.9742162227630615
20251105_141827.530370,0.9833061099052429,1.0443753004074097,0.973811149597168
20251105_141827.540584,0.9836369156837463,1.044644832611084,0.9734237194061279
20251105_141827.550579,0.9839860796928406,1.0447111129760742,0.9732805490493774
20251105_141827.559787,0.984281063079834,1.0447434186935425,0.9728441834449768
20251105_141827.570426,0.9847097992897034,1.0445328950881958,0.9727100133895874
20251105_141827.580087,0.9849405288696289,1.0450232028961182,0.9722349643707275
20251105_141827.589724,0.9853155016899109,1.0452947616577148,0.9716739058494568
20251105_141827.600501,0.9857157468795776,1.0454602241516113,0.9712749719619751
20251105_141827.610811,0.9860357642173767,1.0457125902175903,0.9709101915359497
20251105_141827.620556,0.9863328337669373,1.045649528503418,0.9706570506095886
20251105_141827.630454,0.986556351184845,1.0457992553710938,0.9701293110847473
20251105_141827.640148,0.9869519472122192,1.0460513830184937,0.9699146747589111
20251105_141827.650338,0.9874120950698853,1.0460093021392822,0.9695534706115723
20251105_141827.660217,0.9877632260322571,1.0461866855621338,0.9690310955047607
20251105_141827.670532,0.9881229996681213,1.0463696718215942,0.9686818718910217
20251105_141827.680173,0.9884464144706726,1.0464489459991455,0.9684891104698181
20251105_141827.690200,0.9887033700942993,1.0465939044952393,0.9681724309921265
20251105_141827.699878,0.9890485405921936,1.0463402271270752,0.9678874015808105
20251105_141827.710888,0.9891557097434998,1.0469058752059937,0.9673264026641846
20251105_141827.720293,0.9894471764564514,1.0472074747085571,0.9666366577148438
20251105_141827.730312,0.9899191856384277,1.0474032163619995,0.9661496877670288
20251105_141827.739962,0.9903765916824341,1.0476009845733643,0.9658157229423523
20251105_141827.750059,0.9905828237533569,1.0476086139678955,0.9655541777610779
20251105_141827.760312,0.9908719062805176,1.0474777221679688,0.9653523564338684
20251105_141827.770329,0.9911714196205139,1.0474913120269775,0.965050458908081
20251105_141827.780474,0.9915239214897156,1.0475125312805176,0.9649242758750916
20251105_141827.789845,0.991889238357544,1.0476690530776978,0.9645581841468811
20251105_141827.800383,0.9922963976860046,1.0480115413665771,0.9639534950256348
20251105_141827.810345,0.9926053285598755,1.0480366945266724,0.9635426998138428
20251105_141827.820422,0.9927102327346802,1.048410415649414,0.9630271196365356
20251105_141827.829679,0.9927842617034912,1.048535943031311,0.9626848697662354
20251105_141827.840534,0.9930940270423889,1.0483723878860474,0.9623498916625977
20251105_141827.850880,0.9936590194702148,1.048458218574524,0.9620401263237
20251105_141827.860231,0.9939804673194885,1.0488280057907104,0.96169114112854
20251105_141827.870128,0.9942845106124878,1.0489346981048584,0.961348831653595
20251105_141827.879737,0.9945710897445679,1.0489295721054077,0.9610471725463867
20251105_141827.890836,0.9948257803916931,1.0488187074661255,0.9607887864112854
20251105_141827.900522,0.9950451254844666,1.0487782955169678,0.9605282545089722
20251105_141827.910148,0.9953418970108032,1.0488922595977783,0.9603795409202576
20251105_141827.920360,0.9957112669944763,1.0489994287490845,0.9598767161369324
20251105_141827.930305,0.9960160255432129,1.049362063407898,0.9593283534049988
20251105_141827.940284,0.9962384104728699,1.0498735904693604,0.9588329195976257
20251105_141827.950260,0.9964344501495361,1.049702763557434,0.9585937857627869
20251105_141827.960358,0.9967401027679443,1.04933762550354,0.958406925201416
20251105_141827.970196,0.996992826461792,1.0494307279586792,0.9580186605453491
20251105_141827.980458,0.9974148869514465,1.0494838953018188,0.9579739570617676
20251105_141827.990263,0.9977050423622131,1.0496493577957153,0.9574506878852844
20251105_141828.000407,0.9979779124259949,1.0497417449951172,0.9571680426597595
20251105_141828.010318,0.998213529586792,1.0498154163360596,0.9568738341331482
20251105_141828.020315,0.9984416365623474,1.0498641729354858,0.9565849304199219
20251105_141828.030052,0.9986307621002197,1.0499426126480103,0.9563516974449158
20251105_141828.040471,0.998930037021637,1.049829363822937,0.9562262892723083
20251105_141828.050343,0.9991711974143982,1.049842357635498,0.9559277892112732
20251105_141828.059826,0.9994087815284729,1.0500999689102173,0.955592930316925
20251105_141828.069660,0.9995926022529602,1.050456166267395,0.9549670815467834
20251105_141828.080478,0.9998661875724792,1.0504281520843506,0.9546340703964233
20251105_141828.090172,1.000163197517395,1.0505180358886719,0.9543423652648926
20251105_141828.100882,1.0003513097763062,1.0506165027618408,0.954124391078949
20251105_141828.109849,1.000599980354309,1.050489902496338,0.9540960788726807
20251105_141828.119838,1.0008267164230347,1.0504860877990723,0.953673779964447
20251105_141828.130273,1.0010902881622314,1.0504873991012573,0.9533759951591492
20251105_141828.140368,1.0014541149139404,1.0504597425460815,0.9531589150428772
20251105_141828.150443,1.0016800165176392,1.0506895780563354,0.9528573155403137
20251105_141828.160236,1.0018984079360962,1.0506665706634521,0.9527683854103088
20251105_141828.170578,1.0020743608474731,1.0504177808761597,0.9525635242462158
20251105_141828.180500,1.0022499561309814,1.0504801273345947,0.9523853063583374
20251105_141828.189550,1.002472162246704,1.0506200790405273,0.9521402716636658
20251105_141828.200163,1.0027565956115723,1.0505551099777222,0.9517810940742493
20251105_141828.210088,1.003010869026184,1.0505640506744385,0.9515352249145508
20251105_141828.219882,1.0031932592391968,1.0507268905639648,0.9512679576873779
20251105_141828.229844,1.003284215927124,1.0510388612747192,0.9507437348365784
20251105_141828.239878,1.0032672882080078,1.0511713027954102,0.950529158115387
20251105_141828.250337,1.0035451650619507,1.0511201620101929,0.9505505561828613
20251105_141828.260239,1.003767967224121,1.0512868165969849,0.9500557780265808
20251105_141828.270215,1.0039364099502563,1.0513896942138672,0.9498479962348938
20251105_141828.280356,1.004198670387268,1.0513616800308228,0.9496756196022034
20251105_141828.290230,1.0043818950653076,1.0511715412139893,0.9496929049491882
20251105_141828.300883,1.0045326948165894,1.0511481761932373,0.9493749737739563
20251105_141828.310576,1.004721999168396,1.051376461982727,0.9492063522338867
20251105_141828.319813,1.0049071311950684,1.0513720512390137,0.9490286707878113
20251105_141828.330357,1.005099892616272,1.0512235164642334,0.9488562345504761
20251105_141828.340320,1.0053157806396484,1.0512306690216064,0.9486506581306458
20251105_141828.350315,1.0055135488510132,1.0512022972106934,0.9484748244285583
20251105_141828.360094,1.0056227445602417,1.05122709274292,0.9483378529548645
20251105_141828.370362,1.0057590007781982,1.0513291358947754,0.9481962323188782
20251105_141828.380504,1.0059601068496704,1.0513713359832764,0.9480524659156799
20251105_141828.390430,1.0062196254730225,1.0510846376419067,0.9479511380195618
20251105_141828.400299,1.0063015222549438,1.051060438156128,0.9478187561035156
20251105_141828.410344,1.0063576698303223,1.051222801208496,0.9475917220115662
20251105_141828.420076,1.0065604448318481,1.0512144565582275,0.9473492503166199
20251105_141828.430277,1.0067369937896729,1.0511025190353394,0.9472759366035461
20251105_141828.440162,1.0067877769470215,1.051292061805725,0.947076141834259
20251105_141828.450206,1.006805658340454,1.0515707731246948,0.9468084573745728
20251105_141828.460177,1.006986379623413,1.0513845682144165,0.9467635154724121
20251105_141828.470409,1.0071154832839966,1.051378607749939,0.9465835094451904
20251105_141828.479889,1.0072046518325806,1.0514922142028809,0.9463631510734558
20251105_141828.490019,1.0073374509811401,1.0515508651733398,0.946186363697052
20251105_141828.500437,1.0074799060821533,1.0514960289001465,0.9460984468460083
20251105_141828.510745,1.0075794458389282,1.0513907670974731,0.9459841251373291
20251105_141828.520319,1.0076587200164795,1.0511977672576904,0.9459040760993958
20251105_141828.530362,1.0076971054077148,1.0512396097183228,0.9458656907081604
20251105_141828.540219,1.007781982421875,1.0513907670974731,0.9457567930221558
20251105_141828.550673,1.007980465888977,1.0514119863510132,0.9455952048301697
20251105_141828.560323,1.008146047592163,1.0512101650238037,0.9454829692840576
20251105_141828.570405,1.0081658363342285,1.0511928796768188,0.9453775882720947
20251105_141828.580478,1.008133053779602,1.0510369539260864,0.9453221559524536
20251105_141828.589820,1.008279800415039,1.0510227680206299,0.94524747133255
20251105_141828.600704,1.0083948373794556,1.0511008501052856,0.9451826214790344
20251105_141828.610092,1.0084937810897827,1.0510917901992798,0.9450867772102356
20251105_141828.620457,1.008561372756958,1.051134467124939,0.9449517130851746
20251105_141828.630261,1.0085902214050293,1.051209807395935,0.9448421597480774
20251105_141828.640824,1.0086473226547241,1.0509778261184692,0.9448367953300476
20251105_141828.650473,1.0086698532104492,1.0507258176803589,0.9447341561317444
20251105_141828.659897,1.0086560249328613,1.050881266593933,0.9446681141853333
20251105_141828.670361,1.008819580078125,1.0510993003845215,0.9446024298667908
20251105_141828.680539,1.0089633464813232,1.051029920578003,0.9445899128913879
20251105_141828.690590,1.008967638015747,1.0509287118911743,0.9444664120674133
20251105_141828.700593,1.0089524984359741,1.0509051084518433,0.9444288015365601
20251105_141828.710746,1.008944034576416,1.050727367401123,0.9443967938423157
20251105_141828.720611,1.0090746879577637,1.0505361557006836,0.9444299340248108
20251105_141828.730376,1.009158730506897,1.0505969524383545,0.9444102048873901
20251105_141828.740415,1.0092406272888184,1.0505529642105103,0.9445375800132751
20251105_141828.750456,1.009300947189331,1.0506901741027832,0.94446861743927
20251105_141828.760465,1.009316086769104,1.0507092475891113,0.944422721862793
20251105_141828.770707,1.009291172027588,1.0503276586532593,0.9444515109062195
20251105_141828.779877,1.0092296600341797,1.0502345561981201,0.9443070888519287
20251105_141828.790525,1.0092724561691284,1.0504909753799438,0.9442330002784729
20251105_141828.800555,1.0093990564346313,1.0505160093307495,0.9443517327308655
20251105_141828.810267,1.0094268321990967,1.0504424571990967,0.9443702697753906
20251105_141828.820351,1.009379267692566,1.050431728363037,0.9443910717964172
20251105_141828.830313,1.0093202590942383,1.0503231287002563,0.9444043040275574
20251105_141828.840507,1.0092848539352417,1.050230860710144,0.9442684650421143
20251105_141828.850381,1.0093226432800293,1.050268530845642,0.9442301988601685
20251105_141828.860209,1.0093157291412354,1.0502171516418457,0.9442157745361328
20251105_141828.870680,1.009350061416626,1.0502642393112183,0.9443795680999756
20251105_141828.880493,1.009347677230835,1.0503476858139038,0.944397509098053
20251105_141828.890338,1.009332299232483,1.050118327140808,0.9444374442100525
20251105_141828.900498,1.0092477798461914,1.0499629974365234,0.9444958567619324
20251105_141828.910282,1.0091674327850342,1.0500808954238892,0.9443618655204773
20251105_141828.920433,1.0091735124588013,1.0500086545944214,0.9443689584732056
20251105_141828.930162,1.0092555284500122,1.0499545335769653,0.9444938898086548
20251105_141828.940046,1.009173035621643,1.0500327348709106,0.9444026350975037
20251105_141828.950393,1.0090759992599487,1.0499374866485596,0.9444847702980042
20251105_141828.960215,1.0090299844741821,1.049858570098877,0.9445569515228271
20251105_141828.969798,1.0090441703796387,1.049805998802185,0.9447048902511597
20251105_141828.980569,1.0089836120605469,1.0497477054595947,0.9445981383323669
20251105_141828.990070,1.0089002847671509,1.0497980117797852,0.9446171522140503
20251105_141829.000924,1.0088847875595093,1.0498931407928467,0.9446381330490112
20251105_141829.010086,1.0088717937469482,1.0496717691421509,0.9447317123413086
20251105_141829.020470,1.0087494850158691,1.0495762825012207,0.9448263049125671
20251105_141829.030852,1.0086568593978882,1.049695372581482,0.944895327091217
20251105_141829.040747,1.0085232257843018,1.0498148202896118,0.9448760151863098
20251105_141829.050373,1.0085002183914185,1.0497428178787231,0.9449030160903931
20251105_141829.060351,1.0083757638931274,1.0498071908950806,0.9449350237846375
20251105_141829.070421,1.0083073377609253,1.0497713088989258,0.945023238658905
20251105_141829.080294,1.0082745552062988,1.0497275590896606,0.9451024532318115
20251105_141829.089883,1.0081485509872437,1.0496200323104858,0.945188581943512
20251105_141829.100362,1.0080745220184326,1.049493432044983,0.9453194737434387
20251105_141829.109870,1.007938027381897,1.0495222806930542,0.9454174041748047
20251105_141829.120473,1.0078822374343872,1.0495966672897339,0.9454997181892395
20251105_141829.130418,1.007839560508728,1.049456000328064,0.9455901980400085
20251105_141829.139784,1.0077461004257202,1.049425482749939,0.9457685351371765
20251105_141829.150371,1.0076324939727783,1.049509882926941,0.9458959698677063
20251105_141829.160275,1.0075645446777344,1.0493147373199463,0.9460553526878357
20251105_141829.170241,1.007488489151001,1.0492194890975952,0.9461807608604431
20251105_141829.179905,1.0072969198226929,1.0493865013122559,0.9463300704956055
20251105_141829.189896,1.007277011871338,1.0493414402008057,0.9466221928596497
20251105_141829.200760,1.0072215795516968,1.0493463277816772,0.946717381477356
20251105_141829.210243,1.0073350667953491,1.0489110946655273,0.9470742344856262
20251105_141829.220263,1.007203459739685,1.0488260984420776,0.9472258687019348
20251105_141829.230347,1.0070356130599976,1.0488765239715576,0.9474168419837952
20251105_141829.240265,1.0069317817687988,1.0489308834075928,0.9475800395011902
20251105_141829.250939,1.0069091320037842,1.0487864017486572,0.9477443695068359
20251105_141829.260128,1.006769061088562,1.0488581657409668,0.9477558732032776
20251105_141829.270398,1.006673812866211,1.0490745306015015,0.947931170463562
20251105_141829.280056,1.006587028503418,1.0490120649337769,0.9481700658798218
20251105_141829.290072,1.006497859954834,1.0488841533660889,0.9484039545059204
20251105_141829.300436,1.0063937902450562,1.0488756895065308,0.9485733509063721
20251105_141829.310585,1.00617253780365,1.0490176677703857,0.9487287998199463
20251105_141829.320423,1.0060163736343384,1.049026608467102,0.9489495158195496
20251105_141829.330510,1.0059764385223389,1.0492268800735474,0.9490801095962524
20251105_141829.340326,1.005882740020752,1.0491145849227905,0.9493148922920227
20251105_141829.350325,1.0057495832443237,1.0491491556167603,0.9495602250099182
20251105_141829.360381,1.0055092573165894,1.049330711364746,0.9497368335723877
20251105_141829.370534,1.0054489374160767,1.0492156744003296,0.9499564170837402
20251105_141829.380571,1.0053799152374268,1.0491193532943726,0.9501694440841675
20251105_141829.390117,1.005241870880127,1.0492298603057861,0.9505681395530701
20251105_141829.400268,1.005029559135437,1.0492255687713623,0.950749933719635
20251105_141829.409786,1.0049594640731812,1.0494509935379028,0.9509052634239197
20251105_141829.420719,1.0048949718475342,1.0494037866592407,0.9512660503387451
20251105_141829.430297,1.004727840423584,1.0490386486053467,0.9516935348510742
20251105_141829.439724,1.0046508312225342,1.0487487316131592,0.9522466063499451
20251105_141829.450250,1.0045427083969116,1.0489248037338257,0.9523343443870544
20251105_141829.460225,1.0045008659362793,1.0488823652267456,0.9525735378265381
20251105_141829.469931,1.004390001296997,1.048924446105957,0.9528048038482666
20251105_141829.480274,1.0041970014572144,1.049263596534729,0.9530012607574463
20251105_141829.490465,1.0040342807769775,1.049224853515625,0.9533031582832336
20251105_141829.500762,1.0039767026901245,1.0489718914031982,0.9537645578384399
20251105_141829.510366,1.0038375854492188,1.0489431619644165,0.9541754722595215
20251105_141829.520285,1.003696322441101,1.0490065813064575,0.9543266296386719
20251105_141829.530269,1.0035996437072754,1.0491288900375366,0.9545378684997559
20251105_141829.540471,1.003470540046692,1.0493947267532349,0.9545912742614746
20251105_141829.550631,1.0034071207046509,1.049237608909607,0.9549348950386047
20251105_141829.560155,1.003236174583435,1.0491588115692139,0.9552628397941589
20251105_141829.570258,1.003084659576416,1.0491647720336914,0.9556969404220581
20251105_141829.580705,1.0029871463775635,1.0492124557495117,0.9558896422386169
20251105_141829.590011,1.0029182434082031,1.0491091012954712,0.9561610221862793
20251105_141829.600589,1.0027804374694824,1.048907995223999,0.9568281173706055
20251105_141829.610495,1.0026724338531494,1.0490434169769287,0.9570820331573486
20251105_141829.620354,1.002548098564148,1.0490942001342773,0.9573405385017395
20251105_141829.630449,1.0024129152297974,1.0490634441375732,0.9577071666717529
20251105_141829.640740,1.0021870136260986,1.0490069389343262,0.9578537344932556
20251105_141829.649747,1.002024531364441,1.0489723682403564,0.9581547975540161
20251105_141829.660708,1.0019463300704956,1.0490899085998535,0.9584080576896667
20251105_141829.670467,1.0019093751907349,1.0491435527801514,0.9586735367774963
20251105_141829.680386,1.0018781423568726,1.0490655899047852,0.9590127468109131
20251105_141829.690344,1.0015928745269775,1.04903244972229,0.9594579339027405
20251105_141829.700431,1.00139582157135,1.049054503440857,0.9598017930984497
20251105_141829.710268,1.0013198852539062,1.0489728450775146,0.960121214389801
20251105_141829.720308,1.0011203289031982,1.0491294860839844,0.9602876901626587
20251105_141829.730215,1.0010370016098022,1.049096941947937,0.9606092572212219
20251105_141829.740253,1.0010679960250854,1.0488991737365723,0.9609265327453613
20251105_141829.750681,1.0011039972305298,1.0485663414001465,0.9619163870811462
20251105_141829.760452,1.0009167194366455,1.0487639904022217,0.962063193321228
20251105_141829.770783,1.0007445812225342,1.0486235618591309,0.9623116850852966
20251105_141829.780422,1.000614047050476,1.048484444618225,0.9625939726829529
20251105_141829.790623,1.0005064010620117,1.0485769510269165,0.9629132151603699
20251105_141829.800511,1.000474214553833,1.0488873720169067,0.963151216506958
20251105_141829.810382,1.0003931522369385,1.0488886833190918,0.9634075164794922
20251105_141829.820203,1.0002957582473755,1.0486507415771484,0.9639955163002014
20251105_141829.830232,1.0001639127731323,1.0484817028045654,0.9643778204917908
20251105_141829.840446,1.0000550746917725,1.0482529401779175,0.9647235870361328
20251105_141829.850349,0.9998182654380798,1.0485352277755737,0.9649529457092285
20251105_141829.860288,0.9997329711914062,1.0487345457077026,0.9652761816978455
20251105_141829.870461,0.9997148513793945,1.0488710403442383,0.9653798937797546
20251105_141829.880392,0.9996004104614258,1.0485831499099731,0.9658299684524536
20251105_141829.890433,0.9996187686920166,1.0482513904571533,0.9664356708526611
20251105_141829.900763,0.999478280544281,1.04783296585083,0.967256486415863
20251105_141829.910175,0.9993032217025757,1.0479457378387451,0.9673140048980713
20251105_141829.920336,0.9992720484733582,1.0480096340179443,0.967702329158783
20251105_141829.930301,0.9992194175720215,1.048085331916809,0.9680280685424805
20251105_141829.940344,0.9991485476493835,1.0479533672332764,0.9683276414871216
20251105_141829.950642,0.9990140199661255,1.0478837490081787,0.9686668515205383
20251105_141829.960353,0.9989039897918701,1.0479792356491089,0.9689772725105286
20251105_141829.970260,0.9988057613372803,1.0479272603988647,0.9693590998649597
20251105_141829.980320,0.998660683631897,1.0479341745376587,0.9697131514549255
20251105_141829.990625,0.9985901713371277,1.0479692220687866,0.9700726866722107
20251105_141830.000651,0.9985364675521851,1.0480343103408813,0.9703866243362427
20251105_141830.010298,0.998477041721344,1.0479536056518555,0.9707797765731812
20251105_141830.019677,0.9982277154922485,1.048011302947998,0.9710768461227417
20251105_141830.030301,0.9983192086219788,1.0478519201278687,0.9714162349700928
20251105_141830.039913,0.9982993006706238,1.0475223064422607,0.9719833135604858
20251105_141830.050452,0.9982141256332397,1.0473852157592773,0.9723577499389648
20251105_141830.060441,0.9980307817459106,1.0476105213165283,0.9725057482719421
20251105_141830.070774,0.9980447292327881,1.0475221872329712,0.9731247425079346
20251105_141830.080689,0.9980058670043945,1.0474742650985718,0.9734690189361572
20251105_141830.090165,0.9979168772697449,1.047342300415039,0.9739792943000793
20251105_141830.100321,0.9977797865867615,1.047293782234192,0.9743126630783081
20251105_141830.110201,0.9975399971008301,1.0472904443740845,0.9746385216712952
20251105_141830.120553,0.9974848628044128,1.0474566221237183,0.974757969379425
20251105_141830.130430,0.9974075555801392,1.0475629568099976,0.9750542640686035
20251105_141830.139748,0.9973484873771667,1.047443151473999,0.975486159324646
20251105_141830.150560,0.9972345232963562,1.0471742153167725,0.9759390950202942
20251105_141830.160530,0.9970610737800598,1.0472607612609863,0.9763312935829163
20251105_141830.170336,0.9971355199813843,1.046966552734375,0.9769859910011292
20251105_141830.180563,0.997079074382782,1.0467685461044312,0.9773719310760498
20251105_141830.190321,0.996941864490509,1.0468193292617798,0.9775015115737915
20251105_141830.200601,0.9968972206115723,1.0468083620071411,0.977859377861023
20251105_141830.209692,0.9968317747116089,1.0467090606689453,0.9782179594039917
20251105_141830.220069,0.9966976642608643,1.0467417240142822,0.9784561395645142
20251105_141830.230293,0.9966292381286621,1.0468248128890991,0.9789806008338928
20251105_141830.240256,0.9965113401412964,1.0470815896987915,0.9791613221168518
20251105_141830.250616,0.996475338935852,1.0469290018081665,0.9794635772705078
20251105_141830.260621,0.9962867498397827,1.0467501878738403,0.9798834323883057
20251105_141830.270382,0.996184229850769,1.0466893911361694,0.9802987575531006
20251105_141830.280342,0.9960975646972656,1.04677152633667,0.9804338812828064
20251105_141830.289973,0.9959428906440735,1.0469013452529907,0.9807227849960327
20251105_141830.300625,0.9958780407905579,1.0468697547912598,0.9811527729034424
20251105_141830.310109,0.9958759546279907,1.0464787483215332,0.9817783832550049
20251105_141830.320350,0.9958486557006836,1.046207070350647,0.9820197820663452
20251105_141830.330507,0.9957770109176636,1.0462806224822998,0.9823214411735535
20251105_141830.340155,0.9957024455070496,1.0463143587112427,0.9826399683952332
20251105_141830.350308,0.9956289529800415,1.046227216720581,0.98301100730896
20251105_141830.360572,0.9955549240112305,1.0461862087249756,0.9834050536155701
20251105_141830.370384,0.9954021573066711,1.0463275909423828,0.9837139248847961
20251105_141830.380420,0.9952256083488464,1.0461524724960327,0.9840521216392517
20251105_141830.390415,0.9950822591781616,1.0461126565933228,0.984546959400177
20251105_141830.400689,0.9949951767921448,1.0462868213653564,0.984686017036438
20251105_141830.409923,0.9950003623962402,1.0462669134140015,0.9850100874900818
20251105_141830.420378,0.9949495792388916,1.0461786985397339,0.985319972038269
20251105_141830.430515,0.994715690612793,1.0462431907653809,0.9856506586074829
20251105_141830.440283,0.9946556687355042,1.0460940599441528,0.9860830903053284
20251105_141830.450502,0.9945423603057861,1.0459884405136108,0.9864838719367981
20251105_141830.460328,0.9944876432418823,1.0458873510360718,0.9868122935295105
20251105_141830.469699,0.9945505857467651,1.0457074642181396,0.9872072339057922
20251105_141830.480573,0.9945363402366638,1.045490026473999,0.9876846671104431
20251105_141830.490327,0.9944391250610352,1.0454368591308594,0.9879907965660095
20251105_141830.500868,0.9942290782928467,1.0456494092941284,0.9882442355155945
20251105_141830.510257,0.9941193461418152,1.0456050634384155,0.9885715842247009
20251105_141830.520467,0.9940158128738403,1.0455513000488281,0.9887611865997314
20251105_141830.530507,0.9940189719200134,1.0456054210662842,0.9890081286430359
20251105_141830.540446,0.9939799308776855,1.0455821752548218,0.9892676472663879
20251105_141830.550167,0.9938968420028687,1.045430064201355,0.9895354509353638
20251105_141830.560553,0.9937624931335449,1.0454009771347046,0.9898395538330078
20251105_141830.570647,0.9935997128486633,1.0454519987106323,0.990100622177124
20251105_141830.580777,0.9935842752456665,1.045251727104187,0.9904499650001526
20251105_141830.590400,0.9935042858123779,1.0451561212539673,0.9907903671264648
20251105_141830.600457,0.993471086025238,1.0451056957244873,0.9911378026008606
20251105_141830.610241,0.9934396147727966,1.0451947450637817,0.9913827180862427
20251105_141830.620393,0.9934547543525696,1.0450893640518188,0.991547167301178
20251105_141830.630313,0.993450939655304,1.0446430444717407,0.9922224283218384
20251105_141830.639730,0.9933983683586121,1.0443190336227417,0.992570698261261
20251105_141830.650828,0.9933138489723206,1.0441371202468872,0.9927147030830383
20251105_141830.660432,0.9933657646179199,1.0444060564041138,0.9930223822593689
20251105_141830.670841,0.9933832883834839,1.0445144176483154,0.9932188987731934
20251105_141830.680811,0.9933744072914124,1.0444238185882568,0.9934747815132141
20251105_141830.689708,0.9932595491409302,1.0441694259643555,0.9937928318977356
20251105_141830.700465,0.9931989908218384,1.0439724922180176,0.9939249157905579
20251105_141830.710283,0.9931514859199524,1.043825626373291,0.9941343665122986
20251105_141830.720058,0.9931104779243469,1.0439388751983643,0.9944140315055847
20251105_141830.730249,0.9929887056350708,1.044272541999817,0.9945074915885925
20251105_141830.739757,0.9930489659309387,1.044236660003662,0.994691789150238
20251105_141830.750777,0.9930433034896851,1.0441837310791016,0.9949755072593689
20251105_141830.759937,0.9929428696632385,1.0440782308578491,0.9952118992805481
20251105_141830.770735,0.9928756356239319,1.0439486503601074,0.9954180121421814
20251105_141830.779813,0.9929109811782837,1.043887972831726,0.9956532120704651
20251105_141830.790675,0.992853045463562,1.0440679788589478,0.9958460330963135
20251105_141830.800185,0.9929428100585938,1.0438604354858398,0.9962397813796997
20251105_141830.810409,0.9928743243217468,1.0437650680541992,0.9963274002075195
20251105_141830.820224,0.9928547739982605,1.043866753578186,0.9965202212333679
20251105_141830.830336,0.9929191470146179,1.0437453985214233,0.9966670870780945
20251105_141830.840027,0.9929501414299011,1.0433030128479004,0.9972233176231384
20251105_141830.850576,0.9929349422454834,1.0432175397872925,0.9974049925804138
20251105_141830.860131,0.9929591417312622,1.0432063341140747,0.9976228475570679
20251105_141830.870362,0.9929916262626648,1.0431870222091675,0.9977661967277527
20251105_141830.880252,0.9929689168930054,1.0432463884353638,0.9979110360145569
20251105_141830.890336,0.9930040240287781,1.0432401895523071,0.9982403516769409
20251105_141830.900622,0.9930076599121094,1.043063998222351,0.9983012080192566
20251105_141830.910318,0.992987871170044,1.0429338216781616,0.9983401298522949
20251105_141830.920208,0.9929285645484924,1.042952299118042,0.9984579086303711
20251105_141830.929574,0.9929617643356323,1.0429511070251465,0.998611569404602
20251105_141830.940503,0.9929829835891724,1.0429471731185913,0.9987162351608276
20251105_141830.950845,0.9930160045623779,1.0430110692977905,0.9988633394241333
20251105_141830.960210,0.9930967688560486,1.0429567098617554,0.9991395473480225
20251105_141830.970448,0.9930298924446106,1.042694091796875,0.99921715259552
20251105_141830.980740,0.992996096611023,1.0425963401794434,0.9993321299552917
20251105_141830.990610,0.9930660724639893,1.042611002922058,0.9995347261428833
20251105_141831.000696,0.9931467771530151,1.04256272315979,0.9996443390846252
20251105_141831.009827,0.9932172298431396,1.0424875020980835,0.9997596740722656
20251105_141831.020361,0.993258535861969,1.0424858331680298,0.9999229907989502
20251105_141831.030364,0.9932820200920105,1.0424227714538574,1.0000532865524292
20251105_141831.040784,0.9932901263237,1.0422747135162354,1.000169277191162
20251105_141831.050124,0.9932719469070435,1.042250156402588,1.0001673698425293
20251105_141831.060414,0.9933555126190186,1.0422111749649048,1.0002310276031494
20251105_141831.070424,0.9934756755828857,1.0420746803283691,1.0003029108047485
20251105_141831.080322,0.9935577511787415,1.0420502424240112,1.0003818273544312
20251105_141831.089964,0.9936073422431946,1.0420544147491455,1.000483751296997
20251105_141831.100593,0.993636429309845,1.0419161319732666,1.0006356239318848
20251105_141831.110006,0.9936662316322327,1.0417848825454712,1.0007144212722778
20251105_141831.120190,0.9937775135040283,1.0418100357055664,1.0007623434066772
20251105_141831.130190,0.9938859939575195,1.0415122509002686,1.0009204149246216
20251105_141831.139709,0.9939700961112976,1.0413440465927124,1.0009700059890747
20251105_141831.150669,0.9940876960754395,1.0414272546768188,1.001010537147522
20251105_141831.159923,0.9941732287406921,1.0415409803390503,1.0009384155273438
20251105_141831.170406,0.994361400604248,1.0411126613616943,1.001344084739685
20251105_141831.180616,0.9943588376045227,1.0410079956054688,1.0012106895446777
20251105_141831.189557,0.9945014119148254,1.040908694267273,1.001387119293213
20251105_141831.200252,0.994638979434967,1.040771722793579,1.0014704465866089
20251105_141831.210408,0.9947092533111572,1.0408819913864136,1.0013588666915894
20251105_141831.220200,0.994846522808075,1.0407811403274536,1.0013718605041504
20251105_141831.230383,0.9949231743812561,1.040460228919983,1.0015621185302734
20251105_141831.239625,0.99506014585495,1.0403791666030884,1.0016344785690308
20251105_141831.250579,0.9951748251914978,1.0402616262435913,1.0018696784973145
20251105_141831.259569,0.9952304363250732,1.040135145187378,1.0018563270568848
20251105_141831.270454,0.9953638315200806,1.0401270389556885,1.0018566846847534
20251105_141831.280333,0.9955409169197083,1.040088415145874,1.0018539428710938
20251105_141831.290102,0.9957699179649353,1.0397913455963135,1.0017870664596558
20251105_141831.300177,0.9958717823028564,1.0394816398620605,1.0020875930786133
20251105_141831.310323,0.9959278702735901,1.0393750667572021,1.0023630857467651
20251105_141831.320384,0.9960087537765503,1.0395547151565552,1.00203537940979
20251105_141831.330433,0.9961728453636169,1.039434552192688,1.002087116241455
20251105_141831.339462,0.9963012933731079,1.0393024682998657,1.002118706703186
20251105_141831.350608,0.9964675903320312,1.0387725830078125,1.0025134086608887
20251105_141831.360302,0.9965904951095581,1.0386996269226074,1.0025954246520996
20251105_141831.370525,0.9967362880706787,1.038719892501831,1.0027717351913452
20251105_141831.380048,0.9968499541282654,1.0384882688522339,1.0028737783432007
20251105_141831.390284,0.9969384670257568,1.0383179187774658,1.0029191970825195
20251105_141831.400470,0.9970582723617554,1.0382864475250244,1.0029304027557373
20251105_141831.410427,0.9971814155578613,1.0381269454956055,1.002943515777588
20251105_141831.420305,0.9972766041755676,1.0381070375442505,1.0029436349868774
20251105_141831.430311,0.9974433183670044,1.0380339622497559,1.0030078887939453
20251105_141831.440215,0.9975534677505493,1.0378518104553223,1.0028818845748901
20251105_141831.450474,0.9976676106452942,1.0378166437149048,1.0030678510665894
20251105_141831.460312,0.9977591633796692,1.0376884937286377,1.0031086206436157
20251105_141831.470202,0.997893214225769,1.0375118255615234,1.0031085014343262
20251105_141831.479702,0.9980477094650269,1.0374394655227661,1.003115177154541
20251105_141831.490491,0.9981913566589355,1.0373127460479736,1.0031251907348633
20251105_141831.500886,0.9982878565788269,1.037339210510254,1.0031676292419434
20251105_141831.510680,0.9984238743782043,1.0372127294540405,1.003204584121704
20251105_141831.520311,0.9985616207122803,1.0368919372558594,1.0032362937927246
20251105_141831.529823,0.9986459612846375,1.0368443727493286,1.0032398700714111
20251105_141831.540007,0.9987584948539734,1.036826491355896,1.0032590627670288
20251105_141831.550276,0.9988632798194885,1.0367567539215088,1.0032567977905273
20251105_141831.560089,0.9990183711051941,1.0366976261138916,1.0032591819763184
20251105_141831.570381,0.9992297291755676,1.0364248752593994,1.0033072233200073
20251105_141831.580115,0.9993870258331299,1.0362049341201782,1.0033944845199585
20251105_141831.590136,0.9994574189186096,1.0362013578414917,1.003385066986084
20251105_141831.600273,0.9996066689491272,1.0359996557235718,1.0034000873565674
20251105_141831.610374,0.9997316598892212,1.0359971523284912,1.0033823251724243
20251105_141831.620299,0.9998244643211365,1.0359317064285278,1.0033854246139526
20251105_141831.630461,0.9999204277992249,1.0358737707138062,1.0033433437347412
20251105_141831.639788,1.000057339668274,1.035881757736206,1.0033541917800903
20251105_141831.650541,1.0001895427703857,1.0356578826904297,1.003342628479004
20251105_141831.660241,1.000257134437561,1.0356669425964355,1.0033644437789917
20251105_141831.670330,1.0003528594970703,1.0356959104537964,1.0033525228500366
20251105_141831.679766,1.000510573387146,1.0355523824691772,1.0032824277877808
20251105_141831.690342,1.000690221786499,1.0354256629943848,1.0032535791397095
20251105_141831.700179,1.0007954835891724,1.0353707075119019,1.0032283067703247
20251105_141831.710123,1.0008718967437744,1.0353200435638428,1.003212809562683
20251105_141831.720750,1.0009715557098389,1.0353519916534424,1.00319242477417
20251105_141831.730316,1.0011132955551147,1.0351686477661133,1.003161072731018
20251105_141831.740431,1.001223087310791,1.0351611375808716,1.0031309127807617
20251105_141831.750518,1.0013208389282227,1.0352375507354736,1.0030796527862549
20251105_141831.760338,1.001454472541809,1.0351577997207642,1.0029960870742798
20251105_141831.769893,1.0015313625335693,1.035235047340393,1.0027310848236084
20251105_141831.780430,1.001673698425293,1.035096526145935,1.0027050971984863
20251105_141831.790739,1.0016111135482788,1.0352703332901,1.0024738311767578
20251105_141831.800624,1.001650333404541,1.035427212715149,1.0022491216659546
20251105_141831.810395,1.0018374919891357,1.035343050956726,1.0021395683288574
20251105_141831.820503,1.0020802021026611,1.035204291343689,1.0020599365234375
20251105_141831.830295,1.0021892786026,1.0353529453277588,1.00193190574646
20251105_141831.839697,1.002403974533081,1.0351088047027588,1.0019978284835815
20251105_141831.849778,1.0024864673614502,1.0348961353302002,1.0019861459732056
20251105_141831.859764,1.0026440620422363,1.034786343574524,1.0020332336425781
20251105_141831.870257,1.0027945041656494,1.0347718000411987,1.001879334449768
20251105_141831.880391,1.0029640197753906,1.0347096920013428,1.0018844604492188
20251105_141831.890070,1.0030373334884644,1.0348150730133057,1.0017495155334473
20251105_141831.900420,1.0031929016113281,1.0347435474395752,1.0016417503356934
20251105_141831.910486,1.0032892227172852,1.0347501039505005,1.0015897750854492
20251105_141831.920160,1.0033565759658813,1.0346750020980835,1.0015385150909424
20251105_141831.930565,1.0034165382385254,1.03458571434021,1.0014448165893555
20251105_141831.940625,1.003516435623169,1.0347782373428345,1.0012564659118652
20251105_141831.950542,1.0036780834197998,1.034719705581665,1.0011595487594604
20251105_141831.960042,1.0037622451782227,1.0346251726150513,1.0010429620742798
20251105_141831.970439,1.0038310289382935,1.0346630811691284,1.0009280443191528
20251105_141831.980311,1.003906488418579,1.034683346748352,1.0008459091186523
20251105_141831.990338,1.0039206743240356,1.034751057624817,1.0006145238876343
20251105_141832.000792,1.0040701627731323,1.0347732305526733,1.000643014907837
20251105_141832.010160,1.0041157007217407,1.0345829725265503,1.0004589557647705
20251105_141832.020313,1.0040735006332397,1.0347247123718262,1.0003185272216797
20251105_141832.030372,1.004270076751709,1.0348083972930908,1.00014066696167
20251105_141832.040336,1.0042308568954468,1.0349735021591187,0.9999735951423645
20251105_141832.050142,1.0042959451675415,1.0349348783493042,0.9998884201049805
20251105_141832.060351,1.0043305158615112,1.0348402261734009,0.9999139904975891
20251105_141832.070356,1.0044175386428833,1.0346475839614868,0.99982088804245
20251105_141832.080442,1.0046850442886353,1.0344034433364868,0.9998166561126709
20251105_141832.090265,1.0047428607940674,1.034448504447937,0.9996950626373291
20251105_141832.100498,1.0048305988311768,1.0343055725097656,0.9995511174201965
20251105_141832.110133,1.0047931671142578,1.0347158908843994,0.9990294575691223
20251105_141832.120313,1.0048521757125854,1.034809947013855,0.9988445043563843
20251105_141832.130403,1.0048816204071045,1.0343629121780396,0.9991447329521179
20251105_141832.140537,1.0048887729644775,1.0342298746109009,0.9992550015449524
20251105_141832.150701,1.004974126815796,1.0343421697616577,0.9987462759017944
20251105_141832.160571,1.004982352256775,1.0344980955123901,0.9985874891281128
20251105_141832.170282,1.004869818687439,1.0346705913543701,0.9983935356140137
20251105_141832.180341,1.0049418210983276,1.0343340635299683,0.998323917388916
20251105_141832.190489,1.0048549175262451,1.0342152118682861,0.9983317255973816
20251105_141832.200790,1.0048046112060547,1.0343341827392578,0.9981274604797363
20251105_141832.210192,1.0047129392623901,1.0343947410583496,0.9979709982872009
20251105_141832.220396,1.004740834236145,1.0344752073287964,0.9978430271148682
20251105_141832.230368,1.0047751665115356,1.034291386604309,0.9976000785827637
20251105_141832.240276,1.004676342010498,1.0343680381774902,0.9974508285522461
20251105_141832.250942,1.0045377016067505,1.0345349311828613,0.9972164630889893
20251105_141832.260348,1.0044524669647217,1.034285068511963,0.9971451163291931
20251105_141832.270245,1.004412293434143,1.0342999696731567,0.9970274567604065
20251105_141832.280485,1.0043469667434692,1.0343194007873535,0.9968953132629395
20251105_141832.290224,1.0042563676834106,1.034359097480774,0.9968122243881226
20251105_141832.300442,1.0041643381118774,1.0344293117523193,0.996819019317627
20251105_141832.310146,1.0040799379348755,1.0341728925704956,0.9965797066688538
20251105_141832.320363,1.0039979219436646,1.0342472791671753,0.9966017007827759
20251105_141832.330373,1.0038460493087769,1.0342659950256348,0.9965081810951233
20251105_141832.340099,1.0037438869476318,1.0340876579284668,0.9964231252670288
20251105_141832.350363,1.0036377906799316,1.034095287322998,0.9963135123252869
20251105_141832.360405,1.0035408735275269,1.0340452194213867,0.9962226748466492
20251105_141832.370527,1.003354549407959,1.034172773361206,0.996101438999176
20251105_141832.380427,1.0031702518463135,1.0340566635131836,0.9959926605224609
20251105_141832.390416,1.0030487775802612,1.0339808464050293,0.9958510994911194
20251105_141832.400325,1.002897024154663,1.034101128578186,0.9957345128059387
20251105_141832.410705,1.002747654914856,1.0339974164962769,0.9956656694412231
20251105_141832.420764,1.0025888681411743,1.03396737575531,0.9955908060073853
20251105_141832.430407,1.002435326576233,1.0339007377624512,0.995521605014801
20251105_141832.440472,1.0022673606872559,1.0340286493301392,0.9952940940856934
20251105_141832.450458,1.0020869970321655,1.0339233875274658,0.9951702356338501
20251105_141832.460261,1.0019197463989258,1.0337351560592651,0.9951411485671997
20251105_141832.470311,1.0017094612121582,1.0338554382324219,0.9950202703475952
20251105_141832.479633,1.001568078994751,1.0337324142456055,0.9950563311576843
20251105_141832.490160,1.0013788938522339,1.0337700843811035,0.9949911832809448
20251105_141832.500638,1.0011566877365112,1.033691644668579,0.9949427843093872
20251105_141832.510400,1.0008715391159058,1.033631682395935,0.9948697090148926
20251105_141832.520551,1.0007731914520264,1.0335009098052979,0.9945218563079834
20251105_141832.530506,1.0005358457565308,1.0334781408309937,0.9944585561752319
20251105_141832.540658,1.0002418756484985,1.0333867073059082,0.9944294691085815
20251105_141832.550258,1.0000964403152466,1.0334080457687378,0.9942845702171326
20251105_141832.560534,0.99982750415802,1.0334196090698242,0.9943029284477234
20251105_141832.570507,0.9995905160903931,1.0334339141845703,0.9942346215248108
20251105_141832.580353,0.99932461977005,1.0333342552185059,0.9942208528518677
20251105_141832.590727,0.9990320801734924,1.033071756362915,0.9941337704658508
20251105_141832.600300,0.9988098740577698,1.0332064628601074,0.9940598011016846
20251105_141832.610224,0.9986482858657837,1.0330204963684082,0.9939683079719543
20251105_141832.620619,0.998412013053894,1.0329079627990723,0.9939621686935425
20251105_141832.630883,0.9981707334518433,1.0329042673110962,0.9939447641372681
20251105_141832.639554,0.9979580044746399,1.0330100059509277,0.9939131140708923
20251105_141832.650618,0.9977698922157288,1.0327943563461304,0.9938510656356812
20251105_141832.660763,0.9974961876869202,1.0328333377838135,0.9937813878059387
20251105_141832.670212,0.9972867965698242,1.0327166318893433,0.9936960935592651
20251105_141832.679846,0.9970871210098267,1.0325783491134644,0.9936511516571045
20251105_141832.690659,0.9968902468681335,1.0325770378112793,0.9936109781265259
20251105_141832.700632,0.9966071248054504,1.0326993465423584,0.9936034083366394
20251105_141832.710265,0.996342658996582,1.0325744152069092,0.9936420917510986
20251105_141832.720355,0.9960947632789612,1.0324586629867554,0.9935846924781799
20251105_141832.730211,0.9958500266075134,1.032514214515686,0.9935155510902405
20251105_141832.740471,0.9956502914428711,1.0323487520217896,0.9934983253479004
20251105_141832.750429,0.9952064156532288,1.0323785543441772,0.9934117197990417
20251105_141832.760283,0.9949812889099121,1.0324013233184814,0.9933942556381226
20251105_141832.770485,0.9947690367698669,1.0326640605926514,0.9933493733406067
20251105_141832.780446,0.994547963142395,1.0324057340621948,0.993416428565979
20251105_141832.790402,0.9942725300788879,1.0324857234954834,0.9934072494506836
20251105_141832.800358,0.9940602779388428,1.0323089361190796,0.993381917476654
20251105_141832.810264,0.9938361048698425,1.0322598218917847,0.9933608770370483
20251105_141832.820391,0.9935780763626099,1.032081961631775,0.9933645129203796
20251105_141832.830625,0.993346631526947,1.0323199033737183,0.9933821558952332
20251105_141832.840507,0.9931817650794983,1.0322853326797485,0.993408203125
20251105_141832.850473,0.9929660558700562,1.0322715044021606,0.9934288263320923
20251105_141832.860421,0.9926468133926392,1.0323505401611328,0.9933956861495972
20251105_141832.870080,0.9923627376556396,1.0321030616760254,0.9933583736419678
20251105_141832.880111,0.992020845413208,1.0321295261383057,0.9933085441589355
20251105_141832.890810,0.9918152689933777,1.0321191549301147,0.9932600259780884
20251105_141832.900480,0.991594672203064,1.0324441194534302,0.9932268857955933
20251105_141832.910097,0.991409957408905,1.032310128211975,0.993261992931366
20251105_141832.920713,0.9912320375442505,1.032142162322998,0.9937699437141418
20251105_141832.930462,0.9908461570739746,1.032003402709961,0.9935836791992188
20251105_141832.939922,0.9906315207481384,1.0318915843963623,0.9936261773109436
20251105_141832.950547,0.990591287612915,1.0315077304840088,0.993721604347229
20251105_141832.960580,0.9904062151908875,1.0315786600112915,0.9936870336532593
20251105_141832.969943,0.9902745485305786,1.0315686464309692,0.9936960935592651
20251105_141832.980566,0.9901159405708313,1.0315635204315186,0.9937688708305359
20251105_141832.989617,0.9898074269294739,1.0315790176391602,0.9938529133796692
20251105_141833.000778,0.9895063638687134,1.0312789678573608,0.9940236210823059
20251105_141833.009951,0.9893003702163696,1.0311533212661743,0.9939528107643127
20251105_141833.020729,0.9891032576560974,1.0311617851257324,0.9938287138938904
20251105_141833.030672,0.9889556765556335,1.0314233303070068,0.993745744228363
20251105_141833.040670,0.9887349605560303,1.0312024354934692,0.9937659502029419
20251105_141833.050258,0.9885309338569641,1.031296968460083,0.9938743114471436
20251105_141833.060617,0.9883254766464233,1.0311096906661987,0.9939537644386292
20251105_141833.070287,0.9881296753883362,1.030938982963562,0.9939908981323242
20251105_141833.079767,0.987928032875061,1.0308340787887573,0.994041383266449
20251105_141833.090685,0.987852156162262,1.0309447050094604,0.9941218495368958
20251105_141833.100935,0.9877249002456665,1.0308681726455688,0.9941057562828064
20251105_141833.109922,0.9875350594520569,1.0308642387390137,0.9940211772918701
20251105_141833.120626,0.9873364567756653,1.0307453870773315,0.9942773580551147
20251105_141833.130590,0.9871007800102234,1.0304452180862427,0.9942569136619568
20251105_141833.140012,0.9869627952575684,1.030397653579712,0.9943199157714844
20251105_141833.150439,0.986851692199707,1.0304780006408691,0.9943065047264099
20251105_141833.159892,0.9867916703224182,1.0306552648544312,0.9944323897361755
20251105_141833.170351,0.9866871237754822,1.0304633378982544,0.9942940473556519
20251105_141833.180422,0.986433744430542,1.0305697917938232,0.9943650960922241
20251105_141833.190343,0.9862884879112244,1.0303645133972168,0.9945427775382996
20251105_141833.200466,0.9862010478973389,1.0301433801651,0.9947040677070618
20251105_141833.210324,0.9860725402832031,1.0300501585006714,0.9947835206985474
20251105_141833.220342,0.9859811663627625,1.0302709341049194,0.994762659072876
20251105_141833.230512,0.985950231552124,1.0302214622497559,0.9947701096534729
20251105_141833.240373,0.9856780171394348,1.0304495096206665,0.9945745468139648
20251105_141833.250903,0.9855446219444275,1.030456304550171,0.9946467876434326
20251105_141833.260497,0.9854074120521545,1.0302127599716187,0.9947620034217834
20251105_141833.270429,0.9852702021598816,1.029988169670105,0.9948647618293762
20251105_141833.279978,0.9851735830307007,1.0300226211547852,0.9949183464050293
20251105_141833.290386,0.9851478934288025,1.030317783355713,0.9949302077293396
20251105_141833.299784,0.9851208925247192,1.0302172899246216,0.9948927760124207
20251105_141833.309900,0.9851112961769104,1.0303882360458374,0.994871199131012
20251105_141833.319719,0.9849616885185242,1.0302518606185913,0.9949619174003601
20251105_141833.330658,0.9848728775978088,1.0296255350112915,0.9955363273620605
20251105_141833.340359,0.9847619533538818,1.029464840888977,0.9955371618270874
20251105_141833.350574,0.9847565293312073,1.029542088508606,0.9956217408180237
20251105_141833.359912,0.9846891760826111,1.0299628973007202,0.9953641295433044
20251105_141833.370366,0.984623372554779,1.0299265384674072,0.9953387379646301
20251105_141833.380209,0.9845770001411438,1.0297837257385254,0.995644748210907
20251105_141833.390205,0.9844574928283691,1.0295846462249756,0.9957981705665588
20251105_141833.400119,0.9843606352806091,1.0294514894485474,0.9959440231323242
20251105_141833.410237,0.9842795133590698,1.0292807817459106,0.9960396885871887
20251105_141833.420719,0.9842497706413269,1.0295512676239014,0.9960516095161438
20251105_141833.430281,0.9842390418052673,1.0298030376434326,0.9957908391952515
20251105_141833.440159,0.9842197895050049,1.02956223487854,0.9960891008377075
20251105_141833.450405,0.9841152429580688,1.0296037197113037,0.996220052242279
20251105_141833.460374,0.9840120077133179,1.0295405387878418,0.9963411688804626
20251105_141833.470486,0.983951210975647,1.029346227645874,0.9964819550514221
20251105_141833.480416,0.9839228391647339,1.0292391777038574,0.9965539574623108
20251105_141833.489809,0.983870804309845,1.0295405387878418,0.9965462684631348
20251105_141833.500520,0.9839156866073608,1.0294607877731323,0.9965853691101074
20251105_141833.510639,0.9838486313819885,1.0295567512512207,0.9966217279434204
20251105_141833.520505,0.9837582111358643,1.0295790433883667,0.996771514415741
20251105_141833.530584,0.9836397171020508,1.029577612876892,0.9969629645347595
20251105_141833.540031,0.983566403388977,1.029319167137146,0.9970871806144714
20251105_141833.550333,0.9835383892059326,1.029255747795105,0.9971632361412048
20251105_141833.560440,0.9835940599441528,1.0294840335845947,0.9971429705619812
20251105_141833.570426,0.9835851192474365,1.0296738147735596,0.9971112012863159
20251105_141833.580352,0.9835801124572754,1.0298203229904175,0.9973732829093933
20251105_141833.590181,0.9834920763969421,1.0297027826309204,0.9975064396858215
20251105_141833.600449,0.9834123849868774,1.0297411680221558,0.9976973533630371
20251105_141833.610200,0.9833962917327881,1.029447317123413,0.9977938532829285
20251105_141833.620573,0.9832855463027954,1.0297374725341797,0.9977645874023438
20251105_141833.630416,0.9833421111106873,1.0299209356307983,0.9978371858596802
20251105_141833.640099,0.9834396839141846,1.030197262763977,0.9978576302528381
20251105_141833.650928,0.9834532141685486,1.0301748514175415,0.9979749917984009
20251105_141833.660123,0.9833360910415649,1.0301395654678345,0.9981744289398193
20251105_141833.670516,0.9832568168640137,1.0300601720809937,0.9983510971069336
20251105_141833.680774,0.9833031892776489,1.0299330949783325,0.9983542561531067
20251105_141833.690360,0.9834086894989014,1.0300432443618774,0.9984090328216553
20251105_141833.700419,0.9835127592086792,1.0302084684371948,0.9984443187713623
20251105_141833.710381,0.9835205078125,1.0304142236709595,0.9985170364379883
20251105_141833.720243,0.9835566282272339,1.0302783250808716,0.9986751079559326
20251105_141833.730288,0.9835014343261719,1.0303049087524414,0.9988477826118469
20251105_141833.740158,0.9834592342376709,1.0302388668060303,0.999019205570221
20251105_141833.750778,0.9835290908813477,1.0303168296813965,0.9991338849067688
20251105_141833.760294,0.9836834073066711,1.0302326679229736,0.9992541074752808
20251105_141833.770055,0.9837838411331177,1.0304975509643555,0.9993001818656921
20251105_141833.780454,0.9838342070579529,1.0305627584457397,0.9993772506713867
20251105_141833.790375,0.9838728904724121,1.0305324792861938,0.9995399713516235
20251105_141833.800235,0.9838878512382507,1.030510663986206,0.9997379183769226
20251105_141833.810274,0.983937680721283,1.0306450128555298,0.9999125599861145
20251105_141833.820317,0.9840087890625,1.0306296348571777,1.0000375509262085
20251105_141833.830346,0.984157919883728,1.0305193662643433,1.0001806020736694
20251105_141833.840277,0.9842533469200134,1.0306532382965088,1.0002580881118774
20251105_141833.850728,0.9843438267707825,1.0307669639587402,1.000349998474121
20251105_141833.860633,0.9844432473182678,1.0308151245117188,1.0004528760910034
20251105_141833.870419,0.98441082239151,1.0306477546691895,1.0007517337799072
20251105_141833.880358,0.984449028968811,1.0307623147964478,1.0008755922317505
20251105_141833.890289,0.9847224950790405,1.030433177947998,1.0012162923812866
20251105_141833.900306,0.9847768545150757,1.030776858329773,1.0010658502578735
20251105_141833.910796,0.9848536252975464,1.0308657884597778,1.0011812448501587
20251105_141833.920360,0.984930157661438,1.0309205055236816,1.0013264417648315
20251105_141833.930283,0.9850107431411743,1.0308074951171875,1.001465082168579
20251105_141833.940194,0.9851084351539612,1.0306169986724854,1.0021145343780518
20251105_141833.950267,0.9851476550102234,1.0305507183074951,1.0021365880966187
20251105_141833.960357,0.985319972038269,1.0306533575057983,1.0024305582046509
20251105_141833.970270,0.9854675531387329,1.0306694507598877,1.0025317668914795
20251105_141833.980411,0.9854980111122131,1.0313082933425903,1.0022424459457397
20251105_141833.990410,0.9856924414634705,1.0308353900909424,1.002825140953064
20251105_141834.000319,0.9857591390609741,1.0308259725570679,1.00299870967865
20251105_141834.010307,0.9858139157295227,1.0307950973510742,1.0031384229660034
20251105_141834.020411,0.9859513640403748,1.030922770500183,1.0031405687332153
20251105_141834.030430,0.9860751032829285,1.030819296836853,1.0032596588134766
20251105_141834.039960,0.9862368106842041,1.0311254262924194,1.0033676624298096
20251105_141834.050655,0.9864553213119507,1.0313680171966553,1.0033469200134277
20251105_141834.060178,0.9865521192550659,1.0312236547470093,1.0036962032318115
20251105_141834.070190,0.986603856086731,1.0310814380645752,1.0037227869033813
20251105_141834.079551,0.9866892695426941,1.0311256647109985,1.003861904144287
20251105_141834.090282,0.9868446588516235,1.0309581756591797,1.0039786100387573
20251105_141834.100256,0.9870490431785583,1.03122878074646,1.0040943622589111
20251105_141834.110551,0.9872594475746155,1.0312780141830444,1.004418969154358
20251105_141834.120322,0.9874286651611328,1.031326174736023,1.0043730735778809
20251105_141834.130281,0.9875362515449524,1.0312219858169556,1.0043754577636719
20251105_141834.140462,0.987666666507721,1.0313173532485962,1.004528522491455
20251105_141834.151110,0.9878160357475281,1.0310394763946533,1.0046627521514893
20251105_141834.160649,0.9879611730575562,1.0311278104782104,1.0047714710235596
20251105_141834.170560,0.9881783127784729,1.0311864614486694,1.0048322677612305
20251105_141834.180366,0.9884302616119385,1.0312442779541016,1.004899263381958
20251105_141834.190603,0.9885721206665039,1.031165361404419,1.0049821138381958
20251105_141834.200445,0.9886612892150879,1.0312330722808838,1.0051062107086182
20251105_141834.210835,0.9888123869895935,1.0309697389602661,1.0052320957183838
20251105_141834.220041,0.9889910221099854,1.0310156345367432,1.0053269863128662
20251105_141834.230284,0.9891988635063171,1.0310204029083252,1.005500078201294
20251105_141834.240243,0.9895740151405334,1.0312175750732422,1.0054692029953003
20251105_141834.250557,0.9897973537445068,1.0311377048492432,1.0055006742477417
20251105_141834.259974,0.9898720979690552,1.0310769081115723,1.0056769847869873
20251105_141834.270747,0.9900435209274292,1.0308581590652466,1.0057170391082764
20251105_141834.280484,0.9901316165924072,1.030720829963684,1.0058906078338623
20251105_141834.290339,0.9903539419174194,1.0308220386505127,1.0058258771896362
20251105_141834.300533,0.9906457662582397,1.0308911800384521,1.0058000087738037
20251105_141834.310375,0.9908631443977356,1.0308458805084229,1.0058603286743164
20251105_141834.320333,0.991058349609375,1.0308613777160645,1.0060538053512573
20251105_141834.330272,0.9912518262863159,1.0308005809783936,1.0061091184616089
20251105_141834.340359,0.9914522171020508,1.0306915044784546,1.0061777830123901
20251105_141834.350848,0.9916073679924011,1.0307104587554932,1.0062408447265625
20251105_141834.360339,0.9918240904808044,1.0305702686309814,1.0062618255615234
20251105_141834.370211,0.9921075105667114,1.030484676361084,1.0062860250473022
20251105_141834.380555,0.9924505352973938,1.0304028987884521,1.0063503980636597
20251105_141834.390228,0.9926514625549316,1.030498743057251,1.006373643875122
20251105_141834.400294,0.992874264717102,1.0301823616027832,1.0063823461532593
20251105_141834.410252,0.9930632710456848,1.0301251411437988,1.00655996799469
20251105_141834.420669,0.9932472705841064,1.0301707983016968,1.0064555406570435
20251105_141834.430457,0.9935479164123535,1.0301302671432495,1.0064665079116821
20251105_141834.440384,0.9937787055969238,1.0300954580307007,1.0064688920974731
20251105_141834.450381,0.9939896464347839,1.0301364660263062,1.0064867734909058
20251105_141834.460322,0.9942266941070557,1.0303024053573608,1.0064969062805176
20251105_141834.470402,0.9944221377372742,1.0301713943481445,1.0065325498580933
20251105_141834.480241,0.9946267604827881,1.0301172733306885,1.0067367553710938
20251105_141834.490294,0.9947802424430847,1.0300116539001465,1.0066615343093872
20251105_141834.500372,0.9950692057609558,1.0301263332366943,1.0067288875579834
20251105_141834.510377,0.9953781366348267,1.0300571918487549,1.0065696239471436
20251105_141834.520432,0.995603084564209,1.0301717519760132,1.0065785646438599
20251105_141834.530331,0.9957863092422485,1.030173420906067,1.0066380500793457
20251105_141834.540430,0.995962917804718,1.0302011966705322,1.0067639350891113
20251105_141834.550420,0.9961799383163452,1.0301152467727661,1.0068140029907227
20251105_141834.560560,0.9963852763175964,1.029963731765747,1.0067155361175537
20251105_141834.570788,0.9966024160385132,1.030104637145996,1.0066882371902466
20251105_141834.580143,0.9969645738601685,1.030271053314209,1.0065746307373047
20251105_141834.590298,0.9973164796829224,1.0304012298583984,1.006697654724121
20251105_141834.600312,0.9975526332855225,1.030187964439392,1.006744146347046
20251105_141834.610216,0.9976314902305603,1.0300146341323853,1.006865382194519
20251105_141834.620525,0.9978464245796204,1.030014991760254,1.0069493055343628
20251105_141834.630534,0.9982379674911499,1.0300166606903076,1.0070282220840454
20251105_141834.640460,0.9985467791557312,1.0301686525344849,1.0068347454071045
20251105_141834.650337,0.9986900091171265,1.0302340984344482,1.0067754983901978
20251105_141834.660589,0.9991397857666016,1.0300832986831665,1.0068703889846802
20251105_141834.670470,0.9993427991867065,1.030038833618164,1.006910800933838
20251105_141834.680540,0.9995537400245667,1.0298759937286377,1.006991982460022
20251105_141834.690674,0.9997787475585938,1.0297925472259521,1.0070298910140991
20251105_141834.700609,1.0000364780426025,1.029715657234192,1.0069782733917236
20251105_141834.710429,1.0004481077194214,1.029820203781128,1.0069451332092285
20251105_141834.720408,1.0007158517837524,1.0298594236373901,1.0069372653961182
20251105_141834.730381,1.0009442567825317,1.0296891927719116,1.007120132446289
20251105_141834.740428,1.001136064529419,1.0295814275741577,1.0071390867233276
20251105_141834.750504,1.0013192892074585,1.029423475265503,1.007136583328247
20251105_141834.760253,1.0015349388122559,1.029556155204773,1.0071452856063843
20251105_141834.770468,1.0017892122268677,1.0296474695205688,1.0071227550506592
20251105_141834.780402,1.0020642280578613,1.0296785831451416,1.0070880651474
20251105_141834.790257,1.0023438930511475,1.0297653675079346,1.007046103477478
20251105_141834.800403,1.002539038658142,1.0295642614364624,1.0070635080337524
20251105_141834.810256,1.002661108970642,1.0294891595840454,1.0071345567703247
20251105_141834.820045,1.0028432607650757,1.0294405221939087,1.007137656211853
20251105_141834.830234,1.003121018409729,1.02942955493927,1.0071176290512085
20251105_141834.840329,1.0034925937652588,1.0296443700790405,1.0070650577545166
20251105_141834.850701,1.0037707090377808,1.0295079946517944,1.0070574283599854
20251105_141834.860328,1.003954291343689,1.0296133756637573,1.0070786476135254
20251105_141834.870342,1.0041687488555908,1.0295299291610718,1.0070151090621948
20251105_141834.880303,1.0043580532073975,1.0293267965316772,1.0069767236709595
20251105_141834.890361,1.0045888423919678,1.029294490814209,1.0069751739501953
20251105_141834.900336,1.0048402547836304,1.0291814804077148,1.0069392919540405
20251105_141834.910205,1.005107045173645,1.0294677019119263,1.006890058517456
20251105_141834.920015,1.0053234100341797,1.0297915935516357,1.0064492225646973
20251105_141834.930713,1.0055150985717773,1.029693603515625,1.0064609050750732
20251105_141834.940264,1.0056802034378052,1.0294349193572998,1.0064728260040283
20251105_141834.950108,1.00583016872406,1.0291242599487305,1.0064748525619507
20251105_141834.960187,1.0060429573059082,1.0292224884033203,1.006417155265808
20251105_141834.970746,1.006274700164795,1.0291897058486938,1.0064767599105835
20251105_141834.980517,1.0065158605575562,1.029159665107727,1.0065293312072754
20251105_141834.990185,1.0067176818847656,1.0290913581848145,1.0064507722854614
20251105_141834.999650,1.0068933963775635,1.0288623571395874,1.006516933441162
20251105_141835.010037,1.0069912672042847,1.028862476348877,1.006516695022583
20251105_141835.020403,1.0071321725845337,1.0286064147949219,1.0064623355865479
20251105_141835.029617,1.0073742866516113,1.028410792350769,1.006636381149292
20251105_141835.040463,1.007523775100708,1.0283039808273315,1.0063875913619995
20251105_141835.050713,1.0077053308486938,1.0282338857650757,1.0063296556472778
20251105_141835.060620,1.007912516593933,1.0282902717590332,1.0064904689788818
20251105_141835.069671,1.0080293416976929,1.0281164646148682,1.0064976215362549
20251105_141835.080578,1.0081853866577148,1.0279531478881836,1.006492257118225
20251105_141835.090504,1.0082356929779053,1.0277562141418457,1.0062870979309082
20251105_141835.100590,1.008474588394165,1.0274100303649902,1.0063210725784302
20251105_141835.110051,1.0085910558700562,1.027319312095642,1.0062469244003296
20251105_141835.120367,1.0088039636611938,1.027187466621399,1.0061687231063843
20251105_141835.130347,1.008965015411377,1.027235746383667,1.006191372871399
20251105_141835.140161,1.0090464353561401,1.027042269706726,1.0062215328216553
20251105_141835.150259,1.0090625286102295,1.0270198583602905,1.006278395652771
20251105_141835.159595,1.0092130899429321,1.0266971588134766,1.0064332485198975
20251105_141835.170168,1.0093868970870972,1.0264089107513428,1.0064266920089722
20251105_141835.180396,1.0094839334487915,1.0264135599136353,1.0061684846878052
20251105_141835.190012,1.009692907333374,1.0261955261230469,1.0063716173171997
20251105_141835.200207,1.0097854137420654,1.0263816118240356,1.0063997507095337
20251105_141835.209913,1.0098861455917358,1.0262138843536377,1.0064600706100464
20251105_141835.220356,1.0099467039108276,1.0259437561035156,1.0065282583236694
20251105_141835.230523,1.009997010231018,1.025563359260559,1.0065613985061646
20251105_141835.239894,1.010094165802002,1.0254560708999634,1.0065706968307495
20251105_141835.250432,1.0102201700210571,1.0255399942398071,1.006503701210022
20251105_141835.260492,1.0103559494018555,1.025538444519043,1.0064715147018433
20251105_141835.270711,1.0104131698608398,1.0255399942398071,1.0065521001815796
20251105_141835.280341,1.0104155540466309,1.0253020524978638,1.0066319704055786
20251105_141835.289790,1.010420560836792,1.025200605392456,1.006645917892456
20251105_141835.300555,1.0104445219039917,1.0249563455581665,1.0064709186553955
20251105_141835.309822,1.0105382204055786,1.0247875452041626,1.0064882040023804
20251105_141835.320328,1.0106236934661865,1.0248479843139648,1.0065009593963623
20251105_141835.330375,1.0107133388519287,1.0249742269515991,1.006510853767395
20251105_141835.340207,1.0107795000076294,1.0248600244522095,1.0066044330596924
20251105_141835.350237,1.0107284784317017,1.0245213508605957,1.0066883563995361
20251105_141835.360135,1.0106713771820068,1.0243992805480957,1.006771206855774
20251105_141835.370722,1.0107216835021973,1.024261713027954,1.006751537322998
20251105_141835.380493,1.0108729600906372,1.024294137954712,1.0067484378814697
20251105_141835.390280,1.0109410285949707,1.024200201034546,1.0067567825317383
20251105_141835.400316,1.0109416246414185,1.0242892503738403,1.0068187713623047
20251105_141835.410338,1.0109124183654785,1.024154543876648,1.006894588470459
20251105_141835.420241,1.0109798908233643,1.0236395597457886,1.007320761680603
20251105_141835.430440,1.0110098123550415,1.023345708847046,1.0077018737792969
20251105_141835.440444,1.0110276937484741,1.0232285261154175,1.0077265501022339
20251105_141835.450219,1.0111128091812134,1.0234137773513794,1.007685661315918
20251105_141835.460382,1.0111111402511597,1.0234531164169312,1.0073466300964355
20251105_141835.470321,1.0111838579177856,1.0231841802597046,1.0076210498809814
20251105_141835.480395,1.0110374689102173,1.022997260093689,1.0077955722808838
20251105_141835.490292,1.011030673980713,1.0227793455123901,1.0081020593643188
20251105_141835.500779,1.011043667793274,1.0227962732315063,1.008196473121643
20251105_141835.510478,1.0111240148544312,1.0226647853851318,1.0082265138626099
20251105_141835.520411,1.0111143589019775,1.022675633430481,1.0082066059112549
20251105_141835.530219,1.0111093521118164,1.0227348804473877,1.0082287788391113
20251105_141835.540514,1.0110708475112915,1.0226199626922607,1.0082812309265137
20251105_141835.550220,1.0109760761260986,1.0225597620010376,1.008283019065857
20251105_141835.560374,1.0108699798583984,1.022201657295227,1.0084805488586426
20251105_141835.570281,1.0108228921890259,1.022217869758606,1.0087010860443115
20251105_141835.580463,1.010890007019043,1.0223808288574219,1.0086917877197266
20251105_141835.590257,1.0109179019927979,1.022392749786377,1.0087028741836548
20251105_141835.600274,1.010895013809204,1.0223585367202759,1.0087590217590332
20251105_141835.610052,1.0107898712158203,1.0220115184783936,1.0088839530944824
20251105_141835.620210,1.01065194606781,1.0219722986221313,1.0090382099151611
20251105_141835.630330,1.0105682611465454,1.0219001770019531,1.0091378688812256
20251105_141835.640168,1.0105501413345337,1.021892786026001,1.0092246532440186
20251105_141835.650298,1.0105650424957275,1.0220047235488892,1.0093047618865967
20251105_141835.660262,1.0105369091033936,1.0219788551330566,1.0093135833740234
20251105_141835.670383,1.010434865951538,1.022092342376709,1.0093605518341064
20251105_141835.680246,1.010288953781128,1.0219365358352661,1.009468674659729
20251105_141835.689929,1.0101792812347412,1.0216865539550781,1.0096217393875122
20251105_141835.700412,1.0100932121276855,1.0216195583343506,1.009710431098938
20251105_141835.710073,1.0100420713424683,1.021679162979126,1.0097639560699463
20251105_141835.720312,1.0099669694900513,1.0219829082489014,1.009840965270996
20251105_141835.730417,1.0098861455917358,1.0220813751220703,1.0099056959152222
20251105_141835.740142,1.0097795724868774,1.0218745470046997,1.0099586248397827
20251105_141835.750702,1.009511947631836,1.02155339717865,1.010024905204773
20251105_141835.760377,1.009304165840149,1.0213587284088135,1.010148525238037
20251105_141835.770776,1.0091699361801147,1.021456003189087,1.0102291107177734
20251105_141835.780244,1.0091108083724976,1.0217773914337158,1.0102722644805908
20251105_141835.790776,1.0090982913970947,1.021823763847351,1.0103346109390259
20251105_141835.800377,1.0087400674819946,1.0219223499298096,1.0103340148925781
20251105_141835.809837,1.008500576019287,1.021885633468628,1.0104198455810547
20251105_141835.820397,1.008279800415039,1.0217205286026,1.0105113983154297
20251105_141835.829607,1.008090853691101,1.0217560529708862,1.010583519935608
20251105_141835.840324,1.007969856262207,1.0217102766036987,1.0106734037399292
20251105_141835.850468,1.0078352689743042,1.0217232704162598,1.0107300281524658
20251105_141835.860329,1.007660150527954,1.0218722820281982,1.010788083076477
20251105_141835.870156,1.007405161857605,1.0219528675079346,1.010643720626831
20251105_141835.880290,1.0071496963500977,1.0218591690063477,1.010749340057373
20251105_141835.890505,1.0069835186004639,1.0214935541152954,1.0113338232040405
20251105_141835.900346,1.0066169500350952,1.0215924978256226,1.011165738105774
20251105_141835.910587,1.0064479112625122,1.0215836763381958,1.011170506477356
20251105_141835.920458,1.0062881708145142,1.0217533111572266,1.0114432573318481
20251105_141835.930843,1.0059196949005127,1.022007942199707,1.0113016366958618
20251105_141835.939998,1.0056425333023071,1.0220215320587158,1.0113916397094727
20251105_141835.950224,1.005314588546753,1.0222159624099731,1.0114853382110596
20251105_141835.960284,1.0049811601638794,1.022098422050476,1.0116815567016602
20251105_141835.970410,1.004764199256897,1.0218582153320312,1.0120691061019897
20251105_141835.979846,1.0044459104537964,1.0220674276351929,1.0120556354522705
20251105_141835.990358,1.0042459964752197,1.0222834348678589,1.0120707750320435
20251105_141835.999943,1.0039786100387573,1.0223582983016968,1.0121508836746216
20251105_141836.010601,1.0036436319351196,1.022446632385254,1.0123101472854614
20251105_141836.020317,1.0031790733337402,1.0226598978042603,1.0121009349822998
20251105_141836.030388,1.0029314756393433,1.0225235223770142,1.0122227668762207
20251105_141836.040334,1.0026744604110718,1.0224372148513794,1.0124328136444092
20251105_141836.050169,1.00242280960083,1.022454857826233,1.0125203132629395
20251105_141836.059752,1.0021089315414429,1.022572636604309,1.0125060081481934
20251105_141836.070407,1.00173020362854,1.0227476358413696,1.0124075412750244
20251105_141836.080300,1.0012973546981812,1.0230871438980103,1.0124982595443726
20251105_141836.089911,1.0010329484939575,1.0229953527450562,1.0127830505371094
20251105_141836.100269,1.0005089044570923,1.0229418277740479,1.0125857591629028
20251105_141836.110341,1.000159502029419,1.0228947401046753,1.012653112411499
20251105_141836.120449,0.9998806715011597,1.0229253768920898,1.012874722480774
20251105_141836.130410,0.9996479749679565,1.0228891372680664,1.0131467580795288
20251105_141836.140417,0.9993119239807129,1.0230166912078857,1.0132640600204468
20251105_141836.150229,0.9988963007926941,1.023181438446045,1.0131767988204956
20251105_141836.160268,0.9985523819923401,1.022926926612854,1.0133373737335205
20251105_141836.170478,0.9982120394706726,1.0227994918823242,1.0134530067443848
20251105_141836.180395,0.9978744983673096,1.0227479934692383,1.0136134624481201
20251105_141836.190184,0.9976061582565308,1.0226476192474365,1.0139859914779663
20251105_141836.200254,0.9972301721572876,1.0228263139724731,1.0139999389648438
20251105_141836.210040,0.9968968033790588,1.0230673551559448,1.0139210224151611
20251105_141836.220645,0.9965639710426331,1.022979736328125,1.0140362977981567
20251105_141836.230632,0.9963023066520691,1.0226942300796509,1.0145492553710938
20251105_141836.240332,0.9958791136741638,1.0226606130599976,1.0144516229629517
20251105_141836.250162,0.9955765008926392,1.0226284265518188,1.0143394470214844
20251105_141836.260380,0.9953102469444275,1.0226380825042725,1.0145148038864136
20251105_141836.270462,0.9950373768806458,1.022772192955017,1.0146175622940063
20251105_141836.280443,0.9947366118431091,1.0226995944976807,1.0147206783294678
20251105_141836.290835,0.9943698048591614,1.0225780010223389,1.0147016048431396
20251105_141836.300389,0.994050920009613,1.022407054901123,1.014937400817871
20251105_141836.310588,0.9937604665756226,1.0222046375274658,1.015005350112915
20251105_141836.320835,0.9934922456741333,1.022171974182129,1.0147727727890015
20251105_141836.330537,0.9932838678359985,1.022318720817566,1.0147849321365356
20251105_141836.340406,0.9930219650268555,1.0223177671432495,1.014831304550171
20251105_141836.350472,0.992759644985199,1.022162914276123,1.0150130987167358
20251105_141836.360463,0.9924365282058716,1.0220201015472412,1.0150845050811768
20251105_141836.370451,0.9921920299530029,1.021738052368164,1.0151252746582031
20251105_141836.380277,0.9918144345283508,1.0217245817184448,1.0150823593139648
20251105_141836.390273,0.991609513759613,1.0217777490615845,1.0150821208953857
20251105_141836.400227,0.9914134740829468,1.0218156576156616,1.014953851699829
20251105_141836.410313,0.9913423657417297,1.0217959880828857,1.0151097774505615
20251105_141836.420508,0.9908961653709412,1.021714210510254,1.0153149366378784
20251105_141836.429887,0.9905782341957092,1.0213333368301392,1.0154476165771484
20251105_141836.440586,0.9903677701950073,1.0213202238082886,1.0155794620513916
20251105_141836.450331,0.9900760054588318,1.0213295221328735,1.0150994062423706
20251105_141836.460360,0.9899320602416992,1.021223783493042,1.01506507396698
20251105_141836.470385,0.98981773853302,1.021223783493042,1.0152055025100708
20251105_141836.480261,0.9896343946456909,1.020953893661499,1.015289068222046
20251105_141836.490203,0.9892877340316772,1.020898461341858,1.015165090560913
20251105_141836.500301,0.9890584945678711,1.0207748413085938,1.015163540840149
20251105_141836.509770,0.9888777136802673,1.0203815698623657,1.0152667760849
20251105_141836.520305,0.9887229800224304,1.0203289985656738,1.0151093006134033
20251105_141836.530799,0.9886792898178101,1.0204107761383057,1.0151543617248535
20251105_141836.539819,0.9885609149932861,1.0204154253005981,1.0151382684707642
20251105_141836.550227,0.9883401393890381,1.020294189453125,1.01517915725708
20251105_141836.560254,0.9882317781448364,1.019787311553955,1.0152125358581543
20251105_141836.570209,0.9879891276359558,1.0196003913879395,1.015074610710144
20251105_141836.580426,0.9878405928611755,1.0194467306137085,1.0150333642959595
20251105_141836.590020,0.9877827167510986,1.01945161819458,1.015043020248413
20251105_141836.600555,0.9877675175666809,1.0194648504257202,1.0150556564331055
20251105_141836.610388,0.9876958131790161,1.0192911624908447,1.0150344371795654
20251105_141836.620261,0.9875160455703735,1.0191502571105957,1.0150141716003418
20251105_141836.630631,0.9872821569442749,1.0188045501708984,1.0150240659713745
20251105_141836.640810,0.9873226881027222,1.0181578397750854,1.0151443481445312
20251105_141836.650320,0.9873011112213135,1.018222689628601,1.015028476715088
20251105_141836.660601,0.9871870875358582,1.018438696861267,1.0147809982299805
20251105_141836.670430,0.9872404932975769,1.018182635307312,1.0148708820343018
20251105_141836.680228,0.9870592951774597,1.018351435661316,1.014661431312561
20251105_141836.690244,0.9870814681053162,1.0177005529403687,1.0147837400436401
20251105_141836.700195,0.9869605898857117,1.0175901651382446,1.0147678852081299
20251105_141836.710660,0.9869326949119568,1.0175020694732666,1.0147004127502441
20251105_141836.720039,0.9869412779808044,1.0173709392547607,1.0145665407180786
20251105_141836.729933,0.9869163036346436,1.0175538063049316,1.0142457485198975
20251105_141836.740401,0.9869447946548462,1.0173966884613037,1.0141271352767944
20251105_141836.749788,0.9868848323822021,1.0173876285552979,1.0141186714172363
20251105_141836.760422,0.9868112802505493,1.0173343420028687,1.0140578746795654
20251105_141836.770309,0.9868435263633728,1.016975998878479,1.0140818357467651
20251105_141836.780227,0.9868608117103577,1.016892910003662,1.013898491859436
20251105_141836.790321,0.9870481491088867,1.0164761543273926,1.013859510421753
20251105_141836.800362,0.987087070941925,1.0163886547088623,1.013697624206543
20251105_141836.810440,0.9871468544006348,1.0164072513580322,1.013581395149231
20251105_141836.820270,0.9872005581855774,1.0162022113800049,1.0134332180023193
20251105_141836.830523,0.9872214198112488,1.016188621520996,1.0135284662246704
20251105_141836.840257,0.9871857166290283,1.0159547328948975,1.0134892463684082
20251105_141836.850270,0.9872769117355347,1.0156679153442383,1.013350486755371
20251105_141836.860520,0.9875087141990662,1.0155283212661743,1.0131564140319824
20251105_141836.870393,0.987630307674408,1.0153453350067139,1.0128521919250488
20251105_141836.880465,0.9877126812934875,1.0153495073318481,1.0127644538879395
20251105_141836.890311,0.9878107905387878,1.0153906345367432,1.0127168893814087
20251105_141836.900399,0.9879506230354309,1.015038251876831,1.012607455253601
20251105_141836.910208,0.9880203008651733,1.014860987663269,1.0125435590744019
20251105_141836.920271,0.9881113767623901,1.0145654678344727,1.012406826019287
20251105_141836.930389,0.9882632493972778,1.0145044326782227,1.0122265815734863
20251105_141836.940180,0.9884874820709229,1.0144692659378052,1.0120161771774292
20251105_141836.950615,0.9887998104095459,1.0140795707702637,1.0119894742965698
20251105_141836.960454,0.9888955950737,1.0140652656555176,1.0119481086730957
20251105_141836.970501,0.9890052676200867,1.0137426853179932,1.011883020401001
20251105_141836.980593,0.9891714453697205,1.0135520696640015,1.0117393732070923
20251105_141836.990336,0.9893906712532043,1.013279676437378,1.0116487741470337
20251105_141837.000331,0.9895930290222168,1.0132521390914917,1.0114468336105347
20251105_141837.010077,0.989990770816803,1.013149619102478,1.0114670991897583
20251105_141837.020600,0.9901939034461975,1.012852430343628,1.011316180229187
20251105_141837.030717,0.9903807044029236,1.0127742290496826,1.0113900899887085
20251105_141837.040502,0.9905344843864441,1.012421727180481,1.0113935470581055
20251105_141837.050260,0.9908391833305359,1.0121194124221802,1.0112323760986328
20251105_141837.060347,0.9910481572151184,1.0119556188583374,1.0109009742736816
20251105_141837.070655,0.9913471937179565,1.0120750665664673,1.0105993747711182
20251105_141837.080477,0.9916597604751587,1.0121864080429077,1.0100321769714355
20251105_141837.090341,0.9918814897537231,1.011753797531128,1.0098947286605835
20251105_141837.100263,0.9920965433120728,1.0113953351974487,1.010144829750061
20251105_141837.110016,0.9922482371330261,1.0111260414123535,1.0099763870239258
20251105_141837.120546,0.9925611615180969,1.011172890663147,1.0097081661224365
20251105_141837.130624,0.9929391741752625,1.0109457969665527,1.0095102787017822
20251105_141837.140400,0.9933004379272461,1.0110913515090942,1.0092649459838867
20251105_141837.150690,0.9937230348587036,1.0110007524490356,1.0089218616485596
20251105_141837.160260,0.9941012859344482,1.010414958000183,1.0091629028320312
20251105_141837.170540,0.9941914081573486,1.0100483894348145,1.0092158317565918
20251105_141837.180440,0.994539737701416,1.0096096992492676,1.0093406438827515
20251105_141837.190366,0.9949416518211365,1.009664535522461,1.0093597173690796
20251105_141837.200661,0.9951480627059937,1.0098707675933838,1.0086475610733032
20251105_141837.210344,0.9956446886062622,1.009626865386963,1.0085537433624268
20251105_141837.220352,0.9959198236465454,1.0096416473388672,1.0083948373794556
20251105_141837.230768,0.9961459636688232,1.0091607570648193,1.008311152458191
20251105_141837.240548,0.9964632391929626,1.0092781782150269,1.0081214904785156
20251105_141837.250106,0.9967639446258545,1.00905442237854,1.0080490112304688
20251105_141837.260359,0.9970828294754028,1.008992075920105,1.0079395771026611
20251105_141837.270362,0.9974313378334045,1.0090965032577515,1.0077426433563232
20251105_141837.280381,0.9977989196777344,1.0090121030807495,1.0075429677963257
20251105_141837.289691,0.9980871677398682,1.0088704824447632,1.007452130317688
20251105_141837.300411,0.9983009696006775,1.0086458921432495,1.0073550939559937
20251105_141837.310339,0.9985314011573792,1.0085463523864746,1.0072816610336304
20251105_141837.320391,0.9989750981330872,1.0083839893341064,1.0073790550231934
20251105_141837.330468,0.9993464350700378,1.008188009262085,1.0072989463806152
20251105_141837.339733,0.9996616244316101,1.0083200931549072,1.0070961713790894
20251105_141837.351098,0.9998940229415894,1.0083943605422974,1.0068330764770508
20251105_141837.360487,1.000108003616333,1.0084117650985718,1.0066287517547607
20251105_141837.370466,1.000313401222229,1.0083885192871094,1.0065313577651978
20251105_141837.380030,1.0005571842193604,1.0081675052642822,1.0065160989761353
20251105_141837.390444,1.0008786916732788,1.00799560546875,1.006477952003479
20251105_141837.400563,1.0011045932769775,1.0081430673599243,1.0063728094100952
20251105_141837.410406,1.001364827156067,1.0081909894943237,1.0062357187271118
20251105_141837.420696,1.0015963315963745,1.0082231760025024,1.0061217546463013
20251105_141837.430331,1.001821756362915,1.0081590414047241,1.006041169166565
20251105_141837.440449,1.0020534992218018,1.0079582929611206,1.005983591079712
20251105_141837.450485,1.0022461414337158,1.0079373121261597,1.006003975868225
20251105_141837.460449,1.0024489164352417,1.0080143213272095,1.006081461906433
20251105_141837.470424,1.0027333498001099,1.0080618858337402,1.0060087442398071
20251105_141837.480392,1.0029176473617554,1.0085023641586304,1.0053905248641968
20251105_141837.490312,1.0031023025512695,1.008562445640564,1.0052247047424316
20251105_141837.500343,1.0032658576965332,1.0084190368652344,1.0051499605178833
20251105_141837.510147,1.0033422708511353,1.0084788799285889,1.005140781402588
20251105_141837.520278,1.0035206079483032,1.0082756280899048,1.0054593086242676
20251105_141837.530845,1.0037237405776978,1.0083085298538208,1.005414605140686
20251105_141837.540432,1.00389564037323,1.0083807706832886,1.0053575038909912
20251105_141837.550379,1.0040589570999146,1.0085780620574951,1.0049036741256714
20251105_141837.560461,1.0042065382003784,1.0086668729782104,1.0047752857208252
20251105_141837.570605,1.0043190717697144,1.0088579654693604,1.004718542098999
20251105_141837.580212,1.004429578781128,1.008836269378662,1.0047465562820435
20251105_141837.590172,1.004601240158081,1.0086110830307007,1.0048432350158691
20251105_141837.600260,1.0046170949935913,1.0089731216430664,1.0046262741088867
20251105_141837.609884,1.0049995183944702,1.0085995197296143,1.0047608613967896
20251105_141837.620441,1.0051178932189941,1.0086394548416138,1.00471031665802
20251105_141837.630860,1.0052063465118408,1.0088541507720947,1.0046753883361816
20251105_141837.639731,1.0053988695144653,1.0088341236114502,1.0047519207000732
20251105_141837.650197,1.005463719367981,1.008827805519104,1.0045720338821411
20251105_141837.660517,1.0056321620941162,1.008779764175415,1.004649043083191
20251105_141837.670266,1.0058274269104004,1.0086052417755127,1.004573941230774
20251105_141837.680785,1.0059670209884644,1.0086106061935425,1.0045033693313599
20251105_141837.690368,1.006097674369812,1.0090011358261108,1.0043026208877563
20251105_141837.700090,1.006247878074646,1.009036660194397,1.0042346715927124
20251105_141837.710277,1.006371021270752,1.008878469467163,1.0042195320129395
20251105_141837.720258,1.0064899921417236,1.0087685585021973,1.0041760206222534
20251105_141837.730923,1.006657361984253,1.008638620376587,1.0041499137878418
20251105_141837.740263,1.0068289041519165,1.008652687072754,1.0040892362594604
20251105_141837.750315,1.0069971084594727,1.0087614059448242,1.0040433406829834
20251105_141837.760628,1.0072308778762817,1.0087913274765015,1.003925085067749
20251105_141837.770899,1.0074045658111572,1.008675217628479,1.003828763961792
20251105_141837.780350,1.0074899196624756,1.0086913108825684,1.003718614578247
20251105_141837.790501,1.007597804069519,1.008626937866211,1.003657341003418
20251105_141837.800378,1.0077568292617798,1.0085575580596924,1.003606915473938
20251105_141837.810339,1.0081270933151245,1.008399248123169,1.0037270784378052
20251105_141837.820366,1.008323073387146,1.0082783699035645,1.0034948587417603
20251105_141837.830410,1.0084272623062134,1.008216142654419,1.0034364461898804
20251105_141837.840555,1.0085320472717285,1.0082610845565796,1.00337553024292
20251105_141837.850380,1.0087651014328003,1.0080528259277344,1.0033297538757324
20251105_141837.860288,1.0089348554611206,1.0079916715621948,1.0033096075057983
20251105_141837.870457,1.0090996026992798,1.0079985857009888,1.003279209136963
20251105_141837.880410,1.0092915296554565,1.0079363584518433,1.003246784210205
20251105_141837.889859,1.0094102621078491,1.0080441236495972,1.0030622482299805
20251105_141837.900236,1.0096033811569214,1.0080267190933228,1.0029587745666504
20251105_141837.910286,1.009729266166687,1.0077704191207886,1.0029202699661255
20251105_141837.920267,1.0097979307174683,1.0077533721923828,1.002867579460144
20251105_141837.930297,1.0099643468856812,1.0078939199447632,1.0028150081634521
20251105_141837.939689,1.0102037191390991,1.008065938949585,1.002755045890808
20251105_141837.950333,1.0103768110275269,1.0080702304840088,1.0028398036956787
20251105_141837.960249,1.0105403661727905,1.0078738927841187,1.002806544303894
20251105_141837.970313,1.0106273889541626,1.0077308416366577,1.002592921257019
20251105_141837.980261,1.010751724243164,1.0078502893447876,1.0025348663330078
20251105_141837.990079,1.010902762413025,1.007935643196106,1.0025007724761963
20251105_141837.999971,1.011112928390503,1.0079811811447144,1.0025874376296997
20251105_141838.010631,1.011287808418274,1.0080909729003906,1.0025583505630493
20251105_141838.020427,1.011420488357544,1.008042573928833,1.0025365352630615
20251105_141838.030351,1.0115067958831787,1.0079426765441895,1.002362608909607
20251105_141838.040455,1.0115786790847778,1.0080046653747559,1.0023468732833862
20251105_141838.050540,1.0117651224136353,1.0079976320266724,1.0023162364959717
20251105_141838.060400,1.0120015144348145,1.0080842971801758,1.0022412538528442
20251105_141838.070095,1.0122097730636597,1.0083272457122803,1.002217173576355
20251105_141838.080693,1.0123366117477417,1.008388876914978,1.0022516250610352
20251105_141838.090233,1.0123662948608398,1.0082499980926514,1.0023244619369507
20251105_141838.100293,1.0124679803848267,1.008441686630249,1.0022668838500977
20251105_141838.110173,1.0125887393951416,1.008514642715454,1.0022156238555908
20251105_141838.120884,1.0127431154251099,1.008459210395813,1.0021815299987793
20251105_141838.130517,1.012959361076355,1.008669376373291,1.002132773399353
20251105_141838.140338,1.013117790222168,1.00887930393219,1.0021506547927856
20251105_141838.150155,1.0132174491882324,1.008933663368225,1.0022428035736084
20251105_141838.159972,1.0132535696029663,1.0089753866195679,1.0023311376571655
20251105_141838.170261,1.0133315324783325,1.0090296268463135,1.0025103092193604
20251105_141838.180480,1.013504147529602,1.009103536605835,1.0023332834243774
20251105_141838.190271,1.013688087463379,1.0091776847839355,1.0022425651550293
20251105_141838.200409,1.01382577419281,1.00938880443573,1.002229928970337
20251105_141838.209861,1.013991117477417,1.009462833404541,1.0024996995925903
20251105_141838.220259,1.014056921005249,1.0094740390777588,1.00259268283844
20251105_141838.230535,1.0140963792800903,1.0096203088760376,1.0027068853378296
20251105_141838.240003,1.0142136812210083,1.0097547769546509,1.0027151107788086
20251105_141838.250170,1.0143388509750366,1.0097813606262207,1.0025829076766968
20251105_141838.260724,1.0144447088241577,1.0098778009414673,1.0025649070739746
20251105_141838.270409,1.014602780342102,1.0100759267807007,1.002577304840088
20251105_141838.280044,1.0147597789764404,1.0100958347320557,1.0027341842651367
20251105_141838.290244,1.0148721933364868,1.0101925134658813,1.0028185844421387
20251105_141838.300379,1.0149372816085815,1.0102424621582031,1.0030375719070435
20251105_141838.310427,1.0150068998336792,1.0103352069854736,1.0029566287994385
20251105_141838.320040,1.0151177644729614,1.0104259252548218,1.0029908418655396
20251105_141838.330488,1.0151848793029785,1.010663628578186,1.0030865669250488
20251105_141838.340325,1.0154011249542236,1.0107754468917847,1.0032968521118164
20251105_141838.350100,1.0155073404312134,1.010813593864441,1.0033631324768066
20251105_141838.360348,1.0155614614486694,1.0111078023910522,1.0030986070632935
20251105_141838.370282,1.0155963897705078,1.0110433101654053,1.0035196542739868
20251105_141838.380605,1.0156421661376953,1.0111336708068848,1.0036205053329468
20251105_141838.390489,1.0156902074813843,1.0112206935882568,1.003514051437378
20251105_141838.400381,1.0157864093780518,1.0115045309066772,1.003495216369629
20251105_141838.410483,1.0159376859664917,1.0118602514266968,1.0034270286560059
20251105_141838.420890,1.015984058380127,1.0116233825683594,1.0036312341690063
20251105_141838.430516,1.0159991979599,1.0116461515426636,1.0037446022033691
20251105_141838.440442,1.0160034894943237,1.0117957592010498,1.0038338899612427
20251105_141838.450334,1.016093134880066,1.0119524002075195,1.0040839910507202
20251105_141838.460134,1.0161694288253784,1.0120915174484253,1.0041632652282715
20251105_141838.470342,1.0162410736083984,1.01227605342865,1.0041522979736328
20251105_141838.480367,1.0163345336914062,1.0128411054611206,1.0036563873291016
20251105_141838.490086,1.016402006149292,1.012772798538208,1.0038306713104248
20251105_141838.500380,1.0163497924804688,1.0124083757400513,1.0043392181396484
20251105_141838.520187,1.0163447856903076,1.0126395225524902,1.004435420036316
20251105_141838.521836,1.0164475440979004,1.0131820440292358,1.0042264461517334
20251105_141838.530326,1.0165177583694458,1.0133196115493774,1.0042259693145752
20251105_141838.540234,1.0165528059005737,1.0134581327438354,1.0042303800582886
20251105_141838.550314,1.01657235622406,1.0136237144470215,1.0041126012802124
20251105_141838.570335,1.0165992975234985,1.0135749578475952,1.0042189359664917
20251105_141838.572779,1.016587257385254,1.0136796236038208,1.0043423175811768
20251105_141838.580164,1.0166492462158203,1.0136439800262451,1.004814863204956
20251105_141838.590675,1.016692876815796,1.0138378143310547,1.0050151348114014
20251105_141838.600237,1.0167112350463867,1.013984203338623,1.0049142837524414
20251105_141838.610159,1.0167030096054077,1.0144343376159668,1.0045446157455444
20251105_141838.620304,1.016775131225586,1.014477252960205,1.0047134160995483
20251105_141838.630746,1.0168198347091675,1.0141507387161255,1.0051344633102417
20251105_141838.640422,1.016793131828308,1.0142898559570312,1.0052199363708496
20251105_141838.650426,1.0167853832244873,1.0145411491394043,1.0051655769348145
20251105_141838.670184,1.0168981552124023,1.0145514011383057,1.005660057067871
20251105_141838.671944,1.0168811082839966,1.0147258043289185,1.0055328607559204
20251105_141838.680514,1.01687753200531,1.0151585340499878,1.0053104162216187
20251105_141838.690413,1.016926884651184,1.0153272151947021,1.0053553581237793
20251105_141838.700318,1.0169260501861572,1.0152614116668701,1.0054899454116821
20251105_141838.710705,1.0169265270233154,1.01504385471344,1.0058557987213135
20251105_141838.720533,1.0169926881790161,1.0151351690292358,1.0062685012817383
20251105_141838.730670,1.0168607234954834,1.0157403945922852,1.005785584449768
20251105_141838.740420,1.0168676376342773,1.0158692598342896,1.0058417320251465
20251105_141838.750272,1.016840934753418,1.0160939693450928,1.0058742761611938
20251105_141838.760293,1.0168650150299072,1.0163260698318481,1.0058504343032837
20251105_141838.770613,1.0169055461883545,1.0162100791931152,1.0060451030731201
20251105_141838.780730,1.016858458518982,1.01601243019104,1.0065394639968872
20251105_141838.790135,1.0168039798736572,1.0161548852920532,1.0066615343093872
20251105_141838.800617,1.0168460607528687,1.0164120197296143,1.0067312717437744
20251105_141838.810113,1.0168876647949219,1.0165979862213135,1.006786584854126
20251105_141838.830659,1.0168789625167847,1.0166873931884766,1.0068399906158447
20251105_141838.832276,1.016818881034851,1.0168116092681885,1.0069456100463867
20251105_141838.840250,1.0167324542999268,1.0169137716293335,1.0069608688354492
20251105_141838.850301,1.0167415142059326,1.0168887376785278,1.0070635080337524
20251105_141838.870511,1.016744613647461,1.016967535018921,1.0071690082550049
20251105_141838.872527,1.0167394876480103,1.0171658992767334,1.0072753429412842
20251105_141838.880343,1.0166010856628418,1.0175559520721436,1.0072671175003052
20251105_141838.890399,1.0166189670562744,1.0176178216934204,1.007312536239624
20251105_141838.900310,1.0166550874710083,1.0175083875656128,1.007361650466919
20251105_141838.920345,1.0165066719055176,1.017590880393982,1.0074278116226196
20251105_141838.930399,1.0165165662765503,1.0175957679748535,1.0075310468673706
20251105_141838.932014,1.0166149139404297,1.0176869630813599,1.0075849294662476
20251105_141838.950236,1.0166414976119995,1.0178719758987427,1.0076470375061035
20251105_141838.951759,1.0166561603546143,1.0180494785308838,1.0077284574508667
20251105_141838.960342,1.0166563987731934,1.0180459022521973,1.007856845855713
20251105_141838.970382,1.0164616107940674,1.0181100368499756,1.0078328847885132
20251105_141838.980311,1.016585350036621,1.0178720951080322,1.0081303119659424
20251105_141838.990266,1.0165585279464722,1.0179500579833984,1.008213758468628
20251105_141839.000542,1.0166374444961548,1.0180420875549316,1.0083187818527222
20251105_141839.010421,1.0166852474212646,1.018169641494751,1.0083966255187988
20251105_141839.020434,1.0166993141174316,1.0183321237564087,1.00851309299469
20251105_141839.030419,1.0165343284606934,1.0184582471847534,1.0085457563400269
20251105_141839.040367,1.016492247581482,1.018216609954834,1.0086305141448975
20251105_141839.050190,1.0164179801940918,1.018268346786499,1.0085182189941406
20251105_141839.060110,1.0164581537246704,1.0183889865875244,1.0085968971252441
20251105_141839.070510,1.0165214538574219,1.01848566532135,1.0087058544158936
20251105_141839.080815,1.0165492296218872,1.0185481309890747,1.0089055299758911
20251105_141839.090349,1.0165464878082275,1.0185774564743042,1.0088438987731934
20251105_141839.100316,1.0165438652038574,1.0183342695236206,1.0089079141616821
20251105_141839.110559,1.0164943933486938,1.0182058811187744,1.008945345878601
20251105_141839.120083,1.0164965391159058,1.0183357000350952,1.0089778900146484
20251105_141839.140578,1.0165541172027588,1.0184030532836914,1.0090478658676147
20251105_141839.142931,1.0166021585464478,1.0183744430541992,1.009154200553894
20251105_141839.150335,1.0166112184524536,1.0183792114257812,1.00921630859375
20251105_141839.170445,1.0167789459228516,1.0179557800292969,1.0094883441925049
20251105_141839.171732,1.0167838335037231,1.0178442001342773,1.009539246559143
20251105_141839.180351,1.016784429550171,1.0179237127304077,1.0095713138580322
20251105_141839.200357,1.016814112663269,1.017927646636963,1.0096561908721924
20251105_141839.210186,1.0168402194976807,1.017798662185669,1.009696364402771
20251105_141839.220544,1.016854166984558,1.0178091526031494,1.00978422164917
20251105_141839.221769,1.016849160194397,1.0177998542785645,1.009820818901062
20251105_141839.230382,1.016815185546875,1.0176821947097778,1.0098191499710083
20251105_141839.250439,1.0167301893234253,1.0177332162857056,1.009667992591858
20251105_141839.252114,1.016758680343628,1.01771080493927,1.009670376777649
20251105_141839.260268,1.0167522430419922,1.0175901651382446,1.0097323656082153
20251105_141839.270503,1.0168254375457764,1.017642617225647,1.009998083114624
20251105_141839.280409,1.016787052154541,1.0176054239273071,1.0099841356277466
20251105_141839.290553,1.016738772392273,1.0174468755722046,1.0098419189453125
20251105_141839.310100,1.0167255401611328,1.0174775123596191,1.0098505020141602
20251105_141839.311660,1.016695499420166,1.017475962638855,1.0098823308944702
20251105_141839.320195,1.016664743423462,1.0174707174301147,1.0099045038223267
20251105_141839.330471,1.0166701078414917,1.0174531936645508,1.0099490880966187
20251105_141839.340282,1.0167416334152222,1.0172191858291626,1.0102064609527588
20251105_141839.350830,1.0167299509048462,1.0173296928405762,1.010251522064209
20251105_141839.360192,1.0166912078857422,1.0172948837280273,1.0102664232254028
20251105_141839.380412,1.0166497230529785,1.0170971155166626,1.0102683305740356
20251105_141839.381828,1.016535758972168,1.01726496219635,1.0100947618484497
20251105_141839.400406,1.016556978225708,1.0173126459121704,1.010265588760376
20251105_141839.410481,1.0164985656738281,1.0173848867416382,1.0101194381713867
20251105_141839.420311,1.0164378881454468,1.017401099205017,1.0101618766784668
20251105_141839.430592,1.016409993171692,1.01736581325531,1.0103325843811035
20251105_141839.432517,1.0163238048553467,1.0174686908721924,1.010226845741272
20251105_141839.450631,1.0162732601165771,1.0174343585968018,1.0102238655090332
20251105_141839.452339,1.0162129402160645,1.0173429250717163,1.01039457321167
20251105_141839.460412,1.0161374807357788,1.017534852027893,1.0103670358657837
20251105_141839.480213,1.0161484479904175,1.0175002813339233,1.0103919506072998
20251105_141839.481750,1.0160881280899048,1.017545223236084,1.0105695724487305
20251105_141839.500585,1.0159733295440674,1.0177175998687744,1.0107667446136475
20251105_141839.501922,1.0158828496932983,1.0175869464874268,1.0107566118240356
20251105_141839.509752,1.0157158374786377,1.0178841352462769,1.0103296041488647
20251105_141839.520237,1.0155318975448608,1.017898678779602,1.010395884513855
20251105_141839.530381,1.0154801607131958,1.0179920196533203,1.010465383529663
20251105_141839.550792,1.015365719795227,1.017981767654419,1.0106608867645264
20251105_141839.560062,1.0152686834335327,1.0181037187576294,1.010707139968872
20251105_141839.570381,1.0150691270828247,1.0183464288711548,1.010715365409851
20251105_141839.580332,1.0148792266845703,1.018211007118225,1.0107451677322388
20251105_141839.590111,1.014689564704895,1.018172264099121,1.0107561349868774
20251105_141839.600007,1.0145646333694458,1.0185014009475708,1.0107120275497437
20251105_141839.610230,1.0143764019012451,1.018563985824585,1.0105195045471191
20251105_141839.620914,1.0142838954925537,1.0186578035354614,1.0107698440551758
20251105_141839.630809,1.0140297412872314,1.0187727212905884,1.0108578205108643
20251105_141839.640455,1.0138639211654663,1.0187952518463135,1.0109164714813232
20251105_141839.650509,1.013654351234436,1.0188301801681519,1.0109012126922607
20251105_141839.660388,1.013450264930725,1.0188661813735962,1.0109057426452637
20251105_141839.670574,1.0131800174713135,1.019173502922058,1.0107154846191406
20251105_141839.680025,1.0130352973937988,1.0192079544067383,1.0107214450836182
20251105_141839.689963,1.0127921104431152,1.0196269750595093,1.0107957124710083
20251105_141839.700391,1.0125651359558105,1.0198057889938354,1.0108660459518433
20251105_141839.710732,1.0123289823532104,1.0195651054382324,1.0109785795211792
20251105_141839.720507,1.0120373964309692,1.019821286201477,1.0108293294906616
20251105_141839.722691,1.011918544769287,1.019964575767517,1.0108388662338257
20251105_141839.740806,1.01177179813385,1.0200752019882202,1.0108224153518677
20251105_141839.742313,1.0115675926208496,1.020485520362854,1.0105520486831665
20251105_141839.760623,1.0112546682357788,1.0206012725830078,1.0106037855148315
20251105_141839.770447,1.0110396146774292,1.0206811428070068,1.0106799602508545
20251105_141839.772032,1.0108369588851929,1.0204352140426636,1.0110074281692505
20251105_141839.790540,1.0105632543563843,1.020784616470337,1.0109525918960571
20251105_141839.800468,1.0103576183319092,1.021077275276184,1.0106229782104492
20251105_141839.810341,1.0102572441101074,1.021277666091919,1.0106488466262817
20251105_141839.820738,1.0101560354232788,1.021497368812561,1.0108554363250732
20251105_141839.830627,1.009918451309204,1.021498680114746,1.0109628438949585
20251105_141839.840356,1.0095044374465942,1.0213160514831543,1.0110275745391846
20251105_141839.841788,1.0092850923538208,1.0214028358459473,1.0110700130462646
20251105_141839.860306,1.0089634656906128,1.0217775106430054,1.010951280593872
20251105_141839.870331,1.0089212656021118,1.0220844745635986,1.0110602378845215
