time_s,roll_command,pitch_command,yaw_command,thrust_command
20250829_155703,0.0,-2.038471221923828,-1.041109561920166,55000
20250829_155703,0.0,-2.0094783306121826,-0.9511997103691101,55000
20250829_155703,0.0,-2.1092917919158936,-1.03504478931427,55000
20250829_155703,0.0,-2.0979061126708984,-0.9329786896705627,55000
20250829_155703,0.0,-2.0915937423706055,-0.9268283843994141,55000
20250829_155703,0.0,-2.0985496044158936,-1.0045589208602905,55000
20250829_155703,0.0,-2.061246633529663,-1.0310337543487549,55000
20250829_155703,0.0,-2.1399424076080322,-1.0006144046783447,55000
20250829_155703,0.0,-2.105116128921509,-0.9928611516952515,55000
20250829_155703,0.0,-2.084428071975708,-0.9567851424217224,55000
20250829_155703,0.0,-2.1410388946533203,-0.9277215003967285,55000
20250829_155703,0.0,-2.118297576904297,-0.9098770022392273,55000
20250829_155703,0.0,-2.162248373031616,-1.0065639019012451,55000
20250829_155703,0.0,-2.127864122390747,-1.000028371810913,55000
20250829_155703,0.0,-2.163815975189209,-1.0144128799438477,55000
20250829_155703,0.0,-2.134744882583618,-1.0039091110229492,55000
20250829_155703,0.0,-2.127180814743042,-0.9077306985855103,55000
20250829_155703,0.0,-2.2052767276763916,-1.0069912672042847,55000
20250829_155703,0.0,-2.1339304447174072,-0.9021634459495544,55000
20250829_155703,0.0,-2.196206569671631,-0.9092136025428772,55000
20250829_155703,0.0,-2.2212984561920166,-0.9505988359451294,55000
20250829_155703,0.0,-2.209183692932129,-0.9123510718345642,55000
20250829_155703,0.0,-2.209676742553711,-0.9177075028419495,55000
20250829_155703,0.0,-2.1968092918395996,-0.8922226428985596,55000
20250829_155703,0.0,-2.2377545833587646,-0.8984375596046448,55000
20250829_155703,0.0,-2.204453706741333,-0.8347010612487793,55000
20250829_155703,0.0,-2.2402281761169434,-0.7601981163024902,55000
20250829_155703,0.0,-2.249689817428589,-0.7594132423400879,55000
20250829_155703,0.0,-2.3145346641540527,-0.761985182762146,55000
20250829_155703,0.0,-2.250516176223755,-0.7635897397994995,55000
20250829_155703,0.0,-2.2324538230895996,-0.6590633392333984,55000
20250829_155703,0.0,-2.276520252227783,-0.6941062808036804,55000
20250829_155703,0.0,-2.39573335647583,-0.8267260193824768,55000
20250829_155703,0.0,-2.3152592182159424,-0.8533964157104492,55000
20250829_155703,0.0,-2.3683693408966064,-0.8355463743209839,55000
20250829_155703,0.0,-2.3345553874969482,-0.8429247140884399,55000
20250829_155703,0.0,-2.313765525817871,-1.013108491897583,55000
20250829_155703,0.0,-2.324270009994507,-1.0764492750167847,55000
20250829_155703,0.0,-2.358881950378418,-0.9911428689956665,54828
20250829_155703,0.0,-2.3971309661865234,-1.1063822507858276,54546
20250829_155703,0.0,-2.3569083213806152,-1.240844488143921,54397
20250829_155703,0.0,-2.3610782623291016,-1.2315140962600708,53764
20250829_155703,0.0,-2.4130208492279053,-1.3199152946472168,53698
20250829_155703,0.0,-2.255390167236328,-1.2215627431869507,53207
20250829_155703,0.0,-2.5569686889648438,-1.2741788625717163,51786
20250829_155703,0.0,-2.3853609561920166,-1.3669263124465942,52236
20250829_155703,0.0,-2.3451781272888184,-1.3490124940872192,52578
20250829_155703,0.0,-2.325040817260742,-1.3487753868103027,52014
20250829_155703,0.0,-2.486311435699463,-1.5496954917907715,51442
20250829_155703,0.0,-2.4899775981903076,-1.5398401021957397,50773
20250829_155703,0.0,-2.284289598464966,-1.5713098049163818,50923
20250829_155703,0.0,-2.3859822750091553,-1.656611442565918,50837
20250829_155703,0.0,-2.523834228515625,-1.8074599504470825,49481
20250829_155703,0.0,-2.2087135314941406,-1.674843668937683,50442
20250829_155703,0.0,-2.3640716075897217,-1.7475022077560425,50361
20250829_155703,0.0,-2.5250113010406494,-1.9385888576507568,49015
20250829_155703,0.0,-2.4961066246032715,-2.065176248550415,48510
20250829_155703,0.0,-2.3280746936798096,-1.9731308221817017,49088
20250829_155703,0.0,-2.3699193000793457,-1.9868525266647339,48819
20250829_155703,0.0,-2.3423893451690674,-2.106114625930786,48832
20250829_155703,0.0,-2.16633939743042,-1.9187867641448975,48739
20250829_155703,0.0,-2.408963680267334,-2.0093605518341064,47862
20250829_155703,0.0,-2.461570978164673,-2.1501054763793945,47857
20250829_155703,0.0,-2.3807129859924316,-2.127228260040283,51960
20250829_155703,0.0,-1.7157374620437622,-2.153165102005005,42000
20250829_155703,0.0,-2.389216661453247,-2.182638168334961,44848
20250829_155703,0.0,-2.338216781616211,-2.182389736175537,46882
20250829_155703,0.0,-2.308269739151001,-2.15631365776062,47218
20250829_155703,0.0,-2.27622389793396,-1.6955877542495728,46428
20250829_155703,0.0,-2.338322401046753,-1.7567654848098755,46381
20250829_155703,0.0,-2.345308542251587,-1.7693054676055908,46759
20250829_155703,0.0,-2.410492181777954,-2.0794477462768555,46104
20250829_155703,0.0,-2.425959587097168,-1.8746119737625122,46031
20250829_155703,0.0,-2.3630902767181396,-1.8365846872329712,45635
20250829_155703,0.0,-2.267655372619629,-2.10664701461792,46341
20250829_155703,0.0,-2.3488781452178955,-2.1380248069763184,45937
20250829_155703,0.0,-2.415497064590454,-1.9926888942718506,44874
20250829_155703,0.0,-2.3360769748687744,-1.991125226020813,45151
20250829_155703,0.0,-2.3902246952056885,-1.9929437637329102,46123
20250829_155703,0.0,-2.3306734561920166,-2.0980827808380127,45345
20250829_155703,0.0,-2.465669631958008,-1.8959403038024902,44612
20250829_155703,0.0,-2.3780152797698975,-1.9102845191955566,44938
20250829_155703,0.0,-2.3414695262908936,-1.955910563468933,45329
20250829_155703,0.0,-2.3736166954040527,-1.9455476999282837,44728
20250829_155703,0.0,-2.3332366943359375,-1.9294284582138062,44752
20250829_155703,0.0,-2.353408098220825,-1.9112194776535034,44660
20250829_155703,0.0,-2.3706860542297363,-1.8855160474777222,44268
20250829_155703,0.0,-2.386718511581421,-1.8263057470321655,44561
20250829_155703,0.0,-2.320472478866577,-1.8317760229110718,44150
20250829_155703,0.0,-2.373255729675293,-1.8730815649032593,44746
20250829_155703,0.0,-2.310403347015381,-1.881090760231018,43687
20250829_155703,0.0,-2.3368284702301025,-1.8662165403366089,44083
20250829_155703,-4.341559410095215,-2.359785795211792,-1.9158012866973877,44839
20250829_155703,-0.21212059259414673,-2.3141391277313232,-1.8885834217071533,43344
20250829_155703,-0.21446861326694489,-2.358104705810547,-1.8614537715911865,44110
20250829_155703,-0.2767893075942993,-2.363921642303467,-1.8231911659240723,43462
20250829_155703,-0.1838793009519577,-2.3183023929595947,-1.7922093868255615,43499
20250829_155703,-0.16995976865291595,-2.326314687728882,-1.8182393312454224,43898
20250829_155704,-0.14497943222522736,-2.3441028594970703,-1.824052095413208,44134
20250829_155704,-0.10658582299947739,-2.336968183517456,-1.806894063949585,43364
20250829_155704,-0.34459468722343445,-2.342262029647827,-1.669105887413025,43070
20250829_155704,-0.07488390058279037,-2.4778926372528076,-1.7353001832962036,47832
20250829_155704,-0.8358086347579956,-1.578477144241333,-1.7365953922271729,42000
20250829_155704,-0.2928841710090637,-2.164944887161255,-1.732226848602295,42000
20250829_155704,-0.25260406732559204,-2.302257776260376,-1.681477427482605,43441
20250829_155704,-0.19527365267276764,-2.3065643310546875,-1.6443928480148315,43084
20250829_155704,-0.1293187141418457,-2.2752206325531006,-1.6881155967712402,43365
20250829_155704,-0.1398564577102661,-2.4808075428009033,-1.6936646699905396,47179
20250829_155704,-0.2015978991985321,-2.271857738494873,-1.6843832731246948,43082
20250829_155704,-1.404883861541748,-0.5445512533187866,-1.6140090227127075,42000
20250829_155704,-0.2902086079120636,-2.226860523223877,-1.5899333953857422,42000
20250829_155704,-0.1578834056854248,-2.2628588676452637,-1.6045726537704468,43315
20250829_155704,-0.1033213883638382,-2.4890360832214355,-1.6119099855422974,46889
20250829_155704,-1.3722773790359497,-0.8304176926612854,-1.506225824356079,42000
20250829_155704,-0.24330131709575653,-2.2347166538238525,-1.4944151639938354,42000
20250829_155704,-0.21494434773921967,-2.2532992362976074,-1.507272720336914,43015
20250829_155704,-0.21213537454605103,-2.2622220516204834,-1.5635149478912354,43122
20250829_155704,-0.14739985764026642,-2.2680728435516357,-1.5351165533065796,43007
20250829_155704,-0.28514623641967773,-2.2779054641723633,-1.4351056814193726,43137
20250829_155704,-0.1321858912706375,-2.4806835651397705,-1.4141172170639038,46318
20250829_155704,-0.2369808703660965,-0.9050793051719666,-1.4988867044448853,42000
20250829_155704,-0.2756718397140503,-2.061258554458618,-1.4863847494125366,42000
20250829_155704,-0.2637496888637543,-2.286712884902954,-1.4866182804107666,43208
20250829_155704,-0.3054031431674957,-2.252607822418213,-1.4348223209381104,42335
20250829_155704,-0.20503193140029907,-2.2546677589416504,-1.4015039205551147,43151
20250829_155704,-0.10196676105260849,-2.2442867755889893,-1.4289817810058594,42961
20250829_155704,-0.16728752851486206,-2.2399699687957764,-1.4247462749481201,42714
20250829_155704,-0.24041211605072021,-2.245840311050415,-1.4260149002075195,43090
20250829_155704,-0.18057167530059814,-2.2658891677856445,-1.4087828397750854,43048
20250829_155704,-0.26958000659942627,-2.2112081050872803,-1.3544998168945312,42487
20250829_155704,-0.13897734880447388,-2.2281031608581543,-1.380044937133789,42865
20250829_155704,-0.17157189548015594,-2.224745512008667,-1.3771171569824219,43045
20250829_155704,-0.1268790364265442,-2.1801352500915527,-1.2985202074050903,43363
20250829_155704,-0.16821880638599396,-2.2091267108917236,-1.2872000932693481,42666
20250829_155704,-0.252644419670105,-2.2804172039031982,-1.3129096031188965,42850
20250829_155704,-0.31074193120002747,-2.2089850902557373,-1.3119800090789795,43001
20250829_155704,-0.20312950015068054,-2.1929564476013184,-1.3059667348861694,42693
20250829_155704,-0.10602399706840515,-2.4868407249450684,-1.297929048538208,45746
20250829_155704,-1.0394725799560547,1.3340543508529663,-1.241524577140808,42000
20250829_155704,-0.17920468747615814,-2.0567920207977295,-1.2367180585861206,42036
20250829_155704,-0.1865496039390564,-2.1560728549957275,-1.2217861413955688,42859
20250829_155704,-0.29028797149658203,-2.177539348602295,-1.2545942068099976,42922
20250829_155704,-0.23641735315322876,-2.2302703857421875,-1.2639241218566895,43113
20250829_155704,-0.25127217173576355,-2.1102938652038574,-1.2563517093658447,42767
20250829_155704,-0.1958131343126297,-2.1912319660186768,-1.2501399517059326,43412
20250829_155704,-0.1482410430908203,-2.1444411277770996,-1.2403684854507446,42913
20250829_155704,-0.17655876278877258,-2.1534674167633057,-1.2267365455627441,43485
20250829_155704,-0.1977350264787674,-2.1765995025634766,-1.2327125072479248,43161
20250829_155704,-0.3498731553554535,-2.181807518005371,-1.2645829916000366,43236
20250829_155704,-0.22472123801708221,-2.107573986053467,-1.2610903978347778,42800
20250829_155704,-0.26389777660369873,-2.145991563796997,-1.2804179191589355,43326
20250829_155704,-0.2205425500869751,-2.0998690128326416,-1.2615939378738403,43295
20250829_155704,-0.1951054036617279,-2.1259396076202393,-1.2085788249969482,43512
20250829_155704,-0.22917677462100983,-2.1368675231933594,-1.227697491645813,43225
20250829_155704,-0.272587388753891,-2.1206374168395996,-1.2230199575424194,43295
20250829_155704,-0.34986868500709534,-2.1276018619537354,-1.2507562637329102,43043
20250829_155704,-0.2511880695819855,-2.0987136363983154,-1.2339704036712646,43387
20250829_155704,-0.13370490074157715,-2.463244915008545,-1.2068248987197876,42000
20250829_155704,-1.032742977142334,0.731156051158905,-1.2133818864822388,46894
20250829_155704,-0.2905048131942749,-1.8952035903930664,-1.2082611322402954,46894
20250829_155704,-0.22000841796398163,-2.435553550720215,-1.2084035873413086,46894
20250829_155704,-2.3199357986450195,3.5970265865325928,-1.2160084247589111,46894
20250829_155704,-0.36616912484169006,-1.9740103483200073,-1.2234598398208618,46894
20250829_155704,-0.2868146002292633,-2.063636302947998,-1.2213108539581299,42000
20250829_155704,-0.15608681738376617,-2.070112466812134,-1.1787809133529663,43491
20250829_155704,-0.31373870372772217,-2.03951096534729,-1.1805638074874878,43595
20250829_155704,-0.2512513995170593,-2.062941312789917,-1.1963964700698853,43400
20250829_155704,-0.31283777952194214,-2.092097520828247,-1.1703191995620728,43354
20250829_155704,-0.38338547945022583,-2.1275336742401123,-1.2085025310516357,43608
20250829_155704,-0.24913044273853302,-1.9980425834655762,-1.1150466203689575,43094
20250829_155704,-0.25195062160491943,-2.033853769302368,-1.1655162572860718,43500
20250829_155704,-0.30209478735923767,-2.012143850326538,-1.2002886533737183,43426
20250829_155704,-0.17420850694179535,-2.4324851036071777,-1.1643368005752563,44831
20250829_155704,-1.4216647148132324,1.4690895080566406,-1.1668347120285034,42000
20250829_155704,-0.38355815410614014,-1.874320149421692,-1.178523302078247,42826
20250829_155704,-0.3292537033557892,-2.0182394981384277,-1.1730625629425049,43200
20250829_155704,-0.29722467064857483,-1.992576003074646,-1.1572022438049316,43631
20250829_155704,-0.33126726746559143,-2.0273265838623047,-1.1684614419937134,43410
20250829_155704,-0.2466159611940384,-2.0115087032318115,-1.1426405906677246,43449
20250829_155704,-0.34932515025138855,-2.0445823669433594,-1.1426196098327637,43718
20250829_155704,-0.32625576853752136,-1.9655293226242065,-1.1455895900726318,43465
20250829_155704,-0.32191240787506104,-2.026306390762329,-1.1495052576065063,43672
20250829_155704,-0.266278475522995,-2.031519889831543,-1.1180912256240845,43595
20250829_155704,-0.3784903883934021,-1.9262937307357788,-1.102678656578064,43562
20250829_155704,-0.3746058940887451,-1.9909274578094482,-1.0408912897109985,43686
20250829_155704,-0.2373483031988144,-1.9955984354019165,-1.097263216972351,43583
20250829_155704,-0.27361372113227844,-1.9659905433654785,-1.0878064632415771,43648
20250829_155704,-0.23204557597637177,-2.4143834114074707,-1.0730522871017456,44737
20250829_155704,-1.310186505317688,1.4244741201400757,-1.0700899362564087,42000
20250829_155704,-0.5219236016273499,-1.7547414302825928,-1.094709873199463,43138
20250829_155704,-0.1894027441740036,-1.9833972454071045,-1.0635813474655151,43815
20250829_155704,-0.320224791765213,-1.9480417966842651,-1.0682536363601685,43809
20250829_155704,-0.34019336104393005,-1.9611011743545532,-1.0204641819000244,43779
20250829_155704,-0.3563944399356842,-1.8696873188018799,-1.0221655368804932,43873
20250829_155704,-0.302390992641449,-1.9733389616012573,-1.033172845840454,43920
20250829_155704,-0.3453720211982727,-1.9149878025054932,-1.0332719087600708,43899
20250829_155704,-0.38700515031814575,-1.9732944965362549,-1.0193709135055542,43812
20250829_155704,-0.2581912577152252,-1.9676964282989502,-0.9880477786064148,44151
20250829_155705,-0.3008488118648529,-1.9234803915023804,-1.0073301792144775,44053
20250829_155705,-0.3457449972629547,-1.9537336826324463,-0.9842543601989746,44073
20250829_155705,-0.4285832643508911,-1.9082605838775635,-0.9115279316902161,44055
20250829_155705,-0.3535638153553009,-1.9300321340560913,-0.9187583327293396,44048
20250829_155705,-0.26097434759140015,-1.9497228860855103,-0.9592500329017639,44075
20250829_155705,-0.317109078168869,-1.8739829063415527,-0.9086333513259888,44074
20250829_155705,-0.30654433369636536,-1.875774621963501,-0.9032589793205261,44153
20250829_155705,-0.320303350687027,-1.9048537015914917,-0.9000341892242432,44246
20250829_155705,-0.3761768639087677,-1.8293352127075195,-0.8967167735099792,44146
20250829_155705,-0.3477668762207031,-1.9195891618728638,-0.9108828902244568,44225
20250829_155705,-0.3100239932537079,-1.9325861930847168,-0.8814133405685425,44393
20250829_155705,-0.47589001059532166,-1.843717098236084,-0.8537389039993286,44100
20250829_155705,-0.3129909336566925,-1.9173747301101685,-0.8310173749923706,44366
20250829_155705,-0.2743634283542633,-1.8861418962478638,-0.8808989524841309,44217
20250829_155705,-0.2518446147441864,-2.341517210006714,-0.865598738193512,44718
20250829_155705,-1.9771825075149536,6.107369899749756,-0.8965935707092285,42000
20250829_155705,-0.3769031763076782,-1.7430214881896973,-0.8713541030883789,44360
20250829_155705,-0.28121525049209595,-1.870674729347229,-0.8779506087303162,44364
20250829_155705,-0.32080569863319397,-1.829769492149353,-0.8694972395896912,44452
20250829_155705,-0.2247881442308426,-2.3665945529937744,-0.8241415619850159,44700
20250829_155705,-0.4634339213371277,-1.856395959854126,-0.829973578453064,44389
20250829_155705,-1.4677555561065674,1.2018799781799316,-0.7566415071487427,42183
20250829_155705,-0.40555277466773987,-1.571576476097107,-0.7714720964431763,44322
20250829_155705,-0.1857808381319046,-2.3742637634277344,-0.7504886388778687,44746
20250829_155705,-1.274406909942627,2.2735376358032227,-0.7694663405418396,44395
20250829_155705,-0.26999881863594055,-1.6154484748840332,-0.7554652094841003,44203
20250829_155705,-0.40573880076408386,-1.8175157308578491,-0.7977997064590454,44719
20250829_155705,-0.4546036422252655,-1.840562343597412,-0.8171725869178772,44488
20250829_155705,-0.405416876077652,-1.8199859857559204,-0.8032334446907043,44599
20250829_155705,-0.2349977344274521,-2.328854560852051,-0.8319714069366455,44846
20250829_155705,-0.3975028693675995,2.2685070037841797,-0.8160334825515747,44852
20250829_155705,-0.3305276036262512,-1.5980427265167236,-0.8148179650306702,44793
20250829_155705,-0.3793388605117798,-1.8229563236236572,-0.7919284701347351,44771
20250829_155705,-0.443905234336853,-1.8250352144241333,-0.7283088564872742,44719
20250829_155705,-0.2988051176071167,-2.338491916656494,-0.7344451546669006,44839
20250829_155705,-1.0583817958831787,2.006091594696045,-0.7378613352775574,44557
20250829_155705,-0.32667607069015503,-1.5621577501296997,-0.7411251068115234,44988
20250829_155705,-0.22969068586826324,-1.816413164138794,-0.6965343952178955,45046
20250829_155705,-0.2566847801208496,-1.8849892616271973,-0.7222352027893066,44727
20250829_155705,-0.2667844891548157,-2.2810418605804443,-0.7099757194519043,44968
20250829_155705,-0.9745306968688965,1.6738052368164062,-0.7219054102897644,45323
20250829_155705,-0.36856889724731445,-1.6150791645050049,-0.7269827127456665,45008
20250829_155705,-0.38913217186927795,-1.8426671028137207,-0.7302954196929932,44961
20250829_155705,-0.353544682264328,-1.821919560432434,-0.7225950956344604,45151
20250829_155705,-0.2898908853530884,-1.8473986387252808,-0.720291793346405,44980
20250829_155705,-0.2805202305316925,-1.8081457614898682,-0.7640141844749451,45170
20250829_155705,-0.32302728295326233,-1.8103476762771606,-0.7560896873474121,45059
20250829_155705,-0.42842897772789,-1.793471336364746,-0.7592694759368896,45036
20250829_155705,-0.19228439033031464,-1.8456330299377441,-0.7853949069976807,45078
20250829_155705,-0.33417317271232605,-2.3018836975097656,-0.7282260656356812,44947
20250829_155705,-1.6391119956970215,5.746670246124268,-0.7466060519218445,47128
20250829_155705,-0.2482173591852188,-2.2569761276245117,-0.7422342300415039,45007
20250829_155705,-0.42643678188323975,2.521833896636963,-0.7086161375045776,45807
20250829_155705,-0.33573779463768005,-1.62543523311615,-0.7113097310066223,45241
20250829_155705,-0.24929721653461456,-2.3054275512695312,-0.7037724256515503,44993
20250829_155705,-1.4705229997634888,5.858038425445557,-0.7043614387512207,46412
20250829_155705,-0.46831077337265015,-1.7393109798431396,-0.715834379196167,45010
20250829_155705,-0.35979849100112915,-1.8756990432739258,-0.7627321481704712,45021
20250829_155705,-0.23470328748226166,-1.8028987646102905,-0.7261734008789062,45316
20250829_155705,-0.26448261737823486,-1.8810104131698608,-0.8221150040626526,45158
20250829_155705,-0.3008248209953308,-1.925092339515686,-0.7835946679115295,45114
20250829_155705,-0.3160755932331085,-1.8794775009155273,-0.7877023220062256,45058
20250829_155705,-0.40806785225868225,-1.810334324836731,-0.7821975350379944,45022
20250829_155705,-0.357489675283432,-1.8701999187469482,-0.7835359573364258,44921
20250829_155705,-0.3423011302947998,-1.8476099967956543,-0.7219914793968201,45157
20250829_155705,-0.1537337303161621,-1.780084252357483,-0.7360802292823792,45114
20250829_155705,-0.2805599272251129,-1.8745025396347046,-0.7381051182746887,45074
20250829_155705,-0.31930816173553467,-1.841582179069519,-0.7311676740646362,45043
20250829_155705,-0.36536115407943726,-1.8028761148452759,-0.7200877666473389,44995
20250829_155705,-0.3892967402935028,-1.86957848072052,-0.6710262894630432,44974
20250829_155705,-0.2569408714771271,-2.297398805618286,-0.7449568510055542,44973
20250829_155705,-0.388990193605423,-1.8480409383773804,-0.6904733777046204,45160
20250829_155705,-0.36173418164253235,1.6524444818496704,-0.7063973546028137,46347
20250829_155705,-0.3402644097805023,-1.6716684103012085,-0.6906298995018005,45137
20250829_155705,-0.32008096575737,-1.8912980556488037,-0.6872238516807556,45139
20250829_155705,-0.35701125860214233,-1.8663551807403564,-0.6760887503623962,44971
20250829_155705,-0.2851382791996002,-1.9457837343215942,-0.6255302429199219,44945
20250829_155705,-0.3534280061721802,-1.8494493961334229,-0.6024191975593567,44998
20250829_155705,-0.3083069622516632,-1.8863298892974854,-0.603627622127533,45152
20250829_155705,-0.24303500354290009,-2.3299365043640137,-0.5906094908714294,45056
20250829_155705,-0.43523016571998596,0.07518848776817322,-0.5947808027267456,45297
20250829_155705,-0.49395084381103516,-1.4305541515350342,-0.6809870004653931,45280
20250829_155705,-0.30565860867500305,-1.897291660308838,-0.5929264426231384,44972
20250829_155705,-0.3899533450603485,-1.8588358163833618,-0.618890106678009,45090
20250829_155705,-0.35606905817985535,-1.9177473783493042,-0.6159637570381165,45067
20250829_155705,-0.3088904321193695,-1.793898105621338,-0.6185629963874817,45120
20250829_155705,-0.2942304313182831,-1.9028418064117432,-0.619036853313446,45207
20250829_155705,-0.3507155776023865,-1.822311520576477,-0.6154254078865051,45130
20250829_155705,-0.3457719683647156,-1.8469821214675903,-0.6196075677871704,45036
20250829_155705,-0.3017442524433136,-2.3056960105895996,-0.6167224645614624,44929
20250829_155705,-0.9088405966758728,1.4589141607284546,-0.6032235622406006,45196
20250829_155705,-0.3328443467617035,-2.2239480018615723,-0.5529019832611084,45070
20250829_155705,-0.6865721344947815,1.8636846542358398,-0.5464635491371155,46154
20250829_155705,-0.2795049250125885,-2.2627923488616943,-0.5415036082267761,45054
20250829_155705,-0.34958750009536743,-1.848990559577942,-0.5306220650672913,45121
20250829_155705,-0.9048027396202087,1.7364952564239502,-0.5290166735649109,46306
20250829_155705,-0.43743860721588135,-1.7601008415222168,-0.525513231754303,45097
20250829_155705,-0.3665599822998047,-1.8786888122558594,-0.5355023741722107,45062
20250829_155705,-0.35873740911483765,-1.8662141561508179,-0.5314537882804871,45113
20250829_155706,-0.2906567454338074,-2.3198587894439697,-0.5102401971817017,45026
20250829_155706,-0.21477752923965454,0.08879998326301575,-0.6692366003990173,44641
20250829_155706,-0.2655092477798462,-2.281792640686035,-0.6020027995109558,45031
20250829_155706,-0.6931734085083008,0.3091702163219452,-0.6047841310501099,46004
20250829_155706,-0.5334113836288452,-1.6502281427383423,-0.5547029376029968,45423
20250829_155706,-0.3051692843437195,-2.272932529449463,-0.5794259905815125,44885
20250829_155706,-1.110287070274353,5.397984504699707,-0.6112847328186035,45544
20250829_155706,-0.3941214978694916,-1.8087613582611084,-0.5831291675567627,45354
20250829_155706,-0.336505264043808,-1.8889135122299194,-0.5900271534919739,45297
20250829_155706,-0.311109721660614,-2.3133442401885986,-0.5561711192131042,45126
20250829_155706,-0.27904611825942993,-1.850539207458496,-0.608780026435852,44770
20250829_155706,-1.4656716585159302,4.6935038566589355,-0.614870548248291,46397
20250829_155706,-0.526174783706665,-1.8140811920166016,-0.4914894998073578,45172
20250829_155706,-0.43012911081314087,-1.9223010540008545,-0.49691182374954224,45340
20250829_155706,-0.3255844712257385,-1.9375231266021729,-0.498530775308609,45280
20250829_155706,-0.2635914087295532,-2.313041925430298,-0.4991327226161957,45034
20250829_155706,-0.6982399225234985,0.9514966607093811,-0.5233631730079651,46915
20250829_155706,-0.34618672728538513,-1.7012726068496704,-0.5070263147354126,44969
20250829_155706,-0.38742461800575256,-1.9942830801010132,-0.4833730161190033,45023
20250829_155706,-0.46265697479248047,-1.947104573249817,-0.49259480834007263,45070
20250829_155706,-0.30996736884117126,-2.307620048522949,-0.5133364796638489,45065
20250829_155706,-0.31192702054977417,0.38503965735435486,-0.5133618712425232,46216
20250829_155706,-0.24897460639476776,-2.2476589679718018,-0.4956047236919403,45046
20250829_155706,-0.8028286695480347,0.958932101726532,-0.4995531141757965,46486
20250829_155706,-0.4328216016292572,-1.7652543783187866,-0.5071438550949097,44939
20250829_155706,-0.3208892345428467,-2.3180172443389893,-0.5007556676864624,44934
20250829_155706,-0.18381214141845703,0.7737351059913635,-0.5999124646186829,43427
20250829_155706,-0.3705054819583893,-1.7421066761016846,-0.5945996046066284,45280
20250829_155706,-0.31972119212150574,-1.9399960041046143,-0.6181503534317017,45313
20250829_155706,-0.32783398032188416,-1.963958501815796,-0.6130345463752747,45164
20250829_155706,-0.3054143488407135,-2.324237108230591,-0.6179673671722412,45001
20250829_155706,-0.7823105454444885,1.0715256929397583,-0.6072927713394165,44746
20250829_155706,-0.46096113324165344,-1.8320631980895996,-0.6113935708999634,45360
20250829_155706,-0.4058448076248169,-1.98591148853302,-0.6436930894851685,45228
20250829_155706,-0.3222506046295166,-1.977285623550415,-0.6599500775337219,45276
20250829_155706,-0.2995895743370056,-2.3202672004699707,-0.6374902129173279,45066
20250829_155706,-0.6032794117927551,0.9108582139015198,-0.6341415643692017,46460
20250829_155706,-0.31741562485694885,-2.2783687114715576,-0.6183898448944092,45044
20250829_155706,-0.7497550845146179,0.13626664876937866,-0.6205453872680664,45561
20250829_155706,-0.45043429732322693,-1.7061783075332642,-0.6252615451812744,45062
20250829_155706,-0.3132097125053406,-2.311336040496826,-0.6328596472740173,45090
20250829_155706,-0.49515509605407715,0.781829297542572,-0.6383785605430603,45980
20250829_155706,-0.3665130138397217,-1.791922926902771,-0.6041571497917175,45531
20250829_155706,-0.37288492918014526,-1.9962271451950073,-0.5899540185928345,45066
20250829_155706,-0.44674232602119446,-1.975183367729187,-0.4988451302051544,45429
20250829_155706,-0.3101019263267517,-2.3401613235473633,-0.4853096604347229,44795
20250829_155706,-0.3708396852016449,-1.9930423498153687,-0.6091645956039429,45261
20250829_155706,-0.6439616084098816,0.4882543981075287,-0.6257373690605164,45900
20250829_155706,-0.34161442518234253,-1.8154796361923218,-0.6289578080177307,45375
20250829_155706,-0.35760945081710815,-2.3208305835723877,-0.5291351079940796,45210
20250829_155706,-0.22827480733394623,-2.0091421604156494,-0.6165109276771545,44723
20250829_155706,-0.7917904853820801,0.5555493235588074,-0.5978216528892517,45481
20250829_155706,-0.3213385343551636,-2.277679204940796,-0.5924683809280396,44860
20250829_155706,-1.3207337856292725,3.9147844314575195,-0.5688749551773071,46677
20250829_155706,-0.33465877175331116,-2.3109934329986572,-0.6116034388542175,45106
20250829_155706,-0.25780555605888367,-2.0040955543518066,-0.5689854025840759,45040
20250829_155706,-0.23766058683395386,0.8536515235900879,-0.49418410658836365,45426
20250829_155706,-0.3644397258758545,-1.9046573638916016,-0.5092307329177856,45151
20250829_155706,-0.3271988332271576,-2.035341739654541,-0.5013656616210938,44901
20250829_155706,-0.35274380445480347,-2.0726613998413086,-0.5095780491828918,44932
20250829_155706,-0.3917832374572754,-2.3315811157226562,-0.6185873746871948,45179
20250829_155706,-0.6181977391242981,-0.3534690737724304,-0.646148145198822,46815
20250829_155706,-0.22647008299827576,-2.3044307231903076,-0.5365118384361267,44830
20250829_155706,-0.6088921427726746,3.3370213508605957,-0.5433794856071472,47114
20250829_155706,-0.44320276379585266,-1.9386405944824219,-0.6271218061447144,45229
20250829_155706,-0.33719712495803833,-2.3479557037353516,-0.6162847280502319,44962
20250829_155706,-0.6888636350631714,0.41708046197891235,-0.6360324621200562,45695
20250829_155706,-0.30462414026260376,-1.9344581365585327,-0.5561124086380005,44868
20250829_155706,-0.32706543803215027,-2.049974203109741,-0.5522734522819519,45116
20250829_155706,-0.3582025170326233,-2.0022435188293457,-0.6385717988014221,45275
20250829_155706,-0.27462640404701233,-2.369511604309082,-0.5569230914115906,44914
20250829_155706,-0.8246279358863831,0.47795283794403076,-0.6321849226951599,46439
20250829_155706,-0.31486591696739197,-2.339674711227417,-0.5860223770141602,44841
20250829_155706,-0.6668495535850525,0.34715673327445984,-0.574867308139801,44939
20250829_155706,-0.328077107667923,-2.3326773643493652,-0.5678700804710388,44992
20250829_155706,-0.30574315786361694,-2.0664384365081787,-0.5739956498146057,45132
20250829_155706,-0.27164778113365173,0.24632561206817627,-0.5910665988922119,45992
20250829_155706,-0.35443446040153503,-2.3124637603759766,-0.6486560702323914,45073
20250829_155706,-0.28818845748901367,-2.1745569705963135,-0.5816060900688171,44878
20250829_155706,-0.6403430700302124,-0.014916522428393364,-0.5906269550323486,45504
20250829_155706,-0.3124781847000122,-2.3513197898864746,-0.5751551389694214,44799
20250829_155706,-0.7910491228103638,-0.15899299085140228,-0.5973458886146545,46710
20250829_155706,-0.3371257781982422,-2.320197582244873,-0.6961838006973267,45089
20250829_155706,-0.1988828331232071,0.03768511861562729,-0.6825065612792969,46255
20250829_155706,-0.35004934668540955,-2.0068047046661377,-0.6934396624565125,45042
20250829_155706,-0.3371446132659912,-2.3851094245910645,-0.6976349949836731,44894
20250829_155706,-0.2526760399341583,-0.4453158378601074,-0.6205438375473022,44293
20250829_155706,-0.32586029171943665,-2.371924638748169,-0.6329509615898132,44944
20250829_155706,-0.34709879755973816,-0.6849455237388611,-0.6175693869590759,45534
20250829_155706,-0.2634097933769226,-1.997878074645996,-0.616989254951477,45050
20250829_155706,-0.2969921827316284,-2.4044456481933594,-0.6289129853248596,44952
20250829_155706,-0.6283663511276245,1.3821513652801514,-0.6188225746154785,45017
20250829_155706,-0.3391132950782776,-2.3845105171203613,-0.6134292483329773,44865
20250829_155706,-0.5084473490715027,-0.44487106800079346,-0.635793924331665,44768
20250829_155706,-0.35031789541244507,-2.0675594806671143,-0.6174036264419556,45011
20250829_155706,-0.29646050930023193,-2.4102234840393066,-0.6086366772651672,44939
20250829_155706,-0.18758605420589447,-0.36558523774147034,-0.6023848652839661,45567
20250829_155706,-0.3525429666042328,-2.3782927989959717,-0.6844910383224487,44985
20250829_155706,-0.3517937958240509,-2.2050888538360596,-0.6882225871086121,44868
20250829_155706,-0.5957597494125366,1.1011601686477661,-0.678241491317749,45547
20250829_155707,-0.29586783051490784,-2.4390504360198975,-0.5969595909118652,44823
20250829_155707,-0.39265480637550354,-0.7304232120513916,-0.6177632212638855,45590
20250829_155707,-0.3145272135734558,-2.3969664573669434,-0.6153373718261719,44935
20250829_155707,-0.1216912642121315,-0.7593191862106323,-0.6051129698753357,45501
20250829_155707,-0.3224664628505707,-2.137570858001709,-0.6085988283157349,44948
20250829_155707,-0.34346407651901245,-2.439960479736328,-0.6200715899467468,44878
20250829_155707,-0.552794873714447,-0.6819396018981934,-0.6166579723358154,45056
20250829_155707,-0.29691562056541443,-2.2233965396881104,-0.6307867765426636,44980
20250829_155707,-0.3064163029193878,-2.2553393840789795,-0.6283226609230042,45032
20250829_155707,-0.30346545577049255,-2.273080825805664,-0.6502755880355835,44981
20250829_155707,-0.31281232833862305,-2.4527535438537598,-0.634829044342041,44927
20250829_155707,-0.4528771936893463,-0.906571090221405,-0.6288772225379944,45096
20250829_155707,-0.34776028990745544,-2.4291954040527344,-0.6516678333282471,44868
20250829_155707,-0.4341435432434082,-1.1650997400283813,-0.6586247682571411,45086
20250829_155707,-0.29839226603507996,-2.1535184383392334,-0.6468515396118164,45027
20250829_155707,-0.31984516978263855,-2.446784257888794,-0.6262544989585876,44936
20250829_155707,-0.297195166349411,-2.271933078765869,-0.6273790597915649,44952
20250829_155707,-0.32658642530441284,-2.2986090183258057,-0.6379320025444031,44943
20250829_155707,-0.5467003583908081,-1.0639921426773071,-0.6447371244430542,45024
20250829_155707,-0.3499688506126404,-2.2124102115631104,-0.6320050358772278,44974
20250829_155707,-0.3046600818634033,-2.475522041320801,-0.6402742862701416,44849
20250829_155707,-0.5821160078048706,0.002046582056209445,-0.6487261056900024,47543
20250829_155707,-0.33990678191185,-2.4528841972351074,-0.6610642075538635,44984
20250829_155707,-0.6165165305137634,-0.6095924377441406,-0.7406720519065857,46195
20250829_155707,-0.2852647006511688,-2.4871809482574463,-0.675719141960144,44829
20250829_155707,-0.34365591406822205,-2.3044910430908203,-0.6672037243843079,44924
20250829_155707,-0.31706416606903076,-2.336164712905884,-0.6639272570610046,44979
20250829_155707,-0.30950698256492615,-2.3314077854156494,-0.6650758385658264,44991
20250829_155707,-0.31737491488456726,-2.339069366455078,-0.680087149143219,44999
20250829_155707,-0.2614220082759857,-1.2225749492645264,-0.681524932384491,45514
20250829_155707,-0.3219302296638489,-2.4740307331085205,-0.6727263927459717,44890
20250829_155707,-0.3614089787006378,-1.149584174156189,-0.6784765720367432,45452
20250829_155707,-0.3424067199230194,-2.4702816009521484,-0.6808032393455505,44880
20250829_155707,-0.283709317445755,-1.0797288417816162,-0.6739752888679504,45643
20250829_155707,-0.3381640315055847,-2.4582488536834717,-0.6735793948173523,44847
20250829_155707,-0.33622050285339355,-1.1162033081054688,-0.6681816577911377,45305
20250829_155707,-0.326514333486557,-2.4677493572235107,-0.6646884679794312,44859
20250829_155707,-0.340891569852829,-2.3216395378112793,-0.65831458568573,44928
20250829_155707,-0.3067485988140106,-1.0709604024887085,-0.6497311592102051,45324
20250829_155707,-0.348000168800354,-2.4779038429260254,-0.6513603925704956,44824
20250829_155707,-0.3102099299430847,-2.366426944732666,-0.6554053425788879,44961
20250829_155707,-0.32562386989593506,-2.359612464904785,-0.65481036901474,44915
20250829_155707,-0.3215755224227905,-2.3702423572540283,-0.6523152589797974,44893
20250829_155707,-0.2131575047969818,-1.3764718770980835,-0.6299127340316772,45285
20250829_155707,-0.2904125154018402,-2.2659645080566406,-0.6370545029640198,45028
20250829_155707,-0.32572439312934875,-2.385772705078125,-0.6344249248504639,44855
20250829_155707,-0.3481132984161377,-2.4909751415252686,-0.629360556602478,44817
20250829_155707,-0.31172001361846924,-2.356121778488159,-0.6295885443687439,44893
20250829_155707,-0.18127670884132385,-1.3168842792510986,-0.6209893226623535,45347
20250829_155707,-0.33206474781036377,-2.2725961208343506,-0.6116183400154114,44991
20250829_155707,-0.3459312319755554,-2.4964146614074707,-0.6209626793861389,44879
20250829_155707,-0.33214226365089417,-2.347797155380249,-0.6106446385383606,44931
20250829_155707,-0.354688823223114,-2.3603363037109375,-0.6085832715034485,44862
20250829_155707,-0.5687915682792664,-0.9744957685470581,-0.6753020286560059,45871
20250829_155707,-0.31243205070495605,-2.5076210498809814,-0.6002029776573181,44837
20250829_155707,-0.3160650134086609,-2.346031904220581,-0.5973141193389893,44915
20250829_155707,-0.3853037655353546,-2.311858892440796,-0.6410863399505615,45087
20250829_155707,-0.2902112901210785,-2.4189932346343994,-0.5732340216636658,44842
20250829_155707,-0.305633544921875,-1.3478453159332275,-0.5648145079612732,45506
20250829_155707,-0.343301385641098,-2.301530599594116,-0.5590772032737732,44948
20250829_155707,-0.34307512640953064,-2.5122745037078857,-0.5401718020439148,44866
20250829_155707,-0.03784513473510742,-1.389569878578186,-0.5220227241516113,46138
20250829_155707,-0.3353498876094818,-2.4937009811401367,-0.5187603831291199,44909
20250829_155707,-0.39229142665863037,-1.3145389556884766,-0.5173527002334595,45658
20250829_155707,-0.3676578998565674,-2.3061554431915283,-0.500018298625946,44955
20250829_155707,-0.32999086380004883,-2.3514270782470703,-0.5015671849250793,45070
20250829_155707,-0.3425573408603668,-2.3798766136169434,-0.48891401290893555,44958
20250829_155707,-0.34577128291130066,-2.5012314319610596,-0.4797503650188446,44922
20250829_155707,-0.3301372528076172,-2.3700520992279053,-0.4803853929042816,45054
20250829_155707,-0.3501957952976227,-2.3731069564819336,-0.47624102234840393,45014
20250829_155707,-0.3648393452167511,-2.371098518371582,-0.46804800629615784,45019
20250829_155707,-0.3607114851474762,-2.371433973312378,-0.4614405035972595,44957
20250829_155707,-0.3426809012889862,-2.3804447650909424,-0.44461438059806824,45024
20250829_155707,-0.6987988948822021,-0.8050432205200195,-0.5305655002593994,47338
20250829_155707,-0.2798437774181366,-2.292116403579712,-0.524766206741333,45208
20250829_155707,-0.25166088342666626,-2.4000346660614014,-0.431441068649292,44835
20250829_155707,-0.40124836564064026,-2.4992177486419678,-0.49626991152763367,44986
20250829_155707,-0.34032025933265686,-2.3643076419830322,-0.4696478545665741,45033
20250829_155707,-0.3376219570636749,-2.377825975418091,-0.46419593691825867,45060
20250829_155707,-0.3152487576007843,-1.253840684890747,-0.4522080421447754,46246
20250829_155707,-0.34524279832839966,-2.5029797554016113,-0.4454291760921478,44932
20250829_155707,-0.32829391956329346,-2.375728130340576,-0.4264403283596039,45083
20250829_155707,-0.3267887532711029,-2.331681966781616,-0.41758474707603455,45162
20250829_155707,-0.3746519088745117,-2.3764047622680664,-0.3899679481983185,45008
20250829_155707,-0.37164247035980225,-2.3657045364379883,-0.3987058699131012,45062
20250829_155707,-0.2730032503604889,-1.603209137916565,-0.38609328866004944,45870
20250829_155707,-0.35168078541755676,-2.4723219871520996,-0.3561229407787323,45069
20250829_155707,-0.3369653820991516,-2.351555109024048,-0.34082210063934326,45121
20250829_155707,-0.31525740027427673,-2.404871940612793,-0.25923794507980347,44930
20250829_155707,-0.1576385796070099,0.5611090064048767,-0.2478945255279541,47641
20250829_155707,-0.38066548109054565,-2.4831554889678955,-0.2877199947834015,45023
20250829_155707,-0.2949947118759155,-2.4240972995758057,-0.21728838980197906,45038
20250829_155707,-0.3388442099094391,-2.361818552017212,-0.19885507225990295,45081
20250829_155707,-0.3656928539276123,-2.3359646797180176,-0.25945860147476196,45178
20250829_155707,-0.3484121561050415,-2.3795394897460938,-0.2549462616443634,45130
20250829_155707,-0.24510742723941803,-0.9936150908470154,-0.23529845476150513,46215
20250829_155707,-0.33294743299484253,-2.5184600353240967,-0.15907421708106995,44885
20250829_155707,-0.3625376522541046,-2.3911242485046387,-0.1428116112947464,45082
20250829_155707,-0.34786397218704224,-2.3600127696990967,-0.12031307071447372,45157
20250829_155707,-0.3290242552757263,-2.330535888671875,-0.2253676801919937,45250
20250829_155708,-0.35669058561325073,-2.380194902420044,-0.23554733395576477,45017
20250829_155708,-0.10880010575056076,0.20472486317157745,-0.2177233248949051,46885
20250829_155708,-0.3655000329017639,-2.5143520832061768,-0.23101073503494263,45032
20250829_155708,-0.27482667565345764,-2.4271416664123535,-0.1222873106598854,44856
20250829_155708,-0.42421361804008484,-2.3383021354675293,-0.1932888627052307,45212
20250829_155708,-0.36499154567718506,-2.3839731216430664,-0.18536429107189178,44979
20250829_155708,-0.341399610042572,-2.385237216949463,-0.18210695683956146,45059
20250829_155708,-0.34242600202560425,-2.4090800285339355,-0.16769593954086304,45031
20250829_155708,-0.327431321144104,-2.3760459423065186,-0.15187619626522064,45105
20250829_155708,-0.34069347381591797,-2.4217958450317383,-0.1374320536851883,45068
20250829_155708,-0.3706056773662567,-2.4011735916137695,-0.11361713707447052,44898
20250829_155708,-0.38616442680358887,-2.391637086868286,-0.099248968064785,44952
20250829_155708,-0.35445713996887207,-2.3947677612304688,-0.08489352464675903,44975
20250829_155708,-0.32564985752105713,-2.375269651412964,-0.07417658716440201,45088
20250829_155708,-0.33607032895088196,-2.3882079124450684,-0.058328188955783844,45083
20250829_155708,-0.3498070538043976,-2.383035898208618,-0.04270873963832855,45076
20250829_155708,-0.3756011724472046,-2.3748600482940674,-0.0284862257540226,44997
20250829_155708,-0.3842163383960724,-2.3937087059020996,-0.022674135863780975,44880
20250829_155708,-0.3750172555446625,-2.396901845932007,-0.02126336097717285,44988
20250829_155708,-0.3560307025909424,-2.408583879470825,-0.010713286697864532,45028
20250829_155708,-0.3268778622150421,-2.3925228118896484,0.00808505155146122,45078
20250829_155708,-0.10554250329732895,-1.6079936027526855,0.04715608432888985,45878
20250829_155708,-0.37074726819992065,-2.516009569168091,0.0646074190735817,44956
20250829_155708,-0.5009892582893372,-2.009896993637085,0.049563731998205185,45240
20250829_155708,-0.3918364346027374,-2.492288827896118,0.06457853317260742,44892
20250829_155708,-0.3643290400505066,-2.4000720977783203,0.06942678242921829,44965
20250829_155708,-0.3241312801837921,-2.406633138656616,0.06566666066646576,45109
20250829_155708,-0.32677528262138367,-2.414594888687134,0.08678524941205978,45130
20250829_155708,-0.3594706058502197,-2.3670995235443115,0.09312141686677933,45142
20250829_155708,-0.3967570662498474,-2.4074416160583496,0.10299588739871979,45043
20250829_155708,-0.38530993461608887,-2.4132916927337646,0.11046742647886276,45032
20250829_155708,-0.3625895380973816,-2.4060781002044678,0.1440746784210205,45103
20250829_155708,-0.3459368050098419,-2.4381401538848877,0.20863784849643707,45056
20250829_155708,-0.3961300551891327,-2.3804376125335693,0.14816869795322418,45194
20250829_155708,-0.3524942696094513,-2.3673501014709473,0.13185158371925354,45255
20250829_155708,-0.387317031621933,-2.3834118843078613,0.12260764837265015,45148
20250829_155708,-0.3862394392490387,-2.397116184234619,0.1305021345615387,45065
20250829_155708,-0.4070127606391907,-2.4054453372955322,0.13966158032417297,45046
20250829_155708,-0.38972142338752747,-2.3808388710021973,0.14747950434684753,45180
20250829_155708,-0.35989639163017273,-2.4107494354248047,0.14923502504825592,45192
20250829_155708,-0.32698458433151245,-2.4101734161376953,0.15628276765346527,45238
20250829_155708,-0.36004212498664856,-2.402477979660034,0.17494934797286987,45308
20250829_155708,-0.46302857995033264,-2.375533103942871,0.1396941840648651,45247
20250829_155708,-0.3717873692512512,-2.397402048110962,0.14098277688026428,45176
20250829_155708,-0.4032774865627289,-2.3843603134155273,0.15560397505760193,45111
20250829_155708,-0.3988571763038635,-2.3958663940429688,0.16275539994239807,45187
20250829_155708,-0.37922245264053345,-2.3657195568084717,0.1606740802526474,45205
20250829_155708,-0.33673617243766785,-2.3666975498199463,0.16088014841079712,45338
20250829_155708,-0.3763514459133148,-2.377798318862915,0.17196522653102875,45274
20250829_155708,-0.4290238916873932,-2.382814645767212,0.1891748458147049,45212
20250829_155708,-0.4355813264846802,-2.3914551734924316,0.19648483395576477,45175
20250829_155708,-0.42367130517959595,-2.3781042098999023,0.20591960847377777,45240
20250829_155708,-0.40226367115974426,-2.38179087638855,0.205442413687706,45330
20250829_155708,-0.3816872537136078,-2.384868860244751,0.21691207587718964,45316
20250829_155708,-0.3519493043422699,-2.38155460357666,0.21624551713466644,45393
20250829_155708,-0.4094971716403961,-2.3496758937835693,0.2094719409942627,45306
20250829_155708,-0.4226455092430115,-2.3853187561035156,0.20700585842132568,45264
20250829_155708,-0.4420730173587799,-2.3695833683013916,0.19749943912029266,45209
20250829_155708,-0.44095784425735474,-2.345064163208008,0.20102666318416595,45304
20250829_155708,-0.395709753036499,-2.3752291202545166,0.21207469701766968,45310
20250829_155708,-0.4192734956741333,-2.3699822425842285,0.1791330724954605,45582
20250829_155708,-0.4022865891456604,-2.3448684215545654,0.18181666731834412,45388
20250829_155708,-0.46868661046028137,-2.3599376678466797,0.17914855480194092,45318
20250829_155708,-0.44773444533348083,-2.3831238746643066,0.19452205300331116,45248
20250829_155708,-0.44439685344696045,-2.3459906578063965,0.20220132172107697,45278
20250829_155708,-0.4459765553474426,-2.3453359603881836,0.20030273497104645,45333
20250829_155708,-0.41077032685279846,-2.3557186126708984,0.2065449357032776,45396
20250829_155708,-0.4173634946346283,-2.329026460647583,0.2077006995677948,45438
20250829_155708,-0.4058915972709656,-2.357753038406372,0.19906212389469147,45420
20250829_155708,-0.4641472101211548,-2.3760392665863037,0.2005072683095932,45272
20250829_155708,-0.5001524686813354,-2.304697036743164,0.219411700963974,45281
20250829_155708,-0.4445483684539795,-2.3371636867523193,0.20006677508354187,45391
20250829_155708,-0.44169527292251587,-2.3538260459899902,0.2024286836385727,45460
20250829_155708,-0.4789932668209076,-2.342907190322876,0.16749520599842072,45583
20250829_155708,-0.4431459307670593,-2.3251609802246094,0.17438770830631256,45450
20250829_155708,-0.4821573495864868,-2.3306820392608643,0.17725770175457,45373
20250829_155708,-0.4272669553756714,-2.3515748977661133,0.20578396320343018,45346
20250829_155708,-0.5334338545799255,-2.31355619430542,0.17387473583221436,45387
20250829_155708,-0.4700940251350403,-2.3197216987609863,0.17601054906845093,45362
20250829_155708,-0.46407589316368103,-2.3406529426574707,0.18324507772922516,45389
20250829_155708,-0.47291100025177,-2.332677125930786,0.177909255027771,45425
20250829_155708,-0.4520263671875,-2.299461841583252,0.17166325449943542,45509
20250829_155708,-0.4449363946914673,-2.3432841300964355,0.19986988604068756,45454
20250829_155708,-0.5296390056610107,-2.344604969024658,0.18838486075401306,45356
20250829_155708,-0.4938192069530487,-2.311081647872925,0.18850041925907135,45417
20250829_155708,-0.5376551747322083,-2.3100154399871826,0.12846313416957855,45575
20250829_155708,-0.5097468495368958,-2.3043417930603027,0.15955953299999237,45410
20250829_155708,-0.49214330315589905,-2.304517984390259,0.1625182181596756,45360
20250829_155708,-0.42739972472190857,-2.298020839691162,0.18042048811912537,45520
20250829_155708,-0.5424829125404358,-2.319319009780884,0.15975317358970642,45415
20250829_155708,-0.5271697640419006,-2.2974371910095215,0.17467378079891205,45337
20250829_155708,-0.5320098400115967,-2.308999538421631,0.1899479627609253,45307
20250829_155708,-0.5241761803627014,-2.310596466064453,0.18612733483314514,45368
20250829_155708,-0.5126935839653015,-2.295713186264038,0.20477589964866638,45439
20250829_155708,-0.4429777264595032,-2.3100087642669678,0.20511680841445923,45621
20250829_155708,-0.4953426420688629,-2.2848587036132812,0.21877916157245636,45494
20250829_155708,-0.5315102934837341,-2.3144776821136475,0.22292056679725647,45370
20250829_155708,-0.5540390014648438,-2.309253215789795,0.23565994203090668,45361
20250829_155708,-0.6403955221176147,-2.254333257675171,0.16464769840240479,45427
20250829_155708,-0.5167362093925476,-2.3024871349334717,0.1692829132080078,45403
20250829_155709,-0.42188626527786255,-2.2833433151245117,0.23703037202358246,45560
20250829_155709,-0.5349389910697937,-2.26926326751709,0.23893439769744873,45505
20250829_155709,-0.603419840335846,-2.2823715209960938,0.2039099633693695,45359
20250829_155709,-0.5844703912734985,-2.293553352355957,0.18468338251113892,45391
20250829_155709,-0.5677101612091064,-2.2908904552459717,0.17731548845767975,45331
20250829_155709,-0.5677171945571899,-2.2842578887939453,0.1793236881494522,45509
20250829_155709,-0.5031003355979919,-2.301137924194336,0.2098921537399292,45423
20250829_155709,-0.5357123017311096,-2.248716115951538,0.2307891696691513,45442
20250829_155709,-0.5560083985328674,-2.258174180984497,0.24122530221939087,45418
20250829_155709,-0.6491183042526245,-2.290071487426758,0.18950682878494263,45295
20250829_155709,-0.6749441027641296,-2.233050584793091,0.1595923751592636,45435
20250829_155709,-0.5947044491767883,-2.2680137157440186,0.1648901104927063,45324
20250829_155709,-0.5438915491104126,-2.2677900791168213,0.180293008685112,45448
20250829_155709,-0.4779725670814514,-2.281827688217163,0.2337304949760437,45503
20250829_155709,-0.5889914631843567,-2.2594282627105713,0.2479119747877121,45498
20250829_155709,-0.6555300354957581,-2.246609687805176,0.22348405420780182,45318
20250829_155709,-0.6391130089759827,-2.2700867652893066,0.19281138479709625,45367
20250829_155709,-0.5333095788955688,-2.3130698204040527,0.2967741787433624,45329
20250829_155709,-0.7077000737190247,-2.1930980682373047,0.19038420915603638,45509
20250829_155709,-0.49938416481018066,-2.2665536403656006,0.2465813010931015,45463
20250829_155709,-0.6139430403709412,-2.217665910720825,0.2511230409145355,45401
20250829_155709,-0.7396829128265381,-2.2197232246398926,0.17740727961063385,45464
20250829_155709,-0.5667202472686768,-2.249823570251465,0.23038934171199799,45369
20250829_155709,-0.6434339284896851,-2.2471439838409424,0.17138049006462097,45232
20250829_155709,-0.6744071245193481,-2.1984739303588867,0.18637441098690033,45352
20250829_155709,-0.5433194637298584,-2.2896687984466553,0.29790785908699036,45404
20250829_155709,-0.6215705275535583,-2.1939127445220947,0.2690749764442444,45508
20250829_155709,-0.6136351227760315,-2.2531449794769287,0.3199293613433838,45438
20250829_155709,-0.6152327656745911,-2.2222445011138916,0.31989672780036926,45472
20250829_155709,-0.5986889004707336,-2.2489116191864014,0.31039005517959595,45379
20250829_155709,-0.7192936539649963,-2.157292127609253,0.2511603832244873,45497
20250829_155709,-0.6966207027435303,-2.1696577072143555,0.2637200355529785,45333
20250829_155709,-0.6489637494087219,-2.2154200077056885,0.2781536281108856,45360
20250829_155709,-0.6766715049743652,-2.2136473655700684,0.26656705141067505,45503
20250829_155709,-0.6875495910644531,-2.191892147064209,0.2072923332452774,45474
20250829_155709,-0.5602519512176514,-2.2262651920318604,0.24607738852500916,45356
20250829_155709,-0.6480610370635986,-2.22287654876709,0.24386270344257355,45365
20250829_155709,-0.6519805192947388,-2.19143009185791,0.27504387497901917,45400
20250829_155709,-0.7466158866882324,-2.163114309310913,0.28458890318870544,45325
20250829_155709,-0.6371991634368896,-2.24899959564209,0.33222243189811707,45315
20250829_155709,-0.7025404572486877,-2.1527669429779053,0.2905169725418091,45450
20250829_155709,-0.6022288203239441,-2.238672971725464,0.33098146319389343,45419
20250829_155709,-0.6795552968978882,-2.1384291648864746,0.29583773016929626,45562
20250829_155709,-0.6823303699493408,-2.2015445232391357,0.28786230087280273,45391
20250829_155709,-0.7127009630203247,-2.2036521434783936,0.3362036645412445,45445
20250829_155709,-0.7958972454071045,-2.1293444633483887,0.2798166275024414,45247
20250829_155709,-0.6223788857460022,-2.244419574737549,0.3334024250507355,45416
20250829_155709,-0.7355507612228394,-2.1323461532592773,0.2755453884601593,45506
20250829_155709,-0.6413970589637756,-2.1829891204833984,0.2619118094444275,45391
20250829_155709,-0.6316041350364685,-2.2098195552825928,0.3193370997905731,45416
20250829_155709,-0.7037108540534973,-2.159341335296631,0.3335382342338562,45460
20250829_155709,-0.7674486637115479,-2.117860794067383,0.28891023993492126,45262
20250829_155709,-0.7310495972633362,-2.1542046070098877,0.3061430752277374,45349
20250829_155709,-0.749603271484375,-2.1518988609313965,0.28710123896598816,45301
20250829_155709,-0.6088769435882568,-2.2032384872436523,0.3362714648246765,45568
20250829_155709,-0.7475127577781677,-2.095627784729004,0.26847150921821594,45675
20250829_155709,-0.6831279993057251,-2.1635818481445312,0.2830779552459717,45376
20250829_155709,-0.7333387136459351,-2.1874125003814697,0.333903431892395,45304
20250829_155709,-0.7848135828971863,-2.1040992736816406,0.2908715605735779,45332
20250829_155709,-0.7383305430412292,-2.1800458431243896,0.3225214183330536,45308
20250829_155709,-0.7143548727035522,-2.0974528789520264,0.2623441219329834,45365
20250829_155709,-0.6985551714897156,-2.1293320655822754,0.2659217119216919,45425
20250829_155709,-0.6976393461227417,-2.1046669483184814,0.2833150327205658,45556
20250829_155709,-0.7147225141525269,-2.1102259159088135,0.284719318151474,45318
20250829_155709,-0.7732904553413391,-2.126507520675659,0.28848797082901,45264
20250829_155709,-0.7598787546157837,-2.12272047996521,0.2888607680797577,45292
20250829_155709,-0.8075008392333984,-2.125609874725342,0.24292832612991333,45469
20250829_155709,-0.7162585258483887,-2.098696708679199,0.23682796955108643,45481
20250829_155709,-0.6825613379478455,-2.076230049133301,0.2631976008415222,45499
20250829_155709,-0.7270175218582153,-2.14860200881958,0.2603128254413605,45393
20250829_155709,-0.7424279451370239,-2.125678777694702,0.265776127576828,45345
20250829_155709,-0.7672382593154907,-2.0874993801116943,0.271094411611557,45185
20250829_155709,-0.7443104386329651,-2.1628661155700684,0.30699649453163147,45093
20250829_155709,-0.7976173758506775,-2.0481011867523193,0.24676427245140076,45366
20250829_155709,-0.7517355680465698,-2.096923351287842,0.2599138617515564,45468
20250829_155709,-0.6728094816207886,-2.0580062866210938,0.2749748229980469,45555
20250829_155709,-0.7137572169303894,-2.1446266174316406,0.3056604564189911,45356
20250829_155709,-0.7765477895736694,-2.0734918117523193,0.31665000319480896,45295
20250829_155709,-0.8602989912033081,-2.099456787109375,0.2907946705818176,45309
20250829_155709,-0.7935581803321838,-2.0657646656036377,0.2336651235818863,45406
20250829_155709,-0.6933740377426147,-2.0538675785064697,0.256757915019989,45386
20250829_155709,-0.698549747467041,-2.1096582412719727,0.31064799427986145,45316
20250829_155709,-0.7482144236564636,-2.0660858154296875,0.3064987361431122,45385
20250829_155709,-0.7401480674743652,-2.066251754760742,0.30928170680999756,45319
20250829_155709,-0.760195791721344,-2.0799055099487305,0.31511062383651733,45244
20250829_155709,-0.8327484130859375,-2.072270631790161,0.32265955209732056,45093
20250829_155709,-0.7725346088409424,-2.0877208709716797,0.3378337025642395,45251
20250829_155709,-0.7017501592636108,-2.0413503646850586,0.32830697298049927,45534
20250829_155709,-0.7159547209739685,-2.0432186126708984,0.3124733865261078,45445
20250829_155709,-0.7421491742134094,-2.0526254177093506,0.32956722378730774,45137
20250829_155709,-0.7688286900520325,-2.0623271465301514,0.3016014099121094,45530
20250829_155709,-0.8107607364654541,-2.067535638809204,0.3187374770641327,45051
20250829_155709,-0.742519736289978,-2.0462429523468018,0.3189963102340698,45324
20250829_155709,-0.7653813362121582,-2.046625852584839,0.3011842668056488,45316
20250829_155709,-0.7453827261924744,-2.0316832065582275,0.30390676856040955,45446
20250829_155709,-0.7585915327072144,-2.0324037075042725,0.30126798152923584,45356
20250829_155709,-0.7702370285987854,-2.05000376701355,0.30254772305488586,45324
20250829_155709,-0.7736049294471741,-2.0585148334503174,0.30582740902900696,45178
20250829_155709,-0.7900859713554382,-1.9988727569580078,0.3120245337486267,45164
20250829_155709,-0.7459600567817688,-2.0141940116882324,0.29360243678092957,45373
20250829_155710,-0.7377471923828125,-2.0034708976745605,0.2599717080593109,45351
20250829_155710,-0.7631208300590515,-2.0179781913757324,0.2665250301361084,45371
20250829_155710,-0.8046826720237732,-1.985910177230835,0.21891815960407257,45271
20250829_155710,-0.8073014616966248,-2.022289514541626,0.22798405587673187,45322
20250829_155710,-0.7332655787467957,-2.0500996112823486,0.2304742932319641,45304
20250829_155710,-0.81974858045578,-2.0054235458374023,0.19183409214019775,45385
20250829_155710,-0.7688344120979309,-2.0110645294189453,0.20641668140888214,45175
20250829_155710,-0.7715976238250732,-1.9940004348754883,0.21217302978038788,45324
20250829_155710,-0.7602287530899048,-1.9896048307418823,0.20188337564468384,45239
20250829_155710,-0.7639111280441284,-2.006892681121826,0.21136440336704254,45261
20250829_155710,-0.8057616353034973,-1.995943307876587,0.21358132362365723,45253
20250829_155710,-0.7721959352493286,-1.9936840534210205,0.1975371241569519,45403
20250829_155710,-0.7475608587265015,-1.99905264377594,0.20574542880058289,45326
20250829_155710,-0.8098540306091309,-1.996437907218933,0.20913153886795044,45243
20250829_155710,-0.7839449644088745,-2.026733160018921,0.24432912468910217,45169
20250829_155710,-0.785007655620575,-1.9410386085510254,0.20619100332260132,45196
20250829_155710,-0.7437722086906433,-1.9594736099243164,0.2068151831626892,45292
20250829_155710,-0.7952653765678406,-1.9801548719406128,0.18749676644802094,45327
20250829_155710,-0.756256103515625,-1.9646382331848145,0.19839522242546082,45191
20250829_155710,-0.8013253211975098,-2.0350985527038574,0.22418199479579926,45253
20250829_155710,-0.8593255281448364,-1.898801565170288,0.17091968655586243,45371
20250829_155710,-0.7603834271430969,-1.990275263786316,0.2094087451696396,45211
20250829_155710,-0.7787542343139648,-1.9535026550292969,0.19657570123672485,45305
20250829_155710,-0.7727811932563782,-1.9523040056228638,0.17252977192401886,45152
20250829_155710,-0.7606638073921204,-1.9373388290405273,0.17347656190395355,45349
20250829_155710,-0.766776978969574,-1.9417575597763062,0.19085144996643066,45268
20250829_155710,-0.7871392965316772,-1.985750675201416,0.14551876485347748,44987
20250829_155710,-0.7927840352058411,-1.9764537811279297,0.1389232873916626,45195
20250829_155710,-0.7894414067268372,-1.9372442960739136,0.14361076056957245,45328
20250829_155710,-0.7968509793281555,-1.9266623258590698,0.14815174043178558,45462
20250829_155710,-0.8131863474845886,-1.9439107179641724,0.10515713691711426,45089
20250829_155710,-0.7506113052368164,-1.9295071363449097,0.12513329088687897,45286
20250829_155710,-0.7880608439445496,-1.9410957098007202,0.12545369565486908,45072
20250829_155710,-0.7992584109306335,-1.925427794456482,0.11357159912586212,45357
20250829_155710,-0.7835556268692017,-1.9517959356307983,0.1053113117814064,45269
20250829_155710,-0.7941446304321289,-1.8891903162002563,0.10509234666824341,45304
20250829_155710,-0.8301972150802612,-1.961584448814392,0.04326185584068298,45252
20250829_155710,-0.7942514419555664,-1.9372929334640503,0.03157125040888786,45267
20250829_155710,-0.7532235980033875,-1.9088423252105713,0.0608234778046608,45258
20250829_155710,-0.7933983206748962,-1.9016263484954834,0.05040799081325531,45286
20250829_155710,-0.7731191515922546,-1.8905671834945679,0.07635918259620667,45184
20250829_155710,-0.7703221440315247,-1.965807318687439,0.059400659054517746,45437
20250829_155710,-0.7212533950805664,-1.9241117238998413,0.07367458939552307,45420
20250829_155710,-0.8830579519271851,-1.841151237487793,0.03556837514042854,44942
20250829_155710,-0.7978811264038086,-1.9265023469924927,0.05014481022953987,45222
20250829_155710,-0.7404179573059082,-1.8981198072433472,0.06148284301161766,45304
20250829_155710,-0.7694459557533264,-1.90211820602417,0.06431395560503006,45260
20250829_155710,-0.7837433218955994,-1.8993052244186401,0.06797687709331512,45109
20250829_155710,-0.7755545377731323,-1.893202543258667,0.05211692675948143,45152
20250829_155710,-0.7769616842269897,-1.896165132522583,0.03649788349866867,45302
20250829_155710,-0.7936981916427612,-1.8837844133377075,0.04757193475961685,45305
20250829_155710,-0.7704333662986755,-1.9072872400283813,0.042732905596494675,45161
20250829_155710,-0.7381062507629395,-1.9281258583068848,0.039215169847011566,45603
20250829_155710,-0.8246821761131287,-1.8177026510238647,0.043887291103601456,45114
20250829_155710,-0.7394692301750183,-1.9494454860687256,0.030904408544301987,45500
20250829_155710,-0.7950788736343384,-1.880086064338684,0.005713284481316805,45167
20250829_155710,-0.8556150197982788,-1.8136515617370605,-0.014779217541217804,44966
20250829_155710,-0.7458165287971497,-1.8715025186538696,0.01947283372282982,45548
20250829_155710,-0.8124123811721802,1.6537353992462158,0.017077485099434853,45263
20250829_155710,-0.7561003565788269,-2.329691171646118,0.012216538190841675,45275
20250829_155710,-0.7617822885513306,-2.329691171646118,0.01168031245470047,45218
20250829_155710,-0.8042809963226318,-2.329691171646118,-0.005354623775929213,45215
20250829_155710,-0.7476086020469666,-2.329691171646118,0.011741085909307003,45728
20250829_155710,-0.7391311526298523,-2.329691171646118,0.017616478726267815,45317
20250829_155710,-0.784030020236969,-2.329691171646118,-0.02346605807542801,44986
20250829_155710,-0.8025021553039551,-2.329691171646118,-0.018447889015078545,45124
20250829_155710,-0.7768375873565674,-2.329691171646118,-0.02193390764296055,45377
20250829_155710,-0.7972443699836731,-2.329691171646118,-0.049620673060417175,45283
20250829_155710,-0.7598559856414795,-2.329691171646118,-0.03783494234085083,45443
20250829_155710,-0.7950412034988403,-2.329691171646118,-0.0013161924434825778,45428
20250829_155710,-0.7450348734855652,-2.329691171646118,-0.00414585554972291,45273
20250829_155710,-0.811420738697052,-2.329691171646118,-0.016025906428694725,45400
20250829_155710,-0.7888599038124084,-2.329691171646118,-0.015083996579051018,45299
20250829_155710,-0.7517096996307373,1.3392257690429688,-0.029225515201687813,45377
20250829_155710,-0.7047563195228577,-1.8867177963256836,-0.040866296738386154,45776
20250829_155710,-0.8038108944892883,-1.8138022422790527,-0.045611001551151276,45425
20250829_155710,-0.811467707157135,-1.842878818511963,-0.065213643014431,45191
20250829_155710,-0.8109535574913025,-1.8318334817886353,-0.056546345353126526,44985
20250829_155710,-0.8084127306938171,-1.8150218725204468,-0.08365106582641602,45663
20250829_155710,-0.7683516144752502,-1.80965256690979,-0.09021688997745514,45302
20250829_155710,-0.7357733845710754,-1.8923213481903076,-0.06560873985290527,45409
20250829_155710,-0.78802490234375,-1.8288588523864746,-0.05165068805217743,45496
20250829_155710,-0.7686885595321655,-1.845921277999878,-0.047557711601257324,45361
20250829_155710,-0.7929443717002869,-1.8394514322280884,-0.04986906796693802,45325
20250829_155710,-0.8358820676803589,-1.7928942441940308,-0.08563396334648132,45440
20250829_155710,-0.7912300229072571,-1.8365436792373657,-0.10855318605899811,45726
20250829_155710,-0.7899984121322632,-1.798909306526184,-0.12234856933355331,45606
20250829_155710,-0.778896152973175,-1.8327680826187134,-0.08887483924627304,45539
20250829_155710,-0.7447503805160522,-1.8102366924285889,-0.08851480484008789,45497
20250829_155710,-0.7856237888336182,-1.8087899684906006,-0.10908821225166321,45257
20250829_155710,-0.7904766798019409,-1.8215585947036743,-0.11546644568443298,45441
20250829_155710,-0.8275718688964844,-1.7832269668579102,-0.08810660243034363,45276
20250829_155710,-0.7904782295227051,-1.8139456510543823,-0.16311392188072205,45706
20250829_155710,-0.7567312717437744,-1.7556344270706177,-0.12080313265323639,45599
20250829_155710,-0.7849659323692322,-1.812090277671814,-0.10967426002025604,45501
20250829_155710,-0.7661746740341187,-1.7786540985107422,-0.11429388076066971,45591
20250829_155710,-0.7993886470794678,-1.8093379735946655,-0.11196648329496384,45487
20250829_155710,-0.7321723699569702,-1.9633941650390625,-0.16454073786735535,44963
20250829_155710,-0.8620079755783081,-1.6183239221572876,-0.1337682008743286,46019
20250829_155710,-0.7753885984420776,-1.7600417137145996,-0.11963199079036713,45443
20250829_155711,-0.7531142830848694,-1.8553591966629028,-0.15622004866600037,45274
20250829_155711,-0.7575808167457581,-1.863674521446228,-0.19703742861747742,45365
20250829_155711,-0.7979753017425537,-1.647653579711914,-0.15016113221645355,45876
20250829_155711,-0.7523189783096313,-1.8246498107910156,-0.1715375781059265,45483
20250829_155711,-0.7839003205299377,-1.766845941543579,-0.12778139114379883,45580
20250829_155711,-0.7835252285003662,-1.7747740745544434,-0.16587145626544952,45806
20250829_155711,-0.7776175737380981,-1.8342318534851074,-0.21185855567455292,45330
20250829_155711,-0.7667778134346008,-1.7885351181030273,-0.19891822338104248,45479
20250829_155711,-0.7383489012718201,-1.776468276977539,-0.18409228324890137,45083
20250829_155711,-0.8000041842460632,-1.7482229471206665,-0.18317630887031555,45993
20250829_155711,-0.7279656529426575,-1.671920657157898,-0.13361112773418427,45829
20250829_155711,-0.7547634243965149,-1.8705805540084839,-0.1898926943540573,45410
20250829_155711,-0.8117672801017761,-1.76233971118927,-0.20226219296455383,45380
20250829_155711,-0.7964289784431458,-1.7646151781082153,-0.20200899243354797,45444
20250829_155711,-0.754744291305542,-1.7985142469406128,-0.18812952935695648,45492
20250829_155711,-0.7258301973342896,-1.75411856174469,-0.17916029691696167,45674
20250829_155711,-0.7158682942390442,-1.7231532335281372,-0.15907801687717438,45999
20250829_155711,-0.708268940448761,-1.831984043121338,-0.19068606197834015,45193
20250829_155711,-0.7846815586090088,-1.7669628858566284,-0.18672232329845428,45622
20250829_155711,-0.7947754859924316,-1.7258248329162598,-0.1444648951292038,45353
20250829_155711,-0.7352186441421509,-1.8770419359207153,-0.18763522803783417,45350
20250829_155711,-0.7289647459983826,-1.758513331413269,-0.179975688457489,45415
20250829_155711,-0.7017519474029541,-1.6935944557189941,-0.19478771090507507,46035
20250829_155711,-0.6969749927520752,-1.7659986019134521,-0.202403262257576,45624
20250829_155711,-0.7288423180580139,-1.7772291898727417,-0.2027055323123932,45549
20250829_155711,-0.8028022050857544,-1.7519782781600952,-0.15980610251426697,45422
20250829_155711,-0.7674834728240967,-1.8601253032684326,-0.1955227553844452,45211
20250829_155711,-0.7388920187950134,-1.7677726745605469,-0.1859925091266632,45503
20250829_155711,-0.729167640209198,-1.6731300354003906,-0.18232712149620056,45883
20250829_155711,-0.6572949290275574,-1.827300786972046,-0.1806972324848175,45544
20250829_155711,-0.7016464471817017,-1.7117515802383423,-0.15336796641349792,55000
20250829_155711,-0.753081738948822,-1.7311757802963257,-0.13289238512516022,45531
20250829_155711,-0.7780502438545227,-1.8309028148651123,-0.17541538178920746,42000
20250829_155711,-0.7406832575798035,-1.7845712900161743,-0.13898912072181702,45376
20250829_155711,-0.7200472354888916,-1.8006917238235474,-0.12345808744430542,45411
20250829_155711,-0.6739872694015503,-1.6582053899765015,-0.14379115402698517,55000
20250829_155711,-0.6842021942138672,-1.740431308746338,-0.15155822038650513,45530
20250829_155711,-0.7141749262809753,-1.7668712139129639,-0.1400437355041504,45530
20250829_155711,-0.7081754207611084,-1.7639819383621216,-0.1559031456708908,45530
20250829_155711,-0.7602386474609375,-1.7904980182647705,-0.14179641008377075,45530
20250829_155711,-0.7437511086463928,-1.765471339225769,-0.1401144415140152,45530
20250829_155711,-0.6868928670883179,-1.6952682733535767,-0.1745426058769226,45530
20250829_155711,-0.6564146280288696,-1.7292636632919312,-0.20754706859588623,45530
20250829_155711,-0.6838094592094421,-1.758057951927185,-0.20076505839824677,45530
20250829_155711,-0.7240180969238281,-1.744909644126892,-0.16904592514038086,45530
20250829_155711,-0.7253648638725281,-1.7754247188568115,-0.16180478036403656,45530
20250829_155711,-0.733982264995575,-1.7583221197128296,-0.15924949944019318,45530
20250829_155711,-0.7059707045555115,-1.7506359815597534,-0.1541500836610794,42000
20250829_155711,-0.6614566445350647,-1.7229077816009521,-0.14731895923614502,45307
20250829_155711,-0.6972512602806091,-1.688957691192627,-0.1287107914686203,45573
20250829_155711,-0.6621620655059814,-1.7385516166687012,-0.15796050429344177,55000
20250829_155711,-0.7015676498413086,-1.766965627670288,-0.13470910489559174,42000
20250829_155711,-0.7012926340103149,-1.753614902496338,-0.12936809659004211,45042
20250829_155711,-0.7051001787185669,-1.7508398294448853,-0.12615738809108734,44853
20250829_155711,-0.7209103107452393,-1.7442195415496826,-0.13420018553733826,45130
20250829_155711,-0.6705796718597412,-1.7193834781646729,-0.1139124408364296,45149
20250829_155711,-0.6705707311630249,-1.6828521490097046,-0.07766006141901016,45541
20250829_155711,-0.6684809923171997,-1.7384636402130127,-0.09090308845043182,45060
20250829_155711,-0.6818578839302063,-1.7357357740402222,-0.09467672556638718,45124
20250829_155711,-0.6989290714263916,-1.7142583131790161,-0.10750389844179153,45112
20250829_155711,-0.6970377564430237,-1.7437463998794556,-0.09738891571760178,45026
20250829_155711,-0.6772949695587158,-1.744536280632019,-0.08933798968791962,44927
20250829_155711,-0.664059579372406,-1.7165815830230713,-0.08685299754142761,45012
20250829_155711,-0.6706880331039429,-1.7336604595184326,-0.07975776493549347,45288
20250829_155711,-0.6526662707328796,-1.7502973079681396,-0.08392924070358276,45066
20250829_155711,-0.6660767197608948,-1.6881473064422607,-0.0774526447057724,45286
20250829_155711,-0.6944003701210022,-1.7697646617889404,-0.0613786019384861,44662
20250829_155711,-0.7036352753639221,-1.7233643531799316,-0.076738141477108,45172
20250829_155711,-0.6527785062789917,-1.6450051069259644,-0.08529458194971085,45400
20250829_155711,-0.6809442043304443,-1.7385668754577637,-0.0871918797492981,45127
20250829_155711,-0.6529163122177124,-1.765236496925354,-0.08425819128751755,45249
20250829_155711,-0.6723576784133911,-1.7253072261810303,-0.07798085361719131,45096
20250829_155711,-0.621737003326416,-1.750273585319519,-0.05318344384431839,44956
20250829_155711,-0.6781153678894043,-1.6973164081573486,-0.03866942971944809,45211
20250829_155711,-0.6465047001838684,-1.7591164112091064,-0.04001372307538986,44871
20250829_155711,-0.6638759970664978,-1.6942439079284668,-0.04544283449649811,45113
20250829_155711,-0.6882562637329102,-1.6769286394119263,-0.036304570734500885,45360
20250829_155711,-0.6211451292037964,-1.7264018058776855,-0.020404325798153877,45259
20250829_155711,-0.6012164354324341,-1.736754298210144,-0.03723136708140373,45191
20250829_155711,-0.6088131666183472,-1.7275229692459106,-0.03536783531308174,45120
20250829_155711,-0.6756935715675354,-1.7145428657531738,-0.030115604400634766,45175
20250829_155711,-0.6582958102226257,-1.7490142583847046,-0.016217954456806183,44896
20250829_155711,-0.6843145489692688,-1.7357149124145508,0.004872863180935383,45025
20250829_155711,-0.6678875684738159,-1.7029500007629395,0.0050863889046013355,45088
20250829_155711,-0.6156486868858337,-1.6656181812286377,-0.023083476349711418,45459
20250829_155711,-0.5705068111419678,-1.7207096815109253,-0.015275995247066021,45240
20250829_155711,-0.6415683627128601,-1.6840858459472656,-0.012887515127658844,45430
20250829_155711,-0.6660022139549255,-1.7287241220474243,-0.01474662683904171,45187
20250829_155711,-0.6745138168334961,-1.7390512228012085,-0.016816433519124985,44948
20250829_155711,-0.6451318264007568,-1.7179549932479858,-0.010777034796774387,45095
20250829_155711,-0.6164399981498718,-1.692728877067566,0.018849315121769905,45093
20250829_155711,-0.6343377232551575,-1.6589977741241455,0.01850087195634842,45578
20250829_155711,-0.5935878753662109,-1.6831228733062744,0.03406381234526634,45421
20250829_155711,-0.6216369271278381,-1.7010141611099243,0.026069400832057,45266
20250829_155711,-0.6661253571510315,-1.7314374446868896,0.02426418475806713,45147
20250829_155711,-0.6359339952468872,-1.7075567245483398,0.012851356528699398,45142
20250829_155711,-0.6539855599403381,-1.7050024271011353,0.0162762813270092,45171
20250829_155711,-0.6342326402664185,-1.6947189569473267,0.01830984465777874,45327
20250829_155711,-0.5886330008506775,-1.6575958728790283,0.023226020857691765,45388
20250829_155711,-0.5809170603752136,-1.712913990020752,0.01667989045381546,45006
20250829_155712,-0.6361979246139526,-1.6659204959869385,0.023057444021105766,45588
20250829_155712,-0.6467134356498718,-1.709533929824829,0.02706536464393139,45127
20250829_155712,-0.6233890652656555,-1.7260193824768066,0.03459055349230766,45080
20250829_155712,-0.6171988844871521,-1.631295084953308,0.006885299924761057,45785
20250829_155712,-0.6391638517379761,-1.6948515176773071,0.02414792589843273,45101
20250829_155712,-0.5571255087852478,-1.6647388935089111,0.009379815310239792,45706
20250829_155712,-0.5724757313728333,-1.7089327573776245,0.044132787734270096,45065
20250829_155712,-0.6153492331504822,-1.7124630212783813,0.06089643016457558,44946
20250829_155712,-0.6529287099838257,-1.635049819946289,0.060878463089466095,45360
20250829_155712,-0.6506001353263855,-1.7078375816345215,0.05981414020061493,45448
20250829_155712,-0.5818586945533752,-1.6513289213180542,0.02339348755776882,45284
20250829_155712,-0.604953944683075,-1.6729763746261597,0.04326573759317398,45249
20250829_155712,-0.6067535281181335,-1.6695735454559326,0.058333273977041245,45308
20250829_155712,-0.5960415005683899,-1.7034467458724976,0.07952713966369629,45184
20250829_155712,-0.6059730052947998,-1.6812933683395386,0.08682809770107269,45331
20250829_155712,-0.593924343585968,-1.644300937652588,0.06464050710201263,45383
20250829_155712,-0.5738294124603271,-1.6652915477752686,0.056729577481746674,45292
20250829_155712,-0.6326525807380676,-1.6368005275726318,0.051084116101264954,45461
20250829_155712,-0.5605420470237732,-1.6716593503952026,0.07821761816740036,45393
20250829_155712,-0.5709367394447327,-1.6645337343215942,0.10446490347385406,45384
20250829_155712,-0.5539700984954834,-1.6785166263580322,0.10069456696510315,45291
20250829_155712,-0.5611518025398254,-1.6616953611373901,0.09056637436151505,45585
20250829_155712,-0.6260850429534912,-1.667174220085144,0.08664416521787643,45273
20250829_155712,-0.642461359500885,-1.592671275138855,0.09700416773557663,45221
20250829_155712,-0.6078771352767944,-1.6846952438354492,0.09681925922632217,45158
20250829_155712,-0.5826241374015808,-1.6984522342681885,0.14472435414791107,45240
20250829_155712,-0.4698786437511444,-1.5068385601043701,0.08809614181518555,46450
20250829_155712,-0.5866004824638367,-1.7012381553649902,0.13865071535110474,45176
20250829_155712,-0.586685299873352,-1.636375069618225,0.1436646282672882,45307
20250829_155712,-0.62760990858078,-1.6836333274841309,0.11804492771625519,44978
20250829_155712,-0.5718875527381897,-1.6414865255355835,0.12412245571613312,45345
20250829_155712,-0.5454702973365784,-1.5896095037460327,0.09851933270692825,45781
20250829_155712,-0.5664861798286438,-1.6375240087509155,0.10763151943683624,45439
20250829_155712,-0.4886325001716614,-1.6816434860229492,0.13724881410598755,45520
20250829_155712,-0.582390308380127,-1.6459178924560547,0.16238214075565338,45306
20250829_155712,-0.5571719408035278,-1.6444271802902222,0.15219230949878693,45333
20250829_155712,-0.6141228675842285,-1.6545727252960205,0.15261884033679962,45047
20250829_155712,-0.5277684926986694,-1.586190104484558,0.09654681384563446,45711
20250829_155712,-0.5011064410209656,-1.6117937564849854,0.10530519485473633,45535
20250829_155712,-0.4996947646141052,-1.6309382915496826,0.15513651072978973,45478
20250829_155712,-0.5104433298110962,-1.6203793287277222,0.14946062862873077,45555
20250829_155712,-0.5729371309280396,-1.6268025636672974,0.13693103194236755,45285
20250829_155712,-0.5779279470443726,-1.6237069368362427,0.13635940849781036,45398
20250829_155712,-0.5462862253189087,-1.6200945377349854,0.13429997861385345,45355
20250829_155712,-0.5046504139900208,-1.63145911693573,0.14435410499572754,45408
20250829_155712,-0.49499985575675964,-1.548663854598999,0.1471974402666092,45935
20250829_155712,-0.4814416766166687,-1.6135246753692627,0.1514796018600464,45547
20250829_155712,-0.5087900757789612,-1.6793514490127563,0.15309321880340576,45249
20250829_155712,-0.48408544063568115,-1.6109474897384644,0.12032758444547653,45466
20250829_155712,-0.5353761315345764,-1.6150087118148804,0.11908944696187973,45363
20250829_155712,-0.522821307182312,-1.6267929077148438,0.12612561881542206,45463
20250829_155712,-0.4972233176231384,-1.6045135259628296,0.13874900341033936,45519
20250829_155712,-0.4773266613483429,-1.6107233762741089,0.15503554046154022,45525
20250829_155712,-0.5029332637786865,-1.6196908950805664,0.15810029208660126,45594
20250829_155712,-0.47953829169273376,-1.6017346382141113,0.15469154715538025,45513
20250829_155712,-0.480338454246521,-1.6131722927093506,0.11952243000268936,45432
20250829_155712,-0.5317189693450928,-1.6088835000991821,0.1162770614027977,45397
20250829_155712,-0.5098357796669006,-1.621983289718628,0.14558802545070648,45343
20250829_155712,-0.45965784788131714,-1.5914446115493774,0.15134461224079132,55000
20250829_155712,-0.4761045277118683,-1.5884803533554077,0.1398478001356125,45479
20250829_155712,-0.48571139574050903,-1.611681342124939,0.1527765989303589,45479
20250829_155712,-0.5072351694107056,-1.6131364107131958,0.14222832024097443,45479
20250829_155712,-0.5060217380523682,-1.6052918434143066,0.12519720196723938,45479
20250829_155712,-0.44170355796813965,-1.5864078998565674,0.10021638870239258,45479
20250829_155712,-0.39289188385009766,-1.6074858903884888,0.16970284283161163,45479
20250829_155712,-0.47043755650520325,-1.610397458076477,0.17680303752422333,45479
20250829_155712,-0.48461902141571045,-1.6234323978424072,0.17136718332767487,45479
20250829_155712,-0.5470834374427795,-1.615822672843933,0.1223609521985054,45479
20250829_155712,-0.3646622598171234,-1.583263874053955,0.16272513568401337,45479
20250829_155712,-0.44933876395225525,-1.5982210636138916,0.15165457129478455,45479
20250829_155712,-0.505214273929596,-1.6024374961853027,0.15352590382099152,45479
20250829_155712,-0.5365991592407227,-1.6237114667892456,0.10469095408916473,45479
20250829_155712,-0.3520493805408478,-1.5344183444976807,0.141403466463089,45479
20250829_155712,-0.47579842805862427,-1.5960743427276611,0.12776699662208557,45479
20250829_155712,-0.45467543601989746,-1.6362454891204834,0.130915105342865,45479
20250829_155712,-0.4953155815601349,-1.605002999305725,0.11005318909883499,45479
20250829_155712,-0.46221235394477844,-1.5915188789367676,0.1125112995505333,45479
20250829_155712,-0.4403350353240967,-1.5591933727264404,0.12706905603408813,45479
20250829_155712,-0.4440998435020447,-1.578530192375183,0.13104192912578583,45479
20250829_155712,-0.44229578971862793,-1.5971729755401611,0.11853718012571335,45479
20250829_155712,-0.4919935464859009,-1.6280509233474731,0.09938625246286392,45479
20250829_155712,-0.4315154254436493,-1.5893696546554565,0.10130878537893295,45479
20250829_155712,-0.4205094277858734,-1.6181200742721558,0.13122506439685822,45479
20250829_155712,-0.4191461205482483,-1.5541770458221436,0.11154952645301819,45479
20250829_155712,-0.47119802236557007,-1.6285005807876587,0.12789033353328705,45479
20250829_155712,-0.4856540858745575,-1.6071832180023193,0.10685423761606216,45479
20250829_155712,-0.46474266052246094,-1.5545603036880493,0.11465030163526535,45479
20250829_155712,-0.4451660215854645,-1.627953052520752,0.11315129697322845,45479
20250829_155712,-0.4489368200302124,-1.6139159202575684,0.1414678990840912,45479
20250829_155712,-0.46426355838775635,-1.5971206426620483,0.14519044756889343,45479
20250829_155712,-0.45172375440597534,-1.5316826105117798,0.12288624048233032,45479
20250829_155712,-0.47058871388435364,-1.5850608348846436,0.08753307163715363,45479
20250829_155712,-0.43577730655670166,-1.6163382530212402,0.09739553183317184,45479
20250829_155712,-0.41918042302131653,-1.5986590385437012,0.14297448098659515,45479
20250829_155712,-0.4774041771888733,-1.602343201637268,0.14580810070037842,45479
20250829_155712,-0.43293142318725586,-1.538132905960083,0.10652617365121841,45479
20250829_155712,-0.4596908390522003,-1.5926833152770996,0.10579460114240646,45479
20250829_155712,-0.4840477705001831,-1.584884524345398,0.07538485527038574,45479
20250829_155712,-0.40944984555244446,-1.5802435874938965,0.06569211184978485,45479
20250829_155712,-0.45174452662467957,-1.6060391664505005,0.06409125030040741,45479
20250829_155713,-0.40444692969322205,-1.6072942018508911,0.08262205868959427,45479
20250829_155713,-0.46558496356010437,-1.586082100868225,0.05549024045467377,45479
20250829_155713,-0.40344634652137756,-1.5841081142425537,0.08770044893026352,45479
20250829_155713,-0.4173632264137268,-1.5936516523361206,0.11409376561641693,45479
20250829_155713,-0.48011448979377747,-1.603522777557373,0.08897483348846436,45479
20250829_155713,-0.39026105403900146,-1.564987063407898,0.07342221587896347,45479
20250829_155713,-0.43334516882896423,-1.6041433811187744,0.07209114730358124,45479
20250829_155713,-0.44651350378990173,-1.588667392730713,0.06932248920202255,45479
20250829_155713,-0.4239642918109894,-1.5836820602416992,0.06471065431833267,45479
20250829_155713,-0.449168860912323,-1.5833510160446167,0.06100897118449211,45479
20250829_155713,-0.42767786979675293,-1.5889718532562256,0.051128074526786804,45479
20250829_155713,-0.4465296268463135,-1.5989774465560913,0.053245339542627335,45479
20250829_155713,-0.362760990858078,-1.598461627960205,0.058722060173749924,45479
20250829_155713,-0.4044353663921356,-1.5799717903137207,0.055464424192905426,45479
20250829_155713,-0.430677592754364,-1.5905495882034302,0.025691675022244453,45479
20250829_155713,-0.4464608430862427,-1.5990211963653564,0.02497284673154354,45479
20250829_155713,-0.42428576946258545,-1.6032072305679321,0.03444613516330719,45479
20250829_155713,-0.43457862734794617,-1.6032789945602417,0.03260383382439613,45479
20250829_155713,-0.3751278519630432,-1.568825602531433,-0.0016629894962534308,45479
20250829_155713,-0.3975016474723816,-1.604640007019043,0.0035391219425946474,45479
20250829_155713,-0.4057334065437317,-1.5927889347076416,0.01109215896576643,45479
20250829_155713,-0.4327523708343506,-1.6003849506378174,-0.0029124843422323465,45479
20250829_155713,-0.43950793147087097,-1.589616060256958,0.0031566321849823,45479
20250829_155713,-0.43344563245773315,-1.59892737865448,0.001539234071969986,45479
20250829_155713,-0.3863469660282135,-1.5961931943893433,0.016813967376947403,42000
20250829_155713,-0.3607339859008789,-1.5611246824264526,-0.0028207506984472275,55000
20250829_155713,-0.4290270209312439,-1.6005715131759644,0.003664811374619603,45479
20250829_155713,-0.4208311438560486,-1.5958075523376465,0.0023392122238874435,42000
20250829_155713,-0.4049440920352936,-1.5862396955490112,-0.0026728122029453516,45234
20250829_155713,-0.4220699965953827,-1.6038089990615845,-0.009212723933160305,45216
20250829_155713,-0.4326701760292053,-1.6307109594345093,-0.00900786928832531,45132
20250829_155713,-0.4217141270637512,-1.5945936441421509,-0.016928857192397118,45236
20250829_155713,-0.3237956762313843,-1.5224350690841675,-0.031742289662361145,45540
20250829_155713,-0.40032750368118286,-1.6382862329483032,-0.024102916941046715,45133
20250829_155713,-0.387315571308136,-1.5780839920043945,-0.013957683928310871,45229
20250829_155713,-0.42796534299850464,-1.5990209579467773,-0.01288725808262825,45219
20250829_155713,-0.3843939006328583,-1.6007052659988403,0.019038695842027664,45437
20250829_155713,-0.46511751413345337,-1.6028242111206055,-0.017677271738648415,44976
20250829_155713,-0.42752087116241455,-1.5935308933258057,-0.015195737592875957,45208
20250829_155713,-0.37074628472328186,-1.6074295043945312,-0.04059811681509018,45202
20250829_155713,-0.4245818555355072,-1.603188395500183,-0.026083335280418396,45202
20250829_155713,-0.4200179874897003,-1.610785961151123,-0.021031947806477547,45259
20250829_155713,-0.42337822914123535,-1.596678376197815,-0.023297077044844627,45233
20250829_155713,-0.37394246459007263,-1.5991774797439575,0.029772210866212845,45314
20250829_155713,-0.4741098880767822,-1.6115715503692627,-0.0038114541675895452,44976
20250829_155713,-0.43586114048957825,-1.575701117515564,-0.0019612957257777452,45276
20250829_155713,-0.4220624566078186,-1.603623867034912,0.0007395473076030612,45185
20250829_155713,-0.37945741415023804,-1.5917707681655884,-0.021036269143223763,45345
20250829_155713,-0.3791641891002655,-1.5681816339492798,0.05450247973203659,45572
20250829_155713,-0.425446480512619,-1.613265037536621,0.061846114695072174,45265
20250829_155713,-0.4383186101913452,-1.6386877298355103,0.06071299687027931,45094
20250829_155713,-0.45617929100990295,-1.6424928903579712,-0.011160247027873993,44883
20250829_155713,-0.4108959436416626,-1.610569715499878,0.030229292809963226,45326
20250829_155713,-0.4557773470878601,-1.5921661853790283,-0.012823025695979595,45079
20250829_155713,-0.38846057653427124,-1.6095010042190552,0.04955388605594635,45307
20250829_155713,-0.44152045249938965,-1.607225775718689,-0.0040849619545042515,45002
20250829_155713,-0.43661800026893616,-1.6051013469696045,0.012457014061510563,45221
20250829_155713,-0.44718819856643677,-1.6250135898590088,0.009526441805064678,45182
20250829_155713,-0.4004717767238617,-1.5818957090377808,0.07840856164693832,45566
20250829_155713,-0.48412343859672546,-1.635190486907959,0.006662814877927303,44864
20250829_155713,-0.4402428865432739,-1.6402349472045898,0.006964090745896101,45027
20250829_155713,-0.45724278688430786,-1.6044809818267822,-0.0018690129509195685,45174
20250829_155713,-0.4633868932723999,-1.6022201776504517,0.004172082059085369,45183
20250829_155713,-0.43927693367004395,-1.5836396217346191,0.012317092157900333,45323
20250829_155713,-0.4082914888858795,-1.5688430070877075,0.06765932589769363,45581
20250829_155713,-0.4185423254966736,-1.625464677810669,0.08375664800405502,45142
20250829_155713,-0.4772920310497284,-1.6333893537521362,0.11524280160665512,45051
20250829_155713,-0.4858343303203583,-1.6470569372177124,0.05999891087412834,44828
20250829_155713,-0.39736729860305786,-1.6202116012573242,0.1313055157661438,45390
20250829_155713,-0.4696413278579712,-1.6173001527786255,0.13600647449493408,45218
20250829_155713,-0.4803830683231354,-1.662635326385498,0.06796717643737793,44890
20250829_155713,-0.43316650390625,-1.6000210046768188,0.12900401651859283,45516
20250829_155713,-0.46170487999916077,-1.6321380138397217,0.13503092527389526,45197
20250829_155713,-0.4254939556121826,-1.5541244745254517,0.10086231678724289,45580
20250829_155713,-0.5063310861587524,-1.6430710554122925,0.03991304337978363,44869
20250829_155713,-0.4704917073249817,-1.6289371252059937,0.05424816161394119,45214
20250829_155713,-0.4627242982387543,-1.5928603410720825,0.12281737476587296,45581
20250829_155713,-0.4763416051864624,-1.6440038681030273,0.12190602719783783,45103
20250829_155713,-0.47244811058044434,-1.6168899536132812,0.147517129778862,45148
20250829_155713,-0.5027276873588562,-1.6096301078796387,0.14715196192264557,45216
20250829_155713,-0.4957686960697174,-1.6393495798110962,0.07931187003850937,44843
20250829_155713,-0.4921252429485321,-1.6192338466644287,0.08596054464578629,45165
20250829_155713,-0.44440582394599915,-1.5921367406845093,0.1628623902797699,45522
20250829_155713,-0.48166555166244507,-1.572938323020935,0.13282987475395203,45470
20250829_155713,-0.46069785952568054,-1.6522635221481323,0.14556783437728882,45131
20250829_155713,-0.4865345060825348,-1.5905814170837402,0.14339064061641693,45363
20250829_155713,-0.48290690779685974,-1.6314985752105713,0.14854192733764648,45247
20250829_155713,-0.4846478998661041,-1.6540907621383667,0.15356343984603882,45084
20250829_155713,-0.47719937562942505,-1.6357935667037964,0.1487349420785904,45246
20250829_155713,-0.5285840630531311,-1.616292953491211,0.15276731550693512,45248
20250829_155713,-0.5105910301208496,-1.632814884185791,0.16041365265846252,45254
20250829_155713,-0.5245772004127502,-1.602434754371643,0.15426525473594666,45346
20250829_155713,-0.547613799571991,-1.6576093435287476,0.09118983894586563,44907
20250829_155713,-0.5218866467475891,-1.62283456325531,0.09545055031776428,45248
20250829_155713,-0.5247443914413452,-1.6210708618164062,0.10369866341352463,45197
20250829_155713,-0.4942849278450012,-1.6242613792419434,0.10874603688716888,45256
20250829_155713,-0.46931329369544983,-1.5746676921844482,0.15755942463874817,45651
20250829_155713,-0.5162600874900818,-1.6351561546325684,0.18009619414806366,45050
20250829_155713,-0.5433036684989929,-1.6638635396957397,0.10994744300842285,44826
20250829_155713,-0.516147792339325,-1.6171072721481323,0.11496675759553909,45195
20250829_155714,-0.514285147190094,-1.6212080717086792,0.12288440763950348,45213
20250829_155714,-0.512516975402832,-1.627197504043579,0.11424915492534637,45221
20250829_155714,-0.5219820737838745,-1.6274231672286987,0.11148767173290253,45240
20250829_155714,-0.5331624746322632,-1.6364099979400635,0.10769319534301758,45259
20250829_155714,-0.5310500860214233,-1.62678062915802,0.10667199641466141,45219
20250829_155714,-0.5115870237350464,-1.6327730417251587,0.09798814356327057,45174
20250829_155714,-0.5448176860809326,-1.6286383867263794,0.09224974364042282,45237
20250829_155714,-0.5439225435256958,-1.62498939037323,0.09379183501005173,45269
20250829_155714,-0.531215488910675,-1.6563023328781128,0.10107813775539398,45066
20250829_155714,-0.551382839679718,-1.6453654766082764,0.12379096448421478,45153
20250829_155714,-0.5630921125411987,-1.570650339126587,0.12346196919679642,45493
20250829_155714,-0.5451846718788147,-1.6214345693588257,0.11568666994571686,45238
20250829_155714,-0.5341511368751526,-1.6347180604934692,0.10971129685640335,45156
20250829_155714,-0.5497850775718689,-1.6237210035324097,0.114784836769104,45171
20250829_155714,-0.5536168217658997,-1.621888279914856,0.11518391221761703,45212
20250829_155714,-0.5468989014625549,-1.6303918361663818,0.12293292582035065,45208
20250829_155714,-0.5534718632698059,-1.625655174255371,0.12428528815507889,45209
20250829_155714,-0.5633370876312256,-1.6196635961532593,0.1230681836605072,45235
20250829_155714,-0.5444492697715759,-1.6217869520187378,0.1301017850637436,45227
20250829_155714,-0.5499169230461121,-1.6563541889190674,0.1455564945936203,45098
20250829_155714,-0.5332126021385193,-1.6141445636749268,0.16170541942119598,45124
20250829_155714,-0.5682554841041565,-1.591112732887268,0.1666681170463562,45310
20250829_155714,-0.5246140360832214,-1.6290841102600098,0.2074299305677414,45471
20250829_155714,-0.5690664052963257,-1.6056321859359741,0.24340488016605377,45316
20250829_155714,-0.564246416091919,-1.6527867317199707,0.21253570914268494,45156
20250829_155714,-0.6080788373947144,-1.6315951347351074,0.17156866192817688,44967
20250829_155714,-0.5669428706169128,-1.6282145977020264,0.1684173196554184,45215
20250829_155714,-0.5901719331741333,-1.6393661499023438,0.16144604980945587,45097
20250829_155714,-0.5662097930908203,-1.6448144912719727,0.14978422224521637,45243
20250829_155714,-0.5562993288040161,-1.6165223121643066,0.18091942369937897,45425
20250829_155714,-0.6102842688560486,-1.6233389377593994,0.1450945883989334,45030
20250829_155714,-0.5756063461303711,-1.6073867082595825,0.14095841348171234,45306
20250829_155714,-0.545011579990387,-1.6235361099243164,0.17497941851615906,45463
20250829_155714,-0.5973061919212341,-1.596196174621582,0.17724379897117615,45247
20250829_155714,-0.5958191752433777,-1.6056320667266846,0.1204034760594368,45127
20250829_155714,-0.5653850436210632,-1.6249839067459106,0.11720793694257736,45205
20250829_155714,-0.5416182279586792,-1.601142168045044,0.173650324344635,45550
20250829_155714,-0.6231340169906616,-1.6533349752426147,0.10163192451000214,44922
20250829_155714,-0.542933464050293,-1.6056416034698486,0.15751856565475464,45604
20250829_155714,-0.587459921836853,-1.6490734815597534,0.12356879562139511,45138
20250829_155714,-0.5871269702911377,-1.6233208179473877,0.12048681080341339,45203
20250829_155714,-0.5910550355911255,-1.6091524362564087,0.11506550759077072,45255
20250829_155714,-0.6010264158248901,-1.5972739458084106,0.15039131045341492,45333
20250829_155714,-0.6096400022506714,-1.6830099821090698,0.1739121377468109,45020
20250829_155714,-0.6090424060821533,-1.624617099761963,0.1808924525976181,45270
20250829_155714,-0.5954205989837646,-1.6558457612991333,0.14135430753231049,45141
20250829_155714,-0.6054850220680237,-1.6225377321243286,0.1326274424791336,45212
20250829_155714,-0.5960227251052856,-1.622639536857605,0.12468556314706802,45259
20250829_155714,-0.601024866104126,-1.6024866104125977,0.15671426057815552,45364
20250829_155714,-0.5930108428001404,-1.6506725549697876,0.11905699968338013,45150
20250829_155714,-0.5997239947319031,-1.6390407085418701,0.11775979399681091,45255
20250829_155714,-0.5926663279533386,-1.6039336919784546,0.14187808334827423,45362
20250829_155714,-0.6022550463676453,-1.6156049966812134,0.13621005415916443,45230
20250829_155714,-0.5902388095855713,-1.6547507047653198,0.09741410613059998,45170
20250829_155714,-0.6427918672561646,-1.6121189594268799,0.059736985713243484,45015
20250829_155714,-0.5609118938446045,-1.5956391096115112,0.1305219978094101,45626
20250829_155714,-0.6154868602752686,-1.6206645965576172,0.12535037100315094,45275
20250829_155714,-0.6057870984077454,-1.6428132057189941,0.08970600366592407,45140
20250829_155714,-0.6227403283119202,-1.6038075685501099,0.08551915735006332,45227
20250829_155714,-0.637198805809021,-1.6340208053588867,0.0474545918405056,45069
20250829_155714,-0.6213333606719971,-1.6189264059066772,0.041270557790994644,45256
20250829_155714,-0.6095064878463745,-1.621867299079895,0.043335601687431335,45269
20250829_155714,-0.5692865252494812,-1.6022734642028809,0.11614836752414703,45596
20250829_155714,-0.607492983341217,-1.6664386987686157,0.07903529703617096,45152
20250829_155714,-0.6091146469116211,-1.6300057172775269,0.08259273320436478,45275
20250829_155714,-0.6124013066291809,-1.6065218448638916,0.11759643256664276,45444
20250829_155714,-0.6271120309829712,-1.6206116676330566,0.12019780278205872,45281
20250829_155714,-0.5608224868774414,-1.639426350593567,0.08105102181434631,45459
20250829_155714,-0.6268017888069153,-1.5934141874313354,0.11078933626413345,45451
20250829_155714,-0.6570385694503784,-1.664587378501892,0.06477078795433044,44938
20250829_155714,-0.6333416700363159,-1.590536117553711,0.06454342603683472,45455
20250829_155714,-0.6301764249801636,-1.6223313808441162,0.06578996032476425,45300
20250829_155714,-0.6630671620368958,-1.613460898399353,0.040438245981931686,45089
20250829_155714,-0.5911076068878174,-1.616394281387329,0.07797814905643463,45532
20250829_155714,-0.6238852739334106,-1.6278380155563354,0.07129473984241486,45276
20250829_155714,-0.6655227541923523,-1.6614798307418823,0.045191824436187744,44959
20250829_155714,-0.6108205914497375,-1.6511940956115723,0.09759171307086945,45420
20250829_155714,-0.6220266819000244,-1.6300222873687744,0.09847182780504227,45277
20250829_155714,-0.6293623447418213,-1.6175528764724731,0.13905808329582214,45434
20250829_155714,-0.6177298426628113,-1.6586213111877441,0.10592968761920929,45197
20250829_155714,-0.6419454216957092,-1.6329256296157837,0.1116071417927742,45313
20250829_155714,-0.6333885192871094,-1.6059002876281738,0.14661195874214172,45438
20250829_155714,-0.6319296956062317,-1.6281511783599854,0.14086905121803284,45346
20250829_155714,-0.6360682249069214,-1.6624752283096313,0.10997650027275085,45209
20250829_155714,-0.626251220703125,-1.6303229331970215,0.1144222542643547,45318
20250829_155714,-0.6548303961753845,-1.623659610748291,0.11841496080160141,45300
20250829_155714,-0.6359851360321045,-1.6357719898223877,0.11997494846582413,45304
20250829_155714,-0.6496735215187073,-1.6282405853271484,0.12059976160526276,45263
20250829_155714,-0.6412272453308105,-1.6154853105545044,0.1523498147726059,45439
20250829_155714,-0.66165691614151,-1.6256303787231445,0.1576145589351654,45349
20250829_155714,-0.6423711180686951,-1.6512857675552368,0.15866097807884216,45286
20250829_155714,-0.6465149521827698,-1.6270272731781006,0.16638021171092987,45276
20250829_155714,-0.6557537913322449,-1.649898648262024,0.17271342873573303,45300
20250829_155714,-0.6475327014923096,-1.6403270959854126,0.1742480844259262,45300
20250829_155714,-0.6456061005592346,-1.6357831954956055,0.176661878824234,45296
20250829_155714,-0.661753237247467,-1.6297343969345093,0.1753896325826645,45285
20250829_155714,-0.6403186917304993,-1.6780836582183838,0.13793747127056122,45234
20250829_155714,-0.6124472618103027,-1.6343860626220703,0.1383189857006073,45495
20250829_155714,-0.6846408843994141,-1.6627051830291748,0.1397743672132492,44954
20250829_155714,-0.6529461145401001,-1.6340793371200562,0.15063215792179108,45277
20250829_155715,-0.6439663171768188,-1.639242172241211,0.15039631724357605,45242
20250829_155715,-0.6507514715194702,-1.6101841926574707,0.18077749013900757,45429
20250829_155715,-0.6784530282020569,-1.6319258213043213,0.18974442780017853,45316
20250829_155715,-0.6537367105484009,-1.6419446468353271,0.18611544370651245,45288
20250829_155715,-0.6721312999725342,-1.6739895343780518,0.22200506925582886,45125
20250829_155715,-0.6849534511566162,-1.6816154718399048,0.15993021428585052,44919
20250829_155715,-0.6287456750869751,-1.6317533254623413,0.1982746124267578,45506
20250829_155715,-0.653208315372467,-1.641258955001831,0.19558584690093994,45287
20250829_155715,-0.6688131093978882,-1.6367003917694092,0.202564999461174,45354
20250829_155715,-0.6597538590431213,-1.6512030363082886,0.1972161829471588,45355
20250829_155715,-0.6666246652603149,-1.612405776977539,0.23350964486598969,45396
20250829_155715,-0.6628509759902954,-1.6291059255599976,0.23786620795726776,45302
20250829_155715,-0.69339519739151,-1.668158769607544,0.17555572092533112,44943
20250829_155715,-0.6541429758071899,-1.6363898515701294,0.17959056794643402,45334
20250829_155715,-0.6361472606658936,-1.606449007987976,0.2609573006629944,45657
20250829_155715,-0.6891234517097473,-1.674362301826477,0.2672159671783447,45358
20250829_155715,-0.6726251244544983,-1.653426170349121,0.2728479504585266,55000
20250829_155715,-0.6688941121101379,-1.6472264528274536,0.2802238464355469,45399
20250829_155715,-0.6138976216316223,-1.6494636535644531,0.2985957860946655,45399
20250829_155715,-0.6540660858154297,-1.6725945472717285,0.2737386226654053,45399
20250829_155715,-0.7274181842803955,-1.6663854122161865,0.25879621505737305,45399
20250829_155715,-0.6968108415603638,-1.6079641580581665,0.28969165682792664,45399
20250829_155715,-0.6922011375427246,-1.6488021612167358,0.27880555391311646,45399
20250829_155715,-0.705923318862915,-1.6428500413894653,0.29092884063720703,45399
20250829_155715,-0.6843450665473938,-1.6390671730041504,0.29200756549835205,45399
20250829_155715,-0.6851692795753479,-1.6275941133499146,0.2930425703525543,45399
20250829_155715,-0.6806398034095764,-1.6442126035690308,0.30494725704193115,45399
20250829_155715,-0.6868783235549927,-1.6583834886550903,0.27874991297721863,45399
20250829_155715,-0.7020615935325623,-1.6463959217071533,0.28857797384262085,45399
20250829_155715,-0.7235286235809326,-1.641699194908142,0.3366440534591675,45399
20250829_155715,-0.6799209713935852,-1.6672558784484863,0.3299284279346466,45399
20250829_155715,-0.6756501197814941,-1.638868808746338,0.3284483850002289,42000
20250829_155715,-0.6511603593826294,-1.6575844287872314,0.33242034912109375,45191
20250829_155715,-0.6696204543113708,-1.6365000009536743,0.34072205424308777,45155
20250829_155715,-0.6894285678863525,-1.6398732662200928,0.33049649000167847,45092
20250829_155715,-0.7331317067146301,-1.6949957609176636,0.3248211145401001,44767
20250829_155715,-0.6911219954490662,-1.643472671508789,0.32072558999061584,45097
20250829_155715,-0.6856557726860046,-1.6153199672698975,0.3449963927268982,45227
20250829_155715,-0.6903917193412781,-1.6614853143692017,0.361849844455719,45055
20250829_155715,-0.6537275314331055,-1.6701375246047974,0.3603200614452362,45166
20250829_155715,-0.6830819845199585,-1.6500898599624634,0.35334891080856323,45076
20250829_155715,-0.7022612690925598,-1.6432558298110962,0.3459441065788269,45048
20250829_155715,-0.7827917337417603,-1.7302244901657104,0.32261502742767334,44505
20250829_155715,-0.6613160371780396,-1.6376756429672241,0.3760920464992523,45205
20250829_155715,-0.6700665354728699,-1.617600679397583,0.4032670259475708,45264
20250829_155715,-0.6906665563583374,-1.6394425630569458,0.4169955551624298,45092
20250829_155715,-0.6629509329795837,-1.6511439085006714,0.41189196705818176,45178
20250829_155715,-0.6783339381217957,-1.6234484910964966,0.4002152681350708,45132
20250829_155715,-0.6634665131568909,-1.617133617401123,0.36135146021842957,45179
20250829_155715,-0.671915590763092,-1.6669195890426636,0.3495098054409027,45061
20250829_155715,-0.6825945973396301,-1.6579296588897705,0.31931111216545105,44974
20250829_155715,-0.6474034190177917,-1.633683681488037,0.3162030279636383,45168
20250829_155715,-0.6770636439323425,-1.6037431955337524,0.3599296510219574,45373
20250829_155715,-0.643856942653656,-1.673927903175354,0.36172863841056824,45006
20250829_155715,-0.6932237148284912,-1.5974504947662354,0.3493483364582062,45197
20250829_155715,-0.6673243641853333,-1.6779539585113525,0.34375038743019104,44952
20250829_155715,-0.6937152147293091,-1.6439486742019653,0.3486199975013733,44980
20250829_155715,-0.6998979449272156,-1.6112958192825317,0.26196354627609253,44967
20250829_155715,-0.6453061699867249,-1.785588264465332,0.3312084674835205,44838
20250829_155715,-0.6702496409416199,-1.6408251523971558,0.2892456650733948,44991
20250829_155715,-0.6192372441291809,-1.6093101501464844,0.3476930558681488,45477
20250829_155715,-0.6401157379150391,-1.6072410345077515,0.3170691430568695,45217
20250829_155715,-0.6752011179924011,-1.6351861953735352,0.30791619420051575,45087
20250829_155715,-0.6700381636619568,-1.6315187215805054,0.2977524995803833,45064
20250829_155715,-0.6406157612800598,-1.6370917558670044,0.3054806888103485,45169
20250829_155715,-0.6515473127365112,-1.6183234453201294,0.30153676867485046,45313
20250829_155715,-0.6066881418228149,-1.6691913604736328,0.2815341353416443,45083
20250829_155715,-0.6986044645309448,-1.6396034955978394,0.2116384655237198,45039
20250829_155715,-0.6138811111450195,-1.6279523372650146,0.259727418422699,45467
20250829_155715,-0.6670374274253845,-1.6917469501495361,0.20698773860931396,44891
20250829_155715,-0.649582028388977,-1.642507791519165,0.18890316784381866,45090
20250829_155715,-0.6614198684692383,-1.6190952062606812,0.18618842959403992,45285
20250829_155715,-0.6358721256256104,-1.6318432092666626,0.18140362203121185,45250
20250829_155715,-0.6158977150917053,-1.6624252796173096,0.18907447159290314,45284
20250829_155715,-0.6250572204589844,-1.651564121246338,0.1716919094324112,45058
20250829_155715,-0.6280874609947205,-1.6763378381729126,0.15631762146949768,44968
20250829_155715,-0.671691358089447,-1.6269887685775757,0.15143008530139923,45245
20250829_155715,-0.6530749797821045,-1.5980579853057861,0.17230048775672913,45283
20250829_155715,-0.6348806619644165,-1.6344186067581177,0.16551753878593445,45211
20250829_155715,-0.6168169975280762,-1.6596609354019165,0.14444217085838318,45267
20250829_155715,-0.6163580417633057,-1.6638383865356445,0.09832090884447098,45140
20250829_155715,-0.6297742128372192,-1.6231143474578857,0.08785425871610641,45198
20250829_155715,-0.6478575468063354,-1.6109775304794312,0.10579285025596619,45201
20250829_155715,-0.6415932178497314,-1.6542601585388184,0.06457000225782394,45022
20250829_155715,-0.6144946217536926,-1.6510897874832153,0.0549914576113224,45025
20250829_155715,-0.6308865547180176,-1.6384190320968628,0.053416699171066284,45448
20250829_155715,-0.6031281352043152,-1.6206156015396118,0.08088691532611847,45363
20250829_155715,-0.6425368785858154,-1.646820068359375,0.0882781594991684,45162
20250829_155715,-0.6269264221191406,-1.635831356048584,0.08039916306734085,45216
20250829_155715,-0.6277530789375305,-1.6590937376022339,0.046731382608413696,45046
20250829_155715,-0.620000422000885,-1.6706814765930176,0.012015978805720806,45168
20250829_155715,-0.6520701050758362,-1.6727144718170166,0.028074055910110474,44956
20250829_155715,-0.6181297898292542,-1.630622386932373,0.018234198912978172,45303
20250829_155715,-0.6171756386756897,-1.6281682252883911,0.00408174330368638,45211
20250829_155715,-0.6351857781410217,-1.625854730606079,0.0012813693610951304,45161
20250829_155715,-0.6392654776573181,-1.6246753931045532,-0.0072966692969202995,45240
20250829_155715,-0.6388344764709473,-1.5881980657577515,-0.011190823279321194,45308
20250829_155715,-0.6392502188682556,-1.6238702535629272,-0.008485053665935993,45222
20250829_155715,-0.6511338949203491,-1.6249287128448486,-0.023262547329068184,45237
20250829_155715,-0.6555265188217163,-1.5957635641098022,0.008273301646113396,45376
20250829_155716,-0.6336048245429993,-1.6337592601776123,0.005467657931149006,45288
20250829_155716,-0.6177030801773071,-1.6949092149734497,-0.04312244430184364,44957
20250829_155716,-0.6126627326011658,-1.6028289794921875,-0.04802432656288147,45401
20250829_155716,-0.6322521567344666,-1.6350780725479126,-0.0513591393828392,45111
20250829_155716,-0.6405562162399292,-1.5934163331985474,-0.021017208695411682,45366
20250829_155716,-0.6475135684013367,-1.6465201377868652,-0.07140722870826721,45097
20250829_155716,-0.6391558051109314,-1.5904361009597778,-0.0743548795580864,45365
20250829_155716,-0.6273241639137268,-1.6132638454437256,-0.07515496015548706,45189
20250829_155716,-0.6172780990600586,-1.6141860485076904,-0.08595354855060577,45283
20250829_155716,-0.6263661980628967,-1.59013831615448,-0.08452651649713516,45336
20250829_155716,-0.6303381323814392,-1.6119738817214966,-0.08045954257249832,45197
20250829_155716,-0.6449752449989319,-1.6026157140731812,-0.0846167802810669,45191
20250829_155716,-0.6383919715881348,-1.6254962682724,-0.09806779026985168,45099
20250829_155716,-0.6529098153114319,-1.6015971899032593,-0.09885020554065704,45277
20250829_155716,-0.6397956013679504,-1.5776405334472656,-0.12454090267419815,45378
20250829_155716,-0.6551550030708313,-1.6040288209915161,-0.12463415414094925,45180
20250829_155716,-0.6428501009941101,-1.5960274934768677,-0.11891433596611023,45289
20250829_155716,-0.6342967748641968,-1.600790023803711,-0.11467448621988297,45114
20250829_155716,-0.6530298590660095,-1.5638296604156494,-0.13577206432819366,45311
20250829_155716,-0.6603671908378601,-1.5797107219696045,-0.13902443647384644,45250
20250829_155716,-0.6580750346183777,-1.5799480676651,-0.14431697130203247,45252
20250829_155716,-0.6369820833206177,-1.5709480047225952,-0.1400061398744583,45270
20250829_155716,-0.6616443395614624,-1.6338790655136108,-0.09190286695957184,44902
20250829_155716,-0.6418614387512207,-1.5611189603805542,-0.08919654041528702,45245
20250829_155716,-0.624639630317688,-1.5759779214859009,-0.09132647514343262,45211
20250829_155716,-0.6545690894126892,-1.567091941833496,-0.091396763920784,45185
20250829_155716,-0.6502879858016968,-1.5698295831680298,-0.09443080425262451,45232
20250829_155716,-0.654508113861084,-1.5543659925460815,-0.09578587114810944,45236
20250829_155716,-0.6320388913154602,-1.5512303113937378,-0.04569946974515915,45333
20250829_155716,-0.6250074505805969,-1.5418633222579956,-0.04088003188371658,45236
20250829_155716,-0.5885180830955505,-1.527405858039856,-0.11322665959596634,45426
20250829_155716,-0.6278712153434753,-1.5428293943405151,-0.10613108426332474,45199
20250829_155716,-0.6322298645973206,-1.5819025039672852,-0.11558081954717636,45189
20250829_155716,-0.6490949988365173,-1.5141667127609253,-0.0815650150179863,45336
20250829_155716,-0.621128261089325,-1.5875641107559204,-0.1216835305094719,45072
20250829_155716,-0.6287282705307007,-1.556180477142334,-0.11687213182449341,45232
20250829_155716,-0.6214005351066589,-1.5415202379226685,-0.11736807227134705,45277
20250829_155716,-0.6130367517471313,-1.5546070337295532,-0.12691223621368408,45196
20250829_155716,-0.6191228032112122,-1.5487796068191528,-0.12694305181503296,45268
20250829_155716,-0.6457211971282959,-1.5400415658950806,-0.12881138920783997,45145
20250829_155716,-0.6292148232460022,-1.5500208139419556,-0.1264559030532837,45162
20250829_155716,-0.6376373171806335,-1.5295774936676025,-0.11842095106840134,45243
20250829_155716,-0.622459352016449,-1.5386004447937012,-0.1159004345536232,45209
20250829_155716,-0.595500111579895,-1.5459787845611572,-0.10234775394201279,45135
20250829_155716,-0.606438934803009,-1.5168545246124268,-0.0974971204996109,45237
20250829_155716,-0.5904854536056519,-1.5278689861297607,-0.07582110911607742,45049
20250829_155716,-0.6352906823158264,-1.525199055671692,-0.06823509931564331,45185
20250829_155716,-0.6172362565994263,-1.50827956199646,-0.06538014113903046,45224
20250829_155716,-0.6165334582328796,-1.516854166984558,-0.061230603605508804,45164
20250829_155716,-0.6150873303413391,-1.4798247814178467,-0.06116627901792526,45378
20250829_155716,-0.6045780777931213,-1.5023350715637207,-0.05700448527932167,45217
20250829_155716,-0.5932344794273376,-1.5166410207748413,-0.06410986185073853,45195
20250829_155716,-0.6251256465911865,-1.4830267429351807,-0.026211287826299667,45295
20250829_155716,-0.6097620725631714,-1.5068832635879517,-0.03136148303747177,45145
20250829_155716,-0.6179108023643494,-1.5111151933670044,-0.022026991471648216,45183
20250829_155716,-0.6021926403045654,-1.5073988437652588,-0.02533174864947796,45158
20250829_155716,-0.6151566505432129,-1.4877924919128418,-0.021404672414064407,45179
20250829_155716,-0.5877723693847656,-1.4964582920074463,-0.007435495033860207,45183
20250829_155716,-0.596272885799408,-1.503921389579773,0.00904938206076622,45132
20250829_155716,-0.5894709825515747,-1.4838988780975342,0.008789102546870708,45219
20250829_155716,-0.6156205534934998,-1.538943886756897,-0.025567298755049706,44898
20250829_155716,-0.6151221990585327,-1.4880157709121704,-0.02707536891102791,45127
20250829_155716,-0.5852680802345276,-1.48977792263031,-0.01382618211209774,45125
20250829_155716,-0.5909919142723083,-1.452789306640625,0.030033860355615616,45292
20250829_155716,-0.5738363862037659,-1.502618432044983,0.00035476445918902755,45037
20250829_155716,-0.5576889514923096,-1.4893101453781128,0.021327858790755272,45209
20250829_155716,-0.5805804133415222,-1.4710525274276733,0.018268797546625137,45057
20250829_155716,-0.5966026782989502,-1.4721027612686157,0.022052332758903503,45108
20250829_155716,-0.6064454913139343,-1.46153724193573,0.02619895339012146,45114
20250829_155716,-0.5778577923774719,-1.4941096305847168,0.02685825154185295,44989
20250829_155716,-0.5859870314598083,-1.4399820566177368,0.030181119218468666,45348
20250829_155716,-0.5655164122581482,-1.4566190242767334,0.038701001554727554,45215
20250829_155716,-0.5642438530921936,-1.4685542583465576,0.05428444966673851,45194
20250829_155716,-0.5879503488540649,-1.4672256708145142,0.049170371145009995,45101
20250829_155716,-0.6005219221115112,-1.461745023727417,0.05108412355184555,45125
20250829_155716,-0.5701478123664856,-1.4933289289474487,0.06215090677142143,45037
20250829_155716,-0.5704615712165833,-1.467134952545166,0.06505192816257477,45208
20250829_155716,-0.5854958295822144,-1.4008829593658447,0.10034948587417603,45505
20250829_155716,4.068861484527588,-1.5262531042099,0.07740893959999084,45001
20250829_155716,-0.6394357085227966,-1.4485238790512085,0.1067524254322052,45273
20250829_155716,-0.6394357085227966,-1.4588371515274048,0.10913373529911041,45183
20250829_155716,-0.6394357085227966,-1.479648232460022,0.07409188896417618,45004
20250829_155716,-0.6394357085227966,-1.4238755702972412,0.12145324796438217,45365
20250829_155716,-0.6394357085227966,-1.4565503597259521,0.12281758338212967,45244
20250829_155716,-0.6394357085227966,-1.44938063621521,0.12698830664157867,45284
20250829_155716,-0.6394357085227966,-1.4850901365280151,0.08550113439559937,45111
20250829_155716,-0.6394357085227966,-1.4649995565414429,0.08231927454471588,45172
20250829_155716,-0.6394357085227966,-1.456791639328003,0.08164238184690475,45171
20250829_155716,-0.6394357085227966,-1.4387352466583252,0.08608679473400116,45158
20250829_155716,-0.6394357085227966,-1.400357961654663,0.05853704735636711,45508
20250829_155716,-0.6394357085227966,-1.4399949312210083,0.0903201624751091,45097
20250829_155716,-0.6394357085227966,-1.4139589071273804,0.13367758691310883,45433
20250829_155716,-0.6394357085227966,-1.5607820749282837,0.17804181575775146,44604
20250829_155716,-0.6394357085227966,-1.3987159729003906,0.12577885389328003,45399
20250829_155716,-0.6394357085227966,-1.4118468761444092,0.11394360661506653,45403
20250829_155716,-0.6394357085227966,-1.4784680604934692,0.11895956099033356,44908
20250829_155716,-0.6394357085227966,-1.4387109279632568,0.1005106270313263,45241
20250829_155716,-0.6394357085227966,-1.4404032230377197,0.1131681501865387,45252
20250829_155716,-0.6394357085227966,-1.4066530466079712,0.1225326657295227,45349
20250829_155716,-0.6394357085227966,-1.416009545326233,0.17670176923274994,45302
20250829_155717,-0.6394357085227966,-1.4985337257385254,0.15205976366996765,44906
20250829_155717,-0.6394357085227966,-1.4280704259872437,0.1556488424539566,45154
20250829_155717,-0.6394357085227966,-1.448554515838623,0.1622919887304306,45163
20250829_155717,-0.6394357085227966,-1.4432731866836548,0.16353823244571686,45167
20250829_155717,-0.6394357085227966,-1.4370476007461548,0.16370944678783417,45209
20250829_155717,-0.6394357085227966,-1.415534496307373,0.1718260496854782,45208
20250829_155717,-0.6394357085227966,-1.425547480583191,0.17572805285453796,45108
20250829_155717,-0.6394357085227966,-1.430542230606079,0.18175682425498962,45193
20250829_155717,-0.6394357085227966,-1.4356188774108887,0.18461920320987701,45188
20250829_155717,-0.6394357085227966,-1.4255306720733643,0.18524084985256195,45096
20250829_155717,-0.6394357085227966,-1.4370964765548706,0.1832708865404129,45163
20250829_155717,-0.6394357085227966,-1.4264875650405884,0.19281673431396484,45201
20250829_155717,-0.6394357085227966,-1.422810673713684,0.20319423079490662,45236
20250829_155717,-0.6394357085227966,-1.465091586112976,0.24298249185085297,45017
20250829_155717,-0.6394357085227966,-1.3885619640350342,0.18429505825042725,45356
20250829_155717,-0.6394357085227966,-1.4155175685882568,0.16177761554718018,45273
20250829_155717,-0.6394357085227966,-1.4329982995986938,0.1687975376844406,45170
20250829_155717,-0.6394357085227966,-1.4468460083007812,0.1532014012336731,45118
20250829_155717,-0.6394357085227966,-1.3945611715316772,0.15537023544311523,45328
20250829_155717,-0.6394357085227966,-1.420202612876892,0.1660938411951065,45220
20250829_155717,-0.6394357085227966,-1.435105800628662,0.2072780430316925,44929
20250829_155717,-0.6394357085227966,-1.3991268873214722,0.21241359412670135,45297
20250829_155717,-0.6394357085227966,-1.4060488939285278,0.22518756985664368,45141
20250829_155717,-0.6394357085227966,-1.44063138961792,0.2345125526189804,45011
20250829_155717,-0.6394357085227966,-1.435441017150879,0.2284894734621048,45189
20250829_155717,-0.6394357085227966,-1.4071727991104126,0.2340320497751236,45181
20250829_155717,-0.6394357085227966,-1.3893542289733887,0.2711816430091858,45285
20250829_155717,-0.6394357085227966,-1.409208059310913,0.28437528014183044,45119
20250829_155717,-0.6394357085227966,-1.428361415863037,0.24396651983261108,45030
20250829_155717,-0.6394357085227966,-1.3816568851470947,0.28523728251457214,45255
20250829_155717,-0.6394357085227966,-1.4836879968643188,0.27902621030807495,44858
20250829_155717,-0.6394357085227966,-1.3257609605789185,0.21723732352256775,45602
20250829_155717,-0.6394357085227966,-1.4208463430404663,0.21734638512134552,45106
20250829_155717,-0.6394357085227966,-1.4293755292892456,0.23662260174751282,45009
20250829_155717,-0.6394357085227966,-1.3855050802230835,0.25443992018699646,45234
20250829_155717,-0.6394357085227966,-1.4143853187561035,0.2623785734176636,45116
20250829_155717,-0.6394357085227966,-1.3810009956359863,0.3038511276245117,45265
20250829_155717,-0.6394357085227966,-1.4505624771118164,0.2657231092453003,44947
20250829_155717,-0.6394357085227966,-1.4034255743026733,0.2719978094100952,45121
20250829_155717,-0.6394357085227966,-1.408438801765442,0.27543163299560547,45109
20250829_155717,-0.6394357085227966,-1.3983962535858154,0.2835541367530823,45123
20250829_155717,-0.6394357085227966,-1.399389624595642,0.3267737030982971,45138
20250829_155717,-0.6394357085227966,-1.4021714925765991,0.3546656668186188,45028
20250829_155717,-0.6394357085227966,-1.4152323007583618,0.3584904968738556,45107
20250829_155717,-0.6394357085227966,-1.4448271989822388,0.32522183656692505,44948
20250829_155717,-0.6394357085227966,-1.3947609663009644,0.3266913890838623,45177
20250829_155717,-0.6394357085227966,-1.4212716817855835,0.3346376419067383,45158
20250829_155717,-0.6394357085227966,-1.3534488677978516,0.30983594059944153,45410
20250829_155717,-0.6394357085227966,-1.4382327795028687,0.31293007731437683,45014
20250829_155717,-0.6394357085227966,-1.3688970804214478,0.3626437485218048,45298
20250829_155717,4.226909637451172,-1.42027747631073,0.31768447160720825,45180
20250829_155717,-0.4724324643611908,-1.4069721698760986,0.3236355781555176,45126
20250829_155717,-0.4617166519165039,-1.4048457145690918,0.33817893266677856,45134
20250829_155717,-0.4545886218547821,-1.405023217201233,0.3453718423843384,45195
20250829_155717,-0.45608991384506226,-1.3998697996139526,0.34283480048179626,45118
20250829_155717,-0.47095412015914917,-1.4171099662780762,0.3399997055530548,45128
20250829_155717,-0.4943176507949829,-1.3932921886444092,0.34278160333633423,45139
20250829_155717,-0.48768851161003113,-1.4061434268951416,0.34394118189811707,45154
20250829_155717,-0.4874230921268463,-1.4059960842132568,0.3423474431037903,45114
20250829_155717,-0.47230264544487,-1.3637940883636475,0.3812798857688904,45297
20250829_155717,-0.4399360120296478,-1.4590599536895752,0.3438810110092163,44934
20250829_155717,-0.44842854142189026,-1.395936369895935,0.3598669767379761,45235
20250829_155717,-0.4784325361251831,-1.4029322862625122,0.35615837574005127,45090
20250829_155717,-0.44901350140571594,-1.3656967878341675,0.330837219953537,45280
20250829_155717,-0.48620739579200745,-1.423635482788086,0.34153059124946594,45047
20250829_155717,-0.4473555386066437,-1.4006433486938477,0.36055612564086914,44993
20250829_155717,-0.45487186312675476,-1.377104640007019,0.41540178656578064,45317
20250829_155717,-0.4752322733402252,-1.4110372066497803,0.4354282319545746,45168
20250829_155717,-0.4679871201515198,-1.4152029752731323,0.43867385387420654,45096
20250829_155717,-0.48622938990592957,-1.4424372911453247,0.3994752764701843,44990
20250829_155717,-0.4808623790740967,-1.3679449558258057,0.450114905834198,45253
20250829_155717,-0.47780582308769226,-1.4140021800994873,0.45212632417678833,45134
20250829_155717,-0.48613443970680237,-1.3994245529174805,0.45923078060150146,45146
20250829_155717,-0.48109865188598633,-1.4297833442687988,0.4639781713485718,45013
20250829_155717,-0.4842338263988495,-1.4255849123001099,0.4166624844074249,45002
20250829_155717,-0.4927822947502136,-1.4020501375198364,0.4239918291568756,45114
20250829_155717,-0.4950287938117981,-1.3492449522018433,0.44683924317359924,45350
20250829_155717,-0.49675893783569336,-1.4005926847457886,0.44930049777030945,45156
20250829_155717,-0.475146621465683,-1.434275507926941,0.4190909266471863,44964
20250829_155717,-0.4732690751552582,-1.3919246196746826,0.4206031262874603,45117
20250829_155717,-0.487726628780365,-1.413479208946228,0.4160098433494568,45150
20250829_155717,-0.4611243009567261,-1.4177343845367432,0.41470643877983093,45023
20250829_155717,-0.4755367338657379,-1.4607739448547363,0.4015342593193054,44945
20250829_155717,-0.47451186180114746,-1.4173613786697388,0.4120035469532013,45095
20250829_155717,-0.500079870223999,-1.4050778150558472,0.42443960905075073,45077
20250829_155717,-0.49151551723480225,-1.354515552520752,0.45907700061798096,45347
20250829_155717,-0.4931762218475342,-1.3939173221588135,0.467343807220459,45137
20250829_155717,-0.4892721474170685,-1.436299204826355,0.4634464383125305,44940
20250829_155717,-0.4770042896270752,-1.4029276371002197,0.4564567506313324,45024
20250829_155717,-0.4659196138381958,-1.4013774394989014,0.4822100102901459,44942
20250829_155717,-0.4996564984321594,-1.3729047775268555,0.48178616166114807,45247
20250829_155717,-0.4917708933353424,-1.3928813934326172,0.47861894965171814,45083
20250829_155717,-0.47256729006767273,-1.4733059406280518,0.43134406208992004,44793
20250829_155717,-0.48742130398750305,-1.3884973526000977,0.43612226843833923,45105
20250829_155717,-0.5053630471229553,-1.3702607154846191,0.4377346336841583,45206
20250829_155717,-0.46915963292121887,-1.4086170196533203,0.44077450037002563,45044
20250829_155717,-0.507426917552948,-1.3994452953338623,0.4842017889022827,45146
20250829_155717,-0.4906754195690155,-1.4321472644805908,0.44129127264022827,44954
20250829_155717,-0.4950944185256958,-1.3994526863098145,0.46008944511413574,45083
20250829_155718,-0.530532717704773,-1.4007467031478882,0.45551976561546326,45040
20250829_155718,0.016157589852809906,-1.6248345375061035,0.4533287584781647,45132
20250829_155718,-0.5024104118347168,-1.3751517534255981,0.4900113642215729,45327
20250829_155718,-0.4959549903869629,-1.4547284841537476,0.4474806785583496,44933
20250829_155718,-0.46888816356658936,-1.4012843370437622,0.42421334981918335,45252
20250829_155718,-0.5120232105255127,-1.3853992223739624,0.4566354751586914,45250
20250829_155718,-0.5169928669929504,-1.4244685173034668,0.4602758288383484,45022
20250829_155718,-0.4975440502166748,-1.4333244562149048,0.45616990327835083,45100
20250829_155718,-0.5116978287696838,-1.4125022888183594,0.4691251218318939,45115
20250829_155718,-0.5246971249580383,-1.4120378494262695,0.4752363860607147,45086
20250829_155718,-0.49171051383018494,-1.451969861984253,0.4268837571144104,44931
20250829_155718,-0.5094000101089478,-1.391217589378357,0.46231576800346375,45263
20250829_155718,-0.4963754713535309,-1.4122381210327148,0.4681640863418579,45156
20250829_155718,-0.5119215846061707,-1.4100897312164307,0.4693285822868347,45138
20250829_155718,-0.5302690863609314,-1.4168307781219482,0.4633830189704895,45141
20250829_155718,-0.5462749600410461,-1.5136815309524536,0.5164044499397278,44661
20250829_155718,-0.5099331140518188,-1.3479114770889282,0.4927990734577179,45366
20250829_155718,-0.4832010567188263,-1.4577522277832031,0.5051041841506958,44987
20250829_155718,-0.5282817482948303,-1.4191113710403442,0.49227049946784973,45129
20250829_155718,-0.5356608629226685,-1.399397611618042,0.48674067854881287,45266
20250829_155718,-0.48865124583244324,-1.423774003982544,0.42847955226898193,45167
20250829_155718,-0.550868570804596,-1.45957350730896,0.4533882141113281,44796
20250829_155718,-0.5286303162574768,-1.395889401435852,0.4833735525608063,45248
20250829_155718,-0.5114430785179138,-1.43535578250885,0.4753219485282898,45132
20250829_155718,-0.5021857619285583,-1.4671854972839355,0.44235044717788696,44988
20250829_155718,-0.5144771933555603,-1.3898845911026,0.47326019406318665,45177
20250829_155718,-0.5355578064918518,-1.4186480045318604,0.46623149514198303,45116
20250829_155718,-0.5130020976066589,-1.4295756816864014,0.4648118019104004,45087
20250829_155718,-0.5159883499145508,-1.4527066946029663,0.429796040058136,45031
20250829_155718,-0.5166974663734436,-1.404328465461731,0.4622441530227661,45260
20250829_155718,-0.5524751543998718,-1.4436898231506348,0.3937615156173706,44815
20250829_155718,-0.4523179531097412,-1.4256093502044678,0.4764132797718048,45325
20250829_155718,-0.5315167307853699,-1.3933323621749878,0.474523663520813,45226
20250829_155718,-0.520391583442688,-1.475704550743103,0.49185997247695923,45064
20250829_155718,-0.49669185280799866,-1.4436720609664917,0.48392385244369507,45068
20250829_155718,-0.5300413966178894,-1.397111177444458,0.4798189103603363,45299
20250829_155718,-0.5126256942749023,-1.4775453805923462,0.4837273955345154,45125
20250829_155718,-0.5148741006851196,-1.4218376874923706,0.4807145595550537,45197
20250829_155718,-0.5122429728507996,-1.4000605344772339,0.4337821900844574,45341
20250829_155718,-0.5382927060127258,-1.4272338151931763,0.43375468254089355,45166
20250829_155718,-0.5315927267074585,-1.4211634397506714,0.42952263355255127,45178
20250829_155718,-0.5103840231895447,-1.445202112197876,0.42770692706108093,45202
20250829_155718,-0.512110710144043,-1.4279506206512451,0.4274783432483673,45177
20250829_155718,-0.539452075958252,-1.4344377517700195,0.41739949584007263,45132
20250829_155718,-0.5298147797584534,-1.4459713697433472,0.41453883051872253,45139
20250829_155718,-0.5494174361228943,-1.4248510599136353,0.4004867970943451,45059
20250829_155718,-0.5288832187652588,-1.427819013595581,0.4166041612625122,45058
20250829_155718,-0.5221973061561584,-1.4286038875579834,0.4205532968044281,45153
20250829_155718,-0.510869562625885,-1.4472675323486328,0.4216955900192261,45175
20250829_155718,-0.5124536156654358,-1.4505341053009033,0.41992461681365967,45136
20250829_155718,-0.5425771474838257,-1.4329495429992676,0.41768723726272583,45080
20250829_155718,-0.531594455242157,-1.4412192106246948,0.4234634041786194,45087
20250829_155718,-0.5333853363990784,-1.425989031791687,0.42638400197029114,45121
20250829_155718,-0.535558819770813,-1.493449330329895,0.4576942026615143,44878
20250829_155718,-0.5082117915153503,-1.4265283346176147,0.46921101212501526,45104
20250829_155718,-0.5347496271133423,-1.4412953853607178,0.4703207015991211,45164
20250829_155718,-0.5498709678649902,-1.400445580482483,0.45835480093955994,45225
20250829_155718,-0.5299801826477051,-1.4466625452041626,0.4511283338069916,45108
20250829_155718,-0.5335788130760193,-1.4458884000778198,0.43480509519577026,45116
20250829_155718,-0.53347247838974,-1.4250149726867676,0.4383731484413147,45140
20250829_155718,-0.49701565504074097,-1.4805275201797485,0.4278026223182678,45017
20250829_155718,-0.5203872323036194,-1.4164578914642334,0.42671385407447815,45281
20250829_155718,-0.5261219143867493,-1.4362910985946655,0.42230328917503357,45121
20250829_155718,-0.5350095629692078,-1.4287033081054688,0.4251258969306946,45121
20250829_155718,-0.5282711386680603,-1.4378257989883423,0.4302982985973358,45145
20250829_155718,-0.5173166394233704,-1.4322983026504517,0.4298694431781769,45145
20250829_155718,-0.5262930989265442,-1.4372202157974243,0.4276588261127472,45138
20250829_155718,-0.5196289420127869,-1.425208330154419,0.4307119846343994,45168
20250829_155718,-0.5231598615646362,-1.450766921043396,0.435052752494812,45138
20250829_155718,-0.5262683629989624,-1.4441590309143066,0.43141621351242065,45163
20250829_155718,-0.5359280705451965,-1.4422017335891724,0.43256330490112305,45132
20250829_155718,-0.5277357697486877,-1.423624873161316,0.43638354539871216,45128
20250829_155718,-0.5355691909790039,-1.4286675453186035,0.43492794036865234,45128
20250829_155718,-0.5363773107528687,-1.4215625524520874,0.431647390127182,45148
20250829_155718,-0.5272106528282166,-1.4435539245605469,0.4214418828487396,45149
20250829_155718,-0.5292065143585205,-1.4251048564910889,0.4173198640346527,45133
20250829_155718,-0.5337861180305481,-1.4285842180252075,0.41652539372444153,45100
20250829_155718,-0.5402984619140625,-1.4333381652832031,0.41014495491981506,45188
20250829_155718,-0.5439568758010864,-1.4207030534744263,0.4058607518672943,45111
20250829_155718,-0.5449439287185669,-1.430391788482666,0.40012770891189575,45086
20250829_155718,-0.53056800365448,-1.4159482717514038,0.40504318475723267,45118
20250829_155718,-0.5224823355674744,-1.425608515739441,0.4062907099723816,45197
20250829_155718,-0.5324985980987549,-1.4432669878005981,0.40560537576675415,45053
20250829_155718,-0.528150200843811,-1.4377360343933105,0.41591623425483704,45081
20250829_155718,-0.5385518670082092,-1.4333394765853882,0.41110754013061523,45089
20250829_155718,-0.5299254655838013,-1.4326553344726562,0.41064316034317017,45107
20250829_155718,-0.5162386894226074,-1.4590668678283691,0.39573174715042114,45139
20250829_155718,-0.5275899171829224,-1.4267395734786987,0.39726871252059937,45156
20250829_155718,-0.5142974853515625,-1.4383360147476196,0.40184998512268066,45185
20250829_155718,-0.5473657250404358,-1.4375568628311157,0.4155444800853729,45127
20250829_155718,-0.5408440232276917,-1.4293657541275024,0.4162173569202423,45085
20250829_155718,-0.5355560183525085,-1.4259623289108276,0.41140174865722656,45064
20250829_155718,-0.5394887924194336,-1.4247541427612305,0.4086097478866577,45076
20250829_155718,-0.5350748300552368,-1.417626976966858,0.4043259918689728,45199
20250829_155718,-0.5451590418815613,-1.4243967533111572,0.40252432227134705,45164
20250829_155718,-0.531803548336029,-1.4210147857666016,0.40314435958862305,45119
20250829_155718,-0.5571169853210449,-1.4610426425933838,0.4253964126110077,44818
20250829_155718,-0.5539988279342651,-1.4305965900421143,0.40886053442955017,45098
20250829_155718,-0.5371363759040833,-1.4221065044403076,0.4055369794368744,45123
20250829_155718,-0.5307010412216187,-1.421788215637207,0.3988402485847473,45072
20250829_155718,-0.5167000889778137,-1.4258983135223389,0.406210720539093,45133
20250829_155719,-0.5293066501617432,-1.423683524131775,0.40196216106414795,45147
20250829_155719,-0.5242788195610046,-1.4382601976394653,0.41250401735305786,45123
20250829_155719,-0.5333208441734314,-1.4379860162734985,0.4024292826652527,45076
20250829_155719,-0.5239543318748474,-1.4507355690002441,0.4037948548793793,44942
20250829_155719,-0.5478346943855286,-1.4339988231658936,0.38902178406715393,45281
20250829_155719,-0.5336936712265015,-1.4346401691436768,0.3884091079235077,45153
20250829_155719,-0.5209163427352905,-1.4437798261642456,0.39210766553878784,45162
20250829_155719,-0.5408617854118347,-1.4287933111190796,0.39091360569000244,45174
20250829_155719,-0.5311740636825562,-1.4490078687667847,0.3880966603755951,45111
20250829_155719,-0.5278741717338562,-1.442887544631958,0.3813105821609497,45137
20250829_155719,-0.538094162940979,-1.4424077272415161,0.3744404911994934,45081
20250829_155719,-0.5137256979942322,-1.4421182870864868,0.3654542565345764,45144
20250829_155719,-0.5298434495925903,-1.4379866123199463,0.36553481221199036,45118
20250829_155719,-0.5331115126609802,-1.446223258972168,0.35160335898399353,45230
20250829_155719,-0.5422670245170593,-1.4523670673370361,0.3504376709461212,45067
20250829_155719,-0.5062292814254761,-1.4492785930633545,0.35274505615234375,44971
20250829_155719,-0.560401439666748,-1.432078242301941,0.32457393407821655,44882
20250829_155719,-0.530697226524353,-1.4396002292633057,0.3502754271030426,45425
20250829_155719,-0.6200864911079407,-1.442179560661316,0.3158845007419586,44897
20250829_155719,-0.5134354829788208,-1.47272527217865,0.302229642868042,45024
20250829_155719,-0.541353166103363,-1.4662576913833618,0.30338993668556213,45118
20250829_155719,-0.5254185199737549,-1.4914449453353882,0.2566446363925934,45067
20250829_155719,-0.5228517651557922,-1.461527705192566,0.25239869952201843,45092
20250829_155719,-0.5189468264579773,-1.4747318029403687,0.2573731243610382,45118
20250829_155719,-0.5477867722511292,-1.4118844270706177,0.29560303688049316,45207
20250829_155719,-0.5443185567855835,-1.4656181335449219,0.29275456070899963,45088
20250829_155719,-0.518265962600708,-1.4491230249404907,0.29196375608444214,45143
20250829_155719,-0.5474099516868591,-1.449838638305664,0.2899899184703827,45092
20250829_155719,-0.5198123455047607,-1.4596381187438965,0.28031018376350403,45078
20250829_155719,-0.5506051778793335,-1.4506863355636597,0.28097790479660034,45072
20250829_155719,-0.5361968278884888,-1.461077094078064,0.286069393157959,45103
20250829_155719,-0.5459918975830078,-1.4464274644851685,0.2832688093185425,45088
20250829_155719,-0.525194525718689,-1.51874577999115,0.255472868680954,44917
20250829_155719,-0.5313310623168945,-1.4756838083267212,0.26110661029815674,45103
20250829_155719,-0.5493192672729492,-1.4283807277679443,0.3120866119861603,45238
20250829_155719,-0.5176032781600952,-1.5046093463897705,0.2893088459968567,45121
20250829_155719,-0.5427820086479187,-1.4774243831634521,0.2760255038738251,45037
20250829_155719,-0.5403769016265869,-1.4701423645019531,0.2755076289176941,45103
20250829_155719,-0.5734308362007141,-1.5111501216888428,0.27130964398384094,45018
20250829_155719,-0.5025579929351807,-1.4615460634231567,0.27952519059181213,45173
20250829_155719,-0.5327942967414856,-1.4642770290374756,0.27384403347969055,45087
20250829_155719,-0.5859885215759277,-1.4621070623397827,0.29552194476127625,44976
20250829_155719,-0.5223399996757507,-1.470018744468689,0.29812484979629517,45182
20250829_155719,-0.5329176783561707,-1.5083941221237183,0.25482791662216187,44927
20250829_155719,-0.5684624314308167,-1.4350084066390991,0.2868954837322235,45157
20250829_155719,-0.5573171973228455,-1.4758042097091675,0.28768765926361084,45113
20250829_155719,-0.5608338117599487,-1.4828693866729736,0.3033776581287384,45111
20250829_155719,-0.5346215963363647,-1.5389630794525146,0.30112120509147644,44964
20250829_155719,-0.5696844458580017,-1.4580832719802856,0.29392433166503906,45263
20250829_155719,-0.5600295662879944,-1.4862661361694336,0.29579252004623413,45105
20250829_155719,-0.5550714731216431,-1.4976272583007812,0.3044125735759735,45106
20250829_155719,-0.6166417598724365,-1.557043433189392,0.3538186848163605,44709
20250829_155719,-0.5606712698936462,-1.5143311023712158,0.31192949414253235,45017
20250829_155719,-0.5963197946548462,-1.4491679668426514,0.3458254933357239,45157
20250829_155719,-0.5645899772644043,-1.479384422302246,0.3311309814453125,45055
20250829_155719,-0.5345820188522339,-1.464967966079712,0.30825290083885193,45203
20250829_155719,-0.5513749718666077,-1.4879915714263916,0.3119186758995056,45131
20250829_155719,-0.5618524551391602,-1.4630980491638184,0.3109821081161499,45161
20250829_155719,-0.5879553556442261,-1.499354600906372,0.32054808735847473,45069
20250829_155719,-0.5762531757354736,-1.5192331075668335,0.3142262399196625,45028
20250829_155719,-0.5700116157531738,-1.5437804460525513,0.26438629627227783,44945
20250829_155719,-0.5895487666130066,-1.4978772401809692,0.2739202380180359,44999
20250829_155719,-0.5687862038612366,-1.4784249067306519,0.31646543741226196,45266
20250829_155719,-0.5843855142593384,-1.6010761260986328,0.36442017555236816,44656
20250829_155719,-0.5719261765480042,-1.485036015510559,0.3568562865257263,45013
20250829_155719,-0.6387469172477722,-1.495489478111267,0.35858091711997986,45014
20250829_155719,-0.6117494106292725,-1.508816123008728,0.33495333790779114,44928
20250829_155719,-0.5721556544303894,-1.5435991287231445,0.2832716703414917,44970
20250829_155719,-0.6047055721282959,-1.454734444618225,0.32942289113998413,45262
20250829_155719,-0.5714061856269836,-1.4340592622756958,0.3177169859409332,45387
20250829_155719,-0.5982417464256287,-1.525865912437439,0.34438902139663696,45083
20250829_155719,-0.598862886428833,-1.5060945749282837,0.33858224749565125,45006
20250829_155719,-0.613680899143219,-1.526770830154419,0.32883259654045105,45008
20250829_155719,-0.6047156453132629,-1.530652642250061,0.33100125193595886,45057
20250829_155719,-0.5850469470024109,-1.507346510887146,0.3200208842754364,45052
20250829_155719,-0.5948876142501831,-1.5055992603302002,0.3226393163204193,45040
20250829_155719,-0.5797417163848877,-1.504582166671753,0.32641130685806274,45049
20250829_155719,-0.6353806257247925,-1.5172131061553955,0.31507718563079834,44878
20250829_155719,-0.6174294352531433,-1.5055140256881714,0.3004586398601532,44953
20250829_155719,-0.6495038270950317,-1.6048250198364258,0.3328165113925934,44634
20250829_155719,-0.6062637567520142,-1.4695320129394531,0.3257775902748108,45297
20250829_155719,-0.5868749618530273,-1.5367804765701294,0.3277435004711151,45033
20250829_155719,-0.6182215213775635,-1.5172574520111084,0.3284391164779663,44935
20250829_155719,-0.6022560000419617,-1.533903956413269,0.3168461322784424,45054
20250829_155719,-0.6039700508117676,-1.5817444324493408,0.2957956790924072,44890
20250829_155719,-0.6277270317077637,-1.5303500890731812,0.29380935430526733,44931
20250829_155719,-0.6309837102890015,-1.511025309562683,0.2924462556838989,45139
20250829_155719,-0.6705456972122192,-1.599239706993103,0.3549344539642334,44578
20250829_155719,-0.6364705562591553,-1.5245624780654907,0.3498411476612091,44990
20250829_155719,-0.6392351388931274,-1.4418877363204956,0.30274587869644165,45256
20250829_155719,-0.6330388784408569,-1.5372387170791626,0.27531594038009644,44966
20250829_155719,-0.6317719221115112,-1.5380275249481201,0.28040173649787903,45058
20250829_155719,-0.6136847138404846,-1.5504285097122192,0.27665120363235474,45002
20250829_155719,-0.6546410918235779,-1.5211766958236694,0.2701535224914551,44939
20250829_155719,-0.6090744137763977,-1.5662692785263062,0.2844213545322418,45063
20250829_155719,-0.7390221357345581,-1.6354197263717651,0.31983092427253723,44182
20250829_155719,-0.6260896325111389,-1.473345398902893,0.30016618967056274,45197
20250829_155719,-0.6180556416511536,-1.5630786418914795,0.295255184173584,44868
20250829_155719,-0.6149594783782959,-1.545830488204956,0.27725115418434143,44944
20250829_155719,-0.6551551818847656,-1.5151416063308716,0.2664487957954407,45137
20250829_155720,-0.649528980255127,-1.5340560674667358,0.2517089247703552,45008
20250829_155720,-0.6337555646896362,-1.5431033372879028,0.22830526530742645,44940
20250829_155720,-0.6696533560752869,-1.5616649389266968,0.227524995803833,44925
20250829_155720,-0.6389973163604736,-1.563493251800537,0.22608627378940582,45012
20250829_155720,-0.6366680264472961,-1.5445448160171509,0.22983865439891815,44937
20250829_155720,-0.6445096731185913,-1.5849790573120117,0.2147127389907837,45017
20250829_155720,-0.6557223796844482,-1.545955777168274,0.20572806894779205,44915
20250829_155720,-0.7073886394500732,-1.5555994510650635,0.21899080276489258,44743
20250829_155720,-0.6816986203193665,-1.5569181442260742,0.21995079517364502,44902
20250829_155720,-0.6932041645050049,-1.5607720613479614,0.21082580089569092,44873
20250829_155720,-0.6676667332649231,-1.5629158020019531,0.19949358701705933,44912
20250829_155720,-0.6520603895187378,-1.5494983196258545,0.1964564025402069,44952
20250829_155720,-0.6581352949142456,-1.6027226448059082,0.21534019708633423,44768
20250829_155720,-0.6675674915313721,-1.5489693880081177,0.21408675611019135,45004
20250829_155720,-0.6519613862037659,-1.5581963062286377,0.19945672154426575,44881
20250829_155720,-0.7168909907341003,-1.579847812652588,0.1655515432357788,45065
20250829_155720,-0.6892159581184387,-1.5489293336868286,0.16851624846458435,44962
20250829_155720,-0.6512957811355591,-1.5561615228652954,0.16823437809944153,45009
20250829_155720,-0.6691656708717346,-1.5890823602676392,0.1825571209192276,44935
20250829_155720,-0.6720349192619324,-1.5965534448623657,0.16365070641040802,44969
20250829_155720,-0.7132105827331543,-1.5764445066452026,0.1741223782300949,45204
20250829_155720,-0.7397898435592651,-1.5632089376449585,0.16470327973365784,44711
20250829_155720,-0.705091655254364,-1.634800910949707,0.10609669238328934,44465
20250829_155720,-0.7363846898078918,-1.57127845287323,0.16304446756839752,45210
20250829_155720,-0.6920142769813538,-1.563643455505371,0.16510815918445587,45036
20250829_155720,-0.6783111095428467,-1.5800776481628418,0.15248145163059235,45089
20250829_155720,-0.7143374085426331,-1.5769658088684082,0.17320366203784943,44937
20250829_155720,-0.7477665543556213,-1.5921975374221802,0.18672722578048706,44791
20250829_155720,-0.7248079776763916,-1.5734847784042358,0.17628762125968933,44843
20250829_155720,-0.7445057034492493,-1.585993766784668,0.1643849015235901,44934
20250829_155720,-0.7370306849479675,-1.5536061525344849,0.1679804027080536,44981
20250829_155720,-0.7164627909660339,-1.5707045793533325,0.16334915161132812,45077
20250829_155720,-0.7055118083953857,-1.5784772634506226,0.16590437293052673,45080
20250829_155720,-0.7188485860824585,-1.602567434310913,0.16560021042823792,45058
20250829_155720,-0.7141289710998535,-1.6094363927841187,0.18140973150730133,45081
20250829_155720,-0.7658231258392334,-1.5806068181991577,0.18281017243862152,44863
20250829_155720,-0.8375503420829773,-1.5792317390441895,0.17743456363677979,44647
20250829_155720,-0.7207868695259094,-1.5809884071350098,0.1627006083726883,45047
20250829_155720,-0.7052441239356995,-1.5980150699615479,0.1409079134464264,45044
20250829_155720,-0.7553029656410217,-1.583093523979187,0.14931654930114746,45015
20250829_155720,-0.8361422419548035,-1.618667483329773,0.12243985384702682,44996
20250829_155720,-0.8000174760818481,-1.615968108177185,0.16104160249233246,44707
20250829_155720,-0.7861390709877014,-1.5826860666275024,0.15733538568019867,44936
20250829_155720,-0.795769989490509,-1.5978479385375977,0.15521003305912018,44997
20250829_155720,-0.7564935684204102,-1.598960041999817,0.13421939313411713,45073
20250829_155720,-0.7744348049163818,-1.6155977249145508,0.1383032351732254,45184
20250829_155720,-0.772941529750824,-1.597852349281311,0.12690947949886322,45081
20250829_155720,-5.462491035461426,-1.5719881057739258,0.1366995871067047,44990
20250829_155720,-0.5919122099876404,-1.607954740524292,0.12593893706798553,44932
20250829_155720,-0.5919122099876404,-1.6098347902297974,0.13893434405326843,44870
20250829_155720,-0.5919122099876404,-1.6023664474487305,0.1469450294971466,45016
20250829_155720,-0.5919122099876404,-1.5945029258728027,0.13890324532985687,45003
20250829_155720,-0.5919122099876404,-1.5962809324264526,0.132426455616951,45000
20250829_155720,-0.5919122099876404,-1.6163082122802734,0.13139784336090088,44963
20250829_155720,-0.5919122099876404,-1.599853754043579,0.12016216665506363,44976
20250829_155720,-0.5919122099876404,-1.629115343093872,0.12503977119922638,45069
20250829_155720,-0.5919122099876404,-1.6145684719085693,0.09992910176515579,45085
20250829_155720,-0.5919122099876404,-1.6442352533340454,0.09895913302898407,44932
20250829_155720,-0.5919122099876404,-1.6135820150375366,0.10369184613227844,45063
20250829_155720,-0.5919122099876404,-1.598531723022461,0.12295813113451004,44963
20250829_155720,-0.5919122099876404,-1.6107574701309204,0.1191738024353981,45005
20250829_155720,-0.5919122099876404,-1.6208540201187134,0.11258328706026077,44704
20250829_155720,-0.5919122099876404,-1.6228218078613281,0.119149349629879,45010
20250829_155720,-0.5919122099876404,-1.6507601737976074,0.10298863053321838,45019
20250829_155720,-0.5919122099876404,-1.6218032836914062,0.10575946420431137,44888
20250829_155720,-0.5919122099876404,-1.6176204681396484,0.10146131366491318,45071
20250829_155720,-0.5919122099876404,-1.616865634918213,0.10694226622581482,45101
20250829_155720,-0.5919122099876404,-1.624916911125183,0.0920078232884407,45105
20250829_155720,-0.5919122099876404,-1.6429734230041504,0.10541906207799911,44816
20250829_155720,-0.5919122099876404,-1.6322085857391357,0.1001715287566185,44970
20250829_155720,-0.5919122099876404,-1.617033839225769,0.07471638917922974,45016
20250829_155720,-0.5919122099876404,-1.6347451210021973,0.0732828676700592,44949
20250829_155720,-0.5919122099876404,-1.608974575996399,0.09430132061243057,45039
20250829_155720,-0.5919122099876404,-1.6467739343643188,0.09291064739227295,45077
20250829_155720,-0.5919122099876404,-1.6328678131103516,0.09148641675710678,45169
20250829_155720,-0.5919122099876404,-1.6603981256484985,0.10516512393951416,44930
20250829_155720,-0.5919122099876404,-1.642940640449524,0.11127480119466782,44829
20250829_155720,-0.5919122099876404,-1.6335666179656982,0.10371416062116623,44883
20250829_155720,-0.5919122099876404,-1.6450142860412598,0.11999642848968506,44932
20250829_155720,-0.5919122099876404,-1.6222355365753174,0.14706173539161682,45123
20250829_155720,-0.5919122099876404,-1.6756796836853027,0.15929953753948212,44877
20250829_155720,-0.5919122099876404,-1.6316518783569336,0.1319369375705719,45035
20250829_155720,-0.5919122099876404,-1.671559453010559,0.13765327632427216,44989
20250829_155720,-0.5919122099876404,-1.6562726497650146,0.11206813901662827,44995
20250829_155720,-0.5919122099876404,-1.6603378057479858,0.10923261940479279,45171
20250829_155720,-5.514609336853027,-1.6423066854476929,0.1372801959514618,45013
20250829_155720,-0.8891863226890564,-1.6624242067337036,0.14803515374660492,44867
20250829_155720,-0.8730916380882263,-1.6472971439361572,0.14579640328884125,44979
20250829_155720,-0.8558171391487122,-1.648109793663025,0.14710907638072968,45037
20250829_155720,-0.8867576122283936,-1.659804344177246,0.14233970642089844,44986
20250829_155720,-0.885541558265686,-1.677653193473816,0.1348138451576233,45043
20250829_155720,-0.9005506634712219,-1.6313358545303345,0.14530257880687714,44939
20250829_155720,-0.9442803263664246,-1.6622241735458374,0.17666898667812347,44812
20250829_155720,-0.8806661367416382,-1.666398525238037,0.16532760858535767,45070
20250829_155720,-0.8872637152671814,-1.6468867063522339,0.15643328428268433,45134
20250829_155720,-0.8882283568382263,-1.668875813484192,0.15207713842391968,45061
20250829_155720,-0.940183699131012,-1.67181396484375,0.13948501646518707,45095
20250829_155720,-0.9162161350250244,-1.6594560146331787,0.14895763993263245,44881
20250829_155720,-0.9608190655708313,-1.6527990102767944,0.16248096525669098,44919
20250829_155720,-0.9305566549301147,-5.0466132164001465,0.17604903876781464,44921
20250829_155721,-0.9200165867805481,-1.4755795001983643,0.18092933297157288,45035
20250829_155721,-0.905381441116333,-1.4755795001983643,0.1875973492860794,45085
20250829_155721,-0.9086375832557678,-1.4755795001983643,0.1675884872674942,45323
20250829_155721,-0.9204972386360168,-1.4755795001983643,0.2006804496049881,44797
20250829_155721,-0.9157659411430359,-1.4755795001983643,0.20475275814533234,44941
20250829_155721,-0.9444096684455872,-1.4755795001983643,0.251859188079834,44722
20250829_155721,-0.7756949663162231,-1.4755795001983643,0.24715842306613922,44959
20250829_155721,-2.203094005584717,-1.4755795001983643,0.23074568808078766,46131
20250829_155721,-0.9558922648429871,-1.4755795001983643,0.243444561958313,45099
20250829_155721,-0.9084953665733337,-1.4755795001983643,0.2583961486816406,44965
20250829_155721,-0.982625424861908,-1.4755795001983643,0.22525224089622498,45195
20250829_155721,-0.9302573800086975,-1.4755795001983643,0.21389704942703247,44993
20250829_155721,-0.9787434935569763,-1.4755795001983643,0.20874452590942383,44971
20250829_155721,-0.9195103049278259,-1.4755795001983643,0.21079085767269135,45029
20250829_155721,-0.8742106556892395,-1.4755795001983643,0.20856882631778717,45082
20250829_155721,-0.9255005717277527,-1.4755795001983643,0.21913854777812958,45202
20250829_155721,-0.9180116057395935,-1.4755795001983643,0.2338392436504364,44835
20250829_155721,-0.9444936513900757,-1.4755795001983643,0.22625650465488434,44923
20250829_155721,-0.964214563369751,-1.4755795001983643,0.24491718411445618,44771
20250829_155721,-0.9760099053382874,-1.4755795001983643,0.2106390744447708,44960
20250829_155721,-0.9145174622535706,-1.4755795001983643,0.20736385881900787,45082
20250829_155721,-0.9032320380210876,-1.4755795001983643,0.23920181393623352,45164
20250829_155721,-0.91811603307724,-1.4755795001983643,0.2382553368806839,45014
20250829_155721,-0.9373636245727539,-1.4755795001983643,0.21632471680641174,44977
20250829_155721,-0.9230521321296692,-1.4755795001983643,0.21759353578090668,45023
20250829_155721,-0.9812468886375427,-1.4755795001983643,0.23006893694400787,44761
20250829_155721,-0.9186803698539734,-1.4755795001983643,0.22985176742076874,45008
20250829_155721,-0.9394181966781616,-1.4755795001983643,0.25979751348495483,44913
20250829_155721,-0.8896180987358093,-1.4755795001983643,0.24363014101982117,45053
20250829_155721,-0.8892112374305725,-1.4755795001983643,0.23122358322143555,45015
20250829_155721,-0.9160857796669006,-1.4755795001983643,0.22410041093826294,45013
20250829_155721,-0.9163185358047485,-1.4755795001983643,0.20421850681304932,45091
20250829_155721,-0.93300861120224,-1.4755795001983643,0.18988379836082458,44990
20250829_155721,-0.9721789956092834,-1.4755795001983643,0.19789807498455048,45206
20250829_155721,-0.8985155820846558,-5.1073174476623535,0.1932055652141571,44964
20250829_155721,-0.9309772253036499,-1.7458946704864502,0.20372222363948822,44985
20250829_155721,-0.9219510555267334,-1.6632555723190308,0.2217027246952057,44841
20250829_155721,-0.8937842845916748,-1.705843448638916,0.22225330770015717,44985
20250829_155721,-0.9133083820343018,-1.7038573026657104,0.22514525055885315,45008
20250829_155721,-0.9074511528015137,-1.7419652938842773,0.17299458384513855,44769
20250829_155721,-0.9153971076011658,-1.6910808086395264,0.16013777256011963,44967
20250829_155721,-0.8588566184043884,-1.6996581554412842,0.16520394384860992,45138
20250829_155721,-0.924204409122467,-1.7061620950698853,0.16587933897972107,45010
20250829_155721,-0.9155542254447937,-1.7211664915084839,0.17504249513149261,45136
20250829_155721,-0.8519001007080078,-1.6987621784210205,0.17749741673469543,45046
20250829_155721,-0.8672404289245605,-1.7197980880737305,0.176522359251976,44996
20250829_155721,-0.9253409504890442,-1.7148162126541138,0.17566582560539246,44952
20250829_155721,-0.9569141864776611,-1.695723056793213,0.20887011289596558,44953
20250829_155721,-0.9084396958351135,-1.7354680299758911,0.23062486946582794,44872
20250829_155721,-0.9010221362113953,-1.7125266790390015,0.20694774389266968,45142
20250829_155721,-0.8663011193275452,-1.736631155014038,0.18627384305000305,45181
20250829_155721,-0.876689612865448,-1.7170109748840332,0.19217127561569214,45008
20250829_155721,-0.882265567779541,-1.729202389717102,0.1975587159395218,45078
20250829_155721,-0.9074172377586365,-1.7443931102752686,0.17700257897377014,44958
20250829_155721,-0.8816885352134705,-1.7200407981872559,0.17743094265460968,44905
20250829_155721,-0.8977388143539429,-1.6922295093536377,0.18515132367610931,45117
20250829_155721,-0.8613792061805725,-1.7279653549194336,0.17675510048866272,45069
20250829_155721,-0.8242668509483337,-1.7088567018508911,0.17240312695503235,45139
20250829_155721,-0.8515483140945435,-1.7260252237319946,0.18219339847564697,44877
20250829_155721,-0.8619489073753357,-1.7391902208328247,0.1781703680753708,44970
20250829_155721,-0.9427501559257507,-1.7270503044128418,0.18992049992084503,44980
20250829_155721,-0.8593935966491699,-1.721293568611145,0.18382813036441803,45002
20250829_155721,-0.8924268484115601,-1.7439568042755127,0.15694500505924225,45003
20250829_155721,-0.8646881580352783,-1.725185513496399,0.15530799329280853,45019
20250829_155721,-0.7777654528617859,-1.734500527381897,0.17758534848690033,45647
20250829_155721,-0.8583300709724426,-1.7383357286453247,0.1910998821258545,44784
20250829_155721,-0.933588981628418,-1.7204701900482178,0.17829588055610657,44633
20250829_155721,-0.9019829630851746,-1.6877676248550415,0.18488162755966187,44841
20250829_155721,-0.8846127390861511,-1.7233014106750488,0.16773800551891327,45015
20250829_155721,-0.845376193523407,-1.7300362586975098,0.15578904747962952,45060
20250829_155721,-0.839303195476532,-1.718769907951355,0.15828341245651245,45064
20250829_155721,-0.8226497769355774,-1.7044391632080078,0.16468870639801025,45137
20250829_155721,-0.8562217354774475,-1.7368686199188232,0.16196537017822266,45021
20250829_155721,-0.8602743744850159,-1.7380259037017822,0.16220402717590332,44924
20250829_155721,-0.8854449987411499,-1.736804723739624,0.1642540693283081,44982
20250829_155721,-0.860220193862915,-1.7438443899154663,0.16984699666500092,44843
20250829_155721,-0.8392401337623596,-1.739308476448059,0.17550402879714966,45126
20250829_155721,-0.813146710395813,-1.7087880373001099,0.16831645369529724,45082
20250829_155721,-0.7955890893936157,-1.7341597080230713,0.17647062242031097,45057
20250829_155721,-0.8408281207084656,-1.7230453491210938,0.1708063930273056,44906
20250829_155721,-0.8962789177894592,-1.7285065650939941,0.17052102088928223,44804
20250829_155721,-0.848166823387146,-1.7199901342391968,0.1732822060585022,44946
20250829_155721,-0.8504779934883118,-1.7275232076644897,0.1797344982624054,44963
20250829_155721,-0.8233036398887634,-1.7266714572906494,0.17861966788768768,45048
20250829_155721,-0.8059592843055725,-1.7213703393936157,0.18316484987735748,45084
20250829_155721,-0.8263499140739441,-1.737991452217102,0.19886590540409088,44879
20250829_155721,-0.7915258407592773,-1.7212483882904053,0.20014914870262146,44985
20250829_155721,-0.8640626072883606,-1.704056739807129,0.20221923291683197,44823
20250829_155721,-0.8431513905525208,-1.7166205644607544,0.21317829191684723,44885
20250829_155721,-0.7969828248023987,-1.7448867559432983,0.20649205148220062,44991
20250829_155721,-0.8039077520370483,-1.722919225692749,0.2158583700656891,45125
20250829_155721,-0.7885852456092834,-1.7170815467834473,0.20557476580142975,45063
20250829_155721,-0.8161724209785461,-1.7069995403289795,0.2146642953157425,45012
20250829_155721,-0.8344773650169373,-1.7319190502166748,0.22661742568016052,44926
20250829_155721,-0.8217191100120544,-1.7199866771697998,0.23591679334640503,44883
20250829_155721,-0.8013525605201721,-1.7244415283203125,0.23981806635856628,44907
20250829_155721,-0.7936439514160156,-1.710469126701355,0.2345632165670395,44966
20250829_155721,-0.7773981094360352,-1.7004722356796265,0.2350592017173767,45035
20250829_155721,-0.7797620296478271,-1.7139252424240112,0.23192527890205383,45030
20250829_155721,-0.7855778336524963,-1.7518738508224487,0.2358015477657318,44796
20250829_155722,-0.8185288310050964,-1.708465576171875,0.23079945147037506,44853
20250829_155722,-0.8444257378578186,-1.7322499752044678,0.23509927093982697,44881
20250829_155722,-0.7961382865905762,-1.715746521949768,0.2449222207069397,44895
20250829_155722,-0.7850415706634521,-1.7031587362289429,0.24497902393341064,44982
20250829_155722,-0.7947724461555481,-1.7220005989074707,0.23479734361171722,44886
20250829_155722,-0.7403408288955688,-1.6946170330047607,0.2408473938703537,45049
20250829_155722,-0.80330491065979,-1.7228147983551025,0.2394736111164093,44863
20250829_155722,-0.8133344054222107,-1.7057183980941772,0.24107275903224945,44863
20250829_155722,-0.7842717170715332,-1.6971427202224731,0.2565717101097107,44917
20250829_155722,-0.7588971853256226,-1.719045639038086,0.24661873281002045,44962
20250829_155722,-0.7449653744697571,-1.7163889408111572,0.23811887204647064,45049
20250829_155722,-0.7100652456283569,-1.7377852201461792,0.24851229786872864,45290
20250829_155722,-0.7495147585868835,-1.723272442817688,0.2471415102481842,44997
20250829_155722,-0.8204556107521057,-1.6965388059616089,0.24853935837745667,44352
20250829_155722,-0.7917532920837402,-1.7006947994232178,0.24785198271274567,44862
20250829_155722,-0.7695867419242859,-1.7269901037216187,0.24232393503189087,44920
20250829_155722,-0.7434957027435303,-1.722570776939392,0.24483586847782135,44936
20250829_155722,-0.7100338339805603,-1.7035775184631348,0.24100446701049805,45056
20250829_155722,-0.7199574112892151,-1.7094721794128418,0.23658320307731628,45035
20250829_155722,-0.7560702562332153,-1.7101480960845947,0.23826353251934052,44958
20250829_155722,-0.7800920009613037,-1.7263059616088867,0.2297704815864563,44838
20250829_155722,-0.7835655212402344,-1.707240104675293,0.2363985925912857,44808
20250829_155722,-0.7424572706222534,-1.7020227909088135,0.2358676642179489,44969
20250829_155722,-0.6991599202156067,-1.724957823753357,0.2346809208393097,45033
20250829_155722,-0.6972092390060425,-1.7001653909683228,0.2157870978116989,45091
20250829_155722,-0.7370468378067017,-1.6965340375900269,0.21174433827400208,44979
20250829_155722,-0.7426047325134277,-1.7144299745559692,0.20899255573749542,44899
20250829_155722,-0.7586196660995483,-1.7150096893310547,0.21799810230731964,44796
20250829_155722,-0.7754659652709961,-1.7279210090637207,0.21865154802799225,44778
20250829_155722,-0.7191722393035889,-1.6981686353683472,0.21770736575126648,44984
20250829_155722,-0.6702660918235779,-1.7033088207244873,0.19716458022594452,45119
20250829_155722,-0.674875795841217,-1.7220346927642822,0.1968417763710022,45059
20250829_155722,-0.7240654826164246,-1.705916404724121,0.19516722857952118,44940
20250829_155722,-0.7379434108734131,-1.71125328540802,0.19416123628616333,44859
20250829_155722,-0.7454985976219177,-1.7183507680892944,0.1958979219198227,44859
20250829_155722,-0.7425287365913391,-1.7058751583099365,0.20946407318115234,44897
20250829_155722,-0.6679587960243225,-1.7114300727844238,0.19120943546295166,45225
20250829_155722,-0.6875283122062683,-1.7247847318649292,0.18705664575099945,45094
20250829_155722,-0.7005947828292847,-1.712480068206787,0.18404972553253174,45056
20250829_155722,-0.7055632472038269,-1.7211065292358398,0.17471912503242493,45062
20250829_155722,-0.7331947684288025,-1.7193447351455688,0.17348727583885193,44860
20250829_155722,-0.7193886041641235,-1.7224408388137817,0.17697276175022125,44882
20250829_155722,-0.7294158339500427,-1.7026517391204834,0.1705307960510254,44964
20250829_155722,-0.6579638123512268,-1.7203271389007568,0.1611751914024353,45049
20250829_155722,-0.632533073425293,-1.759138584136963,0.169613778591156,45416
20250829_155722,-0.7165047526359558,-1.6654441356658936,0.15648998320102692,44751
20250829_155722,-0.7053218483924866,-1.7428983449935913,0.1478779911994934,44843
20250829_155722,-0.7133088111877441,-1.7148735523223877,0.14327223598957062,44976
20250829_155722,-0.6981481909751892,-1.7281864881515503,0.14477933943271637,44975
20250829_155722,-0.6959971189498901,-1.7194066047668457,0.13684457540512085,45025
20250829_155722,-0.6553459167480469,-1.7063032388687134,0.12611176073551178,45131
20250829_155722,-0.6467647552490234,-1.7192028760910034,0.11544947326183319,45148
20250829_155722,-0.6841719150543213,-1.7090750932693481,0.1186513677239418,45095
20250829_155722,-0.7221680879592896,-1.7245360612869263,0.11693452298641205,44901
20250829_155722,-0.7160334587097168,-1.7267130613327026,0.1154300644993782,44966
20250829_155722,-0.7382465600967407,-1.7375956773757935,0.08422252535820007,44991
20250829_155722,-0.6622191071510315,-1.7295753955841064,0.08073464035987854,45109
20250829_155722,-0.6522570848464966,-1.7179453372955322,0.09303373098373413,45179
20250829_155722,-0.6854353547096252,-1.708822250366211,0.09662371128797531,45082
20250829_155722,-0.6816139817237854,-1.7496318817138672,0.08535349369049072,44889
20250829_155722,-0.7199466228485107,-1.7153006792068481,0.08775722980499268,44988
20250829_155722,-0.7228834629058838,-1.6808570623397827,0.048985257744789124,44968
20250829_155722,-0.6916471123695374,-1.7058062553405762,0.04369669407606125,44986
20250829_155722,-0.6674394011497498,-1.7106220722198486,0.044667184352874756,45117
20250829_155722,-0.6396830677986145,-1.7443417310714722,0.07840719074010849,54816
20250829_155722,-0.692421019077301,-1.6829912662506104,0.04534178599715233,45112
20250829_155722,-0.7153648138046265,-1.7115440368652344,0.043511003255844116,45112
20250829_155722,-0.7157419323921204,-1.7141214609146118,0.04745229333639145,45112
20250829_155722,-0.6886065006256104,-1.7242103815078735,0.04679081588983536,45112
20250829_155722,-0.6827623844146729,-1.7154897451400757,0.03561961278319359,45112
20250829_155722,-0.658143937587738,-1.703063726425171,0.03044961206614971,45112
20250829_155722,-0.6386386752128601,-1.7577931880950928,0.04969201982021332,45112
20250829_155722,-0.7029876112937927,-1.6770399808883667,0.011348634026944637,45112
20250829_155722,-0.7003844380378723,-1.7103877067565918,0.006879257969558239,45112
20250829_155722,-0.6810322403907776,-1.7448761463165283,0.04345635697245598,45112
20250829_155722,-0.7237269878387451,-1.6874674558639526,-0.002863909350708127,45112
20250829_155722,-0.6825863718986511,-1.715855598449707,-0.0031177308410406113,45112
20250829_155722,-0.6939791440963745,-1.7089526653289795,-0.005561650265008211,45112
20250829_155722,-0.6704358458518982,-1.712846040725708,-0.035576991736888885,45112
20250829_155722,-0.681130051612854,-1.706629991531372,-0.03765200078487396,45112
20250829_155722,-0.7076002955436707,-1.7121660709381104,-0.04118992015719414,45112
20250829_155722,-0.735008716583252,-1.7279902696609497,-0.0261668860912323,45112
20250829_155722,-0.7604798078536987,-1.7087548971176147,-0.0306069515645504,42000
20250829_155722,-0.6613642573356628,-1.715230107307434,-0.025182543322443962,44933
20250829_155722,-0.7148010730743408,-1.6753268241882324,-0.02369232475757599,44919
20250829_155722,-0.6356368660926819,-1.7499021291732788,0.00997928250581026,44979
20250829_155722,-0.6008224487304688,-1.7670601606369019,-0.004944443702697754,44979
20250829_155722,-0.6985566020011902,-1.7105882167816162,0.013569215312600136,44734
20250829_155722,-0.7205447554588318,-1.7207931280136108,0.01957160048186779,44678
20250829_155722,-0.7156397104263306,-1.7044508457183838,0.0241701602935791,44788
20250829_155722,-0.6925341486930847,-1.7046470642089844,0.022263450548052788,44880
20250829_155722,-0.670360267162323,-1.6926528215408325,0.021080533042550087,44946
20250829_155722,-0.6696973443031311,-1.7114909887313843,0.016925938427448273,45079
20250829_155722,-0.7036430239677429,-1.7061948776245117,0.0190998837351799,44831
20250829_155722,-0.7335671782493591,-1.6901832818984985,0.02200832962989807,44760
20250829_155722,-0.7457383871078491,-1.7019662857055664,0.03249213099479675,44713
20250829_155722,-0.7149050831794739,-1.7041362524032593,0.027380002662539482,44855
20250829_155722,-0.6898528933525085,-1.6967031955718994,0.015955736860632896,45003
20250829_155722,-0.672553300857544,-1.7061461210250854,0.01328305620700121,44996
20250829_155722,-0.7132263779640198,-1.7003377676010132,0.01455351710319519,45011
20250829_155723,-0.7436447739601135,-1.6976070404052734,0.015379317104816437,44833
20250829_155723,-0.7488027215003967,-1.703052043914795,0.019601479172706604,44790
20250829_155723,-0.7983574271202087,-1.7018706798553467,0.0210783202201128,44618
20250829_155723,-0.7121527194976807,-1.7017561197280884,0.03160018473863602,44879
20250829_155723,-0.6608805656433105,-1.6753690242767334,0.023261919617652893,45139
20250829_155723,-0.658430278301239,-1.7302805185317993,0.056255776435136795,45005
20250829_155723,-0.7466499209403992,-1.6525154113769531,0.024841615930199623,44919
20250829_155723,-0.7557839155197144,-1.6993745565414429,0.02908204309642315,44780
20250829_155723,-0.7754468321800232,-1.7042937278747559,0.03927928954362869,44625
20250829_155723,-0.7207003235816956,-1.6960864067077637,0.04725121334195137,44878
20250829_155723,-0.6882550716400146,-1.6920764446258545,0.03897163271903992,45018
20250829_155723,-0.7103506922721863,-1.6793822050094604,0.04409131407737732,44944
