time_s,roll_command,pitch_command,yaw_command,thrust_command
20250829_151550,0.0,-0.055843889713287354,1.3005977869033813,55000
20250829_151550,0.0,-0.0531877838075161,1.2977080345153809,55000
20250829_151550,0.0,-0.05221226066350937,1.290307641029358,55000
20250829_151550,0.0,-0.03412401303648949,1.303885817527771,55000
20250829_151550,0.0,-0.05382351577281952,1.3012112379074097,55000
20250829_151550,0.0,-0.04984875023365021,1.2946971654891968,55000
20250829_151550,0.0,-0.0321253165602684,1.3046315908432007,55000
20250829_151550,0.0,-0.054918739944696426,1.3089191913604736,55000
20250829_151550,0.0,-0.07567799091339111,1.285050392150879,55000
20250829_151550,0.0,-0.0298131313174963,1.2982213497161865,55000
20250829_151550,0.0,-0.04988376051187515,1.2991280555725098,55000
20250829_151550,0.0,-0.046744078397750854,1.2781447172164917,55000
20250829_151550,0.0,-0.03452017903327942,1.2899119853973389,55000
20250829_151550,0.0,-0.0676911398768425,1.3085944652557373,55000
20250829_151550,0.0,-0.085817351937294,1.236189842224121,55000
20250829_151550,0.0,-0.03339928761124611,1.2834153175354004,55000
20250829_151550,0.0,-0.04832175746560097,1.2814643383026123,55000
20250829_151550,0.0,-0.03184972330927849,1.2720035314559937,55000
20250829_151550,0.0,-0.05090135708451271,1.2786304950714111,55000
20250829_151550,0.0,-0.070648193359375,1.2810945510864258,55000
20250829_151550,0.0,-0.04508128762245178,1.2819050550460815,55000
20250829_151550,0.0,-0.05198172107338905,1.2868940830230713,55000
20250829_151550,0.0,-0.03301277011632919,1.3054115772247314,55000
20250829_151550,0.0,-0.03032795898616314,1.3229955434799194,55000
20250829_151550,0.0,-0.02672167681157589,1.3288921117782593,55000
20250829_151550,0.0,-0.0377926230430603,1.3209892511367798,55000
20250829_151550,0.0,-0.03393084928393364,1.289699912071228,55000
20250829_151550,0.0,-0.06629113107919693,1.269844651222229,55000
20250829_151550,0.0,-0.0923265814781189,1.218437671661377,55000
20250829_151550,0.0,-0.0504569411277771,1.1869593858718872,55000
20250829_151550,0.0,-0.07499080151319504,1.1410235166549683,55000
20250829_151550,0.0,-0.08677640557289124,1.1143901348114014,55000
20250829_151550,0.0,-0.12494996935129166,1.0690104961395264,55000
20250829_151550,0.0,-0.109175905585289,1.0622135400772095,55000
20250829_151550,0.0,-0.1596614271402359,1.0360941886901855,55000
20250829_151550,0.0,-0.15804679691791534,0.9337477684020996,55000
20250829_151550,0.0,-0.16134074330329895,0.9537209272384644,55000
20250829_151550,0.0,-0.12116953730583191,0.8882126212120056,54910
20250829_151550,0.0,-0.20567351579666138,0.8166636228561401,54782
20250829_151550,0.0,-0.17494624853134155,0.7312531471252441,54740
20250829_151550,0.0,-0.21148890256881714,0.7083284854888916,54295
20250829_151550,0.0,-0.26408788561820984,0.6490687727928162,53882
20250829_151550,0.0,-0.24677413702011108,0.6307799816131592,53535
20250829_151550,0.0,-0.2689794898033142,0.5964055061340332,53194
20250829_151550,0.0,-0.23395484685897827,0.5502133369445801,52825
20250829_151550,4.6132025718688965,-0.2586122751235962,0.5474222898483276,52681
20250829_151550,0.2651972770690918,-0.272957444190979,0.4985458254814148,51873
20250829_151550,0.2292426973581314,-0.33031314611434937,0.47425997257232666,52144
20250829_151550,0.31952008605003357,-0.27940940856933594,0.44946709275245667,51632
20250829_151550,0.27265122532844543,-0.3333108127117157,0.40194419026374817,50770
20250829_151550,0.26361438632011414,-0.30249449610710144,0.42277801036834717,51214
20250829_151550,0.2550394833087921,-0.3678765594959259,0.3756902813911438,50773
20250829_151550,0.27944427728652954,-0.36058056354522705,0.3488881587982178,50228
20250829_151550,0.2265658974647522,-0.3703279495239258,0.32774150371551514,50359
20250829_151550,0.19458934664726257,-0.4456111788749695,0.25335371494293213,49499
20250829_151550,0.25778093934059143,-0.41930633783340454,0.23392455279827118,49340
20250829_151550,0.19110098481178284,-0.38350382447242737,0.21325817704200745,49553
20250829_151550,0.2589941620826721,-0.39868825674057007,0.22560004889965057,48935
20250829_151550,0.2131066918373108,-0.44037607312202454,0.19281436502933502,48849
20250829_151550,0.17179684340953827,-0.4302530586719513,0.17902624607086182,48545
20250829_151550,0.2257271558046341,-0.4461824595928192,0.13345664739608765,48503
20250829_151550,0.20183663070201874,-0.46483758091926575,0.10679053515195847,48193
20250829_151550,0.2721450626850128,-0.47929254174232483,0.07424309104681015,47616
20250829_151550,0.1695251613855362,-0.4456110894680023,0.06883463263511658,48053
20250829_151550,0.21331709623336792,-0.4695773124694824,0.059948939830064774,47141
20250829_151550,0.19573874771595,-0.5150738954544067,0.035082150250673294,47443
20250829_151550,0.11224424839019775,-0.5251725912094116,-0.003477561054751277,47023
20250829_151550,0.1312028020620346,-0.5053649544715881,-0.038971785455942154,47336
20250829_151550,0.10481381416320801,-0.5456558465957642,-0.06551821529865265,46826
20250829_151550,0.1272655576467514,-0.5364885926246643,-0.09910417348146439,46607
20250829_151550,0.10557646304368973,-0.5305989384651184,-0.0844622328877449,46480
20250829_151550,0.18299278616905212,-0.5629389882087708,-0.13525576889514923,46806
20250829_151550,0.11614447832107544,-0.5903952717781067,-0.14464333653450012,45725
20250829_151550,0.09860499203205109,-0.5492482781410217,-0.1575382947921753,46511
20250829_151550,0.08998003602027893,-0.595977246761322,-0.17314541339874268,45671
20250829_151550,0.03926600515842438,-0.6092366576194763,-0.18955063819885254,45955
20250829_151550,0.06132085993885994,-0.5814515948295593,-0.19554363191127777,45347
20250829_151551,0.06822104007005692,-0.588381290435791,-0.1775268167257309,45564
20250829_151551,0.0689278319478035,-0.5862045288085938,-0.20770643651485443,45477
20250829_151551,0.06139882281422615,-0.59547358751297,-0.19137519598007202,45288
20250829_151551,0.016583146527409554,-0.5959559082984924,-0.20766127109527588,45239
20250829_151551,0.05807642266154289,-0.6723464727401733,-0.2166135460138321,45045
20250829_151551,0.05447535961866379,-0.6283906698226929,-0.23307310044765472,44886
20250829_151551,-0.0029954665806144476,-0.6354385018348694,-0.23079459369182587,44809
20250829_151551,0.031902723014354706,-0.6405941843986511,-0.2183246612548828,44762
20250829_151551,-0.013205369003117085,-0.6536140441894531,-0.2023375928401947,44707
20250829_151551,0.012427611276507378,-0.6872453689575195,-0.23419919610023499,44848
20250829_151551,-0.01815202459692955,-0.6808906197547913,-0.2359716147184372,44146
20250829_151551,-0.06092846021056175,-0.7034098505973816,-0.24542351067066193,44563
20250829_151551,-0.054144348949193954,-0.651936948299408,-0.31030282378196716,44339
20250829_151551,-0.06595633924007416,-0.6741921901702881,-0.2853327989578247,44356
20250829_151551,-0.01702982746064663,-0.6954554319381714,-0.2843422293663025,44075
20250829_151551,0.00935378111898899,-0.7336791157722473,-0.2642858326435089,43596
20250829_151551,-0.07853960990905762,-0.7131006717681885,-0.28113648295402527,44041
20250829_151551,0.012108935043215752,-0.7384760975837708,-0.2772602438926697,44132
20250829_151551,-0.026454579085111618,-0.7528425455093384,-0.20395822823047638,43875
20250829_151551,-0.034569550305604935,-0.7098730802536011,-0.2401592880487442,43766
20250829_151551,-0.06314439326524734,-0.7130471467971802,-0.26623114943504333,44000
20250829_151551,-0.04349390044808388,-0.7451759576797485,-0.24873997271060944,43661
20250829_151551,0.0129253463819623,-0.7745600342750549,-0.22345219552516937,43429
20250829_151551,-0.04730362817645073,-0.7773950099945068,-0.16037853062152863,44014
20250829_151551,-0.05655805766582489,-0.8252813816070557,-0.16741159558296204,42908
20250829_151551,-0.07799374312162399,-0.7335690259933472,-0.19010071456432343,43525
20250829_151551,-0.030355365946888924,-0.7701808214187622,-0.1864946037530899,43770
20250829_151551,-0.041083600372076035,-0.7694082260131836,-0.1684432476758957,43336
20250829_151551,-0.10149602591991425,-0.7625429034233093,-0.22217772901058197,43685
20250829_151551,-0.02785990945994854,-0.8718687295913696,-0.17545869946479797,42739
20250829_151551,-0.0851568803191185,-0.7772228717803955,-0.1571957767009735,43759
20250829_151551,-0.10301078855991364,-0.8085106611251831,-0.18541845679283142,43327
20250829_151551,-0.06706731021404266,-0.8160555958747864,-0.19437891244888306,43382
20250829_151551,-0.08002189546823502,-0.8097381591796875,-0.18469813466072083,43411
20250829_151551,-0.05196746438741684,-0.8442271947860718,-0.17795158922672272,43323
20250829_151551,-0.11313117295503616,-0.8410624265670776,-0.13897041976451874,43313
20250829_151551,-0.06006311625242233,-0.8718490600585938,-0.144814595580101,43249
20250829_151551,-0.07427981495857239,-0.8703200221061707,-0.15815864503383636,43146
20250829_151551,-0.08267731219530106,-0.8292727470397949,-0.15103945136070251,43228
20250829_151551,-0.08848855644464493,-0.8707188963890076,-0.1418362557888031,43195
20250829_151551,-0.08875520527362823,-0.835015594959259,-0.0956823006272316,43343
20250829_151551,-0.08887246996164322,-0.8482023477554321,-0.06916037201881409,43233
20250829_151551,-0.051621921360492706,-0.9007269144058228,-0.09837830811738968,43161
20250829_151551,-0.06309770792722702,-0.8763642311096191,-0.07460162788629532,42986
20250829_151551,-0.1220586970448494,-0.9009968042373657,-0.09472747147083282,43046
20250829_151551,-0.10439793020486832,-0.8933783173561096,-0.07385152578353882,42990
20250829_151551,-0.06740225106477737,-0.8476219773292542,-0.07974401116371155,43192
20250829_151551,-0.09501112997531891,-0.8985609412193298,-0.051173269748687744,43198
20250829_151551,-0.04276034235954285,-0.8944385051727295,-0.04542090371251106,43251
20250829_151551,-0.10989487171173096,-0.9399095773696899,-0.04134758561849594,42894
20250829_151551,-0.0966889038681984,-0.9159074425697327,-0.02506701834499836,43193
20250829_151551,-0.09833140671253204,-0.9220699667930603,-0.021173590794205666,42993
20250829_151551,-0.08834058046340942,-0.9440509676933289,-0.02089831233024597,43183
20250829_151551,-0.04962504655122757,-0.9397544860839844,-0.033283453434705734,43261
20250829_151551,-0.06149587035179138,-0.9394499063491821,-0.01603909209370613,43183
20250829_151551,-0.06400035321712494,-0.9280174970626831,0.002313373377546668,43182
20250829_151551,-4.709668159484863,-0.9674137234687805,-0.009089671075344086,43233
20250829_151551,0.008709575980901718,-0.9659965634346008,-0.0336918905377388,43138
20250829_151551,0.008709575980901718,-0.9679278135299683,-0.01335960254073143,43263
20250829_151551,0.008709575980901718,-0.9492836594581604,-0.006462442688643932,43252
20250829_151551,0.008709575980901718,-0.9814047813415527,-0.04423898831009865,43451
20250829_151551,0.008709575980901718,-1.0042521953582764,-0.008335762657225132,43240
20250829_151551,0.008709575980901718,-0.9727492332458496,-0.012025420553982258,43538
20250829_151551,0.008709575980901718,-1.0130025148391724,-0.03369244933128357,43249
20250829_151551,0.008709575980901718,-0.9682914018630981,-0.012078559026122093,43330
20250829_151551,0.008709575980901718,-1.001589059829712,-0.025652220472693443,43515
20250829_151551,0.008709575980901718,-1.0274471044540405,-0.015040063299238682,43305
20250829_151551,0.008709575980901718,-0.9740419387817383,0.0036604665219783783,43459
20250829_151551,0.008709575980901718,-1.028929352760315,-0.010095125064253807,43562
20250829_151551,0.008709575980901718,-1.0206233263015747,0.014964086003601551,43470
20250829_151551,0.008709575980901718,-1.0261390209197998,0.0033060715068131685,43567
20250829_151551,0.008709575980901718,-1.0442895889282227,0.013531350530683994,43538
20250829_151551,0.008709575980901718,-1.0244578123092651,0.00907176360487938,43646
20250829_151551,0.008709575980901718,-1.0459702014923096,0.03390795364975929,43664
20250829_151551,0.008709575980901718,-1.084191083908081,0.023604875430464745,43491
20250829_151551,0.008709575980901718,-1.012155532836914,0.031231122091412544,43707
20250829_151551,0.008709575980901718,-1.045474648475647,0.042540185153484344,43653
20250829_151551,0.008709575980901718,-1.064733862876892,0.06485512107610703,43560
20250829_151551,0.008709575980901718,-1.0201677083969116,0.040344685316085815,43953
20250829_151551,0.008709575980901718,-1.0895049571990967,0.06598617136478424,43665
20250829_151551,0.008709575980901718,-1.0421292781829834,0.07085967063903809,43818
20250829_151551,0.008709575980901718,-1.0790001153945923,0.07261411100625992,43719
20250829_151551,0.008709575980901718,-1.0834907293319702,0.0600973479449749,43745
20250829_151551,0.008709575980901718,-1.0541528463363647,0.08610355108976364,44030
20250829_151551,0.008709575980901718,-1.0860629081726074,0.1036960780620575,42000
20250829_151551,0.008709575980901718,-1.0598533153533936,0.10516669601202011,46783
20250829_151551,0.008709575980901718,-1.069389820098877,0.11934977769851685,46783
20250829_151551,0.008709575980901718,-1.0894120931625366,0.10444682836532593,46783
20250829_151551,0.008709575980901718,-1.085006833076477,0.1300165206193924,46783
20250829_151551,0.008709575980901718,-1.070833444595337,0.13166016340255737,46783
20250829_151551,0.008709575980901718,-1.128296136856079,0.12648746371269226,46783
20250829_151551,0.008709575980901718,-1.106442928314209,0.16709071397781372,42000
20250829_151551,0.008709575980901718,-1.1005828380584717,0.1530306041240692,44085
20250829_151551,0.008709575980901718,-1.1258465051651,0.13856454193592072,43978
20250829_151551,0.008709575980901718,-1.1083190441131592,0.14932070672512054,44018
20250829_151551,0.008709575980901718,-1.1312592029571533,0.13855156302452087,43892
20250829_151551,0.008709575980901718,-1.0848196744918823,0.1276017427444458,44044
20250829_151551,0.008709575980901718,-1.1230474710464478,0.14646315574645996,43885
20250829_151551,0.008709575980901718,-1.1169536113739014,0.14870579540729523,43972
20250829_151551,0.008709575980901718,-1.1234933137893677,0.1694461703300476,44040
20250829_151552,0.008709575980901718,-1.1278839111328125,0.16399498283863068,44042
20250829_151552,0.008709575980901718,-1.1522119045257568,0.176706001162529,43926
20250829_151552,0.008709575980901718,-1.123813271522522,0.1638403683900833,44004
20250829_151552,0.008709575980901718,-1.1298339366912842,0.1659189611673355,44085
20250829_151552,0.008709575980901718,-1.1495692729949951,0.16826827824115753,43917
20250829_151552,0.008709575980901718,-1.1335887908935547,0.1733383685350418,44073
20250829_151552,0.008709575980901718,-1.1466563940048218,0.16569797694683075,43938
20250829_151552,0.008709575980901718,-1.131920576095581,0.19114632904529572,44190
20250829_151552,0.008709575980901718,-1.1618255376815796,0.19811396300792694,43996
20250829_151552,0.008709575980901718,-1.1361825466156006,0.20127896964550018,44092
20250829_151552,0.008709575980901718,-1.1643551588058472,0.19986267387866974,44227
20250829_151552,0.008709575980901718,-1.1709710359573364,0.17905637621879578,44181
20250829_151552,0.008709575980901718,-1.1629014015197754,0.18732333183288574,44251
20250829_151552,0.008709575980901718,-1.1862484216690063,0.1866428554058075,44149
20250829_151552,0.008709575980901718,-1.1542422771453857,0.20446132123470306,44318
20250829_151552,0.008709575980901718,-1.1833101511001587,0.20334750413894653,44156
20250829_151552,0.008709575980901718,-1.1419422626495361,0.21418705582618713,44270
20250829_151552,0.008709575980901718,-1.1957179307937622,0.20668093860149384,44178
20250829_151552,0.008709575980901718,-1.175100326538086,0.22121983766555786,44308
20250829_151552,0.008709575980901718,-1.1768475770950317,0.23389820754528046,44442
20250829_151552,0.008709575980901718,-1.1796878576278687,0.2350853830575943,44424
20250829_151552,0.008709575980901718,-1.211366891860962,0.24677026271820068,44427
20250829_151552,0.008709575980901718,-1.2072852849960327,0.24688248336315155,44352
20250829_151552,-4.682575225830078,-1.202886700630188,0.2356390804052353,44433
20250829_151552,-0.19348548352718353,-1.1947230100631714,0.2643345594406128,44564
20250829_151552,-0.19239790737628937,-1.211623191833496,0.2580096125602722,44561
20250829_151552,-0.18217337131500244,-1.1761970520019531,0.285736083984375,44539
20250829_151552,-0.21806839108467102,-1.2184034585952759,0.2700750529766083,44600
20250829_151552,-0.2368841916322708,-1.2065156698226929,0.2788526117801666,44559
20250829_151552,-0.2597940266132355,-1.216612696647644,0.27837029099464417,44541
20250829_151552,-0.309899240732193,-1.2296054363250732,0.27447205781936646,44537
20250829_151552,-0.20767351984977722,-1.2365601062774658,0.2959572672843933,44775
20250829_151552,-0.22908319532871246,-1.2169914245605469,0.2837309241294861,44742
20250829_151552,-0.2310657650232315,-1.2179932594299316,0.281054824590683,44803
20250829_151552,-0.21255551278591156,-1.260750412940979,0.2912692725658417,44760
20250829_151552,-0.2786107063293457,-1.220496654510498,0.29493728280067444,44776
20250829_151552,-0.2475375235080719,-1.2191755771636963,0.29039818048477173,44840
20250829_151552,-0.274402916431427,-1.2532681226730347,0.2838594913482666,44798
20250829_151552,-0.26866415143013,-1.2323246002197266,0.28517842292785645,44878
20250829_151552,-0.2156156450510025,-1.2660331726074219,0.2862316071987152,44926
20250829_151552,-0.2578149139881134,-1.2310541868209839,0.33060988783836365,44958
20250829_151552,-0.3375411331653595,-1.264731764793396,0.31097978353500366,44938
20250829_151552,-0.2829611897468567,-1.2526923418045044,0.30963677167892456,44909
20250829_151552,-0.2514766454696655,-1.2678093910217285,0.3156455159187317,44992
20250829_151552,-0.2618260383605957,-1.2594844102859497,0.3103552460670471,45037
20250829_151552,-0.23707762360572815,-1.2602571249008179,0.3238096833229065,45062
20250829_151552,-0.2581453025341034,-1.2404637336730957,0.3323671817779541,45058
20250829_151552,-0.2938878834247589,-1.2738025188446045,0.3261737525463104,45042
20250829_151552,-0.35806581377983093,-1.2661781311035156,0.3159301280975342,44916
20250829_151552,-0.283077597618103,-1.2712651491165161,0.34284982085227966,44993
20250829_151552,-0.29246580600738525,-1.2611432075500488,0.34093761444091797,45148
20250829_151552,-0.26933401823043823,-1.271295428276062,0.34546953439712524,45170
20250829_151552,-0.2378436177968979,-1.2987385988235474,0.3574947416782379,45186
20250829_151552,-0.24724441766738892,-1.2600046396255493,0.3704468607902527,45251
20250829_151552,-0.3450215458869934,-1.3191332817077637,0.3593495488166809,45135
20250829_151552,-0.3151107728481293,-1.2893424034118652,0.3606080114841461,45201
20250829_151552,-0.3069075047969818,-1.286794900894165,0.3463628888130188,45201
20250829_151552,-0.2779676914215088,-1.2719218730926514,0.3625430166721344,45195
20250829_151552,-0.28611332178115845,-1.318590760231018,0.40445104241371155,45313
20250829_151552,-0.27385538816452026,-1.2795268297195435,0.4006851315498352,45316
20250829_151552,-0.3637756109237671,-1.2740036249160767,0.3996817469596863,45123
20250829_151552,-0.32984545826911926,-1.3477823734283447,0.38169488310813904,45416
20250829_151552,-0.31263214349746704,-1.2862039804458618,0.37561705708503723,45322
20250829_151552,-0.3369799852371216,-1.300368309020996,0.37468355894088745,45441
20250829_151552,-0.29542621970176697,-1.3259036540985107,0.373810350894928,45396
20250829_151552,-0.30397287011146545,-1.3160536289215088,0.3827168047428131,45391
20250829_151552,-0.35150933265686035,-1.2694157361984253,0.3749130964279175,45350
20250829_151552,-0.3539443910121918,-1.353006362915039,0.38307657837867737,45298
20250829_151552,-0.27644699811935425,-1.2925896644592285,0.4097485840320587,45437
20250829_151552,-0.3244711756706238,-1.3386081457138062,0.4091629683971405,45444
20250829_151552,-0.3433181941509247,-1.3072712421417236,0.3957584798336029,45375
20250829_151552,-0.293368399143219,-1.3204346895217896,0.4017709195613861,45447
20250829_151552,-0.3218228220939636,-1.3437014818191528,0.40915611386299133,45540
20250829_151552,-0.3090936243534088,-1.3384068012237549,0.40078458189964294,45503
20250829_151552,-0.3554917871952057,-1.3167662620544434,0.3860657811164856,45475
20250829_151552,-0.36065176129341125,-1.3545271158218384,0.38994044065475464,45536
20250829_151552,-0.362671822309494,-1.3389077186584473,0.40148791670799255,45433
20250829_151552,-0.314775675535202,-1.341045618057251,0.4053834080696106,45544
20250829_151552,-0.3299756944179535,-1.3083245754241943,0.40273573994636536,45547
20250829_151552,-0.35475650429725647,-1.3333297967910767,0.4160913825035095,45407
20250829_151552,-0.3262813985347748,-1.3656442165374756,0.40754464268684387,45711
20250829_151552,-0.3316578269004822,-1.3460204601287842,0.41738876700401306,45651
20250829_151552,-0.34730595350265503,-1.331652045249939,0.40761250257492065,45532
20250829_151552,-0.37421491742134094,-1.3628977537155151,0.39273980259895325,45601
20250829_151552,-0.34953442215919495,-1.3274823427200317,0.38678446412086487,45578
20250829_151552,-0.3647511601448059,-1.3749889135360718,0.3952676057815552,45645
20250829_151552,-0.3610130548477173,-1.330204725265503,0.4226764440536499,45553
20250829_151552,-0.3435441553592682,-1.3598382472991943,0.4187595248222351,45665
20250829_151552,-0.35083532333374023,-1.3601254224777222,0.4251788854598999,45484
20250829_151552,-0.3929363489151001,-1.3716065883636475,0.3947584331035614,45743
20250829_151552,-0.3461989760398865,-1.3632844686508179,0.389980673789978,45563
20250829_151552,-0.3504374027252197,-1.3509771823883057,0.38914215564727783,45714
20250829_151552,-0.35658499598503113,-1.3787941932678223,0.3759150505065918,45660
20250829_151552,-0.3373968303203583,-1.3612593412399292,0.38124755024909973,45728
20250829_151552,-0.3409167230129242,-1.3826258182525635,0.3788380026817322,45730
20250829_151552,-0.4013388454914093,-1.3646023273468018,0.3815183639526367,45673
20250829_151552,-0.3954927921295166,-1.4022208452224731,0.3969189524650574,45635
20250829_151552,-0.4041648507118225,-1.3660508394241333,0.37974947690963745,45618
20250829_151552,-0.37580406665802,-1.368647813796997,0.3718983829021454,45751
20250829_151552,-0.3882473111152649,-1.3849759101867676,0.3598223626613617,45815
20250829_151553,-0.37087544798851013,-1.372211217880249,0.361261248588562,45792
20250829_151553,-0.3178241550922394,-1.369678020477295,0.37897545099258423,45646
20250829_151553,-0.38827982544898987,-1.3950083255767822,0.3777391016483307,45872
20250829_151553,-0.40351706743240356,-1.3797600269317627,0.36717191338539124,45732
20250829_151553,-0.4066659212112427,-1.3901348114013672,0.3690837621688843,45719
20250829_151553,-0.40160268545150757,-1.3893711566925049,0.36684009432792664,45761
20250829_151553,-0.4357210397720337,-1.398857831954956,0.36818668246269226,45744
20250829_151553,-0.36664316058158875,-1.3860023021697998,0.3640672266483307,45842
20250829_151553,-0.4074477255344391,-1.3875707387924194,0.36686423420906067,45785
20250829_151553,-0.41572850942611694,-1.3869361877441406,0.36922216415405273,45748
20250829_151553,-0.3812014162540436,-1.4054023027420044,0.3616085946559906,45781
20250829_151553,-0.3567838966846466,-1.4068747758865356,0.3749348521232605,45829
20250829_151553,-0.3819871246814728,-1.3926913738250732,0.36781924962997437,45803
20250829_151553,-0.45669758319854736,-1.4053480625152588,0.34632816910743713,45892
20250829_151553,-0.38580796122550964,-1.4178653955459595,0.3581594228744507,45931
20250829_151553,-0.4392324686050415,-1.4044145345687866,0.36354538798332214,45641
20250829_151553,-0.42093703150749207,-1.4349662065505981,0.3752663731575012,45923
20250829_151553,-0.393513023853302,-1.4081354141235352,0.37056779861450195,45874
20250829_151553,-0.4107630252838135,-1.4241807460784912,0.38333597779273987,45844
20250829_151553,-0.4266037940979004,-1.4201492071151733,0.3731881082057953,45892
20250829_151553,-0.4302716851234436,-1.4032756090164185,0.3526075780391693,45969
20250829_151553,-0.3844951093196869,-1.4288784265518188,0.3587131202220917,46018
20250829_151553,-0.42409929633140564,-1.4197806119918823,0.3683111369609833,45926
20250829_151553,-0.4143959879875183,-1.4101296663284302,0.3616342544555664,45865
20250829_151553,-0.46895021200180054,-1.4291914701461792,0.3577105402946472,45865
20250829_151553,-0.4500083923339844,-1.4174468517303467,0.3599003851413727,45952
20250829_151553,-0.4451577961444855,-1.4275726079940796,0.3600586950778961,45950
20250829_151553,-0.43523770570755005,-1.4362658262252808,0.3624784052371979,46018
20250829_151553,-0.4125867187976837,-1.4112225770950317,0.36187154054641724,45929
20250829_151553,-0.45178279280662537,-1.4359312057495117,0.3649415075778961,45907
20250829_151553,-0.45606115460395813,-1.4474596977233887,0.360132098197937,46012
20250829_151553,-0.40376976132392883,-1.4186962842941284,0.36606380343437195,45960
20250829_151553,-0.45762166380882263,-1.4501945972442627,0.35389819741249084,45945
20250829_151553,-0.4488198459148407,-1.4306612014770508,0.3518330752849579,46030
20250829_151553,-0.434257447719574,-1.415629267692566,0.3718523383140564,45885
20250829_151553,-0.48846468329429626,-1.4568959474563599,0.3842568099498749,45969
20250829_151553,-0.47171497344970703,-1.4426530599594116,0.3672984540462494,45963
20250829_151553,-0.47453027963638306,-1.4419153928756714,0.3705238401889801,45992
20250829_151553,-0.4339398443698883,-1.4557472467422485,0.3601778745651245,45998
20250829_151553,-0.45515844225883484,-1.460417628288269,0.36344462633132935,46055
20250829_151553,-0.47543948888778687,-1.455124020576477,0.3348759114742279,46107
20250829_151553,-0.39946824312210083,-1.4297438859939575,0.3421548902988434,46049
20250829_151553,-0.45745939016342163,-1.4630451202392578,0.34547731280326843,46013
20250829_151553,-0.4571560323238373,-1.4406706094741821,0.342450350522995,45956
20250829_151553,-0.4791957139968872,-1.440652847290039,0.35538628697395325,45978
20250829_151553,-0.5143232345581055,-1.4681795835494995,0.3646659553050995,45996
20250829_151553,-0.5074670314788818,-1.4472670555114746,0.3410305678844452,46015
20250829_151553,-0.4703584313392639,-1.445439338684082,0.3454553186893463,45990
20250829_151553,-0.4629647433757782,-1.4521098136901855,0.3418722450733185,45997
20250829_151553,-0.4943794012069702,-1.4593710899353027,0.3525716960430145,45969
20250829_151553,-0.4948548674583435,-1.4693338871002197,0.3478478491306305,46019
20250829_151553,-0.4563443660736084,-1.4569171667099,0.34734371304512024,45977
20250829_151553,-0.5065513253211975,-1.4673206806182861,0.3563978970050812,46003
20250829_151553,-0.505537748336792,-1.460040807723999,0.3478262424468994,46070
20250829_151553,-0.47798803448677063,-1.4392961263656616,0.3782637119293213,45829
20250829_151553,-0.46681836247444153,-1.4799805879592896,0.38563352823257446,46072
20250829_151553,-0.49812179803848267,-1.462786078453064,0.3692588210105896,46041
20250829_151553,-0.5840964317321777,-1.4577609300613403,0.29734495282173157,46014
20250829_151553,-0.48586612939834595,-1.4814261198043823,0.300954133272171,45967
20250829_151553,-0.44957196712493896,-1.4943866729736328,0.32146599888801575,46053
20250829_151553,-0.5167567729949951,-1.465376377105713,0.31296369433403015,46089
20250829_151553,-0.47125470638275146,-1.45760178565979,0.31550362706184387,46037
20250829_151553,-0.517255961894989,-1.4767564535140991,0.32677793502807617,46008
20250829_151553,-0.571290135383606,-1.478724718093872,0.3401415944099426,45866
20250829_151553,-0.5459657311439514,-1.4754670858383179,0.34023869037628174,45936
20250829_151553,-0.559216320514679,-1.4699828624725342,0.32197311520576477,45942
20250829_151553,-0.5044508576393127,-1.4685860872268677,0.31839436292648315,46053
20250829_151553,-0.5819444060325623,-1.4632717370986938,0.27675920724868774,46265
20250829_151553,-0.3749334216117859,-1.4878339767456055,0.3341123163700104,45842
20250829_151553,-0.5315257906913757,-1.4598480463027954,0.330724835395813,45923
20250829_151553,-0.5461297631263733,-1.494829773902893,0.32668259739875793,45881
20250829_151553,-0.54612797498703,-1.4635460376739502,0.35061731934547424,45949
20250829_151553,-0.5614362955093384,-1.4865951538085938,0.32911258935928345,46018
20250829_151553,-0.532374382019043,-1.4838523864746094,0.3558122515678406,45809
20250829_151553,-0.5995277166366577,-1.5025932788848877,0.30309781432151794,46403
20250829_151553,-0.5101158022880554,-1.4779422283172607,0.30178940296173096,45972
20250829_151553,-0.5554581880569458,-1.5174094438552856,0.2977561354637146,45939
20250829_151553,-0.47427821159362793,-1.494695782661438,0.35449886322021484,45704
20250829_151553,-0.582690954208374,-1.4695056676864624,0.34073758125305176,45921
20250829_151553,-0.5362616181373596,-1.49636971950531,0.3609602749347687,46034
20250829_151553,-0.508951723575592,-1.4916971921920776,0.3681440055370331,46015
20250829_151553,-0.6153746247291565,-1.4917349815368652,0.3451487123966217,45955
20250829_151553,-0.6156951189041138,-1.506154179573059,0.3119770288467407,46147
20250829_151553,-0.5598121285438538,-1.497742772102356,0.30170106887817383,45851
20250829_151553,-0.5791832208633423,-1.4912774562835693,0.31466251611709595,45887
20250829_151553,-0.5567038655281067,-1.5053411722183228,0.32101720571517944,45945
20250829_151553,-0.4876819849014282,-1.5021306276321411,0.36573606729507446,45775
20250829_151553,-0.5408321619033813,-1.4958139657974243,0.3764248490333557,45850
20250829_151553,-0.6260742545127869,-1.4848980903625488,0.3422496020793915,46082
20250829_151553,-0.5983330011367798,-1.5202434062957764,0.35396915674209595,45926
20250829_151553,-0.5354095697402954,-1.5103167295455933,0.3833007514476776,45708
20250829_151553,-0.6130125522613525,-1.5008127689361572,0.32868942618370056,46110
20250829_151553,-0.5652874708175659,-1.5021222829818726,0.3408965468406677,45972
20250829_151553,-0.545571506023407,-1.514723777770996,0.3426903188228607,45943
20250829_151553,-0.5722194314002991,-1.50446355342865,0.34615346789360046,45943
20250829_151553,-0.5585829019546509,-1.5097051858901978,0.3525850772857666,45753
20250829_151553,-0.5709047317504883,-1.5308541059494019,0.36099374294281006,45898
20250829_151553,-0.6114064455032349,-1.530921459197998,0.3548164367675781,46027
20250829_151553,-0.6284012794494629,-1.5294487476348877,0.3686447739601135,45865
20250829_151553,-0.6010257601737976,-1.5104278326034546,0.3565317392349243,46017
20250829_151554,-0.5661527514457703,-1.5143429040908813,0.35803547501564026,45919
20250829_151554,-0.5966762900352478,-1.5059494972229004,0.3733113408088684,45901
20250829_151554,-0.5978918075561523,-1.5216381549835205,0.36589476466178894,45874
20250829_151554,-0.5958734154701233,-1.5139424800872803,0.3734213411808014,45902
20250829_151554,-0.5794563889503479,-1.5068389177322388,0.3765754997730255,45787
20250829_151554,-0.5806687474250793,-1.5276439189910889,0.41655096411705017,45852
20250829_151554,-0.6560758948326111,-1.5415338277816772,0.40365034341812134,45805
20250829_151554,-0.5790016055107117,-1.5526666641235352,0.4079822897911072,46103
20250829_151554,-0.5994167923927307,-1.5221980810165405,0.3887096345424652,45874
20250829_151554,-0.5994911789894104,-1.5271294116973877,0.3921577036380768,45882
20250829_151554,-0.5824753046035767,-1.5465366840362549,0.3830386698246002,45959
20250829_151554,-0.606543779373169,-1.5383373498916626,0.3929245173931122,45883
20250829_151554,-0.5783038139343262,-1.5438116788864136,0.39037829637527466,45874
20250829_151554,-0.5884340405464172,-1.5587637424468994,0.394322007894516,45937
20250829_151554,-0.5620237588882446,-1.5376522541046143,0.4257202744483948,45800
20250829_151554,-0.6371936798095703,-1.5575170516967773,0.45140841603279114,45854
20250829_151554,-0.665297269821167,-1.539272427558899,0.42724257707595825,45932
20250829_151554,-0.6158537268638611,-1.540073037147522,0.4093838334083557,45922
20250829_151554,-0.6211276054382324,-1.5433646440505981,0.39612340927124023,46011
20250829_151554,-0.6508155465126038,-1.5606462955474854,0.38681313395500183,45974
20250829_151554,-0.5834027528762817,-1.5405179262161255,0.3946424424648285,45905
20250829_151554,-0.5870876908302307,-1.5345158576965332,0.40117743611335754,45764
20250829_151554,-0.6271747350692749,-1.5543804168701172,0.3946366310119629,46010
20250829_151554,-0.5827988386154175,-1.5708650350570679,0.4295893907546997,45881
20250829_151554,-0.7113425731658936,-1.5683417320251465,0.44400903582572937,45759
20250829_151554,-0.6332326531410217,-1.5848456621170044,0.42245104908943176,45909
20250829_151554,-0.599998950958252,-1.5741273164749146,0.42329996824264526,45901
20250829_151554,-0.6431909799575806,-1.5804193019866943,0.40079018473625183,46042
20250829_151554,-0.609197735786438,-1.5847171545028687,0.40486475825309753,46051
20250829_151554,-0.5997921228408813,-1.5703357458114624,0.40639233589172363,45933
20250829_151554,-0.587624192237854,-1.5772804021835327,0.40135541558265686,45873
20250829_151554,-0.5471060276031494,-1.560904622077942,0.4030202031135559,45711
20250829_151554,-0.6307268738746643,-1.584032416343689,0.4243202805519104,46093
20250829_151554,-0.6416858434677124,-1.572525978088379,0.4343459904193878,45935
20250829_151554,-0.6391540765762329,-1.6057186126708984,0.45403462648391724,45830
20250829_151554,-0.6305449604988098,-1.5845922231674194,0.44888749718666077,45909
20250829_151554,-0.7038139700889587,-1.5703243017196655,0.39222389459609985,45906
20250829_151554,-0.6297763586044312,-1.602985143661499,0.40084734559059143,46032
20250829_151554,-0.6289471387863159,-1.5921926498413086,0.39647597074508667,45947
20250829_151554,-0.6131654381752014,-1.5786101818084717,0.3937709331512451,45893
20250829_151554,-0.5850493311882019,-1.5651226043701172,0.3965841233730316,45793
20250829_151554,-0.6005010008811951,-1.5873372554779053,0.40269744396209717,45928
20250829_151554,-0.6419709324836731,-1.6115862131118774,0.46714481711387634,46147
20250829_151554,-0.670523464679718,-1.6033244132995605,0.48644357919692993,46082
20250829_151554,-0.5931949019432068,-1.6174228191375732,0.49367856979370117,45698
20250829_151554,-0.6124362945556641,-1.6238751411437988,0.4899038076400757,45912
20250829_151554,-0.6107129454612732,-1.611549735069275,0.4873931407928467,45955
20250829_151554,-0.7093164920806885,-1.6341921091079712,0.44038739800453186,46082
20250829_151554,-0.6816896200180054,-1.6195151805877686,0.47894787788391113,46125
20250829_151554,-0.6258921027183533,-1.6204882860183716,0.48223668336868286,45953
20250829_151554,-0.625638484954834,-1.6229103803634644,0.4819735288619995,45984
20250829_151554,-0.6255381107330322,-1.6045414209365845,0.4781799912452698,45928
20250829_151554,-0.6294397115707397,-1.6165295839309692,0.4813201427459717,45952
20250829_151554,-0.6291046142578125,-1.5999245643615723,0.49481770396232605,45960
20250829_151554,-0.6314324736595154,-1.6259790658950806,0.48602694272994995,46021
20250829_151554,-0.6379726529121399,-1.6231484413146973,0.48389869928359985,45974
20250829_151554,-0.6544421315193176,-1.6388013362884521,0.4984845221042633,45873
20250829_151554,-0.6402267217636108,-1.626265287399292,0.4374234974384308,45913
20250829_151554,-0.6817920207977295,-1.6327239274978638,0.4771011769771576,46048
20250829_151554,-0.6417437791824341,-1.6163758039474487,0.4842548668384552,45905
20250829_151554,-0.6204967498779297,-1.620277762413025,0.4886501133441925,46029
20250829_151554,-0.5748066306114197,-1.6213128566741943,0.4782073199748993,45717
20250829_151554,-0.6184095740318298,-1.6393486261367798,0.47489097714424133,45956
20250829_151554,-0.6916137337684631,-1.6533514261245728,0.4970373809337616,46170
20250829_151554,-0.6614537835121155,-1.6408547163009644,0.49278631806373596,45959
20250829_151554,-0.6243253946304321,-1.6601518392562866,0.4996436536312103,45989
20250829_151554,-0.6753785610198975,-1.6420973539352417,0.5387939810752869,46119
20250829_151554,-0.6052161455154419,-1.6534448862075806,0.5400081872940063,46021
20250829_151554,-0.6355277895927429,-1.6623023748397827,0.5099032521247864,45925
20250829_151554,-0.663522481918335,-1.6563701629638672,0.5177950859069824,45967
20250829_151554,-0.6624664664268494,-1.6352198123931885,0.5181283354759216,45967
20250829_151554,-0.6392868757247925,-1.6413462162017822,0.519237756729126,45956
20250829_151554,-0.6526685357093811,-1.646862268447876,0.5140407085418701,45984
20250829_151554,-0.6230840682983398,-1.6417440176010132,0.5220900774002075,46000
20250829_151554,-0.6219196319580078,-1.6500977277755737,0.5295693874359131,46015
20250829_151554,-0.627112090587616,-1.641244888305664,0.510059118270874,45817
20250829_151554,-0.6891561150550842,-1.6792994737625122,0.5458346605300903,46177
20250829_151554,-0.6630663275718689,-1.662622332572937,0.5403583645820618,45988
20250829_151554,-0.6348918676376343,-1.6593130826950073,0.6000892519950867,46085
20250829_151554,-0.638824462890625,-1.6802754402160645,0.5870043635368347,45897
20250829_151554,-0.637737512588501,-1.6613538265228271,0.5884800553321838,46088
20250829_151554,-0.6270612478256226,-1.6481904983520508,0.5922698974609375,45987
20250829_151554,-0.6739862561225891,-1.676371455192566,0.5612667202949524,46020
20250829_151554,-0.6449832916259766,-1.6652079820632935,0.5539345741271973,45983
20250829_151554,-0.6518834233283997,-1.6722662448883057,0.5566667914390564,45980
20250829_151554,-0.642942488193512,-1.6764788627624512,0.5646800994873047,46014
20250829_151554,-0.6366415619850159,-1.672831416130066,0.5650051832199097,46051
20250829_151554,-0.6470635533332825,-1.6598154306411743,0.5668447613716125,46139
20250829_151554,-0.6368455290794373,-1.6692837476730347,0.5621166229248047,46013
20250829_151554,-0.6517317295074463,-1.6733826398849487,0.5577028393745422,45978
20250829_151554,-0.653734564781189,-1.667965054512024,0.5550185441970825,45979
20250829_151554,-0.702923595905304,-1.675754427909851,0.5385223031044006,46117
20250829_151554,-0.6452528834342957,-1.6667945384979248,0.5448411107063293,45994
20250829_151554,-0.6951535940170288,-1.659999966621399,0.5816539525985718,46082
20250829_151554,-0.6502336263656616,-1.6851766109466553,0.5848361253738403,46090
20250829_151554,-0.6194553971290588,-1.7058615684509277,0.566746175289154,45891
20250829_151554,-0.631322979927063,-1.6865785121917725,0.566184937953949,45991
20250829_151554,-0.6694961190223694,-1.6799627542495728,0.5731609463691711,46031
20250829_151554,-0.6458027362823486,-1.6824334859848022,0.5710108876228333,46011
20250829_151554,-0.6545072793960571,-1.6769983768463135,0.5664400458335876,46015
20250829_151555,-0.646819531917572,-1.687543511390686,0.5529533624649048,46084
20250829_151555,-0.6425377726554871,-1.6865544319152832,0.5567200779914856,46016
20250829_151555,-0.6294285655021667,-1.6993153095245361,0.5509118437767029,46023
20250829_151555,-0.6566923260688782,-1.6875463724136353,0.5425164103507996,46018
20250829_151555,-0.7093687653541565,-1.6963205337524414,0.5245643258094788,46100
20250829_151555,-0.6791396141052246,-1.682458519935608,0.5356245636940002,45988
20250829_151555,-0.664458155632019,-1.6945289373397827,0.5300848484039307,46076
20250829_151555,-0.633177638053894,-1.7030240297317505,0.5341967344284058,46093
20250829_151555,-0.6345087289810181,-1.7100783586502075,0.5918132662773132,45953
20250829_151555,-0.678900420665741,-1.6746797561645508,0.5916274785995483,46197
20250829_151555,-0.6525903940200806,-1.7089983224868774,0.5829805135726929,45794
20250829_151555,-0.6904914379119873,-1.6970651149749756,0.5886496901512146,46028
20250829_151555,-0.7037292122840881,-1.6802520751953125,0.5497365593910217,45959
20250829_151555,-0.6078730225563049,-1.6990535259246826,0.5796757340431213,46085
20250829_151555,-0.6745122671127319,-1.6855483055114746,0.5351382493972778,46100
20250829_151555,-0.6550008058547974,-1.704269528388977,0.5306795835494995,46060
20250829_151555,-0.6545032858848572,-1.7037075757980347,0.5292065143585205,45985
20250829_151555,-0.6917696595191956,-1.6852951049804688,0.5280088782310486,45957
20250829_151555,-0.7066349387168884,-1.7164626121520996,0.4955475330352783,46117
20250829_151555,-0.6551805734634399,-1.7012892961502075,0.5027461051940918,46018
20250829_151555,-0.6406795382499695,-1.7023464441299438,0.5056584477424622,46031
20250829_151555,-0.6527543067932129,-1.6988822221755981,0.5072695016860962,46000
20250829_151555,-0.6561809778213501,-1.6978099346160889,0.5106120109558105,46024
20250829_151555,-0.6532760262489319,-1.7138805389404297,0.5065751671791077,46018
20250829_151555,-0.65730220079422,-1.7215474843978882,0.5033473372459412,46009
20250829_151555,-0.7312377691268921,-1.7040754556655884,0.5485618114471436,46124
20250829_151555,-0.6395488381385803,-1.7142417430877686,0.5430484414100647,45946
20250829_151555,-0.6704769730567932,-1.716369867324829,0.5548745393753052,46140
20250829_151555,-0.6344943642616272,-1.7359330654144287,0.5393261313438416,45904
20250829_151555,-0.6406360864639282,-1.7195638418197632,0.5310641527175903,46034
20250829_151555,-0.6541379690170288,-1.7121679782867432,0.5282418727874756,45985
20250829_151555,-0.6580745577812195,-1.7140299081802368,0.5221506357192993,45934
20250829_151555,-0.657771110534668,-1.7089171409606934,0.5190391540527344,46003
20250829_151555,-0.6385866403579712,-1.7163752317428589,0.5255554914474487,46009
20250829_151555,-0.7141634821891785,-1.7035229206085205,0.4920545816421509,46183
20250829_151555,-0.6665897369384766,-1.7283051013946533,0.4960724711418152,46081
20250829_151555,-0.6483081579208374,-1.7259374856948853,0.5008540749549866,46025
20250829_151555,-0.6645903587341309,-1.7320120334625244,0.4892975389957428,45974
20250829_151555,-0.6657781004905701,-1.7240259647369385,0.4794965088367462,45947
20250829_151555,-0.6440736651420593,-1.7147835493087769,0.48899415135383606,45984
20250829_151555,-0.6259110569953918,-1.7194570302963257,0.4852525591850281,46071
20250829_151555,-0.6547147631645203,-1.7163387537002563,0.49832984805107117,45984
20250829_151555,-0.6594645977020264,-1.7274872064590454,0.49747201800346375,45997
20250829_151555,-0.6522601842880249,-1.7254846096038818,0.5041425824165344,45985
20250829_151555,-0.6479275226593018,-1.7355681657791138,0.5037042498588562,45958
20250829_151555,-0.6743935942649841,-1.7186875343322754,0.5110952854156494,45962
20250829_151555,-0.663412868976593,-1.732480525970459,0.507906973361969,45954
20250829_151555,-0.644845187664032,-1.7246325016021729,0.5135439038276672,46026
20250829_151555,-0.7062582969665527,-1.726466417312622,0.5492295026779175,46183
20250829_151555,-0.6630665063858032,-1.7115570306777954,0.5773564577102661,45853
20250829_151555,-0.6293036341667175,-1.7394658327102661,0.5578846335411072,46068
20250829_151555,-0.6780994534492493,-1.726267695426941,0.5562373995780945,45911
20250829_151555,-0.6288352012634277,-1.7519125938415527,0.5376028418540955,45824
20250829_151555,-0.6222808957099915,-1.7267943620681763,0.5356141924858093,46038
20250829_151555,-0.6438605189323425,-1.7139372825622559,0.5348057150840759,46030
20250829_151555,-0.6380453109741211,-1.7346460819244385,0.5346128344535828,46044
20250829_151555,-0.6508719325065613,-1.7292265892028809,0.5326085686683655,46016
20250829_151555,-0.626004695892334,-1.731039047241211,0.5037041902542114,45877
20250829_151555,-0.7571797966957092,-1.7337254285812378,0.5069148540496826,46182
20250829_151555,-0.6659089922904968,-1.7177246809005737,0.4971771240234375,46003
20250829_151555,-0.6389853954315186,-1.7178270816802979,0.5018377304077148,46094
20250829_151555,-0.6396937966346741,-1.721303939819336,0.5082023739814758,46060
20250829_151555,-0.6361331343650818,-1.72683584690094,0.5028037428855896,46006
20250829_151555,-0.6296250820159912,-1.7169371843338013,0.4753217399120331,45815
20250829_151555,-0.6911682486534119,-1.7499454021453857,0.4972507953643799,46139
20250829_151555,-0.6870032548904419,-1.7162072658538818,0.5033418536186218,46002
20250829_151555,-0.6594883799552917,-1.7357066869735718,0.4973198175430298,46072
20250829_151555,-0.6571206450462341,-1.7139806747436523,0.5020840167999268,46075
20250829_151555,-0.6493254899978638,-1.7340105772018433,0.49768519401550293,46058
20250829_151555,-0.6542063355445862,-1.7349315881729126,0.5019104480743408,46051
20250829_151555,-0.6548466086387634,-1.7153832912445068,0.5008936524391174,45948
20250829_151555,-0.6624347567558289,-1.7142183780670166,0.4935167729854584,45988
20250829_151555,-0.6693673133850098,-1.7097277641296387,0.5062649250030518,45994
20250829_151555,-0.6347852349281311,-1.7210919857025146,0.5037502646446228,46064
20250829_151555,-0.646741509437561,-1.7207386493682861,0.5036664605140686,46035
20250829_151555,-0.6532712578773499,-1.7252461910247803,0.5037301778793335,46039
20250829_151555,-0.6592557430267334,-1.7116432189941406,0.4933578073978424,46031
20250829_151555,-0.6630017757415771,-1.7383978366851807,0.49635836482048035,46031
20250829_151555,-0.6526017189025879,-1.7307192087173462,0.5003044605255127,45994
20250829_151555,-0.6328954100608826,-1.7079899311065674,0.4658612906932831,45911
20250829_151555,-0.6963202953338623,-1.7282458543777466,0.488614022731781,46215
20250829_151555,-0.6403254866600037,-1.7314027547836304,0.4945823550224304,46088
20250829_151555,-0.6214070916175842,-1.710106611251831,0.5145063996315002,46102
20250829_151555,-0.6795814633369446,-1.706626296043396,0.5179760456085205,46065
20250829_151555,-0.7479497790336609,-1.714771032333374,0.4763540029525757,46108
20250829_151555,-0.7455092072486877,-1.7035566568374634,0.5012760758399963,46189
20250829_151555,-0.6701964139938354,-1.7361705303192139,0.4942495822906494,46056
20250829_151555,-0.666667103767395,-1.7221883535385132,0.49725303053855896,46079
20250829_151555,-0.6567904949188232,-1.7255585193634033,0.5050474405288696,46167
20250829_151555,-0.6202154159545898,-1.7129645347595215,0.5316289067268372,46119
20250829_151555,-0.6031204462051392,-1.7138274908065796,0.49776801466941833,45560
20250829_151555,-0.6724520325660706,-1.7109683752059937,0.4832441508769989,46053
20250829_151555,-0.7160974144935608,-1.725450873374939,0.5094821453094482,46223
20250829_151555,-0.6114510893821716,-1.67499840259552,0.4714191257953644,45787
20250829_151555,-0.6290364265441895,-1.7190911769866943,0.466046005487442,46210
20250829_151555,-0.6341508626937866,-1.7088085412979126,0.48158594965934753,46031
20250829_151555,-0.6932231783866882,-1.690857172012329,0.5001402497291565,45946
20250829_151555,-0.6512481570243835,-1.738845944404602,0.47662153840065,46207
20250829_151555,-0.6636722087860107,-1.7246770858764648,0.47060954570770264,46047
20250829_151555,-0.721359372138977,-1.7042768001556396,0.4463895261287689,46087
20250829_151556,-0.6718277931213379,-1.6990599632263184,0.45155155658721924,46100
20250829_151556,-0.6423078179359436,-1.7102080583572388,0.4518758952617645,46053
20250829_151556,-0.6672748923301697,-1.689494252204895,0.45520979166030884,45939
20250829_151556,-0.6730679273605347,-1.71110200881958,0.4595282971858978,46154
20250829_151556,-0.679804265499115,-1.7079659700393677,0.4621220827102661,46072
20250829_151556,-0.6518941521644592,-1.708560585975647,0.44798263907432556,46121
20250829_151556,-0.6518563032150269,-1.7187128067016602,0.4533207416534424,46133
20250829_151556,-0.6782060265541077,-1.7133628129959106,0.4588428735733032,46110
20250829_151556,-0.669585645198822,-1.6801977157592773,0.47403910756111145,45982
20250829_151556,-0.6708694696426392,-1.7113653421401978,0.47503426671028137,46108
20250829_151556,-0.6586642861366272,-1.6924090385437012,0.46524596214294434,46082
20250829_151556,-0.6705211400985718,-1.6885734796524048,0.4565369188785553,46080
20250829_151556,-0.7134480476379395,-1.6901153326034546,0.43164005875587463,46024
20250829_151556,-0.6756078600883484,-1.6859108209609985,0.42078155279159546,46055
20250829_151556,-0.6575074791908264,-1.7036315202713013,0.4162980318069458,46238
20250829_151556,-0.662263035774231,-1.6807687282562256,0.421617329120636,46073
20250829_151556,-0.6742868423461914,-1.6950629949569702,0.421520859003067,46027
20250829_151556,-0.6837212443351746,-1.686281442642212,0.42359936237335205,46071
20250829_151556,-0.6694477200508118,-1.6940654516220093,0.42557165026664734,46108
20250829_151556,-0.6542799472808838,-1.696545124053955,0.422402560710907,46062
20250829_151556,-0.7191088795661926,-1.6948857307434082,0.38382741808891296,46166
20250829_151556,-0.6684020161628723,-1.6881296634674072,0.39264771342277527,46022
20250829_151556,-0.611476480960846,-1.6877487897872925,0.41514360904693604,46080
20250829_151556,-0.6543374061584473,-1.679914116859436,0.4175074100494385,45895
20250829_151556,-0.6696920394897461,-1.7013506889343262,0.40375998616218567,46177
20250829_151556,-0.728731632232666,-1.6415555477142334,0.35994255542755127,46052
20250829_151556,-0.66518235206604,-1.6901895999908447,0.3704806864261627,46083
20250829_151556,-0.6414410471916199,-1.6760731935501099,0.3761453330516815,46056
20250829_151556,-0.6678876280784607,-1.6829568147659302,0.3777877390384674,46099
20250829_151556,-0.6532876491546631,-1.6896166801452637,0.3875252306461334,46065
20250829_151556,-0.6706512570381165,-1.6740891933441162,0.37855029106140137,46053
20250829_151556,-0.6821708679199219,-1.6639376878738403,0.363053560256958,46080
20250829_151556,-0.668122410774231,-1.6601622104644775,0.3573731482028961,46023
20250829_151556,-0.613943874835968,-1.6650410890579224,0.3713628947734833,45942
20250829_151556,-0.603730320930481,-1.6579283475875854,0.4038529396057129,45947
20250829_151556,-0.7265585660934448,-1.6621291637420654,0.4023027718067169,46229
20250829_151556,-0.6719945669174194,-1.6531553268432617,0.4026016891002655,46104
20250829_151556,-0.6987674236297607,-1.6516876220703125,0.36655423045158386,45908
20250829_151556,-0.694747805595398,-1.6632839441299438,0.3650047779083252,46102
20250829_151556,-0.6605960130691528,-1.6711838245391846,0.36172160506248474,46185
20250829_151556,-0.6841706037521362,-1.6621365547180176,0.3583548963069916,55000
20250829_151556,-0.6791977882385254,-1.653792381286621,0.3651169538497925,46152
20250829_151556,-0.6805126667022705,-1.6152950525283813,0.3585667312145233,46152
20250829_151556,-0.6720548868179321,-1.6573072671890259,0.3578607439994812,46152
20250829_151556,-0.6396525502204895,-1.6523399353027344,0.3628433644771576,46152
20250829_151556,-0.6395273208618164,-1.633751630783081,0.37354186177253723,46152
20250829_151556,-0.6683729887008667,-1.6376506090164185,0.37804359197616577,46152
20250829_151556,-0.6942960619926453,-1.6433193683624268,0.3739214837551117,46152
20250829_151556,-0.7624790072441101,-1.6386011838912964,0.32236695289611816,46152
20250829_151556,-0.6723618507385254,-1.6538286209106445,0.3134070932865143,46152
20250829_151556,-0.6727499961853027,-1.6465691328048706,0.3052850067615509,46152
20250829_151556,-0.682608962059021,-1.6275992393493652,0.306262344121933,46152
20250829_151556,-0.6868869066238403,-1.6511129140853882,0.31544220447540283,46152
20250829_151556,-0.7065544128417969,-1.6308304071426392,0.2966578006744385,42000
20250829_151556,-0.6542423963546753,-1.627236008644104,0.31411781907081604,45795
20250829_151556,-0.6913274526596069,-1.6204665899276733,0.30774986743927,45896
20250829_151556,-0.7327311038970947,-1.6284677982330322,0.2831370234489441,45992
20250829_151556,-0.601608395576477,-1.6326234340667725,0.3359799087047577,45747
20250829_151556,-0.7106454372406006,-1.6192071437835693,0.32480230927467346,45964
20250829_151556,-0.7048653960227966,-1.6103531122207642,0.32981395721435547,46044
20250829_151556,-0.6906439065933228,-1.6181093454360962,0.32313114404678345,45903
20250829_151556,-0.7675745487213135,-1.6363255977630615,0.29083970189094543,45853
20250829_151556,-0.7012485265731812,-1.6172794103622437,0.2888452708721161,45892
20250829_151556,-0.7125476598739624,-1.5992439985275269,0.2811477780342102,45972
20250829_151556,-0.6756094694137573,-1.5920190811157227,0.2968524098396301,45805
20250829_151556,-0.6815319657325745,-1.5931150913238525,0.27906787395477295,46006
20250829_151556,-0.6881176233291626,-1.6263830661773682,0.2749294340610504,45931
20250829_151556,-0.7291998863220215,-1.6045571565628052,0.27491554617881775,45944
20250829_151556,-0.7211960554122925,-1.6253608465194702,0.26668715476989746,45971
20250829_151556,-0.6505174040794373,-1.6081912517547607,0.30159541964530945,45953
20250829_151556,-0.661407470703125,-1.622010350227356,0.2966236472129822,46032
20250829_151556,-0.6846475601196289,-1.6034528017044067,0.2914566993713379,46044
20250829_151556,-0.7987250089645386,-1.585761308670044,0.24177418649196625,46039
20250829_151556,-0.6646005511283875,-1.590415596961975,0.26970410346984863,45780
20250829_151556,-0.7034013867378235,-1.6040871143341064,0.2574639320373535,46046
20250829_151556,-0.7013866901397705,-1.5777201652526855,0.24915911257266998,46075
20250829_151556,-0.6749190092086792,-1.6213699579238892,0.25027766823768616,46026
20250829_151556,-0.7053018808364868,-1.6085745096206665,0.26047399640083313,46052
20250829_151556,-0.6776655316352844,-1.5955843925476074,0.26941248774528503,46031
20250829_151556,-0.7030249238014221,-1.592116117477417,0.2526152431964874,46051
20250829_151556,-0.7053701877593994,-1.6085047721862793,0.2568835914134979,46092
20250829_151556,-0.7325289249420166,-1.5847877264022827,0.2284608632326126,46034
20250829_151556,-0.7192484140396118,-1.5868531465530396,0.21760046482086182,46058
20250829_151556,-0.7045034766197205,-1.5773370265960693,0.2317698895931244,46047
20250829_151556,-0.6986227631568909,-1.5966888666152954,0.21546779572963715,46029
20250829_151556,-0.6381386518478394,-1.5735093355178833,0.1805347204208374,45820
20250829_151556,-0.7214333415031433,-1.5700901746749878,0.2372404783964157,46293
20250829_151556,-0.6896000504493713,-1.5932540893554688,0.24400396645069122,46098
20250829_151556,-0.6610524654388428,-1.5944560766220093,0.2098461240530014,45837
20250829_151556,-0.6946011781692505,-1.569462537765503,0.19962070882320404,46082
20250829_151556,-0.7640127539634705,-1.5821418762207031,0.18304331600666046,46149
20250829_151556,-0.7077348828315735,-1.603264331817627,0.17032010853290558,46077
20250829_151556,-0.6998862624168396,-1.569303274154663,0.189586341381073,55000
20250829_151556,-0.6427238583564758,-1.5759692192077637,0.2128477394580841,46139
20250829_151556,-0.6923518180847168,-1.5715330839157104,0.2053566426038742,46139
20250829_151556,-0.7109878659248352,-1.5651462078094482,0.20697779953479767,46139
20250829_151556,-0.7059643268585205,-1.5746729373931885,0.21092207729816437,46139
20250829_151556,-0.6612216234207153,-1.5614482164382935,0.20529672503471375,46139
20250829_151556,-0.6956486701965332,-1.5721169710159302,0.20777744054794312,46139
20250829_151556,-0.7280178070068359,-1.5721955299377441,0.18628305196762085,46139
20250829_151557,-0.6941641569137573,-1.5699131488800049,0.19326579570770264,46139
20250829_151557,-0.6525155901908875,-1.5770394802093506,0.21455828845500946,46139
20250829_151557,-0.7116292715072632,-1.5490524768829346,0.20619842410087585,46139
20250829_151557,-0.6791014671325684,-1.5623114109039307,0.20984436571598053,46139
20250829_151557,-0.6871591210365295,-1.5747684240341187,0.21844245493412018,46139
20250829_151557,-0.6680242419242859,-1.5543452501296997,0.22098837792873383,46139
20250829_151557,-0.6621861457824707,-1.523215889930725,0.19022594392299652,46139
20250829_151557,-0.6681939959526062,-1.5623365640640259,0.20142421126365662,46139
20250829_151557,-0.6856638789176941,-1.5694388151168823,0.1996317207813263,46139
20250829_151557,-0.7154685854911804,-1.542036533355713,0.18851567804813385,46139
20250829_151557,-0.6966085433959961,-1.558584213256836,0.18906106054782867,46139
20250829_151557,-0.6060494780540466,-1.5630465745925903,0.18619197607040405,46139
20250829_151557,-0.6657479405403137,-1.5506044626235962,0.18726058304309845,46139
20250829_151557,-0.6852875351905823,-1.554775357246399,0.18870121240615845,46139
20250829_151557,-0.689215898513794,-1.5457816123962402,0.200680673122406,46139
20250829_151557,-0.6859277486801147,-1.531739592552185,0.18818329274654388,46139
20250829_151557,-0.6883993148803711,-1.5434982776641846,0.195505291223526,46139
20250829_151557,-0.6636123657226562,-1.5553758144378662,0.2014612853527069,46139
20250829_151557,-0.7280615568161011,-1.5247621536254883,0.18452315032482147,46139
20250829_151557,-0.6717050671577454,-1.5434460639953613,0.18039120733737946,46139
20250829_151557,-0.6706752181053162,-1.539885401725769,0.18158598244190216,46139
20250829_151557,-0.6631927490234375,-1.560831069946289,0.19357994198799133,46139
20250829_151557,-0.6634131669998169,-1.5342482328414917,0.18898019194602966,46139
20250829_151557,-0.6810699105262756,-1.5242059230804443,0.19860434532165527,46139
20250829_151557,-0.6145691871643066,-1.5366407632827759,0.21930336952209473,46139
20250829_151557,-0.6028870344161987,-1.5109716653823853,0.25158223509788513,42000
20250829_151557,-0.6555492877960205,-1.5374584197998047,0.26039978861808777,45929
20250829_151557,-0.6446329951286316,-1.4994237422943115,0.24792169034481049,45947
20250829_151557,-0.6941114068031311,-1.5395288467407227,0.23724330961704254,45874
20250829_151557,-0.6749556064605713,-1.5369254350662231,0.23513352870941162,45946
20250829_151557,-0.6612766981124878,-1.5354233980178833,0.24695909023284912,45971
20250829_151557,-0.6128063201904297,-1.5105024576187134,0.26053690910339355,45946
20250829_151557,-0.6333964467048645,-1.530603051185608,0.2716447710990906,45962
20250829_151557,-0.6689896583557129,-1.5262253284454346,0.2802245616912842,45966
20250829_151557,-0.6557242274284363,-1.5392521619796753,0.29183316230773926,45882
20250829_151557,-0.6350730061531067,-1.4825806617736816,0.2825801372528076,45971
20250829_151557,-0.6450523734092712,-1.5011837482452393,0.290979266166687,45931
20250829_151557,-0.6392198801040649,-1.5006237030029297,0.2932874262332916,46016
20250829_151557,-0.613288938999176,-1.499169945716858,0.3079783618450165,45993
20250829_151557,-0.6563732624053955,-1.5124953985214233,0.31236588954925537,46022
20250829_151557,-0.6113258004188538,-1.4998165369033813,0.28996139764785767,46088
20250829_151557,-0.6642399430274963,-1.53603994846344,0.2828957438468933,45974
20250829_151557,-0.6539775133132935,-1.5000910758972168,0.2788037955760956,46080
20250829_151557,-0.6023957133293152,-1.4942623376846313,0.2947450280189514,46037
20250829_151557,-0.622793972492218,-1.4955748319625854,0.3069893717765808,45978
20250829_151557,-0.6460766792297363,-1.5011706352233887,0.2993103265762329,46007
20250829_151557,-0.6251971125602722,-1.4893121719360352,0.3152706027030945,46066
20250829_151557,-0.6271836161613464,-1.4804654121398926,0.310590922832489,55000
20250829_151557,-0.6021988987922668,-1.4986166954040527,0.32358285784721375,46131
20250829_151557,-0.5858635306358337,-1.5089106559753418,0.33120641112327576,46131
20250829_151557,-0.6192000508308411,-1.5002366304397583,0.3420756757259369,46131
20250829_151557,-0.6066088676452637,-1.481257438659668,0.34817683696746826,46131
20250829_151557,-0.5996480584144592,-1.485884428024292,0.3361620604991913,46131
20250829_151557,-0.6237396001815796,-1.503982663154602,0.33014580607414246,46131
20250829_151557,-0.6070098280906677,-1.5303329229354858,0.3481453061103821,46131
20250829_151557,-0.5674197673797607,-1.4407771825790405,0.3696436583995819,46131
20250829_151557,-0.5573388338088989,-1.4830266237258911,0.3431476056575775,46131
20250829_151557,-0.6402712464332581,-1.486414909362793,0.32777008414268494,46131
20250829_151557,-0.5267016887664795,-1.4659491777420044,0.35168975591659546,46131
20250829_151557,-0.5922018885612488,-1.4914275407791138,0.3496127724647522,46131
20250829_151557,-0.5869108438491821,-1.4910496473312378,0.35567066073417664,46131
20250829_151557,-0.5866581797599792,-1.501916766166687,0.35996732115745544,46131
20250829_151557,-0.6067693829536438,-1.4917073249816895,0.35146912932395935,46131
20250829_151557,-0.5820373892784119,-1.4945331811904907,0.36165598034858704,46131
20250829_151557,-0.572404682636261,-1.4797921180725098,0.3755592107772827,46131
20250829_151557,-0.5581820011138916,-1.4635683298110962,0.379877507686615,46131
20250829_151557,-0.5650960803031921,-1.4844733476638794,0.3886951804161072,46131
20250829_151557,-0.5659487843513489,-1.4605326652526855,0.3908909857273102,46131
20250829_151557,-0.5620558857917786,-1.459243655204773,0.38557320833206177,46131
20250829_151557,-0.544623076915741,-1.4872488975524902,0.3825889825820923,46131
20250829_151557,-0.5464226603507996,-1.4725416898727417,0.3878641426563263,42000
20250829_151557,-0.4862876832485199,-1.5089491605758667,0.43757426738739014,45765
20250829_151557,-0.5691860318183899,-1.4933350086212158,0.4435386657714844,45842
20250829_151557,-0.5393244624137878,-1.4729400873184204,0.43958938121795654,45884
20250829_151557,-0.5515117645263672,-1.4799059629440308,0.4554564356803894,45947
20250829_151557,-0.5444002151489258,-1.4601988792419434,0.45788052678108215,45837
20250829_151557,-0.5463390350341797,-1.4643564224243164,0.47584742307662964,45783
20250829_151557,-0.5613978505134583,-1.4604790210723877,0.4859166145324707,45825
20250829_151557,-0.5170637369155884,-1.4621504545211792,0.48733416199684143,45846
20250829_151557,-0.5290877819061279,-1.463828444480896,0.4987380802631378,45957
20250829_151557,-0.5329081416130066,-1.456639289855957,0.501830518245697,45860
20250829_151557,-0.5350240468978882,-1.464449167251587,0.4865650236606598,45958
20250829_151557,-0.5612541437149048,-1.4594954252243042,0.4890848994255066,45897
20250829_151557,-0.5402428507804871,-1.4512385129928589,0.492170125246048,45902
20250829_151557,-0.5102682113647461,-1.485317349433899,0.5006577372550964,45760
20250829_151557,-0.5054773688316345,-1.4228967428207397,0.5137810707092285,46009
20250829_151557,-0.488150954246521,-1.4426783323287964,0.5346032381057739,45929
20250829_151557,-0.5348238945007324,-1.4559389352798462,0.5524052977561951,45889
20250829_151557,-0.5382700562477112,-1.440291166305542,0.556722104549408,45927
20250829_151557,-0.5220032334327698,-1.4479917287826538,0.5896387100219727,45793
20250829_151557,-0.5223462581634521,-1.466131329536438,0.5893933176994324,45975
20250829_151557,-0.5278165936470032,-1.4649171829223633,0.5868293642997742,45933
20250829_151557,-0.5298437476158142,-1.4411920309066772,0.5662183165550232,46065
20250829_151557,-0.5210042595863342,-1.4410836696624756,0.5737371444702148,45918
20250829_151557,-0.5112724900245667,-1.4466278553009033,0.5704362392425537,45992
20250829_151557,-0.5279444456100464,-1.4249128103256226,0.5841183662414551,45986
20250829_151557,-0.5161948800086975,-1.456721544265747,0.5858536958694458,45941
20250829_151557,-0.4943769872188568,-1.4371693134307861,0.5976682305335999,45963
20250829_151557,-0.5142741203308105,-1.4428021907806396,0.6023371815681458,45973
20250829_151557,-0.5196126699447632,-1.4177395105361938,0.6228435039520264,45842
20250829_151558,-0.5168879628181458,-1.4518014192581177,0.6378524303436279,45967
20250829_151558,-0.4913385808467865,-1.4357492923736572,0.5976468324661255,46161
20250829_151558,-0.5185793042182922,-1.4226081371307373,0.6004281640052795,46049
20250829_151558,-0.46291372179985046,-1.4667950868606567,0.6184592247009277,46132
20250829_151558,-0.5340033769607544,-1.4577487707138062,0.6263440847396851,46051
20250829_151558,-0.5033262372016907,-1.4000694751739502,0.6173235774040222,46019
20250829_151558,-0.5290084481239319,-1.4254357814788818,0.6274833679199219,46024
20250829_151558,-0.5066052675247192,-1.430062174797058,0.6230537295341492,46010
20250829_151558,-0.4890976548194885,-1.4301542043685913,0.612804114818573,46070
20250829_151558,-0.5246437788009644,-1.4432132244110107,0.6337975859642029,45996
20250829_151558,-0.5133615732192993,-1.4344277381896973,0.5996130108833313,46050
20250829_151558,-0.4726865589618683,-1.4013941287994385,0.617496132850647,46140
20250829_151558,-0.5148395299911499,-1.4627784490585327,0.6101784110069275,46030
20250829_151558,-0.5079535245895386,-1.4218374490737915,0.6184854507446289,46037
20250829_151558,-0.5073914527893066,-1.464715600013733,0.6285669803619385,46038
20250829_151558,-0.47343453764915466,-1.4156666994094849,0.6318590044975281,46061
20250829_151558,-0.5164304971694946,-1.431824803352356,0.6426195502281189,55000
20250829_151558,-0.5218077898025513,-1.4436094760894775,0.6422961950302124,46115
20250829_151558,-0.515678882598877,-1.4286423921585083,0.6371962428092957,46115
20250829_151558,-0.4813433885574341,-1.4133007526397705,0.6153997182846069,46115
20250829_151558,-0.45023849606513977,-1.4461325407028198,0.6358488202095032,46115
20250829_151558,-0.5011810660362244,-1.4189738035202026,0.6382029056549072,46115
20250829_151558,-0.5212084650993347,-1.4095178842544556,0.6440874338150024,46115
20250829_151558,-0.4931788742542267,-1.4348582029342651,0.6253683567047119,46115
20250829_151558,-0.5339813828468323,-1.4182665348052979,0.6093592643737793,46115
20250829_151558,-0.4694693386554718,-1.4247299432754517,0.6273529529571533,46115
20250829_151558,-0.49425843358039856,-1.439802885055542,0.6376332640647888,46115
20250829_151558,-0.48377472162246704,-1.4231125116348267,0.6510843634605408,46115
20250829_151558,-0.4641536474227905,-1.4040741920471191,0.6283944845199585,42000
20250829_151558,-0.47703608870506287,-1.4090797901153564,0.6358921527862549,45922
20250829_151558,-0.5094199180603027,-1.4282300472259521,0.6373069882392883,45723
20250829_151558,-0.5081468820571899,-1.4092187881469727,0.6405234336853027,45815
20250829_151558,-0.47968003153800964,-1.4281636476516724,0.6404960751533508,45874
20250829_151558,-0.4825146794319153,-1.4055734872817993,0.659792959690094,45713
20250829_151558,-0.500076174736023,-1.4244439601898193,0.6603422164916992,45833
20250829_151558,-0.47666823863983154,-1.4238371849060059,0.6429614424705505,45940
20250829_151558,-0.518267035484314,-1.4128283262252808,0.6590980291366577,45840
20250829_151558,-0.5092592239379883,-1.4242461919784546,0.6507874131202698,45814
20250829_151558,-0.507771909236908,-1.4147452116012573,0.6156300902366638,45918
20250829_151558,-0.4011627733707428,-1.4027305841445923,0.6449210047721863,45727
20250829_151558,-0.4772895276546478,-1.410821557044983,0.6537646055221558,45894
20250829_151558,-0.4779233932495117,-1.4282265901565552,0.6526095867156982,46015
20250829_151558,-0.5048846006393433,-1.4253946542739868,0.6489711999893188,45902
20250829_151558,-0.5237308144569397,-1.4154889583587646,0.6490209698677063,45903
20250829_151558,-0.4993375241756439,-1.4443086385726929,0.6504594683647156,45855
20250829_151558,-0.4673716127872467,-1.3975849151611328,0.65784752368927,45954
20250829_151558,-0.4751342535018921,-1.4151314496994019,0.6520536541938782,45875
20250829_151558,-0.4967292547225952,-1.4157027006149292,0.6338933110237122,45953
20250829_151558,-0.4974880516529083,-1.4166531562805176,0.6341619491577148,45920
20250829_151558,-0.45261961221694946,-1.4025604724884033,0.6288266181945801,46087
20250829_151558,-0.4993298351764679,-1.395103931427002,0.630532443523407,45828
20250829_151558,-0.4776392877101898,-1.4177098274230957,0.6345342993736267,45855
20250829_151558,-0.4777817726135254,-1.415716528892517,0.6409802436828613,45898
20250829_151558,-0.4655974805355072,-1.3941439390182495,0.6474223136901855,45913
20250829_151558,-0.49290773272514343,-1.427938461303711,0.6517307162284851,45952
20250829_151558,-0.4790569841861725,-1.3946340084075928,0.6510343551635742,45931
20250829_151558,-0.49176138639450073,-1.3803240060806274,0.6318806409835815,45799
20250829_151558,-0.5023240447044373,-1.4064162969589233,0.6319314241409302,45890
20250829_151558,-0.4449937343597412,-1.4066565036773682,0.6283013820648193,46101
20250829_151558,-0.4913098216056824,-1.4185432195663452,0.624189019203186,45908
20250829_151558,-0.4577636122703552,-1.389211893081665,0.6191262602806091,45974
20250829_151558,-0.4827701449394226,-1.408584713935852,0.6291525959968567,45958
20250829_151558,-0.5007174015045166,-1.4087347984313965,0.6268158555030823,45887
20250829_151558,-0.4855530858039856,-1.4110304117202759,0.6165969371795654,45901
20250829_151558,-0.4728949964046478,-1.4118168354034424,0.6270822286605835,45753
20250829_151558,-0.44295021891593933,-1.3868954181671143,0.5945581793785095,46076
20250829_151558,-0.5096918344497681,-1.399397850036621,0.5878910422325134,45889
20250829_151558,-0.4696783423423767,-1.410931944847107,0.5969135761260986,45997
20250829_151558,-0.482171893119812,-1.3964226245880127,0.6014429330825806,45956
20250829_151558,-0.4713301360607147,-1.3830665349960327,0.6081787347793579,45737
20250829_151558,-0.45208659768104553,-1.3972724676132202,0.5834088921546936,46079
20250829_151558,-0.48478955030441284,-1.3967968225479126,0.5743967890739441,45887
20250829_151558,-0.4522838890552521,-1.416351556777954,0.5621412992477417,45956
20250829_151558,-0.47945040464401245,-1.4059326648712158,0.5622467994689941,45993
20250829_151558,-0.4546847641468048,-1.396382212638855,0.5438973903656006,46041
20250829_151558,-0.49874773621559143,-1.4077701568603516,0.515621542930603,45963
20250829_151558,-0.4329736828804016,-1.4190515279769897,0.5237383246421814,45972
20250829_151558,-0.46995019912719727,-1.3973383903503418,0.5110108256340027,45998
20250829_151558,-0.4577174484729767,-1.406098484992981,0.518593430519104,45973
20250829_151558,-0.4585610330104828,-1.4374784231185913,0.5256533622741699,45971
20250829_151558,-0.4548042118549347,-1.3873860836029053,0.5122315287590027,46015
20250829_151558,-0.4762369692325592,-1.4142035245895386,0.5151450634002686,46062
20250829_151558,-0.4548424482345581,-1.4047009944915771,0.49874407052993774,46061
20250829_151558,-0.4741266667842865,-1.4002946615219116,0.5058367252349854,46005
20250829_151558,-0.48197227716445923,-1.4341371059417725,0.4929484724998474,45930
20250829_151558,-0.40272125601768494,-1.3730430603027344,0.49908778071403503,46082
20250829_151558,-0.4469013810157776,-1.4112310409545898,0.5051277279853821,46056
20250829_151558,-0.4759318232536316,-1.4047313928604126,0.5073720812797546,45979
20250829_151558,-0.464961439371109,-1.404292106628418,0.49491462111473083,46078
20250829_151558,-0.4374880790710449,-1.4096438884735107,0.49741604924201965,45891
20250829_151558,-0.43881887197494507,-1.393010139465332,0.47388628125190735,46143
20250829_151558,-0.45225417613983154,-1.407853603363037,0.47382819652557373,46013
20250829_151558,-0.4428717792034149,-1.397857666015625,0.47749313712120056,46013
20250829_151558,-0.44155246019363403,-1.391265869140625,0.46994468569755554,55000
20250829_151558,-0.44490957260131836,-1.4216151237487793,0.4879556894302368,46091
20250829_151558,-0.4524834156036377,-1.418140172958374,0.48823001980781555,46091
20250829_151558,-0.43320176005363464,-1.4113775491714478,0.49400997161865234,46091
20250829_151558,-0.42463040351867676,-1.3966022729873657,0.46626877784729004,46091
20250829_151558,-0.43683192133903503,-1.3818838596343994,0.4660508930683136,46091
20250829_151558,-0.4364302456378937,-1.3857829570770264,0.45321163535118103,46091
20250829_151559,-0.4507216513156891,-1.421513319015503,0.4451163113117218,46091
20250829_151559,-0.44450369477272034,-1.4184075593948364,0.43812358379364014,46091
20250829_151559,-0.4566282629966736,-1.4064764976501465,0.43941980600357056,46091
20250829_151559,-0.4358677864074707,-1.407792568206787,0.43856683373451233,46091
20250829_151559,-0.44651901721954346,-1.4194457530975342,0.4295937418937683,46091
20250829_151559,-0.42513754963874817,-1.3994078636169434,0.4250730574131012,46091
20250829_151559,-0.37644171714782715,-1.4092007875442505,0.41551151871681213,46091
20250829_151559,-0.4360826015472412,-1.408668875694275,0.415935218334198,42000
20250829_151559,-0.44134148955345154,-1.407441258430481,0.4076792895793915,45812
20250829_151559,-0.4560529291629791,-1.4152467250823975,0.4122728109359741,45882
20250829_151559,-0.40738677978515625,-1.3964046239852905,0.4165187180042267,45746
20250829_151559,-0.40393978357315063,-1.4000471830368042,0.40644559264183044,45798
20250829_151559,-0.42132022976875305,-1.4131975173950195,0.40677937865257263,45831
20250829_151559,-0.43794718384742737,-1.4035842418670654,0.39639732241630554,45799
20250829_151559,-0.45389994978904724,-1.4198495149612427,0.3847011625766754,45889
20250829_151559,-0.40558910369873047,-1.3998231887817383,0.3737446963787079,45847
20250829_151559,-0.38261678814888,-1.3881230354309082,0.4015110731124878,45787
20250829_151559,-0.4044018089771271,-1.4133274555206299,0.40661051869392395,45806
20250829_151559,-0.4189964532852173,-1.4135594367980957,0.4107911288738251,45888
20250829_151559,-0.4130343794822693,-1.3905940055847168,0.4080001413822174,45822
20250829_151559,-0.43810081481933594,-1.4154937267303467,0.40860146284103394,45792
20250829_151559,-0.4207991361618042,-1.4080896377563477,0.3985123932361603,45937
20250829_151559,-0.39960432052612305,-1.379792332649231,0.39745742082595825,45868
20250829_151559,-0.3875635862350464,-1.3828376531600952,0.39940428733825684,45877
20250829_151559,-0.3973435163497925,-1.4203778505325317,0.40217462182044983,45877
20250829_151559,-0.4234640598297119,-1.3860281705856323,0.4047492444515228,45876
20250829_151559,-0.41175371408462524,-1.3968487977981567,0.39852458238601685,45819
20250829_151559,-0.40314948558807373,-1.4087181091308594,0.40422001481056213,45808
20250829_151559,-0.4111955761909485,-1.3899853229522705,0.40654832124710083,45900
20250829_151559,-0.38174062967300415,-1.3829410076141357,0.42714235186576843,45835
20250829_151559,-0.3701205253601074,-1.3910236358642578,0.424961119890213,45969
20250829_151559,-0.3942226767539978,-1.4017720222473145,0.42872393131256104,45871
20250829_151559,-0.45481956005096436,-1.391866683959961,0.42705461382865906,45835
20250829_151559,-0.39961695671081543,-1.3803237676620483,0.4414951801300049,45852
20250829_151559,-0.4259940981864929,-1.3970837593078613,0.4331824481487274,45909
20250829_151559,-0.37524154782295227,-1.3783015012741089,0.43073770403862,45937
20250829_151559,-0.35736000537872314,-1.3912469148635864,0.40880918502807617,45745
20250829_151559,-0.3555796444416046,-1.3923335075378418,0.40434181690216064,46073
20250829_151559,-0.39359959959983826,-1.3906315565109253,0.40453603863716125,45886
20250829_151559,-0.402072548866272,-1.386939525604248,0.4306316673755646,45844
20250829_151559,-0.4191349446773529,-1.360823631286621,0.4401281476020813,45870
20250829_151559,-0.4155980944633484,-1.3603196144104004,0.4475097358226776,46019
20250829_151559,-0.38023045659065247,-1.396153211593628,0.4316118359565735,45987
20250829_151559,-0.342260479927063,-1.376426339149475,0.4280390739440918,46066
20250829_151559,-0.3536941409111023,-1.3543602228164673,0.43926382064819336,45832
20250829_151559,-0.38682204484939575,-1.384495735168457,0.40405088663101196,46134
20250829_151559,-0.4011145234107971,-1.3694735765457153,0.4031582176685333,45889
20250829_151559,-0.35456040501594543,-1.3619650602340698,0.43473049998283386,46026
20250829_151559,-0.3714842200279236,-1.3987773656845093,0.44068971276283264,46017
20250829_151559,-0.36986613273620605,-1.3928494453430176,0.4271472096443176,46014
20250829_151559,-0.33317914605140686,-1.3449068069458008,0.4112820625305176,46055
20250829_151559,-0.375295490026474,-1.3801225423812866,0.4200551509857178,45977
20250829_151559,-0.32886192202568054,-1.365303635597229,0.4265373647212982,46038
20250829_151559,-0.3913672864437103,-1.3649855852127075,0.43005725741386414,45967
20250829_151559,-0.3608822822570801,-1.3781299591064453,0.4244367480278015,45978
20250829_151559,-0.363693505525589,-1.3578362464904785,0.42019790410995483,46004
20250829_151559,-0.36168238520622253,-1.3779680728912354,0.4175753891468048,46013
20250829_151559,-0.32533156871795654,-1.3596017360687256,0.40101176500320435,46096
20250829_151559,-0.3204418420791626,-1.3712245225906372,0.38786378502845764,46150
20250829_151559,-0.3397543132305145,-1.370287299156189,0.38656526803970337,55000
20250829_151559,-0.36175453662872314,-1.3586817979812622,0.3996198773384094,46072
20250829_151559,-0.34739255905151367,-1.3686549663543701,0.39223459362983704,46072
20250829_151559,-0.35749292373657227,-1.3710404634475708,0.38935354351997375,46072
20250829_151559,-0.3180226981639862,-1.3616734743118286,0.3755244016647339,46072
20250829_151559,-0.30152708292007446,-1.373572826385498,0.3719141185283661,46072
20250829_151559,-0.2774563729763031,-1.3618673086166382,0.3730837404727936,46072
20250829_151559,-0.3557731509208679,-1.382717490196228,0.3733375072479248,46072
20250829_151559,-0.3660155236721039,-1.3585773706436157,0.3637223541736603,46072
20250829_151559,-0.33269041776657104,-1.3546861410140991,0.35910770297050476,46072
20250829_151559,-0.3276980519294739,-1.3758344650268555,0.3721303939819336,46072
20250829_151559,-0.2865266501903534,-1.3545325994491577,0.34982064366340637,46072
20250829_151559,-0.3270185887813568,-1.379144549369812,0.3452017605304718,46072
20250829_151559,-0.26307812333106995,-1.3497629165649414,0.3354312479496002,46072
20250829_151559,-0.35287153720855713,-1.3843940496444702,0.32477402687072754,46072
20250829_151559,-0.32632651925086975,-1.3777720928192139,0.31580954790115356,46072
20250829_151559,-0.28580284118652344,-1.3542927503585815,0.3248307704925537,42000
20250829_151559,-0.2777732312679291,-1.3529030084609985,0.3277653157711029,45809
20250829_151559,-0.28986138105392456,-1.3678827285766602,0.3322821259498596,45888
20250829_151559,-0.3025228679180145,-1.3658291101455688,0.32143691182136536,45957
20250829_151559,-0.3114190399646759,-1.3887296915054321,0.30603548884391785,45904
20250829_151559,-0.32366397976875305,-1.3497332334518433,0.30580294132232666,45731
20250829_151559,-0.3185456693172455,-1.3877074718475342,0.29608985781669617,45737
20250829_151559,-0.283877968788147,-1.3574110269546509,0.28204289078712463,45758
20250829_151559,-0.281387060880661,-1.3450288772583008,0.2866063416004181,45913
20250829_151559,-0.25645706057548523,-1.3574573993682861,0.3096306324005127,45863
20250829_151559,-0.2786659896373749,-1.3658887147903442,0.3015662133693695,45915
20250829_151559,-0.33192309737205505,-1.3757191896438599,0.30412179231643677,45796
20250829_151559,-0.3614286184310913,-1.3571257591247559,0.2987326681613922,45775
20250829_151559,-0.2924271523952484,-1.3670066595077515,0.28999805450439453,45862
20250829_151559,-0.26764026284217834,-1.363617181777954,0.27629393339157104,45802
20250829_151559,-0.2787684202194214,-1.350633978843689,0.27295079827308655,45953
20250829_151559,-0.27581530809402466,-1.3487119674682617,0.27654075622558594,45854
20250829_151559,-0.28513458371162415,-1.3666585683822632,0.2745274305343628,45864
20250829_151559,-0.3275015652179718,-1.3677839040756226,0.2737308144569397,45840
20250829_151559,-0.3039216101169586,-1.373767375946045,0.27610090374946594,45734
20250829_151559,-0.29653501510620117,-1.3645261526107788,0.2810118794441223,45882
20250829_151559,-0.2546311020851135,-1.3597077131271362,0.2723287343978882,45879
20250829_151559,-0.27394554018974304,-1.3667246103286743,0.26466572284698486,45991
20250829_151559,-0.29393503069877625,-1.361124038696289,0.25905072689056396,45873
20250829_151559,-0.2905351221561432,-1.3913847208023071,0.24254204332828522,45864
20250829_151600,-0.28902482986450195,-1.3709481954574585,0.237532377243042,45826
20250829_151600,-0.30648335814476013,-1.371911644935608,0.24363228678703308,45836
20250829_151600,-0.30181291699409485,-1.3679224252700806,0.22970230877399445,45910
20250829_151600,-0.29353341460227966,-1.365856409072876,0.21997720003128052,45975
20250829_151600,-0.2970065474510193,-1.3627461194992065,0.2132931798696518,45952
20250829_151600,-0.26881143450737,-1.3653804063796997,0.21363571286201477,45897
20250829_151600,-0.3061366081237793,-1.3620063066482544,0.22239379584789276,45856
20250829_151600,-0.3401118218898773,-1.3265374898910522,0.24434347450733185,45866
20250829_151600,-0.3110197186470032,2.036867618560791,0.2475927770137787,45894
20250829_151600,-0.28365474939346313,-1.5790505409240723,0.24332110583782196,45976
20250829_151600,-0.29071295261383057,-1.5790505409240723,0.23197971284389496,45858
20250829_151600,-0.3101825416088104,-1.5790505409240723,0.23612597584724426,45888
20250829_151600,-0.2798677980899811,-1.5790505409240723,0.2115388959646225,45946
20250829_151600,-0.29078081250190735,-1.5790505409240723,0.20199134945869446,45888
20250829_151600,-0.3126246929168701,-1.5790505409240723,0.19665858149528503,45824
20250829_151600,-0.30533137917518616,-1.5790505409240723,0.19461092352867126,45848
20250829_151600,-0.2596062421798706,-1.5790505409240723,0.1971045583486557,45828
20250829_151600,-0.27910760045051575,-1.5790505409240723,0.20831851661205292,46018
20250829_151600,4.2274651527404785,-1.5790505409240723,0.21027134358882904,45993
20250829_151600,-0.5811740159988403,-1.5790505409240723,0.1877937912940979,46057
20250829_151600,-0.5811740159988403,-1.5790505409240723,0.21758323907852173,45702
20250829_151600,-0.5811740159988403,-1.5790505409240723,0.20972871780395508,45834
20250829_151600,-0.5811740159988403,-1.5790505409240723,0.19304247200489044,45961
20250829_151600,-0.5811740159988403,-1.5790505409240723,0.18485316634178162,45940
20250829_151600,-0.5811740159988403,-1.5790505409240723,0.1756865531206131,45914
20250829_151600,-0.5811740159988403,-1.5790505409240723,0.14791439473628998,46113
20250829_151600,-0.5811740159988403,-1.5790505409240723,0.13692183792591095,45853
20250829_151600,-0.5811740159988403,-1.5790505409240723,0.1221061423420906,45852
20250829_151600,-0.5811740159988403,-1.5790505409240723,0.12241832166910172,45919
20250829_151600,-0.5811740159988403,-1.5790505409240723,0.1272544115781784,45876
20250829_151600,-0.5811740159988403,-1.5790505409240723,0.10985759645700455,46048
20250829_151600,-0.5811740159988403,-1.5790505409240723,0.10892051458358765,45910
20250829_151600,-0.5811740159988403,-1.5790505409240723,0.1110650897026062,45858
20250829_151600,-0.5811740159988403,-1.5790505409240723,0.10981527715921402,45828
20250829_151600,-0.5811740159988403,-1.5790505409240723,0.1036476269364357,45837
20250829_151600,-0.5811740159988403,-1.5790505409240723,0.10310270637273788,46023
20250829_151600,-0.5811740159988403,-1.5790505409240723,0.10468992590904236,45977
20250829_151600,-0.5811740159988403,-1.5790505409240723,0.09915344417095184,45993
20250829_151600,-0.5811740159988403,-1.5790505409240723,0.09079045802354813,45881
20250829_151600,-0.5811740159988403,-1.5790505409240723,0.07247316837310791,45874
20250829_151600,-0.5811740159988403,-1.5790505409240723,0.06373114883899689,45855
20250829_151600,-0.5811740159988403,-1.5790505409240723,0.052953481674194336,45977
20250829_151600,-0.5811740159988403,2.058454751968384,0.05249066278338432,46087
20250829_151600,-0.5811740159988403,-1.3644518852233887,0.070278599858284,45924
20250829_151600,-0.5811740159988403,-1.374898076057434,0.07729458808898926,45881
20250829_151600,-0.5811740159988403,-1.3615211248397827,0.08556848764419556,45802
20250829_151600,-0.5811740159988403,-1.3758562803268433,0.08153846859931946,45870
20250829_151600,-0.5811740159988403,-1.3549895286560059,0.07131629437208176,45879
20250829_151600,-0.5811740159988403,-1.3740423917770386,0.06427386403083801,45989
20250829_151600,-0.5811740159988403,-1.3797978162765503,0.06859439611434937,45952
20250829_151600,-0.5811740159988403,-1.3545438051223755,0.04960207641124725,46050
20250829_151600,4.143468379974365,-1.3918966054916382,0.043423619121313095,45894
20250829_151600,-0.3177622854709625,-1.3891797065734863,0.04633583500981331,45864
20250829_151600,-0.3041967749595642,-1.3886712789535522,0.048729345202445984,45959
20250829_151600,-0.27829888463020325,-1.3852567672729492,0.04575584456324577,45968
20250829_151600,-0.2519324719905853,-1.3661819696426392,0.03678983822464943,55000
20250829_151600,-0.26760217547416687,-1.3592700958251953,0.04048500582575798,42000
20250829_151600,-0.2802707552909851,-1.382079839706421,0.0432843454182148,55000
20250829_151600,-0.27084726095199585,-1.3617639541625977,0.05235063657164574,46044
20250829_151600,-0.31316930055618286,-1.391433596611023,0.04830238223075867,46044
20250829_151600,-0.30364567041397095,-1.3736940622329712,0.04833909869194031,46044
20250829_151600,-0.2795688509941101,-1.3820421695709229,0.031125254929065704,46044
20250829_151600,-0.2992273271083832,-1.3752729892730713,0.021569212898612022,46044
20250829_151600,-0.2495962679386139,-1.3852468729019165,0.010249093174934387,46044
20250829_151600,-0.3148651719093323,-1.3804457187652588,0.006492665968835354,46044
20250829_151600,-0.28767654299736023,-1.397127389907837,0.0010396750876680017,46044
20250829_151600,-0.2889382839202881,-1.3838785886764526,0.008893526159226894,42000
20250829_151600,-0.24176567792892456,-1.3659844398498535,0.00788285955786705,45755
20250829_151600,-0.2930120825767517,-1.365732192993164,0.01734831929206848,45715
20250829_151600,-0.28630778193473816,-1.3739572763442993,0.018370045349001884,45777
20250829_151600,-0.25968611240386963,-1.3843740224838257,0.02227172441780567,45784
20250829_151600,-0.24327729642391205,-1.4025814533233643,0.04930683597922325,45769
20250829_151600,-0.29511240124702454,-1.3881868124008179,0.04077401012182236,45646
20250829_151600,-0.3054092824459076,-1.3951367139816284,0.04766765609383583,45608
20250829_151600,-0.2744736075401306,-1.3883193731307983,0.04599876329302788,45714
20250829_151600,-0.24619917571544647,-1.396708607673645,0.03849441930651665,45822
20250829_151600,-0.251388281583786,-1.382561206817627,0.04477604478597641,45850
20250829_151600,-0.2623003125190735,-1.4054880142211914,0.059730030596256256,45753
20250829_151600,-0.3085115849971771,-1.3997182846069336,0.06223384663462639,45639
20250829_151600,-0.3135041892528534,-1.3864468336105347,0.05866063013672829,45660
20250829_151600,-0.27399584650993347,-1.403799295425415,0.031117863953113556,45535
20250829_151600,-0.2582686245441437,-1.3956806659698486,0.04476417973637581,45691
20250829_151600,-0.3024692237377167,-1.3736255168914795,0.08048023283481598,45940
20250829_151600,-0.28567564487457275,-1.391005039215088,0.08409567922353745,45833
20250829_151600,-0.27894842624664307,-1.3894354104995728,0.07529134303331375,45773
20250829_151600,-0.29916027188301086,-1.3672516345977783,0.07158487290143967,45691
20250829_151600,-0.30303093791007996,-1.3773934841156006,0.07058704644441605,45694
20250829_151600,-0.2915070354938507,-1.3835970163345337,0.0716816708445549,45681
20250829_151600,-0.27375513315200806,-1.3847852945327759,0.06963401287794113,45715
20250829_151600,-0.2962324917316437,-1.3906092643737793,0.07355354726314545,45750
20250829_151600,-0.2661859095096588,-1.3893169164657593,0.07651118189096451,45817
20250829_151600,-0.2653757929801941,-1.3922064304351807,0.06786719709634781,45759
20250829_151600,-0.279268741607666,-1.4007067680358887,0.07235713303089142,45732
20250829_151600,-0.28575390577316284,-1.3976635932922363,0.08410092443227768,45638
20250829_151600,-0.29115408658981323,-1.4107500314712524,0.09230824559926987,45747
20250829_151600,-0.28388410806655884,-1.395856261253357,0.09972864389419556,45796
20250829_151600,-0.29189977049827576,-1.4130558967590332,0.08917687833309174,45824
20250829_151600,-0.2656918168067932,-1.38166081905365,0.10047328472137451,45817
20250829_151600,-0.259408175945282,-1.4015636444091797,0.10057467967271805,45851
20250829_151600,-0.29401734471321106,-1.401450514793396,0.09624296426773071,45739
20250829_151601,-0.2861473560333252,-1.3925719261169434,0.08526534587144852,45777
20250829_151601,-0.2973582446575165,-1.4054875373840332,0.06258466094732285,45532
20250829_151601,-0.30748340487480164,-1.3567533493041992,0.0755714550614357,45861
20250829_151601,-0.26190197467803955,-1.3906306028366089,0.07166929543018341,45884
20250829_151601,-0.25684237480163574,-1.3884865045547485,0.09255729615688324,45884
20250829_151601,-0.2082080841064453,-1.402279019355774,0.0994577631354332,45769
20250829_151601,-0.3117133378982544,-1.3943758010864258,0.09744434803724289,45720
20250829_151601,-0.2887571156024933,-1.400461196899414,0.09498436748981476,45732
20250829_151601,-0.24909622967243195,-1.4268428087234497,0.08927856385707855,45610
20250829_151601,-0.2642146050930023,-1.409227967262268,0.0908750370144844,45806
20250829_151601,-0.23966337740421295,-1.36873459815979,0.11283793300390244,45911
20250829_151601,-0.22856329381465912,-1.3909595012664795,0.11506661027669907,45715
20250829_151601,-0.28336814045906067,-1.4133411645889282,0.11592847853899002,45822
20250829_151601,-0.30849266052246094,-1.4148287773132324,0.09238813072443008,45712
20250829_151601,-0.28589683771133423,-1.4154067039489746,0.08436227589845657,45766
20250829_151601,-0.24708719551563263,-1.4105948209762573,0.07950090616941452,45855
20250829_151601,-0.22027075290679932,-1.400848150253296,0.08426404744386673,45913
20250829_151601,-0.23512402176856995,-1.4023882150650024,0.10094143450260162,45908
20250829_151601,-0.250887006521225,-1.4277491569519043,0.09973395615816116,45816
20250829_151601,-0.28192660212516785,-1.4077396392822266,0.09348567575216293,45764
20250829_151601,-0.26980918645858765,-1.4197742938995361,0.0733131691813469,45766
20250829_151601,-0.27394646406173706,-1.4133944511413574,0.07013458758592606,45823
20250829_151601,-0.24593599140644073,-1.4224621057510376,0.07181572914123535,45927
20250829_151601,-0.25399070978164673,-1.4207067489624023,0.08463782072067261,45965
20250829_151601,-0.2518984377384186,-1.4133186340332031,0.07878315448760986,45888
20250829_151601,-0.2506569027900696,-1.4129421710968018,0.07073643803596497,45878
20250829_151601,-0.23270314931869507,-1.3981715440750122,0.07944789528846741,45738
20250829_151601,-0.2727605104446411,-1.4113315343856812,0.07492484152317047,45860
20250829_151601,-0.2448146641254425,-1.4078468084335327,0.08378662914037704,45872
20250829_151601,-0.23857377469539642,-1.4349994659423828,0.09407424926757812,45956
20250829_151601,-0.22806549072265625,-1.4097932577133179,0.09564538300037384,45883
20250829_151601,-0.23569636046886444,-1.4345518350601196,0.08431210368871689,45855
20250829_151601,-0.2565731108188629,-1.4232805967330933,0.07761359959840775,45830
20250829_151601,-0.2469092607498169,-1.4274098873138428,0.07419723272323608,45853
20250829_151601,-0.2564662992954254,-1.423034906387329,0.07059360295534134,45903
20250829_151601,-0.23536357283592224,-1.4335824251174927,0.05965719744563103,45851
20250829_151601,-0.1971266120672226,-1.4479565620422363,0.06161556392908096,45833
20250829_151601,-0.2383948415517807,-1.4315294027328491,0.06442864239215851,45904
20250829_151601,-0.24978436529636383,-1.429215908050537,0.06755990535020828,45896
20250829_151601,-0.242597296833992,-1.4272066354751587,0.07202018052339554,45847
20250829_151601,-0.21832768619060516,-1.4397386312484741,0.06164673715829849,45812
20250829_151601,-0.2534688711166382,-1.4321619272232056,0.06825947761535645,45934
20250829_151601,-0.23575901985168457,-1.4365692138671875,0.06473518908023834,45892
20250829_151601,-0.22878873348236084,-1.4385225772857666,0.06278197467327118,45894
20250829_151601,-0.23605497181415558,-1.4362820386886597,0.06284192204475403,45901
20250829_151601,-0.17797477543354034,-1.4225046634674072,0.08358495682477951,45856
20250829_151601,-0.19185498356819153,-1.4178550243377686,0.08875792473554611,45965
20250829_151601,-0.24454692006111145,-1.4578548669815063,0.10003526508808136,45802
20250829_151601,-0.23363924026489258,-1.4390442371368408,0.09251296520233154,45891
20250829_151601,-0.22050583362579346,-1.414597988128662,0.07867860049009323,45973
20250829_151601,-0.18434785306453705,-1.4550275802612305,0.06489256024360657,45877
20250829_151601,-0.23815302550792694,-1.445400357246399,0.06393129378557205,45969
20250829_151601,-0.20860540866851807,-1.4452693462371826,0.0731501579284668,45970
20250829_151601,-0.20997931063175201,-1.433988332748413,0.07572099566459656,45972
20250829_151601,-0.24143368005752563,-1.4376628398895264,0.06318987905979156,45924
20250829_151601,-0.2138262391090393,-1.4477263689041138,0.05801442265510559,45905
20250829_151601,-0.19953174889087677,-1.4475898742675781,0.06174168363213539,45973
20250829_151601,-0.20060715079307556,-1.4542385339736938,0.06761245429515839,45992
20250829_151601,-0.20412929356098175,-1.4345324039459229,0.07982247322797775,45972
20250829_151601,-0.2056310921907425,-1.4484392404556274,0.07509882003068924,45958
20250829_151601,-0.21267540752887726,-1.4410518407821655,0.06111861392855644,45896
20250829_151601,-0.20387575030326843,-1.4384069442749023,0.06036592274904251,45999
20250829_151601,-0.19744902849197388,-1.4412435293197632,0.05660945922136307,45969
20250829_151601,-0.19964388012886047,-1.4420065879821777,0.060605935752391815,45973
20250829_151601,-0.21753552556037903,-1.4443637132644653,0.05795538052916527,45934
20250829_151601,-0.19127808511257172,-1.4451056718826294,0.06406683474779129,45975
20250829_151601,-0.20128966867923737,-1.4395506381988525,0.05933566018939018,45925
20250829_151601,-0.1717764139175415,-1.4543160200119019,0.0698787197470665,45854
20250829_151601,-0.19792339205741882,-1.4480949640274048,0.07726390659809113,45944
20250829_151601,-0.20557917654514313,-1.4407711029052734,0.08390825986862183,45995
20250829_151601,-0.18201899528503418,-1.4633407592773438,0.078231580555439,45917
20250829_151601,-0.23817110061645508,-1.4413520097732544,0.07965563237667084,45909
20250829_151601,-0.2045135200023651,-1.4516340494155884,0.07692071795463562,55000
20250829_151601,-0.20826272666454315,-1.4554942846298218,0.0758005678653717,46000
20250829_151601,-0.20102886855602264,-1.44477379322052,0.07454285025596619,46000
20250829_151601,-0.19611379504203796,-1.4479660987854004,0.0809226706624031,46000
20250829_151601,-0.20594333112239838,-1.452231526374817,0.07674364745616913,46000
20250829_151601,-0.20020988583564758,-1.4537290334701538,0.07280950248241425,46000
20250829_151601,-0.18982641398906708,-1.4364944696426392,0.07625126838684082,46000
20250829_151601,-0.1983199566602707,-1.4506417512893677,0.07270827144384384,46000
20250829_151601,-0.1890963315963745,-1.4587246179580688,0.059972818940877914,46000
20250829_151601,-0.18324391543865204,-1.4537190198898315,0.07852054387331009,46000
20250829_151601,-0.19971027970314026,-1.4518425464630127,0.08295705169439316,46000
20250829_151601,-0.21221919357776642,-1.4488506317138672,0.08346868306398392,46000
20250829_151601,-0.16588003933429718,-1.4426957368850708,0.04119923710823059,46000
20250829_151601,-0.18971705436706543,-1.4457353353500366,0.06158063933253288,42000
20250829_151601,-0.19186905026435852,-1.4582287073135376,0.07023781538009644,45788
20250829_151601,-0.1757909506559372,-1.4503709077835083,0.05995211750268936,45817
20250829_151601,-0.20082229375839233,-1.4514590501785278,0.06654725968837738,45847
20250829_151601,-0.1794636994600296,-1.4495329856872559,0.06452145427465439,45760
20250829_151601,-0.20108714699745178,-1.4524515867233276,0.06880928575992584,45802
20250829_151601,-0.2223096489906311,-1.4580399990081787,0.06054883822798729,45780
20250829_151601,-0.21534444391727448,-1.4403399229049683,0.04543468728661537,45768
20250829_151601,-0.2861807346343994,-1.4543383121490479,0.044327959418296814,45836
20250829_151601,0.8187188506126404,-1.4587386846542358,0.04172348976135254,45753
20250829_151601,-0.12887287139892578,-1.436953067779541,0.05100460350513458,45858
20250829_151601,-0.20101965963840485,-1.4531042575836182,0.046412479132413864,45834
20250829_151601,-0.21075445413589478,-1.4463080167770386,0.04501769691705704,45793
20250829_151601,-0.1946454793214798,-1.4666560888290405,0.04927213862538338,45836
20250829_151601,-0.20338647067546844,-1.449826717376709,0.04597863182425499,45828
20250829_151602,-0.18856897950172424,-1.4548168182373047,0.04884503781795502,45851
20250829_151602,-0.18481315672397614,-1.4512784481048584,0.05329381301999092,45838
20250829_151602,-0.1923288255929947,-1.4540865421295166,0.05363990738987923,45850
20250829_151602,-0.20202691853046417,-1.453300952911377,0.05477558448910713,45853
20250829_151602,-0.1673714518547058,-1.4561482667922974,0.06653884798288345,45691
20250829_151602,-0.19928550720214844,-1.4509576559066772,0.052507903426885605,45804
20250829_151602,-0.21531890332698822,-1.453914761543274,0.056040260940790176,45845
20250829_151602,-0.182988703250885,-1.4567831754684448,0.056832022964954376,45882
20250829_151602,-0.1987403780221939,-1.4482423067092896,0.058946240693330765,45791
20250829_151602,-0.18450510501861572,-1.438456654548645,0.05383501201868057,45803
20250829_151602,-0.19304415583610535,-1.4404358863830566,0.05701875686645508,45897
20250829_151602,-0.18040704727172852,-1.4604054689407349,0.060642484575510025,45757
20250829_151602,-0.21417587995529175,-1.432926058769226,0.048811595886945724,45815
20250829_151602,-0.21183592081069946,-1.4456199407577515,0.04736372083425522,45862
20250829_151602,-0.19860053062438965,-1.450007438659668,0.05355595424771309,45870
20250829_151602,-0.19085341691970825,-1.4542402029037476,0.05577074736356735,45836
20250829_151602,-0.19897285103797913,-1.458390474319458,0.06136967986822128,45889
20250829_151602,-0.22676220536231995,-1.446546196937561,0.05978364124894142,45794
20250829_151602,-0.22113515436649323,-1.4479539394378662,0.05704091116786003,45811
20250829_151602,-0.19020120799541473,-1.4514656066894531,0.041857946664094925,45799
20250829_151602,-0.22214427590370178,-1.4513444900512695,0.03893757611513138,45871
20250829_151602,-0.21459683775901794,-1.4528577327728271,0.039308205246925354,45884
20250829_151602,-0.20034918189048767,-1.4611005783081055,0.042520809918642044,45899
20250829_151602,-0.22073101997375488,-1.4480654001235962,0.044968266040086746,45868
20250829_151602,-0.2262519747018814,-1.4592419862747192,0.03782758489251137,45822
20250829_151602,-0.2347286194562912,-1.451527714729309,0.034775566309690475,45827
20250829_151602,-0.2165563702583313,-1.4498834609985352,0.032456133514642715,45878
20250829_151602,-0.18647164106369019,-1.4553124904632568,0.026052996516227722,45981
20250829_151602,-0.17118830978870392,-1.460303783416748,0.04529482498764992,45891
20250829_151602,-0.23475629091262817,-1.4511693716049194,0.04255690798163414,45859
20250829_151602,-0.21795998513698578,-1.452591896057129,0.04152601212263107,45905
20250829_151602,-0.22157429158687592,-1.4566081762313843,0.04092860966920853,45887
20250829_151602,-0.2109314501285553,-1.4520108699798584,0.04119681566953659,55000
20250829_151602,-0.22072486579418182,-1.4537240266799927,0.04524004086852074,45984
20250829_151602,-0.21927358210086823,-1.4562921524047852,0.052796609699726105,45984
20250829_151602,-0.21014563739299774,-1.4594711065292358,0.05410946160554886,45984
20250829_151602,-0.20992256700992584,-1.4513355493545532,0.023335842415690422,45984
20250829_151602,-0.2301153838634491,-1.4570199251174927,0.011232816614210606,45984
20250829_151602,-0.24408365786075592,-1.4464781284332275,0.008129609748721123,45984
20250829_151602,-0.22145994007587433,-1.4691351652145386,0.01281273365020752,45984
20250829_151602,-0.20449352264404297,-1.4488126039505005,0.019267840310931206,45984
20250829_151602,-0.2168806493282318,-1.4592245817184448,0.027778059244155884,45984
20250829_151602,-0.2357885092496872,-1.4674396514892578,0.023603402078151703,45984
20250829_151602,-0.23794470727443695,-1.4597398042678833,0.017910148948431015,45984
20250829_151602,-0.228221595287323,-1.4614331722259521,0.015351788140833378,45984
20250829_151602,-0.23066730797290802,-1.4674811363220215,0.013741442933678627,45984
20250829_151602,-0.22622905671596527,-1.463100790977478,0.01724126935005188,45984
20250829_151602,-0.21585288643836975,-1.4590188264846802,0.016876665875315666,45984
20250829_151602,-0.20717640221118927,-1.4752672910690308,0.026519879698753357,45984
20250829_151602,-0.2624925374984741,-1.4591928720474243,0.020423322916030884,45984
20250829_151602,-0.23840214312076569,-1.4863677024841309,0.00740942545235157,45984
20250829_151602,-0.24938258528709412,-1.4677952527999878,0.012088572606444359,45984
20250829_151602,-0.21606700122356415,-1.475180745124817,0.014288737438619137,45984
20250829_151602,-0.23046335577964783,-1.4603511095046997,0.015965266153216362,45984
20250829_151602,-0.2347823828458786,-1.4638296365737915,0.017184965312480927,45984
20250829_151602,-0.22866475582122803,-1.4642136096954346,0.025748610496520996,45984
20250829_151602,-0.24115894734859467,-1.4806644916534424,0.016167106106877327,45984
20250829_151602,-0.2634322941303253,-1.4630417823791504,0.01312300842255354,45984
20250829_151602,-0.25614410638809204,-1.4681845903396606,0.010136173106729984,45984
20250829_151602,-0.23571059107780457,-1.4720598459243774,0.01654629595577717,45984
20250829_151602,-0.23829762637615204,-1.4779398441314697,0.02934829518198967,45984
20250829_151602,-0.22805218398571014,-1.4684855937957764,0.033716633915901184,45984
20250829_151602,-0.25888514518737793,-1.4712904691696167,0.03749550133943558,45984
20250829_151602,-0.2722342312335968,-1.4824767112731934,0.029324056580662727,45984
20250829_151602,-0.26226475834846497,-1.4691847562789917,0.0332038477063179,45984
20250829_151602,-0.21684406697750092,-1.4678559303283691,0.022227060049772263,45984
20250829_151602,-0.25096750259399414,-1.4673131704330444,0.028210144490003586,45984
20250829_151602,-0.2635097801685333,-1.4649544954299927,0.02606598287820816,45984
20250829_151602,-0.2441072016954422,-1.4774974584579468,0.03746504709124565,45984
20250829_151602,-0.25890398025512695,-1.4712022542953491,0.039895907044410706,45984
20250829_151602,-0.2868605852127075,-1.4617313146591187,0.035092297941446304,45984
20250829_151602,-0.28223708271980286,-1.470658779144287,0.02702229656279087,45984
20250829_151602,-0.27009594440460205,-1.4707517623901367,0.029141124337911606,45984
20250829_151602,-0.23939836025238037,-1.4745116233825684,0.04371348023414612,45984
20250829_151602,-0.24869854748249054,-1.470017910003662,0.05251201242208481,45984
20250829_151602,-0.2754811942577362,-1.4643350839614868,0.051759086549282074,45984
20250829_151602,-0.2591918706893921,-1.4824321269989014,0.06123664230108261,45984
20250829_151602,-0.28632569313049316,-1.4687541723251343,0.057245854288339615,42000
20250829_151602,-0.2723689079284668,-1.476050853729248,0.05707991123199463,45791
20250829_151602,-0.2566445469856262,-1.4742581844329834,0.06494765728712082,45844
20250829_151602,-0.24043908715248108,-1.481521725654602,0.06669270992279053,45893
20250829_151602,-0.2676682770252228,-1.4741913080215454,0.07356518507003784,55000
20250829_151602,-0.2610425353050232,-1.476352572441101,0.07383062690496445,42000
20250829_151602,-0.29166170954704285,-1.4726228713989258,0.057496607303619385,45759
20250829_151602,-0.27088499069213867,-1.4813261032104492,0.05479135736823082,45868
20250829_151602,-0.26536825299263,-1.4773201942443848,0.05971717834472656,55000
20250829_151602,-0.24759972095489502,-1.4840186834335327,0.05653245002031326,45982
20250829_151602,-0.27324384450912476,-1.4774352312088013,0.055586088448762894,45982
20250829_151602,-0.2904638946056366,-1.4696791172027588,0.05166267976164818,45982
20250829_151602,-0.2773415744304657,-1.4888159036636353,0.04510417580604553,45982
20250829_151602,-0.26720303297042847,-1.474761962890625,0.04259490594267845,45982
20250829_151602,-0.2692335844039917,-1.481473445892334,0.040810298174619675,45982
20250829_151602,-0.27510151267051697,-1.4825105667114258,0.0368373841047287,45982
20250829_151602,-0.28146079182624817,-1.4878199100494385,0.025518737733364105,45982
20250829_151602,-0.2737439274787903,-1.4861772060394287,0.026326505467295647,45982
20250829_151602,-0.2717314064502716,-1.4864109754562378,0.01858353428542614,42000
20250829_151602,-0.26107051968574524,-1.4831992387771606,0.02376401610672474,45780
20250829_151602,-0.2555422782897949,-1.4968492984771729,0.028530467301607132,45734
20250829_151602,-0.29092055559158325,-1.4788533449172974,0.030654901638627052,45722
20250829_151602,-0.2836242914199829,-1.4913265705108643,0.026063693687319756,45714
20250829_151603,-0.2672151029109955,-1.4943933486938477,0.02168765477836132,45672
20250829_151603,-0.26701730489730835,-1.4935029745101929,0.018150491639971733,45778
20250829_151603,-0.26378509402275085,-1.5044714212417603,0.030877459794282913,45737
20250829_151603,-0.2708842158317566,-1.4972143173217773,0.034852832555770874,45755
20250829_151603,-0.28747469186782837,-1.4902153015136719,0.025160523131489754,45691
20250829_151603,-0.3026598393917084,-1.5012664794921875,0.024650394916534424,45743
20250829_151603,-0.277057945728302,-1.4913499355316162,0.025729406625032425,45765
20250829_151603,-0.2672306299209595,-1.4994442462921143,0.02922785095870495,45676
20250829_151603,-0.2719639539718628,-1.5019282102584839,0.04221057519316673,45749
20250829_151603,-0.288228839635849,-1.4911102056503296,0.046939313411712646,45769
20250829_151603,-0.3008391857147217,-1.519026756286621,0.042788755148649216,45768
20250829_151603,-0.3113664388656616,-1.4978474378585815,0.03638611361384392,45725
20250829_151603,-0.30904239416122437,-1.5013127326965332,0.02649812400341034,45687
20250829_151603,-0.2941513657569885,-1.49143385887146,0.030884621664881706,45769
20250829_151603,-0.27125364542007446,-1.4968112707138062,0.04123394563794136,45801
20250829_151603,-0.29916876554489136,-1.493114709854126,0.042424581944942474,45713
20250829_151603,-0.3275393843650818,-1.4855351448059082,0.040217433124780655,45707
20250829_151603,-0.3080635070800781,-1.4951344728469849,0.04416375234723091,45691
20250829_151603,-0.32212913036346436,-1.4878120422363281,0.04927920177578926,45723
20250829_151603,-0.31458884477615356,-1.4876521825790405,0.0460476353764534,45762
20250829_151603,-0.30322304368019104,-1.4899489879608154,0.050278160721063614,45789
20250829_151603,-0.30306851863861084,-1.496548056602478,0.05877222865819931,45762
20250829_151603,-0.319770872592926,-1.490652322769165,0.06282690167427063,45774
20250829_151603,-0.30927908420562744,-1.489503026008606,0.061422016471624374,45727
20250829_151603,-0.368059903383255,-1.4799646139144897,0.06268274039030075,45755
20250829_151603,-0.34059497714042664,-1.4996254444122314,0.052083201706409454,45796
20250829_151603,-0.3124147355556488,-1.4888057708740234,0.06566399335861206,45849
20250829_151603,-0.306924968957901,-1.5023924112319946,0.06727305054664612,45888
20250829_151603,-0.32125547528266907,-1.4892280101776123,0.0640769675374031,45824
20250829_151603,-0.36138370633125305,-1.4921579360961914,0.050143592059612274,45783
20250829_151603,-0.3439032733440399,-1.4977750778198242,0.04907495155930519,45845
20250829_151603,-0.35552433133125305,-1.4959467649459839,0.044945139437913895,45861
20250829_151603,-0.33045199513435364,-1.497204065322876,0.04935283213853836,45841
20250829_151603,-0.3358372151851654,-1.4965835809707642,0.05324893444776535,45828
20250829_151603,-0.30953288078308105,-1.4968923330307007,0.05440700799226761,45881
20250829_151603,-0.34183230996131897,-1.4857611656188965,0.05741239711642265,45868
20250829_151603,-0.36707204580307007,-1.4876108169555664,0.03377067670226097,45931
20250829_151603,-0.3485017716884613,-1.47671377658844,0.02744949236512184,45801
20250829_151603,-0.3406682312488556,-1.4911587238311768,0.028722548857331276,45861
20250829_151603,-0.3466086685657501,-1.4855451583862305,0.03141229227185249,45898
20250829_151603,-0.3327908217906952,-1.4920339584350586,0.03286955878138542,45893
20250829_151603,-0.33587920665740967,-1.486152172088623,0.03682125359773636,45881
20250829_151603,-0.3498691916465759,-1.4861506223678589,0.04138648137450218,45903
20250829_151603,-0.3501010537147522,-1.4955334663391113,0.03216572478413582,45879
20250829_151603,-0.3475865125656128,-1.4904252290725708,0.02785911224782467,45834
20250829_151603,-0.36230704188346863,-1.5011690855026245,0.022012731060385704,45855
20250829_151603,-0.35584381222724915,-1.4949349164962769,0.02313533052802086,45911
20250829_151603,-0.346155047416687,-1.4974678754806519,0.030644558370113373,45991
20250829_151603,-0.3495117723941803,-1.49911367893219,0.0382327064871788,45898
20250829_151603,-0.3639447093009949,-1.4949463605880737,0.027506256476044655,45860
20250829_151603,-0.3982580900192261,-1.485835075378418,0.02792295813560486,45885
20250829_151603,-0.35546714067459106,-1.500038743019104,0.016060123220086098,45858
20250829_151603,-0.4139721095561981,-1.4908713102340698,0.031393326818943024,45924
20250829_151603,-0.3597075045108795,-1.493035912513733,0.031570956110954285,55000
20250829_151603,-0.3489193320274353,-1.4855718612670898,0.03507513925433159,45961
20250829_151603,-0.38274145126342773,-1.4897804260253906,0.030979711562395096,45961
20250829_151603,-0.38933730125427246,-1.4795106649398804,0.027610154822468758,45961
20250829_151603,-0.4043189585208893,-1.4813728332519531,0.01738211140036583,45961
20250829_151603,-0.3647993206977844,-1.479387879371643,0.011662914417684078,45961
20250829_151603,-0.36850473284721375,-1.4879493713378906,0.011856172233819962,45961
20250829_151603,-0.36633944511413574,-1.4860392808914185,0.02354607544839382,45961
20250829_151603,-0.36453551054000854,-1.4891167879104614,0.023339124396443367,45961
20250829_151603,-0.4176357686519623,-1.4855515956878662,-0.004562984220683575,45961
20250829_151603,-0.40272819995880127,-1.4863080978393555,-0.018991069868206978,45961
20250829_151603,-0.3986438512802124,-1.487256407737732,-0.021835265681147575,45961
20250829_151603,-0.37390580773353577,-1.4958618879318237,-0.020146232098340988,45961
20250829_151603,-0.38575464487075806,-1.4902974367141724,-0.016029438003897667,45961
20250829_151603,-0.3627346158027649,-1.4920251369476318,-0.008211331441998482,45961
20250829_151603,-0.39738547801971436,-1.4838062524795532,-0.014019920490682125,45961
20250829_151603,-0.4082011580467224,-1.4923031330108643,-0.023829588666558266,45961
20250829_151603,-0.40298518538475037,-1.4836901426315308,-0.029591675847768784,45961
20250829_151603,-0.4024931788444519,-1.4874300956726074,-0.019830267876386642,45961
20250829_151603,-0.3895530700683594,-1.4876883029937744,-0.027086924761533737,42000
20250829_151603,-0.4035215377807617,-1.4851350784301758,-0.028051210567355156,45718
20250829_151603,-0.3965253233909607,-1.4861263036727905,-0.025375356897711754,45744
20250829_151603,-0.39561063051223755,-1.4844073057174683,-0.027943149209022522,45693
20250829_151603,-0.4076935648918152,-1.4890191555023193,-0.02957739308476448,45723
20250829_151603,-0.43563851714134216,-1.4860334396362305,-0.025200016796588898,45734
20250829_151603,-0.3817436993122101,-1.4866465330123901,-0.023730412125587463,45766
20250829_151603,-0.3941397964954376,-1.4780584573745728,-0.02050015702843666,45779
20250829_151603,-0.39981570839881897,-1.491011381149292,-0.014252092689275742,45778
20250829_151603,-0.3921509385108948,-1.4797908067703247,-0.008345457725226879,45741
20250829_151603,-0.39601215720176697,-1.493706464767456,-0.007297113537788391,45745
20250829_151603,-0.42418140172958374,-1.4800810813903809,-0.008885331451892853,45764
20250829_151603,-0.41148340702056885,-1.493778109550476,-0.006658151280134916,45784
20250829_151603,-0.3778531551361084,-1.4931784868240356,-0.015402939170598984,45737
20250829_151603,-0.4452569782733917,-1.4825358390808105,0.002508565317839384,45868
20250829_151603,-0.3984324038028717,-1.4809443950653076,0.005469577852636576,45786
20250829_151603,-0.3868333697319031,-1.4888348579406738,0.005987576209008694,45831
20250829_151603,-0.4123154282569885,-1.4831221103668213,0.006011850666254759,45801
20250829_151603,-0.42810025811195374,-1.4797255992889404,-0.0010100359795615077,45773
20250829_151603,-0.44756966829299927,-1.4801900386810303,-0.023647144436836243,45914
20250829_151603,-0.4253230392932892,-1.481558918952942,-0.02353709004819393,45829
20250829_151603,-0.42383313179016113,-1.4867026805877686,-0.01920989714562893,45759
20250829_151603,-0.4190720319747925,-1.4692542552947998,-0.006923572160303593,45883
20250829_151603,-0.40250861644744873,-1.476281762123108,0.00034803111338987947,45856
20250829_151603,-0.4141145348548889,-1.4685759544372559,-0.0044310749508440495,45790
20250829_151603,-0.4337937533855438,-1.489995002746582,-0.0034464485943317413,45815
20250829_151603,-0.44903960824012756,-1.472609043121338,0.002892493735998869,45768
20250829_151603,-0.42241716384887695,-1.4702348709106445,0.023759933188557625,45847
20250829_151604,-0.4376511573791504,-1.4742391109466553,0.035919055342674255,45918
20250829_151604,-0.40788108110427856,-1.477103590965271,0.04769465699791908,45898
20250829_151604,-0.42435383796691895,-1.476493000984192,0.059998441487550735,45900
20250829_151604,-0.44956716895103455,-1.4798321723937988,0.05140526592731476,45831
20250829_151604,-0.4525018036365509,-1.470895767211914,0.045360032469034195,55000
20250829_151604,-0.43569666147232056,-1.4767601490020752,0.037190403789281845,45950
20250829_151604,-0.442302405834198,-1.4713605642318726,0.04026434198021889,45950
20250829_151604,-0.426803857088089,-1.4699498414993286,0.04701177030801773,45950
20250829_151604,-0.4014270305633545,-1.4697721004486084,0.05223569646477699,45950
20250829_151604,-0.4129141569137573,-1.466658115386963,0.06083841249346733,45950
20250829_151604,-0.4794372618198395,-1.477707862854004,0.03385863080620766,45950
20250829_151604,-0.4568406045436859,-1.4670206308364868,0.02387687750160694,45950
20250829_151604,-0.43515199422836304,-1.4773420095443726,0.01721985824406147,45950
20250829_151604,-0.44405773282051086,-1.466544508934021,0.03267214074730873,45950
20250829_151604,-0.43206480145454407,-1.464379906654358,0.03331346809864044,45950
20250829_151604,-0.4857805371284485,-1.4663887023925781,0.08250101655721664,45950
20250829_151604,-0.440530925989151,-1.4631520509719849,0.08432777971029282,45950
20250829_151604,-0.47333160042762756,-1.4752219915390015,0.08497583866119385,45950
20250829_151604,-0.4489823579788208,-1.4680403470993042,0.08091718703508377,45950
20250829_151604,-0.4444449245929718,-1.470961332321167,0.0899779200553894,45950
20250829_151604,-0.45160266757011414,-1.4717044830322266,0.07980023324489594,45950
20250829_151604,-0.42552298307418823,-1.4590227603912354,0.08511513471603394,45950
20250829_151604,-0.42823129892349243,-1.4708600044250488,0.0974632129073143,45950
20250829_151604,-0.4336616098880768,-1.4652143716812134,0.10835938900709152,42000
20250829_151604,-0.4405190646648407,-1.4787815809249878,0.10853506624698639,45774
20250829_151604,-0.46851015090942383,-1.463336706161499,0.11968529224395752,45635
20250829_151604,-0.46304595470428467,-1.4734435081481934,0.12052156776189804,45601
20250829_151604,-0.4374719560146332,-1.4606772661209106,0.12092047929763794,45672
20250829_151604,-0.4144252836704254,-1.4619426727294922,0.12149837613105774,45749
20250829_151604,-0.41541147232055664,-1.4627597332000732,0.1284969598054886,45745
20250829_151604,-0.4858262836933136,-1.4713821411132812,0.12594054639339447,45644
20250829_151604,-0.48655739426612854,-1.471375823020935,0.13006296753883362,45531
20250829_151604,-0.450397789478302,-1.4555760622024536,0.13416406512260437,45647
20250829_151604,-0.422758549451828,-1.472102165222168,0.1372499018907547,45760
20250829_151604,-0.4206368923187256,-1.444442868232727,0.14905749261379242,45785
20250829_151604,-0.4358602464199066,-1.4630919694900513,0.15502622723579407,45774
20250829_151604,-0.457721084356308,-1.4588587284088135,0.1536259651184082,45690
20250829_151604,-0.5289942026138306,-1.461039662361145,0.13980725407600403,45823
20250829_151604,-0.48110562562942505,-1.4706306457519531,0.15024657547473907,45733
20250829_151604,-0.4464094042778015,-1.4641621112823486,0.1508982628583908,45782
20250829_151604,-0.4202912449836731,-1.4535253047943115,0.15446928143501282,45862
20250829_151604,-0.4190322756767273,-1.461597204208374,0.1556297242641449,45855
20250829_151604,-0.4462912678718567,-1.4589307308197021,0.16105088591575623,45849
20250829_151604,-0.511732816696167,-1.4579726457595825,0.17992761731147766,45688
20250829_151604,-0.4826243817806244,-1.474768042564392,0.18239395320415497,45689
20250829_151604,-0.48709630966186523,-1.4533565044403076,0.1891140341758728,45875
20250829_151604,-0.4306013882160187,-1.4711189270019531,0.19499950110912323,45921
20250829_151604,-0.41984039545059204,-1.4602333307266235,0.19853350520133972,45928
20250829_151604,-0.4378221333026886,-1.456499695777893,0.20974084734916687,45877
20250829_151604,-0.47124648094177246,-1.4509238004684448,0.2148539423942566,45833
20250829_151604,-0.5003801584243774,-1.4537235498428345,0.22128908336162567,45816
20250829_151604,-0.45970243215560913,-1.4525794982910156,0.2264588326215744,45772
20250829_151604,-0.4494389593601227,-1.4554952383041382,0.23217783868312836,45895
20250829_151604,-0.42632222175598145,-1.4541596174240112,0.23339064419269562,46007
20250829_151604,-0.43007123470306396,-1.4575146436691284,0.24116504192352295,45944
20250829_151604,-0.4833088517189026,-1.4652953147888184,0.23271572589874268,55000
20250829_151604,-0.49553900957107544,-1.4555085897445679,0.22623208165168762,45939
20250829_151604,-0.47191521525382996,-1.4524831771850586,0.22823387384414673,45939
20250829_151604,-0.47060295939445496,-1.4519132375717163,0.23614957928657532,45939
20250829_151604,-0.4450383186340332,-1.450742483139038,0.23970484733581543,45939
20250829_151604,-0.43350285291671753,-1.4567734003067017,0.25181224942207336,45939
20250829_151604,-0.36013734340667725,-1.4461281299591064,0.25373342633247375,45939
20250829_151604,-1.077167272567749,-1.5003950595855713,0.27109795808792114,45939
20250829_151604,-0.3826545178890228,-1.439765214920044,0.2790781259536743,45939
20250829_151604,-0.9087663888931274,-1.461513638496399,0.2807653248310089,45939
20250829_151604,-0.5786364674568176,-1.4431835412979126,0.28576913475990295,45939
20250829_151604,-0.36700981855392456,-1.443154215812683,0.2840381860733032,45939
20250829_151604,-0.8019817471504211,-1.4232945442199707,0.2874736487865448,45939
20250829_151604,-0.5196317434310913,-1.4514232873916626,0.29765114188194275,45939
20250829_151604,-0.4635440707206726,-1.4378345012664795,0.29760831594467163,45939
20250829_151604,-0.47682034969329834,-1.4406859874725342,0.29859769344329834,42000
20250829_151604,-0.46481046080589294,-1.4356811046600342,0.3015744686126709,45623
20250829_151604,-0.4669782221317291,-1.4284366369247437,0.3045947849750519,45600
20250829_151604,-0.45398983359336853,-1.4270362854003906,0.3096361458301544,45686
20250829_151604,-0.4446810483932495,-1.4269359111785889,0.32074210047721863,45747
20250829_151604,-0.42379242181777954,-1.43830406665802,0.321740061044693,45721
20250829_151604,-0.44662269949913025,-1.4236760139465332,0.33523932099342346,45734
20250829_151604,-0.4670132100582123,-1.447466254234314,0.3320605456829071,45688
20250829_151604,-0.38666844367980957,-1.4346652030944824,0.333293080329895,45729
20250829_151604,-1.353640079498291,-1.490830659866333,0.3262009620666504,45674
20250829_151604,-0.500506579875946,-1.4278831481933594,0.32477304339408875,45739
20250829_151604,-0.47607502341270447,-1.4276070594787598,0.3283874988555908,45834
20250829_151604,-0.9613626599311829,-1.4338496923446655,0.32496827840805054,46622
20250829_151604,-1.212090015411377,-1.3991594314575195,0.33492451906204224,46401
20250829_151604,-1.0598320960998535,-1.4283168315887451,0.3314222991466522,45587
20250829_151604,-1.2465240955352783,-1.3804014921188354,0.3335427939891815,45600
20250829_151604,-1.9385004043579102,-1.29124116897583,0.3376159965991974,46600
20250829_151604,-1.3352388143539429,-1.363443374633789,0.3392016887664795,47095
20250829_151604,-0.9998183250427246,-1.2772728204727173,0.3503064513206482,46595
20250829_151604,-1.0702413320541382,-1.3250980377197266,0.3497196137905121,46326
20250829_151604,-1.0842013359069824,-1.3542195558547974,0.3552737832069397,46181
20250829_151604,-1.0790928602218628,-1.3274816274642944,0.3501952588558197,55000
20250829_151604,-1.3434667587280273,-1.3316811323165894,0.34268295764923096,45934
20250829_151604,-0.48099827766418457,-1.4139957427978516,0.33266481757164,45934
20250829_151604,-0.42934370040893555,-1.4529380798339844,0.2938637137413025,45934
20250829_151604,-0.41797253489494324,-1.3960496187210083,0.3218912184238434,45934
20250829_151604,-0.46413785219192505,-1.4426227807998657,0.2756999731063843,45934
20250829_151604,-0.4759255051612854,-1.4257469177246094,0.2785368859767914,45934
20250829_151604,-0.47791269421577454,-1.4385390281677246,0.2821996808052063,45934
20250829_151604,-0.47571638226509094,-1.4186726808547974,0.28597715497016907,45934
20250829_151605,-0.47218242287635803,-1.4087203741073608,0.3148804008960724,45934
20250829_151605,-0.4371638596057892,-1.414000391960144,0.3129335343837738,45934
20250829_151605,-0.4416455924510956,-1.4139297008514404,0.3126196563243866,45934
20250829_151605,-0.4492384195327759,-1.418648362159729,0.32338786125183105,45934
20250829_151605,-0.4491100013256073,-1.4284250736236572,0.3230418860912323,45934
20250829_151605,-0.4797512888908386,-1.4241809844970703,0.3251229524612427,45934
20250829_151605,-0.4877750873565674,-1.4204761981964111,0.3216469883918762,45934
20250829_151605,-0.4726724624633789,-1.4178885221481323,0.31769031286239624,45934
20250829_151605,-0.43106183409690857,-1.4215960502624512,0.31123554706573486,45934
20250829_151605,-0.43230894207954407,-1.419875979423523,0.3074195086956024,45934
20250829_151605,-0.5331101417541504,-1.4034180641174316,0.2967838644981384,45934
20250829_151605,-0.476816862821579,-1.4333481788635254,0.2824954688549042,45934
20250829_151605,-0.4806972146034241,-1.4334884881973267,0.2804301977157593,45934
20250829_151605,-0.47149088978767395,-1.4248310327529907,0.27822306752204895,45934
20250829_151605,-0.46524181962013245,-1.422619342803955,0.28880545496940613,45934
20250829_151605,-0.4432139992713928,-1.4197953939437866,0.2870790660381317,45934
20250829_151605,-0.41879022121429443,-1.4252079725265503,0.28568339347839355,45934
20250829_151605,-0.4577051103115082,-1.417603850364685,0.29156091809272766,45934
20250829_151605,-0.4718616306781769,-1.4396127462387085,0.2851520776748657,45934
20250829_151605,-0.48624736070632935,-1.4175474643707275,0.3015943765640259,45934
20250829_151605,-0.4678824841976166,-1.4252681732177734,0.2969089448451996,45934
20250829_151605,-0.47063231468200684,-1.4174296855926514,0.29729166626930237,45934
20250829_151605,-0.43466445803642273,-1.4108482599258423,0.2974281311035156,45934
20250829_151605,-0.44245779514312744,-1.4153913259506226,0.30240902304649353,45934
20250829_151605,-0.4632446765899658,-1.4252102375030518,0.2989575266838074,45934
20250829_151605,-0.4966660737991333,-1.4233949184417725,0.2840524911880493,45934
20250829_151605,-0.5244278907775879,-1.4258208274841309,0.27017533779144287,45934
20250829_151605,-0.5045558214187622,-1.423414707183838,0.2868935167789459,45934
20250829_151605,-0.45261040329933167,-1.4169896841049194,0.2845239043235779,45934
20250829_151605,-0.43125051259994507,-1.4215607643127441,0.28583621978759766,45934
20250829_151605,-0.46688777208328247,-1.4034112691879272,0.2969018816947937,45934
20250829_151605,-0.47992566227912903,-1.4304991960525513,0.3013867139816284,45934
20250829_151605,-0.49878767132759094,-1.4272652864456177,0.3033822178840637,45934
20250829_151605,-0.4914219081401825,-1.4221819639205933,0.3157201111316681,45934
20250829_151605,-0.49649298191070557,-1.4276397228240967,0.32552391290664673,45934
20250829_151605,-0.44366180896759033,-1.423344373703003,0.3249654173851013,45934
20250829_151605,-0.4234378933906555,-1.4165502786636353,0.3225965201854706,45934
20250829_151605,-0.44374528527259827,-1.4252212047576904,0.3218438923358917,45934
20250829_151605,-0.4903903305530548,-1.431687593460083,0.33051666617393494,45934
20250829_151605,-0.508023738861084,-1.4384218454360962,0.3319374918937683,45934
20250829_151605,-0.4840356409549713,-1.4244258403778076,0.33087584376335144,45934
20250829_151605,-0.5202464461326599,-1.42421293258667,0.3140154480934143,45934
20250829_151605,-0.47510409355163574,-1.4215503931045532,0.32006606459617615,45934
20250829_151605,-0.4644944667816162,-1.4144878387451172,0.317806601524353,45934
20250829_151605,-0.4779103100299835,-1.423758625984192,0.3179199993610382,45934
20250829_151605,-0.5117992162704468,-1.4441968202590942,0.314521849155426,45934
20250829_151605,-0.5210831761360168,-1.4210994243621826,0.3185184597969055,45934
20250829_151605,-0.4983132481575012,-1.4338079690933228,0.32039615511894226,45934
20250829_151605,-0.4807389974594116,-1.4027255773544312,0.3347969651222229,45934
20250829_151605,-0.44627371430397034,-1.4220304489135742,0.3439011871814728,45934
20250829_151605,-0.45925047993659973,-1.421387791633606,0.34661445021629333,45934
20250829_151605,-0.46531224250793457,-1.4209147691726685,0.3430211842060089,45934
20250829_151605,-0.4833955764770508,-1.4193278551101685,0.3473430871963501,45934
20250829_151605,-0.5045405030250549,-1.420112133026123,0.349069744348526,45934
20250829_151605,-0.4913153052330017,-1.4232202768325806,0.3584069311618805,45934
20250829_151605,-0.48176637291908264,-1.411457896232605,0.3638400435447693,45934
20250829_151605,-0.44597047567367554,-1.4200538396835327,0.3557734191417694,45934
20250829_151605,-0.4901263415813446,-1.4154837131500244,0.3454526960849762,45934
20250829_151605,-0.49232953786849976,-1.4230116605758667,0.3444691002368927,45934
20250829_151605,-0.5193948149681091,-1.4220795631408691,0.33563411235809326,45934
20250829_151605,-0.5192851424217224,-1.4285943508148193,0.3456565737724304,45934
20250829_151605,-0.4896807372570038,-1.4231760501861572,0.34346091747283936,45934
20250829_151605,-0.4881535768508911,-1.422731876373291,0.34735754132270813,45934
20250829_151605,-0.45533913373947144,-1.4236057996749878,0.3524482250213623,45934
20250829_151605,-0.4553370773792267,-1.431862235069275,0.35401856899261475,45934
20250829_151605,-0.49873530864715576,-1.4408951997756958,0.3588626980781555,45934
20250829_151605,-0.5031511187553406,-1.4247822761535645,0.35351091623306274,45934
20250829_151605,-0.5148903727531433,-1.4420477151870728,0.3549498915672302,45934
20250829_151605,-0.4810737371444702,-1.439325213432312,0.34987425804138184,45934
20250829_151605,-0.44551321864128113,-1.4183473587036133,0.35252994298934937,45934
20250829_151605,-0.45243290066719055,-1.4425245523452759,0.3558783531188965,45934
20250829_151605,-0.48263323307037354,-1.4230493307113647,0.36255595088005066,45934
20250829_151605,-0.5248013734817505,-1.4352984428405762,0.3738417625427246,45934
20250829_151605,-0.5153016448020935,-1.4269440174102783,0.37367796897888184,45934
20250829_151605,-0.5304836630821228,-1.4313474893569946,0.3559708595275879,45934
20250829_151605,-0.4915536940097809,-1.4360804557800293,0.3536229133605957,45934
20250829_151605,-0.476552814245224,-1.421321153640747,0.35763290524482727,45934
20250829_151605,-0.46164318919181824,-1.4307868480682373,0.3632171154022217,45934
20250829_151605,-0.48143211007118225,-1.4295469522476196,0.3704005777835846,45934
20250829_151605,-0.5389672517776489,-1.4284480810165405,0.3792061507701874,45934
20250829_151605,-0.5284282565116882,-1.4426935911178589,0.3790667951107025,45934
20250829_151605,-0.5037711262702942,-1.4316917657852173,0.3831372559070587,45934
20250829_151605,-0.481399267911911,-1.437408208847046,0.3868304491043091,45934
20250829_151605,-0.4566234052181244,-1.4239593744277954,0.39214029908180237,45934
20250829_151605,-0.4506893754005432,-1.432218313217163,0.40107154846191406,45934
20250829_151605,-0.4900931417942047,-1.4318591356277466,0.4045182466506958,45934
20250829_151605,-0.5265133380889893,-1.432244896888733,0.40934741497039795,45934
20250829_151605,-0.5249493718147278,-1.4383423328399658,0.42635536193847656,45934
20250829_151605,-0.5039137601852417,-1.4368410110473633,0.43571287393569946,45934
20250829_151605,-0.472463458776474,-1.4263672828674316,0.42909514904022217,45934
20250829_151605,-0.5032229423522949,-1.4212605953216553,0.4174407720565796,45934
20250829_151605,-0.4624091684818268,-1.42790687084198,0.4201667904853821,45934
20250829_151605,-0.5334609746932983,-1.4366501569747925,0.4095527231693268,45934
20250829_151605,-0.5525316596031189,-1.4471124410629272,0.4115040600299835,45934
20250829_151605,-0.5135085582733154,-1.434281826019287,0.41337335109710693,45934
20250829_151605,-0.49925416707992554,-1.4331562519073486,0.41860273480415344,45934
20250829_151605,-0.48397544026374817,-1.4447712898254395,0.426830917596817,45934
20250829_151605,-0.47967594861984253,-1.4455084800720215,0.42578622698783875,45934
20250829_151605,-0.4741882383823395,-1.444779396057129,0.4244226813316345,45934
20250829_151605,-5.021598815917969,-1.4389539957046509,0.42471790313720703,45934
20250829_151606,-0.37484896183013916,-1.4363311529159546,0.4183881878852844,45934
20250829_151606,-0.37484896183013916,-1.4350334405899048,0.41670969128608704,45934
20250829_151606,-0.37484896183013916,-1.4446767568588257,0.3942093551158905,45934
20250829_151606,-0.37484896183013916,-1.4151298999786377,0.43067216873168945,45934
20250829_151606,-0.37484896183013916,-1.4192932844161987,0.4419769048690796,45934
20250829_151606,-0.37484896183013916,-1.4275389909744263,0.4303045868873596,45934
20250829_151606,-0.37484896183013916,-1.4333031177520752,0.42453813552856445,45934
20250829_151606,-0.37484896183013916,-1.430281639099121,0.423950731754303,45934
20250829_151606,-0.37484896183013916,-1.443769097328186,0.4250381588935852,45934
20250829_151606,-0.37484896183013916,-1.425780177116394,0.40903306007385254,45934
20250829_151606,-0.37484896183013916,-1.4384088516235352,0.4087783098220825,45934
20250829_151606,-0.37484896183013916,-1.445185661315918,0.41130438446998596,45934
20250829_151606,-0.37484896183013916,-1.442954659461975,0.4134048819541931,45934
20250829_151606,-0.37484896183013916,-1.4441425800323486,0.4170670509338379,45934
20250829_151606,-0.37484896183013916,-1.4342139959335327,0.41223469376564026,45934
20250829_151606,-0.37484896183013916,-1.447803020477295,0.4230590760707855,45934
20250829_151606,-0.37484896183013916,-1.4450215101242065,0.40625670552253723,45934
20250829_151606,-0.37484896183013916,-1.4309778213500977,0.4176989495754242,45934
20250829_151606,-0.37484896183013916,-1.4363515377044678,0.4196396470069885,45934
20250829_151606,-0.37484896183013916,-1.448729395866394,0.4252510666847229,45934
20250829_151606,-0.37484896183013916,-1.4414342641830444,0.42559078335762024,45934
20250829_151606,-0.37484896183013916,-1.4645695686340332,0.39537757635116577,45934
20250829_151606,-0.37484896183013916,-1.4345661401748657,0.38925692439079285,45934
20250829_151606,-0.37484896183013916,-1.4321895837783813,0.3986932337284088,45934
20250829_151606,-0.37484896183013916,-1.4430701732635498,0.39888104796409607,45934
20250829_151606,-0.37484896183013916,-1.4226027727127075,0.4149732291698456,45934
20250829_151606,-0.37484896183013916,-1.4549001455307007,0.41050466895103455,45934
20250829_151606,-0.37484896183013916,-1.449176549911499,0.40217795968055725,45934
20250829_151606,-0.37484896183013916,-1.4393010139465332,0.40559202432632446,45934
20250829_151606,-0.37484896183013916,-1.451052188873291,0.4063142240047455,45934
20250829_151606,-0.37484896183013916,-1.4390841722488403,0.3841824233531952,45934
20250829_151606,-0.37484896183013916,-1.4539015293121338,0.37645167112350464,45934
20250829_151606,-0.37484896183013916,-1.459767460823059,0.3737649619579315,45934
20250829_151606,-0.37484896183013916,-1.4419959783554077,0.36594831943511963,45934
20250829_151606,-0.37484896183013916,-1.4526532888412476,0.356224924325943,45934
20250829_151606,-0.37484896183013916,-1.4398893117904663,0.36483705043792725,45934
20250829_151606,-0.37484896183013916,-1.4447729587554932,0.36727550625801086,45934
20250829_151606,-0.37484896183013916,-1.4389795064926147,0.3775331974029541,45934
20250829_151606,-0.37484896183013916,-1.450473666191101,0.37983638048171997,45934
20250829_151606,-0.37484896183013916,-1.4521186351776123,0.36645111441612244,45934
20250829_151606,-0.37484896183013916,-1.4477523565292358,0.37911391258239746,45934
20250829_151606,-0.37484896183013916,-1.4384071826934814,0.37861570715904236,45934
20250829_151606,-0.37484896183013916,-1.4635238647460938,0.3466525375843048,45934
20250829_151606,-0.37484896183013916,-1.45100736618042,0.34630078077316284,45934
20250829_151606,-0.37484896183013916,-1.4521740674972534,0.3462667465209961,45934
20250829_151606,-0.37484896183013916,-1.458138346672058,0.3430491089820862,45934
20250829_151606,-0.37484896183013916,-1.4528164863586426,0.3462052345275879,45934
20250829_151606,-0.37484896183013916,-1.4404840469360352,0.3631422221660614,45934
20250829_151606,-0.37484896183013916,-1.4788964986801147,0.33149710297584534,45934
20250829_151606,-0.37484896183013916,-1.460306167602539,0.33499616384506226,45934
20250829_151606,-0.37484896183013916,-1.4538884162902832,0.3136630356311798,45934
20250829_151606,-0.37484896183013916,-1.4228432178497314,0.3474692404270172,45934
20250829_151606,-0.37484896183013916,-1.466686487197876,0.343844473361969,45934
20250829_151606,-0.37484896183013916,-1.4757555723190308,0.30668509006500244,45934
20250829_151606,-0.37484896183013916,-1.450671911239624,0.3022936284542084,45934
20250829_151606,-0.37484896183013916,-1.4342637062072754,0.3246845006942749,45934
20250829_151606,-0.37484896183013916,-1.4562656879425049,0.3248354494571686,45934
20250829_151606,-0.37484896183013916,-1.4598983526229858,0.32492148876190186,45934
20250829_151606,-0.37484896183013916,-1.4480079412460327,0.3312999904155731,45934
20250829_151606,-0.37484896183013916,-1.4485721588134766,0.3287034332752228,45934
20250829_151606,-5.108827590942383,-1.465033769607544,0.32595160603523254,45934
20250829_151606,-0.5737025737762451,-1.4496277570724487,0.3211378753185272,45934
20250829_151606,-0.5613226294517517,-1.4551331996917725,0.3176615238189697,45934
20250829_151606,-0.5762689113616943,-1.447040319442749,0.3180556893348694,45934
20250829_151606,-0.5562120676040649,-1.4473415613174438,0.31763756275177,45934
20250829_151606,-0.5768676400184631,-1.4468656778335571,0.31204190850257874,45934
20250829_151606,-0.5984822511672974,-1.4533764123916626,0.30990660190582275,45934
20250829_151606,-0.5679481625556946,-1.4442930221557617,0.3073616325855255,45934
20250829_151606,-0.5753269791603088,-1.452883243560791,0.31002548336982727,45934
20250829_151606,-0.5787412524223328,-1.4583911895751953,0.29172447323799133,45934
20250829_151606,-0.5755488276481628,-1.442131757736206,0.292715460062027,45934
20250829_151606,-0.5647738575935364,-1.4538180828094482,0.2890181541442871,45934
20250829_151606,-0.619034469127655,-1.4540956020355225,0.2726081311702728,45934
20250829_151606,-0.5957027077674866,-1.4584566354751587,0.2769220471382141,45934
20250829_151606,-0.6012691259384155,-1.4561036825180054,0.2721416652202606,45934
20250829_151606,-0.5865281224250793,-1.4526084661483765,0.27292218804359436,45934
20250829_151606,-0.566891074180603,-1.4539092779159546,0.29490095376968384,45934
20250829_151606,-0.6027410626411438,-1.4555914402008057,0.29621025919914246,45934
20250829_151606,-0.5945783853530884,-1.4796465635299683,0.27356162667274475,45934
20250829_151606,-0.6089397668838501,-1.4576239585876465,0.279123991727829,45934
20250829_151606,-0.5766574740409851,-1.456382155418396,0.26909059286117554,45934
20250829_151606,-0.5873938798904419,-1.446799874305725,0.26328378915786743,45934
20250829_151606,-0.5841186046600342,-1.4498367309570312,0.25764721632003784,45934
20250829_151606,-0.5627172589302063,-1.447197675704956,0.2552095949649811,45934
20250829_151606,-0.578143298625946,-1.4421852827072144,0.25113341212272644,45934
20250829_151606,-0.6026960015296936,-1.4516605138778687,0.24390064179897308,45934
20250829_151606,-0.6462280750274658,-1.4488892555236816,0.2200094610452652,45934
20250829_151606,-0.5896607041358948,-1.4500871896743774,0.2169235646724701,45934
20250829_151606,-0.5667606592178345,-1.4488483667373657,0.21074911952018738,45934
20250829_151606,-0.5713605880737305,-1.4497647285461426,0.21115636825561523,45934
20250829_151606,-0.5929827094078064,-1.4602375030517578,0.2129192054271698,45934
20250829_151606,-0.6221078038215637,-1.4628524780273438,0.21037466824054718,45934
20250829_151606,-0.6528849005699158,-1.456184983253479,0.20099610090255737,45934
20250829_151606,-0.6070730686187744,-1.456263780593872,0.19599933922290802,45934
20250829_151606,-0.5747416615486145,-1.4554722309112549,0.18741539120674133,45934
20250829_151606,-0.5886380076408386,-1.4506851434707642,0.18137399852275848,45934
20250829_151606,-0.5705904364585876,-1.4700642824172974,0.1882096529006958,45934
20250829_151606,-0.5881163477897644,-1.4647570848464966,0.18992003798484802,45934
20250829_151606,-0.6297693848609924,-1.4628065824508667,0.18509244918823242,45934
20250829_151606,-0.6247629523277283,-1.460126280784607,0.18535065650939941,45934
20250829_151607,-0.592402458190918,-1.4640605449676514,0.18447981774806976,45934
20250829_151607,-0.5643932223320007,-1.4685574769973755,0.17443443834781647,45934
20250829_151607,-0.6076207756996155,-1.467427372932434,0.16825033724308014,45934
20250829_151607,-0.6037647128105164,-1.46576726436615,0.15433543920516968,45934
20250829_151607,-0.6270368099212646,-1.4642071723937988,0.1568654328584671,45934
20250829_151607,-0.552428662776947,-1.4386788606643677,0.12350146472454071,45934
20250829_151607,-1.2222286462783813,-1.5598493814468384,0.11824174970388412,45934
20250829_151607,-0.6720979809761047,-1.4933704137802124,0.112425796687603,45934
20250829_151607,-0.6059439778327942,-1.4557844400405884,0.10462016612291336,45934
20250829_151607,-0.6148562431335449,-1.459388256072998,0.09937167912721634,45934
20250829_151607,-0.6120559573173523,-1.4590257406234741,0.094652459025383,45934
20250829_151607,-0.6301760673522949,-1.4570800065994263,0.09070196747779846,45934
20250829_151607,-0.6644173264503479,-1.444480538368225,0.09361360967159271,45934
20250829_151607,-0.6175563335418701,-1.4560706615447998,0.10216861963272095,45934
20250829_151607,-0.6000998616218567,-1.4657924175262451,0.09628833085298538,45934
20250829_151607,-0.620746910572052,-1.4582546949386597,0.10197596997022629,45934
20250829_151607,-0.6195812821388245,-1.4666208028793335,0.10082736611366272,45934
20250829_151607,-0.6072970628738403,-1.460923194885254,0.09485221654176712,45934
20250829_151607,-0.6281655430793762,-1.478284478187561,0.08438529074192047,45934
20250829_151607,-0.654494047164917,-1.4658701419830322,0.08410213142633438,45934
20250829_151607,-0.6401536464691162,-1.4747675657272339,0.07556229084730148,45934
20250829_151607,-0.6205331087112427,-1.4653879404067993,0.0685563012957573,45934
20250829_151607,-0.6475960612297058,-1.4704595804214478,0.07510911673307419,45934
20250829_151607,-0.6389802098274231,-1.476654052734375,0.059403423219919205,45934
20250829_151607,-0.6498493552207947,-1.4675562381744385,0.04502987116575241,45934
20250829_151607,-0.6489423513412476,-1.4747220277786255,0.03951970860362053,45934
20250829_151607,-0.6499840021133423,-1.4815937280654907,0.02195552922785282,45934
20250829_151607,-0.621695339679718,-1.4682766199111938,0.016834400594234467,45934
20250829_151607,-0.6427994966506958,-1.473219394683838,0.01654329150915146,45934
20250829_151607,-0.6660676002502441,-1.4533154964447021,0.0423196479678154,45934
20250829_151607,-0.6425780653953552,-1.458693265914917,0.05772613734006882,45934
20250829_151607,-0.6341046690940857,-1.4720760583877563,0.05061570554971695,45934
20250829_151607,-0.686272144317627,-1.4857426881790161,0.046913031488657,45934
20250829_151607,-0.6635128855705261,-1.4625465869903564,0.04110080748796463,45934
20250829_151607,-0.6377934217453003,-1.465286135673523,0.04848133400082588,45934
20250829_151607,-0.6298698782920837,-1.4797043800354004,0.04761703312397003,45934
20250829_151607,-0.6236421465873718,-1.4701132774353027,0.04461344704031944,45934
20250829_151607,-0.634009063243866,-1.4773422479629517,0.045749567449092865,45934
20250829_151607,-0.640786349773407,-1.4825438261032104,0.033435799181461334,45934
20250829_151607,-0.6457907557487488,-1.4980225563049316,0.01114695891737938,45934
20250829_151607,-0.6325030326843262,-1.485917568206787,0.01173239666968584,45934
20250829_151607,-0.6087566018104553,-1.4656380414962769,0.01605842635035515,45934
20250829_151607,-0.6374214291572571,-1.4718587398529053,0.04499577730894089,45934
20250829_151607,-0.6793823838233948,-1.4702744483947754,0.03113437257707119,45934
20250829_151607,-0.6882721781730652,-1.4836459159851074,0.031303539872169495,45934
20250829_151607,-0.6720544099807739,-1.4852454662322998,0.04209796339273453,45934
20250829_151607,-0.6441311836242676,-1.473440408706665,0.04180676490068436,45934
20250829_151607,-0.6065799593925476,-1.4809160232543945,0.03294510021805763,45934
20250829_151607,-0.6410625576972961,-1.5041346549987793,0.01727154105901718,45934
20250829_151607,-0.6509975790977478,-1.4865397214889526,0.023176977410912514,45934
20250829_151607,-0.6709402799606323,-1.4804259538650513,0.026238273829221725,45934
20250829_151607,-0.6630671620368958,-1.484204649925232,0.024125928059220314,45934
20250829_151607,-0.6542878746986389,-1.4692038297653198,0.026960279792547226,45934
20250829_151607,-0.646568775177002,-1.455125093460083,0.045769523829221725,45934
20250829_151607,-0.6301055550575256,-1.4947823286056519,0.0505383238196373,45934
20250829_151607,-0.6584554314613342,-1.4939090013504028,0.062460754066705704,45934
20250829_151607,-0.6830360293388367,-1.4905692338943481,0.058379191905260086,45934
20250829_151607,-0.6805938482284546,-5.0504631996154785,0.052972715348005295,45934
20250829_151607,-0.6469245553016663,-1.4536114931106567,0.05280742049217224,45934
20250829_151607,-0.6308431029319763,-1.4536114931106567,0.048848386853933334,45934
20250829_151607,-0.6411852240562439,-1.4536114931106567,0.05562233179807663,45934
20250829_151607,-0.6257743835449219,-1.4536114931106567,0.05276523903012276,45934
20250829_151607,-0.625050961971283,-1.4536114931106567,0.0522448904812336,45934
20250829_151607,-0.6593183875083923,-1.4536114931106567,0.050966084003448486,45934
20250829_151607,-0.6484761238098145,-1.4536114931106567,0.048480305820703506,45934
20250829_151607,-0.6585823893547058,-1.4536114931106567,0.05909259617328644,45934
20250829_151607,-0.6229164004325867,-1.4536114931106567,0.06101122498512268,45934
20250829_151607,-0.6086504459381104,-1.4536114931106567,0.03644558787345886,45934
20250829_151607,-0.663619339466095,-1.4536114931106567,0.02886234223842621,45934
20250829_151607,-0.6517746448516846,-1.4536114931106567,0.026400776579976082,45934
20250829_151607,-0.679128885269165,-1.4536114931106567,0.05074400082230568,45934
20250829_151607,-0.6460362076759338,-1.4536114931106567,0.0626964196562767,45934
20250829_151607,-0.644310712814331,-1.4536114931106567,0.0631568655371666,45934
20250829_151607,-0.6743226647377014,-1.4536114931106567,0.06195642799139023,45934
20250829_151607,-0.6504783034324646,-1.4536114931106567,0.0652238130569458,45934
20250829_151607,-0.6338770389556885,-1.4536114931106567,0.07557810097932816,45934
20250829_151607,-0.6355774402618408,-1.4536114931106567,0.07011982798576355,45934
20250829_151607,-0.6450409889221191,-1.4536114931106567,0.06931792944669724,45934
20250829_151607,-0.6448469161987305,-1.4536114931106567,0.07413662225008011,45934
20250829_151607,-0.6245195269584656,-1.4536114931106567,0.0793505311012268,45934
20250829_151607,-0.6285299062728882,-1.4536114931106567,0.08519013971090317,45934
20250829_151607,-0.6360562443733215,-1.4536114931106567,0.09240087866783142,45934
20250829_151607,-0.6253558993339539,-1.4536114931106567,0.09490609169006348,45934
20250829_151607,-0.6402790546417236,-1.4536114931106567,0.09892157465219498,45934
20250829_151607,-0.6462950706481934,-1.4536114931106567,0.10467789322137833,45934
20250829_151607,-0.6611378788948059,-1.4536114931106567,0.11693966388702393,45934
20250829_151607,-0.6464661359786987,-1.4536114931106567,0.1030895933508873,45934
20250829_151607,-0.6320182681083679,-1.4536114931106567,0.10618924349546432,45934
20250829_151607,-0.6404876112937927,-1.4536114931106567,0.10870376974344254,45934
20250829_151607,-0.6514816284179688,-1.4536114931106567,0.12941023707389832,45934
20250829_151607,-0.6690740585327148,-1.4536114931106567,0.12845352292060852,45934
20250829_151607,-0.6482678651809692,-1.4536114931106567,0.12757718563079834,45934
20250829_151607,-0.6759679913520813,-1.4536114931106567,0.13417132198810577,45934
20250829_151607,-0.6409956812858582,-1.4536114931106567,0.1366456001996994,45934
20250829_151607,-0.6515500545501709,-1.4536114931106567,0.13873930275440216,45934
20250829_151607,-0.6398482322692871,-1.4536114931106567,0.14312869310379028,45934
20250829_151607,-0.6299346685409546,-1.4536114931106567,0.14770153164863586,45934
20250829_151607,-0.6479955911636353,-1.4536114931106567,0.14737693965435028,45934
20250829_151607,-0.6456698775291443,-1.4536114931106567,0.14940886199474335,45934
20250829_151607,-0.6277268528938293,-1.4536114931106567,0.18783821165561676,45934
20250829_151608,-0.6389563083648682,-1.4536114931106567,0.18437153100967407,45934
20250829_151608,-0.6749958992004395,-1.4536114931106567,0.13855105638504028,45934
20250829_151608,-0.6064862608909607,-1.4536114931106567,0.14821253716945648,45934
20250829_151608,-0.6165887117385864,-1.4536114931106567,0.19495037198066711,45934
20250829_151608,-0.6423634886741638,-1.4536114931106567,0.2041517049074173,45934
20250829_151608,-0.6594753861427307,-1.4536114931106567,0.17734386026859283,45934
20250829_151608,-0.667142927646637,-1.4536114931106567,0.17781032621860504,45934
20250829_151608,-0.6152352094650269,-1.4536114931106567,0.18966875970363617,45934
20250829_151608,-0.6521174311637878,-1.4536114931106567,0.21663790941238403,45934
20250829_151608,-0.6226676106452942,-1.4536114931106567,0.21540707349777222,45934
20250829_151608,-0.6731835007667542,-1.4536114931106567,0.22692686319351196,45934
20250829_151608,-0.6754823923110962,-1.4536114931106567,0.22643642127513885,45934
20250829_151608,-0.6574832797050476,-1.4536114931106567,0.23280397057533264,45934
20250829_151608,-0.6467979550361633,-1.4536114931106567,0.22171102464199066,45934
20250829_151608,-0.6226438283920288,-1.4536114931106567,0.22365735471248627,45934
20250829_151608,-0.6189361214637756,-1.4536114931106567,0.228361576795578,45934
20250829_151608,-0.6364800930023193,-1.4536114931106567,0.22507573664188385,45934
20250829_151608,-0.6671361923217773,-1.4536114931106567,0.22466188669204712,45934
20250829_151608,-0.641583263874054,-1.4536114931106567,0.22782519459724426,45934
20250829_151608,-0.6425120830535889,-1.4536114931106567,0.22339461743831635,45934
20250829_151608,-0.6291605234146118,-1.4536114931106567,0.17354163527488708,45934
20250829_151608,-0.6435063481330872,-1.4536114931106567,0.19801761209964752,45934
20250829_151608,-0.6227126121520996,-1.4536114931106567,0.18999019265174866,45934
20250829_151608,-0.6600697040557861,-1.4536114931106567,0.2090088576078415,45934
20250829_151608,-0.6561382412910461,-1.4536114931106567,0.2090989053249359,45934
20250829_151608,-0.6722707152366638,-1.4536114931106567,0.2101033478975296,45934
20250829_151608,-0.6750684976577759,-1.4536114931106567,0.21867763996124268,45934
20250829_151608,-0.6282954216003418,-1.4536114931106567,0.20797555148601532,45934
20250829_151608,-0.6267534494400024,-1.4536114931106567,0.2078229933977127,45934
20250829_151608,-0.6313108801841736,-1.4536114931106567,0.21651512384414673,45934
20250829_151608,-0.6566082835197449,-1.4536114931106567,0.20992228388786316,45934
20250829_151608,-0.6745568513870239,-1.4536114931106567,0.20653735101222992,45934
20250829_151608,-0.662746012210846,-1.4536114931106567,0.21187470853328705,45934
20250829_151608,-0.64462810754776,-1.4536114931106567,0.21790669858455658,45934
20250829_151608,-0.6209313869476318,-1.4536114931106567,0.21517305076122284,45934
20250829_151608,-0.6517221927642822,-1.4536114931106567,0.21358215808868408,45934
20250829_151608,-0.6428428888320923,-1.4536114931106567,0.2169943004846573,45934
20250829_151608,-0.6698099374771118,-1.4536114931106567,0.21612362563610077,45934
20250829_151608,-0.674144446849823,-1.4536114931106567,0.21158526837825775,45934
20250829_151608,-0.6498710513114929,-1.4536114931106567,0.21596795320510864,45934
20250829_151608,-0.6230193972587585,-1.4536114931106567,0.21628177165985107,45934
20250829_151608,-0.6173838973045349,-1.4536114931106567,0.2153414785861969,45934
20250829_151608,-0.6525322198867798,-1.4536114931106567,0.21408873796463013,45934
20250829_151608,-0.6907419562339783,-1.4536114931106567,0.2032928466796875,45934
20250829_151608,-0.688348650932312,-1.4536114931106567,0.20400674641132355,45934
20250829_151608,-0.6580036878585815,-1.4536114931106567,0.20892302691936493,45934
20250829_151608,-0.6514647006988525,-1.4536114931106567,0.20713937282562256,45934
20250829_151608,-0.6336647868156433,-1.4536114931106567,0.2152492105960846,45934
20250829_151608,-0.6414942741394043,-1.4536114931106567,0.20484524965286255,45934
20250829_151608,-0.6696387529373169,-1.4536114931106567,0.21029940247535706,45934
20250829_151608,-0.6532488465309143,-1.4536114931106567,0.18589548766613007,45934
20250829_151608,-0.6727873086929321,-1.4536114931106567,0.18569530546665192,45934
20250829_151608,-0.6475510597229004,-1.4536114931106567,0.19039542973041534,45934
20250829_151608,-0.6358897686004639,-1.4536114931106567,0.19680555164813995,45934
20250829_151608,-0.6451562643051147,-1.4536114931106567,0.19721683859825134,45934
20250829_151608,-0.6770207285881042,-1.4536114931106567,0.20321600139141083,45934
20250829_151608,-0.69221431016922,-1.4536114931106567,0.2047034353017807,45934
20250829_151608,-0.6605623364448547,-1.4536114931106567,0.20646782219409943,45934
20250829_151608,-0.6618978977203369,-1.4536114931106567,0.18882407248020172,45934
20250829_151608,-0.6669880747795105,-1.4536114931106567,0.18438811600208282,45934
20250829_151608,-0.6552398204803467,-1.4536114931106567,0.1982535719871521,45934
20250829_151608,-0.6667917370796204,-5.026980400085449,0.201175257563591,45934
20250829_151608,-0.6879538297653198,-1.561797857284546,0.1940641850233078,45934
20250829_151608,-0.6628737449645996,-1.567705750465393,0.1995660662651062,45934
20250829_151608,-0.6503523588180542,-1.5658241510391235,0.1953313797712326,45934
20250829_151608,-0.6448439955711365,-1.5683330297470093,0.19753605127334595,45934
20250829_151608,-0.643579363822937,-1.560805320739746,0.19331973791122437,45934
20250829_151608,-0.6757256984710693,-1.5618380308151245,0.19743427634239197,45934
20250829_151608,-0.6707643866539001,-1.557647466659546,0.18781039118766785,45934
20250829_151608,-0.6842886805534363,-1.5629925727844238,0.1808282434940338,45934
20250829_151608,-0.6374167799949646,-1.5669736862182617,0.18602436780929565,45934
20250829_151608,-0.6410446166992188,-1.54762864112854,0.1914539486169815,45934
20250829_151608,-0.6679184436798096,-1.5626698732376099,0.1940203607082367,45934
20250829_151608,-0.6903083324432373,-1.5741395950317383,0.19856597483158112,45934
20250829_151608,-0.6957347989082336,-1.5526456832885742,0.203744038939476,45934
20250829_151608,-0.6808901429176331,-1.5623668432235718,0.21457579731941223,45934
20250829_151608,-0.6667341589927673,-1.563471794128418,0.216496080160141,45934
20250829_151608,-0.6323925852775574,-1.5780696868896484,0.21830172836780548,45934
20250829_151608,-0.6364636421203613,-1.5544205904006958,0.22246816754341125,45934
20250829_151608,-0.693622887134552,-1.5613256692886353,0.23702262341976166,45934
20250829_151608,-0.6911217570304871,-1.5493676662445068,0.24537980556488037,45934
20250829_151608,-0.6748179197311401,-1.5530345439910889,0.253613144159317,45934
20250829_151608,-0.6462138295173645,-1.568131685256958,0.25029870867729187,45934
20250829_151608,-0.653729259967804,-1.5630348920822144,0.25194332003593445,45934
20250829_151608,-0.6686832308769226,-1.5796581506729126,0.2526271343231201,45934
20250829_151608,-0.654721200466156,-1.5598156452178955,0.2665402293205261,45934
20250829_151608,-0.688286304473877,-1.5631252527236938,0.2636634409427643,45934
20250829_151608,-0.6899668574333191,-1.5673847198486328,0.2614330053329468,45934
20250829_151608,-0.657005250453949,-1.568037748336792,0.2634240686893463,45934
20250829_151608,-0.6302557587623596,-1.5559027194976807,0.26117101311683655,45934
20250829_151608,-0.6507462859153748,-1.5700831413269043,0.2663322389125824,45934
20250829_151608,-0.6596035957336426,-1.5603469610214233,0.2675022780895233,45934
20250829_151608,-0.6808372139930725,-1.5606658458709717,0.26431339979171753,45934
20250829_151608,-0.6844503283500671,-1.5726968050003052,0.25697454810142517,45934
20250829_151608,-0.6639853715896606,-1.5739374160766602,0.24781100451946259,45934
20250829_151608,-0.6580442786216736,-1.5640358924865723,0.24897386133670807,45934
20250829_151608,-0.6576421856880188,-1.5575940608978271,0.25174015760421753,45934
20250829_151608,-0.6707360744476318,-1.5572259426116943,0.250801146030426,45934
20250829_151608,-0.6528498530387878,-1.5678956508636475,0.2536650002002716,45934
20250829_151608,-0.670738935470581,-1.5537738800048828,0.24421922862529755,45934
20250829_151609,-0.6701233983039856,-1.5580813884735107,0.24444840848445892,45934
20250829_151609,-0.6638509035110474,-1.5517820119857788,0.24154174327850342,45934
20250829_151609,-0.6471193432807922,-1.5645557641983032,0.23979206383228302,45934
20250829_151609,-0.6404553651809692,-1.5716763734817505,0.24469588696956635,45934
20250829_151609,-0.6531550884246826,-1.5630583763122559,0.24672535061836243,45934
20250829_151609,-0.6524219512939453,-1.5700284242630005,0.24448131024837494,45934
20250829_151609,-0.6622496843338013,-1.5561676025390625,0.24807476997375488,45934
20250829_151609,-0.6563290357589722,-1.5687146186828613,0.2476879507303238,45934
20250829_151609,-0.6632874011993408,-1.5601685047149658,0.25242286920547485,45934
20250829_151609,-0.6453938484191895,-1.566704511642456,0.2622661590576172,45934
20250829_151609,-0.6869733333587646,-1.5512118339538574,0.2444816678762436,45934
20250829_151609,-0.650890588760376,-1.5521905422210693,0.2526170015335083,45934
20250829_151609,-0.6645967364311218,-1.556589126586914,0.2503476142883301,45934
20250829_151609,-0.6890642642974854,-1.561084508895874,0.25946494936943054,45934
20250829_151609,-0.6657492518424988,-1.5442575216293335,0.25764381885528564,45934
20250829_151609,-0.6533018946647644,-1.5541281700134277,0.25741392374038696,45934
20250829_151609,-0.6250123381614685,-1.5575294494628906,0.2533455789089203,45934
20250829_151609,-0.6583842039108276,-1.5509109497070312,0.2576684355735779,45934
20250829_151609,-0.6650728583335876,-1.5563465356826782,0.2582649886608124,45934
20250829_151609,-0.6510561108589172,-1.5590437650680542,0.25485050678253174,45934
20250829_151609,-0.6612906455993652,-1.5484198331832886,0.25435635447502136,45934
20250829_151609,-0.6543647646903992,-1.5502203702926636,0.2543681561946869,45934
20250829_151609,-0.6298784613609314,-1.5376302003860474,0.24997326731681824,45934
20250829_151609,-0.6338441371917725,-1.554267168045044,0.25456738471984863,45934
20250829_151609,-0.6449756026268005,-1.547135591506958,0.25986433029174805,45934
20250829_151609,-0.696878969669342,-1.5697957277297974,0.2542291283607483,45934
20250829_151609,-0.669079601764679,-1.5529192686080933,0.24896612763404846,45934
20250829_151609,-0.6506320834159851,-1.5407049655914307,0.24948321282863617,45934
20250829_151609,-0.648829996585846,-1.539967656135559,0.24864789843559265,45934
20250829_151609,-0.6356677412986755,-1.542811393737793,0.24904732406139374,45934
20250829_151609,-0.6264328360557556,-1.5509051084518433,0.2386426478624344,45934
20250829_151609,-0.6566160917282104,-1.5371898412704468,0.24143990874290466,45934
20250829_151609,-0.6492512226104736,-1.5438778400421143,0.23671114444732666,45934
20250829_151609,-0.6565126180648804,-1.5524224042892456,0.2336909919977188,45934
20250829_151609,-0.6392441987991333,-1.5391383171081543,0.23545441031455994,45934
20250829_151609,-0.629586935043335,-1.5393916368484497,0.23342277109622955,45934
20250829_151609,-0.6179060339927673,-1.524068832397461,0.24019107222557068,45934
20250829_151609,-0.6277812123298645,-1.5412606000900269,0.24274246394634247,45934
20250829_151609,-0.6586275696754456,-1.539174199104309,0.23942098021507263,45934
20250829_151609,-0.6654245257377625,-1.5336930751800537,0.24320541322231293,45934
20250829_151609,-0.6396660804748535,-1.5339655876159668,0.24015341699123383,45934
20250829_151609,-0.6390447020530701,-1.5256273746490479,0.24192121624946594,45934
20250829_151609,-0.6238651275634766,-1.5255625247955322,0.246059387922287,45934
20250829_151609,-0.6227826476097107,-1.5259859561920166,0.24233083426952362,45934
20250829_151609,-0.6436802744865417,-1.5347425937652588,0.23727326095104218,45934
20250829_151609,-0.644716739654541,-1.5303531885147095,0.23798836767673492,45934
20250829_151609,-0.649556040763855,-1.532569169998169,0.2451484054327011,45934
20250829_151609,-0.6232331991195679,-1.5321035385131836,0.2449260950088501,45934
20250829_151609,-0.6321885585784912,-1.5215697288513184,0.24201424419879913,45934
20250829_151609,-0.6190236806869507,-1.5313771963119507,0.2482406049966812,45934
20250829_151609,-0.6285263299942017,-1.5123072862625122,0.24901440739631653,45934
20250829_151609,-0.6392326951026917,-1.5307002067565918,0.24521324038505554,45934
20250829_151609,-0.6408765316009521,-1.5155620574951172,0.25336766242980957,45934
20250829_151609,-0.6482964754104614,-1.5205254554748535,0.24665087461471558,45934
20250829_151609,-0.6246756911277771,-1.5354965925216675,0.24702394008636475,45934
20250829_151609,-0.622432291507721,-1.5180069208145142,0.24119828641414642,45934
20250829_151609,-0.6067503094673157,-1.5245171785354614,0.23929835855960846,45934
20250829_151609,-0.6298874616622925,-1.5145988464355469,0.23885869979858398,45934
20250829_151609,-0.6528862118721008,-1.5240532159805298,0.2287219762802124,45934
20250829_151609,-0.6424810886383057,-1.5215016603469849,0.24085195362567902,45934
20250829_151609,-0.6355442404747009,-1.5159906148910522,0.2361641824245453,45934
20250829_151609,-0.6302601099014282,-1.5205007791519165,0.22924388945102692,45934
20250829_151609,-0.4768450856208801,-1.4772299528121948,0.22538965940475464,45934
20250829_151609,-0.6030012965202332,-1.536301851272583,0.22438688576221466,45934
20250829_151609,-0.6229420304298401,-1.5139944553375244,0.2322191596031189,45934
20250829_151609,-0.6650132536888123,-1.5198224782943726,0.21709555387496948,45934
20250829_151609,-0.6490272283554077,-1.516041874885559,0.2182348221540451,45934
20250829_151609,-0.5522405505180359,-1.4930927753448486,0.2138780951499939,45934
20250829_151609,-0.5944192409515381,-1.5218392610549927,0.2022884637117386,45934
20250829_151609,-0.60232013463974,-1.52553129196167,0.20942609012126923,45934
20250829_151609,-0.6283789277076721,-1.4994784593582153,0.2034904509782791,45934
20250829_151609,-0.6567270755767822,-1.5212063789367676,0.20124365389347076,45934
20250829_151609,-0.6021344065666199,-1.5014349222183228,0.197442889213562,45934
20250829_151609,-0.6264398097991943,-1.514922857284546,0.18576397001743317,45934
20250829_151609,-0.6073567271232605,-1.52527916431427,0.18743550777435303,45934
20250829_151609,-0.6095067858695984,-1.5029189586639404,0.18741145730018616,45934
20250829_151609,-0.6384146809577942,-1.5211553573608398,0.1903516799211502,45934
20250829_151609,-0.523118793964386,-1.490075945854187,0.18356502056121826,45934
20250829_151609,-0.6763612627983093,-1.528627872467041,0.17744506895542145,45934
20250829_151609,-0.6321037411689758,-1.5149707794189453,0.17722521722316742,45934
20250829_151609,-0.6139453053474426,-1.5037916898727417,0.16840998828411102,45934
20250829_151609,-0.5927728414535522,-1.50400972366333,0.1657026708126068,45934
20250829_151609,-0.6298099160194397,-1.5010030269622803,0.16752246022224426,45934
20250829_151609,-0.6440305113792419,-1.5141162872314453,0.15566302835941315,45934
20250829_151609,-0.6360257863998413,-1.5240567922592163,0.14891375601291656,45934
20250829_151609,-0.6046248078346252,-1.4992175102233887,0.15734988451004028,45934
20250829_151609,-0.6415356993675232,-1.514780879020691,0.14391383528709412,45934
20250829_151609,-0.5286120176315308,-1.488878846168518,0.13994348049163818,45934
20250829_151609,-0.5846214294433594,-1.5023829936981201,0.1354520618915558,45934
20250829_151609,-0.6212934255599976,-1.5013940334320068,0.14417706429958344,45934
20250829_151609,-0.6323595643043518,-1.5169053077697754,0.13252021372318268,45934
20250829_151609,-0.6477585434913635,-1.512412667274475,0.12451812624931335,45934
20250829_151609,-0.6014475226402283,-1.4922243356704712,0.12464539706707001,45934
20250829_151609,-0.6409140229225159,-1.483788251876831,0.11917222291231155,45934
20250829_151609,-0.6299553513526917,-1.5112502574920654,0.1144476979970932,45934
20250829_151609,-0.6283791065216064,-1.5113939046859741,0.10757245123386383,45934
20250829_151609,-0.6486945748329163,-1.509888768196106,0.09939270466566086,45934
20250829_151609,-0.4785245358943939,-1.47584867477417,0.09856200963258743,45934
20250829_151609,-0.6159476041793823,-1.4948536157608032,0.0890372171998024,45934
20250829_151609,-0.646034836769104,-1.5137741565704346,0.08233541250228882,45934
20250829_151610,-0.6348932981491089,-1.4972740411758423,0.0880369320511818,45934
20250829_151610,-0.6007325649261475,-1.4991291761398315,0.06951683014631271,45934
20250829_151610,-0.6009748578071594,-1.5025674104690552,0.06093601509928703,45934
20250829_151610,-0.6185322403907776,-1.4897472858428955,0.05431443080306053,45934
20250829_151610,-0.6222392916679382,-1.5030142068862915,0.05134151130914688,45934
20250829_151610,-0.6332485675811768,-1.5023561716079712,0.044608041644096375,45934
20250829_151610,-0.6594497561454773,-1.5123800039291382,0.03192577883601189,45934
20250829_151610,-0.6292563676834106,-1.3984875679016113,0.026444178074598312,45934
20250829_151610,-0.5909867882728577,-1.4897583723068237,0.018604876473546028,45934
20250829_151610,-0.5972734689712524,-1.4925013780593872,0.01110578142106533,45934
20250829_151610,-0.6144113540649414,-1.4957945346832275,0.008051867596805096,45934
20250829_151610,-0.6526554226875305,-1.509148359298706,0.0028782042209059,45934
20250829_151610,-0.6441635489463806,-1.5014015436172485,-0.003523892955854535,45934
20250829_151610,-0.5257355570793152,-1.336403727531433,-0.0013273550430312753,45934
20250829_151610,-0.5925402641296387,-1.494928002357483,-0.0017059812089428306,45934
20250829_151610,-0.5950863361358643,-1.494883418083191,-0.002465886063873768,45934
20250829_151610,-0.5945709347724915,-1.4906443357467651,0.0006181547068990767,45934
20250829_151610,-0.60975182056427,-1.5055947303771973,-0.0016902389470487833,45934
20250829_151610,-0.6416800022125244,-1.5045862197875977,-0.007055677007883787,45934
20250829_151610,-0.614789605140686,-1.5009523630142212,-0.004490890074521303,45934
20250829_151610,-0.643718421459198,-1.4798988103866577,0.00423061428591609,45934
20250829_151610,-0.6320421099662781,-1.5056428909301758,-0.0074175139889121056,45934
20250829_151610,-0.3398417830467224,-1.4119359254837036,-0.006673130206763744,45934
20250829_151610,-0.5607156157493591,-1.4717233180999756,-0.01152496226131916,45934
20250829_151610,-0.6522228717803955,-1.4746344089508057,-0.007655266206711531,45934
20250829_151610,-0.6346336007118225,-1.4913729429244995,-0.013129057362675667,45934
20250829_151610,-0.6148029565811157,-1.4884997606277466,-0.011324130930006504,45934
20250829_151610,-0.6203704476356506,-1.4822347164154053,-0.022479169070720673,45934
20250829_151610,-0.5880823731422424,-1.4888370037078857,-0.019791973754763603,45934
20250829_151610,-0.582870602607727,-1.4878746271133423,-0.02257678657770157,45934
20250829_151610,-0.5942524671554565,-1.4834672212600708,-0.03496791422367096,45934
20250829_151610,-0.6451926827430725,-1.500465989112854,-0.03130277991294861,45934
20250829_151610,-0.4474274516105652,-1.360495924949646,-0.03142625465989113,45934
