time_s,x,y,z,x_error,y_error,z_error,yaw,pitch,roll,yaw_command,pitch_command,roll_command,thrust_command,pitch_cmd_p,pitch_cmd_i,pitch_cmd_d,roll_cmd_p,roll_cmd_i,roll_cmd_d,thrust_cmd_p,thrust_cmd_i,thrust_cmd_d
20251022_154154.736039,1.004547119140625,0.06736298650503159,0.9961995482444763,-0.004547119140625,0.9326370358467102,0.0038004517555236816,-1.0916634798049927,-179.0752410888672,-177.8192901611328,1.0916634798049927,-0.020818648859858513,-0.03493261709809303,44000,-0.02470293641090393,-0.0009585903608240187,0.004842877388000488,-0.0295562744140625,-0.0012064033653587103,-0.004169940948486328,24248.5625,191.18992614746094,-21.541118621826172
20251022_154154.736992,1.004538655281067,0.06735806912183762,0.9962108731269836,-0.0045386552810668945,0.9326419234275818,0.0037891268730163574,-1.075801134109497,-179.07928466796875,-177.83566284179688,1.075801134109497,-0.01827227883040905,-0.025180572643876076,44000,-0.024629324674606323,-0.0010041279019787908,0.007361173629760742,-0.029501259326934814,-0.0012654608581215143,0.005586147308349609,24248.689453125,200.51632690429688,7.8678131103515625
20251022_154154.737992,1.0045362710952759,0.06733980029821396,0.9962008595466614,-0.004536271095275879,0.9326602220535278,0.003799140453338623,-1.0912219285964966,-179.0906982421875,-177.8472137451172,1.0912219285964966,-0.03225289657711983,-0.029236648231744766,44000,-0.02469441294670105,-0.0010496574686840177,-0.006508827209472656,-0.029485762119293213,-0.001324447919614613,0.0015735626220703125,24249.166015625,209.84283447265625,29.230117797851562
20251022_154154.739318,1.0045223236083984,0.06734553724527359,0.9961800575256348,-0.0045223236083984375,0.9326544404029846,0.0038199424743652344,-1.100140929222107,-179.0721435546875,-177.79251098632812,1.100140929222107,-0.03944631293416023,-0.02157309092581272,44000,-0.024829626083374023,-0.0010953720193356276,-0.013521313667297363,-0.029395103454589844,-0.0013833288103342056,0.009205341339111328,24249.015625,219.16940307617188,-9.179115295410156
20251022_154154.740280,1.004530906677246,0.0673416405916214,0.9959878325462341,-0.004530906677246094,0.9326583743095398,0.004012167453765869,-1.0584700107574463,-179.29920959472656,-177.7932891845703,1.0584700107574463,-0.1521676927804947,-0.036557894200086594,44000,-0.02607908844947815,-0.0011423645773902535,-0.1249462366104126,-0.02945089340209961,-0.0014421747764572501,-0.005664825439453125,24249.1171875,228.4959716796875,6.234645843505859
20251022_154154.741194,1.0045427083969116,0.06735676527023315,0.9961839318275452,-0.004542708396911621,0.9326432347297668,0.003816068172454834,-1.0734418630599976,-179.2771453857422,-177.7411346435547,1.0734418630599976,0.10147075355052948,-0.03881789371371269,44000,-0.02480444312095642,-0.0011893340852111578,0.12746453285217285,-0.029527604579925537,-0.0015011533396318555,-0.007789134979248047,24248.724609375,237.82247924804688,-24.199485778808594
20251022_154154.742401,1.0045348405838013,0.06737834215164185,0.9961875677108765,-0.0045348405838012695,0.9326216578483582,0.003812432289123535,-1.1365326642990112,-179.03103637695312,-177.7143096923828,1.1365326642990112,-0.023652590811252594,-0.025843864306807518,44000,-0.02478080987930298,-0.001235104980878532,0.0023633241653442383,-0.029476463794708252,-0.001560157397761941,0.005192756652832031,24248.1640625,247.1488037109375,-34.52301025390625
20251022_154154.743183,1.0045334100723267,0.06739059090614319,0.9962063431739807,-0.00453341007232666,0.9326094388961792,0.003793656826019287,-1.09390127658844,-179.17335510253906,-177.85324096679688,1.09390127658844,-0.013735460117459297,-0.030142128467559814,44000,-0.024658769369125366,-0.0012807415332645178,0.01220405101776123,-0.02946716547012329,-0.0016191010363399982,0.0009441375732421875,24247.84375,256.4749450683594,-19.598007202148438
20251022_154154.744108,1.0045219659805298,0.0674101933836937,0.996209442615509,-0.004521965980529785,0.9325898289680481,0.003790557384490967,-1.1056500673294067,-179.1024932861328,-177.74440002441406,1.1056500673294067,-0.023950232192873955,-0.023517638444900513,44000,-0.024638622999191284,-0.0013262468855828047,0.002014636993408203,-0.029392778873443604,-0.001677960972301662,0.0075531005859375,24247.3359375,265.80096435546875,-31.363964080810547
20251022_154154.747591,1.004536747932434,0.06738138198852539,0.9961967468261719,-0.004536747932434082,0.9326186180114746,0.003803253173828125,-1.1022536754608154,-179.1999969482422,-177.74545288085938,1.1022536754608154,-0.03434521704912186,-0.04098179191350937,44000,-0.024721145629882812,-0.001371809747070074,-0.008252263069152832,-0.029488861560821533,-0.0017368425615131855,-0.009756088256835938,24248.083984375,275.1269836425781,46.09823226928711
20251022_154154.748509,1.00453519821167,0.06741250306367874,0.9961815476417542,-0.004535198211669922,0.9325875043869019,0.0038184523582458496,-1.094131588935852,-179.33544921875,-177.6141815185547,1.094131588935852,-0.03611695021390915,-0.03025178238749504,44000,-0.024819940328598022,-0.0014175398973748088,-0.009879469871520996,-0.029478788375854492,-0.0017958101816475391,0.0010228157043457031,24247.275390625,284.4530334472656,-49.79372024536133
20251022_154154.750066,1.0045404434204102,0.06734985113143921,0.9961899518966675,-0.004540443420410156,0.9326501488685608,0.0038100481033325195,-1.071643590927124,-179.25396728515625,-177.69700622558594,1.071643590927124,-0.02076585777103901,-0.0348295234143734,44000,-0.024765312671661377,-0.0014633109094575047,0.005462765693664551,-0.029512882232666016,-0.001854801899753511,-0.0034618377685546875,24248.904296875,293.7792053222656,100.24308776855469
20251022_154154.760249,1.004507303237915,0.0673191174864769,0.9960026144981384,-0.004507303237915039,0.9326809048652649,0.003997385501861572,-1.0873547792434692,-179.1935272216797,-177.8916778564453,1.0873547792434692,-0.149262472987175,-0.009338563308119774,44000,-0.02598300576210022,-0.0015101555036380887,-0.12176930904388428,-0.029297471046447754,-0.0019136122427880764,0.021872520446777344,24249.703125,303.1058654785156,49.173831939697266
20251022_154154.770383,1.0044857263565063,0.06733961403369904,0.9960249662399292,-0.004485726356506348,0.9326604008674622,0.003975033760070801,-1.0738075971603394,-179.10665893554688,-177.92149353027344,1.0738075971603394,-0.012867077253758907,-0.01688854582607746,44000,-0.025837719440460205,-0.001557990093715489,0.014528632164001465,-0.02915722131729126,-0.0019720669370144606,0.014240741729736328,24249.169921875,312.4325866699219,-32.79447555541992
20251022_154154.780185,1.0045632123947144,0.06733346730470657,0.996186375617981,-0.0045632123947143555,0.932666540145874,0.003813624382019043,-1.2716577053070068,-179.27474975585938,-177.7705841064453,1.2716577053070068,0.07852281630039215,-0.08283255249261856,44000,-0.02478855848312378,-0.0016047219978645444,0.10491609573364258,-0.02966088056564331,-0.0020308850798755884,-0.051140785217285156,24249.330078125,321.75921630859375,9.834766387939453
20251022_154154.790564,1.0045543909072876,0.06731219589710236,0.9962031841278076,-0.004554390907287598,0.9326878190040588,0.003796815872192383,-1.2982109785079956,-179.26773071289062,-177.73681640625,1.2982109785079956,-0.015404156409204006,-0.025871507823467255,44000,-0.02467930316925049,-0.0016503846272826195,0.010925531387329102,-0.029603540897369385,-0.0020901495590806007,0.005822181701660156,24249.8828125,331.08599853515625,34.03425216674805
20251022_154154.800286,1.0045185089111328,0.06732120364904404,0.9959685802459717,-0.0045185089111328125,0.9326788187026978,0.00403141975402832,-1.1540240049362183,-179.34730529785156,-177.74851989746094,1.1540240049362183,-0.18039411306381226,-0.007837314158678055,44000,-0.026204228401184082,-0.0016973541351035237,-0.15249252319335938,-0.02937030792236328,-0.0021491232328116894,0.023682117462158203,24249.6484375,340.4128112792969,-14.412403106689453
20251022_154154.810252,1.004528284072876,0.06733100116252899,0.9961802959442139,-0.0045282840728759766,0.9326689839363098,0.003819704055786133,-1.236814022064209,-179.2646942138672,-177.7153778076172,1.236814022064209,0.11104266345500946,-0.03809338063001633,44000,-0.024828076362609863,-0.0017444607801735401,0.13761520385742188,-0.029433846473693848,-0.002207927405834198,-0.006451606750488281,24249.39453125,349.73956298828125,-15.676021575927734
20251022_154154.820494,1.0045115947723389,0.06734225153923035,0.9960480332374573,-0.004511594772338867,0.9326577186584473,0.003951966762542725,-1.1990569829940796,-179.1844024658203,-177.83885192871094,1.1990569829940796,-0.11344963312149048,-0.020577114075422287,44000,-0.02568778395652771,-0.001791090820915997,-0.08597075939178467,-0.029325366020202637,-0.0022666866425424814,0.011014938354492188,24249.1015625,359.0661926269531,-18.00060272216797
20251022_154154.830485,1.0045174360275269,0.06728742271661758,0.9962441921234131,-0.0045174360275268555,0.9327125549316406,0.003755807876586914,-1.2454370260238647,-178.90658569335938,-178.1761016845703,1.2454370260238647,0.10125318914651871,-0.03554393723607063,44000,-0.02441275119781494,-0.0018373375060036778,0.12750327587127686,-0.02936333417892456,-0.0023253753315657377,-0.0038552284240722656,24250.52734375,368.3930358886719,87.72611999511719
20251022_154154.843327,1.004513144493103,0.06730827689170837,0.9962582588195801,-0.004513144493103027,0.9326916933059692,0.003741741180419922,-1.1821894645690918,-178.9062042236328,-177.9393768310547,1.1821894645690918,-0.017060287296772003,-0.028887100517749786,44000,-0.024321317672729492,-0.0018823228310793638,0.009143352508544922,-0.029335439205169678,-0.002384074265137315,0.0028324127197265625,24249.984375,377.7200622558594,-33.36668014526367
20251022_154154.850357,1.0045499801635742,0.067360520362854,0.9962102174758911,-0.004549980163574219,0.932639479637146,0.0037897825241088867,-1.150570273399353,-179.260498046875,-177.71365356445312,1.150570273399353,-0.057787973433732986,-0.0563293993473053,44000,-0.024633586406707764,-0.001927511882968247,-0.03122687339782715,-0.029574871063232422,-0.002442984376102686,-0.024311542510986328,24248.626953125,387.0467224121094,-83.58955383300781
20251022_154154.860436,1.0045506954193115,0.06735365092754364,0.9961715936660767,-0.0045506954193115234,0.9326463341712952,0.00382840633392334,-1.268721580505371,-179.31573486328125,-177.69943237304688,1.268721580505371,-0.051963336765766144,-0.03255372866988182,44000,-0.02488464117050171,-0.001973221078515053,-0.02510547637939453,-0.029579520225524902,-0.0025021389592438936,-0.00047206878662109375,24248.8046875,396.3731384277344,10.991096496582031
20251022_154154.870612,1.0045064687728882,0.06732693314552307,0.995955765247345,-0.004506468772888184,0.9326730966567993,0.004044234752655029,-1.2195805311203003,-179.45384216308594,-177.5948486328125,1.2195805311203003,-0.16859646141529083,-0.0026634708046913147,44000,-0.02628752589225769,-0.0020204568281769753,-0.14028847217559814,-0.029292047023773193,-0.002561010420322418,0.029189586639404297,24249.5,405.6997375488281,42.748451232910156
20251022_154154.880440,1.0044533014297485,0.06739679723978043,0.9961634278297424,-0.004453301429748535,0.9326031804084778,0.0038365721702575684,-1.1452617645263672,-179.31871032714844,-177.71368408203125,1.1452617645263672,0.10797521471977234,0.0035247383639216423,44000,-0.024937719106674194,-0.0020677417051047087,0.1349806785583496,-0.02894645929336548,-0.002619248814880848,0.03509044647216797,24247.68359375,415.026123046875,-111.78254699707031
20251022_154154.890632,1.0044084787368774,0.06744596362113953,0.9959471821784973,-0.004408478736877441,0.9325540065765381,0.0040528178215026855,-1.1652957201004028,-179.38258361816406,-177.83349609375,1.1652957201004028,-0.16901805996894836,-0.0017489850288257003,44000,-0.026343315839767456,-0.0021150780376046896,-0.14055967330932617,-0.02865511178970337,-0.0026768504176288843,0.029582977294921875,24246.404296875,424.3518981933594,-78.66621398925781
20251022_154154.900705,1.0043506622314453,0.067489393055439,0.9959076642990112,-0.0043506622314453125,0.9325106143951416,0.0040923357009887695,-1.1311179399490356,-178.97537231445312,-177.82647705078125,1.1311179399490356,-0.05445075407624245,0.007145804353058338,44000,-0.026600182056427002,-0.002163948956876993,-0.02568662166595459,-0.02827930450439453,-0.0027337849605828524,0.03815889358520508,24245.275390625,433.67724609375,-69.48709106445312
20251022_154154.910559,1.0043128728866577,0.06763171404600143,0.9960285425186157,-0.004312872886657715,0.932368278503418,0.003971457481384277,-1.2131085395812988,-178.7485809326172,-177.61231994628906,1.2131085395812988,0.05054403841495514,-0.005882804282009602,44000,-0.025814473628997803,-0.0022123318631201982,0.07857084274291992,-0.028033673763275146,-0.0027900978457182646,0.024940967559814453,24241.576171875,443.0016174316406,-227.71359252929688
20251022_154154.920458,1.0042017698287964,0.06766749173402786,0.9958229660987854,-0.004201769828796387,0.9323325157165527,0.0041770339012146,-1.2458432912826538,-178.9810028076172,-177.29080200195312,1.2458432912826538,-0.16303661465644836,0.04317107051610947,44000,-0.027150720357894897,-0.002261222805827856,-0.13362467288970947,-0.027311503887176514,-0.0028454430866986513,0.07332801818847656,24240.64453125,452.32513427734375,-57.244300842285156
20251022_154154.930488,1.004075050354004,0.0677558034658432,0.9957984685897827,-0.004075050354003906,0.9322441816329956,0.004201531410217285,-1.3588162660598755,-178.83694458007812,-177.3544464111328,1.3588162660598755,-0.0455448292195797,0.05424778535962105,44000,-0.027309954166412354,-0.0023114942014217377,-0.015923380851745605,-0.02648782730102539,-0.0028992423322051764,0.08363485336303711,24238.349609375,461.64801025390625,-141.29876708984375
20251022_154154.940423,1.0040396451950073,0.06814686208963394,0.9960194230079651,-0.004039645195007324,0.9318531155586243,0.003980576992034912,-1.2855888605117798,-178.41603088378906,-177.1115264892578,1.2855888605117798,0.11538603156805038,-0.005842276848852634,44000,-0.02587375044822693,-0.0023605867754667997,0.14362037181854248,-0.026257693767547607,-0.0029519880190491676,0.02336740493774414,24228.181640625,470.968505859375,-625.6937866210938
20251022_154154.950489,1.0038858652114868,0.06829536706209183,0.9958304762840271,-0.0038858652114868164,0.9317046403884888,0.0041695237159729,-1.2476787567138672,-179.1407928466797,-177.67041015625,1.2476787567138672,-0.152326762676239,0.07323316484689713,44000,-0.027101904153823853,-0.0024094872642308474,-0.12281537055969238,-0.025258123874664307,-0.0030035036616027355,0.10149478912353516,24224.3203125,480.2862854003906,-237.6079559326172
20251022_154154.961149,1.0038620233535767,0.06886730343103409,0.9959794282913208,-0.00386202335357666,0.9311326742172241,0.004020571708679199,-1.4456701278686523,-178.21261596679688,-177.9926300048828,1.4456701278686523,0.06822646409273148,-0.01242139097303152,44000,-0.026133716106414795,-0.0024586280342191458,0.09681880474090576,-0.02510315179824829,-0.0030538649298250675,0.015735626220703125,24209.44921875,489.6004943847656,-915.0982055664062
20251022_154154.971165,1.0036214590072632,0.06929716467857361,0.9961339235305786,-0.0036214590072631836,0.930702805519104,0.0038660764694213867,-0.9532268047332764,179.88833618164062,-178.54876708984375,0.9532268047332764,0.07278645783662796,0.1321304738521576,44000,-0.025129497051239014,-0.0025059478357434273,0.10042190551757812,-0.023539483547210693,-0.0031025076750665903,0.15877246856689453,24198.2734375,498.90966796875,-687.7780151367188
20251022_154154.980044,1.00341796875,0.0698331743478775,0.9961370229721069,-0.00341796875,0.9301668405532837,0.0038629770278930664,-0.7203512191772461,178.3892822265625,-179.5353240966797,0.7203512191772461,-0.025647036731243134,0.10893850773572922,44000,-0.02510935068130493,-0.0025523221120238304,0.002014636993408203,-0.022216796875,-0.003148264018818736,0.13430356979370117,24184.337890625,508.2140197753906,-857.615478515625
20251022_154154.991029,1.0035216808319092,0.07174147665500641,0.9958680272102356,-0.0035216808319091797,0.9282585382461548,0.004131972789764404,-1.4404237270355225,-178.2220001220703,-178.4901580810547,1.4404237270355225,-0.20430536568164825,-0.09453427046537399,44000,-0.026857823133468628,-0.00260029174387455,-0.17484724521636963,-0.022890925407409668,-0.003193371696397662,-0.0684499740600586,24134.720703125,517.506103515625,-3053.28369140625
20251022_154155.000929,1.0035382509231567,0.07317805290222168,0.9957966804504395,-0.0035382509231567383,0.9268219470977783,0.004203319549560547,-1.4040440320968628,-177.69259643554688,-179.31781005859375,1.4040440320968628,-0.07634727656841278,-0.037174154072999954,44000,-0.027321577072143555,-0.0026503035333007574,-0.046375393867492676,-0.0229986310005188,-0.003239261219277978,-0.010936260223388672,24097.37109375,526.7815551757812,-2298.52197265625
20251022_154155.011103,1.0034795999526978,0.07479099929332733,0.9957364797592163,-0.003479599952697754,0.9252089858055115,0.004263520240783691,-1.4741907119750977,-178.02984619140625,-179.04055786132812,1.4741907119750977,-0.06954443454742432,0.012807363644242287,44000,-0.027712881565093994,-0.0027011046186089516,-0.039130449295043945,-0.0226173996925354,-0.0032848771661520004,0.03870964050292969,24055.43359375,536.0416870117188,-2580.714111328125
20251022_154155.020623,1.0034213066101074,0.07691241800785065,0.9957032203674316,-0.003421306610107422,0.9230875968933105,0.004296779632568359,-1.5309584140777588,-178.68072509765625,179.9755096435547,1.5309584140777588,-0.052300140261650085,0.012905379757285118,44000,-0.027929067611694336,-0.0027524663601070642,-0.02161860466003418,-0.022238492965698242,-0.0033297331538051367,0.03847360610961914,24000.27734375,545.2831420898438,-3394.27001953125
20251022_154155.030468,1.0031824111938477,0.07827609032392502,0.9953070282936096,-0.0031824111938476562,0.9217239022254944,0.004692971706390381,-1.553137183189392,-178.7045440673828,-178.8505859375,1.553137183189392,-0.29083555936813354,0.13361264765262604,44000,-0.030504316091537476,-0.0028064048383384943,-0.25752484798431396,-0.020685672760009766,-0.0033726573456078768,0.1576709747314453,23964.822265625,554.5072021484375,-2181.875732421875
20251022_154155.040809,1.0029668807983398,0.0808916985988617,0.9954168796539307,-0.0029668807983398438,0.9191082715988159,0.004583120346069336,-1.6833436489105225,-178.753662109375,-177.99160766601562,1.6833436489105225,0.038751039654016495,0.11955270916223526,44000,-0.029790282249450684,-0.00286206160672009,0.0714033842086792,-0.019284725189208984,-0.0034126276150345802,0.14225006103515625,23896.81640625,563.7113647460938,-4184.97314453125
20251022_154155.050939,1.002812385559082,0.08340197801589966,0.9952603578567505,-0.0028123855590820312,0.9165980219841003,0.004739642143249512,-1.7173304557800293,-177.71421813964844,-178.0128631591797,1.7173304557800293,-0.1354648470878601,0.08023615926504135,44000,-0.030807673931121826,-0.002917998004704714,-0.10173916816711426,-0.018280506134033203,-0.003450192976742983,0.10196685791015625,23831.548828125,572.889892578125,-4016.447021484375
20251022_154155.060799,1.00266695022583,0.08609744906425476,0.9952443242073059,-0.002666950225830078,0.9139025211334229,0.004755675792694092,-1.6910182237625122,-177.1168670654297,-178.5282745361328,1.6910182237625122,-0.04430873319506645,0.07516633719205856,44000,-0.030911892652511597,-0.00297497003339231,-0.01042187213897705,-0.017335176467895508,-0.003485808614641428,0.09598731994628906,23761.466796875,582.0424194335938,-4312.75390625
20251022_154155.070928,1.0023878812789917,0.08905193209648132,0.9950805306434631,-0.0023878812789916992,0.9109480381011963,0.004919469356536865,-2.041926383972168,-179.2245635986328,-179.7410430908203,2.041926383972168,-0.1414753943681717,0.165145605802536,44000,-0.031976550817489624,-0.003033020766451955,-0.10646581649780273,-0.015521228313446045,-0.003518664976581931,0.18418550491333008,23684.650390625,591.1666870117188,-4727.1728515625
20251022_154155.081142,1.0021742582321167,0.09210129827260971,0.9949423670768738,-0.0021742582321166992,0.9078987240791321,0.005057632923126221,-2.125746250152588,-177.98602294921875,-178.07931518554688,2.125746250152588,-0.1257738173007965,0.12331021577119827,44000,-0.032874614000320435,-0.003092883387580514,-0.08980631828308105,-0.014132678508758545,-0.003548318985849619,0.1409912109375,23605.3671875,600.2609252929688,-4878.98583984375
20251022_154155.091232,1.0017523765563965,0.09535452723503113,0.9948182106018066,-0.0017523765563964844,0.9046454429626465,0.005181789398193359,-2.132451295852661,-178.08775329589844,-178.3153076171875,2.132451295852661,-0.11753766238689423,0.263477623462677,44000,-0.033681631088256836,-0.0031543199438601732,-0.08070170879364014,-0.011390447616577148,-0.0035738421138375998,0.2784419059753418,23520.783203125,609.3236083984375,-5205.16650390625
20251022_154155.100759,1.0018627643585205,0.0990016832947731,0.9944040775299072,-0.0018627643585205078,0.9009982943534851,0.0055959224700927734,-2.1986207962036133,-177.8585662841797,-179.2130126953125,2.1986207962036133,-0.3087789714336395,-0.08856125921010971,44000,-0.03637349605560303,-0.003218986326828599,-0.26918649673461914,-0.0121079683303833,-0.0035973405465483665,-0.07285594940185547,23425.95703125,618.3518676757812,-5835.44970703125
20251022_154155.110478,1.0016834735870361,0.10287216305732727,0.9942092895507812,-0.0016834735870361328,0.8971278667449951,0.00579071044921875,-1.5396850109100342,-177.85853576660156,-178.86233520507812,1.5396850109100342,-0.1675391048192978,0.10376893728971481,44000,-0.037639617919921875,-0.0032873060554265976,-0.12661218643188477,-0.010942578315734863,-0.0036203910131007433,0.1183319091796875,23325.32421875,627.3424682617188,-6192.767578125
20251022_154155.120473,1.001468300819397,0.10683740675449371,0.9939883351325989,-0.0014683008193969727,0.8931626081466675,0.006011664867401123,-2.000440835952759,-178.09417724609375,-178.45469665527344,2.000440835952759,-0.1860543191432953,0.1288291960954666,44000,-0.0390758216381073,-0.0033581203315407038,-0.14362037181854248,-0.009543955326080322,-0.0036408775486052036,0.1420140266418457,23222.2265625,636.2939453125,-6344.39013671875
20251022_154155.131210,1.0012723207473755,0.11086729913949966,0.9933165907859802,-0.0012723207473754883,0.8891326785087585,0.006683409214019775,-1.3438640832901,-178.32505798339844,-179.26168823242188,1.3438640832901,-0.483510285615921,0.117418073117733,44000,-0.04344215989112854,-0.0034342908766120672,-0.436633825302124,-0.008270084857940674,-0.003658691653981805,0.1293468475341797,23117.451171875,645.2053833007812,-6447.82763671875
20251022_154155.140706,1.0008342266082764,0.11509115993976593,0.9930866360664368,-0.0008342266082763672,0.8849088549613953,0.006913363933563232,-1.2539657354354858,-177.8587646484375,-179.50210571289062,1.2539657354354858,-0.19792330265045166,0.2800472676753998,44000,-0.04493686556816101,-0.003515871474519372,-0.14947056770324707,-0.005422472953796387,-0.0036723841913044453,0.2891421318054199,23007.62890625,654.0756225585938,-6758.17724609375
20251022_154155.150522,1.0006489753723145,0.11950203031301498,0.9924509525299072,-0.0006489753723144531,0.8804979920387268,0.0075490474700927734,-1.5025994777679443,-177.1802520751953,-179.29905700683594,1.5025994777679443,-0.46586576104164124,0.11436545103788376,44000,-0.04906880855560303,-0.0036026458255946636,-0.41319429874420166,-0.004218339920043945,-0.003682025009766221,0.12226581573486328,22892.947265625,662.9026489257812,-7057.392578125
20251022_154155.161187,1.000317096710205,0.12410388886928558,0.9923793077468872,-0.0003170967102050781,0.8758960962295532,0.007620692253112793,-2.0966761112213135,-177.69839477539062,-178.154296875,2.0966761112213135,-0.09979727119207382,0.2132904827594757,44000,-0.049534499645233154,-0.003693664213642478,-0.046569108963012695,-0.002061128616333008,-0.003688304452225566,0.2190399169921875,22773.298828125,671.6846313476562,-7362.9736328125
20251022_154155.170579,0.9998971223831177,0.12853305041790009,0.9919203519821167,0.00010287761688232422,0.8714669346809387,0.0080796480178833,-1.8152575492858887,-177.30259704589844,-179.19981384277344,1.8152575492858887,-0.3546268343925476,0.27416205406188965,44000,-0.052517712116241455,-0.0037878663279116154,-0.2983212471008301,0.0006687045097351074,-0.003689696779474616,0.27718305587768555,22658.140625,680.4214477539062,-7086.65869140625
20251022_154155.180264,0.9996771812438965,0.13362744450569153,0.9914529323577881,0.0003228187561035156,0.8663725852966309,0.008547067642211914,-1.7870337963104248,-177.79493713378906,-178.5748748779297,1.7870337963104248,-0.36326631903648376,0.14357253909111023,44000,-0.05555593967437744,-0.003887626575306058,-0.30382275581359863,0.0020983219146728516,-0.0036869298201054335,0.14516115188598633,22525.685546875,689.1106567382812,-8151.03076171875
20251022_154155.190690,0.9993942975997925,0.13868191838264465,0.990982711315155,0.0006057024002075195,0.8613181114196777,0.00901728868484497,-1.5818387269973755,-177.5954132080078,-178.35353088378906,1.5818387269973755,-0.3682490587234497,0.186959370970726,44000,-0.05861237645149231,-0.003993012942373753,-0.3056436777114868,0.003937065601348877,-0.003680894384160638,0.18670320510864258,22394.26953125,697.7490844726562,-8087.158203125
20251022_154155.201399,0.9991225004196167,0.1437959522008896,0.9904191493988037,0.0008774995803833008,0.8562040328979492,0.009580850601196289,-1.9653815031051636,-178.18995666503906,-177.97840881347656,1.9653815031051636,-0.4326953887939453,0.18141862750053406,44000,-0.06227552890777588,-0.004104601684957743,-0.36631524562835693,0.005703747272491455,-0.003671253565698862,0.17938613891601562,22261.3046875,706.336669921875,-8182.4541015625
20251022_154155.211141,0.9986615180969238,0.14909937977790833,0.989751398563385,0.0013384819030761719,0.8509006500244141,0.01024860143661499,-1.4160367250442505,-177.93435668945312,-178.78302001953125,1.4160367250442505,-0.504877507686615,0.3092916011810303,44000,-0.06661590933799744,-0.00422357814386487,-0.43403804302215576,0.008700132369995117,-0.003656849730759859,0.3042483329772949,22123.416015625,714.8722534179688,-8485.484375
20251022_154155.220663,0.9982321858406067,0.15438011288642883,0.9894020557403564,0.0017678141593933105,0.8456199169158936,0.010597944259643555,-1.6874427795410156,-178.13441467285156,-178.56317138671875,1.6874427795410156,-0.30030813813209534,0.29121342301368713,44000,-0.0688866376876831,-0.004348657559603453,-0.2270728349685669,0.011490792036056519,-0.003636658890172839,0.2833592891693115,21986.1171875,723.3547973632812,-8449.1728515625
20251022_154155.230442,0.9980410933494568,0.1598304808139801,0.9888733625411987,0.001958906650543213,0.8401695489883423,0.01112663745880127,-1.6784287691116333,-178.6710662841797,-179.4814453125,1.6784287691116333,-0.42045271396636963,0.13524150848388672,44000,-0.07232314348220825,-0.004479005001485348,-0.34365057945251465,0.012732893228530884,-0.0036124351900070906,0.12612104415893555,21844.408203125,731.7837524414062,-8720.5888671875
20251022_154155.240686,0.9977705478668213,0.1653679609298706,0.9883275628089905,0.002229452133178711,0.8346320390701294,0.011672437191009521,-1.5178027153015137,-178.94935607910156,-179.66751098632812,1.5178027153015137,-0.4352564811706543,0.18946625292301178,44000,-0.07587084174156189,-0.0046157995238900185,-0.35476982593536377,0.014491438865661621,-0.003585210768505931,0.1785600185394287,21700.43359375,740.1577758789062,-8859.9677734375
20251022_154155.250301,0.9973346590995789,0.17123596370220184,0.9878256916999817,0.0026653409004211426,0.828764021396637,0.01217430830001831,-1.7837114334106445,-178.8461456298828,-179.57257080078125,1.7837114334106445,-0.41010811924934387,0.3014579117298126,44000,-0.07913300395011902,-0.004758880008012056,-0.3262162208557129,0.017324715852737427,-0.0035533946938812733,0.2876865863800049,21547.865234375,748.4747314453125,-9388.8046875
20251022_154155.260841,0.9968194961547852,0.1772368848323822,0.9869263768196106,0.0031805038452148438,0.8227630853652954,0.013073623180389404,-1.6002013683319092,-178.33157348632812,-179.81849670410156,1.6002013683319092,-0.6744436025619507,0.3571654260158539,44000,-0.08497855067253113,-0.004910367541015148,-0.5845546722412109,0.020673274993896484,-0.0035153967328369617,0.3400075435638428,21391.841796875,756.732421875,-9601.4736328125
20251022_154155.270879,0.9966573119163513,0.18301479518413544,0.9863156080245972,0.0033426880836486816,0.8169851899147034,0.013684391975402832,-1.7337385416030884,-177.86131286621094,-179.79290771484375,1.7337385416030884,-0.49101918935775757,0.12529607117176056,44000,-0.08894854784011841,-0.005070915911346674,-0.396999716758728,0.02172747254371643,-0.0034729959443211555,0.10704159736633301,21241.615234375,764.93115234375,-9244.65625
20251022_154155.280370,0.9964231252670288,0.18916422128677368,0.9856501817703247,0.0035768747329711914,0.8108357787132263,0.014349818229675293,-1.1750133037567139,-177.4910430908203,-179.8733367919922,1.1750133037567139,-0.5310400128364563,0.17438486218452454,44000,-0.0932738184928894,-0.005239121150225401,-0.4325270652770996,0.023249685764312744,-0.0034280186519026756,0.15456318855285645,21081.73046875,773.0702514648438,-9839.08203125
20251022_154155.290818,0.9958802461624146,0.19550742208957672,0.9849867224693298,0.004119753837585449,0.8044925928115845,0.015013277530670166,-1.424954891204834,-177.49220275878906,-179.930419921875,1.424954891204834,-0.5342501401901245,0.3817006051540375,44000,-0.09758630394935608,-0.005415299441665411,-0.4312485456466675,0.02677839994430542,-0.0033779905643314123,0.35830020904541016,20916.806640625,781.1469116210938,-10149.12109375
20251022_154155.300747,0.9954516291618347,0.2015993744134903,0.9842724800109863,0.004548370838165283,0.7984006404876709,0.015727519989013672,-1.5847097635269165,-178.05397033691406,-179.694091796875,1.5847097635269165,-0.5720862150192261,0.3091299831867218,44000,-0.10222887992858887,-0.005599744152277708,-0.4642575979232788,0.02956441044807434,-0.0033216478768736124,0.28288722038269043,20758.416015625,789.161376953125,-9747.1240234375
20251022_154155.310851,0.9950191378593445,0.20800577104091644,0.9838773608207703,0.004980862140655518,0.7919942140579224,0.016122639179229736,-1.0738496780395508,-177.4519500732422,-179.97677612304688,1.0738496780395508,-0.36741548776626587,0.3145601451396942,44000,-0.10479715466499329,-0.005790845490992069,-0.2568274736404419,0.032375603914260864,-0.0032597079407423735,0.2854442596435547,20591.849609375,797.1133422851562,-10250.234375
20251022_154155.320950,0.994739830493927,0.21479618549346924,0.983009397983551,0.005260169506072998,0.7852038145065308,0.016990602016448975,-1.610383152961731,-177.24659729003906,-179.68072509765625,1.610383152961731,-0.6806042790412903,0.21534082293510437,44000,-0.11043891310691833,-0.005989524535834789,-0.5641758441925049,0.03419110178947449,-0.003193141194060445,0.1843428611755371,20415.298828125,804.9993286132812,-10864.6630859375
20251022_154155.330232,0.994382381439209,0.2214343100786209,0.9821608662605286,0.005617618560791016,0.7785657048225403,0.017839133739471436,-1.6176223754882812,-177.23744201660156,-179.6270751953125,1.6176223754882812,-0.6736984848976135,0.2693084478378296,44000,-0.11595436930656433,-0.006198503077030182,-0.5515456199645996,0.0365145206451416,-0.0031224354170262814,0.2359163761138916,20242.70703125,812.8181762695312,-10620.9990234375
20251022_154155.340875,0.9938713312149048,0.22818179428577423,0.9814828634262085,0.006128668785095215,0.771818220615387,0.018517136573791504,-1.6630388498306274,-177.58526611328125,-179.16311645507812,1.6630388498306274,-0.5674798488616943,0.37408339977264404,44000,-0.12036138772964478,-0.00641664071008563,-0.44070184230804443,0.039836347103118896,-0.00304608466103673,0.3372931480407715,20067.2734375,820.570068359375,-10795.974609375
20251022_154155.350818,0.9935042858123779,0.23486627638339996,0.9807532429695129,0.00649571418762207,0.7651337385177612,0.01924675703048706,-1.5491636991500854,-178.06588745117188,-179.712890625,1.5491636991500854,-0.6060004234313965,0.28150808811187744,44000,-0.1251039206981659,-0.006643224041908979,-0.4742532968521118,0.04222214221954346,-0.0029640260618180037,0.2422499656677246,19893.4765625,828.2548217773438,-10695.1708984375
20251022_154155.360759,0.9931504726409912,0.2420322299003601,0.9800442457199097,0.006849527359008789,0.7579677700996399,0.019955754280090332,-1.7251782417297363,-178.38241577148438,-179.3766632080078,1.7251782417297363,-0.5974390506744385,0.2751613259315491,44000,-0.12971240282058716,-0.006878439337015152,-0.46084821224212646,0.04452192783355713,-0.002877281978726387,0.23351669311523438,19707.162109375,835.870361328125,-11465.525390625
20251022_154155.371222,0.9927091598510742,0.2499174177646637,0.9788097739219666,0.007290840148925781,0.7500826120376587,0.021190226078033447,-1.9109702110290527,-174.5089111328125,-178.43777465820312,1.9109702110290527,-0.9472684264183044,0.33587154746055603,44000,-0.1377364695072174,-0.007125315256416798,-0.8024066686630249,0.04739046096801758,-0.0027853697538375854,0.29126644134521484,19502.146484375,843.4105834960938,-12616.30078125
20251022_154155.379891,0.9923166632652283,0.2568197250366211,0.9780240058898926,0.0076833367347717285,0.7431802749633789,0.021975994110107422,-1.6469428539276123,-175.32354736328125,-178.6087646484375,1.6469428539276123,-0.6609774827957153,0.30630138516426086,44000,-0.14284396171569824,-0.007384312339127064,-0.5107492208480835,0.049941688776016235,-0.0026880374643951654,0.2590477466583252,19322.6875,850.8768920898438,-11043.69140625
20251022_154155.390753,0.9918652772903442,0.26346513628959656,0.9776055216789246,0.008134722709655762,0.736534833908081,0.02239447832107544,-1.505219578742981,-178.05726623535156,-179.9650421142578,1.505219578742981,-0.42522937059402466,0.34820520877838135,44000,-0.14556410908699036,-0.007650535088032484,-0.2720147371292114,0.05287569761276245,-0.0025852201506495476,0.2979147434234619,19149.90625,858.2755126953125,-10632.658203125
20251022_154155.400230,0.9916200041770935,0.2708892524242401,0.9768421649932861,0.008379995822906494,0.7291107177734375,0.023157835006713867,-1.582464337348938,-178.41683959960938,-179.90496826171875,1.582464337348938,-0.6546316146850586,0.21387235820293427,44000,-0.15052592754364014,-0.007923848927021027,-0.496181845664978,0.05446997284889221,-0.0024778745137155056,0.1618802547454834,18956.87890625,865.6036987304688,-11878.5859375
20251022_154155.411155,0.9910239577293396,0.27744346857070923,0.9768696427345276,0.0089760422706604,0.7225565314292908,0.023130357265472412,27.38100814819336,-2.113266944885254,-179.84768676757812,15.0,-0.14068837463855743,0.449369877576828,44000,-0.15034732222557068,-0.008201578631997108,0.0178605318069458,0.0583442747592926,-0.0023650601506233215,0.3933906555175781,18786.470703125,872.862060546875,-10486.74609375
20251022_154155.420875,0.9906769394874573,0.28618037700653076,0.9751290082931519,0.009323060512542725,0.7138196229934692,0.024870991706848145,-1.5237776041030884,-178.08062744140625,-179.24844360351562,1.5237776041030884,-1.3015633821487427,0.28738582134246826,44000,-0.16166144609451294,-0.008489586412906647,-1.131412386894226,0.06059989333152771,-0.002246116055175662,0.22903203964233398,18559.310546875,880.0439453125,-13979.0537109375
20251022_154155.430240,0.9904398918151855,0.294351726770401,0.9739425182342529,0.009560108184814453,0.7056483030319214,0.02605748176574707,-1.9021531343460083,-175.1246795654297,-178.90301513671875,1.9021531343460083,-0.9493873119354248,0.21646879613399506,44000,-0.16937363147735596,-0.008795157074928284,-0.7712185382843018,0.062140703201293945,-0.0021233754232525826,0.15645146369934082,18346.85546875,887.1412963867188,-13074.1591796875
20251022_154155.440558,0.9899387955665588,0.30224600434303284,0.9729971289634705,0.010061204433441162,0.6977540254592896,0.02700287103652954,-2.0388553142547607,-175.58888244628906,-178.85140991210938,2.0388553142547607,-0.7991352081298828,0.3941255211830139,44000,-0.17551866173744202,-0.009113519452512264,-0.614503026008606,0.06539782881736755,-0.0019958368502557278,0.33072352409362793,18141.603515625,894.1582641601562,-12630.84375
20251022_154155.450862,0.9895942807197571,0.3093910217285156,0.9726603627204895,0.01040571928024292,0.6906089782714844,0.027339637279510498,-1.528957724571228,-178.23428344726562,-179.93136596679688,1.528957724571228,-0.4060452878475189,0.29315418004989624,44000,-0.17770764231681824,-0.009439574554562569,-0.21889805793762207,0.06763717532157898,-0.001862801960669458,0.22737979888916016,17955.833984375,901.10009765625,-11432.02734375
20251022_154155.460772,0.9887340664863586,0.31885895133018494,0.9711146354675293,0.011265933513641357,0.6811410188674927,0.028885364532470703,-1.0831210613250732,-171.11874389648438,-177.23452758789062,1.0831210613250732,-1.2022545337677002,0.6392480134963989,44000,-0.18775486946105957,-0.00977692473679781,-1.0047227144241333,0.07322856783866882,-0.0017219361616298556,0.5677413940429688,17709.66796875,907.9588623046875,-15148.6875
20251022_154155.470433,0.9887835383415222,0.32630836963653564,0.9704580903053284,0.011216461658477783,0.6736916303634644,0.02954190969467163,-2.021806240081787,-175.2107391357422,-178.46290588378906,2.021806240081787,-0.6289042830467224,0.03867977485060692,44000,-0.1920224130153656,-0.01012748759239912,-0.426754355430603,0.07290700078010559,-0.0015758005902171135,-0.032651424407958984,17515.982421875,914.7330322265625,-11919.0693359375
20251022_154155.480235,0.9884225130081177,0.33374932408332825,0.9701676368713379,0.011577486991882324,0.6662507057189941,0.02983236312866211,-1.7000740766525269,-178.28067016601562,-179.839599609375,1.7000740766525269,-0.39318883419036865,0.312102735042572,44000,-0.1939103603363037,-0.010483733378350735,-0.18879473209381104,0.07525366544723511,-0.0014276399742811918,0.23827672004699707,17322.517578125,921.4327392578125,-11905.52734375
20251022_154155.490968,0.9878007769584656,0.34213095903396606,0.9692897200584412,0.012199223041534424,0.6578690409660339,0.030710279941558838,-1.799028754234314,-178.82174682617188,-179.3575897216797,1.799028754234314,-0.7811097502708435,0.48836764693260193,44000,-0.19961681962013245,-0.01084698922932148,-0.5706459283828735,0.07929494976997375,-0.0012730913003906608,0.41034579277038574,17104.595703125,928.0533447265625,-13410.6162109375
20251022_154155.500749,0.9876312017440796,0.35036444664001465,0.9685510993003845,0.01236879825592041,0.6496355533599854,0.03144890069961548,-1.7082535028457642,-178.4947052001953,-179.9076690673828,1.7082535028457642,-0.6957412958145142,0.19120343029499054,44000,-0.2044178545475006,-0.011219944804906845,-0.4801034927368164,0.08039718866348267,-0.001113399164751172,0.11191964149475098,16890.5234375,934.5908203125,-13173.580078125
20251022_154155.510895,0.9870680570602417,0.35906320810317993,0.9675866365432739,0.0129319429397583,0.6409367918968201,0.032413363456726074,-1.7913237810134888,-178.5078125,-179.55690002441406,1.7913237810134888,-0.8491907715797424,0.45478418469429016,44000,-0.21068686246871948,-0.011603117920458317,-0.6269007921218872,0.08405762910842896,-0.0009489443618804216,0.3716754913330078,16664.357421875,941.043701171875,-13918.0185546875
20251022_154155.520875,0.9866530299186707,0.36746180057525635,0.966685950756073,0.013346970081329346,0.6325381994247437,0.033314049243927,-1.5181626081466675,-178.24798583984375,179.97994995117188,1.5181626081466675,-0.8139845728874207,0.35989508032798767,44000,-0.2165413200855255,-0.011997482739388943,-0.585445761680603,0.08675530552864075,-0.0007781314780004323,0.27391791343688965,16445.994140625,947.4110717773438,-13437.748046875
20251022_154155.530244,0.9862976670265198,0.3762572705745697,0.9658563137054443,0.013702332973480225,0.6237426996231079,0.034143686294555664,-2.007171869277954,-178.75350952148438,-179.96517944335938,2.007171869277954,-0.7736002802848816,0.3230023682117462,44000,-0.22193396091461182,-0.012402229011058807,-0.5392640829086304,0.08906516432762146,-0.0006023109890520573,0.23453950881958008,16217.310546875,953.6925048828125,-14072.751953125
20251022_154155.540783,0.9858839511871338,0.3850518763065338,0.9649462699890137,0.014116048812866211,0.6149481534957886,0.03505373001098633,-1.7256466150283813,-178.73692321777344,179.65179443359375,1.7256466150283813,-0.8321951031684875,0.3643852770328522,44000,-0.22784924507141113,-0.012817413546144962,-0.5915284156799316,0.09175431728363037,-0.00042149150976911187,0.273052453994751,15988.6513671875,959.8859252929688,-14071.369140625
20251022_154155.550519,0.9854375720024109,0.3940216302871704,0.964034914970398,0.014562427997589111,0.6059783697128296,0.03596508502960205,-1.72030770778656,-178.56410217285156,179.96861267089844,1.72030770778656,-0.8393973708152771,0.38903096318244934,43869,-0.23377305269241333,-0.013243526220321655,-0.5923807621002197,0.09465578198432922,-0.00023508140293415636,0.29461026191711426,15755.4375,965.9906005859375,-14351.6064453125
20251022_154155.560877,0.9850823283195496,0.4030647575855255,0.9631163477897644,0.01491767168045044,0.5969352722167969,0.036883652210235596,-1.7563763856887817,-178.36814880371094,179.855224609375,1.7563763856887817,-0.8504930138587952,0.33138224482536316,43523,-0.23974373936653137,-0.013680619187653065,-0.5970686674118042,0.09696486592292786,-4.3460757296998054e-05,0.23446083068847656,15520.31640625,972.005126953125,-14469.00390625
20251022_154155.570822,0.984527051448822,0.4121648371219635,0.9622576832771301,0.015472948551177979,0.5878351926803589,0.03774231672286987,-1.7878892421722412,-178.62596130371094,-179.83096313476562,1.7878892421722412,-0.8175853490829468,0.467210978269577,43201,-0.24532505869865417,-0.014128374867141247,-0.5581319332122803,0.10057416558265686,0.00015407826867885888,0.3664827346801758,15283.7138671875,977.9290161132812,-14560.126953125
20251022_154155.580280,0.9843078851699829,0.42134928703308105,0.9614092707633972,0.01569211483001709,0.578650712966919,0.03859072923660278,-1.8209891319274902,-178.35682678222656,179.96910095214844,1.8209891319274902,-0.8168942332267761,0.2470051348209381,42833,-0.2508397400379181,-0.01458637323230505,-0.5514681339263916,0.10199874639511108,0.0003566511732060462,0.14464974403381348,15044.9189453125,983.7614135742188,-14695.1201171875
20251022_154155.591016,0.9838104248046875,0.43063637614250183,0.9604769349098206,0.0161895751953125,0.5693635940551758,0.03952306509017944,-1.6928118467330933,-178.16049194335938,179.99742126464844,1.6928118467330933,-0.8779732584953308,0.43411996960639954,42433,-0.2568999230861664,-0.015055055730044842,-0.6060183048248291,0.10523223876953125,0.0005638821749016643,0.3283238410949707,14803.4541015625,989.5015258789062,-14859.3427734375
20251022_154155.600488,0.983511745929718,0.4399387538433075,0.9595943093299866,0.016488254070281982,0.5600612163543701,0.04040569067001343,-1.5898267030715942,-177.93780517578125,179.8084716796875,1.5898267030715942,-0.8518782258033752,0.30507799983024597,42172,-0.2626369893550873,-0.015534628182649612,-0.5737066268920898,0.10717365145683289,0.0007762880413793027,0.1971280574798584,14561.5927734375,995.1486206054688,-14883.8046875
20251022_154155.611136,0.9828948974609375,0.4494733512401581,0.9586375951766968,0.0171051025390625,0.5505266189575195,0.04136240482330322,-1.9685282707214355,-178.4871826171875,179.73976135253906,1.9685282707214355,-0.9067450761795044,0.5192977786064148,41559,-0.26885563135147095,-0.01602523773908615,-0.6218641996383667,0.11118316650390625,0.0009946448262780905,0.4071199893951416,14313.6923828125,1000.7015380859375,-15255.35546875
20251022_154155.620600,0.9826955199241638,0.45886218547821045,0.957783579826355,0.01730448007583618,0.5411378145217896,0.04221642017364502,-1.4272338151931763,-178.39219665527344,178.9105224609375,1.4272338151931763,-0.8460434079170227,0.24528659880161285,41553,-0.2744067311286926,-0.016526710242033005,-0.555109977722168,0.11247912049293518,0.0012183071812614799,0.13158917427062988,14069.5830078125,1006.159912109375,-15022.134765625
20251022_154155.630484,0.9822148680686951,0.46857231855392456,0.9569202065467834,0.01778513193130493,0.5314276814460754,0.04307979345321655,-1.7219887971878052,-178.74917602539062,179.80902099609375,1.7219887971878052,-0.8582497835159302,0.4342799782752991,40792,-0.2800186574459076,-0.017038486897945404,-0.5611926317214966,0.11560335755348206,0.0014463895931839943,0.317230224609375,13817.1201171875,1011.522705078125,-15536.212890625
20251022_154155.640695,0.98182612657547,0.47816774249076843,0.9560534358024597,0.01817387342453003,0.5218322277069092,0.04394656419754028,-1.582210659980774,-178.3883056640625,179.49057006835938,1.582210659980774,-0.8666142821311951,0.37637969851493835,40731,-0.28565266728401184,-0.017560645937919617,-0.5634009838104248,0.11813017725944519,0.0016801231540739536,0.25656938552856445,13567.638671875,1016.7890014648438,-15352.6787109375
20251022_154155.650440,0.9813724756240845,0.48812171816825867,0.9553176164627075,0.018627524375915527,0.511878252029419,0.04468238353729248,-2.2148075103759766,-178.1043243408203,179.43634033203125,2.2148075103759766,-0.7868104577064514,0.422407865524292,39904,-0.2904354929924011,-0.01809241808950901,-0.4782825708389282,0.12107890844345093,0.0019193323096260428,0.2994096279144287,13308.8349609375,1021.9575805664062,-15926.361328125
20251022_154155.660807,0.9810054898262024,0.49793508648872375,0.9543063044548035,0.018994510173797607,0.5020649433135986,0.04569369554519653,-1.6501579284667969,-178.20916748046875,179.69259643554688,1.6501579284667969,-0.9729964733123779,0.3678388297557831,39879,-0.29700902104377747,-0.018634675070643425,-0.6573528051376343,0.12346431612968445,0.0021638753823935986,0.24221062660217285,13053.6875,1027.0272216796875,-15701.3896484375
20251022_154155.670742,0.9806941747665405,0.5078005194664001,0.9534341096878052,0.019305825233459473,0.49219948053359985,0.046565890312194824,-1.8647159337997437,-178.897705078125,179.6253662109375,1.8647159337997437,-0.8887931108474731,0.3333686292171478,39544,-0.30267828702926636,-0.019188232719898224,-0.5669265985488892,0.12548786401748657,0.0024128276854753494,0.20546793937683105,12797.1865234375,1031.9986572265625,-15784.6923828125
20251022_154155.680848,0.9802744388580322,0.51776123046875,0.9524652361869812,0.019725561141967773,0.48223876953125,0.0475347638130188,-1.5297377109527588,-178.60671997070312,179.7613067626953,1.5297377109527588,-0.9584965705871582,0.4079083800315857,39137,-0.3089759647846222,-0.01975283771753311,-0.6297677755355835,0.12821614742279053,0.0026665315963327885,0.2770256996154785,12538.2080078125,1036.870849609375,-15937.1376953125
20251022_154155.690652,0.9799197912216187,0.5278739929199219,0.951561450958252,0.020080208778381348,0.4721260070800781,0.04843854904174805,-1.8344416618347168,-178.6767120361328,179.68739318847656,1.8344416618347168,-0.9226396679878235,0.36751407384872437,38636,-0.3148505687713623,-0.02032867632806301,-0.5874603986740112,0.13052135705947876,0.0029252690728753805,0.23406744003295898,12275.2763671875,1041.642578125,-16180.419921875
20251022_154155.701026,0.9795058369636536,0.5379180908203125,0.950631320476532,0.020494163036346436,0.4620819091796875,0.04936867952346802,-1.5937118530273438,-178.30723571777344,-179.94866943359375,1.5937118530273438,-0.9463967680931091,0.4096108675003052,38489,-0.3208964169025421,-0.020915519446134567,-0.604584813117981,0.13321205973625183,0.0031890026293694973,0.273209810256958,12014.1298828125,1046.3135986328125,-16070.556640625
20251022_154155.710783,0.9789116382598877,0.547877848148346,0.9499593377113342,0.021088361740112305,0.45212215185165405,0.05004066228866577,-2.1025614738464355,-178.19564819335938,179.85330200195312,2.1025614738464355,-0.783565104007721,0.532704770565033,38370,-0.3252643048763275,-0.021511975675821304,-0.43678879737854004,0.13707435131072998,0.0034592889714986086,0.39217114448547363,11755.17578125,1050.8846435546875,-15935.611328125
20251022_154155.721035,0.9788302183151245,0.558207631111145,0.9488632678985596,0.02116978168487549,0.441792368888855,0.05113673210144043,-1.4414935111999512,-178.5117645263672,179.9567413330078,1.4414935111999512,-1.066953182220459,0.19507470726966858,37514,-0.3323887586593628,-0.02211903966963291,-0.7124453783035278,0.13760358095169067,0.003733966965228319,0.05373716354370117,11486.6015625,1055.354248046875,-16527.65234375
20251022_154155.730786,0.9784685969352722,0.5681699514389038,0.9479809403419495,0.021531403064727783,0.4318300485610962,0.05201905965805054,-1.3523627519607544,-178.60682678222656,179.4265899658203,1.3523627519607544,-0.9343747496604919,0.3826357424259186,37847,-0.3381238877773285,-0.022737976163625717,-0.5735129117965698,0.1399541199207306,0.0040115248411893845,0.23867011070251465,11227.5810546875,1059.722412109375,-15939.712890625
20251022_154155.740720,0.9781649708747864,0.5782026052474976,0.947091817855835,0.021835029125213623,0.42179739475250244,0.05290818214416504,-1.5843441486358643,-178.6989288330078,179.46778869628906,1.5843441486358643,-0.9452003240585327,0.3466143012046814,37478,-0.34390318393707275,-0.023367539048194885,-0.5779296159744263,0.14192768931388855,0.004293406382203102,0.2003931999206543,10966.732421875,1063.990478515625,-16052.24609375
20251022_154155.750673,0.9776120185852051,0.5880544185638428,0.9463831782341003,0.022387981414794922,0.4119455814361572,0.05361682176589966,-1.6411365270614624,-178.49002075195312,179.48098754882812,1.6411365270614624,-0.8331317901611328,0.5150512456893921,37515,-0.3485093414783478,-0.024006688967347145,-0.46061575412750244,0.145521879196167,0.004580855835229158,0.3649485111236572,10710.5849609375,1068.1591796875,-15762.9013671875
20251022_154155.760863,0.9774144291877747,0.598059892654419,0.9454383254051208,0.022585570812225342,0.40194010734558105,0.05456167459487915,-1.64437997341156,-178.9303741455078,179.24066162109375,1.64437997341156,-0.993461012840271,0.28208839893341064,37013,-0.3546508848667145,-0.02465575933456421,-0.6141543388366699,0.14680621027946472,0.004873184021562338,0.13040900230407715,10450.4423828125,1072.2286376953125,-16008.7587890625
20251022_154155.770941,0.9770928025245667,0.6081441640853882,0.9445992112159729,0.02290719747543335,0.3918558359146118,0.0554007887840271,-1.5303256511688232,-179.06968688964844,179.41610717773438,1.5303256511688232,-0.9308449029922485,0.3663392663002014,36629,-0.36010512709617615,-0.025315534323453903,-0.545424222946167,0.14889678359031677,0.005168887320905924,0.21227359771728516,10188.251953125,1076.1976318359375,-16134.833984375
20251022_154155.780672,0.976786196231842,0.6180747151374817,0.943787157535553,0.02321380376815796,0.3819252848625183,0.05621284246444702,-1.5036503076553345,-178.87901306152344,179.25852966308594,1.5036503076553345,-0.9192035794258118,0.35871854424476624,36621,-0.36538347601890564,-0.025985216721892357,-0.5278348922729492,0.15088972449302673,0.005468673538416624,0.2023601531982422,9930.0576171875,1080.0665283203125,-15888.8818359375
20251022_154155.790830,0.976509153842926,0.6279325485229492,0.9429438710212708,0.023490846157073975,0.3720674514770508,0.05705612897872925,-1.5099025964736938,-179.0505828857422,179.38006591796875,1.5099025964736938,-0.9456658959388733,0.3413107395172119,36485,-0.3708648383617401,-0.02666483074426651,-0.5481362342834473,0.15269050002098083,0.005772253964096308,0.1828479766845703,9673.75390625,1083.8365478515625,-15772.533203125
20251022_154155.800725,0.9761203527450562,0.6376772522926331,0.9421283602714539,0.023879647254943848,0.36232274770736694,0.05787163972854614,-1.3645122051239014,-178.7885284423828,179.1114501953125,1.3645122051239014,-0.9336020350456238,0.41790658235549927,36416,-0.3761656582355499,-0.027354396879673004,-0.5300819873809814,0.155217707157135,0.00608016224578023,0.2566087245941162,9420.3916015625,1087.5084228515625,-15591.5263671875
20251022_154155.810965,0.9758527874946594,0.6474941372871399,0.9411678314208984,0.024147212505340576,0.3525058627128601,0.05883216857910156,-1.4438737630844116,-179.0966033935547,179.222900390625,1.4438737630844116,-1.0348074436187744,0.3399422764778137,36049,-0.38240909576416016,-0.02805461920797825,-0.624343752861023,0.15695688128471375,0.006392336450517178,0.17659306526184082,9165.15234375,1091.0826416015625,-15707.015625
20251022_154155.820999,0.9755482077598572,0.6572219729423523,0.9403873682022095,0.024451792240142822,0.3427780270576477,0.05961263179779053,-1.3648700714111328,-179.40679931640625,179.35403442382812,1.3648700714111328,-0.9235484600067139,0.3666675090789795,36000,-0.3874821066856384,-0.02876528911292553,-0.5073010921478271,0.15893664956092834,0.00670823035761714,0.20102262496948242,8912.228515625,1094.5589599609375,-15564.537109375
20251022_154155.830603,0.9752448797225952,0.6669448018074036,0.9394775032997131,0.024755120277404785,0.33305519819259644,0.060522496700286865,-1.2765318155288696,-179.4074249267578,179.34266662597656,1.2765318155288696,-1.0142945051193237,0.3681328594684601,36000,-0.3933962285518646,-0.029486099258065224,-0.5914121866226196,0.1609082818031311,0.007028074935078621,0.2001965045928955,8659.435546875,1097.9381103515625,-15556.5263671875
20251022_154155.840565,0.9748682975769043,0.6764016151428223,0.9386954307556152,0.025131702423095703,0.32359838485717773,0.061304569244384766,-1.3720942735671997,-179.2090301513672,179.66839599609375,1.3720942735671997,-0.9370439052581787,0.4192526340484619,36000,-0.398479700088501,-0.030217060819268227,-0.5083471536636353,0.16335606575012207,0.007352339569479227,0.24854421615600586,8413.5576171875,1101.221435546875,-15130.9013671875
20251022_154155.851075,0.9747408628463745,0.6859005093574524,0.937934398651123,0.02525913715362549,0.3140994906425476,0.06206560134887695,-1.4859085083007812,-178.81997680664062,179.2711181640625,1.4859085083007812,-0.9290545582771301,0.25597119331359863,36000,-0.4034264087677002,-0.030957283452153206,-0.4946708679199219,0.16418439149856567,0.007679880131036043,0.0841069221496582,8166.5869140625,1104.409912109375,-15198.23046875
20251022_154155.860583,0.9742967486381531,0.6952061057090759,0.9370443820953369,0.025703251361846924,0.3047938942909241,0.06295561790466309,-1.4255051612854004,-178.7111358642578,179.5741424560547,1.4255051612854004,-1.0194296836853027,0.46819764375686646,36000,-0.40921151638031006,-0.031707409769296646,-0.5785107612609863,0.167071133852005,0.008011135272681713,0.29311537742614746,7924.64111328125,1107.50439453125,-14888.9541015625
20251022_154155.870814,0.9742259979248047,0.7043582201004028,0.9363712668418884,0.025774002075195312,0.29564177989959717,0.06362873315811157,-1.33683180809021,-178.02456665039062,179.06214904785156,1.33683180809021,-0.8835785984992981,0.2225722223520279,36000,-0.4135867655277252,-0.032466914504766464,-0.4375249147415161,0.16753101348876953,0.008345737121999264,0.04669547080993652,7686.68603515625,1110.506591796875,-14643.3828125
20251022_154155.880621,0.9738762974739075,0.7136655449867249,0.93558269739151,0.02612370252609253,0.28633445501327515,0.06441730260848999,-1.1336792707443237,-178.86839294433594,179.32589721679688,1.1336792707443237,-0.9645177721977234,0.4092894494533539,36000,-0.41871246695518494,-0.03323519229888916,-0.5125701427459717,0.16980406641960144,0.00868307240307331,0.23080229759216309,7444.69580078125,1113.41650390625,-14891.7197265625
20251022_154155.890742,0.9736992716789246,0.7226458191871643,0.9347355365753174,0.02630072832107544,0.2773541808128357,0.06526446342468262,-1.1593409776687622,-178.63108825683594,179.46359252929688,1.1593409776687622,-1.0088868141174316,0.2968156039714813,36000,-0.424219012260437,-0.034013282507658005,-0.5506545305252075,0.17095473408699036,0.009023831225931644,0.1168370246887207,7211.20849609375,1116.23486328125,-14368.4384765625
20251022_154155.900676,0.9733685851097107,0.7315521240234375,0.933959424495697,0.026631414890289307,0.2684478759765625,0.06604057550430298,-1.2677249908447266,-179.2917022705078,179.42127990722656,1.2677249908447266,-0.9685376882553101,0.40072521567344666,36000,-0.42926374077796936,-0.03480111435055733,-0.5044728517532349,0.1731041967868805,0.009367890655994415,0.21825313568115234,6979.64453125,1118.9638671875,-14250.087890625
20251022_154155.911003,0.9730983972549438,0.740290641784668,0.9331656098365784,0.026901602745056152,0.25970935821533203,0.06683439016342163,-1.225989580154419,-178.8780975341797,179.3602752685547,1.225989580154419,-0.9860014319419861,0.3629002571105957,36000,-0.4344235360622406,-0.03559836372733116,-0.515979528427124,0.174860417842865,0.009715855121612549,0.17832398414611816,6752.443359375,1121.604736328125,-13981.62890625
20251022_154155.921007,0.9728878736495972,0.7489355802536011,0.9323297142982483,0.027112126350402832,0.2510644197463989,0.06767028570175171,-1.258324384689331,-178.9281768798828,179.17236328125,1.258324384689331,-1.0195943117141724,0.325241357088089,36000,-0.4398568570613861,-0.03640539199113846,-0.5433320999145508,0.1762288212776184,0.010066944174468517,0.1389455795288086,6527.6748046875,1124.1585693359375,-13831.9013671875
20251022_154155.930177,0.9726352095603943,0.7574127316474915,0.9316264986991882,0.027364790439605713,0.24258726835250854,0.06837350130081177,-1.146296501159668,-178.785400390625,178.89874267578125,1.146296501159668,-0.938739538192749,0.3550504744052887,36000,-0.4444277584552765,-0.03722165524959564,-0.4570901393890381,0.17787113785743713,0.010421044193208218,0.16675829887390137,6307.26904296875,1126.6268310546875,-13563.4423828125
20251022_154155.940740,0.9724051356315613,0.7658979892730713,0.9308695793151855,0.02759486436843872,0.2341020107269287,0.06913042068481445,-1.215282678604126,-178.9295196533203,178.89193725585938,1.215282678604126,-0.9793919920921326,0.34199368953704834,36000,-0.44934773445129395,-0.03804667666554451,-0.4919975996017456,0.17936661839485168,0.010778281837701797,0.15184879302978516,6086.65234375,1129.01025390625,-13576.412109375
20251022_154155.950327,0.9722462892532349,0.7743022441864014,0.9301047921180725,0.027753710746765137,0.22569775581359863,0.06989520788192749,-1.093652367591858,-178.93406677246094,178.9071807861328,1.093652367591858,-0.9903113842010498,0.2963757812976837,36000,-0.4543188512325287,-0.038880832493305206,-0.4971116781234741,0.1803991198539734,0.011138048022985458,0.10483860969543457,5868.1416015625,1131.309326171875,-13446.8076171875
20251022_154155.960742,0.9719663858413696,0.7823759317398071,0.929443359375,0.02803361415863037,0.21762406826019287,0.070556640625,-1.2228281497955322,-178.73773193359375,179.17703247070312,1.2228281497955322,-0.9282729625701904,0.37845540046691895,36000,-0.4586181640625,-0.03972354158759117,-0.42993128299713135,0.1822184920310974,0.011500664986670017,0.1847362518310547,5658.2255859375,1133.52587890625,-12917.900390625
20251022_154155.971089,0.971612811088562,0.7903794050216675,0.9286343455314636,0.02838718891143799,0.20962059497833252,0.07136565446853638,-1.1825594902038574,-178.6607208251953,179.6253204345703,1.1825594902038574,-1.030310869216919,0.4297434687614441,36000,-0.46387675404548645,-0.04057507589459419,-0.525858998298645,0.18451672792434692,0.011867400258779526,0.23335933685302734,5450.13525390625,1135.662109375,-12805.5576171875
20251022_154155.980165,0.9715366363525391,0.7981482744216919,0.9281248450279236,0.028463363647460938,0.2018517255783081,0.07187515497207642,-1.20427668094635,-178.76991271972656,179.32435607910156,1.20427668094635,-0.8397983312606812,0.24752411246299744,36000,-0.4671885073184967,-0.04143451899290085,-0.3311753273010254,0.1850118637084961,0.01223692949861288,0.050275325775146484,5248.14501953125,1137.719482421875,-12430.19140625
20251022_154155.990837,0.9713202714920044,0.805816650390625,0.9273965358734131,0.028679728507995605,0.194183349609375,0.07260346412658691,-1.0000160932540894,-178.92984008789062,178.97116088867188,1.0000160932540894,-0.9876248836517334,0.341827392578125,36000,-0.47192251682281494,-0.042301394045352936,-0.47340095043182373,0.18641823530197144,0.012608359567821026,0.14280080795288086,5048.76708984375,1139.6995849609375,-12269.4013671875
20251022_154156.000162,0.9711056351661682,0.8134594559669495,0.9267284274101257,0.028894364833831787,0.18654054403305054,0.07327157258987427,-1.061032772064209,-179.06356811523438,178.90162658691406,1.061032772064209,-0.9537123441696167,0.3424559235572815,36000,-0.47626522183418274,-0.043176643550395966,-0.4342705011367798,0.18781337141990662,0.012982591055333614,0.14165997505187988,4850.05419921875,1141.603271484375,-12228.4892578125
20251022_154156.010732,0.9709662199020386,0.821021556854248,0.9260140657424927,0.029033780097961426,0.17897844314575195,0.07398593425750732,-0.8766516447067261,-178.70950317382812,178.91714477539062,0.8766516447067261,-0.9893038272857666,0.2940927743911743,36000,-0.4809085726737976,-0.04406018927693367,-0.4643350839614868,0.18871957063674927,0.013359123840928078,0.09201407432556152,4653.439453125,1143.430908203125,-12099.361328125
20251022_154156.020773,0.970731794834137,0.8284898400306702,0.925259530544281,0.029268205165863037,0.17151015996932983,0.074740469455719,-0.9921916723251343,-178.61863708496094,179.24517822265625,0.9921916723251343,-1.0212135314941406,0.3587019741535187,36000,-0.48581305146217346,-0.04495254531502724,-0.49044787883758545,0.19024333357810974,0.013738086447119713,0.15472054481506348,4459.26416015625,1145.183349609375,-11949.2529296875
20251022_154156.031017,0.9706101417541504,0.8357735276222229,0.9245492219924927,0.02938985824584961,0.1642264723777771,0.07545077800750732,-0.889355480670929,-178.52391052246094,179.52857971191406,0.889355480670929,-0.9979842901229858,0.2854444682598114,36000,-0.4904300570487976,-0.045853693038225174,-0.46170055866241455,0.19103407859802246,0.014119364321231842,0.0802910327911377,4269.88818359375,1146.8619384765625,-11653.900390625
20251022_154156.040705,0.9704082608222961,0.8427333831787109,0.9238896369934082,0.029591739177703857,0.15726661682128906,0.0761103630065918,-0.9211786985397339,-178.16488647460938,179.09991455078125,0.9211786985397339,-0.9702106714248657,0.34009045362472534,36000,-0.4947173595428467,-0.04676305875182152,-0.4287302494049072,0.19234630465507507,0.014502744190394878,0.1332414150238037,4088.93212890625,1148.469482421875,-11135.7685546875
20251022_154156.050707,0.9702620506286621,0.8496812582015991,0.9232836365699768,0.02973794937133789,0.15031874179840088,0.0767163634300232,-0.7963306307792664,-178.17726135253906,179.00071716308594,0.7963306307792664,-0.9402366876602173,0.30468377470970154,36000,-0.49865636229515076,-0.047680020332336426,-0.3939002752304077,0.1932966709136963,0.01488838717341423,0.09649872779846191,3908.287353515625,1150.00732421875,-11116.599609375
20251022_154156.060819,0.9700194001197815,0.8564186096191406,0.9226110577583313,0.029980599880218506,0.14358139038085938,0.0773889422416687,-0.8869778513908386,-178.5901336669922,178.69728088378906,0.8869778513908386,-0.9888089895248413,0.3702997863292694,36000,-0.503028154373169,-0.04860465228557587,-0.4371762275695801,0.1948738992214203,0.015276557765901089,0.16014933586120605,3733.1162109375,1151.4769287109375,-10779.7626953125
20251022_154156.070873,0.9698706865310669,0.8630992770195007,0.9220152497291565,0.030129313468933105,0.13690072298049927,0.0779847502708435,-0.8315098881721497,-178.9300537109375,178.692626953125,0.8315098881721497,-0.9437130093574524,0.3096587657928467,36000,-0.5069009065628052,-0.049536895006895065,-0.38727521896362305,0.19584053754806519,0.015667272731661797,0.09815096855163574,3559.418701171875,1152.8792724609375,-10689.0673828125
20251022_154156.080868,0.9697064161300659,0.8697221875190735,0.921419620513916,0.030293583869934082,0.1302778124809265,0.07858037948608398,-1.0065436363220215,-178.83653259277344,178.8670196533203,1.0065436363220215,-0.948407769203186,0.32138678431510925,36000,-0.5107724666595459,-0.05047628656029701,-0.38715898990631104,0.19690829515457153,0.01606002077460289,0.10841846466064453,3387.22314453125,1154.2152099609375,-10596.6572265625
20251022_154156.091028,0.9696393013000488,0.8761531114578247,0.9207870364189148,0.030360698699951172,0.12384688854217529,0.0792129635810852,-0.9596629738807678,-178.68215942382812,179.02134704589844,0.9596629738807678,-0.9774869680404663,0.2580946087837219,36000,-0.5148842334747314,-0.05142304673790932,-0.41117966175079346,0.19734454154968262,0.016454273834824562,0.0442957878112793,3220.01904296875,1155.48583984375,-10289.478515625
20251022_154156.101016,0.9694534540176392,0.882444441318512,0.9201048016548157,0.03054654598236084,0.11755555868148804,0.07989519834518433,-1.0119366645812988,-178.52537536621094,179.07321166992188,1.0119366645812988,-1.0151491165161133,0.3380619287490845,36000,-0.5193188190460205,-0.052377693355083466,-0.4434525966644287,0.19855254888534546,0.016850171610713005,0.12265920639038086,3056.444580078125,1156.6927490234375,-10066.1279296875
20251022_154156.110826,0.9692792296409607,0.8885475397109985,0.9194490909576416,0.030720770359039307,0.11145246028900146,0.0805509090423584,-0.9398742318153381,-178.91949462890625,179.19247436523438,0.9398742318153381,-1.0031331777572632,0.3319215178489685,36000,-0.5235809087753296,-0.0533403716981411,-0.426211953163147,0.1996850073337555,0.017248408868908882,0.11498808860778809,2897.763916015625,1157.837890625,-9764.95703125
20251022_154156.121453,0.9690037965774536,0.894432008266449,0.9189634919166565,0.030996203422546387,0.10556799173355103,0.0810365080833435,-0.8723393678665161,-179.0665283203125,179.26849365234375,0.8723393678665161,-0.8966865539550781,0.40091070532798767,36000,-0.5267373323440552,-0.0543098971247673,-0.3156393766403198,0.2014753222465515,0.017649568617343903,0.18178582191467285,2744.767822265625,1158.9229736328125,-9415.1494140625
20251022_154156.130685,0.9689534902572632,0.9004231095314026,0.9183006286621094,0.031046509742736816,0.09957689046859741,0.08169937133789062,-1.010990858078003,-179.01336669921875,179.2923126220703,1.010990858078003,-1.01719331741333,0.2530573308467865,36000,-0.5310459136962891,-0.055286310613155365,-0.43086111545562744,0.2018023133277893,0.0180528461933136,0.033202171325683594,2588.999267578125,1159.94873046875,-9585.76171875
20251022_154156.140830,0.9688884019851685,0.9062713384628296,0.9177439212799072,0.031111598014831543,0.09372866153717041,0.08225607872009277,-0.9432657957077026,-178.75730895996094,179.18104553222656,0.9432657957077026,-0.9527943730354309,0.26364052295684814,36000,-0.534664511680603,-0.056270044296979904,-0.3618597984313965,0.20222538709640503,0.018456874415278435,0.04295825958251953,2436.9453125,1160.9151611328125,-9357.166015625
20251022_154156.150805,0.968765914440155,0.9119167327880859,0.9171496033668518,0.03123408555984497,0.08808326721191406,0.0828503966331482,-0.9116812348365784,-178.66354370117188,179.10198974609375,0.9116812348365784,-0.9820948839187622,0.3027254641056061,36000,-0.5385276079177856,-0.05726068094372749,-0.38630664348602295,0.2030215561389923,0.018862120807170868,0.0808417797088623,2290.1650390625,1161.82421875,-9032.630859375
20251022_154156.160855,0.9686618447303772,0.9174041748046875,0.9165500402450562,0.0313381552696228,0.0825958251953125,0.08344995975494385,-0.7125508785247803,-178.49075317382812,179.051025390625,0.7125508785247803,-0.9903992414474487,0.2916528582572937,36030,-0.542424738407135,-0.05825848504900932,-0.3897160291671753,0.20369800925254822,0.019268840551376343,0.06868600845336914,2147.491455078125,1162.6776123046875,-8779.9072265625
20251022_154156.170973,0.9685721397399902,0.9228399991989136,0.9159396290779114,0.031427860260009766,0.07716000080108643,0.08406037092208862,-0.871768593788147,-178.67959594726562,179.07505798339844,0.871768593788147,-1.0024231672286987,0.2831632196903229,36000,-0.5463924407958984,-0.05926354601979256,-0.396767258644104,0.20428109169006348,0.019676819443702698,0.05920529365539551,2006.1600341796875,1163.4764404296875,-8697.3193359375
20251022_154156.180661,0.96839439868927,0.9281651377677917,0.9153603315353394,0.03160560131072998,0.07183486223220825,0.08463966846466064,-0.805201530456543,-178.42276000976562,179.3103790283203,0.805201530456543,-0.9869769811630249,0.3428320288658142,36011,-0.5501578450202942,-0.06027574837207794,-0.37654340267181396,0.20543640851974487,0.020086538046598434,0.1173090934753418,1867.7064208984375,1164.221435546875,-8520.2216796875
20251022_154156.190684,0.9682047963142395,0.933364748954773,0.9147819876670837,0.0317952036857605,0.06663525104522705,0.08521801233291626,-0.6775052547454834,-178.5948028564453,178.386474609375,0.6775052547454834,-0.9911354780197144,0.35230502486228943,36078,-0.5539170503616333,-0.06129489466547966,-0.3759235143661499,0.20666882395744324,0.020498642697930336,0.1251375675201416,1732.5164794921875,1164.913818359375,-8319.3779296875
20251022_154156.200724,0.968232274055481,0.9382675886154175,0.9143278002738953,0.03176772594451904,0.06173241138458252,0.08567219972610474,-0.9251624345779419,-178.9070281982422,178.98704528808594,0.9251624345779419,-0.9144113659858704,0.20926670730113983,36426,-0.5568692684173584,-0.06232023239135742,-0.29522180557250977,0.20649021863937378,0.020911801606416702,-0.01813530921936035,1605.042724609375,1165.5555419921875,-7844.54345703125
20251022_154156.210876,0.9680889248847961,0.9431291222572327,0.9137911200523376,0.03191107511520386,0.056870877742767334,0.08620887994766235,-0.6686483025550842,-179.06031799316406,178.98675537109375,0.6686483025550842,-0.9725514054298401,0.3233581483364105,36366,-0.5603576898574829,-0.06335151940584183,-0.34884214401245117,0.20742198824882507,0.021325714886188507,0.09461045265197754,1478.642822265625,1166.1485595703125,-7778.45361328125
20251022_154156.220380,0.9680140614509583,0.9478562474250793,0.9132856130599976,0.03198593854904175,0.052143752574920654,0.08671438694000244,-0.6781079769134521,-178.9578857421875,179.09396362304688,0.6781079769134521,-0.9566121101379395,0.279059499502182,36459,-0.5636435151100159,-0.06438905745744705,-0.32857954502105713,0.20790860056877136,0.021741043776273727,0.04940986633300781,1355.737548828125,1166.6937255859375,-7563.400390625
20251022_154156.230889,0.9679209589958191,0.9525597095489502,0.9127227663993835,0.03207904100418091,0.047440290451049805,0.08727723360061646,-0.7002851366996765,-178.9402313232422,179.11373901367188,0.7002851366996765,-0.9985853433609009,0.2921188473701477,36375,-0.5673019886016846,-0.06543301045894623,-0.3658503293991089,0.2085137665271759,0.022157467901706696,0.0614476203918457,1233.447509765625,1167.191650390625,-7525.53955078125
20251022_154156.241287,0.9677925109863281,0.9571391344070435,0.9121578931808472,0.032207489013671875,0.04286086559295654,0.08784210681915283,-0.6955406069755554,-179.09320068359375,179.2541046142578,0.6955406069755554,-1.0046249628067017,0.31669968366622925,36454,-0.5709736943244934,-0.06648372858762741,-0.367167592048645,0.2093486785888672,0.02257532998919487,0.08477568626403809,1114.3824462890625,1167.64306640625,-7327.07958984375
20251022_154156.250661,0.9676867127418518,0.9616585969924927,0.9116204380989075,0.03231328725814819,0.038341403007507324,0.08837956190109253,-0.4780079126358032,-178.86724853515625,178.58712768554688,0.4780079126358032,-0.9913539886474609,0.3028579354286194,36433,-0.5744671821594238,-0.06754105538129807,-0.3493458032608032,0.21003636717796326,0.022994713857769966,0.06982684135437012,996.87646484375,1168.049072265625,-7231.14013671875
20251022_154156.260925,0.9676409363746643,0.965880811214447,0.9111570715904236,0.03235906362533569,0.03411918878555298,0.08884292840957642,-0.7124218344688416,-178.6170654296875,179.35037231445312,0.7124218344688416,-0.9472716450691223,0.26396140456199646,36799,-0.5774790048599243,-0.06860438734292984,-0.30118823051452637,0.210333913564682,0.023415084928274155,0.03021240234375,887.0989379882812,1168.411376953125,-6755.54296875
20251022_154156.270703,0.9675999879837036,0.9699322581291199,0.910706639289856,0.03240001201629639,0.030067741870880127,0.08929336071014404,-0.40630242228507996,-178.6939697265625,178.9592742919922,0.40630242228507996,-0.942861020565033,0.2614620327949524,36968,-0.5804068446159363,-0.06967321038246155,-0.2927809953689575,0.2106000781059265,0.02383601851761341,0.027025938034057617,781.7612915039062,1168.732421875,-6482.31494140625
20251022_154156.280276,0.9673998951911926,0.9740579128265381,0.9101569056510925,0.03260010480880737,0.025942087173461914,0.08984309434890747,-0.4505968689918518,-179.63710021972656,178.1316375732422,0.4505968689918518,-1.0120550394058228,0.3682204484939575,36742,-0.5839800834655762,-0.07074803113937378,-0.357326865196228,0.21190068125724792,0.02425851859152317,0.13206124305725098,674.4942626953125,1169.012451171875,-6601.04736328125
20251022_154156.290730,0.9674986004829407,0.9779080152511597,0.9098102450370789,0.032501399517059326,0.022091984748840332,0.09018975496292114,-0.6591522693634033,-179.56358337402344,178.8817901611328,0.6591522693634033,-0.8833910226821899,0.170795276761055,37083,-0.586233377456665,-0.07182822376489639,-0.22532939910888672,0.21125909686088562,0.024681679904460907,-0.06514549255371094,574.3916015625,1169.2525634765625,-6160.1640625
20251022_154156.300130,0.967351496219635,0.9819181561470032,0.9092918634414673,0.03264850378036499,0.018081843852996826,0.09070813655853271,-0.4763021171092987,-179.2817840576172,178.48318481445312,0.4763021171092987,-0.9994645118713379,0.334409236907959,36723,-0.5896028876304626,-0.07291360944509506,-0.336948037147522,0.21221527457237244,0.025105154141783714,0.09708881378173828,470.1279296875,1169.4534912109375,-6416.2255859375
20251022_154156.310839,0.9672890901565552,0.9857209920883179,0.9087374806404114,0.032710909843444824,0.014279007911682129,0.09126251935958862,-0.26442819833755493,-178.3417205810547,179.2799072265625,0.26442819833755493,-1.0275605916976929,0.27933889627456665,36956,-0.5932064056396484,-0.07400543242692947,-0.36034882068634033,0.21262091398239136,0.02552998997271061,0.04118800163269043,371.25421142578125,1169.615234375,-6084.53759765625
20251022_154156.320749,0.9672006368637085,0.989446759223938,0.908418595790863,0.032799363136291504,0.010553240776062012,0.09158140420913696,-0.6222320795059204,-178.13992309570312,179.16671752929688,0.6222320795059204,-0.8776567578315735,0.2975308299064636,36982,-0.5952790975570679,-0.07510250061750412,-0.2072751522064209,0.21319586038589478,0.02595580741763115,0.058379173278808594,274.3842468261719,1169.7393798828125,-5961.2275390625
20251022_154156.330278,0.9672305583953857,0.9928480386734009,0.9078838229179382,0.03276944160461426,0.007151961326599121,0.09211617708206177,-0.448027104139328,-178.4601593017578,179.2420654296875,0.448027104139328,-1.0225621461868286,0.21963515877723694,37413,-0.5987551212310791,-0.07620468735694885,-0.34760236740112305,0.21300137042999268,0.026382002979516983,-0.019748210906982422,185.95098876953125,1169.8280029296875,-5442.046875
20251022_154156.341162,0.9671473503112793,0.9961290955543518,0.9074884057044983,0.0328526496887207,0.0038709044456481934,0.09251159429550171,-0.2333962768316269,-179.0049285888672,178.86793518066406,0.2333962768316269,-0.9356589913368225,0.29526811838150024,37520,-0.6013253927230835,-0.07731245458126068,-0.2570211887359619,0.21354222297668457,0.026808546856045723,0.054917335510253906,100.64351654052734,1169.883056640625,-5249.69091796875
20251022_154156.350730,0.9670491814613342,0.9993302822113037,0.9071206450462341,0.03295081853866577,0.0006697177886962891,0.09287935495376587,-0.4282224178314209,-179.51951599121094,178.95347595214844,0.4282224178314209,-0.9211850166320801,0.3062080442905426,37565,-0.6037157773971558,-0.07842479646205902,-0.2390444278717041,0.21418032050132751,0.027236269786953926,0.06479144096374512,17.412662506103516,1169.90576171875,-5121.8984375
20251022_154156.360763,0.9668833613395691,1.0026215314865112,0.9067270755767822,0.03311663866043091,-0.0026215314865112305,0.09327292442321777,-0.5405767560005188,-179.41372680664062,179.10960388183594,0.5405767560005188,-0.9416358470916748,0.3523651361465454,37335,-0.6062740087509155,-0.07954171299934387,-0.2558201551437378,0.2152581512928009,0.02766570821404457,0.10944128036499023,-68.15982055664062,1169.89599609375,-5265.9990234375
20251022_154156.371275,0.9669809341430664,1.005994439125061,0.9062379598617554,0.033019065856933594,-0.005994439125061035,0.09376204013824463,-0.2963368892669678,-179.10452270507812,179.22677612304688,0.2963368892669678,-1.0080424547195435,0.1783214658498764,37117,-0.6094532608985901,-0.08066391944885254,-0.31792521476745605,0.21462392807006836,0.028095589950680733,-0.06439805030822754,-155.8554229736328,1169.8529052734375,-5396.65234375
20251022_154156.381275,0.9669067859649658,1.009110450744629,0.9057633876800537,0.03309321403503418,-0.009110450744628906,0.09423661231994629,-0.14122244715690613,-178.4877166748047,179.1896209716797,0.14122244715690613,-1.002801775932312,0.29256901144981384,37447,-0.6125379800796509,-0.08179191499948502,-0.3084719181060791,0.21510589122772217,0.028525320813059807,0.04893779754638672,-236.87171936035156,1169.77734375,-4985.61865234375
20251022_154156.391084,0.9668222069740295,1.01216459274292,0.9054216146469116,0.03317779302597046,-0.012164592742919922,0.09457838535308838,-0.30548328161239624,-178.1425323486328,179.8574981689453,0.30548328161239624,-0.9198367595672607,0.300433874130249,37466,-0.6147595047950745,-0.08292480558156967,-0.2221524715423584,0.21565565466880798,0.028956081718206406,0.055822134017944336,-316.2794189453125,1169.6710205078125,-4886.626953125
20251022_154156.400837,0.9666346311569214,1.0149933099746704,0.9049814939498901,0.03336536884307861,-0.01499330997467041,0.09501850605010986,-0.23088160157203674,-178.04421997070312,179.17288208007812,0.23088160157203674,-0.9877611398696899,0.37006354331970215,37753,-0.6176202893257141,-0.08406238257884979,-0.28607845306396484,0.216874897480011,0.029388612136244774,0.12380003929138184,-389.8260498046875,1169.5352783203125,-4525.94775390625
20251022_154156.411801,0.9666101932525635,1.0177438259124756,0.9046424627304077,0.03338980674743652,-0.017743825912475586,0.09535753726959229,-0.22760005295276642,-178.46530151367188,179.73419189453125,0.22760005295276642,-0.9253989458084106,0.2629852890968323,37807,-0.6198239922523499,-0.08520463854074478,-0.22037029266357422,0.2170337438583374,0.029822520911693573,0.016129016876220703,-461.3394775390625,1169.37158203125,-4400.82568359375
20251022_154156.420888,0.9664623737335205,1.020400881767273,0.9042760729789734,0.03353762626647949,-0.02040088176727295,0.09572392702102661,-0.14234523475170135,-179.29605102539062,178.63919067382812,0.14234523475170135,-0.9467099905014038,0.34581300616264343,37887,-0.6222054958343506,-0.08635112643241882,-0.238153338432312,0.2179945707321167,0.03025754913687706,0.09756088256835938,-530.4229125976562,1169.1807861328125,-4251.28955078125
20251022_154156.431049,0.9666090607643127,1.02294921875,0.9039492607116699,0.033390939235687256,-0.02294921875,0.09605073928833008,-0.15260235965251923,179.7648468017578,178.9985809326172,0.15260235965251923,-0.9242595434188843,0.15092025697231293,37994,-0.6243298053741455,-0.08750177919864655,-0.21242797374725342,0.21704110503196716,0.030692584812641144,-0.09681344032287598,-596.6796875,1168.964111328125,-4077.339111328125
20251022_154156.440881,0.9665918350219727,1.0254260301589966,0.9036783576011658,0.033408164978027344,-0.025426030158996582,0.09632164239883423,-0.3503282070159912,179.93243408203125,178.77662658691406,0.3503282070159912,-0.8908337354660034,0.2596488296985626,38044,-0.6260906457901001,-0.08865600824356079,-0.17608702182769775,0.21715307235717773,0.031126778572797775,0.011368989944458008,-661.0767822265625,1168.72216796875,-3962.898193359375
20251022_154156.450952,0.9664292335510254,1.0280359983444214,0.9033098220825195,0.03357076644897461,-0.028035998344421387,0.09669017791748047,-0.2571345269680023,-179.53173828125,178.85948181152344,0.2571345269680023,-0.957848310470581,0.357089102268219,37763,-0.628486156463623,-0.08981408178806305,-0.23954808712005615,0.21820998191833496,0.031562142074108124,0.10731697082519531,-728.9359741210938,1168.454833984375,-4175.94921875
20251022_154156.461028,0.9663822650909424,1.0306806564331055,0.9028333425521851,0.03361773490905762,-0.03068065643310547,0.09716665744781494,-0.19638708233833313,-178.955322265625,179.4904327392578,0.19638708233833313,-1.032272219657898,0.2815133333206177,37639,-0.6315832734107971,-0.09097722172737122,-0.3097116947174072,0.2185152769088745,0.03199886903166771,0.030999183654785156,-797.6970825195312,1168.1612548828125,-4231.453125
20251022_154156.471071,0.9665014147758484,1.0331614017486572,0.9025322794914246,0.03349858522415161,-0.03316140174865723,0.09746772050857544,-0.16854535043239594,-178.35214233398438,179.6160125732422,0.16854535043239594,-0.9213762283325195,0.1715371310710907,37836,-0.633540153503418,-0.09214502573013306,-0.19569098949432373,0.21774080395698547,0.03243512287735939,-0.07863879203796387,-862.1964721679688,1167.842041015625,-3969.1923828125
20251022_154156.481058,0.9663974642753601,1.0356416702270508,0.9022188186645508,0.03360253572463989,-0.03564167022705078,0.09778118133544922,-0.08079049736261368,-178.32675170898438,179.18228149414062,0.08079049736261368,-0.932643711566925,0.31989508867263794,37772,-0.6355776786804199,-0.09331652522087097,-0.20374953746795654,0.2184164822101593,0.03287127986550331,0.06860733032226562,-926.6834106445312,1167.498046875,-3968.4296875
20251022_154156.491055,0.9664031863212585,1.0378295183181763,0.9019259214401245,0.033596813678741455,-0.03782951831817627,0.09807407855987549,-0.17503978312015533,-178.45162963867188,179.59194946289062,0.17503978312015533,-0.922356367111206,0.24791081249713898,38183,-0.6374815106391907,-0.09449165314435959,-0.1903831958770752,0.21837928891181946,0.03330807760357857,-0.00377655029296875,-983.5675048828125,1167.1307373046875,-3500.556884765625
20251022_154156.500867,0.9662413597106934,1.0398669242858887,0.9016709327697754,0.03375864028930664,-0.03986692428588867,0.09832906723022461,-0.1247006207704544,-178.52955627441406,179.5781707763672,0.1247006207704544,-0.9005516171455383,0.35998260974884033,38370,-0.63913893699646,-0.09567007422447205,-0.1657426357269287,0.21943116188049316,0.033745888620615005,0.10680556297302246,-1036.5400390625,1166.7421875,-3259.849609375
20251022_154156.510734,0.9663549065589905,1.0420645475387573,0.901391327381134,0.03364509344100952,-0.042064547538757324,0.09860867261886597,-0.2401287704706192,-179.13409423828125,179.35403442382812,0.2401287704706192,-0.9195515513420105,0.17793619632720947,38056,-0.6409564018249512,-0.09685169905424118,-0.18174350261688232,0.2186931073665619,0.034184012562036514,-0.07494091987609863,-1093.67822265625,1166.3326416015625,-3516.197265625
20251022_154156.520817,0.9663171172142029,1.044110894203186,0.9010117053985596,0.03368288278579712,-0.044110894203186035,0.09898829460144043,-0.16378003358840942,-178.97203063964844,179.68321228027344,0.16378003358840942,-0.9882155060768127,0.27850136160850525,38244,-0.6434239149093628,-0.09803728014230728,-0.24675428867340088,0.21893873810768127,0.034621644765138626,0.024940967559814453,-1146.88330078125,1165.9017333984375,-3274.15478515625
20251022_154156.530672,0.9662660360336304,1.0461676120758057,0.9007529020309448,0.03373396396636963,-0.046167612075805664,0.09924709796905518,-0.028925562277436256,-178.7458953857422,179.68869018554688,0.028925562277436256,-0.9125550389289856,0.28804418444633484,38174,-0.6451061367988586,-0.0992266908288002,-0.16822218894958496,0.2192707657814026,0.035059854388237,0.033713579177856445,-1200.35791015625,1165.4503173828125,-3290.74853515625
20251022_154156.540958,0.9662081599235535,1.0483702421188354,0.9003578424453735,0.03379184007644653,-0.04837024211883545,0.09964215755462646,0.07260613888502121,-178.7917022705078,179.2801055908203,-0.07260613888502121,-1.0048828125,0.2933439612388611,37883,-0.647674024105072,-0.1004200279712677,-0.2567887306213379,0.21964696049690247,0.03549877181649208,0.038198232650756836,-1257.6263427734375,1164.9776611328125,-3524.2080078125
20251022_154156.550757,0.966026246547699,1.0501103401184082,0.900154173374176,0.033973753452301025,-0.0501103401184082,0.09984582662582397,-0.034687340259552,-178.41018676757812,179.89517211914062,0.034687340259552,-0.8829997181892395,0.3768314719200134,38577,-0.6489979028701782,-0.10161695629358292,-0.13238489627838135,0.22082939743995667,0.03593924641609192,0.12006282806396484,-1302.868896484375,1164.4852294921875,-2784.15673828125
20251022_154156.561189,0.9660183191299438,1.0519801378250122,0.8999518156051636,0.03398168087005615,-0.05198013782501221,0.10004818439483643,-0.015298077836632729,-178.58517456054688,179.69471740722656,0.015298077836632729,-0.8846620917320251,0.26249396800994873,38320,-0.6503131985664368,-0.10281632095575333,-0.13153254985809326,0.220880925655365,0.03638095781207085,0.005232095718383789,-1351.483642578125,1163.9747314453125,-2991.67626953125
20251022_154156.570946,0.9659423232078552,1.0538206100463867,0.8996559977531433,0.034057676792144775,-0.05382061004638672,0.10034400224685669,0.08275070041418076,-178.95150756835938,178.90216064453125,-0.08275070041418076,-0.9485362768173218,0.3083554208278656,38319,-0.6522359848022461,-0.1040186733007431,-0.1922816038131714,0.22137489914894104,0.03682321310043335,0.05015730857849121,-1399.3358154296875,1163.44580078125,-2944.755615234375
20251022_154156.580801,0.9660705924034119,1.0555864572525024,0.8994106650352478,0.033929407596588135,-0.05558645725250244,0.1005893349647522,0.022481027990579605,-179.4123992919922,178.99346923828125,-0.022481027990579605,-0.9185212254524231,0.17314860224723816,38392,-0.6538306474685669,-0.10522427409887314,-0.15946626663208008,0.22054114937782288,0.03726512938737869,-0.08465766906738281,-1445.2479248046875,1162.898681640625,-2825.35546875
20251022_154156.590691,0.9658843874931335,1.0571849346160889,0.8991679549217224,0.034115612506866455,-0.05718493461608887,0.10083204507827759,-0.01963219977915287,-179.45257568359375,179.69517517089844,0.01963219977915287,-0.9196026921272278,0.38235414028167725,38617,-0.6554082632064819,-0.10643280297517776,-0.1577615737915039,0.22175148129463196,0.03770742192864418,0.1228952407836914,-1486.808349609375,1162.3348388671875,-2557.563720703125
20251022_154156.600826,0.9660037159919739,1.0588704347610474,0.8990285992622375,0.03399628400802612,-0.05887043476104736,0.10097140073776245,-0.060582417994737625,-179.66415405273438,179.32521057128906,0.060582417994737625,-0.8545389175415039,0.18036918342113495,38434,-0.6563141345977783,-0.10764362663030624,-0.09058117866516113,0.2209758460521698,0.03815015032887459,-0.07875680923461914,-1530.63134765625,1161.754638671875,-2696.80029296875
20251022_154156.610771,0.965959370136261,1.0606048107147217,0.8987447619438171,0.034040629863739014,-0.06060481071472168,0.10125523805618286,-0.009291472844779491,-179.83428955078125,178.54319763183594,0.009291472844779491,-0.9515103101730347,0.2891247570514679,38310,-0.6581590175628662,-0.10885698348283768,-0.1844942569732666,0.2212640941143036,0.0385923907160759,0.029268264770507812,-1575.72509765625,1161.1572265625,-2775.00146484375
20251022_154156.620838,0.9657752513885498,1.0620789527893066,0.8984929919242859,0.034224748611450195,-0.06207895278930664,0.10150700807571411,0.044728945940732956,-179.26812744140625,179.19749450683594,-0.044728945940732956,-0.9335196018218994,0.38301536440849304,38687,-0.6597955226898193,-0.11007355898618698,-0.1636505126953125,0.22246086597442627,0.039036113768815994,0.12151837348937988,-1614.052734375,1160.5438232421875,-2358.62744140625
20251022_154156.630757,0.9657963514328003,1.0636334419250488,0.898310661315918,0.03420364856719971,-0.06363344192504883,0.10168933868408203,0.09682213515043259,-179.13992309570312,179.28916931152344,-0.09682213515043259,-0.8907883167266846,0.24787858128547668,38518,-0.6609807014465332,-0.11129273474216461,-0.11851489543914795,0.2223237156867981,0.03948089852929115,-0.013926029205322266,-1654.469482421875,1159.915283203125,-2487.1826171875
20251022_154156.640738,0.9658194184303284,1.065167784690857,0.8981350064277649,0.03418058156967163,-0.06516778469085693,0.10186499357223511,-0.05478719621896744,-178.9557647705078,179.2465362548828,0.05478719621896744,-0.8888121843338013,0.24687495827674866,38509,-0.6621224880218506,-0.11251406371593475,-0.11417567729949951,0.2221737802028656,0.03992539644241333,-0.015224218368530273,-1694.3624267578125,1159.271240234375,-2454.948486328125
20251022_154156.651113,0.9658706188201904,1.0667964220046997,0.8978890776634216,0.03412938117980957,-0.06679642200469971,0.10211092233657837,-0.03550226241350174,-178.97625732421875,178.51548767089844,0.03550226241350174,-0.9373126029968262,0.22841812670230865,38316,-0.663720965385437,-0.11373791843652725,-0.15985369682312012,0.2218409776687622,0.04036941006779671,-0.03379225730895996,-1736.70703125,1158.6114501953125,-2605.81982421875
20251022_154156.660883,0.9655211567878723,1.0684465169906616,0.8976269960403442,0.034478843212127686,-0.06844651699066162,0.10237300395965576,0.36786648631095886,-177.66465759277344,179.7664337158203,-0.36786648631095886,-0.9507424235343933,0.4955727756023407,38238,-0.6654245257377625,-0.11496482044458389,-0.17035305500030518,0.22411248087882996,0.04081536456942558,0.23064494132995605,-1779.6094970703125,1157.9351806640625,-2640.15185546875
20251022_154156.670913,0.9658254384994507,1.06960928440094,0.8975158929824829,0.034174561500549316,-0.06960928440093994,0.10248410701751709,-0.014468872919678688,-178.6466827392578,179.29283142089844,0.014468872919678688,-0.8545576333999634,0.06257033348083496,38986,-0.6661466956138611,-0.11619396507740021,-0.07221698760986328,0.22213464975357056,0.04126160964369774,-0.20082592964172363,-1809.8414306640625,1157.244873046875,-1860.4278564453125
20251022_154156.680937,0.9658041000366211,1.0710561275482178,0.8973244428634644,0.034195899963378906,-0.07105612754821777,0.10267555713653564,-0.028848908841609955,-178.28712463378906,179.33103942871094,0.028848908841609955,-0.9092586040496826,0.27806276082992554,38494,-0.6673911213874817,-0.11742492020130157,-0.12444257736206055,0.2222733497619629,0.04170601814985275,0.014083385467529297,-1847.4593505859375,1156.5416259765625,-2314.948974609375
20251022_154156.690765,0.9657487273216248,1.0724239349365234,0.8971502184867859,0.034251272678375244,-0.07242393493652344,0.10284978151321411,0.016473039984703064,-178.0555877685547,179.62210083007812,-0.016473039984703064,-0.900427520275116,0.30133017897605896,38584,-0.6685235500335693,-0.11865807324647903,-0.11324584484100342,0.2226332724094391,0.04215092584490776,0.03654599189758301,-1883.0223388671875,1155.82421875,-2188.49169921875
20251022_154156.700689,0.9656360149383545,1.073866367340088,0.896940290927887,0.03436398506164551,-0.07386636734008789,0.10305970907211304,0.05917573720216751,-178.2153778076172,179.09371948242188,-0.05917573720216751,-0.9262345433235168,0.34035301208496094,38426,-0.6698881387710571,-0.11989352852106094,-0.13645291328430176,0.2233659029006958,0.04259692505002022,0.07439017295837402,-1920.5255126953125,1155.0927734375,-2307.891845703125
20251022_154156.710889,0.9657222628593445,1.0750665664672852,0.8967414498329163,0.03427773714065552,-0.07506656646728516,0.10325855016708374,0.13248008489608765,-178.32273864746094,179.36636352539062,-0.13248008489608765,-0.9215587377548218,0.20892475545406342,38782,-0.6711806058883667,-0.12113144248723984,-0.12924671173095703,0.22280529141426086,0.043043095618486404,-0.056923627853393555,-1951.730712890625,1154.3480224609375,-1920.318603515625
20251022_154156.720737,0.9655760526657104,1.0762473344802856,0.8965581655502319,0.03442394733428955,-0.07624733448028564,0.10344183444976807,0.08900590240955353,-178.49465942382812,179.5986328125,-0.08900590240955353,-0.913878321647644,0.3637440502643585,38781,-0.6723719239234924,-0.12237164378166199,-0.11913478374481201,0.22375565767288208,0.04348965734243393,0.09649872779846191,-1982.4306640625,1153.591552734375,-1889.228759765625
20251022_154156.730710,0.9655259251594543,1.0774661302566528,0.896440863609314,0.034474074840545654,-0.07746613025665283,0.10355913639068604,-0.024400627240538597,-178.6033172607422,179.6718292236328,0.024400627240538597,-0.8729943037033081,0.3011031448841095,38688,-0.6731343865394592,-0.12361364811658859,-0.07624626159667969,0.22408148646354675,0.04393749311566353,0.03308415412902832,-2014.119384765625,1152.822998046875,-1950.0732421875
20251022_154156.740797,0.9654650092124939,1.0785678625106812,0.8963380455970764,0.034534990787506104,-0.07856786251068115,0.10366195440292358,-0.03882567584514618,-178.71669006347656,179.6814422607422,0.03882567584514618,-0.8654913902282715,0.3090680241584778,38846,-0.6738027334213257,-0.12485697120428085,-0.06683170795440674,0.22447744011878967,0.04438605159521103,0.040204524993896484,-2042.764404296875,1152.042724609375,-1762.7716064453125
20251022_154156.750744,0.9654110074043274,1.0798625946044922,0.8959878087043762,0.03458899259567261,-0.07986259460449219,0.10401219129562378,0.3369064927101135,-178.98390197753906,178.6571044921875,-0.3369064927101135,-1.0298362970352173,0.30530500411987305,38503,-0.676079273223877,-0.126103013753891,-0.22765398025512695,0.22482845187187195,0.04483535885810852,0.03564119338989258,-2076.427490234375,1151.2506103515625,-2071.5712890625
20251022_154156.760725,0.9655653834342957,1.0809632539749146,0.8960492014884949,0.034434616565704346,-0.08096325397491455,0.10395079851150513,0.07534147799015045,-178.8917999267578,179.09149169921875,-0.07534147799015045,-0.7631256580352783,0.1672208458185196,38784,-0.6756801605224609,-0.1273507922887802,0.03990530967712402,0.22382500767707825,0.04528401419520378,-0.10188817977905273,-2105.044677734375,1150.446533203125,-1761.054931640625
20251022_154156.771027,0.9654704332351685,1.0821638107299805,0.8958760499954224,0.03452956676483154,-0.08216381072998047,0.10412395000457764,-0.008829114027321339,-178.91488647460938,179.37046813964844,0.008829114027321339,-0.917953372001648,0.3328416049480438,38592,-0.6768056750297546,-0.12859924137592316,-0.11254847049713135,0.22444218397140503,0.0457322783768177,0.0626671314239502,-2136.259033203125,1149.630859375,-1920.890869140625
20251022_154156.780782,0.9654924869537354,1.0833066701889038,0.8957486152648926,0.03450751304626465,-0.08330667018890381,0.10425138473510742,0.012750089168548584,-178.5518798828125,179.4337615966797,-0.012750089168548584,-0.8903160691261292,0.25592440366744995,38654,-0.6776340007781982,-0.12984949350357056,-0.08283257484436035,0.22429883480072021,0.04618101939558983,-0.01455545425415039,-2165.973388671875,1148.803466796875,-1828.5751953125
20251022_154156.791166,0.9654558897018433,1.0844826698303223,0.8955835700035095,0.03454411029815674,-0.08448266983032227,0.10441642999649048,-0.0582364983856678,-178.4421844482422,179.52792358398438,0.0582364983856678,-0.917087733745575,0.2953207492828369,38569,-0.6787067651748657,-0.13110150396823883,-0.10727941989898682,0.2245367169380188,0.046629857271909714,0.024154186248779297,-2196.54931640625,1147.964599609375,-1881.599365234375
20251022_154156.800704,0.9653707146644592,1.0857148170471191,0.8953319787979126,0.03462928533554077,-0.08571481704711914,0.1046680212020874,0.18046484887599945,-178.4086456298828,178.47206115722656,-0.18046484887599945,-0.9762324094772339,0.3283853530883789,38447,-0.6803421378135681,-0.13235601782798767,-0.1635342836380005,0.22509035468101501,0.04707948490977287,0.056215524673461914,-2228.585205078125,1147.113525390625,-1971.435546875
20251022_154156.810739,0.9653417468070984,1.0866658687591553,0.8952525854110718,0.03465825319290161,-0.08666586875915527,0.10474741458892822,0.16534209251403809,-178.3888397216797,178.55638122558594,-0.16534209251403809,-0.8660764098167419,0.2919272780418396,38871,-0.6808581948280334,-0.1336124986410141,-0.0516057014465332,0.22527864575386047,0.047529853880405426,0.019118785858154297,-2253.3125,1146.251708984375,-1521.6827392578125
20251022_154156.821002,0.9652557373046875,1.0875343084335327,0.8950808644294739,0.0347442626953125,-0.08753430843353271,0.10491913557052612,0.20868590474128723,-178.38417053222656,178.9082794189453,-0.20868590474128723,-0.9284635186195374,0.33058494329452515,38979,-0.6819744110107422,-0.1348704993724823,-0.11161863803863525,0.22583770751953125,0.04798096790909767,0.05676627159118652,-2275.89208984375,1145.380615234375,-1389.50341796875
20251022_154156.830343,0.9652037024497986,1.0884391069412231,0.8951215744018555,0.034796297550201416,-0.08843910694122314,0.10487842559814453,-0.08333813399076462,-178.7757110595703,179.24929809570312,0.08333813399076462,-0.7913775444030762,0.3089519143104553,38897,-0.6817097663879395,-0.13612928986549377,0.026461482048034668,0.2261759340763092,0.048432983458042145,0.03434300422668457,-2299.416748046875,1144.5008544921875,-1447.6776123046875
20251022_154156.840756,0.9651858806610107,1.089350938796997,0.895075261592865,0.03481411933898926,-0.08935093879699707,0.10492473840713501,-0.21516479551792145,-179.0328826904297,179.22756958007812,0.21516479551792145,-0.8495022058486938,0.2869396209716797,38861,-0.6820107698440552,-0.13738811016082764,-0.030103325843811035,0.22629177570343018,0.04888544976711273,0.011762380599975586,-2323.12451171875,1143.61181640625,-1458.930908203125
20251022_154156.850740,0.9651700258255005,1.0902154445648193,0.8949733972549438,0.03482997417449951,-0.09021544456481934,0.10502660274505615,-0.20971675217151642,-178.99330139160156,179.02406311035156,0.20971675217151642,-0.8875325322151184,0.28619715571403503,38913,-0.682672917842865,-0.13864780962467194,-0.06621181964874268,0.22639483213424683,0.04933813586831093,0.010464191436767578,-2345.6015625,1142.7139892578125,-1383.209228515625
20251022_154156.860712,0.9651567339897156,1.0910859107971191,0.894828736782074,0.034843266010284424,-0.09108591079711914,0.10517126321792603,-0.19299113750457764,-178.9821319580078,179.03016662597656,0.19299113750457764,-0.9175515174865723,0.2850448489189148,38880,-0.6836131811141968,-0.13990899920463562,-0.09402930736541748,0.22648122906684875,0.049791011959314346,0.008772611618041992,-2368.233642578125,1141.8074951171875,-1392.7459716796875
20251022_154156.870954,0.9651088714599609,1.0920771360397339,0.8946292996406555,0.03489112854003906,-0.09207713603973389,0.10537070035934448,-0.007971558719873428,-179.3274688720703,178.60626220703125,0.007971558719873428,-0.9557159543037415,0.30862587690353394,38660,-0.6849095821380615,-0.14117226004600525,-0.12963414192199707,0.2267923355102539,0.0502442866563797,0.03158926963806152,-2394.005615234375,1140.8917236328125,-1585.96044921875
20251022_154156.880671,0.9651256799697876,1.0929176807403564,0.8946089744567871,0.0348743200302124,-0.09291768074035645,0.10539102554321289,0.040321674197912216,-179.2705078125,178.57508850097656,-0.040321674197912216,-0.8406898379325867,0.266287237405777,38879,-0.6850416660308838,-0.14243681728839874,-0.013211369514465332,0.22668308019638062,0.05069776251912117,-0.011093616485595703,-2415.859619140625,1139.9666748046875,-1344.87158203125
20251022_154156.890712,0.9651350378990173,1.0937284231185913,0.894527018070221,0.034864962100982666,-0.09372842311859131,0.10547298192977905,0.12018896639347076,-179.1092071533203,178.70138549804688,-0.12018896639347076,-0.8825480341911316,0.27159708738327026,38904,-0.6855744123458862,-0.14370201528072357,-0.05327165126800537,0.22662225365638733,0.05115106701850891,-0.0061762332916259766,-2436.93896484375,1139.033447265625,-1297.187744140625
20251022_154156.900577,0.9652929902076721,1.094556450843811,0.8945982456207275,0.03470700979232788,-0.09455645084381104,0.10540175437927246,-0.11037997156381607,-179.07041931152344,178.884765625,0.11037997156381607,-0.7837807536125183,0.17295032739639282,38854,-0.685111403465271,-0.14496725797653198,0.04629790782928467,0.22559556365013123,0.0516032837331295,-0.1042485237121582,-2458.4677734375,1138.092041015625,-1324.8443603515625
20251022_154156.910963,0.9652908444404602,1.0954070091247559,0.8945289850234985,0.034709155559539795,-0.09540700912475586,0.10547101497650146,-0.12175695598125458,-179.1807403564453,178.9972381591797,0.12175695598125458,-0.8768134713172913,0.27908021211624146,38795,-0.6855615973472595,-0.1462325006723404,-0.04501938819885254,0.22560951113700867,0.05205449089407921,0.0014162063598632812,-2480.582275390625,1137.1422119140625,-1360.893310546875
20251022_154156.920795,0.9652868509292603,1.0961397886276245,0.8945207595825195,0.034713149070739746,-0.09613978862762451,0.10547924041748047,-0.14452266693115234,-179.228515625,178.9137420654297,0.14452266693115234,-0.8384597897529602,0.2807769179344177,38964,-0.685615062713623,-0.14749819040298462,-0.005346536636352539,0.22563546895980835,0.0525057353079319,0.0026357173919677734,-2499.634521484375,1136.1845703125,-1172.447265625
20251022_154156.930134,0.9653013944625854,1.0969274044036865,0.8944700956344604,0.03469860553741455,-0.09692740440368652,0.10552990436553955,-0.19495640695095062,-179.37977600097656,178.6956024169922,0.19495640695095062,-0.8676401972770691,0.2688991129398346,38854,-0.6859443783760071,-0.1487642526626587,-0.03293156623840332,0.22554093599319458,0.05295691266655922,-0.009598731994628906,-2520.112548828125,1135.2191162109375,-1260.185302734375
20251022_154156.941070,0.9653130769729614,1.0977078676223755,0.8943452835083008,0.034686923027038574,-0.09770786762237549,0.10565471649169922,-0.2052428275346756,-179.37448120117188,178.7042694091797,0.2052428275346756,-0.917914867401123,0.2711624503135681,38845,-0.6867556571960449,-0.15003135800361633,-0.08112788200378418,0.22546499967575073,0.05340791866183281,-0.007710456848144531,-2540.404541015625,1134.2459716796875,-1248.7412109375
20251022_154156.950457,0.9651651978492737,1.0985186100006104,0.8941647410392761,0.03483480215072632,-0.09851861000061035,0.10583525896072388,0.06233731657266617,-179.3329315185547,178.3704071044922,-0.06233731657266617,-0.9565820693969727,0.37788623571395874,38774,-0.6879291534423828,-0.15130029618740082,-0.11735260486602783,0.22642621397972107,0.053859807550907135,0.09760022163391113,-2561.48388671875,1133.264892578125,-1297.187744140625
20251022_154156.960697,0.9652120471000671,1.099244475364685,0.8941372632980347,0.03478795289993286,-0.09924447536468506,0.10586273670196533,0.09393620491027832,-178.92840576171875,178.44537353515625,-0.09393620491027832,-0.858538806438446,0.24951355159282684,38890,-0.6881077885627747,-0.15257048606872559,-0.0178605318069458,0.2261216938495636,0.05431235581636429,-0.03092050552368164,-2580.3564453125,1132.2760009765625,-1161.384521484375
20251022_154156.970243,0.9652586579322815,1.0999313592910767,0.8941712975502014,0.034741342067718506,-0.09993135929107666,0.10582870244979858,0.10047631710767746,-178.7174835205078,178.5132598876953,-0.10047631710767746,-0.8196049332618713,0.24981987476348877,38934,-0.6878865957260132,-0.15384063124656677,0.02212226390838623,0.2258187234401703,0.05476429685950279,-0.03076314926147461,-2598.21533203125,1131.2801513671875,-1099.0142822265625
20251022_154156.980385,0.9652716517448425,1.1006462574005127,0.8941059708595276,0.03472834825515747,-0.1006462574005127,0.10589402914047241,0.04649722948670387,-178.6623992919922,178.66636657714844,-0.04649722948670387,-0.8858845233917236,0.2723741829395294,38869,-0.6883112192153931,-0.15511097013950348,-0.04246234893798828,0.22573426365852356,0.055215850472450256,-0.008575916290283203,-2616.802734375,1130.2772216796875,-1143.8369140625
20251022_154156.990694,0.965305745601654,1.1012650728225708,0.8941429853439331,0.03469425439834595,-0.1012650728225708,0.1058570146560669,-0.13850495219230652,-178.55551147460938,178.9278106689453,0.13850495219230652,-0.8203926682472229,0.25867781043052673,39006,-0.6880705952644348,-0.15638147294521332,0.024059414863586426,0.22551265358924866,0.055667098611593246,-0.02250194549560547,-2632.891845703125,1129.2677001953125,-990.1046752929688
20251022_154157.000516,0.9653773307800293,1.1018918752670288,0.8941128253936768,0.0346226692199707,-0.10189187526702881,0.10588717460632324,-0.06649186462163925,-178.5573272705078,178.89256286621094,0.06649186462163925,-0.865522563457489,0.23391878604888916,38976,-0.6882666349411011,-0.15765194594860077,-0.019603967666625977,0.22504734992980957,0.05611765757203102,-0.04724621772766113,-2649.188720703125,1128.251953125,-1002.8839111328125
20251022_154157.010519,0.9655841588973999,1.1025596857070923,0.8941382765769958,0.0344158411026001,-0.10255968570709229,0.10586172342300415,-0.0750836730003357,-178.80223083496094,178.74366760253906,0.0750836730003357,-0.8304803967475891,0.14376281201839447,38892,-0.6881011724472046,-0.15892243385314941,0.016543269157409668,0.22370296716690063,0.05656640604138374,-0.1365065574645996,-2666.5517578125,1127.229736328125,-1068.4967041015625
20251022_154157.020188,0.9656415581703186,1.1030844449996948,0.894121527671814,0.034358441829681396,-0.10308444499969482,0.10587847232818604,-0.05659264698624611,-178.8928680419922,178.7175750732422,0.05659264698624611,-0.8592897057533264,0.24245978891849518,39106,-0.6882100701332092,-0.16019287705421448,-0.010886788368225098,0.22332987189292908,0.05701344087719917,-0.03788352012634277,-2680.195556640625,1126.201416015625,-839.6148681640625
20251022_154157.030480,0.9656949639320374,1.1036051511764526,0.8941283822059631,0.034305036067962646,-0.10360515117645264,0.10587161779403687,-0.08451768755912781,-178.89915466308594,178.48109436035156,0.08451768755912781,-0.8451734185218811,0.2451946884393692,39098,-0.688165545463562,-0.16146337985992432,0.004455447196960449,0.2229827344417572,0.0574597530066967,-0.035247802734375,-2693.73388671875,1125.16796875,-833.1298828125
20251022_154157.040554,0.9657568335533142,1.1041960716247559,0.8940794467926025,0.03424316644668579,-0.10419607162475586,0.10592055320739746,-0.18645082414150238,-178.9618682861328,178.58006286621094,0.18645082414150238,-0.8830257654190063,0.23965194821357727,38969,-0.6884835958480835,-0.16273413598537445,-0.03180801868438721,0.22258058190345764,0.05790531635284424,-0.04083395004272461,-2709.097900390625,1124.1290283203125,-945.4727172851562
20251022_154157.050275,0.9658379554748535,1.1047593355178833,0.8940698504447937,0.034162044525146484,-0.1047593355178833,0.1059301495552063,-0.21990980207920074,-178.76705932617188,178.71165466308594,0.21990980207920074,-0.8587888479232788,0.22686277329921722,38998,-0.6885459423065186,-0.16400523483753204,-0.006237626075744629,0.22205328941345215,0.05834994837641716,-0.05354046821594238,-2723.74267578125,1123.084228515625,-901.2222290039062
20251022_154157.060653,0.9658752679824829,1.1054970026016235,0.8939231634140015,0.03412473201751709,-0.10549700260162354,0.10607683658599854,0.007881741970777512,-178.8105926513672,178.1807403564453,-0.007881741970777512,-0.9501233100891113,0.2559783160686493,38698,-0.6894994378089905,-0.16527727246284485,-0.09534657001495361,0.22181075811386108,0.0587938129901886,-0.02462625503540039,-2742.922119140625,1122.032958984375,-1180.267333984375
20251022_154157.070689,0.965967059135437,1.1060189008712769,0.8938742876052856,0.03403294086456299,-0.10601890087127686,0.10612571239471436,0.02713412418961525,-178.6297149658203,178.33416748046875,-0.02713412418961525,-0.8881369233131409,0.21986879408359528,39029,-0.6898171305656433,-0.16655048727989197,-0.0317692756652832,0.22121411561965942,0.05923683941364288,-0.06058216094970703,-2756.491455078125,1120.975341796875,-835.0372314453125
20251022_154157.080297,0.9660546779632568,1.1064796447753906,0.8938519358634949,0.033945322036743164,-0.10647964477539062,0.10614806413650513,0.03495694696903229,-178.51077270507812,178.27171325683594,-0.03495694696903229,-0.8723151683807373,0.22249487042427063,39114,-0.6899623870849609,-0.1678241342306137,-0.014528632164001465,0.22064459323883057,0.05967869609594345,-0.057828426361083984,-2768.470703125,1119.912841796875,-737.1902465820312
20251022_154157.090635,0.9661441445350647,1.1069211959838867,0.8938342332839966,0.0338558554649353,-0.10692119598388672,0.10616576671600342,0.0187750943005085,-178.32437133789062,178.26785278320312,-0.0187750943005085,-0.8706821799278259,0.22113452851772308,39132,-0.6900774836540222,-0.16909801959991455,-0.01150667667388916,0.22006306052207947,0.06011940538883209,-0.05904793739318848,-2779.951171875,1118.8458251953125,-706.48193359375
20251022_154157.100628,0.9662957191467285,1.1073853969573975,0.8938196301460266,0.033704280853271484,-0.10738539695739746,0.10618036985397339,-0.04786975681781769,-178.08021545410156,178.2836456298828,0.04786975681781769,-0.8700365424156189,0.17959712445735931,39083,-0.6901724338531494,-0.1703720986843109,-0.009492039680480957,0.21907782554626465,0.06055854633450508,-0.10003924369812012,-2792.020263671875,1117.7742919921875,-742.7215576171875
20251022_154157.110427,0.9662543535232544,1.1077532768249512,0.8937206268310547,0.033745646476745605,-0.10775327682495117,0.10627937316894531,-0.07587067037820816,-177.823974609375,178.79290771484375,0.07587067037820816,-0.9268149137496948,0.3076449930667877,39226,-0.6908159255981445,-0.171646848320961,-0.06435215473175049,0.21934670209884644,0.060996972024440765,0.027301311492919922,-2801.585205078125,1116.6986083984375,-588.6077880859375
20251022_154157.120532,0.9663613438606262,1.108165979385376,0.8937370181083679,0.03363865613937378,-0.10816597938537598,0.10626298189163208,-0.14069806039333344,-177.7721710205078,178.9896697998047,0.14069806039333344,-0.8529771566390991,0.20947261154651642,39142,-0.6907093524932861,-0.17292210459709167,0.010654330253601074,0.21865126490592957,0.061434969305992126,-0.07061362266540527,-2812.3154296875,1115.6190185546875,-660.3240966796875
20251022_154157.130487,0.9664961695671082,1.1085193157196045,0.8937582969665527,0.033503830432891846,-0.10851931571960449,0.10624170303344727,-0.07710280269384384,-177.67562866210938,179.05972290039062,0.07710280269384384,-0.8509369492530823,0.19066132605075836,39227,-0.6905710697174072,-0.17419713735580444,0.013831257820129395,0.217774897813797,0.06187139451503754,-0.08898496627807617,-2821.502197265625,1114.53564453125,-565.338134765625
20251022_154157.140395,0.9667231440544128,1.1089063882827759,0.8937885165214539,0.03327685594558716,-0.10890638828277588,0.10621148347854614,-0.05717068910598755,-177.7150421142578,178.6264190673828,0.05717068910598755,-0.8462038040161133,0.1288018673658371,39162,-0.6903746128082275,-0.17547185719013214,0.01964271068572998,0.21629956364631653,0.06230546906590462,-0.14980316162109375,-2831.566162109375,1113.448486328125,-619.3161010742188
20251022_154157.150396,0.9668230414390564,1.109241247177124,0.8937853574752808,0.033176958560943604,-0.10924124717712402,0.10621464252471924,-0.07770124822854996,-177.6868438720703,178.6496124267578,0.07770124822854996,-0.8691949844360352,0.2124553769826889,39236,-0.690395176410675,-0.1767464131116867,-0.002053380012512207,0.21565023064613342,0.06273742020130157,-0.0659322738647461,-2840.2724609375,1112.3577880859375,-535.7742309570312
20251022_154157.160402,0.9669677019119263,1.1094658374786377,0.8938555717468262,0.03303229808807373,-0.1094658374786377,0.10614442825317383,-0.13740436732769012,-177.61355590820312,179.07464599609375,0.13740436732769012,-0.8223200440406799,0.18240180611610413,39405,-0.6899387836456299,-0.17802056670188904,0.0456392765045166,0.21470993757247925,0.06316778063774109,-0.09547591209411621,-2846.11181640625,1111.2642822265625,-359.344482421875
20251022_154157.170365,0.9670912027359009,1.1097575426101685,0.8938487768173218,0.03290879726409912,-0.10975754261016846,0.10615122318267822,-0.1545858234167099,-177.90170288085938,178.94065856933594,0.1545858234167099,-0.8736940026283264,0.19599303603172302,39289,-0.6899829506874084,-0.17929433286190033,-0.004416704177856445,0.2139071822166443,0.06359639763832092,-0.08151054382324219,-2853.696044921875,1110.1680908203125,-466.72821044921875
20251022_154157.180551,0.9672841429710388,1.1100265979766846,0.8938531875610352,0.03271585702896118,-0.11002659797668457,0.10614681243896484,-0.20959962904453278,-178.20001220703125,178.8709259033203,0.20959962904453278,-0.8676553964614868,0.14933547377586365,39317,-0.6899542808532715,-0.180568128824234,0.002866983413696289,0.21265307068824768,0.064022958278656,-0.12734055519104004,-2860.691650390625,1109.0692138671875,-430.48858642578125
20251022_154157.190357,0.9674291014671326,1.110284447669983,0.8938373327255249,0.03257089853286743,-0.11028444766998291,0.1061626672744751,-0.24855653941631317,-178.4400177001953,178.89810180664062,0.24855653941631317,-0.8822049498558044,0.1804855465888977,39328,-0.6900573372840881,-0.18184198439121246,-0.010305643081665039,0.2117108404636383,0.064447320997715,-0.095672607421875,-2867.395751953125,1107.9676513671875,-412.55950927734375
20251022_154157.200783,0.9675995707511902,1.1105576753616333,0.8937970399856567,0.032400429248809814,-0.1105576753616333,0.10620296001434326,-0.16793367266654968,-178.551513671875,178.94004821777344,0.16793367266654968,-0.8996257185935974,0.16296268999576569,39295,-0.6903192400932312,-0.18311618268489838,-0.02619028091430664,0.2106027901172638,0.06486963480710983,-0.11250972747802734,-2874.49951171875,1106.8634033203125,-437.164306640625
20251022_154157.210540,0.9677595496177673,1.1108301877975464,0.8937733173370361,0.032240450382232666,-0.11083018779754639,0.10622668266296387,-0.17542767524719238,-178.65113830566406,178.9872589111328,0.17542767524719238,-0.8902839422225952,0.16926667094230652,39288,-0.6904734373092651,-0.18439075350761414,-0.015419721603393555,0.20956292748451233,0.06528980284929276,-0.10558605194091797,-2881.5849609375,1105.7564697265625,-436.0198974609375
20251022_154157.220564,0.9678914546966553,1.111052393913269,0.8937873244285583,0.03210854530334473,-0.11105239391326904,0.10621267557144165,-0.2096104770898819,-178.61544799804688,178.9117889404297,0.2096104770898819,-0.8669431805610657,0.18735626339912415,39361,-0.6903823614120483,-0.18566539883613586,0.009104609489440918,0.20870554447174072,0.06570807099342346,-0.08705735206604004,-2887.3623046875,1104.6470947265625,-355.52978515625
20251022_154157.230402,0.968055009841919,1.1112669706344604,0.893764078617096,0.031944990158081055,-0.11126697063446045,0.10623592138290405,-0.23045265674591064,-178.66127014160156,178.87655639648438,0.23045265674591064,-0.8925833702087402,0.16582044959068298,39367,-0.6905335187911987,-0.18694008886814117,-0.015109777450561523,0.20764243602752686,0.06612441688776016,-0.10794639587402344,-2892.941162109375,1103.5355224609375,-343.32275390625
20251022_154157.240396,0.9680283069610596,1.1114895343780518,0.8936859965324402,0.03197169303894043,-0.11148953437805176,0.10631400346755981,-0.22597505152225494,-178.6443634033203,179.12266540527344,0.22597505152225494,-0.9300097823143005,0.2919797897338867,39347,-0.6910409927368164,-0.18821538984775543,-0.05075335502624512,0.2078160047531128,0.06653987616300583,0.0176239013671875,-2898.727783203125,1102.421630859375,-356.10198974609375
20251022_154157.250518,0.9682652950286865,1.1116887331008911,0.8937960863113403,0.03173470497131348,-0.11168873310089111,0.10620391368865967,-0.3922766447067261,-178.69387817382812,179.1609344482422,0.3922766447067261,-0.8082575798034668,0.1168174222111702,39378,-0.6903254389762878,-0.18949049711227417,0.07155835628509521,0.2062755823135376,0.06695396453142166,-0.15641212463378906,-2903.906982421875,1101.3057861328125,-318.71795654296875
20251022_154157.261043,0.9684478640556335,1.1118909120559692,0.8937743902206421,0.031552135944366455,-0.11189091205596924,0.10622560977935791,-0.4204079508781433,-178.92031860351562,179.05838012695312,0.4204079508781433,-0.895334005355835,0.1519586592912674,39367,-0.6904664635658264,-0.19076506793498993,-0.014102458953857422,0.20508888363838196,0.06736533343791962,-0.12049555778503418,-2909.163818359375,1100.1878662109375,-323.486328125
20251022_154157.270961,0.9686608910560608,1.112074375152588,0.8937895894050598,0.03133910894393921,-0.11207437515258789,0.10621041059494019,-0.3451346755027771,-179.151123046875,178.99917602539062,0.3451346755027771,-0.8725278973579407,0.13088050484657288,39391,-0.6903676986694336,-0.19203968346118927,0.009879469871520996,0.20370420813560486,0.06777412444353104,-0.14059782028198242,-2913.933837890625,1099.068115234375,-293.54095458984375
20251022_154157.280492,0.9690248370170593,1.1123100519180298,0.8938199877738953,0.030975162982940674,-0.11231005191802979,0.10618001222610474,-0.33691656589508057,-179.31951904296875,178.61656188964844,0.33691656589508057,-0.8637251853942871,0.02931339107453823,39300,-0.6901700496673584,-0.19331403076648712,0.019758939743041992,0.20133855938911438,0.0681791678071022,-0.2402043342590332,-2920.061279296875,1097.9461669921875,-377.08282470703125
20251022_154157.290456,0.969211220741272,1.1124881505966187,0.8938295245170593,0.030788779258728027,-0.11248815059661865,0.10617047548294067,-0.3355490565299988,-179.3289794921875,178.52426147460938,0.3355490565299988,-0.8784973621368408,0.14569443464279175,39387,-0.690108060836792,-0.19458812475204468,0.006198883056640625,0.20012706518173218,0.06858063489198685,-0.12301325798034668,-2924.69189453125,1096.8221435546875,-284.9578857421875
20251022_154157.300887,0.9694064259529114,1.1126668453216553,0.8938221335411072,0.030593574047088623,-0.11266684532165527,0.10617786645889282,-0.2573355734348297,-179.21482849121094,178.47232055664062,0.2573355734348297,-0.8908224701881409,0.13900241255760193,39380,-0.690156102180481,-0.19586221873760223,-0.004804134368896484,0.19885823130607605,0.06897962093353271,-0.12883543968200684,-2929.337890625,1095.6964111328125,-285.91156005859375
20251022_154157.310335,0.9696219563484192,1.1129403114318848,0.8938138484954834,0.03037804365158081,-0.11294031143188477,0.1061861515045166,-0.33285287022590637,-179.2487335205078,178.6033935546875,0.33285287022590637,-0.8927316665649414,0.1245831549167633,39220,-0.6902099847793579,-0.19713640213012695,-0.005385279655456543,0.19745728373527527,0.06937593221664429,-0.14225006103515625,-2936.447998046875,1094.568359375,-437.5457763671875
20251022_154157.320466,0.9698614478111267,1.1131620407104492,0.8938277959823608,0.03013855218887329,-0.11316204071044922,0.10617220401763916,-0.2830793261528015,-179.13967895507812,178.64865112304688,0.2830793261528015,-0.8794640302658081,0.10760551691055298,39296,-0.6901193261146545,-0.19841055572032928,0.009065866470336914,0.1959005892276764,0.06976929306983948,-0.1580643653869629,-2942.213134765625,1093.4378662109375,-354.766845703125
20251022_154157.330357,0.9700626134872437,1.1133646965026855,0.8938167691230774,0.029937386512756348,-0.11336469650268555,0.10618323087692261,-0.27698075771331787,-179.0648956298828,178.77047729492188,0.27698075771331787,-0.8970431685447693,0.1319834440946579,39320,-0.6901910305023193,-0.19968467950820923,-0.007167458534240723,0.19459301233291626,0.07015978544950485,-0.13276934623718262,-2947.482177734375,1092.30517578125,-324.249267578125
20251022_154157.340506,0.9703022837638855,1.1135495901107788,0.8938209414482117,0.029697716236114502,-0.11354959011077881,0.10617905855178833,-0.1801740527153015,-178.9477081298828,178.94400024414062,0.1801740527153015,-0.888410747051239,0.10540018230676651,39343,-0.6901638507843018,-0.20095886290073395,0.0027120113372802734,0.19303515553474426,0.07054740935564041,-0.15818238258361816,-2952.289306640625,1091.170654296875,-295.82977294921875
20251022_154157.350179,0.9705309867858887,1.1136882305145264,0.89384526014328,0.029469013214111328,-0.11368823051452637,0.10615473985671997,-0.1759289652109146,-178.7465057373047,179.02113342285156,0.1759289652109146,-0.8764315247535706,0.11153658479452133,39412,-0.6900057792663574,-0.20223286747932434,0.015807151794433594,0.19154858589172363,0.07093199342489243,-0.15094399452209473,-2955.89404296875,1090.034423828125,-221.82464599609375
20251022_154157.360411,0.9707619547843933,1.1138166189193726,0.8938494920730591,0.02923804521560669,-0.11381661891937256,0.10615050792694092,-0.19906726479530334,-178.8116455078125,178.9488983154297,0.19906726479530334,-0.8907342553138733,0.10892200469970703,39424,-0.689978301525116,-0.2035066932439804,0.0027507543563842773,0.19004729390144348,0.07131358981132507,-0.15243887901306152,-2959.232177734375,1088.89697265625,-205.42144775390625
20251022_154157.370610,0.9708210229873657,1.1138973236083984,0.8938206434249878,0.029178977012634277,-0.11389732360839844,0.10617935657501221,-0.22340111434459686,-178.88650512695312,179.133544921875,0.22340111434459686,-0.913698136806488,0.2223716378211975,39497,-0.6901658177375793,-0.2047806680202484,-0.01875162124633789,0.1896633505821228,0.0716933012008667,-0.03898501396179199,-2961.330322265625,1087.75830078125,-129.12750244140625
20251022_154157.380280,0.9710701107978821,1.114078164100647,0.8938456773757935,0.02892988920211792,-0.11407816410064697,0.10615432262420654,-0.21513602137565613,-178.8758544921875,179.1716766357422,0.21513602137565613,-0.8797857165336609,0.09571733325719833,39331,-0.6900030970573425,-0.2060546725988388,0.01627206802368164,0.18804427981376648,0.07207100838422775,-0.1643979549407959,-2966.0322265625,1086.6185302734375,-289.34478759765625
20251022_154157.390539,0.9713335037231445,1.1142719984054565,0.8939307928085327,0.02866649627685547,-0.11427199840545654,0.10606920719146729,-0.2987441420555115,-178.79310607910156,179.21856689453125,0.2987441420555115,-0.8414528369903564,0.08493828028440475,39304,-0.6894498467445374,-0.20732802152633667,0.05532503128051758,0.18633222579956055,0.07244538515806198,-0.17383933067321777,-2971.072021484375,1085.4766845703125,-310.1348876953125
20251022_154157.400332,0.9717746376991272,1.1144517660140991,0.8940112590789795,0.028225362300872803,-0.11445176601409912,0.10598874092102051,-0.26217105984687805,-178.8530731201172,178.9699249267578,0.26217105984687805,-0.8452240824699402,-0.03486838564276695,39320,-0.6889268159866333,-0.20860035717487335,0.05230307579040527,0.18346485495567322,0.0728151872754097,-0.29114842414855957,-2975.745849609375,1084.3331298828125,-287.628173828125
20251022_154157.410841,0.9720105528831482,1.114599347114563,0.8940396308898926,0.027989447116851807,-0.11459934711456299,0.10596036911010742,-0.23962923884391785,-178.9096221923828,178.93115234375,0.23962923884391785,-0.8801727890968323,0.09940796345472336,39367,-0.6887423992156982,-0.2098720520734787,0.01844167709350586,0.18193140625953674,0.07318057864904404,-0.15570402145385742,-2979.5830078125,1083.1878662109375,-236.1297607421875
20251022_154157.420821,0.9722548723220825,1.1147243976593018,0.8940689563751221,0.02774512767791748,-0.11472439765930176,0.10593104362487793,-0.23261986672878265,-178.92486572265625,178.89894104003906,0.23261986672878265,-0.8806336522102356,0.09263535588979721,39399,-0.6885517835617065,-0.2111434042453766,0.019061565399169922,0.18034332990646362,0.07354285567998886,-0.16125082969665527,-2982.834228515625,1082.041259765625,-200.08087158203125
20251022_154157.430571,0.972518265247345,1.1148096323013306,0.8940845727920532,0.02748173475265503,-0.11480963230133057,0.10591542720794678,-0.23623055219650269,-178.7972869873047,178.82044982910156,0.23623055219650269,-0.8907141089439392,0.07869377732276917,39459,-0.688450276851654,-0.21241448819637299,0.010150671005249023,0.1786312758922577,0.07390183210372925,-0.17383933067321777,-2985.050537109375,1080.8935546875,-136.37542724609375
20251022_154157.440783,0.9727767109870911,1.114929437637329,0.894119381904602,0.027223289012908936,-0.1149294376373291,0.10588061809539795,-0.2529810965061188,-178.84825134277344,178.78042602539062,0.2529810965061188,-0.8792833685874939,0.08063460141420364,39399,-0.6882240176200867,-0.21368525922298431,0.02262592315673828,0.17695137858390808,0.07425741106271744,-0.17057418823242188,-2988.165283203125,1079.744873046875,-191.68853759765625
20251022_154157.450857,0.9729994535446167,1.1150555610656738,0.8941282629966736,0.0270005464553833,-0.11505556106567383,0.10587173700332642,-0.22284388542175293,-178.99136352539062,178.36256408691406,0.22284388542175293,-0.8973493576049805,0.10310333222150803,39385,-0.6881662607192993,-0.21495577692985535,0.005772709846496582,0.17550355195999146,0.07460986822843552,-0.14701008796691895,-2991.444580078125,1078.594970703125,-201.7974853515625
20251022_154157.460713,0.9732831716537476,1.1150976419448853,0.8941811323165894,0.02671682834625244,-0.11509764194488525,0.10581886768341064,-0.16855762898921967,-179.1266632080078,178.23931884765625,0.16855762898921967,-0.8696835041046143,0.06136446073651314,39517,-0.6878226399421692,-0.21622592210769653,0.034365057945251465,0.17365938425064087,0.07495903223752975,-0.1872539520263672,-2992.53857421875,1077.4442138671875,-67.32940673828125
20251022_154157.471351,0.9735684394836426,1.1151480674743652,0.894228458404541,0.026431560516357422,-0.11514806747436523,0.10577154159545898,-0.2178606390953064,-179.2860870361328,178.25625610351562,0.2178606390953064,-0.8742485046386719,0.05883286893367767,39501,-0.6875150203704834,-0.21749545633792877,0.0307619571685791,0.17180514335632324,0.07530449330806732,-0.1882767677307129,-2993.849853515625,1076.29296875,-80.68084716796875
20251022_154157.480853,0.9737119674682617,1.1151400804519653,0.894267201423645,0.02628803253173828,-0.11514008045196533,0.10573279857635498,-0.29811596870422363,-179.11436462402344,178.6663818359375,0.29811596870422363,-0.8808447122573853,0.15179091691970825,39594,-0.6872631907463074,-0.21876448392868042,0.02518296241760254,0.17087221145629883,0.07564717531204224,-0.09472846984863281,-2993.64208984375,1075.1414794921875,12.77923583984375
20251022_154157.490405,0.974027693271637,1.1152188777923584,0.8943204283714294,0.025972306728363037,-0.1152188777923584,0.10567957162857056,-0.31813257932662964,-178.895751953125,178.6068572998047,0.31813257932662964,-0.872352659702301,0.036427829414606094,39452,-0.6869171857833862,-0.2200329601764679,0.03459751605987549,0.16881999373435974,0.07598686218261719,-0.20837903022766113,-2995.69091796875,1073.98974609375,-126.07574462890625
20251022_154157.500440,0.9743242859840393,1.1152727603912354,0.8943893313407898,0.025675714015960693,-0.11527276039123535,0.1056106686592102,-0.37849920988082886,-178.78880310058594,178.60305786132812,0.37849920988082886,-0.8629831075668335,0.04746352881193161,39489,-0.686469316482544,-0.22130070626735687,0.044786930084228516,0.1668921411037445,0.07632257789373398,-0.19575119018554688,-2997.091796875,1072.8372802734375,-86.212158203125
20251022_154157.510403,0.9746327996253967,1.1153119802474976,0.894464373588562,0.02536720037460327,-0.11531198024749756,0.10553562641143799,-0.3354697525501251,-178.84884643554688,178.6103057861328,0.3354697525501251,-0.8597716689109802,0.03792215511202812,39510,-0.6859815716743469,-0.2225675880908966,0.04877746105194092,0.16488680243492126,0.076654352247715,-0.20361900329589844,-2998.111572265625,1071.684326171875,-62.75177001953125
20251022_154157.520597,0.9750505089759827,1.115424394607544,0.8945362567901611,0.024949491024017334,-0.11542439460754395,0.10546374320983887,-0.2861117124557495,-178.9722137451172,178.3126678466797,0.2861117124557495,-0.8626238107681274,-0.03653506562113762,39389,-0.6855143308639526,-0.2238335758447647,0.04672408103942871,0.16217169165611267,0.07698141038417816,-0.27568817138671875,-3001.0341796875,1070.5306396484375,-179.86297607421875
20251022_154157.530411,0.9753661751747131,1.1155195236206055,0.8945367932319641,0.024633824825286865,-0.11551952362060547,0.10546320676803589,-0.3466978967189789,-178.93861389160156,178.35328674316406,0.3466978967189789,-0.9102612733840942,0.029083875939249992,39413,-0.6855108737945557,-0.22509914636611938,0.00034868717193603516,0.16011986136436462,0.07730370759963989,-0.20833969116210938,-3003.507568359375,1069.3759765625,-152.2064208984375
20251022_154157.540357,0.9756501317024231,1.1155461072921753,0.8945671916007996,0.024349868297576904,-0.11554610729217529,0.10543280839920044,-0.34010568261146545,-178.97000122070312,178.35311889648438,0.34010568261146545,-0.8919188380241394,0.048484936356544495,39521,-0.6853132247924805,-0.22636452317237854,0.019758939743041992,0.15827414393424988,0.07762210071086884,-0.18741130828857422,-3004.19873046875,1068.2205810546875,-42.53387451171875
20251022_154157.550530,0.9759619235992432,1.1155657768249512,0.8946344256401062,0.024038076400756836,-0.11556577682495117,0.1053655743598938,-0.4086647629737854,-179.03475952148438,178.31396484375,0.4086647629737854,-0.8688034415245056,0.028401466086506844,39530,-0.6848762035369873,-0.22762930393218994,0.043702125549316406,0.15624749660491943,0.07793661952018738,-0.20578265190124512,-3004.710205078125,1067.0650634765625,-31.47125244140625
20251022_154157.560530,0.9762561321258545,1.115605354309082,0.8946585655212402,0.023743867874145508,-0.11560535430908203,0.10534143447875977,-0.38726145029067993,-178.8672332763672,178.3080596923828,0.38726145029067993,-0.8979219198226929,0.03840471804141998,39496,-0.6847193241119385,-0.22889354825019836,0.015690922737121582,0.1543351411819458,0.07824720442295074,-0.19417762756347656,-3005.7392578125,1065.9091796875,-63.323974609375
20251022_154157.570646,0.9765704274177551,1.1156768798828125,0.8946868777275085,0.023429572582244873,-0.1156768798828125,0.10531312227249146,-0.3443993031978607,-178.59649658203125,178.35557556152344,0.3443993031978607,-0.8962898254394531,0.023411160334944725,39442,-0.6845352649688721,-0.23015747964382172,0.018402934074401855,0.15229222178459167,0.07855383306741714,-0.20743489265441895,-3007.598876953125,1064.7528076171875,-114.44091796875
20251022_154157.580468,0.9769803285598755,1.1155877113342285,0.8947516083717346,0.02301967144012451,-0.11558771133422852,0.10524839162826538,-0.3522565960884094,-178.17276000976562,179.16885375976562,0.3522565960884094,-0.8734604716300964,-0.04205113649368286,39700,-0.6841145753860474,-0.2314208447933197,0.04207491874694824,0.14962786436080933,0.07885575294494629,-0.2705347537994385,-3005.280517578125,1063.596435546875,142.669677734375
20251022_154157.590896,0.9771483540534973,1.1155458688735962,0.8947610259056091,0.022851645946502686,-0.11554586887359619,0.10523897409439087,-0.3356234133243561,-177.84742736816406,179.4208221435547,0.3356234133243561,-0.9106156826019287,0.11679279059171677,39625,-0.6840533018112183,-0.23268376290798187,0.006121397018432617,0.14853569865226746,0.07915391772985458,-0.11089682579040527,-3004.192626953125,1062.4407958984375,66.94793701171875
20251022_154157.600851,0.9775110483169556,1.1155076026916504,0.894811749458313,0.022488951683044434,-0.11550760269165039,0.10518825054168701,-0.3477020859718323,-177.80807495117188,179.4698486328125,0.3477020859718323,-0.8846996426582336,-0.013751399703323841,39619,-0.6837236285209656,-0.23394633829593658,0.032970309257507324,0.14617818593978882,0.0794486254453659,-0.2393782138824463,-3003.19775390625,1061.2855224609375,61.22589111328125
20251022_154157.610961,0.9780479669570923,1.1154711246490479,0.8949191570281982,0.021952033042907715,-0.11547112464904785,0.10508084297180176,-0.4002614915370941,-177.9009552001953,179.30499267578125,0.4002614915370941,-0.8484185338020325,-0.1319405883550644,39616,-0.6830254793167114,-0.2352079451084137,0.06981492042541504,0.14268821477890015,0.07973749190568924,-0.3543663024902344,-3002.249267578125,1060.130615234375,58.3648681640625
20251022_154157.620892,0.9783878922462463,1.1154178380966187,0.8949861526489258,0.021612107753753662,-0.11541783809661865,0.10501384735107422,-0.3271907567977905,-178.01974487304688,179.1853790283203,0.3271907567977905,-0.8755113482475281,-0.0038513285107910633,39643,-0.6825900077819824,-0.23646850883960724,0.04354715347290039,0.1404787003993988,0.08002065867185593,-0.2243506908416748,-3000.86376953125,1058.9761962890625,85.25848388671875
20251022_154157.630460,0.9787073731422424,1.1153532266616821,0.8950299024581909,0.02129262685775757,-0.11535322666168213,0.10497009754180908,-0.35408419370651245,-177.8762969970703,179.0870361328125,0.35408419370651245,-0.8915966749191284,0.007844225503504276,39662,-0.682305634021759,-0.23772841691970825,0.028437376022338867,0.1384020745754242,0.08029954135417938,-0.21085739135742188,-2999.183837890625,1057.822265625,103.3782958984375
20251022_154157.640404,0.9790156483650208,1.1152437925338745,0.8950856924057007,0.020984351634979248,-0.11524379253387451,0.10491430759429932,-0.3066960275173187,-177.82179260253906,178.9442596435547,0.3066960275173187,-0.8846672773361206,0.01351098157465458,39735,-0.6819429993629456,-0.2389877289533615,0.036263465881347656,0.1363982856273651,0.08057434111833572,-0.2034616470336914,-2996.338623046875,1056.6693115234375,175.0946044921875
20251022_154157.650269,0.9793346524238586,1.115197777748108,0.8951367139816284,0.020665347576141357,-0.11519777774810791,0.10486328601837158,-0.3288426101207733,-178.0127716064453,179.05775451660156,0.3288426101207733,-0.8886937499046326,0.004627146292477846,39633,-0.6816113591194153,-0.24024638533592224,0.033164024353027344,0.13432475924491882,0.08084506541490555,-0.2105426788330078,-2995.142333984375,1055.51708984375,73.6236572265625
20251022_154157.660319,0.9796778559684753,1.1151835918426514,0.8951791524887085,0.020322144031524658,-0.11518359184265137,0.1048208475112915,-0.3682471215724945,-177.9814453125,179.14772033691406,0.3682471215724945,-0.8952549695968628,-0.013308918103575706,39582,-0.6813355088233948,-0.2415044903755188,0.02758502960205078,0.13209393620491028,0.08111148327589035,-0.22651433944702148,-2994.7734375,1054.365234375,22.69744873046875
20251022_154157.670257,0.9800095558166504,1.115182876586914,0.8951987624168396,0.01999044418334961,-0.11518287658691406,0.1048012375831604,-0.38144782185554504,-177.8882598876953,179.21734619140625,0.38144782185554504,-0.911223828792572,-0.007610496133565903,39559,-0.6812080144882202,-0.2427622228860855,0.012746453285217285,0.12993788719177246,0.08137352019548416,-0.21892189979553223,-2994.7548828125,1053.21337890625,1.1444091796875
20251022_154157.680304,0.9802924990653992,1.1152477264404297,0.8952564597129822,0.01970750093460083,-0.11524772644042969,0.10474354028701782,-0.3660082221031189,-177.9668426513672,179.07411193847656,0.3660082221031189,-0.8873492479324341,0.022987764328718185,39451,-0.6808329820632935,-0.2440194934606552,0.03750324249267578,0.1280987560749054,0.08163155615329742,-0.18674254417419434,-2996.44091796875,1052.061279296875,-103.759765625
20251022_154157.691046,0.9806382656097412,1.1151936054229736,0.8953345417976379,0.01936173439025879,-0.11519360542297363,0.10466545820236206,-0.32231682538986206,-177.8699493408203,178.99566650390625,0.32231682538986206,-0.8748480677604675,-0.020469142124056816,39642,-0.6803255081176758,-0.24527594447135925,0.05075335502624512,0.12585127353668213,0.08188550174236298,-0.22820591926574707,-2995.03369140625,1050.9090576171875,86.5936279296875
20251022_154157.700936,0.9808562994003296,1.1150084733963013,0.895391583442688,0.01914370059967041,-0.11500847339630127,0.10460841655731201,-0.3877401053905487,-177.939697265625,179.1257781982422,0.3877401053905487,-0.8894092440605164,0.06266754120588303,39855,-0.6799547076225281,-0.24653159081935883,0.03707706928253174,0.12443405389785767,0.08213578909635544,-0.14390230178833008,-2990.22021484375,1049.758056640625,296.21124267578125
20251022_154157.710613,0.9812475442886353,1.114905595779419,0.8954780697822571,0.018752455711364746,-0.11490559577941895,0.10452193021774292,-0.3499739170074463,-178.1060791015625,178.98829650878906,0.3499739170074463,-0.8709627985954285,-0.053948551416397095,39725,-0.6793925762176514,-0.24778637290000916,0.05621612071990967,0.12189096212387085,0.08238211274147034,-0.2582216262817383,-2987.54541015625,1048.6083984375,164.60418701171875
20251022_154157.720749,0.9817501902580261,1.1148988008499146,0.8955749869346619,0.018249809741973877,-0.11489880084991455,0.10442501306533813,-0.33658772706985474,-178.34658813476562,178.61769104003906,0.33658772706985474,-0.8648064732551575,-0.1304999440908432,39570,-0.6787625551223755,-0.24904005229473114,0.06299614906311035,0.1186237633228302,0.08262262493371964,-0.33174633979797363,-2987.368896484375,1047.45947265625,10.87188720703125
20251022_154157.730628,0.982089638710022,1.1148186922073364,0.8956596255302429,0.017910361289978027,-0.11481869220733643,0.10434037446975708,-0.2956750690937042,-178.42652893066406,178.51889038085938,0.2956750690937042,-0.8734899759292603,-0.024760959669947624,39689,-0.6782124042510986,-0.25029265880584717,0.05501508712768555,0.11641734838485718,0.08285766839981079,-0.22403597831726074,-2985.285888671875,1046.310791015625,128.173828125
20251022_154157.740886,0.9824167490005493,1.1147490739822388,0.8957095146179199,0.017583250999450684,-0.11474907398223877,0.10429048538208008,-0.28900665044784546,-178.53904724121094,178.48455810546875,0.28900665044784546,-0.8970046639442444,-0.018513282760977745,39673,-0.6778881549835205,-0.25154444575309753,0.03242790699005127,0.11429113149642944,0.08308837562799454,-0.21589279174804688,-2983.475830078125,1045.1629638671875,111.38916015625
20251022_154157.750792,0.9828435182571411,1.1144821643829346,0.8957962989807129,0.017156481742858887,-0.11448216438293457,0.10420370101928711,-0.2929675281047821,-178.3958282470703,179.17437744140625,0.2929675281047821,-0.8737096190452576,-0.08683639019727707,39994,-0.6773240566253662,-0.25279539823532104,0.05640983581542969,0.11151713132858276,0.0833141878247261,-0.28166770935058594,-2976.536376953125,1044.016845703125,427.05535888671875
20251022_154157.760441,0.9832028150558472,1.114378809928894,0.8958698511123657,0.016797184944152832,-0.11437880992889404,0.10413014888763428,-0.4035916328430176,-178.3615264892578,179.1952667236328,0.4035916328430176,-0.8830825090408325,-0.0444192998111248,39734,-0.6768459677696228,-0.25404539704322815,0.04780888557434082,0.10918170213699341,0.08353488147258759,-0.2371358871459961,-2973.84912109375,1042.87255859375,165.36712646484375
20251022_154157.771009,0.9835181832313538,1.114272117614746,0.895924985408783,0.01648181676864624,-0.1142721176147461,0.10407501459121704,-0.44890064001083374,-178.3121337890625,179.28439331054688,0.44890064001083374,-0.8959449529647827,-0.01725998893380165,39741,-0.6764875650405884,-0.2552946209907532,0.03583729267120361,0.10713180899620056,0.08375120162963867,-0.20814299583435059,-2971.074951171875,1041.729248046875,170.70770263671875
20251022_154157.780604,0.9838833808898926,1.114148497581482,0.895976185798645,0.016116619110107422,-0.11414849758148193,0.10402381420135498,-0.40321341156959534,-178.33009338378906,179.3206329345703,0.40321341156959534,-0.8994177579879761,-0.052309341728687286,39770,-0.6761547923088074,-0.25654321908950806,0.033280253410339355,0.10475802421569824,0.08396308869123459,-0.24103045463562012,-2967.86083984375,1040.587158203125,197.79205322265625
20251022_154157.790935,0.9842308163642883,1.1140429973602295,0.8960570693016052,0.01576918363571167,-0.11404299736022949,0.10394293069839478,-0.33001360297203064,-178.54774475097656,179.35256958007812,0.33001360297203064,-0.8808457851409912,-0.04263737425208092,39743,-0.6756290197372437,-0.25779104232788086,0.0525742769241333,0.10249969363212585,0.08417034894227982,-0.2293074131011963,-2965.117919921875,1039.4461669921875,168.80035400390625
20251022_154157.800683,0.9845839738845825,1.1138972043991089,0.8961983323097229,0.01541602611541748,-0.11389720439910889,0.1038016676902771,-0.35540997982025146,-178.69906616210938,179.26202392578125,0.35540997982025146,-0.8419274091720581,-0.04850674420595169,39810,-0.6747108697891235,-0.25903749465942383,0.09182095527648926,0.10020416975021362,0.08437304943799973,-0.23308396339416504,-2961.327392578125,1038.3065185546875,233.26873779296875
20251022_154157.810745,0.9849424362182617,1.1137195825576782,0.8963174223899841,0.015057563781738281,-0.11371958255767822,0.10368257761001587,-0.2654138207435608,-178.72021484375,179.2692108154297,0.2654138207435608,-0.8568106293678284,-0.05413984879851341,39864,-0.6739367246627808,-0.26028239727020264,0.0774085521697998,0.09787416458129883,0.08457113057374954,-0.23658514022827148,-2956.709228515625,1037.16845703125,284.1949462890625
20251022_154157.820873,0.985291600227356,1.1135740280151367,0.8964025974273682,0.014708399772644043,-0.11357402801513672,0.10359740257263184,-0.2754112482070923,-178.78964233398438,179.2603759765625,0.2754112482070923,-0.8795454502105713,-0.050079040229320526,39815,-0.6733831167221069,-0.26152607798576355,0.05536377429962158,0.09560459852218628,0.08476460725069046,-0.23044824600219727,-2952.9248046875,1036.031982421875,232.88726806640625
20251022_154157.830950,0.9855946898460388,1.1135151386260986,0.8964771628379822,0.014405310153961182,-0.11351513862609863,0.10352283716201782,-0.24968180060386658,-178.91429138183594,178.91551208496094,0.24968180060386658,-0.8871996998786926,-0.021450785920023918,39677,-0.6728984117507935,-0.26276880502700806,0.04846751689910889,0.09363451600074768,0.08495384454727173,-0.20003914833068848,-2951.3935546875,1034.896484375,94.2230224609375
20251022_154157.840731,0.9859820604324341,1.1134288311004639,0.8965059518814087,0.014017939567565918,-0.11342883110046387,0.10349404811859131,-0.18447978794574738,-179.0263671875,178.83619689941406,0.18447978794574738,-0.918009340763092,-0.07940938323736191,39722,-0.6727113127708435,-0.2640109062194824,0.018712878227233887,0.09111660718917847,0.08513859659433365,-0.255664587020874,-2949.149658203125,1033.7618408203125,138.092041015625
20251022_154157.850816,0.9863031506538391,1.1133744716644287,0.8966041207313538,0.013696849346160889,-0.11337447166442871,0.10339587926864624,-0.22164776921272278,-179.15310668945312,178.88906860351562,0.22164776921272278,-0.8735157251358032,-0.03757128119468689,39671,-0.672073245048523,-0.2652522325515747,0.06380975246429443,0.08902952075004578,0.08531874418258667,-0.21191954612731934,-2947.736328125,1032.6278076171875,86.97509765625
20251022_154157.860558,0.9866026639938354,1.1133418083190918,0.8966946005821228,0.01339733600616455,-0.1133418083190918,0.1033053994178772,-0.2235005646944046,-179.14700317382812,178.89547729492188,0.2235005646944046,-0.8791656494140625,-0.02510126493871212,39636,-0.6714850664138794,-0.26649245619773865,0.05881190299987793,0.08708268404006958,0.08549485355615616,-0.197678804397583,-2946.886962890625,1031.4942626953125,52.2613525390625
20251022_154157.870922,0.9869458675384521,1.113234043121338,0.8968071341514587,0.013054132461547852,-0.11323404312133789,0.10319286584854126,-0.19264458119869232,-178.99063110351562,178.7333984375,0.19264458119869232,-0.8653382658958435,-0.05599568784236908,39758,-0.6707535982131958,-0.2677314281463623,0.07314682006835938,0.08485186100006104,0.08566679060459137,-0.22651433944702148,-2944.085205078125,1030.361328125,172.42431640625
20251022_154157.880650,0.9872472286224365,1.1131219863891602,0.8969564437866211,0.012752771377563477,-0.11312198638916016,0.1030435562133789,-0.36113160848617554,-178.96888732910156,178.63587951660156,0.36113160848617554,-0.8417007327079773,-0.03017076663672924,39767,-0.6697831153869629,-0.2689688503742218,0.09705126285552979,0.0828930139541626,0.08583453297615051,-0.1988983154296875,-2941.171630859375,1029.2294921875,179.290771484375
20251022_154157.890720,0.9876141548156738,1.1129658222198486,0.8970975875854492,0.012385845184326172,-0.11296582221984863,0.10290241241455078,-0.33320561051368713,-179.1151580810547,178.51211547851562,0.33320561051368713,-0.8473267555236816,-0.07566535472869873,39840,-0.6688656806945801,-0.2702045440673828,0.09174346923828125,0.08050799369812012,0.08599793910980225,-0.2421712875366211,-2937.111328125,1028.09912109375,249.8626708984375
20251022_154157.900763,0.9880584478378296,1.112679123878479,0.8972249627113342,0.01194155216217041,-0.112679123878479,0.10277503728866577,-0.22361549735069275,-179.07130432128906,179.26878356933594,0.22361549735069275,-0.856682538986206,-0.1294572353363037,40056,-0.6680377721786499,-0.2714385986328125,0.08279383182525635,0.07762008905410767,0.08615606278181076,-0.29323339462280273,-2929.6572265625,1026.9708251953125,458.71734619140625
20251022_154157.910876,0.9884040355682373,1.1125617027282715,0.8973913192749023,0.011595964431762695,-0.11256170272827148,0.10260868072509766,-0.2191000133752823,-179.06781005859375,179.43734741210938,0.2191000133752823,-0.8314955830574036,-0.06640507280826569,39787,-0.6669564247131348,-0.2726708948612213,0.1081317663192749,0.07537376880645752,0.08630906045436859,-0.2280879020690918,-2926.604248046875,1025.8447265625,187.87384033203125
20251022_154157.921014,0.9887354969978333,1.1125184297561646,0.8974947929382324,0.011264503002166748,-0.11251842975616455,0.10250520706176758,-0.15555468201637268,-178.930419921875,179.5865936279297,0.15555468201637268,-0.8729275465011597,-0.05908762291073799,39668,-0.6662838459014893,-0.2739015817642212,0.06725788116455078,0.07321926951408386,0.08645764738321304,-0.2187645435333252,-2925.479248046875,1024.71923828125,69.23675537109375
20251022_154157.930787,0.9889050722122192,1.112438678741455,0.8975832462310791,0.011094927787780762,-0.11243867874145508,0.1024167537689209,-0.10865090787410736,-178.77108764648438,179.78472900390625,0.10865090787410736,-0.883345365524292,0.04680037498474121,39727,-0.6657088994979858,-0.27513110637664795,0.0574946403503418,0.07211703062057495,0.08660298585891724,-0.11191964149475098,-2923.40576171875,1023.594482421875,127.60162353515625
20251022_154157.940889,0.9892206788063049,1.112351894378662,0.8977107405662537,0.010779321193695068,-0.11235189437866211,0.10228925943374634,-0.14306510984897614,-178.59628295898438,179.7467498779297,0.14306510984897614,-0.8583682179450989,-0.05148959532380104,39740,-0.6648801565170288,-0.27635934948921204,0.08287131786346436,0.07006558775901794,0.08674517273902893,-0.20830035209655762,-2921.149169921875,1022.4705200195312,138.85498046875
20251022_154157.950948,0.9895424246788025,1.1122671365737915,0.8978469371795654,0.01045757532119751,-0.1122671365737915,0.10215306282043457,-0.26950737833976746,-178.44041442871094,179.8247833251953,0.26950737833976746,-0.853053092956543,-0.05749482661485672,39738,-0.6639949083328247,-0.2775860130786896,0.08852779865264893,0.06797423958778381,0.08688320964574814,-0.21235227584838867,-2918.945556640625,1021.347412109375,135.61248779296875
20251022_154157.960478,0.9897980093955994,1.1122249364852905,0.8979815244674683,0.010201990604400635,-0.11222493648529053,0.10201847553253174,-0.34212496876716614,-178.4325714111328,179.6669464111328,0.34212496876716614,-0.8544493913650513,-0.01535547710955143,39669,-0.6631200909614563,-0.2788110375404358,0.08748173713684082,0.06631293892860413,0.0870174989104271,-0.1686859130859375,-2917.848388671875,1020.2249755859375,67.5201416015625
20251022_154157.970833,0.9901021718978882,1.1121071577072144,0.8981460332870483,0.009897828102111816,-0.11210715770721436,0.10185396671295166,-0.2861355245113373,-178.38055419921875,179.6470184326172,0.2861355245113373,-0.8351542949676514,-0.04926322400569916,39792,-0.6620507836341858,-0.28003427386283875,0.10693073272705078,0.0643358826637268,0.08714814484119415,-0.20074725151062012,-2914.7861328125,1019.1033325195312,188.446044921875
20251022_154157.980544,0.9903830885887146,1.11197829246521,0.8982570767402649,0.0096169114112854,-0.11197829246520996,0.10174292325973511,-0.23315289616584778,-178.5701904296875,179.61581420898438,0.23315289616584778,-0.8704066276550293,-0.03562010079622269,39812,-0.6613290309906006,-0.281255841255188,0.07217824459075928,0.0625099241733551,0.08727499097585678,-0.18540501594543457,-2911.435546875,1017.98291015625,206.18438720703125
20251022_154157.991025,0.9906904101371765,1.111816167831421,0.8985011577606201,0.009309589862823486,-0.1118161678314209,0.10149884223937988,-0.14379999041557312,-178.9235076904297,179.3826904296875,0.14379999041557312,-0.783565104007721,-0.05492187291383743,39869,-0.6597424745559692,-0.2824752926826477,0.158652663230896,0.06051233410835266,0.08739801496267319,-0.20283222198486328,-2907.220458984375,1016.8638916015625,259.3994140625
20251022_154158.000748,0.9909865260124207,1.111685037612915,0.8987047076225281,0.009013473987579346,-0.11168503761291504,0.10129529237747192,-0.17608946561813354,-179.08865356445312,179.2265167236328,0.17608946561813354,-0.8098040819168091,-0.04933178424835205,39821,-0.6584193706512451,-0.28369206190109253,0.13230741024017334,0.05858758091926575,0.08751711249351501,-0.1954364776611328,-2903.81103515625,1015.7463989257812,209.808349609375
20251022_154158.010523,0.9912768602371216,1.1115704774856567,0.8988848328590393,0.008723139762878418,-0.11157047748565674,0.1011151671409607,-0.20761273801326752,-179.02816772460938,179.12872314453125,0.20761273801326752,-0.8250737190246582,-0.047287777066230774,39797,-0.6572486162185669,-0.2849065363407135,0.1170814037322998,0.05670040845870972,0.08763240277767181,-0.1916205883026123,-2900.83251953125,1014.630126953125,183.29620361328125
20251022_154158.020519,0.9917078614234924,1.1115614175796509,0.8990694284439087,0.008292138576507568,-0.11156141757965088,0.10093057155609131,-0.14063715934753418,-179.048583984375,178.74044799804688,0.14063715934753418,-0.8221803903579712,-0.142818883061409,39627,-0.6560487151145935,-0.2861188054084778,0.1199871301651001,0.053898900747299194,0.08774299919605255,-0.28446078300476074,-2900.596923828125,1013.5144653320312,14.495849609375
20251022_154158.030494,0.9920237064361572,1.1115208864212036,0.8992627859115601,0.007976293563842773,-0.11152088642120361,0.10073721408843994,-0.09065136313438416,-179.03115844726562,178.80178833007812,0.09065136313438416,-0.8164383769035339,-0.06876305490732193,39677,-0.6547918915748596,-0.2873288094997406,0.12568235397338867,0.05184590816497803,0.08784874528646469,-0.20845770835876465,-2899.54296875,1012.3990478515625,64.849853515625
20251022_154158.040618,0.9923187494277954,1.111432671546936,0.8994495272636414,0.00768125057220459,-0.11143267154693604,0.10055047273635864,-0.09415822476148605,-179.1449737548828,178.7286834716797,0.09415822476148605,-0.8207327127456665,-0.05684972554445267,39755,-0.6535780429840088,-0.28853654861450195,0.12138187885284424,0.049928128719329834,0.08795052021741867,-0.19472837448120117,-2897.24951171875,1011.2843017578125,141.143798828125
20251022_154158.050452,0.9925956130027771,1.1112853288650513,0.8996226191520691,0.0074043869972229,-0.11128532886505127,0.10037738084793091,-0.03867914900183678,-179.261474609375,178.66433715820312,0.03867914900183678,-0.8296853303909302,-0.0465528666973114,39852,-0.6524529457092285,-0.289742112159729,0.11250972747802734,0.04812851548194885,0.08804857730865479,-0.18272995948791504,-2893.41845703125,1010.1707153320312,235.748291015625
20251022_154158.060404,0.9928357601165771,1.1111478805541992,0.8998129367828369,0.0071642398834228516,-0.11114788055419922,0.10018706321716309,0.010039317421615124,-179.2138671875,178.5096435546875,-0.010039317421615124,-0.818454921245575,-0.023786263540387154,39839,-0.6512159109115601,-0.29094550013542175,0.12370645999908447,0.046567559242248535,0.08814327418804169,-0.15849709510803223,-2889.844970703125,1009.0585327148438,219.91729736328125
20251022_154158.070728,0.9930101037025452,1.1108283996582031,0.8999901413917542,0.006989896297454834,-0.11082839965820312,0.10000985860824585,-0.012185746803879738,-178.80224609375,179.62246704101562,0.012185746803879738,-0.8270277380943298,0.018602833151817322,40137,-0.6500641107559204,-0.2921466827392578,0.11518299579620361,0.04543432593345642,0.0882352739572525,-0.1150667667388916,-2881.538330078125,1007.9486694335938,511.16943359375
20251022_154158.080966,0.993290364742279,1.1106853485107422,0.9002252817153931,0.006709635257720947,-0.11068534851074219,0.09977471828460693,0.0014320496702566743,-178.77088928222656,179.45657348632812,-0.0014320496702566743,-0.7890398502349854,-0.05303533375263214,39857,-0.6485356688499451,-0.2933453917503357,0.1528412103652954,0.04361262917518616,0.08832432329654694,-0.18497228622436523,-2877.819091796875,1006.841064453125,228.8818359375
20251022_154158.090414,0.9936273694038391,1.1105631589889526,0.9005773067474365,0.006372630596160889,-0.11056315898895264,0.09942269325256348,-0.08198662102222443,-179.00540161132812,179.43218994140625,0.08198662102222443,-0.7119718194007874,-0.09259162098169327,39826,-0.6462475061416626,-0.29454055428504944,0.22881627082824707,0.041422098875045776,0.08840935677289963,-0.22242307662963867,-2874.64208984375,1005.73486328125,195.50323486328125
20251022_154158.100431,0.993888795375824,1.1104373931884766,0.9008029103279114,0.006111204624176025,-0.11043739318847656,0.09919708967208862,-0.0828847885131836,-179.2091827392578,179.50047302246094,0.0828847885131836,-0.7938710451126099,-0.044327810406684875,39834,-0.6447811126708984,-0.2957322895526886,0.14664232730865479,0.039722830057144165,0.08849050104618073,-0.17254114151000977,-2871.372314453125,1004.6298217773438,201.22528076171875
20251022_154158.110372,0.9943074584007263,1.1103395223617554,0.9010323882102966,0.005692541599273682,-0.11033952236175537,0.09896761178970337,-0.11104095727205276,-179.218994140625,179.41903686523438,0.11104095727205276,-0.791050136089325,-0.1507488489151001,39791,-0.6432894468307495,-0.2969212830066681,0.14916062355041504,0.03700152039527893,0.08856722712516785,-0.2763175964355469,-2868.82763671875,1003.5259399414062,156.59332275390625
20251022_154158.121277,0.9945286512374878,1.110314130783081,0.9011216759681702,0.005471348762512207,-0.11031413078308105,0.09887832403182983,0.07703422009944916,-179.27928161621094,178.881103515625,-0.07703422009944916,-0.8827804327011108,-0.02178371511399746,39674,-0.6427091360092163,-0.2981083393096924,0.05803704261779785,0.035563766956329346,0.08863978832960129,-0.14598727226257324,-2868.16748046875,1002.4226684570312,40.62652587890625
20251022_154158.130493,0.9947481155395508,1.1101791858673096,0.9013506174087524,0.005251884460449219,-0.11017918586730957,0.09864938259124756,0.12399320304393768,-179.21775817871094,178.73060607910156,-0.12399320304393768,-0.7917025685310364,-0.021999698132276535,39852,-0.6412209868431091,-0.29929351806640625,0.148811936378479,0.03413724899291992,0.08870948851108551,-0.14484643936157227,-2864.658935546875,1001.3202514648438,215.911865234375
20251022_154158.140404,0.995009183883667,1.110105037689209,0.9015772342681885,0.004990816116333008,-0.11010503768920898,0.09842276573181152,0.12207995355129242,-179.22171020507812,178.6033477783203,-0.12207995355129242,-0.7929229736328125,-0.05108873173594475,39756,-0.6397479772567749,-0.30047595500946045,0.14730095863342285,0.03244030475616455,0.08877606689929962,-0.17230510711669922,-2862.73095703125,1000.2188110351562,118.6370849609375
20251022_154158.150411,0.9952289462089539,1.1100479364395142,0.9018595218658447,0.004771053791046143,-0.11004793643951416,0.09814047813415527,-0.027730848640203476,-179.2667999267578,178.71690368652344,0.027730848640203476,-0.7560815215110779,-0.025191763415932655,39729,-0.6379131078720093,-0.3016553223133087,0.1834869384765625,0.031011849641799927,0.08883952349424362,-0.14504313468933105,-2861.246337890625,999.1180419921875,91.36199951171875
20251022_154158.160458,0.9954411387443542,1.1100667715072632,0.902058482170105,0.004558861255645752,-0.11006677150726318,0.09794151782989502,0.039343759417533875,-179.5330047607422,178.89675903320312,-0.039343759417533875,-0.8101274967193604,-0.02151430957019329,39606,-0.6366198658943176,-0.30283182859420776,0.12932419776916504,0.029632598161697388,0.08890016376972198,-0.1400470733642578,-2861.736083984375,998.0174560546875,-30.1361083984375
20251022_154158.170234,0.9955427050590515,1.1099625825881958,0.9022453427314758,0.004457294940948486,-0.1099625825881958,0.09775465726852417,-0.007237236015498638,-179.5150146484375,179.33607482910156,0.007237236015498638,-0.8179519176483154,0.050897419452667236,39804,-0.6354053020477295,-0.3040059804916382,0.12145936489105225,0.02897241711616516,0.08895877003669739,-0.06703376770019531,-2859.027099609375,996.9172973632812,166.7022705078125
20251022_154158.180431,0.995868444442749,1.109974980354309,0.9025095105171204,0.0041315555572509766,-0.10997498035430908,0.09749048948287964,-0.041648659855127335,-179.65733337402344,179.0039520263672,0.041648659855127335,-0.7671566009521484,-0.09911828488111496,39616,-0.63368821144104,-0.3051774799823761,0.1717090606689453,0.026855111122131348,0.08901459723711014,-0.21498799324035645,-2859.349609375,995.817626953125,-19.83642578125
20251022_154158.191079,0.9960533380508423,1.1098933219909668,0.9027551412582397,0.003946661949157715,-0.1098933219909668,0.09724485874176025,-0.02103482559323311,-179.67416381835938,178.8867645263672,0.02103482559323311,-0.7787774801254272,-0.00730937160551548,39768,-0.6320915818214417,-0.3063458800315857,0.1596599817276001,0.025653302669525146,0.08906710892915726,-0.12202978134155273,-2857.226318359375,994.71826171875,130.65338134765625
20251022_154158.200837,0.9961028099060059,1.1105057001113892,0.9026369452476501,0.0038971900939941406,-0.11050570011138916,0.09736305475234985,0.3298962116241455,-176.70925903320312,179.81317138671875,-0.3298962116241455,-1.0172008275985718,0.08179840445518494,38640,-0.6328598260879517,-0.3075135350227356,-0.07682740688323975,0.025331735610961914,0.089118093252182,-0.032651424407958984,-2873.148193359375,993.6162719726562,-979.8049926757812
20251022_154158.210863,0.9964353442192078,1.109803318977356,0.9033597707748413,0.0035646557807922363,-0.10980331897735596,0.09664022922515869,0.041181329637765884,-179.75228881835938,178.6680908203125,-0.041181329637765884,-0.4670024514198303,-0.10713578760623932,40761,-0.6281614899635315,-0.3086775541305542,0.46983659267425537,0.023170262575149536,0.08916659653186798,-0.21947264671325684,-2854.88623046875,992.5147705078125,1123.809814453125
20251022_154158.220396,0.9965125322341919,1.1097352504730225,0.9035708904266357,0.0034874677658081055,-0.10973525047302246,0.09642910957336426,0.08901996165513992,-179.53965759277344,178.9175567626953,-0.08901996165513992,-0.7993974089622498,0.060936883091926575,39747,-0.6267892122268677,-0.3098359704017639,0.13722777366638184,0.022668540477752686,0.08921243250370026,-0.05094408988952637,-2853.116455078125,991.4170532226562,108.90960693359375
20251022_154158.230860,0.9966585636138916,1.1097139120101929,0.9039390087127686,0.0033414363861083984,-0.10971391201019287,0.09606099128723145,-0.07090073823928833,-179.45838928222656,178.92112731933594,0.07090073823928833,-0.6961104869842529,0.014595446176826954,39671,-0.6243964433670044,-0.3109908998012543,0.23927688598632812,0.02171933650970459,0.08925682306289673,-0.09638071060180664,-2852.561767578125,990.31982421875,34.14154052734375
20251022_154158.241178,0.9967929124832153,1.1096912622451782,0.9041470885276794,0.003207087516784668,-0.10969126224517822,0.09585291147232056,-0.007705646567046642,-179.5404510498047,178.97607421875,0.007705646567046642,-0.799934446811676,0.021475201472640038,39673,-0.6230438947677612,-0.31214237213134766,0.13525187969207764,0.020846068859100342,0.08929938822984695,-0.08867025375366211,-2851.972900390625,989.2227783203125,36.2396240234375
20251022_154158.250842,0.9970325231552124,1.1096242666244507,0.9044835567474365,0.0029674768447875977,-0.10962426662445068,0.09551644325256348,-0.12637165188789368,-179.41477966308594,178.852783203125,0.12637165188789368,-0.7154431343078613,-0.04951492324471474,39745,-0.6208568811416626,-0.3132905960083008,0.21870434284210205,0.019288599491119385,0.08933951705694199,-0.1581430435180664,-2850.23095703125,988.126220703125,107.1929931640625
20251022_154158.261184,0.9972124099731445,1.1095585823059082,0.9048179984092712,0.0027875900268554688,-0.1095585823059082,0.09518200159072876,-0.033425454050302505,-179.40533447265625,178.8556671142578,0.033425454050302505,-0.7157307267189026,-0.011229036375880241,39743,-0.6186829805374146,-0.31443479657173157,0.21738708019256592,0.018119335174560547,0.08937692642211914,-0.11872529983520508,-2848.523193359375,987.0302734375,105.09490966796875
20251022_154158.271107,0.9975885152816772,1.10946786403656,0.9051774144172668,0.002411484718322754,-0.10946786403656006,0.09482258558273315,-0.07462308555841446,-179.25160217285156,179.49343872070312,0.07462308555841446,-0.6983011960983276,-0.1431441307067871,39784,-0.6163468360900879,-0.3155748248100281,0.23362040519714355,0.0156746506690979,0.08941072225570679,-0.2482295036315918,-2846.16455078125,985.9351806640625,145.14923095703125
20251022_154158.280747,0.9977347254753113,1.1094788312911987,0.9054578542709351,0.0022652745246887207,-0.10947883129119873,0.09454214572906494,-0.08282487094402313,-179.25770568847656,179.43508911132812,0.08282487094402313,-0.7489490509033203,0.0076666781678795815,39620,-0.6145239472389221,-0.3167110085487366,0.18228590488433838,0.014724284410476685,0.08944112062454224,-0.09649872779846191,-2846.44970703125,984.8404541015625,-17.547607421875
20251022_154158.290829,0.997873067855835,1.1095019578933716,0.9057053923606873,0.002126932144165039,-0.10950195789337158,0.09429460763931274,-0.06188904494047165,-179.37197875976562,179.39437866210938,0.06188904494047165,-0.7698591947555542,0.01198875904083252,39599,-0.6129149198532104,-0.317844033241272,0.16089975833892822,0.013825058937072754,0.08946967124938965,-0.09130597114562988,-2847.051025390625,983.7455444335938,-37.0025634765625
20251022_154158.300669,0.9978610277175903,1.1094592809677124,0.905991792678833,0.002138972282409668,-0.1094592809677124,0.09400820732116699,-0.13047480583190918,-179.38836669921875,179.61166381835938,0.13047480583190918,-0.7438669800758362,0.11134721338748932,39704,-0.6110533475875854,-0.3189738392829895,0.18616020679473877,0.013903319835662842,0.0894974023103714,0.007946491241455078,-2845.94140625,982.6506958007812,68.2830810546875
20251022_154158.311403,0.9981469511985779,1.1094597578048706,0.9063410758972168,0.0018530488014221191,-0.1094597578048706,0.0936589241027832,-0.17009945213794708,-179.3685302734375,179.491455078125,0.17009945213794708,-0.7018487453460693,-0.08714133501052856,39634,-0.6087830066680908,-0.3200998604297638,0.2270340919494629,0.012044817209243774,0.08952334523200989,-0.18870949745178223,-2845.95361328125,981.55615234375,-0.762939453125
20251022_154158.320732,0.9981021881103516,1.1094754934310913,0.9065481424331665,0.0018978118896484375,-0.10947549343109131,0.0934518575668335,-0.008218505419790745,-179.05335998535156,179.6694793701172,0.008218505419790745,-0.794066309928894,0.13142713904380798,39608,-0.6074370741844177,-0.3212225139141083,0.13459324836730957,0.012335777282714844,0.08954773098230362,0.029543638229370117,-2846.36279296875,980.46142578125,-25.177001953125
20251022_154158.330557,0.9983553290367126,1.1095865964889526,0.9070160388946533,0.0016446709632873535,-0.10958659648895264,0.09298396110534668,-0.07302231341600418,-179.01007080078125,179.62985229492188,0.07302231341600418,-0.6226041913032532,-0.06681189686059952,39452,-0.6043957471847534,-0.32234111428260803,0.30413269996643066,0.010690361261367798,0.08957075327634811,-0.16707301139831543,-2849.25146484375,979.3661499023438,-177.764892578125
20251022_154158.341079,0.9984397292137146,1.1096696853637695,0.9073109030723572,0.0015602707862854004,-0.10966968536376953,0.09268909692764282,-0.07298414409160614,-178.93148803710938,179.78854370117188,0.07298414409160614,-0.7342725992202759,0.04402922838926315,39493,-0.602479100227356,-0.32345515489578247,0.19166171550750732,0.010141760110855103,0.08959158509969711,-0.05570411682128906,-2851.411865234375,978.2698364257812,-132.94219970703125
20251022_154158.350249,0.9985182881355286,1.1096633672714233,0.9076964855194092,0.0014817118644714355,-0.10966336727142334,0.09230351448059082,-0.0155911510810256,-178.85618591308594,179.72775268554688,0.0155911510810256,-0.6739093661308289,0.04739359766244888,39636,-0.5999728441238403,-0.3245651125907898,0.25062859058380127,0.009631127119064331,0.08961135894060135,-0.0518488883972168,-2851.24755859375,977.1732177734375,10.10894775390625
20251022_154158.361121,0.9985983967781067,1.1097333431243896,0.9080075621604919,0.0014016032218933105,-0.10973334312438965,0.09199243783950806,0.005015237256884575,-178.9099578857422,179.87974548339844,-0.005015237256884575,-0.7214218974113464,0.04586881771683693,39511,-0.59795081615448,-0.32567089796066284,0.2021998167037964,0.009110420942306519,0.08963009715080261,-0.0528717041015625,-2853.06689453125,976.0762329101562,-111.96136474609375
20251022_154158.371046,0.9987180233001709,1.1098265647888184,0.9083751440048218,0.0012819766998291016,-0.10982656478881836,0.09162485599517822,-0.15181441605091095,-178.94021606445312,179.91552734375,0.15181441605091095,-0.6834059953689575,0.01902688853442669,39470,-0.5955615639686584,-0.3267726004123688,0.2389281988143921,0.00833284854888916,0.08964754641056061,-0.07895350456237793,-2855.49072265625,974.9783935546875,-149.1546630859375
20251022_154158.380087,0.9988110661506653,1.1099131107330322,0.9086918234825134,0.0011889338493347168,-0.10991311073303223,0.09130817651748657,-0.06677965819835663,-178.9830780029297,179.8179931640625,0.06677965819835663,-0.7155317068099976,0.03598339483141899,39477,-0.5935031175613403,-0.3278701901435852,0.20584166049957275,0.007728070020675659,0.08966360241174698,-0.061408281326293945,-2857.740966796875,973.8796997070312,-138.4735107421875
20251022_154158.390933,0.9988893866539001,1.1099302768707275,0.9090180397033691,0.0011106133460998535,-0.10993027687072754,0.09098196029663086,0.05417519807815552,-178.95184326171875,179.76290893554688,-0.05417519807815552,-0.7083061337471008,0.04520600661635399,39587,-0.5913827419281006,-0.3289639353752136,0.21204054355621338,0.007218986749649048,0.08967854827642441,-0.051691532135009766,-2858.187255859375,972.780517578125,-27.4658203125
20251022_154158.400865,0.9989516139030457,1.1099191904067993,0.9094488620758057,0.0010483860969543457,-0.10991919040679932,0.09055113792419434,-0.016860712319612503,-178.88058471679688,179.72705078125,0.016860712319612503,-0.6386010050773621,0.0554371103644371,39631,-0.5885823965072632,-0.3300531506538391,0.28003454208374023,0.006814509630203247,0.08969258517026901,-0.041069984436035156,-2857.89892578125,971.6812744140625,17.73834228515625
20251022_154158.410933,0.9989576935768127,1.110044002532959,0.9097404479980469,0.0010423064231872559,-0.11004400253295898,0.09025955200195312,0.03786947578191757,-178.82049560546875,179.30908203125,-0.03786947578191757,-0.7282942533493042,0.09246858209371567,39409,-0.5866870880126953,-0.331138014793396,0.1895308494567871,0.006774991750717163,0.0897061750292778,-0.004012584686279297,-2861.14404296875,970.5814208984375,-199.69940185546875
20251022_154158.420803,0.999014675617218,1.1100893020629883,0.9100695252418518,0.0009853243827819824,-0.11008930206298828,0.0899304747581482,0.025571277365088463,-178.60321044921875,179.27810668945312,-0.025571277365088463,-0.7028670310974121,0.05851581692695618,39534,-0.5845481157302856,-0.3322191536426544,0.21390020847320557,0.006404608488082886,0.08971935510635376,-0.03760814666748047,-2862.32177734375,969.4807739257812,-72.479248046875
20251022_154158.430972,0.9990729093551636,1.1101945638656616,0.9104569554328918,0.0009270906448364258,-0.11019456386566162,0.08954304456710815,0.04956014081835747,-178.53363037109375,179.27105712890625,-0.04956014081835747,-0.6634961366653442,0.05732360854744911,39434,-0.5820298194885254,-0.3332959711551666,0.2518296241760254,0.006026089191436768,0.08973178267478943,-0.03843426704406738,-2865.05859375,968.3793334960938,-168.41888427734375
20251022_154158.440996,0.9991222620010376,1.110282063484192,0.9108384847640991,0.0008777379989624023,-0.1102820634841919,0.08916151523590088,0.08425211906433105,-178.42457580566406,179.37940979003906,-0.08425211906433105,-0.6659240126609802,0.06287606805562973,39459,-0.5795498490333557,-0.33436819911003113,0.247994065284729,0.005705296993255615,0.08974351733922958,-0.03257274627685547,-2867.333740234375,967.2769775390625,-139.9993896484375
20251022_154158.450690,0.9991482496261597,1.110345482826233,0.9112318158149719,0.000851750373840332,-0.11034548282623291,0.08876818418502808,0.198685884475708,-178.35643005371094,179.38833618164062,-0.198685884475708,-0.6567637920379639,0.0781393051147461,39495,-0.5769932270050049,-0.33543577790260315,0.2556651830673218,0.005536377429962158,0.08975476026535034,-0.017151832580566406,-2868.982666015625,966.173828125,-101.470947265625
20251022_154158.460904,0.99915611743927,1.1104010343551636,0.9115375876426697,0.0008438825607299805,-0.11040103435516357,0.08846241235733032,0.2555218040943146,-178.42092895507812,179.38836669921875,-0.2555218040943146,-0.712753176689148,0.09005825966596603,39505,-0.5750056505203247,-0.3364991843700409,0.19875168800354004,0.005485236644744873,0.08976577967405319,-0.005192756652832031,-2870.427001953125,965.070068359375,-88.8824462890625
20251022_154158.471000,0.9991939067840576,1.1104371547698975,0.911983847618103,0.0008060932159423828,-0.11043715476989746,0.08801615238189697,0.2162434458732605,-178.3897247314453,179.33566284179688,-0.2162434458732605,-0.6195940375328064,0.0700751394033432,39534,-0.5721049904823303,-0.3375580310821533,0.29006898403167725,0.005239605903625488,0.08977650105953217,-0.024940967559814453,-2871.365966796875,963.9658813476562,-57.79266357421875
20251022_154158.480041,0.9990962147712708,1.1104401350021362,0.912300169467926,0.000903785228729248,-0.11044013500213623,0.08769983053207397,0.3773508667945862,-178.17596435546875,179.5718231201172,-0.3773508667945862,-0.7030520439147949,0.16013894975185394,39586,-0.5700489282608032,-0.3386123478412628,0.20560920238494873,0.005874603986740112,0.08978761732578278,0.06447672843933105,-2871.443603515625,962.8615112304688,-4.76837158203125
20251022_154158.490923,0.9990774393081665,1.1105185747146606,0.912758469581604,0.0009225606918334961,-0.11051857471466064,0.087241530418396,0.1754627674818039,-178.23745727539062,179.8836212158203,-0.1754627674818039,-0.6088368892669678,0.10818794369697571,39462,-0.567069947719574,-0.33966198563575745,0.29789507389068604,0.005996644496917725,0.08979949355125427,0.012391805648803711,-2873.48291015625,961.7567138671875,-125.5035400390625
20251022_154158.500379,0.9990742802619934,1.1105796098709106,0.9131144285202026,0.0009257197380065918,-0.11057960987091064,0.08688557147979736,0.18470598757266998,-178.22300720214844,179.8824005126953,-0.18470598757266998,-0.6740896701812744,0.09791365265846252,39487,-0.5647562146186829,-0.3407067656517029,0.23137331008911133,0.006017178297042847,0.08981150388717651,0.002084970474243164,-2875.06982421875,960.6512451171875,-97.65625
20251022_154158.510644,0.9990919828414917,1.110641360282898,0.9135329127311707,0.0009080171585083008,-0.11064136028289795,0.08646708726882935,0.1594339907169342,-178.09300231933594,179.86512756347656,-0.1594339907169342,-0.6317682266235352,0.08404183387756348,39484,-0.5620360374450684,-0.34174686670303345,0.2720147371292114,0.005902111530303955,0.08982342481613159,-0.01168370246887207,-2876.67529296875,959.5451049804688,-98.8006591796875
20251022_154158.520792,0.9990456700325012,1.1106661558151245,0.9140214920043945,0.0009543299674987793,-0.11066615581512451,0.08597850799560547,0.16431798040866852,-177.98854064941406,179.7154083251953,-0.16431798040866852,-0.584065318107605,0.12660512328147888,39541,-0.5588603019714355,-0.34278154373168945,0.31757652759552,0.006203144788742065,0.08983553200960159,0.03056645393371582,-2877.320068359375,958.4385986328125,-39.6728515625
20251022_154158.530847,0.9990043044090271,1.1106679439544678,0.914510190486908,0.0009956955909729004,-0.11066794395446777,0.08548980951309204,0.019250113517045975,-177.8645477294922,179.67074584960938,-0.019250113517045975,-0.5818400979042053,0.12362153828144073,39577,-0.5556837320327759,-0.3438103497028351,0.317654013633728,0.0064720213413238525,0.08984820544719696,0.027301311492919922,-2877.366455078125,957.3319091796875,-2.86102294921875
20251022_154158.541030,0.9989679455757141,1.1106646060943604,0.9148482084274292,0.0010320544242858887,-0.11066460609436035,0.0851517915725708,0.1344403475522995,-177.94866943359375,179.624267578125,-0.1344403475522995,-0.6786091923713684,0.12056656926870346,39584,-0.5534866452217102,-0.34483420848846436,0.21971166133880615,0.006708353757858276,0.08986138552427292,0.023996829986572266,-2877.27978515625,956.2252807617188,5.340576171875
20251022_154158.550394,0.9991331696510315,1.1107146739959717,0.9154074788093567,0.0008668303489685059,-0.11071467399597168,0.08459252119064331,0.08077260106801987,-178.31968688964844,179.1958465576172,-0.08077260106801987,-0.5321782827377319,-0.01353976596146822,39496,-0.5498514175415039,-0.34585267305374146,0.36352574825286865,0.005634397268295288,0.08987372368574142,-0.10904788970947266,-2878.58154296875,955.1183471679688,-80.108642578125
20251022_154158.560670,0.9989746809005737,1.110668420791626,0.9157593846321106,0.0010253190994262695,-0.11066842079162598,0.0842406153678894,0.15715688467025757,-178.54214477539062,179.3936004638672,-0.15715688467025757,-0.6656908988952637,0.20115317404270172,39650,-0.5475640296936035,-0.3468656539916992,0.22873878479003906,0.006664574146270752,0.08988602459430695,0.10460257530212402,-2877.37890625,954.0114135742188,74.005126953125
20251022_154158.571220,0.9989556670188904,1.110730767250061,0.9161564707756042,0.0010443329811096191,-0.11073076725006104,0.08384352922439575,0.1654556542634964,-178.66357421875,179.4737548828125,-0.1654556542634964,-0.6347511410713196,0.10923680663108826,39474,-0.54498291015625,-0.34787416458129883,0.258105993270874,0.006788164377212524,0.08989948034286499,0.012549161911010742,-2879.0,952.9044189453125,-99.75433349609375
20251022_154158.580182,0.9990281462669373,1.1108415126800537,0.9166221618652344,0.0009718537330627441,-0.11084151268005371,0.08337783813476562,0.16820672154426575,-178.71463012695312,179.19647216796875,-0.16820672154426575,-0.588134229183197,0.04839332774281502,39392,-0.5419559478759766,-0.348877489566803,0.3026992082595825,0.006317049264907837,0.08991258591413498,-0.0478363037109375,-2881.87939453125,951.7965698242188,-177.19268798828125
20251022_154158.590974,0.9988557696342468,1.1107383966445923,0.9171016216278076,0.0011442303657531738,-0.11073839664459229,0.08289837837219238,0.029166681692004204,-178.47447204589844,179.41761779785156,-0.029166681692004204,-0.5770657658576965,0.21113240718841553,39736,-0.5388394594192505,-0.34987515211105347,0.3116488456726074,0.00743749737739563,0.0899263396859169,0.1137685775756836,-2879.1982421875,950.6886596679688,164.98565673828125
20251022_154158.600892,0.9988023638725281,1.110751986503601,0.9176003336906433,0.0011976361274719238,-0.11075198650360107,0.08239966630935669,0.012120251543819904,-178.690185546875,179.37289428710938,-0.012120251543819904,-0.5623019337654114,0.13297399878501892,39548,-0.5355978012084961,-0.3508669435977936,0.3241628408432007,0.007784634828567505,0.08994156122207642,0.035247802734375,-2879.5517578125,949.5812377929688,-21.7437744140625
20251022_154158.610890,0.9988654851913452,1.1108144521713257,0.9181199073791504,0.0011345148086547852,-0.11081445217132568,0.08188009262084961,0.1133602038025856,-178.7240753173828,179.04534912109375,-0.1133602038025856,-0.5463503003120422,0.05567099526524544,39467,-0.5322206020355225,-0.3518526256084442,0.33772289752960205,0.0073743462562561035,0.08995672315359116,-0.04166007041931152,-2881.17578125,948.473388671875,-99.945068359375
20251022_154158.620924,0.9988260865211487,1.110858678817749,0.918545663356781,0.0011739134788513184,-0.11085867881774902,0.081454336643219,0.02532191015779972,-178.76742553710938,179.12290954589844,-0.02532191015779972,-0.6055444478988647,0.12360528111457825,39494,-0.5294531583786011,-0.3528326153755188,0.2767413854598999,0.007630437612533569,0.08997172117233276,0.026003122329711914,-2882.32568359375,947.3650512695312,-70.76263427734375
20251022_154158.630921,0.998704195022583,1.1107730865478516,0.9189459085464478,0.0012958049774169922,-0.11077308654785156,0.08105409145355225,0.10660519450902939,-178.65390014648438,179.160400390625,-0.10660519450902939,-0.6204999089241028,0.1788589060306549,39703,-0.5268515944480896,-0.3538076877593994,0.26015937328338623,0.00842273235321045,0.08998777717351913,0.08044838905334473,-2880.100341796875,946.2568969726562,136.9476318359375
20251022_154158.640736,0.9986274838447571,1.1107347011566162,0.9194412231445312,0.00137251615524292,-0.11073470115661621,0.08055877685546875,-0.05045348033308983,-178.93731689453125,179.11146545410156,0.05045348033308983,-0.5564548969268799,0.14955584704875946,39627,-0.5236320495605469,-0.35477736592292786,0.32195448875427246,0.00892135500907898,0.09000512212514877,0.050629377365112305,-2879.102294921875,945.1493530273438,61.4166259765625
20251022_154158.650584,0.9985634088516235,1.1106804609298706,0.9198838472366333,0.0014365911483764648,-0.1106804609298706,0.0801161527633667,0.0019209624733775854,-179.0574188232422,179.000732421875,-0.0019209624733775854,-0.5887907147407532,0.1416507214307785,39653,-0.5207549929618835,-0.355741411447525,0.287705659866333,0.009337842464447021,0.09002338349819183,0.04228949546813965,-2877.69189453125,944.042236328125,86.78436279296875
20251022_154158.660526,0.9984967112541199,1.1106599569320679,0.920308530330658,0.001503288745880127,-0.11065995693206787,0.07969146966934204,0.04032035544514656,-179.0596923828125,178.92442321777344,-0.04032035544514656,-0.5986508131027222,0.14383427798748016,39598,-0.5179945230484009,-0.35670024156570435,0.27604401111602783,0.009771376848220825,0.09004248678684235,0.04402041435241699,-2877.158935546875,942.935546875,32.806396484375
20251022_154158.671001,0.9984328746795654,1.1106877326965332,0.9207820296287537,0.0015671253204345703,-0.1106877326965332,0.07921797037124634,0.10549338907003403,-178.98362731933594,179.01776123046875,-0.10549338907003403,-0.564795970916748,0.14238090813159943,39519,-0.5149167776107788,-0.3576537072658539,0.30777454376220703,0.010186314582824707,0.0900624468922615,0.04213213920593262,-2877.881103515625,941.8287963867188,-44.44122314453125
20251022_154158.680091,0.9983624815940857,1.1107456684112549,0.9212870597839355,0.0016375184059143066,-0.11074566841125488,0.07871294021606445,0.21769405901432037,-179.0408477783203,179.10699462890625,-0.21769405901432037,-0.5419657826423645,0.14718657732009888,39468,-0.511634111404419,-0.35860130190849304,0.3282696008682251,0.010643869638442993,0.0900832787156105,0.04645943641662598,-2879.387451171875,940.7216796875,-92.6971435546875
20251022_154158.690735,0.9982768893241882,1.110725998878479,0.9217342138290405,0.0017231106758117676,-0.110725998878479,0.07826578617095947,0.13839729130268097,-178.96719360351562,179.2351531982422,-0.13839729130268097,-0.5776206254959106,0.1577962338924408,39592,-0.5087276101112366,-0.35954317450523376,0.2906501293182373,0.01120021939277649,0.09010512381792068,0.05649089813232422,-2878.8759765625,939.6143188476562,31.47125244140625
20251022_154158.700642,0.9983829259872437,1.1107505559921265,0.9222986698150635,0.0016170740127563477,-0.11075055599212646,0.07770133018493652,0.11883983761072159,-179.04818725585938,178.8262481689453,-0.11883983761072159,-0.4986412227153778,0.030653616413474083,39519,-0.5050586462020874,-0.3604789674282074,0.366896390914917,0.01051098108291626,0.09012683480978012,-0.06998419761657715,-2879.514404296875,938.5068969726562,-39.2913818359375
20251022_154158.710548,0.9981832504272461,1.110718011856079,0.9226939082145691,0.0018167495727539062,-0.1107180118560791,0.07730609178543091,0.13261018693447113,-179.05862426757812,179.160400390625,-0.13261018693447113,-0.6069936752319336,0.23374389111995697,39610,-0.5024895668029785,-0.3614090085029602,0.2569049596786499,0.01180887222290039,0.09014914929866791,0.13178586959838867,-2878.668212890625,937.3995971679688,52.07061767578125
20251022_154158.720586,0.998134195804596,1.110703706741333,0.9231529235839844,0.0018658041954040527,-0.11070370674133301,0.07684707641601562,0.11495345830917358,-178.9769287109375,179.13812255859375,-0.11495345830917358,-0.5634799599647522,0.13467687368392944,39580,-0.49950599670410156,-0.36233392357826233,0.2983599901199341,0.012127727270126343,0.09017308801412582,0.03237605094909668,-2878.29638671875,936.29248046875,22.88818359375
20251022_154158.730656,0.9981744289398193,1.1107276678085327,0.923643171787262,0.001825571060180664,-0.11072766780853271,0.07635682821273804,0.07349932938814163,-179.05784606933594,178.7892303466797,-0.07349932938814163,-0.5409111976623535,0.07550942897796631,39517,-0.49631938338279724,-0.3632531464099884,0.31866133213043213,0.011866211891174316,0.09019708633422852,-0.026553869247436523,-2878.91943359375,935.185302734375,-38.33770751953125
20251022_154158.740619,0.9980749487876892,1.110681176185608,0.9242172241210938,0.001925051212310791,-0.11068117618560791,0.07578277587890625,-0.0714292973279953,-179.17173767089844,178.79940795898438,0.0714292973279953,-0.4836200177669525,0.16839119791984558,39630,-0.4925880432128906,-0.3641659915447235,0.3731340169906616,0.012512832880020142,0.09022146463394165,0.06565690040588379,-2877.710693359375,934.0782470703125,74.3865966796875
20251022_154158.750490,0.9980047345161438,1.1106244325637817,0.9247095584869385,0.001995265483856201,-0.11062443256378174,0.07529044151306152,-0.00841591041535139,-179.07293701171875,178.8257293701172,0.00841591041535139,-0.5344429612159729,0.14955759048461914,39647,-0.4893878698348999,-0.36507242918014526,0.32001733779907227,0.012969225645065308,0.09024694561958313,0.0463414192199707,-2876.2353515625,932.9717407226562,90.789794921875
20251022_154158.760822,0.9979363083839417,1.110635757446289,0.9251102209091187,0.0020636916160583496,-0.11063575744628906,0.07488977909088135,0.03460913896560669,-178.88548278808594,178.84307861328125,-0.03460913896560669,-0.5923265218734741,0.14884856343269348,39537,-0.48678356409072876,-0.36597350239753723,0.26043057441711426,0.013413995504379272,0.09027332812547684,0.04516124725341797,-2876.52978515625,931.8654174804688,-18.11981201171875
20251022_154158.770970,0.997845470905304,1.1106151342391968,0.925571620464325,0.002154529094696045,-0.11061513423919678,0.07442837953567505,0.12437381595373154,-178.64697265625,178.7974090576172,-0.12437381595373154,-0.5507441759109497,0.16425791382789612,39587,-0.4837844669818878,-0.36686941981315613,0.29990971088409424,0.014004439115524292,0.09030074626207352,0.059952735900878906,-2875.993408203125,930.7591552734375,32.99713134765625
20251022_154158.780689,0.9977641701698303,1.110558271408081,0.9261035323143005,0.0022358298301696777,-0.11055827140808105,0.07389646768569946,0.12132375687360764,-178.53086853027344,178.9801025390625,-0.12132375687360764,-0.5023437142372131,0.1585206687450409,39646,-0.4803270399570465,-0.3677593767642975,0.34574270248413086,0.014532893896102905,0.09032928198575974,0.053658485412597656,-2874.51513671875,929.6533203125,90.98052978515625
20251022_154158.790721,0.9976807236671448,1.1105061769485474,0.9265584349632263,0.0023192763328552246,-0.11050617694854736,0.07344156503677368,0.10707979649305344,-178.46817016601562,179.03985595703125,-0.10707979649305344,-0.5503268241882324,0.1605088859796524,39638,-0.47737017273902893,-0.3686434030532837,0.2956867218017578,0.01507529616355896,0.09035889059305191,0.05507469177246094,-2873.16064453125,928.5479736328125,83.35113525390625
20251022_154158.800697,0.9975913166999817,1.110466480255127,0.9270222783088684,0.0024086833000183105,-0.11046648025512695,0.07297772169113159,0.06838598847389221,-178.4905548095703,179.10528564453125,-0.06838598847389221,-0.5423789620399475,0.16505466401576996,39618,-0.47435519099235535,-0.3695219159126282,0.3014981746673584,0.01565644145011902,0.09038962423801422,0.05900859832763672,-2872.12841796875,927.443115234375,63.51470947265625
20251022_154158.810671,0.9975091814994812,1.110436201095581,0.9274926781654358,0.002490818500518799,-0.11043620109558105,0.07250732183456421,0.06803407520055771,-178.43983459472656,179.0139617919922,-0.06803407520055771,-0.5359325408935547,0.16082102060317993,39603,-0.47129759192466736,-0.37039482593536377,0.30575990676879883,0.016190320253372192,0.09042146801948547,0.054209232330322266,-2871.34130859375,926.338623046875,48.4466552734375
20251022_154158.820868,0.9973989129066467,1.1103538274765015,0.9280645251274109,0.0026010870933532715,-0.11035382747650146,0.07193547487258911,0.06129750609397888,-178.5873565673828,178.9292449951172,-0.06129750609397888,-0.4671415388584137,0.18013890087604523,39687,-0.4675805866718292,-0.37126147747039795,0.3717005252838135,0.016907066106796265,0.0904545709490776,0.07277727127075195,-2869.199462890625,925.2346801757812,131.79779052734375
20251022_154158.830780,0.9972984790802002,1.1102930307388306,0.9285725355148315,0.0027015209197998047,-0.11029303073883057,0.07142746448516846,0.15685181319713593,-178.60958862304688,178.79750061035156,-0.15685181319713593,-0.5061933994293213,0.17433524131774902,39653,-0.46427851915359497,-0.372121661901474,0.3302067518234253,0.01755988597869873,0.09048903733491898,0.06628632545471191,-2867.618896484375,924.1314086914062,97.2747802734375
20251022_154158.840788,0.99722820520401,1.1102300882339478,0.929049015045166,0.0027717947959899902,-0.11023008823394775,0.07095098495483398,0.146536722779274,-178.5541229248047,178.8238067626953,-0.146536722779274,-0.524445652961731,0.15492203831672668,39657,-0.4611814022064209,-0.3729759454727173,0.3097116947174072,0.018016666173934937,0.09052461385726929,0.04638075828552246,-2865.982177734375,923.02880859375,100.7080078125
20251022_154158.850878,0.9971389770507812,1.1101627349853516,0.929537296295166,0.00286102294921875,-0.11016273498535156,0.07046270370483398,0.08934201300144196,-178.54473876953125,178.83978271484375,-0.08934201300144196,-0.5144491791725159,0.1680484563112259,39665,-0.4580075740814209,-0.37382441759109497,0.3173828125,0.018596649169921875,0.09056122601032257,0.058890581130981445,-2864.231201171875,921.9268188476562,107.76519775390625
20251022_154158.860586,0.9970433712005615,1.1101138591766357,0.9300737977027893,0.0029566287994384766,-0.11011385917663574,0.0699262022972107,0.025641003623604774,-178.65142822265625,179.02870178222656,-0.025641003623604774,-0.48046115040779114,0.17291699349880219,39636,-0.4545203149318695,-0.3746667504310608,0.34872591495513916,0.019218087196350098,0.09059903770685196,0.06309986114501953,-2862.96044921875,920.825439453125,78.2012939453125
20251022_154158.870826,0.9969232082366943,1.1099913120269775,0.9305936098098755,0.003076791763305664,-0.10999131202697754,0.06940639019012451,-0.038824036717414856,-178.8126220703125,179.07904052734375,0.038824036717414856,-0.4887664020061493,0.18994495272636414,39756,-0.4511415362358093,-0.37550273537635803,0.33787786960601807,0.019999146461486816,0.09063825756311417,0.07930755615234375,-2859.774169921875,919.7249145507812,196.075439453125
20251022_154158.880264,0.996798574924469,1.1098802089691162,0.9311344623565674,0.003201425075531006,-0.10988020896911621,0.06886553764343262,-0.036711469292640686,-179.0513458251953,178.96624755859375,0.036711469292640686,-0.47240421175956726,0.19374631345272064,39739,-0.447625994682312,-0.3763323724269867,0.35155415534973145,0.020809262990951538,0.09067906439304352,0.08225798606872559,-2856.885498046875,918.6255493164062,177.764892578125
20251022_154158.890540,0.9966951608657837,1.1097453832626343,0.9316965341567993,0.0033048391342163086,-0.10974538326263428,0.06830346584320068,0.06338962912559509,-179.1922149658203,178.845703125,-0.06338962912559509,-0.4557812511920929,0.18045608699321747,39779,-0.44397252798080444,-0.3771553933620453,0.36534667015075684,0.021481454372406006,0.09072135388851166,0.0682532787322998,-2853.3798828125,917.5274658203125,215.72113037109375
20251022_154158.900651,0.9965876340866089,1.1096419095993042,0.9321833252906799,0.0034123659133911133,-0.1096419095993042,0.06781667470932007,0.11670052260160446,-179.2976531982422,178.74276733398438,-0.11670052260160446,-0.5023662447929382,0.18391306698322296,39731,-0.44080838561058044,-0.3779720962047577,0.3164142370223999,0.022180378437042236,0.09076501429080963,0.0709676742553711,-2850.689697265625,916.4305419921875,165.557861328125
20251022_154158.910408,0.996536374092102,1.1096209287643433,0.9326858520507812,0.0034636259078979492,-0.10962092876434326,0.06731414794921875,0.04218916967511177,-179.4529266357422,178.7539825439453,-0.04218916967511177,-0.48968246579170227,0.14715488255023956,39598,-0.4375419616699219,-0.37878289818763733,0.32664239406585693,0.02251356840133667,0.09080971032381058,0.03383159637451172,-2850.14404296875,915.334228515625,33.5693359375
20251022_154158.920506,0.9964527487754822,1.1096055507659912,0.9331538081169128,0.0035472512245178223,-0.10960555076599121,0.06684619188308716,0.06138809397816658,-179.4525146484375,178.77967834472656,-0.06138809397816658,-0.5099166631698608,0.16910512745380402,39589,-0.43450024724006653,-0.379587858915329,0.30417144298553467,0.023057132959365845,0.09085528552532196,0.05519270896911621,-2849.744384765625,914.238037109375,24.60479736328125
20251022_154158.930816,0.9962901473045349,1.1095622777938843,0.933712363243103,0.003709852695465088,-0.10956227779388428,0.06628763675689697,0.004994530696421862,-179.40838623046875,178.79806518554688,-0.004994530696421862,-0.4481954574584961,0.22233346104621887,39633,-0.4308696389198303,-0.3803866505622864,0.3630608320236206,0.02411404252052307,0.09090245515108109,0.10731697082519531,-2848.619140625,913.1422119140625,69.23675537109375
20251022_154158.940851,0.9961856603622437,1.1095324754714966,0.9342418313026428,0.0038143396377563477,-0.10953247547149658,0.06575816869735718,0.018977075815200806,-179.36061096191406,178.80465698242188,-0.018977075815200806,-0.4644528031349182,0.1847059428691864,39611,-0.42742809653282166,-0.38117894530296326,0.3441542387008667,0.02479320764541626,0.0909513607621193,0.06896138191223145,-2847.844482421875,912.0467529296875,47.6837158203125
20251022_154158.950684,0.9960819482803345,1.1094720363616943,0.9348022937774658,0.003918051719665527,-0.10947203636169434,0.06519770622253418,0.06382596492767334,-179.4343719482422,178.66793823242188,-0.06382596492767334,-0.4414491653442383,0.18491892516613007,39661,-0.42378509044647217,-0.38196468353271484,0.36430060863494873,0.025467336177825928,0.09100162237882614,0.0684499740600586,-2846.27294921875,910.9517211914062,96.70257568359375
20251022_154158.960823,0.9959523677825928,1.1093591451644897,0.9354802370071411,0.0040476322174072266,-0.10935914516448975,0.06451976299285889,0.07098785787820816,-179.54849243164062,178.67068481445312,-0.07098785787820816,-0.36145833134651184,0.20288613438606262,39747,-0.41937845945358276,-0.3827429711818695,0.44066309928894043,0.026309609413146973,0.09105339646339417,0.08552312850952148,-2843.337890625,909.8576049804688,180.62591552734375
20251022_154158.971280,0.9958600997924805,1.109343409538269,0.9360044002532959,0.004139900207519531,-0.10934340953826904,0.0639955997467041,0.04766817018389702,-179.82693481445312,178.62274169921875,-0.04766817018389702,-0.45877936482429504,0.17891284823417664,39591,-0.41597139835357666,-0.38351407647132874,0.34070611000061035,0.026909351348876953,0.09110661596059799,0.060896873474121094,-2842.9287109375,908.7640380859375,25.177001953125
20251022_154158.980714,0.9957596659660339,1.109341025352478,0.936500072479248,0.0042403340339660645,-0.10934102535247803,0.06349992752075195,0.07144927978515625,-179.81594848632812,178.68931579589844,-0.07144927978515625,-0.4748416244983673,0.18500958383083344,39568,-0.4127495288848877,-0.3842790424823761,0.3221869468688965,0.02756217122077942,0.0911610871553421,0.06628632545471191,-2842.86669921875,907.670654296875,3.814697265625
20251022_154158.990890,0.9956385493278503,1.1093183755874634,0.9370298981666565,0.004361450672149658,-0.10931837558746338,0.0629701018333435,0.012190784327685833,-179.665283203125,178.74139404296875,-0.012190784327685833,-0.44995683431625366,0.19950340688228607,39600,-0.4093056619167328,-0.3850378692150116,0.3443866968154907,0.02834942936897278,0.09121700376272202,0.07993698120117188,-2842.27783203125,906.5773315429688,36.2396240234375
20251022_154159.000924,0.995386004447937,1.1092472076416016,0.9374986290931702,0.004613995552062988,-0.10924720764160156,0.06250137090682983,0.15584370493888855,-179.3183135986328,178.95814514160156,-0.15584370493888855,-0.487374484539032,0.2879459261894226,39678,-0.4062589108943939,-0.3857906758785248,0.3046751022338867,0.029990971088409424,0.09127534180879593,0.16667962074279785,-2840.427490234375,905.4844970703125,113.86871337890625
20251022_154159.010946,0.9952746629714966,1.1091980934143066,0.9381219744682312,0.004725337028503418,-0.10919809341430664,0.0618780255317688,0.14461633563041687,-179.23468017578125,178.8653564453125,-0.14461633563041687,-0.3835696280002594,0.19553610682487488,39643,-0.4022071659564972,-0.38653695583343506,0.40517449378967285,0.030714690685272217,0.09133604913949966,0.0734853744506836,-2839.150390625,904.3922729492188,78.582763671875
20251022_154159.021122,0.9951170086860657,1.1092299222946167,0.93876051902771,0.004882991313934326,-0.1092299222946167,0.06123948097229004,0.11277566105127335,-179.2314453125,178.8125,-0.11277566105127335,-0.37027832865715027,0.2271897792816162,39512,-0.39805662631988525,-0.38727566599845886,0.41505396366119385,0.03173944354057312,0.09139849990606308,0.10405182838439941,-2839.97802734375,903.3001708984375,-50.92620849609375
20251022_154159.030806,0.995128870010376,1.1093257665634155,0.9394020438194275,0.0048711299896240234,-0.10932576656341553,0.06059795618057251,0.0677485316991806,-179.3472900390625,178.51524353027344,-0.0677485316991806,-0.3649022877216339,0.11529577523469925,39406,-0.3938867151737213,-0.38800668716430664,0.41699111461639404,0.03166234493255615,0.0914619043469429,-0.007828474044799805,-2842.469970703125,902.2073974609375,-153.350830078125
20251022_154159.040854,0.995012104511261,1.1093816757202148,0.9399299621582031,0.004987895488739014,-0.10938167572021484,0.060070037841796875,0.08589008450508118,-179.53221130371094,178.72903442382812,-0.08589008450508118,-0.4360390305519104,0.2010125368833542,39467,-0.3904552459716797,-0.3887307047843933,0.3431469202041626,0.03242132067680359,0.09152598679065704,0.07706522941589355,-2843.923583984375,901.1138305664062,-89.45465087890625
20251022_154159.050893,0.9947584867477417,1.1093348264694214,0.9404769539833069,0.005241513252258301,-0.10933482646942139,0.059523046016693115,0.013224105350673199,-179.45936584472656,179.08181762695312,-0.013224105350673199,-0.42080336809158325,0.29305005073547363,39632,-0.38689979910850525,-0.38944825530052185,0.35554468631744385,0.034069836139678955,0.09159247577190399,0.1673877239227295,-2842.70556640625,900.020263671875,74.95880126953125
20251022_154159.060992,0.9947405457496643,1.1094456911087036,0.9410282969474792,0.005259454250335693,-0.10944569110870361,0.05897170305252075,-0.057237524539232254,-179.5277099609375,178.90609741210938,0.057237524539232254,-0.41510236263275146,0.13768824934959412,39375,-0.3833160698413849,-0.3901592195034027,0.35837292671203613,0.03418645262718201,0.09166073054075241,0.011841058731079102,-2845.587890625,898.9263305664062,-177.3834228515625
20251022_154159.070880,0.9945030808448792,1.109379529953003,0.9416150450706482,0.00549691915512085,-0.10937952995300293,0.05838495492935181,0.13040223717689514,-179.06640625,179.0894775390625,-0.13040223717689514,-0.3889792859554291,0.2841874659061432,39659,-0.37950220704078674,-0.3908633589744568,0.38138628005981445,0.03572997450828552,0.09173064678907394,0.15672683715820312,-2843.86767578125,897.8322143554688,105.85784912109375
20251022_154159.080723,0.9943684935569763,1.109486699104309,0.9421370029449463,0.005631506443023682,-0.10948669910430908,0.05786299705505371,0.195747971534729,-178.83084106445312,179.12875366210938,-0.195747971534729,-0.4283977150917053,0.21723538637161255,39378,-0.3761094808578491,-0.3915608525276184,0.3392726182937622,0.03660479187965393,0.09180298447608948,0.08882761001586914,-2846.654296875,896.7379150390625,-171.47064208984375
20251022_154159.090718,0.9943897724151611,1.109628438949585,0.9427998065948486,0.005610227584838867,-0.10962843894958496,0.05720019340515137,0.19862638413906097,-178.7891387939453,178.7380828857422,-0.19862638413906097,-0.3332301080226898,0.11429848521947861,39318,-0.3718012571334839,-0.39225122332572937,0.43082237243652344,0.03646647930145264,0.09187605232000351,-0.014044046401977539,-2850.33935546875,895.642333984375,-226.78375244140625
20251022_154159.101013,0.994229257106781,1.1096469163894653,0.9434424638748169,0.005770742893218994,-0.10964691638946533,0.056557536125183105,0.07601776719093323,-178.61521911621094,178.89764404296875,-0.07601776719093323,-0.3428305387496948,0.23539996147155762,39514,-0.3676239848136902,-0.39293378591537476,0.4177272319793701,0.03750982880592346,0.09195002913475037,0.10594010353088379,-2850.81982421875,894.5459594726562,-29.56390380859375
20251022_154159.110929,0.9939669370651245,1.1096441745758057,0.943979024887085,0.006033062934875488,-0.10964417457580566,0.05602097511291504,-0.06319014728069305,-178.51193237304688,179.2882080078125,0.06319014728069305,-0.40898093581199646,0.3043729066848755,39547,-0.36413633823394775,-0.39360925555229187,0.34876465797424316,0.039214909076690674,0.09202675521373749,0.17313122749328613,-2850.74853515625,893.449462890625,4.38690185546875
20251022_154159.120846,0.9939721822738647,1.1097664833068848,0.9445475339889526,0.006027817726135254,-0.10976648330688477,0.05545246601104736,-0.03517736867070198,-178.62245178222656,179.08299255371094,0.03517736867070198,-0.38518819212913513,0.12782412767410278,39342,-0.36044102907180786,-0.39427807927131653,0.36953091621398926,0.03918081521987915,0.09210515022277832,-0.0034618377685546875,-2853.928466796875,892.3524169921875,-195.6939697265625
20251022_154159.130816,0.9936922788619995,1.1097270250320435,0.945126473903656,0.006307721138000488,-0.10972702503204346,0.054873526096343994,0.04646812379360199,-178.60679626464844,179.31500244140625,-0.04646812379360199,-0.37530702352523804,0.31792178750038147,39601,-0.35667791962623596,-0.394940048456192,0.37631094455718994,0.041000187397003174,0.09218533337116241,0.1847362518310547,-2852.902587890625,891.2549438476562,63.13323974609375
20251022_154159.140804,0.993573009967804,1.1097354888916016,0.9457324743270874,0.006426990032196045,-0.10973548889160156,0.0542675256729126,0.10358231514692307,-178.64581298828125,179.1755828857422,-0.10358231514692307,-0.354433536529541,0.2127610146999359,39523,-0.3527389168739319,-0.39559489488601685,0.3939002752304077,0.04177543520927429,0.09226810932159424,0.07871747016906738,-2853.122802734375,890.1576538085938,-13.54217529296875
20251022_154159.150799,0.9935846924781799,1.1098353862762451,0.9463512301445007,0.006415307521820068,-0.10983538627624512,0.05364876985549927,0.14205321669578552,-178.5379638671875,178.80691528320312,-0.14205321669578552,-0.3427681028842926,0.12634062767028809,39373,-0.34871700406074524,-0.3962423801422119,0.40219128131866455,0.041699498891830444,0.09235158562660217,-0.007710456848144531,-2855.719970703125,889.059814453125,-159.8358154296875
20251022_154159.160741,0.9934316277503967,1.1099165678024292,0.9469030499458313,0.0065683722496032715,-0.1099165678024292,0.0530969500541687,0.1738559603691101,-178.2486114501953,178.83697509765625,-0.1738559603691101,-0.38333016633987427,0.23615311086177826,39400,-0.34513017535209656,-0.3968828618526459,0.35868287086486816,0.042694419622421265,0.09243597835302353,0.10102272033691406,-2857.830810546875,887.9610595703125,-129.89044189453125
20251022_154159.170827,0.9931246638298035,1.1099170446395874,0.9474896192550659,0.006875336170196533,-0.1099170446395874,0.05251038074493408,-0.020184041932225227,-177.81878662109375,179.25311279296875,0.020184041932225227,-0.35756394267082214,0.33980923891067505,39528,-0.34131747484207153,-0.39751651883125305,0.38127005100250244,0.044689685106277466,0.09252335876226425,0.20259618759155273,-2857.84326171875,886.8618774414062,-0.762939453125
20251022_154159.180496,0.9929744601249695,1.1099574565887451,0.948053240776062,0.007025539875030518,-0.10995745658874512,0.05194675922393799,-0.1592654436826706,-177.7858123779297,179.43052673339844,0.1592654436826706,-0.36944320797920227,0.2374141663312912,39462,-0.3376539349555969,-0.3981432616710663,0.36635398864746094,0.045666009187698364,0.09261371940374374,0.09913444519042969,-2858.893798828125,885.7625122070312,-64.65911865234375
20251022_154159.190785,0.9928331971168518,1.1099300384521484,0.9486805200576782,0.007166802883148193,-0.10993003845214844,0.05131947994232178,-0.03780919313430786,-178.04141235351562,179.27227783203125,0.03780919313430786,-0.3246079385280609,0.23252376914024353,39570,-0.33357661962509155,-0.39876285195350647,0.4077315330505371,0.04658421874046326,0.09270596504211426,0.09323358535766602,-2858.180908203125,884.6630859375,43.8690185546875
20251022_154159.200415,0.992671549320221,1.109899878501892,0.9492424726486206,0.007328450679779053,-0.10989987850189209,0.050757527351379395,0.03697638213634491,-178.1924285888672,179.30848693847656,-0.03697638213634491,-0.36403006315231323,0.247122660279274,39574,-0.32992392778396606,-0.399375319480896,0.36526918411254883,0.04763492941856384,0.09280018508434296,0.10668754577636719,-2857.396728515625,883.5639038085938,48.25592041015625
20251022_154159.210715,0.9924817085266113,1.1099811792373657,0.9499022364616394,0.007518291473388672,-0.10998117923736572,0.050097763538360596,0.24015434086322784,-177.50680541992188,179.43222045898438,-0.24015434086322784,-0.2967694401741028,0.2670605182647705,39392,-0.32563546299934387,-0.39998045563697815,0.42884647846221924,0.04886889457702637,0.09289669245481491,0.12529492378234863,-2859.5107421875,882.4644775390625,-130.0811767578125
20251022_154159.221195,0.9923900365829468,1.109825611114502,0.9503833055496216,0.007609963417053223,-0.10982561111450195,0.04961669445037842,0.09497563540935516,-178.40493774414062,179.27467346191406,-0.09497563540935516,-0.4103923439979553,0.20296326279640198,39774,-0.3225085139274597,-0.40057873725891113,0.3126949071884155,0.04946476221084595,0.09299502521753311,0.060503482818603516,-2855.4658203125,881.365478515625,248.90899658203125
20251022_154159.230056,0.9922546744346619,1.1098686456680298,0.9509470462799072,0.007745325565338135,-0.10986864566802979,0.04905295372009277,0.11915066838264465,-178.6442413330078,179.28578186035156,-0.11915066838264465,-0.3535834848880768,0.23277847468852997,39454,-0.318844199180603,-0.4011707603931427,0.36643147468566895,0.050344616174697876,0.0930948331952095,0.08933901786804199,-2856.584716796875,880.2669677734375,-68.85528564453125
20251022_154159.241089,0.9922537803649902,1.1099042892456055,0.9515926241874695,0.007746219635009766,-0.10990428924560547,0.04840737581253052,0.07195592671632767,-178.690673828125,178.8582000732422,-0.07195592671632767,-0.2967778146266937,0.14413604140281677,39464,-0.31464794278144836,-0.40175551176071167,0.4196256399154663,0.05035042762756348,0.09319552779197693,0.0005900859832763672,-2857.511474609375,879.1681518554688,-57.02972412109375
20251022_154159.250132,0.9921082258224487,1.1098475456237793,0.9522379636764526,0.00789177417755127,-0.1098475456237793,0.04776203632354736,-0.02043067291378975,-178.672119140625,178.85873413085938,0.02043067291378975,-0.2933151125907898,0.240659698843956,39612,-0.31045323610305786,-0.4023325443267822,0.4194706678390503,0.05129653215408325,0.09329717606306076,0.09606599807739258,-2856.0361328125,878.0693969726562,90.789794921875
20251022_154159.260648,0.9920006990432739,1.109775185585022,0.9528284668922424,0.007999300956726074,-0.10977518558502197,0.04717153310775757,0.005801367107778788,-178.80426025390625,178.68771362304688,-0.005801367107778788,-0.32569000124931335,0.2163635939359665,39638,-0.3066149652004242,-0.40290212631225586,0.3838270902633667,0.05199545621871948,0.09340047091245651,0.0709676742553711,-2854.15478515625,876.9712524414062,115.77606201171875
20251022_154159.270802,0.9918636679649353,1.1097074747085571,0.9533655047416687,0.008136332035064697,-0.10970747470855713,0.0466344952583313,0.12227185815572739,-178.99075317382812,178.5407257080078,-0.12227185815572739,-0.3575145900249481,0.23683202266693115,39631,-0.30312421917915344,-0.4034649729728699,0.3490746021270752,0.05288615822792053,0.09350535273551941,0.09044051170349121,-2852.394287109375,875.8738403320312,108.33740234375
20251022_154159.280232,0.991744875907898,1.1096261739730835,0.9539276361465454,0.00825512409210205,-0.1096261739730835,0.04607236385345459,0.01764567755162716,-179.24314880371094,178.48899841308594,-0.01764567755162716,-0.3381061553955078,0.22567296028137207,39654,-0.29947036504745483,-0.4040212035179138,0.36538541316986084,0.05365830659866333,0.09361189603805542,0.07840275764465332,-2850.280517578125,874.7771606445312,130.0811767578125
20251022_154159.290808,0.9916248917579651,1.109598994255066,0.9544381499290466,0.008375108242034912,-0.10959899425506592,0.04556185007095337,0.009105505421757698,-179.30677795410156,178.62782287597656,-0.009105505421757698,-0.36888909339904785,0.227347731590271,39567,-0.2961520254611969,-0.4045710265636444,0.33183395862579346,0.05443820357322693,0.09371998906135559,0.07918953895568848,-2849.57373046875,873.6810302734375,43.487548828125
20251022_154159.300788,0.9915088415145874,1.1095908880233765,0.9549656510353088,0.008491158485412598,-0.10959088802337646,0.04503434896469116,0.09579656273126602,-179.11973571777344,178.74888610839844,-0.09579656273126602,-0.35496214032173157,0.22561530768871307,39536,-0.29272326827049255,-0.4051145911216736,0.34287571907043457,0.055192530155181885,0.09382962435483932,0.07659316062927246,-2849.363037109375,872.5850830078125,12.969970703125
20251022_154159.311298,0.9913705587387085,1.109560251235962,0.9556079506874084,0.008629441261291504,-0.10956025123596191,0.04439204931259155,0.20874032378196716,-179.0859832763672,178.81558227539062,-0.20874032378196716,-0.27670469880104065,0.24129889905452728,39571,-0.2885483205318451,-0.40565115213394165,0.4174947738647461,0.056091368198394775,0.09394090622663498,0.09126663208007812,-2848.566650390625,871.4893188476562,49.01885986328125
20251022_154159.321136,0.9912108778953552,1.109573245048523,0.9561000466346741,0.008789122104644775,-0.10957324504852295,0.04389995336532593,0.3255694806575775,-178.98208618164062,178.79071044921875,-0.3255694806575775,-0.3716682195663452,0.25657278299331665,39500,-0.28534969687461853,-0.40618088841438293,0.31986236572265625,0.05712929368019104,0.09405412524938583,0.10538935661315918,-2848.904296875,870.3936767578125,-20.79010009765625
20251022_154159.330577,0.9910757541656494,1.1095784902572632,0.9567297101020813,0.008924245834350586,-0.10957849025726318,0.0432702898979187,0.07311087846755981,-178.8154296875,178.9391326904297,-0.07311087846755981,-0.2786795496940613,0.24135851860046387,39511,-0.28125688433647156,-0.406703919172287,0.40928125381469727,0.05800759792327881,0.0941692590713501,0.08918166160583496,-2849.040771484375,869.2979125976562,-8.392333984375
20251022_154159.340739,0.9909738302230835,1.1094948053359985,0.9572758674621582,0.009026169776916504,-0.10949480533599854,0.0427241325378418,0.15390512347221375,-178.635986328125,178.78839111328125,-0.15390512347221375,-0.32992446422576904,0.22022584080696106,39655,-0.2777068614959717,-0.40721988677978516,0.3550022840499878,0.058670103549957275,0.09428594261407852,0.06726980209350586,-2846.864990234375,868.2025756835938,133.8958740234375
20251022_154159.350801,0.9908498525619507,1.1094205379486084,0.9578278064727783,0.009150147438049316,-0.1094205379486084,0.04217219352722168,0.10345639288425446,-178.64987182617188,178.72369384765625,-0.10345639288425446,-0.3230881690979004,0.23570530116558075,39641,-0.2741192579269409,-0.40772926807403564,0.35876035690307617,0.05947595834732056,0.09440408647060394,0.08182525634765625,-2844.93408203125,867.1079711914062,118.82781982421875
20251022_154159.360737,0.9907400608062744,1.109375238418579,0.9583820700645447,0.009259939193725586,-0.1093752384185791,0.04161792993545532,0.06136559695005417,-178.5811309814453,178.7776336669922,-0.06136559695005417,-0.31847721338272095,0.22717592120170593,39594,-0.2705165445804596,-0.4082320034503937,0.3602713346481323,0.06018960475921631,0.09452375024557114,0.07246255874633789,-2843.756103515625,866.0139770507812,72.479248046875
20251022_154159.370774,0.9905831217765808,1.1093746423721313,0.9589518904685974,0.00941687822341919,-0.10937464237213135,0.04104810953140259,0.23140175640583038,-178.4373779296875,178.75234985351562,-0.23140175640583038,-0.30515745282173157,0.25943461060523987,39522,-0.2668127119541168,-0.4087280035018921,0.37038326263427734,0.06120970845222473,0.09464515000581741,0.10357975959777832,-2843.74072265625,864.9202270507812,0.95367431640625
20251022_154159.380534,0.9904820919036865,1.1094028949737549,0.9594680666923523,0.009517908096313477,-0.10940289497375488,0.040531933307647705,0.2371310591697693,-178.1190948486328,178.84286499023438,-0.2371310591697693,-0.33716049790382385,0.2233143448829651,39474,-0.2634575664997101,-0.4092174768447876,0.33551454544067383,0.0618664026260376,0.094768226146698,0.06667971611022949,-2844.475341796875,863.8263549804688,-45.20416259765625
20251022_154159.390569,0.9902977347373962,1.1095649003982544,0.9600352644920349,0.00970226526260376,-0.1095649003982544,0.03996473550796509,0.41460466384887695,-177.1973114013672,179.257568359375,-0.41460466384887695,-0.3007926642894745,0.27963361144065857,39254,-0.25977078080177307,-0.4097004532814026,0.36867856979370117,0.06306472420692444,0.09489315748214722,0.12167572975158691,-2848.6875,862.7315063476562,-259.20867919921875
20251022_154159.400478,0.9902560114860535,1.109345555305481,0.960498571395874,0.009743988513946533,-0.10934555530548096,0.03950142860412598,0.264787882566452,-177.89500427246094,178.98292541503906,-0.264787882566452,-0.3657870590686798,0.18589283525943756,39869,-0.25675928592681885,-0.4101772606372833,0.30114948749542236,0.06333592534065247,0.09501955658197403,0.02753734588623047,-2842.984375,861.636962890625,350.9521484375
20251022_154159.410547,0.9899990558624268,1.1091915369033813,0.9609877467155457,0.010000944137573242,-0.10919153690338135,0.039012253284454346,0.30171331763267517,-177.8587188720703,179.28216552734375,-0.30171331763267517,-0.3462640345096588,0.32974475622177124,39767,-0.25357964634895325,-0.4106483459472656,0.31796395778656006,0.06500613689422607,0.09514790028333664,0.16959071159362793,-2838.97998046875,860.5443115234375,246.429443359375
20251022_154159.420808,0.989851713180542,1.1091469526290894,0.9616263508796692,0.010148286819458008,-0.10914695262908936,0.03837364912033081,0.03377367928624153,-178.04017639160156,179.4573516845703,-0.03377367928624153,-0.24544867873191833,0.25848889350891113,39592,-0.24942871928215027,-0.4111126661300659,0.41509270668029785,0.06596386432647705,0.09527887403964996,0.09724617004394531,-2837.82080078125,859.4525756835938,71.3348388671875
20251022_154159.430519,0.9898425340652466,1.1091587543487549,0.9622479677200317,0.010157465934753418,-0.10915875434875488,0.03775203227996826,0.15626783668994904,-178.30404663085938,179.11404418945312,-0.15626783668994904,-0.2529066801071167,0.1674925982952118,39501,-0.2453882098197937,-0.41156941652297974,0.40405094623565674,0.06602352857589722,0.09541086107492447,0.006058216094970703,-2838.127685546875,858.361083984375,-18.88275146484375
20251022_154159.440598,0.9897257089614868,1.109155297279358,0.9627901911735535,0.010274291038513184,-0.10915529727935791,0.03720980882644653,0.21564853191375732,-178.17567443847656,179.0228729248047,-0.21564853191375732,-0.30143770575523376,0.23943112790584564,39524,-0.24186375737190247,-0.41201919317245483,0.35244524478912354,0.0667828917503357,0.09554366767406464,0.07710456848144531,-2838.037841796875,857.2694702148438,5.53131103515625
20251022_154159.450509,0.9896162152290344,1.1091359853744507,0.9633358716964722,0.010383784770965576,-0.10913598537445068,0.03666412830352783,0.20229531824588776,-178.07781982421875,178.9848175048828,-0.20229531824588776,-0.2960869073867798,0.23543840646743774,39549,-0.2383168339729309,-0.41246241331100464,0.35469233989715576,0.06749460101127625,0.0956779420375824,0.0722658634185791,-2837.53564453125,856.1780395507812,30.8990478515625
20251022_154159.460485,0.9895188212394714,1.1091561317443848,0.9638156890869141,0.010481178760528564,-0.10915613174438477,0.03618431091308594,0.21194446086883545,-177.88290405273438,179.103271484375,-0.21194446086883545,-0.3362162411212921,0.22822125256061554,39484,-0.2351980209350586,-0.41289952397346497,0.31188130378723145,0.06812766194343567,0.0958135649561882,0.06428003311157227,-2838.059326171875,855.0865478515625,-32.23419189453125
20251022_154159.470520,0.9892569184303284,1.1090840101242065,0.9643056392669678,0.01074308156967163,-0.10908401012420654,0.03569436073303223,0.15392446517944336,-177.651123046875,179.5576934814453,-0.15392446517944336,-0.32687652111053467,0.33863741159439087,39633,-0.23201334476470947,-0.4133307933807373,0.3184676170349121,0.0698300302028656,0.09595151990652084,0.17285585403442383,-2836.184326171875,853.995361328125,115.39459228515625
20251022_154159.480819,0.9893641471862793,1.109308123588562,0.9648569822311401,0.010635852813720703,-0.10930812358856201,0.03514301776885986,0.11256089061498642,-178.0529022216797,178.27413940429688,-0.11256089061498642,-0.2838124930858612,0.09445255249738693,39152,-0.2284296154975891,-0.4137558043003082,0.35837292671203613,0.06913304328918457,0.09609048813581467,-0.0707709789276123,-2842.01123046875,852.9034423828125,-358.58154296875
20251022_154159.490444,0.9892699718475342,1.1092383861541748,0.9654218554496765,0.01073002815246582,-0.1092383861541748,0.034578144550323486,0.19234274327754974,-178.36685180664062,178.17335510253906,-0.19234274327754974,-0.27176448702812195,0.2281302660703659,39623,-0.22475793957710266,-0.4141741394996643,0.367167592048645,0.06974518299102783,0.09622936695814133,0.062155723571777344,-2840.197998046875,851.8106689453125,111.57989501953125
20251022_154159.500184,0.9889047741889954,1.1088745594024658,0.9660252332687378,0.011095225811004639,-0.10887455940246582,0.03397476673126221,0.08506031334400177,-178.03982543945312,179.54869079589844,-0.08506031334400177,-0.2432258576154709,0.4095206558704376,40102,-0.22083598375320435,-0.4145854711532593,0.39219558238983154,0.07211896777153015,0.09637122601270676,0.24103045463562012,-2830.738525390625,850.7200927734375,582.122802734375
20251022_154159.510888,0.9889259934425354,1.108867883682251,0.9666287899017334,0.0110740065574646,-0.10886788368225098,0.0333712100982666,0.1531289517879486,-178.0768280029297,179.07373046875,-0.1531289517879486,-0.239590585231781,0.15449166297912598,39529,-0.2169128656387329,-0.41498953104019165,0.39231181144714355,0.0719810426235199,0.09651532769203186,-0.014004707336425781,-2830.56494140625,849.6314086914062,10.68115234375
20251022_154159.521348,0.9888066053390503,1.1088496446609497,0.9671381711959839,0.011193394660949707,-0.10884964466094971,0.03286182880401611,0.17448790371418,-178.17652893066406,179.00331115722656,-0.17448790371418,-0.2978909909725189,0.2482132762670517,39547,-0.21360188722610474,-0.41538694500923157,0.3310978412628174,0.0727570652961731,0.0966600626707077,0.0787961483001709,-2830.0908203125,848.5428466796875,29.18243408203125
20251022_154159.530913,0.988711416721344,1.1088614463806152,0.9676312804222107,0.011288583278656006,-0.10886144638061523,0.03236871957778931,0.2043893039226532,-178.17601013183594,178.9365997314453,-0.2043893039226532,-0.30565398931503296,0.23300647735595703,39498,-0.2103966772556305,-0.4157783091068268,0.3205209970474243,0.07337579131126404,0.09680619835853577,0.06282448768615723,-2830.397705078125,847.4542846679688,-18.88275146484375
20251022_154159.541070,0.9884274005889893,1.1088091135025024,0.9681025147438049,0.011572599411010742,-0.10880911350250244,0.03189748525619507,0.07506480067968369,-178.1619110107422,179.42222595214844,-0.07506480067968369,-0.31719526648521423,0.3596273362636566,39601,-0.20733365416526794,-0.41616392135620117,0.3063023090362549,0.07522189617156982,0.09695480018854141,0.18745064735412598,-2829.036865234375,846.3659057617188,83.73260498046875
20251022_154159.551014,0.9883033037185669,1.1087387800216675,0.9686086177825928,0.011696696281433105,-0.10873878002166748,0.03139138221740723,0.1564590185880661,-178.0638885498047,179.3474884033203,-0.1564590185880661,-0.2916206419467926,0.2550384998321533,39630,-0.20404398441314697,-0.4165436327457428,0.32896697521209717,0.07602852582931519,0.09710604697465897,0.08190393447875977,-2827.208251953125,845.2781982421875,112.5335693359375
20251022_154159.560668,0.9882144331932068,1.1086273193359375,0.9691241979598999,0.011785566806793213,-0.1086273193359375,0.030875802040100098,0.24296563863754272,-178.33795166015625,179.21755981445312,-0.24296563863754272,-0.2824828624725342,0.23251941800117493,39698,-0.20069271326065063,-0.41691726446151733,0.3351271152496338,0.07660618424415588,0.09725867956876755,0.0586545467376709,-2824.310302734375,844.1913452148438,178.33709716796875
20251022_154159.570614,0.9881431460380554,1.1084917783737183,0.9697543978691101,0.01185685396194458,-0.10849177837371826,0.030245602130889893,0.3513278663158417,-178.60345458984375,178.93287658691406,-0.3513278663158417,-0.20425045490264893,0.2215314358472824,39739,-0.1965964138507843,-0.4172839820384979,0.4096299409866333,0.07706955075263977,0.0974123552441597,0.047049522399902344,-2820.7861328125,843.1057739257812,216.86553955078125
20251022_154159.580662,0.9881417751312256,1.108532190322876,0.9702979326248169,0.011858224868774414,-0.10853219032287598,0.029702067375183105,0.35371315479278564,-178.79818725585938,178.5271453857422,-0.35371315479278564,-0.2574095129966736,0.17554976046085358,39455,-0.19306343793869019,-0.417643666267395,0.3532975912094116,0.07707846164703369,0.09756650775671005,0.0009047985076904297,-2821.8369140625,842.0206298828125,-64.65911865234375
20251022_154159.590559,0.9879910945892334,1.1084961891174316,0.9708178043365479,0.012008905410766602,-0.10849618911743164,0.02918219566345215,0.1995258331298828,-178.62155151367188,178.76329040527344,-0.1995258331298828,-0.26976463198661804,0.27522867918014526,39577,-0.18968427181243896,-0.41799697279930115,0.33791661262512207,0.07805788516998291,0.0977216437458992,0.09944915771484375,-2820.90087890625,840.9354858398438,57.6019287109375
20251022_154159.600844,0.987736165523529,1.1084120273590088,0.9712925553321838,0.012263834476470947,-0.10841202735900879,0.028707444667816162,0.1255081295967102,-178.5233154296875,179.0685272216797,-0.1255081295967102,-0.2963545620441437,0.3458475172519684,39655,-0.18659839034080505,-0.41834431886672974,0.3085881471633911,0.07971492409706116,0.09787941724061966,0.16825318336486816,-2818.712646484375,839.8509521484375,134.6588134765625
20251022_154159.610734,0.9876338839530945,1.1083604097366333,0.9717866778373718,0.012366116046905518,-0.1083604097366333,0.028213322162628174,0.16131450235843658,-178.52151489257812,179.03085327148438,-0.16131450235843658,-0.2808927893638611,0.24592509865760803,39603,-0.18338659405708313,-0.41868582367897034,0.3211796283721924,0.08037975430488586,0.09803950786590576,0.0675058364868164,-2817.37060546875,838.76708984375,82.58819580078125
20251022_154159.620873,0.9876537322998047,1.1083505153656006,0.9723506569862366,0.012346267700195312,-0.10835051536560059,0.027649343013763428,0.23821064829826355,-178.63717651367188,178.7225799560547,-0.23821064829826355,-0.23215529322624207,0.16535097360610962,39536,-0.17972072958946228,-0.41902101039886475,0.36658644676208496,0.08025074005126953,0.09820014238357544,-0.013099908828735352,-2817.11328125,837.6835327148438,15.83099365234375
20251022_154159.630715,0.9875438809394836,1.1083149909973145,0.9728093147277832,0.012456119060516357,-0.10831499099731445,0.027190685272216797,0.3171468675136566,-178.6273193359375,178.60574340820312,-0.3171468675136566,-0.2979619801044464,0.25182801485061646,39577,-0.17673945426940918,-0.4193500578403473,0.29812753200531006,0.08096477389335632,0.09836135804653168,0.07250189781188965,-2816.189697265625,836.6002197265625,56.8389892578125
20251022_154159.640927,0.987379789352417,1.108325719833374,0.973374605178833,0.012620210647583008,-0.10832571983337402,0.026625394821166992,0.380835622549057,-178.9073486328125,178.61978149414062,-0.380835622549057,-0.22529922425746918,0.28885617852211,39501,-0.17306506633758545,-0.4196729362010956,0.36743879318237305,0.08203136920928955,0.09852435439825058,0.10830044746398926,-2816.46875,835.5169677734375,-17.1661376953125
20251022_154159.650848,0.9873002767562866,1.1082284450531006,0.9738733768463135,0.012699723243713379,-0.10822844505310059,0.026126623153686523,0.41227206587791443,-179.0181427001953,178.43429565429688,-0.41227206587791443,-0.265610933303833,0.23371544480323792,39676,-0.1698230504989624,-0.4199894666671753,0.3242015838623047,0.08254820108413696,0.09868893027305603,0.05247831344604492,-2813.939453125,834.4342041015625,155.6396484375
20251022_154159.660761,0.9871968626976013,1.1081644296646118,0.9743013381958008,0.012803137302398682,-0.10816442966461182,0.02569866180419922,0.402858704328537,-179.01132202148438,178.34796142578125,-0.402858704328537,-0.309166818857193,0.2503283619880676,39623,-0.16704130172729492,-0.4203003942966461,0.27817487716674805,0.08322039246559143,0.09885469824075699,0.0682532787322998,-2812.275146484375,833.3522338867188,102.42462158203125
20251022_154159.670974,0.9871122241020203,1.108157992362976,0.974686324596405,0.012887775897979736,-0.10815799236297607,0.02531367540359497,0.4067356288433075,-178.87652587890625,178.47447204589844,-0.4067356288433075,-0.3349042236804962,0.23865370452404022,39530,-0.1645388901233673,-0.42060649394989014,0.25024116039276123,0.08377054333686829,0.09902168810367584,0.055861473083496094,-2812.10791015625,832.2706298828125,10.2996826171875
20251022_154159.680779,0.9870060086250305,1.1080894470214844,0.9752681255340576,0.012993991374969482,-0.10808944702148438,0.024731874465942383,0.11886771768331528,-178.58677673339844,178.93174743652344,-0.11886771768331528,-0.20349332690238953,0.25375306606292725,39630,-0.1607571840286255,-0.42090675234794617,0.37817060947418213,0.08446094393730164,0.09918992221355438,0.07010221481323242,-2810.32568359375,831.1893920898438,109.67254638671875
20251022_154159.690787,0.986891508102417,1.1080659627914429,0.9757188558578491,0.013108491897583008,-0.10806596279144287,0.02428114414215088,0.12780067324638367,-178.48178100585938,178.93731689453125,-0.12780067324638367,-0.2860535681247711,0.26013514399528503,39557,-0.1578274369239807,-0.42120084166526794,0.29297471046447754,0.08520519733428955,0.09935958683490753,0.07557034492492676,-2809.715087890625,830.108642578125,37.57476806640625
20251022_154159.700673,0.9868043065071106,1.107993483543396,0.9762260913848877,0.013195693492889404,-0.107993483543396,0.023773908615112305,0.2671789824962616,-178.65562438964844,178.67112731933594,-0.2671789824962616,-0.24631647765636444,0.24285562336444855,39637,-0.15453040599822998,-0.4214891791343689,0.32970309257507324,0.08577200770378113,0.09953056275844574,0.05755305290222168,-2807.83056640625,829.0283203125,115.966796875
20251022_154159.710734,0.986689031124115,1.1079208850860596,0.9766701459884644,0.01331096887588501,-0.10792088508605957,0.023329854011535645,0.25720521807670593,-178.63888549804688,178.5958709716797,-0.25720521807670593,-0.284780353307724,0.2623059153556824,39638,-0.1516440510749817,-0.4217717945575714,0.2886354923248291,0.08652129769325256,0.0997028574347496,0.07608175277709961,-2805.943115234375,827.9487915039062,116.15753173828125
20251022_154159.720855,0.9865397214889526,1.107834815979004,0.9772455096244812,0.013460278511047363,-0.1078348159790039,0.0227544903755188,0.39055415987968445,-178.5568389892578,178.38597106933594,-0.39055415987968445,-0.19596612453460693,0.28591305017471313,39660,-0.1479041874408722,-0.42204830050468445,0.3739863634109497,0.08749181032180786,0.09987687319517136,0.09854435920715332,-2803.705322265625,826.8699951171875,137.7105712890625
20251022_154159.730682,0.9864757061004639,1.1077719926834106,0.9776567220687866,0.013524293899536133,-0.10777199268341064,0.02234327793121338,0.4265747368335724,-178.51914978027344,178.38113403320312,-0.4265747368335724,-0.30026209354400635,0.2302103340625763,39624,-0.14523130655288696,-0.42231887578964233,0.26728808879852295,0.08790791034698486,0.10005227476358414,0.04225015640258789,-2802.07177734375,825.7919311523438,100.51727294921875
20251022_154159.740766,0.9864059686660767,1.107744812965393,0.9780371785163879,0.01359403133392334,-0.10774481296539307,0.02196282148361206,0.36549144983291626,-178.50111389160156,178.46575927734375,-0.36549144983291626,-0.31804636120796204,0.2346164584159851,39566,-0.1427583396434784,-0.4225847125053406,0.24729669094085693,0.08836120367050171,0.10022854059934616,0.04602670669555664,-2801.365234375,824.71435546875,43.487548828125
20251022_154159.750872,0.9863068461418152,1.1077120304107666,0.9784532189369202,0.013693153858184814,-0.1077120304107666,0.021546781063079834,0.256453275680542,-178.23275756835938,178.49307250976562,-0.256453275680542,-0.29247358441352844,0.25483226776123047,39575,-0.14005407691001892,-0.4228457808494568,0.27042627334594727,0.0890055000782013,0.10040590912103653,0.06542086601257324,-2800.5126953125,823.6370849609375,52.45208740234375
20251022_154159.760906,0.9862262606620789,1.1076819896697998,0.9788047075271606,0.013773739337921143,-0.1076819896697998,0.021195292472839355,0.2574724555015564,-177.95420837402344,178.50831604003906,-0.2574724555015564,-0.3324040472507477,0.2433001697063446,39570,-0.1377694010734558,-0.4231022298336029,0.22846758365631104,0.08952930569648743,0.10058443993330002,0.05318641662597656,-2799.731689453125,822.5601196289062,48.065185546875
20251022_154159.770847,0.986124575138092,1.1076115369796753,0.9792501330375671,0.013875424861907959,-0.10761153697967529,0.02074986696243286,0.15642042458057404,-177.89845275878906,178.53514099121094,-0.15642042458057404,-0.2687014639377594,0.258066862821579,39636,-0.1348741352558136,-0.423353910446167,0.2895265817642212,0.09019026160240173,0.10076416283845901,0.06711244583129883,-2797.89990234375,821.483642578125,112.72430419921875
20251022_154159.780878,0.986009418964386,1.1075129508972168,0.9797044992446899,0.013990581035614014,-0.1075129508972168,0.02029550075531006,0.33834272623062134,-177.9485626220703,178.53179931640625,-0.33834272623062134,-0.2601828873157501,0.267887145280838,39682,-0.13192075490951538,-0.4236001670360565,0.2953380346298218,0.09093877673149109,0.10094529390335083,0.0760030746459961,-2795.336669921875,820.4080200195312,157.73773193359375
20251022_154159.790899,0.9858884215354919,1.1073634624481201,0.9801715612411499,0.014111578464508057,-0.10736346244812012,0.019828438758850098,0.16999126970767975,-177.95848083496094,178.85877990722656,-0.16999126970767975,-0.24913546442985535,0.27271151542663574,39767,-0.12888485193252563,-0.4238409101963043,0.3035902976989746,0.09172526001930237,0.10112795233726501,0.07985830307006836,-2791.449951171875,819.3336181640625,239.1815185546875
20251022_154159.800283,0.9857698678970337,1.1073715686798096,0.9804211258888245,0.014230132102966309,-0.10737156867980957,0.019578874111175537,0.17760878801345825,-177.6835479736328,179.05397033691406,-0.17760878801345825,-0.38912302255630493,0.27205345034599304,39513,-0.127262681722641,-0.4240773618221283,0.16221702098846436,0.092495858669281,0.10131217539310455,0.07824540138244629,-2791.660888671875,818.2599487304688,-12.969970703125
20251022_154159.810671,0.9857482314109802,1.1072280406951904,0.980911135673523,0.014251768589019775,-0.10722804069519043,0.01908886432647705,0.1403091996908188,-177.99920654296875,178.9820098876953,-0.1403091996908188,-0.22988061606884003,0.20841388404369354,39758,-0.12407761812210083,-0.4243093729019165,0.3185063600540161,0.09263649582862854,0.10149730741977692,0.014280080795288086,-2787.928955078125,817.1869506835938,229.644775390625
20251022_154159.820410,0.9856535196304321,1.1071417331695557,0.9813456535339355,0.014346480369567871,-0.10714173316955566,0.018654346466064453,0.09661819040775299,-177.9662322998047,179.04705810546875,-0.09661819040775299,-0.2633524537086487,0.2574450969696045,39668,-0.12125325202941895,-0.4245358109474182,0.2824366092681885,0.09325212240219116,0.10168319940567017,0.06250977516174316,-2785.68505859375,816.1151123046875,138.092041015625
20251022_154159.830443,0.9854392409324646,1.1070053577423096,0.98160320520401,0.0145607590675354,-0.10700535774230957,0.01839679479598999,0.16760028898715973,-177.8212890625,179.37359619140625,-0.16760028898715973,-0.3769287168979645,0.337939977645874,39751,-0.11957916617393494,-0.4247581362724304,0.16740858554840088,0.0946449339389801,0.10187109559774399,0.14142394065856934,-2782.139404296875,815.0443725585938,218.20068359375
20251022_154159.841056,0.9853235483169556,1.1068865060806274,0.982032060623169,0.014676451683044434,-0.10688650608062744,0.017967939376831055,0.38526058197021484,-177.84735107421875,179.33486938476562,-0.38526058197021484,-0.2630119025707245,0.27381518483161926,39725,-0.11679160594940186,-0.42497631907463074,0.2787560224533081,0.09539693593978882,0.10206113755702972,0.07635712623596191,-2779.049072265625,813.9749145507812,190.16265869140625
20251022_154159.850623,0.9852635264396667,1.1067355871200562,0.9824382066726685,0.014736473560333252,-0.10673558712005615,0.017561793327331543,0.38513118028640747,-177.86434936523438,179.1842498779297,-0.38513118028640747,-0.27534621953964233,0.23765383660793304,39779,-0.11415165662765503,-0.4251894950866699,0.2639949321746826,0.09578707814216614,0.10225231945514679,0.03961443901062012,-2775.125244140625,812.9067993164062,241.4703369140625
20251022_154159.860620,0.9851930141448975,1.1065852642059326,0.9828472137451172,0.014806985855102539,-0.10658526420593262,0.017152786254882812,0.47368136048316956,-177.9557647705078,178.9410858154297,-0.47368136048316956,-0.271036297082901,0.2452278733253479,39781,-0.11149311065673828,-0.4253977835178375,0.2658545970916748,0.0962454080581665,0.1024443507194519,0.04653811454772949,-2771.216796875,811.8402099609375,240.51666259765625
20251022_154159.870520,0.9850900173187256,1.106447696685791,0.9833066463470459,0.014909982681274414,-0.10644769668579102,0.0166933536529541,0.3346399962902069,-178.10305786132812,178.83741760253906,-0.3346399962902069,-0.23547646403312683,0.26753029227256775,39763,-0.10850679874420166,-0.4256008565425873,0.2986311912536621,0.09691488742828369,0.10263751447200775,0.0679779052734375,-2767.64013671875,810.7750244140625,220.1080322265625
20251022_154159.880228,0.9851638674736023,1.1064351797103882,0.983659565448761,0.014836132526397705,-0.10643517971038818,0.016340434551239014,0.3623136281967163,-178.35595703125,178.55557250976562,-0.3623136281967163,-0.3026144802570343,0.15052461624145508,39562,-0.10621282458305359,-0.42579907178878784,0.22939741611480713,0.09643486142158508,0.10283086448907852,-0.04874110221862793,-2767.314697265625,809.7106323242188,20.02716064453125
20251022_154159.890606,0.9851226210594177,1.1063729524612427,0.9839784502983093,0.014877378940582275,-0.10637295246124268,0.016021549701690674,0.3502465486526489,-178.4039306640625,178.54515075683594,-0.3502465486526489,-0.32285815477371216,0.22694960236549377,39642,-0.10414007306098938,-0.4259932339191437,0.2072751522064209,0.09670296311378479,0.10302399843931198,0.027222633361816406,-2765.69677734375,808.6466064453125,99.5635986328125
20251022_154159.900241,0.9850711822509766,1.106257438659668,0.9842738509178162,0.014928817749023438,-0.10625743865966797,0.015726149082183838,0.40534916520118713,-178.3458709716797,178.48411560058594,-0.40534916520118713,-0.3363932967185974,0.23420466482639313,39729,-0.10221996903419495,-0.4261837303638458,0.19201040267944336,0.09703731536865234,0.10321774333715439,0.03394961357116699,-2762.693359375,807.5834350585938,184.82208251953125
20251022_154159.910622,0.9849991202354431,1.1061900854110718,0.9845991730690002,0.015000879764556885,-0.10619008541107178,0.015400826930999756,0.41637149453163147,-178.1431121826172,178.50477600097656,-0.41637149453163147,-0.3150164484977722,0.2484789341688156,39653,-0.10010537505149841,-0.4263704717159271,0.21145939826965332,0.09750571846961975,0.10341228544712067,0.047560930252075195,-2760.942138671875,806.5211791992188,107.76519775390625
20251022_154159.921380,0.9847654700279236,1.105985164642334,0.9849717617034912,0.015234529972076416,-0.10598516464233398,0.015028238296508789,0.4307038486003876,-178.1451873779297,178.6560821533203,-0.4307038486003876,-0.28205400705337524,0.35684239864349365,39877,-0.09768354892730713,-0.42655307054519653,0.24218261241912842,0.0990244448184967,0.10360881686210632,0.15420913696289062,-2755.6142578125,805.4603271484375,327.87322998046875
20251022_154159.930372,0.9846776127815247,1.1058610677719116,0.9853182435035706,0.015322387218475342,-0.10586106777191162,0.014681756496429443,0.47235527634620667,-178.1975555419922,178.54348754882812,-0.47235527634620667,-0.296949565410614,0.26138871908187866,39750,-0.09543141722679138,-0.42673131823539734,0.2252131700515747,0.09959551692008972,0.10380743443965912,0.057985782623291016,-2752.3876953125,804.4010620117188,198.55499267578125
20251022_154159.940680,0.9846035242080688,1.105787992477417,0.9856305122375488,0.015396475791931152,-0.10578799247741699,0.014369487762451172,0.49737560749053955,-178.46621704101562,178.50498962402344,-0.49737560749053955,-0.3173326253890991,0.25298264622688293,39669,-0.09340167045593262,-0.42690563201904297,0.20297467708587646,0.10007709264755249,0.10400710254907608,0.04889845848083496,-2750.48779296875,803.3428344726562,116.92047119140625
20251022_154159.950256,0.9847102761268616,1.105615258216858,0.9861798882484436,0.015289723873138428,-0.10561525821685791,0.013820111751556396,0.16398076713085175,-178.34402465820312,179.38363647460938,-0.16398076713085175,-0.1598110795021057,0.13313350081443787,39832,-0.08983072638511658,-0.42707476019859314,0.357094407081604,0.09938320517539978,0.10420656949281693,-0.07045626640319824,-2745.996826171875,802.2858276367188,276.37481689453125
20251022_154159.961322,0.9845523238182068,1.1054614782333374,0.9865372180938721,0.015447676181793213,-0.1054614782333374,0.01346278190612793,0.32047414779663086,-178.21978759765625,179.6403045654297,-0.32047414779663086,-0.2824821472167969,0.3090647757053375,39805,-0.08750808238983154,-0.42723846435546875,0.23226439952850342,0.10040989518165588,0.10440635681152344,0.1042485237121582,-2741.99853515625,801.23046875,246.0479736328125
20251022_154159.970886,0.9844480752944946,1.105415940284729,0.9868744015693665,0.015551924705505371,-0.105415940284729,0.013125598430633545,0.34012293815612793,-178.2231903076172,179.69004821777344,-0.34012293815612793,-0.293545126914978,0.27449938654899597,39632,-0.08531638979911804,-0.4273979961872101,0.2191692590713501,0.10108751058578491,0.10460785776376724,0.06880402565002441,-2740.814453125,800.1760864257812,72.8607177734375
20251022_154159.980897,0.9843959212303162,1.1053285598754883,0.987295925617218,0.015604078769683838,-0.10532855987548828,0.012704074382781982,0.24545569717884064,-178.04173278808594,179.7663116455078,-0.24545569717884064,-0.23613882064819336,0.24065856635570526,39700,-0.08257648348808289,-0.4275529682636261,0.2739906311035156,0.10142651200294495,0.10481037199497223,0.034421682357788086,-2738.54248046875,799.122314453125,139.80865478515625
20251022_154159.990829,0.9842652678489685,1.105324149131775,0.9876703023910522,0.015734732151031494,-0.1053241491317749,0.012329697608947754,0.2799100875854492,-178.11138916015625,179.724609375,-0.2799100875854492,-0.26450130343437195,0.29352107644081116,39566,-0.0801430344581604,-0.4277031719684601,0.24334490299224854,0.10227575898170471,0.10501407086849213,0.08623123168945312,-2738.427978515625,798.069091796875,7.05718994140625
20251022_154200.000079,0.9843305945396423,1.1053746938705444,0.9879558086395264,0.015669405460357666,-0.10537469387054443,0.012044191360473633,0.3426872491836548,-178.3303985595703,179.32467651367188,-0.3426872491836548,-0.3205575942993164,0.1639537215232849,39476,-0.07828724384307861,-0.4278494119644165,0.1855790615081787,0.10185113549232483,0.10521820187568665,-0.04311561584472656,-2739.741943359375,797.0155639648438,-80.87158203125
20251022_154200.011051,0.9842901825904846,1.1053580045700073,0.9882346987724304,0.01570981740951538,-0.10535800457000732,0.01176530122756958,0.33187437057495117,-178.56480407714844,179.29006958007812,-0.33187437057495117,-0.3231881558895111,0.2342078685760498,39583,-0.07647445797920227,-0.4279922842979431,0.18127858638763428,0.10211381316184998,0.10542216151952744,0.026671886444091797,-2739.30810546875,795.9619140625,26.702880859375
20251022_154200.020755,0.9840866327285767,1.1052703857421875,0.9884968996047974,0.01591336727142334,-0.1052703857421875,0.011503100395202637,0.2741387188434601,-178.6381072998047,179.6202392578125,-0.2741387188434601,-0.33247148990631104,0.3434075117111206,39698,-0.07477015256881714,-0.4281318783760071,0.17043054103851318,0.10343688726425171,0.10562771558761597,0.13434290885925293,-2737.030029296875,794.9087524414062,140.19012451171875
20251022_154200.030843,0.9840370416641235,1.105266809463501,0.9887787103652954,0.015962958335876465,-0.10526680946350098,0.01122128963470459,0.3225655257701874,-178.50570678710938,179.5858917236328,-0.3225655257701874,-0.31802961230278015,0.24232424795627594,39562,-0.07293838262557983,-0.4282682240009308,0.18317699432373047,0.10375922918319702,0.10583490878343582,0.0327301025390625,-2736.93701171875,793.8560791015625,5.7220458984375
20251022_154200.040780,0.983988344669342,1.1052693128585815,0.9890285134315491,0.01601165533065796,-0.10526931285858154,0.010971486568450928,0.37329378724098206,-178.26295471191406,179.4536590576172,-0.37329378724098206,-0.33734405040740967,0.24225851893424988,39551,-0.07131466269493103,-0.428401380777359,0.16237199306488037,0.10407575964927673,0.10604275017976761,0.03214001655578613,-2737.002197265625,792.8034057617188,-4.00543212890625
20251022_154200.050755,0.9839416146278381,1.1052519083023071,0.9893072843551636,0.016058385372161865,-0.10525190830230713,0.010692715644836426,0.4509219527244568,-178.10667419433594,179.38949584960938,-0.4509219527244568,-0.31683292984962463,0.241472527384758,39583,-0.06950265169143677,-0.42853137850761414,0.18120110034942627,0.10437950491905212,0.10625120252370834,0.030841827392578125,-2736.549560546875,791.7507934570312,27.8472900390625
20251022_154200.060723,0.9838076233863831,1.105380654335022,0.9895263910293579,0.016192376613616943,-0.10538065433502197,0.01047360897064209,0.47345390915870667,-178.12110900878906,178.6326446533203,-0.47345390915870667,-0.35431748628616333,0.3001455068588257,39344,-0.06807845830917358,-0.4286583662033081,0.14241933822631836,0.10525044798851013,0.10646083205938339,0.08843421936035156,-2739.89697265625,790.6976318359375,-205.99365234375
20251022_154200.070968,0.9837361574172974,1.1053327322006226,0.9899556040763855,0.016263842582702637,-0.10533273220062256,0.010044395923614502,0.6384347081184387,-178.2833251953125,178.5522003173828,-0.6384347081184387,-0.2150815725326538,0.25955432653427124,39627,-0.06528857350349426,-0.4287814795970917,0.27898848056793213,0.10571497678756714,0.10667179524898529,0.04716753959655762,-2738.651123046875,789.64404296875,76.6754150390625
20251022_154200.080896,0.9837098717689514,1.105083703994751,0.9904711246490479,0.016290128231048584,-0.10508370399475098,0.009528875350952148,0.25039494037628174,-178.1392364501953,179.67820739746094,-0.25039494037628174,-0.15574823319911957,0.23011775314807892,39954,-0.061937689781188965,-0.4288989305496216,0.3350883722305298,0.1058858335018158,0.10688339918851852,0.017348527908325195,-2732.17626953125,788.5919799804688,398.44512939453125
20251022_154200.090849,0.983635663986206,1.1050586700439453,0.9907904267311096,0.016364336013793945,-0.10505867004394531,0.00920957326889038,0.3267386853694916,-178.47738647460938,179.59689331054688,-0.3267386853694916,-0.2813272178173065,0.2624409794807434,39596,-0.059862226247787476,-0.42901134490966797,0.20754635334014893,0.10636818408966064,0.10709565132856369,0.04897713661193848,-2731.525390625,787.541259765625,40.0543212890625
20251022_154200.101041,0.9837258458137512,1.1050056219100952,0.991122305393219,0.01627415418624878,-0.10500562191009521,0.008877694606781006,0.2545890808105469,-178.54348754882812,179.5712890625,-0.2545890808105469,-0.27110373973846436,0.1535698026418686,39641,-0.05770501494407654,-0.42911985516548157,0.21572113037109375,0.10578200221061707,0.1073077991604805,-0.05952000617980957,-2730.146240234375,786.490966796875,84.87701416015625
20251022_154200.110913,0.9836610555648804,1.105084776878357,0.9912366271018982,0.01633894443511963,-0.10508477687835693,0.008763372898101807,0.33054736256599426,-178.16575622558594,179.6162109375,-0.33054736256599426,-0.4118785262107849,0.2564844787120819,39426,-0.05696192383766174,-0.42922571301460266,0.07430911064147949,0.10620313882827759,0.10751979053020477,0.04276156425476074,-2732.2041015625,785.4404907226562,-126.64794921875
20251022_154200.121130,0.9836049675941467,1.1050721406936646,0.9917081594467163,0.01639503240585327,-0.10507214069366455,0.008291840553283691,0.36099550127983093,-178.40765380859375,179.29745483398438,-0.36099550127983093,-0.1767289936542511,0.2513183355331421,39572,-0.053896963596343994,-0.429328054189682,0.3064960241317749,0.10656771063804626,0.10773255676031113,0.0370180606842041,-2731.875732421875,784.3897094726562,20.2178955078125
20251022_154200.130865,0.9835416674613953,1.1051251888275146,0.9919009804725647,0.016458332538604736,-0.10512518882751465,0.008099019527435303,0.40867871046066284,-178.3819122314453,178.95314025878906,-0.40867871046066284,-0.35673636198043823,0.25670334696769714,39465,-0.05264362692832947,-0.4294264018535614,0.12533366680145264,0.10697916150093079,0.10794610530138016,0.0417780876159668,-2733.2548828125,783.3387451171875,-84.87701416015625
20251022_154200.140857,0.983482301235199,1.1051385402679443,0.9921696186065674,0.016517698764801025,-0.10513854026794434,0.007830381393432617,0.375639945268631,-178.3467254638672,178.9897003173828,-0.375639945268631,-0.30580466985702515,0.2547071874141693,39527,-0.05089747905731201,-0.42952197790145874,0.1746147871017456,0.10736504197120667,0.10816045105457306,0.03918170928955078,-2733.60205078125,782.2874145507812,-21.3623046875
20251022_154200.150875,0.9834320545196533,1.1052343845367432,0.9923977851867676,0.01656794548034668,-0.10523438453674316,0.007602214813232422,0.31553012132644653,-178.4692840576172,179.16749572753906,-0.31553012132644653,-0.3307206928730011,0.24922998249530792,39391,-0.04941439628601074,-0.4296145737171173,0.14830827713012695,0.10769164562225342,0.10837550461292267,0.033162832260131836,-2736.093994140625,781.2355346679688,-153.350830078125
20251022_154200.160682,0.9832562208175659,1.1051708459854126,0.9926369786262512,0.016743779182434082,-0.1051708459854126,0.007363021373748779,0.3539190888404846,-178.37191772460938,179.42892456054688,-0.3539190888404846,-0.3220882713794708,0.33347684144973755,39647,-0.047859638929367065,-0.42970436811447144,0.15547573566436768,0.10883456468582153,0.10859203338623047,0.11605024337768555,-2734.44189453125,780.1835327148438,101.66168212890625
20251022_154200.170683,0.9833284616470337,1.10521399974823,0.9928543567657471,0.01667153835296631,-0.10521399974822998,0.00714564323425293,0.36638638377189636,-178.4600372314453,179.0238494873047,-0.36638638377189636,-0.3349423110485077,0.16949528455734253,39474,-0.04644668102264404,-0.4297914206981659,0.14129579067230225,0.108364999294281,0.10880923271179199,-0.04767894744873047,-2735.56396484375,779.131591796875,-69.0460205078125
20251022_154200.181028,0.9832537174224854,1.1052521467208862,0.9931252598762512,0.01674628257751465,-0.10525214672088623,0.006874740123748779,0.338666707277298,-178.51425170898438,179.2489013671875,-0.338666707277298,-0.2984743118286133,0.2672084867954254,39480,-0.044685810804367065,-0.42987552285194397,0.17608702182769775,0.10885083675384521,0.10902644693851471,0.0493311882019043,-2736.555908203125,778.0792846679688,-61.03515625
20251022_154200.190868,0.9832295179367065,1.1052790880203247,0.993381142616272,0.016770482063293457,-0.10527908802032471,0.006618857383728027,0.4362708330154419,-178.2888946533203,179.12493896484375,-0.4362708330154419,-0.30665528774261475,0.2342240959405899,39496,-0.04302257299423218,-0.42995649576187134,0.16632378101348877,0.10900813341140747,0.10924430936574936,0.015971660614013672,-2737.25634765625,777.026611328125,-43.1060791015625
20251022_154200.200868,0.9831789135932922,1.1053990125656128,0.9934564232826233,0.016821086406707764,-0.10539901256561279,0.006543576717376709,0.3941631317138672,-177.49891662597656,179.2969512939453,-0.3941631317138672,-0.4236362874507904,0.25219857692718506,39343,-0.04253324866294861,-0.43003547191619873,0.048932433128356934,0.10933706164360046,0.10946264863014221,0.03339886665344238,-2740.374267578125,775.9732055664062,-191.8792724609375
20251022_154200.210819,0.9831250905990601,1.1054067611694336,0.9936307668685913,0.01687490940093994,-0.1054067611694336,0.006369233131408691,0.44497165083885193,-177.4314727783203,179.3175811767578,-0.44497165083885193,-0.3581896424293518,0.2548917531967163,39521,-0.041400015354156494,-0.43011295795440674,0.11332333087921143,0.10968691110610962,0.10968167334794998,0.035523176193237305,-2740.57568359375,774.919189453125,-12.39776611328125
20251022_154200.220967,0.9830858111381531,1.1052531003952026,0.9939874410629272,0.016914188861846924,-0.10525310039520264,0.006012558937072754,0.32807648181915283,-177.4233856201172,179.77166748046875,-0.32807648181915283,-0.2374306470155716,0.2457679808139801,39783,-0.0390816330909729,-0.4301872253417969,0.23183822631835938,0.109942227602005,0.1099013090133667,0.0259244441986084,-2736.58056640625,773.8659057617188,245.85723876953125
20251022_154200.230431,0.9830817580223083,1.1052647829055786,0.9942175149917603,0.01691824197769165,-0.10526478290557861,0.005782485008239746,0.2725004553794861,-177.40077209472656,179.73760986328125,-0.2725004553794861,-0.3182961046695709,0.22276484966278076,39517,-0.03758615255355835,-0.43025800585746765,0.14954805374145508,0.10996857285499573,0.1101212128996849,0.0026750564575195312,-2736.88427734375,772.8132934570312,-18.6920166015625
20251022_154200.240888,0.9830414652824402,1.105241298675537,0.9944493770599365,0.016958534717559814,-0.10524129867553711,0.0055506229400634766,0.24808269739151,-177.39430236816406,179.53823852539062,-0.24808269739151,-0.3156947195529938,0.24716509878635406,39573,-0.0360790491104126,-0.43032601475715637,0.1507103443145752,0.1102304756641388,0.11034141480922699,0.02659320831298828,-2736.273681640625,771.7608032226562,37.57476806640625
20251022_154200.250755,0.983051061630249,1.1051234006881714,0.9948523044586182,0.016948938369750977,-0.10512340068817139,0.005147695541381836,0.23889143764972687,-177.8382568359375,179.2918701171875,-0.23889143764972687,-0.2019474059343338,0.21439632773399353,39726,-0.033460021018981934,-0.4303901791572571,0.2619028091430664,0.11016809940338135,0.1105618104338646,-0.006333589553833008,-2733.20849609375,770.7089233398438,188.63677978515625
20251022_154200.260871,0.9830296039581299,1.105116605758667,0.9950241446495056,0.016970396041870117,-0.10511660575866699,0.004975855350494385,0.21172454953193665,-177.5912322998047,179.32057189941406,-0.21172454953193665,-0.35109788179397583,0.23525193333625793,39547,-0.0323430597782135,-0.4304509460926056,0.11169612407684326,0.11030757427215576,0.11078228801488876,0.014162063598632812,-2733.03173828125,769.6577758789062,10.87188720703125
20251022_154200.270400,0.9830027222633362,1.1051253080368042,0.9951876997947693,0.01699727773666382,-0.1051253080368042,0.004812300205230713,0.21925270557403564,-177.28953552246094,179.375732421875,-0.21925270557403564,-0.35547876358032227,0.2392273098230362,39521,-0.031279951333999634,-0.43050965666770935,0.10631084442138672,0.11048230528831482,0.111003078520298,0.017741918563842773,-2733.258056640625,768.6065673828125,-13.92364501953125
20251022_154200.280200,0.9830098152160645,1.1050645112991333,0.9953949451446533,0.016990184783935547,-0.1050645112991333,0.00460505485534668,0.06979893147945404,-177.087890625,179.8168182373047,-0.06979893147945404,-0.32578954100608826,0.21697884798049927,39633,-0.029932856559753418,-0.4305661618709564,0.13470947742462158,0.11043620109558105,0.11122399568557739,-0.00468134880065918,-2731.67724609375,767.5556030273438,97.2747802734375
20251022_154200.290869,0.9829931855201721,1.1050503253936768,0.9955618977546692,0.01700681447982788,-0.10505032539367676,0.0044381022453308105,0.1206897422671318,-177.09727478027344,179.75054931640625,-0.1206897422671318,-0.35094889998435974,0.2329648733139038,39557,-0.02884766459465027,-0.4306204319000244,0.10851919651031494,0.11054429411888123,0.11144497990608215,0.01097559928894043,-2731.308349609375,766.5050048828125,22.69744873046875
20251022_154200.300700,0.9829840064048767,1.1049885749816895,0.9957211017608643,0.01701599359512329,-0.10498857498168945,0.004278898239135742,0.12787795066833496,-177.22691345214844,179.6688995361328,-0.12787795066833496,-0.3550029695034027,0.22832830250263214,39634,-0.027812838554382324,-0.4306727349758148,0.10348260402679443,0.11060395836830139,0.11166612803936005,0.006058216094970703,-2729.702880859375,765.454833984375,98.8006591796875
20251022_154200.310735,0.9829571843147278,1.1049000024795532,0.9959290623664856,0.017042815685272217,-0.10490000247955322,0.004070937633514404,0.05419539660215378,-177.3105926513672,179.63067626953125,-0.05419539660215378,-0.32200953364372253,0.24036839604377747,39678,-0.026461094617843628,-0.43072283267974854,0.13517439365386963,0.11077830195426941,0.11188750714063644,0.017702579498291016,-2727.400146484375,764.4053955078125,141.71600341796875
20251022_154200.320569,0.9828966856002808,1.1048222780227661,0.9961799383163452,0.01710331439971924,-0.10482227802276611,0.003820061683654785,0.2501886188983917,-177.49191284179688,179.30108642578125,-0.2501886188983917,-0.29253119230270386,0.26321014761924744,39662,-0.024830400943756104,-0.4307701587677002,0.16306936740875244,0.11117154359817505,0.1121094599366188,0.03992915153503418,-2725.379150390625,763.3567504882812,124.359130859375
20251022_154200.330454,0.9828962683677673,1.104770541191101,0.9963364601135254,0.017103731632232666,-0.10477054119110107,0.0036635398864746094,0.24542014300823212,-177.30897521972656,179.29168701171875,-0.24542014300823212,-0.35288891196250916,0.22378143668174744,39621,-0.02381300926208496,-0.43081507086753845,0.10173916816711426,0.11117425560951233,0.1123318076133728,0.0002753734588623047,-2724.0341796875,762.3087768554688,82.7789306640625
20251022_154200.340392,0.982885479927063,1.1047006845474243,0.996461808681488,0.01711452007293701,-0.10470068454742432,0.003538191318511963,0.2757226228713989,-177.2122344970703,179.31019592285156,-0.2757226228713989,-0.37237995862960815,0.2309189736843109,39650,-0.02299824357032776,-0.4308582842350006,0.08147656917572021,0.11124438047409058,0.11255422234535217,0.007120370864868164,-2722.2177734375,761.261474609375,111.7706298828125
20251022_154200.350439,0.9828591346740723,1.1047463417053223,0.9964106678962708,0.017140865325927734,-0.10474634170532227,0.003589332103729248,0.2697276473045349,-177.03414916992188,179.45703125,-0.2697276473045349,-0.4874732196331024,0.24158038198947906,39463,-0.023330658674240112,-0.43090105056762695,-0.03324151039123535,0.11141562461853027,0.11277688294649124,0.017387866973876953,-2723.40478515625,760.2142333984375,-73.05145263671875
20251022_154200.360541,0.9828801155090332,1.104712724685669,0.996559739112854,0.017119884490966797,-0.10471272468566895,0.003440260887145996,0.25748276710510254,-177.19081115722656,179.51846313476562,-0.25748276710510254,-0.35640862584114075,0.21043147146701813,39590,-0.022361695766448975,-0.43094322085380554,0.09689629077911377,0.11127924919128418,0.1129995808005333,-0.01384735107421875,-2722.53076171875,759.1669311523438,53.7872314453125
20251022_154200.370503,0.9828901886940002,1.1046433448791504,0.9966756105422974,0.017109811305999756,-0.10464334487915039,0.0033243894577026367,0.2859284281730652,-177.2808074951172,179.5035400390625,-0.2859284281730652,-0.37727591395378113,0.21778754889965057,39648,-0.02160853147506714,-0.4309838116168976,0.0753164291381836,0.11121377348899841,0.11322207003831863,-0.00664830207824707,-2720.72705078125,758.1201171875,111.0076904296875
20251022_154200.380604,0.9829148054122925,1.1045565605163574,0.9968326091766357,0.01708519458770752,-0.10455656051635742,0.003167390823364258,0.31876909732818604,-177.27194213867188,179.35533142089844,-0.31876909732818604,-0.3495616912841797,0.20825107395648956,39677,-0.020588040351867676,-0.4310227632522583,0.10204911231994629,0.11105376482009888,0.11344433575868607,-0.016247034072875977,-2718.470458984375,757.0741577148438,138.85498046875
20251022_154200.390478,0.9829214811325073,1.1045023202896118,0.9969508051872253,0.017078518867492676,-0.10450232028961182,0.003049194812774658,0.33305782079696655,-177.26451110839844,179.29879760742188,-0.33305782079696655,-0.3740524351596832,0.2202707976102829,39625,-0.01981976628303528,-0.4310600757598877,0.07682740688323975,0.11101037263870239,0.11366640031337738,-0.004405975341796875,-2717.060302734375,756.0288696289062,86.78436279296875
20251022_154200.400413,0.9829639196395874,1.1043717861175537,0.997258186340332,0.017036080360412598,-0.10437178611755371,0.0027418136596679688,0.39017295837402344,-177.51434326171875,179.16603088378906,-0.39017295837402344,-0.2491188496351242,0.19661325216293335,39750,-0.017821788787841797,-0.43109482526779175,0.19979774951934814,0.11073452234268188,0.11388814449310303,-0.028009414672851562,-2713.66650390625,754.9844970703125,208.85467529296875
20251022_154200.410467,0.9829996824264526,1.1043721437454224,0.9972919225692749,0.017000317573547363,-0.10437214374542236,0.0027080774307250977,0.4850671887397766,-177.5305633544922,179.16664123535156,-0.4850671887397766,-0.426801472902298,0.20100800693035126,39539,-0.017602503299713135,-0.43112751841545105,0.02192854881286621,0.11050206422805786,0.11410938203334808,-0.023603439331054688,-2713.67578125,753.9407348632812,-0.57220458984375
20251022_154200.420788,0.9830473065376282,1.1042170524597168,0.9975722432136536,0.016952693462371826,-0.1042170524597168,0.0024277567863464355,0.19458125531673431,-177.5671844482422,179.62863159179688,-0.19458125531673431,-0.2647303342819214,0.19309067726135254,39791,-0.01578041911125183,-0.4311583340167999,0.18220841884613037,0.11019250750541687,0.11433007568120956,-0.03143191337585449,-2709.643310546875,752.8978271484375,248.14605712890625
20251022_154200.430508,0.9830514192581177,1.1042404174804688,0.9975619912147522,0.016948580741882324,-0.10424041748046875,0.0024380087852478027,0.37526237964630127,-177.96438598632812,179.1450958251953,-0.37526237964630127,-0.45369836688041687,0.2220018208026886,39504,-0.015847057104110718,-0.4311875104904175,-0.006663799285888672,0.11016577482223511,0.11455043405294418,-0.002714395523071289,-2710.2509765625,751.8555297851562,-37.384033203125
20251022_154200.440657,0.983121931552887,1.1040270328521729,0.9977269172668457,0.016878068447113037,-0.10402703285217285,0.002273082733154297,0.1409205049276352,-178.70762634277344,178.726806640625,-0.1409205049276352,-0.3387888967990875,0.17793963849544525,39887,-0.01477503776550293,-0.4312157928943634,0.10720193386077881,0.10970744490623474,0.11477030813694,-0.04653811454772949,-2704.702880859375,750.814208984375,341.4154052734375
20251022_154200.450555,0.9831085205078125,1.1039971113204956,0.9978455901145935,0.0168914794921875,-0.1039971113204956,0.002154409885406494,0.2303936779499054,-177.83621215820312,179.37246704101562,-0.2303936779499054,-0.3681086599826813,0.23363572359085083,39593,-0.014003664255142212,-0.43124234676361084,0.07713735103607178,0.10979461669921875,0.11498980969190598,0.008851289749145508,-2703.9248046875,749.7740478515625,47.87445068359375
20251022_154200.460440,0.9831799864768982,1.10392427444458,0.9979060292243958,0.016820013523101807,-0.10392427444458008,0.002093970775604248,0.15384440124034882,-178.55386352539062,178.67916870117188,-0.15384440124034882,-0.40559324622154236,0.17737148702144623,39663,-0.013610810041427612,-0.4312678575515747,0.03928542137145996,0.10933008790016174,0.1152089387178421,-0.04716753959655762,-2702.03125,748.7344360351562,116.53900146484375
20251022_154200.470901,0.9832502007484436,1.1039295196533203,0.9980120062828064,0.016749799251556396,-0.10392951965332031,0.0019879937171936035,0.09419737756252289,-178.34915161132812,178.77920532226562,-0.09419737756252289,-0.3753291964530945,0.1779594123363495,39537,-0.012921959161758423,-0.431292325258255,0.06888508796691895,0.10887369513511658,0.11542714387178421,-0.0463414192199707,-2702.16748046875,747.6951904296875,-8.392333984375
20251022_154200.480845,0.9832934737205505,1.103899598121643,0.9980927109718323,0.016706526279449463,-0.10389959812164307,0.0019072890281677246,0.08504392951726913,-178.2924041748047,178.83480834960938,-0.08504392951726913,-0.39125505089759827,0.19567686319351196,39593,-0.01239737868309021,-0.43131572008132935,0.05245804786682129,0.10859242081642151,0.11564460396766663,-0.028560161590576172,-2701.3896484375,746.6560668945312,47.87445068359375
20251022_154200.490863,0.9833399653434753,1.1038563251495361,0.9981695413589478,0.016660034656524658,-0.10385632514953613,0.001830458641052246,0.0814906656742096,-178.46286010742188,178.78057861328125,-0.0814906656742096,-0.39329636096954346,0.19346724450588226,39614,-0.0118979811668396,-0.4313381314277649,0.049939751625061035,0.10829022526741028,0.11586149036884308,-0.030684471130371094,-2700.264404296875,745.6172485351562,69.23675537109375
20251022_154200.500711,0.9833864569664001,1.1037684679031372,0.9982550740242004,0.016613543033599854,-0.10376846790313721,0.0017449259757995605,0.021494604647159576,-178.61781311035156,178.6815948486328,-0.021494604647159576,-0.38710537552833557,0.19338132441043854,39687,-0.011342018842697144,-0.43135958909988403,0.055596232414245605,0.10798802971839905,0.11607776582241058,-0.030684471130371094,-2697.980224609375,744.5791625976562,140.57159423828125
20251022_154200.511316,0.9834674000740051,1.103696584701538,0.9983344078063965,0.016532599925994873,-0.10369658470153809,0.0016655921936035156,0.06961292028427124,-178.48989868164062,178.55581665039062,-0.06961292028427124,-0.39063945412635803,0.170332670211792,39662,-0.010826349258422852,-0.4313800632953644,0.0515669584274292,0.10746189951896667,0.11629321426153183,-0.05342245101928711,-2696.111083984375,743.5418090820312,115.01312255859375
20251022_154200.520742,0.9835610389709473,1.1036738157272339,0.9984418153762817,0.016438961029052734,-0.10367381572723389,0.0015581846237182617,-0.03250693902373314,-178.37109375,178.5220489501953,0.03250693902373314,-0.37171268463134766,0.1615591049194336,39583,-0.010128200054168701,-0.431399405002594,0.06981492042541504,0.10685324668884277,0.11650753021240234,-0.06180167198181152,-2695.519287109375,742.5049438476562,36.43035888671875
20251022_154200.530936,0.9836270213127136,1.1036757230758667,0.9984949231147766,0.016372978687286377,-0.1036757230758667,0.0015050768852233887,-0.04354124143719673,-178.23255920410156,178.51768493652344,0.04354124143719673,-0.40668073296546936,0.17959682643413544,39542,-0.009782999753952026,-0.4314177632331848,0.03452003002166748,0.10642436146736145,0.11672081053256989,-0.0435483455657959,-2695.56884765625,741.4682006835938,-3.0517578125
20251022_154200.541027,0.9836888313293457,1.1036713123321533,0.9985311031341553,0.016311168670654297,-0.10367131233215332,0.0014688968658447266,-0.05032744258642197,-178.05685424804688,178.64674377441406,0.05032744258642197,-0.4174664318561554,0.18216124176979065,39552,-0.009547829627990723,-0.43143561482429504,0.02351701259613037,0.10602259635925293,0.11693325638771057,-0.04079461097717285,-2695.4541015625,740.4314575195312,7.05718994140625
20251022_154200.550806,0.9837626218795776,1.1036382913589478,0.9985660910606384,0.016237378120422363,-0.10363829135894775,0.0014339089393615723,-0.06566450744867325,-178.01026916503906,178.64208984375,0.06566450744867325,-0.4180312752723694,0.17398601770401,39597,-0.00932040810585022,-0.43145301938056946,0.022742152214050293,0.10554295778274536,0.11714482307434082,-0.04870176315307617,-2694.595458984375,739.3949584960938,52.83355712890625
20251022_154200.560850,0.9838358163833618,1.1035802364349365,0.9985998868942261,0.016164183616638184,-0.10358023643493652,0.0014001131057739258,-0.11106672883033752,-178.05374145507812,178.64830017089844,0.11106672883033752,-0.41860347986221313,0.17411425709724426,39638,-0.009100735187530518,-0.43147003650665283,0.021967291831970215,0.1050671935081482,0.11735543608665466,-0.048308372497558594,-2693.086181640625,738.3588256835938,92.88787841796875
20251022_154200.570793,0.9839167594909668,1.10350501537323,0.9986398220062256,0.016083240509033203,-0.10350501537322998,0.001360177993774414,-0.06646040081977844,-178.00042724609375,178.61737060546875,0.06646040081977844,-0.41436994075775146,0.16868364810943604,39666,-0.008841156959533691,-0.4314866065979004,0.025957822799682617,0.10454106330871582,0.11756504327058792,-0.05342245101928711,-2691.13037109375,737.3234252929688,120.35369873046875
20251022_154200.580777,0.9839495420455933,1.1036934852600098,0.9984118342399597,0.01605045795440674,-0.10369348526000977,0.0015881657600402832,-0.06616193801164627,-176.90391540527344,178.9751739501953,0.06616193801164627,-0.5900194048881531,0.2004653960466385,39238,-0.01032307744026184,-0.4315042793750763,-0.14819204807281494,0.1043279767036438,0.11777391284704208,-0.021636486053466797,-2696.030517578125,736.2874145507812,-301.55181884765625
20251022_154200.590726,0.9840465784072876,1.1036852598190308,0.9984181523323059,0.015953421592712402,-0.10368525981903076,0.0015818476676940918,-0.07006855309009552,-176.7141571044922,179.1449737548828,0.07006855309009552,-0.4376985430717468,0.1576351821422577,39552,-0.010282009840011597,-0.43152329325675964,0.004106760025024414,0.10369724035263062,0.1179819330573082,-0.06404399871826172,-2695.816650390625,735.2505493164062,13.16070556640625
20251022_154200.600744,0.9841963052749634,1.1034302711486816,0.9987086057662964,0.01580369472503662,-0.10343027114868164,0.0012913942337036133,-0.05198521912097931,-177.5129852294922,178.79847717285156,0.05198521912097931,-0.25113987922668457,0.12209264189004898,39953,-0.008394062519073486,-0.4315405488014221,0.18879473209381104,0.10272401571273804,0.11818835884332657,-0.09881973266601562,-2689.18701171875,734.2149658203125,407.98187255859375
20251022_154200.610660,0.9842283129692078,1.1035774946212769,0.9984791278839111,0.015771687030792236,-0.10357749462127686,0.0015208721160888672,-0.028951944783329964,-176.5831298828125,179.1948699951172,0.028951944783329964,-0.5906037092208862,0.19978448748588562,39304,-0.009885668754577637,-0.43155741691589355,-0.14916062355041504,0.10251596570014954,0.11839359998703003,-0.021125078201293945,-2693.014892578125,733.179931640625,-235.55755615234375
20251022_154200.621136,0.9843377470970154,1.1033848524093628,0.9986099600791931,0.01566225290298462,-0.10338485240936279,0.0013900399208068848,-0.12346270680427551,-177.03997802734375,179.1936492919922,0.12346270680427551,-0.3555692136287689,0.14817604422569275,39852,-0.009035259485244751,-0.43157488107681274,0.08504092693328857,0.10180464386940002,0.11859791725873947,-0.07222652435302734,-2688.006103515625,732.1450805664062,308.2275390625
20251022_154200.630901,0.9844312071800232,1.1032766103744507,0.9986397624015808,0.015568792819976807,-0.10327661037445068,0.0013602375984191895,-0.10062996298074722,-177.0059051513672,179.07554626464844,0.10062996298074722,-0.4210614264011383,0.15831442177295685,39719,-0.008841544389724731,-0.4315913915634155,0.019371509552001953,0.10119715332984924,0.11880091577768326,-0.06168365478515625,-2685.19189453125,731.11181640625,173.187255859375
20251022_154200.640728,0.984532356262207,1.1032310724258423,0.9986512660980225,0.015467643737792969,-0.10323107242584229,0.001348733901977539,-0.09986679255962372,-177.02349853515625,179.02606201171875,0.09986679255962372,-0.43289700150489807,0.15278394520282745,39618,-0.008766770362854004,-0.4316076338291168,0.007477402687072754,0.1005396842956543,0.11900265514850616,-0.06675839424133301,-2684.0078125,730.0792236328125,72.8607177734375
20251022_154200.650674,0.9846214652061462,1.1031941175460815,0.9986404180526733,0.01537853479385376,-0.10319411754608154,0.0013595819473266602,-0.05961025506258011,-176.9641571044922,178.967529296875,0.05961025506258011,-0.4475124180316925,0.1603517234325409,39605,-0.008837282657623291,-0.4316239058971405,-0.007051229476928711,0.09996047616004944,0.11920315772294998,-0.05881190299987793,-2683.047119140625,729.047119140625,59.1278076171875
20251022_154200.661119,0.9847118854522705,1.1031476259231567,0.9986554980278015,0.015288114547729492,-0.10314762592315674,0.0013445019721984863,-0.09805050492286682,-176.9958038330078,178.98133850097656,0.09805050492286682,-0.4305773973464966,0.15909786522388458,39620,-0.008739262819290161,-0.4316401183605194,0.009801983833312988,0.0993727445602417,0.11940249055624008,-0.0596773624420166,-2681.83837890625,728.0154418945312,74.3865966796875
20251022_154200.671074,0.9848076105117798,1.1031131744384766,0.9985901117324829,0.015192389488220215,-0.10311317443847656,0.0014098882675170898,0.06177021935582161,-177.2526092529297,178.533203125,-0.06177021935582161,-0.48332199454307556,0.15517260134220123,39601,-0.009164273738861084,-0.4316566288471222,-0.042501091957092285,0.0987505316734314,0.11960061639547348,-0.06317853927612305,-2680.942626953125,726.984130859375,55.12237548828125
20251022_154200.681040,0.9848964214324951,1.1029620170593262,0.9986838102340698,0.015103578567504883,-0.10296201705932617,0.0013161897659301758,-0.169949471950531,-177.4681854248047,178.74085998535156,0.169949471950531,-0.37932419776916504,0.15935559570789337,39790,-0.008555233478546143,-0.43167299032211304,0.06090402603149414,0.09817326068878174,0.11979753524065018,-0.05861520767211914,-2677.012451171875,725.9537353515625,241.851806640625
20251022_154200.690886,0.9850314259529114,1.1028419733047485,0.9987667202949524,0.014968574047088623,-0.10284197330474854,0.0012332797050476074,-0.01849779672920704,-178.1463165283203,178.20462036132812,0.01849779672920704,-0.3858130872249603,0.12818574905395508,39743,-0.008016318082809448,-0.4316883087158203,0.053891539573669434,0.09729573130607605,0.11999300867319107,-0.08910298347473145,-2673.891357421875,724.9247436523438,192.07000732421875
20251022_154200.701297,0.9851563572883606,1.1027954816818237,0.9987800717353821,0.014843642711639404,-0.10279548168182373,0.00121992826461792,-0.009069865569472313,-178.24949645996094,178.09962463378906,0.009069865569472313,-0.43095409870147705,0.13421578705310822,39625,-0.00792953372001648,-0.43170300126075745,0.008678436279296875,0.09648367762565613,0.12018678337335587,-0.08245468139648438,-2672.6826171875,723.8965454101562,74.3865966796875
20251022_154200.711052,0.9852567315101624,1.1028486490249634,0.9985997080802917,0.014743268489837646,-0.10284864902496338,0.001400291919708252,-0.057315800338983536,-177.7656707763672,178.27423095703125,0.057315800338983536,-0.5580570101737976,0.1499633640050888,39463,-0.009101897478103638,-0.43171873688697815,-0.11723637580871582,0.0958312451839447,0.12037909775972366,-0.06624698638916016,-2674.06494140625,722.8682861328125,-85.0677490234375
20251022_154200.721191,0.9853734374046326,1.1028002500534058,0.9985741376876831,0.014626562595367432,-0.10280025005340576,0.0014258623123168945,-0.040927790105342865,-177.80506896972656,178.2816619873047,0.040927790105342865,-0.45762455463409424,0.13861677050590515,39626,-0.009268105030059814,-0.43173569440841675,-0.016620755195617676,0.0950726568698883,0.12057000398635864,-0.0770258903503418,-2672.806396484375,721.840087890625,77.4383544921875
20251022_154200.730738,0.9854904413223267,1.1027460098266602,0.9985377788543701,0.01450955867767334,-0.10274600982666016,0.0014622211456298828,-0.044500064104795456,-177.93846130371094,178.26565551757812,0.044500064104795456,-0.4648906886577606,0.13784892857074738,39636,-0.009504437446594238,-0.431753009557724,-0.023633241653442383,0.09431213140487671,0.12075939029455185,-0.07722258567810059,-2671.396240234375,720.8123168945312,86.78436279296875
20251022_154200.740881,0.9856700897216797,1.1025211811065674,0.9986012578010559,0.014329910278320312,-0.10252118110656738,0.0013987421989440918,-0.10732822120189667,-177.88111877441406,178.89010620117188,0.10732822120189667,-0.39960068464279175,0.09552332013845444,39913,-0.009091824293136597,-0.4317701756954193,0.04126131534576416,0.09314441680908203,0.12094684690237045,-0.11856794357299805,-2665.55078125,719.7860107421875,359.7259521484375
20251022_154200.750695,0.9856905937194824,1.1025679111480713,0.998537540435791,0.014309406280517578,-0.10256791114807129,0.0014624595642089844,0.0015422621509060264,-178.21185302734375,178.18017578125,-0.0015422621509060264,-0.4827096164226532,0.20061150193214417,39477,-0.009505987167358398,-0.4317873418331146,-0.041416287422180176,0.09301114082336426,0.1211329996585846,-0.013532638549804688,-2666.765625,718.7605590820312,-74.76806640625
20251022_154200.760774,0.9859079718589783,1.1024580001831055,0.998542308807373,0.014092028141021729,-0.10245800018310547,0.0014576911926269531,-0.08981706947088242,-177.81285095214844,178.9034423828125,0.08981706947088242,-0.43818041682243347,0.06944622099399567,39729,-0.009474992752075195,-0.4318048655986786,0.0030994415283203125,0.09159818291664124,0.12131761014461517,-0.14346957206726074,-2663.907958984375,717.7354125976562,175.8575439453125
20251022_154200.770916,0.9860236644744873,1.102470874786377,0.9984811544418335,0.013976335525512695,-0.10247087478637695,0.001518845558166504,-0.07072863727807999,-177.6617431640625,179.07858276367188,0.07072863727807999,-0.4814455807209015,0.13598911464214325,39531,-0.009872496128082275,-0.4318227469921112,-0.03975033760070801,0.09084618091583252,0.12150005251169205,-0.07635712623596191,-2664.24267578125,716.7107543945312,-20.599365234375
20251022_154200.780817,0.9861546754837036,1.1024680137634277,0.9984097480773926,0.013845324516296387,-0.10246801376342773,0.0015902519226074219,-0.04271882772445679,-177.52769470214844,179.179931640625,0.04271882772445679,-0.4885921776294708,0.12520824372768402,39556,-0.010336637496948242,-0.4318414032459259,-0.04641413688659668,0.08999460935592651,0.12168089300394058,-0.08646726608276367,-2664.16845703125,715.6860961914062,4.57763671875
20251022_154200.790656,0.9863001704216003,1.102440595626831,0.998379647731781,0.013699829578399658,-0.10244059562683105,0.0016203522682189941,-0.07213246077299118,-177.4522247314453,179.26942443847656,0.07213246077299118,-0.4619581699371338,0.11488217115402222,39595,-0.010532289743423462,-0.43186065554618835,-0.019565224647521973,0.08904889225959778,0.12185993790626526,-0.09602665901184082,-2663.45556640625,714.6615600585938,43.8690185546875
20251022_154200.800175,0.9864636659622192,1.10230553150177,0.9984279274940491,0.013536334037780762,-0.10230553150177002,0.0015720725059509277,-0.29715412855148315,-177.31597900390625,179.81500244140625,0.29715412855148315,-0.4107164442539215,0.10211608558893204,39769,-0.01021847128868103,-0.43187981843948364,0.031381845474243164,0.08798617124557495,0.12203697115182877,-0.10790705680847168,-2659.94384765625,713.6378173828125,216.10260009765625
20251022_154200.811185,0.9865873456001282,1.1023855209350586,0.9982734322547913,0.013412654399871826,-0.1023855209350586,0.0017265677452087402,-0.14252308011054993,-177.27359008789062,179.22467041015625,0.14252308011054993,-0.5435441732406616,0.12776583433151245,39422,-0.011222690343856812,-0.4318996071815491,-0.10042190551757812,0.08718225359916687,0.12221214175224304,-0.08162856101989746,-2662.0234375,712.6143798828125,-127.98309326171875
20251022_154200.821016,0.9867547154426575,1.10224187374115,0.9983493089675903,0.01324528455734253,-0.1022418737411499,0.001650691032409668,-0.3907042145729065,-176.90916442871094,-179.99276733398438,0.3907042145729065,-0.3933295011520386,0.0980156734585762,39783,-0.010729491710662842,-0.4319198727607727,0.04931986331939697,0.08609434962272644,0.1223854199051857,-0.11046409606933594,-2658.288818359375,711.5911865234375,229.83551025390625
20251022_154200.830954,0.9868667721748352,1.102185606956482,0.9984250664710999,0.013133227825164795,-0.10218560695648193,0.0015749335289001465,-0.39064714312553406,-177.0148162841797,-179.952880859375,0.39064714312553406,-0.3929339051246643,0.1339654177427292,39643,-0.010237067937850952,-0.4319392144680023,0.049242377281188965,0.08536598086357117,0.12255688011646271,-0.07395744323730469,-2656.82568359375,710.569091796875,90.02685546875
20251022_154200.840830,0.9870291352272034,1.1021384000778198,0.9983678460121155,0.01297086477279663,-0.10213840007781982,0.0016321539878845215,-0.35925179719924927,-176.85401916503906,-179.87850952148438,0.35925179719924927,-0.4797607660293579,0.09987755864858627,39629,-0.01060900092124939,-0.43195846676826477,-0.03719329833984375,0.0843106210231781,0.12272655218839645,-0.10715961456298828,-2655.598388671875,709.5474853515625,75.531005859375
20251022_154200.851020,0.9871616959571838,1.1021894216537476,0.9981831908226013,0.012838304042816162,-0.10218942165374756,0.0018168091773986816,-0.08409607410430908,-177.17236328125,179.5475311279297,0.08409607410430908,-0.5638142824172974,0.11885321140289307,39469,-0.01180925965309143,-0.43197914958000183,-0.1200258731842041,0.08344897627830505,0.12289431691169739,-0.08749008178710938,-2656.925048828125,708.5258178710938,-81.634521484375
20251022_154200.860377,0.9872981309890747,1.1021294593811035,0.9980840682983398,0.012701869010925293,-0.10212945938110352,0.0019159317016601562,-0.09246072918176651,-177.34176635742188,179.59121704101562,0.09246072918176651,-0.5088847279548645,0.11557535082101822,39648,-0.012453556060791016,-0.4320015609264374,-0.0644296407699585,0.0825621485710144,0.12306032329797745,-0.09004712104797363,-2655.365966796875,707.5042114257812,95.93963623046875
20251022_154200.870769,0.9874312877655029,1.1020865440368652,0.9980186820030212,0.01256871223449707,-0.10208654403686523,0.0019813179969787598,-0.27144449949264526,-177.53213500976562,179.61720275878906,0.27144449949264526,-0.48740458488464355,0.11703774333000183,39620,-0.012878566980361938,-0.43202492594718933,-0.042501091957092285,0.08169662952423096,0.12322458624839783,-0.08788347244262695,-2654.250244140625,706.483154296875,68.66455078125
20251022_154200.880911,0.987660825252533,1.1019610166549683,0.9978749752044678,0.012339174747467041,-0.10196101665496826,0.0021250247955322266,-0.34486687183380127,-177.95681762695312,179.1826171875,0.34486687183380127,-0.5392716526985168,0.05209638178348541,39755,-0.013812661170959473,-0.43204957246780396,-0.09340941905975342,0.08020463585853577,0.12338648736476898,-0.15149474143981934,-2650.986328125,705.462890625,200.84381103515625
20251022_154200.890856,0.9877976179122925,1.1019386053085327,0.9977904558181763,0.01220238208770752,-0.10193860530853271,0.0022095441818237305,-0.3733155131340027,-177.8990020751953,179.1889190673828,0.3733155131340027,-0.5013751983642578,0.11257833242416382,39589,-0.014362037181854248,-0.4320755898952484,-0.05493760108947754,0.07931548357009888,0.12354600429534912,-0.09028315544128418,-2650.40380859375,704.4434204101562,35.858154296875
20251022_154200.900749,0.987826406955719,1.1018215417861938,0.997684895992279,0.012173593044281006,-0.10182154178619385,0.0023151040077209473,-0.38933509588241577,-178.10508728027344,179.48582458496094,0.38933509588241577,-0.5157647728919983,0.18383203446865082,39743,-0.015048176050186157,-0.4321027398109436,-0.06861388683319092,0.07912835478782654,0.1237044483423233,-0.019000768661499023,-2647.360107421875,703.4246215820312,187.3016357421875
20251022_154200.911030,0.9879575967788696,1.1017158031463623,0.9976280927658081,0.012042403221130371,-0.1017158031463623,0.0023719072341918945,-0.37912046909332275,-178.5018768310547,179.37022399902344,0.37912046909332275,-0.48447033762931824,0.11555219441652298,39726,-0.015417397022247314,-0.4321308434009552,-0.03692209720611572,0.07827562093734741,0.12386185675859451,-0.08658528327941895,-2644.61083984375,702.4069213867188,169.18182373046875
20251022_154200.921041,0.9881024360656738,1.1016236543655396,0.9975546002388,0.011897563934326172,-0.10162365436553955,0.002445399761199951,-0.39804938435554504,-178.79774475097656,179.35659790039062,0.39804938435554504,-0.49582499265670776,0.1057576984167099,39706,-0.015895098447799683,-0.43215975165367126,-0.047770142555236816,0.07733416557312012,0.12401746213436127,-0.09559392929077148,-2642.215087890625,701.3901977539062,147.43804931640625
20251022_154200.930742,0.9882739186286926,1.1015795469284058,0.9974855184555054,0.011726081371307373,-0.10157954692840576,0.002514481544494629,-0.37118226289749146,-178.75543212890625,179.1732177734375,0.37118226289749146,-0.4934368133544922,0.08721205592155457,39629,-0.016344130039215088,-0.4321895241737366,-0.04490315914154053,0.07621952891349792,0.12417101860046387,-0.11317849159240723,-2641.068115234375,700.3742065429688,70.5718994140625
20251022_154200.940928,0.9884235262870789,1.1015846729278564,0.9974035024642944,0.011576473712921143,-0.10158467292785645,0.0025964975357055664,-0.3749508559703827,-178.64430236816406,179.21453857421875,0.3749508559703827,-0.5024077892303467,0.10082850605249405,39549,-0.01687723398208618,-0.4322201907634735,-0.053310394287109375,0.07524707913398743,0.12432248145341873,-0.09874105453491211,-2641.201416015625,699.3583984375,-8.20159912109375
20251022_154200.951109,0.988692045211792,1.1016799211502075,0.9973468780517578,0.011307954788208008,-0.10167992115020752,0.0026531219482421875,-0.3757930397987366,-178.52796936035156,178.9060821533203,0.3757930397987366,-0.48630282282829285,0.02075044997036457,39402,-0.01724529266357422,-0.4322516620159149,-0.03680586814880371,0.07350170612335205,0.12447123229503632,-0.17722249031066895,-2643.677978515625,698.342041015625,-152.39715576171875
20251022_154200.960590,0.9888045787811279,1.1016916036605835,0.9973286390304565,0.01119542121887207,-0.1016916036605835,0.002671360969543457,-0.28718116879463196,-178.39854431152344,178.92822265625,0.28718116879463196,-0.4615028202533722,0.12311558425426483,39534,-0.01736384630203247,-0.4322836101055145,-0.011855363845825195,0.07277023792266846,0.12461750209331512,-0.07427215576171875,-2643.981689453125,697.3251953125,-18.6920166015625
20251022_154200.970584,0.9889586567878723,1.1016875505447388,0.9972425103187561,0.011041343212127686,-0.10168755054473877,0.0027574896812438965,-0.3248474895954132,-178.44398498535156,178.90408325195312,0.3248474895954132,-0.5062235593795776,0.09483928978443146,39558,-0.017923682928085327,-0.4323161840438843,-0.055983662605285645,0.07176873087882996,0.12476204335689545,-0.10169148445129395,-2643.876220703125,696.3082885742188,6.4849853515625
20251022_154200.980352,0.9891375303268433,1.10162353515625,0.997144877910614,0.010862469673156738,-0.10162353515625,0.0028551220893859863,-0.29024285078048706,-178.5128173828125,178.7578582763672,0.29024285078048706,-0.5143692493438721,0.07745393365621567,39655,-0.01855829358100891,-0.4323498606681824,-0.0634610652923584,0.0706060528755188,0.12490441650152206,-0.1180565357208252,-2642.2119140625,695.291748046875,102.42462158203125
20251022_154200.990405,0.9893013834953308,1.1015715599060059,0.9970404505729675,0.01069861650466919,-0.10157155990600586,0.0029595494270324707,-0.27905672788619995,-178.32333374023438,178.67076110839844,0.27905672788619995,-0.5194995999336243,0.0864424854516983,39636,-0.01923707127571106,-0.43238475918769836,-0.06787776947021484,0.06954100728034973,0.1250445693731308,-0.10814309120178223,-2640.860595703125,694.2757568359375,83.160400390625
20251022_154201.000524,0.9894408583641052,1.1016002893447876,0.996878981590271,0.010559141635894775,-0.1016002893447876,0.003121018409729004,-0.16847997903823853,-178.1282196044922,178.74598693847656,0.16847997903823853,-0.5576627254486084,0.10176374763250351,39505,-0.020286619663238525,-0.4324212372303009,-0.10495483875274658,0.06863442063331604,0.12518274784088135,-0.09205341339111328,-2641.607421875,693.2599487304688,-45.96710205078125
20251022_154201.010485,0.9896332025527954,1.1015989780426025,0.996720552444458,0.01036679744720459,-0.10159897804260254,0.003279447555541992,-0.4090805649757385,-177.97567749023438,178.82057189941406,0.4090805649757385,-0.556755006313324,0.06575577706098557,39552,-0.02131640911102295,-0.43245965242385864,-0.10297894477844238,0.06738418340682983,0.1253187656402588,-0.12694716453552246,-2641.573486328125,692.243896484375,2.09808349609375
20251022_154201.020431,0.9897449612617493,1.1016011238098145,0.996684193611145,0.010255038738250732,-0.10160112380981445,0.0033158063888549805,-0.23114013671875,-177.85858154296875,178.74734497070312,0.23114013671875,-0.47768521308898926,0.11834980547428131,39546,-0.021552741527557373,-0.4324992299079895,-0.023633241653442383,0.06665775179862976,0.12545280158519745,-0.0737607479095459,-2641.629150390625,691.2279052734375,-3.4332275390625
20251022_154201.030741,0.9899281859397888,1.1015782356262207,0.996494710445404,0.010071814060211182,-0.1015782356262207,0.0035052895545959473,-0.3234613537788391,-177.8538818359375,178.8775634765625,0.3234613537788391,-0.5784885883331299,0.07012343406677246,39585,-0.022784382104873657,-0.4325401484966278,-0.12316405773162842,0.06546679139137268,0.1255849301815033,-0.12092828750610352,-2641.0341796875,690.2120361328125,36.62109375
20251022_154201.040882,0.9900549650192261,1.1015340089797974,0.9964008927345276,0.009945034980773926,-0.10153400897979736,0.003599107265472412,-0.36178678274154663,-178.0654296875,178.8848419189453,0.36178678274154663,-0.516958475112915,0.10668357461690903,39620,-0.02339419722557068,-0.4325827658176422,-0.06098151206970215,0.06464272737503052,0.12571503221988678,-0.08367419242858887,-2639.88427734375,689.1964721679688,70.76263427734375
20251022_154201.050678,0.9901890158653259,1.1014925241470337,0.9963034987449646,0.009810984134674072,-0.10149252414703369,0.0036965012550354004,-0.35756391286849976,-178.14181518554688,178.85983276367188,0.35756391286849976,-0.5199598670005798,0.10114128887653351,39615,-0.024027258157730103,-0.43262654542922974,-0.06330609321594238,0.06377139687538147,0.12584345042705536,-0.08847355842590332,-2638.8056640625,688.1813354492188,66.375732421875
20251022_154201.060647,0.9903333187103271,1.1014665365219116,0.9961933493614197,0.009666681289672852,-0.10146653652191162,0.0038066506385803223,-0.33885738253593445,-178.21424865722656,178.82090759277344,0.33885738253593445,-0.5290119051933289,0.09356360882520676,39590,-0.024743229150772095,-0.43267154693603516,-0.07159709930419922,0.06283342838287354,0.1259700506925583,-0.09523987770080566,-2638.1298828125,687.1665649414062,41.5802001953125
20251022_154201.070418,0.9904597997665405,1.1014114618301392,0.9960858821868896,0.009540200233459473,-0.10141146183013916,0.0039141178131103516,-0.2991684675216675,-178.34881591796875,178.71853637695312,0.2991684675216675,-0.528013288974762,0.10462870448827744,39637,-0.025441765785217285,-0.432717889547348,-0.06985366344451904,0.06201130151748657,0.12609489262104034,-0.08347749710083008,-2636.697998046875,686.1521606445312,88.1195068359375
20251022_154201.080265,0.9905834794044495,1.1013299226760864,0.9959867000579834,0.009416520595550537,-0.10132992267608643,0.0040132999420166016,-0.2833751142024994,-178.6064453125,178.51019287109375,0.2833751142024994,-0.5233202576637268,0.1057969406247139,39681,-0.02608644962310791,-0.4327654540538788,-0.0644683837890625,0.06120738387107849,0.12621812522411346,-0.08162856101989746,-2634.577880859375,685.138427734375,130.462646484375
20251022_154201.090602,0.9907180666923523,1.1012924909591675,0.9958781599998474,0.009281933307647705,-0.10129249095916748,0.004121840000152588,-0.3053041100502014,-178.70773315429688,178.45046997070312,0.3053041100502014,-0.5301572680473328,0.09784461557865143,39610,-0.02679196000099182,-0.43281427025794983,-0.07055103778839111,0.06033256649971008,0.12633965909481049,-0.08882761001586914,-2633.604736328125,684.1253051757812,59.8907470703125
20251022_154201.100491,0.9908514022827148,1.1014553308486938,0.9955291748046875,0.009148597717285156,-0.10145533084869385,0.0044708251953125,-0.37378621101379395,-178.10841369628906,178.73703002929688,0.37378621101379395,-0.6887665390968323,0.09792385250329971,39284,-0.02906036376953125,-0.43286582827568054,-0.22684037685394287,0.059465885162353516,0.12645944952964783,-0.08800148963928223,-2637.838623046875,683.111572265625,-260.5438232421875
20251022_154201.110847,0.9910034537315369,1.101527452468872,0.9953927993774414,0.008996546268463135,-0.10152745246887207,0.004607200622558594,-0.3439232409000397,-177.98818969726562,178.8638153076172,0.3439232409000397,-0.5515111088752747,0.08470099419355392,39426,-0.02994680404663086,-0.43292027711868286,-0.08864402770996094,0.058477550745010376,0.12657740712165833,-0.10035395622253418,-2639.7138671875,682.0966796875,-115.39459228515625
20251022_154201.120952,0.9911465048789978,1.101613998413086,0.9951979517936707,0.008853495121002197,-0.10161399841308594,0.004802048206329346,-0.19914095103740692,-177.83323669433594,178.66256713867188,0.19914095103740692,-0.5908409953117371,0.08982738852500916,39400,-0.031213313341140747,-0.43297675251960754,-0.12665092945098877,0.05754771828651428,0.12669342756271362,-0.09441375732421875,-2641.9638671875,681.0809936523438,-138.4735107421875
20251022_154201.130534,0.991310715675354,1.1015748977661133,0.9950399994850159,0.008689284324645996,-0.10157489776611328,0.004960000514984131,-0.2266412079334259,-177.58453369140625,178.62777709960938,0.2266412079334259,-0.5679442882537842,0.07490867376327515,39601,-0.03224000334739685,-0.43303531408309937,-0.10266900062561035,0.056480348110198975,0.12680745124816895,-0.10837912559509277,-2640.947265625,680.0650024414062,62.56103515625
20251022_154201.140729,0.9915047287940979,1.1014883518218994,0.9950206279754639,0.0084952712059021,-0.10148835182189941,0.004979372024536133,-0.2789716124534607,-177.8526153564453,178.5563507080078,0.2789716124534607,-0.4780523478984833,0.054089758545160294,39678,-0.03236591815948486,-0.43309494853019714,-0.01259148120880127,0.05521926283836365,0.12691915035247803,-0.12804865837097168,-2638.697265625,679.0496826171875,138.4735107421875
20251022_154201.151093,0.9916999340057373,1.101715087890625,0.9948767423629761,0.008300065994262695,-0.101715087890625,0.005123257637023926,-0.37738266587257385,-178.02781677246094,177.69412231445312,0.37738266587257385,-0.5599823594093323,0.052143312990665436,39170,-0.03330117464065552,-0.4331555664539337,-0.09352564811706543,0.05395042896270752,0.12702831625938416,-0.12883543968200684,-2644.59228515625,678.03369140625,-362.7777099609375
20251022_154201.160884,0.9918449521064758,1.1014206409454346,0.9947938919067383,0.00815504789352417,-0.10142064094543457,0.005206108093261719,-0.41480982303619385,-177.3322296142578,179.48890686035156,0.41480982303619385,-0.5209100246429443,0.08443114906549454,40011,-0.03383970260620117,-0.4332175552845001,-0.05385279655456543,0.053007811307907104,0.1271352767944336,-0.09571194648742676,-2636.936767578125,677.0180053710938,471.1151123046875
20251022_154201.170735,0.9919618964195251,1.1014717817306519,0.9946658611297607,0.008038103580474854,-0.10147178173065186,0.005334138870239258,-0.40697571635246277,-177.16482543945312,179.6381378173828,0.40697571635246277,-0.55117267370224,0.10230496525764465,39455,-0.034671902656555176,-0.4332807958126068,-0.08322000503540039,0.05224767327308655,0.12724053859710693,-0.07718324661254883,-2638.266357421875,676.0035400390625,-81.82525634765625
20251022_154201.180697,0.9920693039894104,1.101498007774353,0.9945754408836365,0.0079306960105896,-0.10149800777435303,0.005424559116363525,-0.44086936116218567,-177.25994873046875,179.768798828125,0.44086936116218567,-0.5273781418800354,0.1080048605799675,39494,-0.035259634256362915,-0.43334534764289856,-0.058773159980773926,0.0515495240688324,0.12734434008598328,-0.07088899612426758,-2638.9482421875,674.9887084960938,-41.961669921875
20251022_154201.190768,0.9920709729194641,1.1013728380203247,0.994429886341095,0.007929027080535889,-0.10137283802032471,0.005570113658905029,-0.4701728820800781,-177.32876586914062,179.9775848388672,0.4701728820800781,-0.5642275214195251,0.17788460850715637,39738,-0.03620573878288269,-0.43341130018234253,-0.09461045265197754,0.051538676023483276,0.12744742631912231,-0.0011014938354492188,-2635.69384765625,673.974365234375,200.2716064453125
20251022_154201.200790,0.992188572883606,1.101299524307251,0.9942960739135742,0.007811427116394043,-0.10129952430725098,0.005703926086425781,-0.45599448680877686,-177.69656372070312,179.90162658691406,0.45599448680877686,-0.557532548904419,0.10070803761482239,39656,-0.03707551956176758,-0.4334789514541626,-0.08697807788848877,0.05077427625656128,0.12754973769187927,-0.07761597633361816,-2633.78759765625,672.9609985351562,117.30194091796875
20251022_154201.210650,0.9923246502876282,1.1012324094772339,0.9941978454589844,0.007675349712371826,-0.10123240947723389,0.005802154541015625,-0.48138487339019775,-177.9910125732422,179.7913055419922,0.48138487339019775,-0.5351104736328125,0.0877290889620781,39647,-0.03771400451660156,-0.4335479736328125,-0.06384849548339844,0.04988977313041687,0.1276503950357437,-0.08981108665466309,-2632.042724609375,671.9483032226562,107.38372802734375
20251022_154201.220639,0.9924940466880798,1.101173996925354,0.9940300583839417,0.007505953311920166,-0.101173996925354,0.00596994161605835,-0.5217224955558777,-177.8926544189453,179.8401641845703,0.5217224955558777,-0.581484854221344,0.06473615020513535,39633,-0.03880462050437927,-0.43361860513687134,-0.109061598777771,0.04878869652748108,0.12774907052516937,-0.1118016242980957,-2630.52392578125,670.936279296875,93.4600830078125
20251022_154201.230533,0.9925861954689026,1.1011439561843872,0.9939647912979126,0.007413804531097412,-0.10114395618438721,0.006035208702087402,-0.42978033423423767,-178.09791564941406,179.63247680664062,0.42978033423423767,-0.5153431296348572,0.11521758884191513,39588,-0.039228856563568115,-0.4336906373500824,-0.04242360591888428,0.04818972945213318,0.12784606218338013,-0.06081819534301758,-2629.742919921875,669.9246826171875,48.065185546875
20251022_154201.240762,0.9926904439926147,1.101103663444519,0.9938507080078125,0.007309556007385254,-0.10110366344451904,0.0061492919921875,-0.48542332649230957,-178.3644256591797,179.62966918945312,0.48542332649230957,-0.5478882789611816,0.10664984583854675,39604,-0.03997039794921875,-0.4337637424468994,-0.07415413856506348,0.04751211404800415,0.12794175744056702,-0.06880402565002441,-2628.6953125,668.9134521484375,64.4683837890625
20251022_154201.250706,0.9929715394973755,1.1011247634887695,0.9937138557434082,0.007028460502624512,-0.10112476348876953,0.006286144256591797,-0.4043145477771759,-178.60890197753906,179.11325073242188,0.4043145477771759,-0.5636522769927979,-0.01180308498442173,39504,-0.04085993766784668,-0.4338383674621582,-0.08895397186279297,0.045684993267059326,0.12803494930267334,-0.18552303314208984,-2629.243896484375,667.90234375,-33.76007080078125
20251022_154201.260908,0.9931325912475586,1.101032018661499,0.9936016201972961,0.006867408752441406,-0.10103201866149902,0.006398379802703857,-0.43065425753593445,-178.3725128173828,179.2882537841797,0.43065425753593445,-0.5484570264816284,0.06646928191184998,39688,-0.04158946871757507,-0.4339144825935364,-0.07295310497283936,0.04463815689086914,0.12812528014183044,-0.10629415512084961,-2626.83251953125,666.8915405273438,148.3917236328125
20251022_154201.271225,0.9933221936225891,1.1010613441467285,0.9933733344078064,0.006677806377410889,-0.10106134414672852,0.0066266655921936035,-0.5450483560562134,-178.08306884765625,179.5502166748047,0.5450483560562134,-0.6254517436027527,0.04648149758577347,39491,-0.04307332634925842,-0.4339926242828369,-0.14838576316833496,0.043405741453170776,0.1282133162021637,-0.1251375675201416,-2627.594970703125,665.8810424804688,-46.9207763671875
20251022_154201.280294,0.9934783577919006,1.101138949394226,0.9931480288505554,0.006521642208099365,-0.10113894939422607,0.00685197114944458,-0.37176963686943054,-177.93057250976562,179.5162353515625,0.37176963686943054,-0.6250599026679993,0.06762143969535828,39411,-0.04453781247138977,-0.4340735077857971,-0.14644861221313477,0.042390674352645874,0.12829911708831787,-0.10306835174560547,-2629.61279296875,664.8700561523438,-124.16839599609375
20251022_154201.290891,0.9935979843139648,1.1011576652526855,0.9930151700973511,0.006402015686035156,-0.10115766525268555,0.006984829902648926,-0.3708840012550354,-177.6563720703125,179.5922393798828,0.3708840012550354,-0.565916121006012,0.09104271978139877,39503,-0.04540139436721802,-0.43415650725364685,-0.08635818958282471,0.041613101959228516,0.1283831149339676,-0.07895350456237793,-2630.099365234375,663.8585815429688,-29.94537353515625
20251022_154201.300305,0.9936926364898682,1.101241946220398,0.9927035570144653,0.006307363510131836,-0.10124194622039795,0.007296442985534668,-0.4151638150215149,-177.03366088867188,179.82595825195312,0.4151638150215149,-0.6842175722122192,0.1069931611418724,39395,-0.04742687940597534,-0.43424221873283386,-0.20254850387573242,0.040997862815856934,0.12846572697162628,-0.062470436096191406,-2632.29052734375,662.8466186523438,-134.84954833984375
20251022_154201.310840,0.9938303232192993,1.101232886314392,0.9924813508987427,0.006169676780700684,-0.10123288631439209,0.007518649101257324,-0.3447989523410797,-176.8232879638672,179.84231567382812,0.3447989523410797,-0.6276363134384155,0.07777649164199829,39544,-0.04887121915817261,-0.43433108925819397,-0.14443397521972656,0.04010289907455444,0.1285468339920044,-0.09087324142456055,-2632.054931640625,661.834228515625,14.495849609375
20251022_154201.320450,0.9939664006233215,1.101243495941162,0.9923510551452637,0.006033599376678467,-0.10124349594116211,0.007648944854736328,-0.42720985412597656,-176.72515869140625,179.8609161376953,0.42720985412597656,-0.5688324570655823,0.0780334621667862,39511,-0.04971814155578613,-0.434422105550766,-0.08469223976135254,0.039218395948410034,0.12862615287303925,-0.08981108665466309,-2632.330810546875,660.8218383789062,-16.97540283203125
20251022_154201.330949,0.9941082000732422,1.101194143295288,0.9922808408737183,0.0058917999267578125,-0.10119414329528809,0.007719159126281738,-0.4738207757472992,-177.0530242919922,179.92591857910156,0.4738207757472992,-0.530328094959259,0.07341273128986359,39607,-0.0501745343208313,-0.4345143139362335,-0.0456392765045166,0.03829669952392578,0.12870366871356964,-0.09358763694763184,-2631.047607421875,659.8096313476562,78.9642333984375
20251022_154201.340851,0.9942265748977661,1.1011338233947754,0.9921143651008606,0.005773425102233887,-0.10113382339477539,0.007885634899139404,-0.3926021158695221,-177.07225036621094,179.91395568847656,0.3926021158695221,-0.5940738320350647,0.08817937225103378,39625,-0.05125662684440613,-0.43460795283317566,-0.10820925235748291,0.037527263164520264,0.12877950072288513,-0.07812738418579102,-2629.4794921875,658.7980346679688,96.5118408203125
20251022_154201.351021,0.9943493604660034,1.1011091470718384,0.9918867945671082,0.005650639533996582,-0.10110914707183838,0.008113205432891846,-0.47893691062927246,-177.4171142578125,179.86648559570312,0.47893691062927246,-0.635360598564148,0.08454443514347076,39568,-0.052735835313797,-0.4347039461135864,-0.14792084693908691,0.03672915697097778,0.12885375320911407,-0.0810384750366211,-2628.837890625,657.7868041992188,39.48211669921875
20251022_154201.360160,0.9944530129432678,1.1010180711746216,0.9917612671852112,0.005546987056732178,-0.10101807117462158,0.008238732814788818,-0.46602341532707214,-177.63035583496094,179.64930725097656,0.46602341532707214,-0.5699465870857239,0.09657131880521774,39676,-0.05355176329612732,-0.4348020553588867,-0.08159279823303223,0.036055415868759155,0.12892653048038483,-0.06841063499450684,-2626.469970703125,656.7761840820312,145.721435546875
20251022_154201.370759,0.9946193099021912,1.1008542776107788,0.9916063547134399,0.005380690097808838,-0.10085427761077881,0.008393645286560059,-0.48118510842323303,-178.6113739013672,178.85317993164062,0.48118510842323303,-0.5901536345481873,0.05421605706214905,39795,-0.05455869436264038,-0.4349018335342407,-0.10069310665130615,0.034974485635757446,0.1289975643157959,-0.1097559928894043,-2622.211181640625,655.7667846679688,262.0697021484375
20251022_154201.380497,0.9947617650032043,1.1008135080337524,0.9914821982383728,0.005238234996795654,-0.10081350803375244,0.008517801761627197,-0.4327337443828583,-178.6759033203125,178.828369140625,0.4327337443828583,-0.5710707306861877,0.06909474730491638,39598,-0.05536571145057678,-0.4350033104419708,-0.08070170879364014,0.03404852747917175,0.1290665864944458,-0.09402036666870117,-2621.151123046875,654.7584838867188,65.2313232421875
20251022_154201.390518,0.9948907494544983,1.1008096933364868,0.9913344383239746,0.005109250545501709,-0.10080969333648682,0.00866556167602539,-0.4466288089752197,-178.63006591796875,178.8692626953125,0.4466288089752197,-0.5874764919281006,0.07721424102783203,39538,-0.05632615089416504,-0.43510639667510986,-0.09604394435882568,0.03321012854576111,0.12913385033607483,-0.0851297378540039,-2621.052001953125,653.7503662109375,6.103515625
20251022_154201.400732,0.9950299263000488,1.1008187532424927,0.991173505783081,0.004970073699951172,-0.10081875324249268,0.008826494216918945,-0.4522978961467743,-178.58468627929688,178.95533752441406,0.4522978961467743,-0.597189724445343,0.0696481242775917,39516,-0.057372212409973145,-0.4352113604545593,-0.10460615158081055,0.03230547904968262,0.12919935584068298,-0.09185671806335449,-2621.28759765625,652.7421875,-14.495849609375
20251022_154201.411173,0.9951655268669128,1.1008086204528809,0.9909961223602295,0.004834473133087158,-0.10080862045288086,0.009003877639770508,-0.4979113042354584,-178.54664611816406,178.98533630371094,0.4979113042354584,-0.6091427803039551,0.07119079679250717,39546,-0.0585252046585083,-0.43531835079193115,-0.11529922485351562,0.03142407536506653,0.12926308810710907,-0.08949637413024902,-2621.024169921875,651.7340698242188,16.21246337890625
20251022_154201.421065,0.9953277707099915,1.1008169651031494,0.9907960891723633,0.004672229290008545,-0.10081696510314941,0.009203910827636719,-0.39293941855430603,-178.48304748535156,179.0299835205078,0.39293941855430603,-0.6252745985984802,0.05261344090104103,39516,-0.05982542037963867,-0.43542757630348206,-0.1300215721130371,0.030369490385055542,0.12932488322257996,-0.10708093643188477,-2621.2412109375,650.7259521484375,-13.3514404296875
20251022_154201.431183,0.9954274892807007,1.100817084312439,0.9907074570655823,0.004572510719299316,-0.10081708431243896,0.009292542934417725,-0.5041855573654175,-178.11830139160156,179.05198669433594,0.5041855573654175,-0.5535509586334229,0.09329204261302948,39528,-0.06040152907371521,-0.43553856015205383,-0.05761086940765381,0.029721319675445557,0.12938497960567474,-0.06581425666809082,-2621.244140625,649.7177734375,-0.19073486328125
20251022_154201.440972,0.9955552816390991,1.100836157798767,0.9904686808586121,0.004444718360900879,-0.10083615779876709,0.00953131914138794,-0.31617337465286255,-177.8976287841797,179.03701782226562,0.31617337465286255,-0.6528096199035645,0.07399129867553711,39496,-0.061953574419021606,-0.4356515109539032,-0.15520453453063965,0.028890669345855713,0.12944358587265015,-0.08434295654296875,-2621.739990234375,648.70947265625,-30.517578125
20251022_154201.450908,0.9956744909286499,1.1008368730545044,0.9903109669685364,0.004325509071350098,-0.1008368730545044,0.009689033031463623,-0.2936246991157532,-177.85964965820312,179.16232299804688,0.2936246991157532,-0.6012595891952515,0.07893827557563782,39524,-0.06297871470451355,-0.4357668459415436,-0.10251402854919434,0.028115808963775635,0.1295005977153778,-0.07867813110351562,-2621.7587890625,647.7011108398438,-1.1444091796875
20251022_154201.461056,0.9957888722419739,1.1007930040359497,0.9901553988456726,0.004211127758026123,-0.10079300403594971,0.009844601154327393,-0.23341339826583862,-178.0668182373047,178.99090576171875,0.23341339826583862,-0.6009932160377502,0.08143674582242966,39596,-0.06398990750312805,-0.435884028673172,-0.1011192798614502,0.0273723304271698,0.1295560896396637,-0.07549166679382324,-2620.6181640625,646.6929931640625,70.1904296875
20251022_154201.470633,0.9958958625793457,1.10072922706604,0.9899917840957642,0.004104137420654297,-0.10072922706604004,0.01000821590423584,-0.2499515563249588,-178.27381896972656,179.06002807617188,0.2499515563249588,-0.6074061393737793,0.08567339926958084,39628,-0.06505340337753296,-0.4360031485557556,-0.10634958744049072,0.02667689323425293,0.12961013615131378,-0.07061362266540527,-2618.9599609375,645.6853637695312,102.04315185546875
20251022_154201.480150,0.9960023760795593,1.1006646156311035,0.9898187518119812,0.003997623920440674,-0.10066461563110352,0.010181248188018799,-0.29919666051864624,-178.4736328125,179.02308654785156,0.29919666051864624,-0.6147733926773071,0.08534844219684601,39630,-0.06617811322212219,-0.4361242949962616,-0.11247098445892334,0.02598455548286438,0.12966279685497284,-0.07029891014099121,-2617.280029296875,644.6784057617188,103.3782958984375
20251022_154201.490564,0.9961493015289307,1.1005702018737793,0.9897065758705139,0.003850698471069336,-0.1005702018737793,0.010293424129486084,-0.318994402885437,-178.58914184570312,178.91026306152344,0.318994402885437,-0.5760687589645386,0.057772550731897354,39679,-0.06690725684165955,-0.4362471401691437,-0.07291436195373535,0.025029540061950684,0.12971380352973938,-0.09697079658508301,-2614.8251953125,643.6722412109375,151.06201171875
20251022_154201.500746,0.9962312579154968,1.100536584854126,0.9894960522651672,0.003768742084503174,-0.10053658485412598,0.010503947734832764,-0.3256276547908783,-178.50315856933594,178.826904296875,0.3256276547908783,-0.6414878964424133,0.10016894340515137,39582,-0.06827566027641296,-0.43637192249298096,-0.1368403434753418,0.02449682354927063,0.12976333498954773,-0.05409121513366699,-2613.951171875,642.6666870117188,53.7872314453125
20251022_154201.510748,0.9962832927703857,1.1004815101623535,0.9894388914108276,0.003716707229614258,-0.10048151016235352,0.010561108589172363,-0.1670392006635666,-178.61163330078125,178.7815704345703,0.1670392006635666,-0.5423000454902649,0.11962758004665375,39617,-0.06864720582962036,-0.4364983141422272,-0.037154555320739746,0.024158596992492676,0.12981198728084564,-0.03434300422668457,-2612.519287109375,641.66162109375,88.1195068359375
20251022_154201.521374,0.9963643550872803,1.1004589796066284,0.989299476146698,0.0036356449127197266,-0.10045897960662842,0.010700523853302002,-0.1637326031923294,-178.97897338867188,178.772216796875,0.1637326031923294,-0.5967991948127747,0.0999903455376625,39564,-0.06955340504646301,-0.4366258680820465,-0.09061992168426514,0.023631691932678223,0.1298597753047943,-0.053501129150390625,-2611.933349609375,640.6569213867188,36.04888916015625
20251022_154201.530377,0.9964977502822876,1.100465178489685,0.9891269207000732,0.0035022497177124023,-0.10046517848968506,0.010873079299926758,-0.19329603016376495,-179.0164337158203,178.8004913330078,0.19329603016376495,-0.6195913553237915,0.06462997198104858,39517,-0.07067501544952393,-0.43675532937049866,-0.11216104030609131,0.022764623165130615,0.12990617752075195,-0.08804082870483398,-2612.0947265625,639.6522827148438,-9.918212890625
20251022_154201.540882,0.9966050386428833,1.1005061864852905,0.9889547824859619,0.0033949613571166992,-0.10050618648529053,0.011045217514038086,-0.19004479050636292,-178.72023010253906,178.8619384765625,0.19004479050636292,-0.6205706000328064,0.08120793849229813,39459,-0.07179391384124756,-0.43688681721687317,-0.11188983917236328,0.022067248821258545,0.12995101511478424,-0.07081031799316406,-2613.160888671875,638.6473999023438,-65.61279296875
20251022_154201.550783,0.9967517852783203,1.100570797920227,0.9885750412940979,0.0032482147216796875,-0.10057079792022705,0.0114249587059021,-0.4181670546531677,-178.3247833251953,179.13494873046875,0.4181670546531677,-0.7581156492233276,0.05425480380654335,39419,-0.07426223158836365,-0.4370216429233551,-0.2468317747116089,0.02111339569091797,0.12999418377876282,-0.09685277938842773,-2614.8408203125,637.6420288085938,-103.3782958984375
20251022_154201.560882,0.996694028377533,1.1005353927612305,0.9883745908737183,0.003305971622467041,-0.10053539276123047,0.011625409126281738,-0.42109501361846924,-177.88009643554688,179.54454040527344,0.42109501361846924,-0.6430178880691528,0.18964515626430511,39579,-0.0755651593208313,-0.4371599555015564,-0.13029277324676514,0.021488815546035767,0.13003678619861603,0.03811955451965332,-2613.920166015625,636.6365356445312,56.64825439453125
20251022_154201.570654,0.9967626929283142,1.100528597831726,0.9882276654243469,0.003237307071685791,-0.10052859783172607,0.011772334575653076,-0.4546923041343689,-177.697998046875,179.5215301513672,0.4546923041343689,-0.6093220710754395,0.10580321401357651,39532,-0.076520174741745,-0.43730035424232483,-0.09550154209136963,0.02104249596595764,0.13007932901382446,-0.045318603515625,-2613.74365234375,635.6311645507812,10.87188720703125
20251022_154201.580250,0.9969746470451355,1.1005451679229736,0.9881059527397156,0.003025352954864502,-0.10054516792297363,0.011894047260284424,-0.406514436006546,-177.83193969726562,179.2768096923828,0.406514436006546,-0.5938668847084045,0.00989510677754879,39493,-0.07731130719184875,-0.4374423325061798,-0.07911324501037598,0.019664794206619263,0.13012002408504486,-0.13988971710205078,-2614.17431640625,634.6257934570312,-26.51214599609375
20251022_154201.590653,0.9969388842582703,1.1004353761672974,0.9879141449928284,0.0030611157417297363,-0.10043537616729736,0.01208585500717163,-0.4585379362106323,-177.70069885253906,179.7758026123047,0.4585379362106323,-0.6408193111419678,0.1736602783203125,39697,-0.0785580575466156,-0.4375862181186676,-0.12467503547668457,0.019897252321243286,0.13015958666801453,0.023603439331054688,-2611.31982421875,633.6209106445312,175.66680908203125
20251022_154201.600672,0.9970142245292664,1.1004106998443604,0.987772524356842,0.0029857754707336426,-0.10041069984436035,0.012227475643157959,-0.433430552482605,-177.76780700683594,179.8414764404297,0.433430552482605,-0.609264075756073,0.0998818576335907,39561,-0.07947859168052673,-0.43773210048675537,-0.09205341339111328,0.019407540559768677,0.1301988959312439,-0.049724578857421875,-2610.67822265625,632.61669921875,39.48211669921875
20251022_154201.610446,0.9970924854278564,1.1003926992416382,0.9876113533973694,0.0029075145721435547,-0.10039269924163818,0.012388646602630615,-0.4696396589279175,-177.8351287841797,179.92872619628906,0.4696396589279175,-0.623167097568512,0.09748385101556778,39550,-0.080526202917099,-0.4378798007965088,-0.10476112365722656,0.018898844718933105,0.13023720681667328,-0.05165219306945801,-2610.210205078125,631.6126708984375,28.80096435546875
20251022_154201.621004,0.9973562359809875,1.10032320022583,0.9874777793884277,0.002643764019012451,-0.10032320022583008,0.012522220611572266,-0.2564736604690552,-177.90948486328125,179.30557250976562,0.2564736604690552,-0.606246829032898,-0.026617612689733505,39633,-0.08139443397521973,-0.4380292594432831,-0.08682310581207275,0.017184466123580933,0.13027328252792358,-0.17407536506652832,-2608.4033203125,630.6090698242188,111.19842529296875
20251022_154201.630767,0.9974188208580017,1.1001900434494019,0.9873602390289307,0.002581179141998291,-0.10019004344940186,0.012639760971069336,-0.23239634931087494,-178.2901153564453,178.9959259033203,0.23239634931087494,-0.5967398881912231,0.10577889531850815,39737,-0.08215844631195068,-0.43818023800849915,-0.0764012336730957,0.01677766442298889,0.13030724227428436,-0.0413060188293457,-2604.941162109375,629.6065063476562,213.05084228515625
20251022_154201.640860,0.9974883198738098,1.100083589553833,0.9872401356697083,0.0025116801261901855,-0.10008358955383301,0.012759864330291748,-0.2626822888851166,-178.5867462158203,178.87388610839844,0.2626822888851166,-0.599338948726654,0.10079692304134369,39696,-0.08293911814689636,-0.43833261728286743,-0.07806718349456787,0.016325920820236206,0.1303403526544571,-0.04586935043334961,-2602.17333984375,628.6051635742188,170.32623291015625
20251022_154201.650785,0.9975651502609253,1.1000494956970215,0.9870927929878235,0.002434849739074707,-0.10004949569702148,0.012907207012176514,-0.2799408733844757,-178.72792053222656,178.7848358154297,0.2799408733844757,-0.6181561946868896,0.0954909697175026,39580,-0.08389684557914734,-0.43848663568496704,-0.09577274322509766,0.015826523303985596,0.13037250936031342,-0.05070805549621582,-2601.286865234375,627.6044921875,54.5501708984375
20251022_154201.660725,0.9976493716239929,1.1001132726669312,0.9868662357330322,0.00235062837600708,-0.10011327266693115,0.013133764266967773,-0.12025215476751328,-178.68515014648438,178.55613708496094,0.12025215476751328,-0.6712745428085327,0.09009659290313721,39421,-0.08536946773529053,-0.4386428892612457,-0.14726221561431885,0.01527908444404602,0.13040360808372498,-0.05558609962463379,-2602.945068359375,626.6036987304688,-102.04315185546875
20251022_154201.670965,0.9977386593818665,1.1001291275024414,0.9866693019866943,0.002261340618133545,-0.1001291275024414,0.013330698013305664,-0.028781214728951454,-178.4269256591797,178.58255004882812,0.028781214728951454,-0.6534581184387207,0.08620238304138184,39496,-0.08664953708648682,-0.43880167603492737,-0.1280069351196289,0.014698714017868042,0.130433589220047,-0.0589299201965332,-2603.357421875,625.6024780273438,-25.36773681640625
20251022_154201.680869,0.9978043437004089,1.1001548767089844,0.9865017533302307,0.0021956562995910645,-0.10015487670898438,0.013498246669769287,-0.03326377645134926,-178.32444763183594,178.6933135986328,0.03326377645134926,-0.635607898235321,0.10138267278671265,39479,-0.08773860335350037,-0.4389626383781433,-0.10890662670135498,0.014271765947341919,0.13046255707740784,-0.04335165023803711,-2604.02685546875,624.6010131835938,-41.19873046875
20251022_154201.690954,0.9978642463684082,1.1001555919647217,0.9863551259040833,0.002135753631591797,-0.10015559196472168,0.013644874095916748,-0.05864156410098076,-178.26930236816406,178.6932373046875,0.05864156410098076,-0.6231250166893005,0.10483735054731369,39518,-0.08869168162345886,-0.43912550806999207,-0.09530782699584961,0.01388239860534668,0.13049070537090302,-0.0395357608795166,-2604.04541015625,623.5994873046875,-1.1444091796875
20251022_154201.700909,0.9979322552680969,1.100128412246704,0.9862350225448608,0.002067744731903076,-0.1001284122467041,0.01376497745513916,-0.014259629882872105,-178.1169891357422,178.6940155029297,0.014259629882872105,-0.6068294644355774,0.09907250106334686,39562,-0.08947235345840454,-0.43928995728492737,-0.07806718349456787,0.013440340757369995,0.13051803410053253,-0.044885873794555664,-2603.338623046875,622.5980834960938,43.487548828125
20251022_154201.710792,0.9978734254837036,1.1000595092773438,0.9860433340072632,0.0021265745162963867,-0.10005950927734375,0.013956665992736816,0.016147203743457794,-177.77767944335938,179.0476837158203,-0.016147203743457794,-0.654772162437439,0.18319569528102875,39630,-0.0907183289527893,-0.4394562840461731,-0.12459754943847656,0.013822734355926514,0.13054530322551727,0.03882765769958496,-2601.54736328125,621.5971069335938,110.2447509765625
20251022_154201.720998,0.9979157447814941,1.1000373363494873,0.9859110116958618,0.0020842552185058594,-0.1000373363494873,0.014088988304138184,-0.011696962639689445,-177.73443603515625,179.09078979492188,0.011696962639689445,-0.6172124743461609,0.11618959158658981,39555,-0.0915784239768982,-0.439624547958374,-0.08600950241088867,0.013547658920288086,0.13057266175746918,-0.027930736541748047,-2600.970703125,620.5966186523438,35.4766845703125
20251022_154201.730642,0.9979762434959412,1.099988341331482,0.9857897758483887,0.002023756504058838,-0.09998834133148193,0.014210224151611328,-0.013870893977582455,-177.88282775878906,179.0152587890625,0.013870893977582455,-0.6109641194343567,0.10382463783025742,39598,-0.09236645698547363,-0.4397943615913391,-0.07880330085754395,0.013154417276382446,0.13059936463832855,-0.03992915153503418,-2599.69677734375,619.5964965820312,78.39202880859375
20251022_154201.740750,0.9980230331420898,1.0998718738555908,0.9856607913970947,0.0019769668579101562,-0.09987187385559082,0.014339208602905273,0.002810427686199546,-178.22801208496094,178.89585876464844,-0.002810427686199546,-0.6170104146003723,0.11259449273347855,39708,-0.09320485591888428,-0.4399656653404236,-0.08383989334106445,0.012850284576416016,0.130625382065773,-0.030881166458129883,-2596.668701171875,618.5972290039062,186.34796142578125
20251022_154201.750771,0.9980785250663757,1.0998207330703735,0.9855030179023743,0.0019214749336242676,-0.09982073307037354,0.014496982097625732,-0.033570799976587296,-178.5564727783203,178.91329956054688,0.033570799976587296,-0.6369218230247498,0.10651563107967377,39604,-0.09423038363456726,-0.44013866782188416,-0.10255277156829834,0.01248958706855774,0.13065071403980255,-0.03662467002868652,-2595.339111328125,617.5987548828125,81.82525634765625
20251022_154201.761103,0.9981752634048462,1.099805474281311,0.985260009765625,0.0018247365951538086,-0.09980547428131104,0.014739990234375,-0.13760223984718323,-178.52830505371094,179.06040954589844,0.13760223984718323,-0.6940793395042419,0.07868854701519012,39546,-0.0958099365234375,-0.44031408429145813,-0.15795528888702393,0.011860787868499756,0.1306750625371933,-0.06384730339050293,-2594.9423828125,616.6006469726562,24.4140625
20251022_154201.771171,0.9982274174690247,1.0997732877731323,0.9851248264312744,0.0017725825309753418,-0.09977328777313232,0.014875173568725586,-0.09909748286008835,-178.32432556152344,179.08172607421875,0.09909748286008835,-0.6250495910644531,0.10779855400323868,39572,-0.09668862819671631,-0.44049179553985596,-0.08786916732788086,0.011521786451339722,0.13069844245910645,-0.034421682357788086,-2594.10546875,615.6027221679688,51.4984130859375
20251022_154201.780598,0.9983058571815491,1.0997769832611084,0.9849874973297119,0.0016941428184509277,-0.0997769832611084,0.015012502670288086,-0.13366347551345825,-178.16824340820312,179.1257781982422,0.13366347551345825,-0.6275162696838379,0.08996269851922989,39514,-0.09758126735687256,-0.4406711161136627,-0.089263916015625,0.01101192831993103,0.13072098791599274,-0.05177021026611328,-2594.20166015625,614.60498046875,-5.91278076171875
20251022_154201.790699,0.998371422290802,1.0997531414031982,0.9848554134368896,0.001628577709197998,-0.09975314140319824,0.015144586563110352,-0.18462777137756348,-178.24053955078125,179.1225128173828,0.18462777137756348,-0.6251463890075684,0.09805536270141602,39558,-0.09843981266021729,-0.4408520460128784,-0.08585453033447266,0.010585755109786987,0.13074257969856262,-0.043272972106933594,-2593.581787109375,613.6072998046875,38.14697265625
20251022_154201.800519,0.9984297156333923,1.0997505187988281,0.9847208857536316,0.001570284366607666,-0.09975051879882812,0.015279114246368408,-0.17464634776115417,-178.207275390625,179.0754852294922,0.17464634776115417,-0.6277918219566345,0.10249661654233932,39523,-0.09931424260139465,-0.44103458523750305,-0.08744299411773682,0.010206848382949829,0.13076336681842804,-0.03847360610961914,-2593.513427734375,612.6098022460938,4.1961669921875
20251022_154201.810738,0.998502790927887,1.0998042821884155,0.9845574498176575,0.0014972090721130371,-0.09980428218841553,0.01544255018234253,-0.1307477355003357,-177.94447326660156,179.25099182128906,0.1307477355003357,-0.6478288769721985,0.09228547662496567,39430,-0.10037657618522644,-0.44121891260147095,-0.10623335838317871,0.009731858968734741,0.1307833045721054,-0.04822969436645508,-2594.911376953125,611.612060546875,-86.02142333984375
20251022_154201.820808,0.9987030029296875,1.0999524593353271,0.9843891859054565,0.0012969970703125,-0.09995245933532715,0.015610814094543457,-0.1368841528892517,-177.70306396484375,179.15731811523438,0.1368841528892517,-0.6522470712661743,0.007092032581567764,39274,-0.10147029161453247,-0.4414052367210388,-0.10937154293060303,0.00843048095703125,0.1308014690876007,-0.1321399211883545,-2598.763916015625,610.6132202148438,-237.08343505859375
20251022_154201.830590,0.9987387657165527,1.0999765396118164,0.9842511415481567,0.0012612342834472656,-0.0999765396118164,0.01574885845184326,-0.10521052032709122,-177.48178100585938,179.3254852294922,0.10521052032709122,-0.633689820766449,0.11541268229484558,39471,-0.1023675799369812,-0.4415934085845947,-0.08972883224487305,0.008198022842407227,0.13081809878349304,-0.023603439331054688,-2599.39013671875,609.6135864257812,-38.5284423828125
20251022_154201.840533,0.998791515827179,1.0999159812927246,0.9841545224189758,0.001208484172821045,-0.09991598129272461,0.01584547758102417,-0.11059420555830002,-177.43710327148438,179.21072387695312,0.11059420555830002,-0.6075810194015503,0.10387422889471054,39607,-0.1029956042766571,-0.44178298115730286,-0.06280243396759033,0.007855147123336792,0.13083414733409882,-0.034815073013305664,-2597.8154296875,608.6141357421875,96.893310546875
20251022_154201.850709,0.9988218545913696,1.0998015403747559,0.9840406775474548,0.001178145408630371,-0.09980154037475586,0.015959322452545166,-0.11423534154891968,-177.82342529296875,179.11036682128906,0.11423534154891968,-0.6197085380554199,0.1184840276837349,39695,-0.10373559594154358,-0.44197380542755127,-0.07399916648864746,0.007657945156097412,0.1308496743440628,-0.020023584365844727,-2594.840087890625,607.6155395507812,183.10546875
20251022_154201.860687,0.9988769888877869,1.0998313426971436,0.983729898929596,0.0011230111122131348,-0.09983134269714355,0.016270101070404053,-0.2466040998697281,-177.68621826171875,179.1199951171875,0.2466040998697281,-0.7499289512634277,0.10177556425333023,39463,-0.10575565695762634,-0.44216716289520264,-0.20200610160827637,0.007299572229385376,0.13086462020874023,-0.03638863563537598,-2595.614990234375,606.6173706054688,-47.6837158203125
20251022_154201.870952,0.9989513158798218,1.0996534824371338,0.9838426113128662,0.0010486841201782227,-0.09965348243713379,0.01615738868713379,-0.16934075951576233,-178.57691955566406,178.79904174804688,0.16934075951576233,-0.47412171959877014,0.08863937109708786,39799,-0.10502302646636963,-0.4423617422580719,0.07326304912567139,0.006816446781158447,0.130878746509552,-0.04905581474304199,-2590.990478515625,605.6199951171875,284.576416015625
20251022_154201.880695,0.9990234375,1.0995993614196777,0.9836360216140747,0.0009765625,-0.09959936141967773,0.016363978385925293,0.042243752628564835,-178.82884216308594,178.38893127441406,-0.042243752628564835,-0.6832060217857361,0.08963929116725922,39601,-0.1063658595085144,-0.44255685806274414,-0.13428330421447754,0.00634765625,0.13089190423488617,-0.04760026931762695,-2589.58349609375,604.6237182617188,86.5936279296875
20251022_154201.890573,0.9990845322608948,1.0995632410049438,0.9834477305412292,0.0009154677391052246,-0.09956324100494385,0.016552269458770752,-0.013102388009428978,-178.7818145751953,178.43678283691406,0.013102388009428978,-0.6727333068847656,0.09653220325708389,39572,-0.10758975148200989,-0.4427543580532074,-0.12238919734954834,0.00595054030418396,0.1309041976928711,-0.04032254219055176,-2588.644287109375,603.6278686523438,57.79266357421875
20251022_154201.900294,0.9991394281387329,1.0994938611984253,0.9833440184593201,0.0008605718612670898,-0.09949386119842529,0.01665598154067993,-0.04765670746564865,-178.7855224609375,178.34568786621094,0.04765670746564865,-0.6186303496360779,0.10027818381786346,39626,-0.10826388001441956,-0.44295361638069153,-0.0674128532409668,0.005593717098236084,0.13091574609279633,-0.036231279373168945,-2586.84033203125,602.6326293945312,111.0076904296875
20251022_154201.911162,0.9992063641548157,1.0994354486465454,0.983223557472229,0.0007936358451843262,-0.09943544864654541,0.016776442527770996,-0.03620745614171028,-178.65292358398438,178.296142578125,0.03620745614171028,-0.6305007338523865,0.09190735965967178,39609,-0.10904687643051147,-0.4431542158126831,-0.0782996416091919,0.00515863299369812,0.13092650473117828,-0.04417777061462402,-2585.32177734375,601.637939453125,93.4600830078125
20251022_154201.920908,0.9992719888687134,1.099464774131775,0.9831088781356812,0.0007280111312866211,-0.0994647741317749,0.016891121864318848,-0.04745353385806084,-178.40528869628906,178.3575439453125,0.04745353385806084,-0.6276900768280029,0.09235615283250809,39467,-0.10979229211807251,-0.4433562159538269,-0.07454156875610352,0.004732072353363037,0.1309363842010498,-0.04331231117248535,-2586.084228515625,600.6434326171875,-46.9207763671875
20251022_154201.930280,0.9993689060211182,1.0994775295257568,0.9829529523849487,0.0006310939788818359,-0.09947752952575684,0.01704704761505127,-0.01843033917248249,-177.930908203125,178.4141082763672,0.01843033917248249,-0.6557173728942871,0.07108201831579208,39492,-0.11080580949783325,-0.443559855222702,-0.10135173797607422,0.004102110862731934,0.13094522058963776,-0.0639653205871582,-2586.415771484375,599.6487426757812,-20.40863037109375
20251022_154201.940751,0.9994140863418579,1.0994819402694702,0.9828587174415588,0.0005859136581420898,-0.09948194026947021,0.017141282558441162,-0.022942151874303818,-177.6576690673828,178.59336853027344,0.022942151874303818,-0.6164360046386719,0.10494256019592285,39505,-0.11141833662986755,-0.44376498460769653,-0.061252713203430176,0.003808438777923584,0.1309531331062317,-0.029819011688232422,-2586.530517578125,598.6539306640625,-7.05718994140625
20251022_154201.950383,0.9994779825210571,1.0994426012039185,0.9827289581298828,0.0005220174789428711,-0.09944260120391846,0.017271041870117188,0.011427698656916618,-177.59144592285156,178.65512084960938,-0.011427698656916618,-0.6405767798423767,0.0921819731593132,39575,-0.11226177215576172,-0.4439714550971985,-0.0843435525894165,0.003393113613128662,0.13096033036708832,-0.042171478271484375,-2585.507568359375,597.6593017578125,62.9425048828125
20251022_154201.960780,0.9995921850204468,1.099224328994751,0.9826957583427429,0.00040781497955322266,-0.09922432899475098,0.01730424165725708,-0.05374981090426445,-177.46206665039062,179.2361297607422,0.05374981090426445,-0.5782363414764404,0.058243528008461,39866,-0.11247757077217102,-0.44417890906333923,-0.021579861640930176,0.0026507973670959473,0.13096638023853302,-0.07537364959716797,-2579.83251953125,596.666015625,349.23553466796875
20251022_154201.970426,0.9996314644813538,1.0991212129592896,0.9825714230537415,0.00036853551864624023,-0.09912121295928955,0.017428576946258545,-0.1950729340314865,-177.62147521972656,179.22918701171875,0.1950729340314865,-0.6384909749031067,0.1074424609541893,39683,-0.11328575015068054,-0.444387286901474,-0.08081793785095215,0.0023954808712005615,0.13097143173217773,-0.0259244441986084,-2577.151611328125,595.6742553710938,164.98565673828125
20251022_154201.980427,0.9996849298477173,1.0990182161331177,0.982489824295044,0.00031507015228271484,-0.09901821613311768,0.017510175704956055,-0.15296463668346405,-177.69923400878906,179.16676330566406,0.15296463668346405,-0.6114522814750671,0.09773668646812439,39685,-0.11381614208221436,-0.44459691643714905,-0.05303919315338135,0.0020479559898376465,0.1309758722782135,-0.03528714179992676,-2574.4736328125,594.68359375,164.794921875
20251022_154201.990438,0.9997313022613525,1.0989702939987183,0.9823699593544006,0.00026869773864746094,-0.09897029399871826,0.017630040645599365,-0.11008884757757187,-177.76072692871094,179.19654846191406,0.11008884757757187,-0.6373152732849121,0.10212040692567825,39597,-0.11459526419639587,-0.444807767868042,-0.07791221141815186,0.001746535301208496,0.13097967207431793,-0.030605792999267578,-2573.2275390625,593.693603515625,76.6754150390625
20251022_154202.000444,0.9998074173927307,1.0989152193069458,0.9822370409965515,0.0001925826072692871,-0.0989152193069458,0.017762959003448486,-0.10389044135808945,-177.99191284179688,179.23985290527344,0.10389044135808945,-0.6468762755393982,0.08199846744537354,39609,-0.11545923352241516,-0.4450201392173767,-0.08639693260192871,0.0012517869472503662,0.1309826672077179,-0.05023598670959473,-2571.795654296875,592.7042236328125,88.1195068359375
20251022_154202.010396,0.9998711943626404,1.0988056659698486,0.9821490049362183,0.00012880563735961914,-0.09880566596984863,0.01785099506378174,-0.06729722768068314,-178.13363647460938,179.09536743164062,0.06729722768068314,-0.6184887290000916,0.0897291898727417,39698,-0.1160314679145813,-0.4452338218688965,-0.05722343921661377,0.0008372366428375244,0.13098475337028503,-0.04209280014038086,-2568.947265625,591.715576171875,175.28533935546875
20251022_154202.020167,0.999958872795105,1.0987067222595215,0.9820481538772583,4.112720489501953e-05,-0.09870672225952148,0.0179518461227417,-0.004257020074874163,-178.2303466796875,179.08689880371094,0.004257020074874163,-0.6276888251304626,0.07338541746139526,39682,-0.11668699979782104,-0.445448637008667,-0.06555318832397461,0.00026732683181762695,0.13098585605621338,-0.05786776542663574,-2566.374755859375,590.72802734375,158.3099365234375
20251022_154202.030537,1.0000215768814087,1.0987108945846558,0.9819397926330566,-2.1576881408691406e-05,-0.09871089458465576,0.01806020736694336,0.003685392439365387,-177.93844604492188,179.22254943847656,-0.003685392439365387,-0.6334908604621887,0.08946103602647781,39516,-0.11739134788513184,-0.4456647038459778,-0.0704348087310791,-0.00014024972915649414,0.13098599016666412,-0.04138469696044922,-2566.483154296875,589.740966796875,-6.67572021484375
20251022_154202.040203,1.0000916719436646,1.0987337827682495,0.9818285703659058,-9.167194366455078e-05,-0.09873378276824951,0.01817142963409424,0.015106519684195518,-177.549072265625,179.3824920654297,-0.015106519684195518,-0.6362908482551575,0.08412663638591766,39485,-0.11811429262161255,-0.44588208198547363,-0.07229447364807129,-0.0005958676338195801,0.13098524510860443,-0.04626274108886719,-2567.078369140625,588.7537231445312,-36.62109375
20251022_154202.050613,1.0001622438430786,1.098695158958435,0.9817466139793396,-0.00016224384307861328,-0.09869515895843506,0.0182533860206604,0.007419098634272814,-177.2790069580078,179.72213745117188,-0.007419098634272814,-0.6180192828178406,0.08335155993700027,39583,-0.1186470091342926,-0.446100652217865,-0.05327165126800537,-0.0010545849800109863,0.13098359107971191,-0.04657745361328125,-2566.07421875,587.7666015625,61.798095703125
20251022_154202.061081,1.000217318534851,1.0986979007720947,0.9816305637359619,-0.00021731853485107422,-0.09869790077209473,0.018369436264038086,-0.023393137380480766,-177.27757263183594,179.87823486328125,0.023393137380480766,-0.6411543488502502,0.09321926534175873,39516,-0.11940133571624756,-0.44632038474082947,-0.0754326581954956,-0.0014125704765319824,0.13098113238811493,-0.03634929656982422,-2566.1455078125,586.7796020507812,-4.38690185546875
20251022_154202.070744,1.0002843141555786,1.0986284017562866,0.9814918637275696,-0.0002843141555786133,-0.09862840175628662,0.01850813627243042,0.1339736133813858,-177.48709106445312,179.6588592529297,-0.1339736133813858,-0.6569995284080505,0.08491271734237671,39632,-0.12030288577079773,-0.4465416371822357,-0.09015500545501709,-0.0018480420112609863,0.13097786903381348,-0.04421710968017578,-2564.33837890625,585.79296875,111.19842529296875
20251022_154202.080807,1.000362753868103,1.098490834236145,0.9813916087150574,-0.00036275386810302734,-0.09849083423614502,0.018608391284942627,0.1801481395959854,-177.67677307128906,179.44422912597656,-0.1801481395959854,-0.6328846216201782,0.07684555649757385,39744,-0.12095454335212708,-0.44676434993743896,-0.06516575813293457,-0.0023579001426696777,0.1309736669063568,-0.05177021026611328,-2560.76171875,584.807373046875,220.1080322265625
20251022_154202.090946,1.0004539489746094,1.0983494520187378,0.9812943935394287,-0.000453948974609375,-0.09834945201873779,0.01870560646057129,0.2332318276166916,-177.76734924316406,179.22291564941406,-0.2332318276166916,-0.6317645311355591,0.06782891601324081,39752,-0.12158644199371338,-0.44698822498321533,-0.06318986415863037,-0.0029506683349609375,0.1309683620929718,-0.06018877029418945,-2557.085693359375,583.8231811523438,226.2115478515625
20251022_154202.100792,1.0005888938903809,1.098188042640686,0.9811443090438843,-0.0005888938903808594,-0.09818804264068604,0.018855690956115723,0.021652445197105408,-178.46530151367188,178.89358520507812,-0.021652445197105408,-0.6673305034637451,0.03807012364268303,39788,-0.1225619912147522,-0.4472135901451111,-0.09755492210388184,-0.003827810287475586,0.1309615820646286,-0.08906364440917969,-2552.88916015625,582.8405151367188,258.2550048828125
20251022_154202.110580,1.0006544589996338,1.0981230735778809,0.9810541272163391,-0.0006544589996337891,-0.09812307357788086,0.01894587278366089,0.012733275070786476,-178.7637939453125,178.8819580078125,-0.012733275070786476,-0.6292067766189575,0.08342654258012772,39634,-0.12314817309379578,-0.44744038581848145,-0.05861818790435791,-0.004253983497619629,0.13095349073410034,-0.043272972106933594,-2551.199951171875,581.8589477539062,103.95050048828125
20251022_154202.120672,1.000720739364624,1.0980257987976074,0.9809592962265015,-0.0007207393646240234,-0.09802579879760742,0.019040703773498535,0.019870871677994728,-179.1552276611328,178.79324340820312,-0.019870871677994728,-0.6330730319023132,0.08251471072435379,39687,-0.12376457452774048,-0.44766831398010254,-0.061640143394470215,-0.004684805870056152,0.13094455003738403,-0.04374504089355469,-2548.670654296875,580.878173828125,155.6396484375
20251022_154202.130785,1.000784993171692,1.0979593992233276,0.9808732867240906,-0.0007849931716918945,-0.09795939922332764,0.019126713275909424,-0.019339054822921753,-179.09490966796875,178.7436065673828,0.019339054822921753,-0.6281271576881409,0.08342479914426804,39639,-0.12432363629341125,-0.4478973150253296,-0.05590617656707764,-0.0051024556159973145,0.13093477487564087,-0.04240751266479492,-2546.9443359375,579.8982543945312,106.23931884765625
20251022_154202.140647,1.0008480548858643,1.0979934930801392,0.9807977080345154,-0.0008480548858642578,-0.09799349308013916,0.01920229196548462,-0.03344609588384628,-178.76699829101562,178.77105712890625,0.03344609588384628,-0.6220683455467224,0.08379106968641281,39476,-0.12481489777565002,-0.44812729954719543,-0.04912614822387695,-0.005512356758117676,0.13092415034770966,-0.041620731353759766,-2547.830810546875,578.9185180664062,-54.5501708984375
20251022_154202.150668,1.0008987188339233,1.0980350971221924,0.9806496500968933,-0.0008987188339233398,-0.09803509712219238,0.01935034990310669,-0.08494999259710312,-178.22604370117188,178.9241180419922,0.08494999259710312,-0.6703735589981079,0.09163292497396469,39462,-0.12577727437019348,-0.4483586251735687,-0.0962376594543457,-0.005841672420501709,0.13091279566287994,-0.03343820571899414,-2548.91259765625,577.9383544921875,-66.56646728515625
20251022_154202.160120,1.000960350036621,1.0980489253997803,0.9805571436882019,-0.0009603500366210938,-0.09804892539978027,0.019442856311798096,-0.07704269140958786,-177.91238403320312,179.10586547851562,0.07704269140958786,-0.6350991129875183,0.08398184925317764,39505,-0.12637856602668762,-0.4485913813114166,-0.06012916564941406,-0.006242275238037109,0.13090071082115173,-0.04067659378051758,-2549.27197265625,576.9579467773438,-22.125244140625
20251022_154202.170423,1.0010042190551758,1.098020076751709,0.9804409146308899,-0.0010042190551757812,-0.09802007675170898,0.019559085369110107,-0.057063087821006775,-177.78550720214844,179.15151977539062,0.057063087821006775,-0.6515083312988281,0.09540697187185287,39573,-0.1271340548992157,-0.4488253891468048,-0.07554888725280762,-0.006527423858642578,0.1308879405260086,-0.02895355224609375,-2548.52197265625,575.9776000976562,46.1578369140625
20251022_154202.180370,1.0010594129562378,1.0979926586151123,0.9803611636161804,-0.001059412956237793,-0.0979926586151123,0.01963883638381958,-0.0864422470331192,-177.9757843017578,179.3205108642578,0.0864422470331192,-0.628551185131073,0.08756037056446075,39571,-0.12765243649482727,-0.4490605592727661,-0.05183815956115723,-0.006886184215545654,0.13087452948093414,-0.036427974700927734,-2547.80908203125,574.9974975585938,43.8690185546875
20251022_154202.190187,1.0010937452316284,1.0978784561157227,0.9802124500274658,-0.001093745231628418,-0.09787845611572266,0.01978754997253418,-0.049693893641233444,-178.02279663085938,179.2093048095703,0.049693893641233444,-0.6745800375938416,0.1010918915271759,39711,-0.12861907482147217,-0.44929713010787964,-0.09666383266448975,-0.007109344005584717,0.13086053729057312,-0.0226593017578125,-2544.83984375,574.0181884765625,182.7239990234375
20251022_154202.200839,1.0011489391326904,1.0978285074234009,0.9801427125930786,-0.0011489391326904297,-0.09782850742340088,0.019857287406921387,-0.0557524636387825,-178.11959838867188,179.1730499267578,0.0557524636387825,-0.6239367127418518,0.08694987744092941,39609,-0.129072368144989,-0.4495350122451782,-0.04532933235168457,-0.007468104362487793,0.13084596395492554,-0.036427974700927734,-2543.541259765625,573.0396118164062,79.91790771484375
20251022_154202.210946,1.0012116432189941,1.0977814197540283,0.9800648093223572,-0.0012116432189941406,-0.09778141975402832,0.019935190677642822,-0.09725768119096756,-178.29978942871094,179.16920471191406,0.09725768119096756,-0.6299896240234375,0.08157023787498474,39605,-0.12957873940467834,-0.44977375864982605,-0.050637125968933105,-0.007875680923461914,0.13083061575889587,-0.04138469696044922,-2542.31689453125,572.0615844726562,75.34027099609375
20251022_154202.220305,1.0012704133987427,1.0976619720458984,0.9799938797950745,-0.0012704133987426758,-0.09766197204589844,0.020006120204925537,-0.11587540060281754,-178.67877197265625,178.99913024902344,0.11587540060281754,-0.6261574029922485,0.08376847952604294,39722,-0.130039781332016,-0.4500133991241455,-0.04610419273376465,-0.008257687091827393,0.13081447780132294,-0.0387883186340332,-2539.211181640625,571.0843505859375,191.1163330078125
20251022_154202.230250,1.001339077949524,1.0975512266159058,0.9799172282218933,-0.0013390779495239258,-0.09755122661590576,0.02008277177810669,-0.13026154041290283,-179.10818481445312,178.90887451171875,0.13026154041290283,-0.6306154727935791,0.07677491009235382,39710,-0.13053801655769348,-0.4502539336681366,-0.04982352256774902,-0.008704006671905518,0.13079752027988434,-0.045318603515625,-2536.331787109375,570.1082763671875,177.19268798828125
20251022_154202.240675,1.0014219284057617,1.0974154472351074,0.9798225164413452,-0.0014219284057617188,-0.09741544723510742,0.020177483558654785,-0.14619453251361847,-179.23011779785156,178.65997314453125,0.14619453251361847,-0.6432117819786072,0.06685573607683182,39753,-0.1311536431312561,-0.45049551129341125,-0.06156265735626221,-0.009242534637451172,0.13077957928180695,-0.05468130111694336,-2532.801513671875,569.1334838867188,217.24700927734375
20251022_154202.250279,1.0014894008636475,1.0973635911941528,0.9797500967979431,-0.001489400863647461,-0.09736359119415283,0.020249903202056885,-0.16530004143714905,-178.9253387451172,178.64004516601562,0.16530004143714905,-0.6294351816177368,0.07654771953821182,39619,-0.13162437081336975,-0.4507380723953247,-0.047072768211364746,-0.009681105613708496,0.13076065480709076,-0.044531822204589844,-2531.453369140625,568.1595458984375,82.96966552734375
20251022_154202.260778,1.001551628112793,1.0973503589630127,0.9796463251113892,-0.0015516281127929688,-0.0973503589630127,0.02035367488861084,-0.07417156547307968,-178.41709899902344,178.72923278808594,0.07417156547307968,-0.650732159614563,0.07958531379699707,39557,-0.13229888677597046,-0.45098167657852173,-0.0674515962600708,-0.010085582733154297,0.13074088096618652,-0.041069984436035156,-2531.109375,567.18603515625,21.17156982421875
20251022_154202.271100,1.0016217231750488,1.09735906124115,0.9795550107955933,-0.0016217231750488281,-0.0973590612411499,0.02044498920440674,-0.055566176772117615,-178.1035614013672,178.91973876953125,0.055566176772117615,-0.643473207950592,0.07391631603240967,39520,-0.1328924298286438,-0.45122647285461426,-0.059354305267333984,-0.010541200637817383,0.13072025775909424,-0.04626274108886719,-2531.335693359375,566.2124633789062,-13.92364501953125
20251022_154202.280312,1.0016721487045288,1.097352385520935,0.979487955570221,-0.0016721487045288086,-0.09735238552093506,0.020512044429779053,-0.08836866170167923,-177.95559692382812,179.0531463623047,0.08836866170167923,-0.628386378288269,0.08654902875423431,39544,-0.13332828879356384,-0.4514722228050232,-0.043585896492004395,-0.010868966579437256,0.13069884479045868,-0.03328084945678711,-2531.162109375,565.2388916015625,10.68115234375
20251022_154202.290666,1.0017155408859253,1.0973091125488281,0.9793557524681091,-0.001715540885925293,-0.09730911254882812,0.02064424753189087,-0.15721890330314636,-178.0122528076172,179.16905212402344,0.15721890330314636,-0.6718387603759766,0.09088697284460068,39603,-0.13418760895729065,-0.45171916484832764,-0.08593201637268066,-0.011151015758514404,0.13067682087421417,-0.028638839721679688,-2530.036865234375,564.265625,69.23675537109375
20251022_154202.300333,1.0017842054367065,1.0972397327423096,0.9791938066482544,-0.001784205436706543,-0.09723973274230957,0.020806193351745605,-0.16207417845726013,-178.04232788085938,179.18556213378906,0.16207417845726013,-0.6924728751182556,0.07373814284801483,39646,-0.13524025678634644,-0.45196786522865295,-0.10526478290557861,-0.01159733533859253,0.13065408170223236,-0.045318603515625,-2528.233154296875,563.2928466796875,111.0076904296875
20251022_154202.310788,1.0018298625946045,1.097131371498108,0.9792072176933289,-0.0018298625946044922,-0.09713137149810791,0.020792782306671143,-0.1958392858505249,-178.115234375,179.105224609375,0.1958392858505249,-0.5786533355712891,0.08860275894403458,39710,-0.13515308499336243,-0.4522174596786499,0.008717179298400879,-0.0118941068649292,0.13063058257102966,-0.030133724212646484,-2525.415771484375,562.3209838867188,173.37799072265625
20251022_154202.320704,1.001882553100586,1.0970391035079956,0.9790617823600769,-0.0018825531005859375,-0.0970391035079956,0.020938217639923096,-0.1780688613653183,-178.03997802734375,179.05029296875,0.1780688613653183,-0.6830992102622986,0.08359412848949432,39685,-0.13609841465950012,-0.45246782898902893,-0.09453296661376953,-0.012236595153808594,0.13060645759105682,-0.034775733947753906,-2523.0166015625,561.3501586914062,147.6287841796875
20251022_154202.330718,1.0019288063049316,1.0969014167785645,0.9790202379226685,-0.0019288063049316406,-0.09690141677856445,0.020979762077331543,-0.143179789185524,-178.2289581298828,178.94293212890625,0.143179789185524,-0.6160916686058044,0.08751732856035233,39761,-0.13636845350265503,-0.4527193605899811,-0.027003884315490723,-0.012537240982055664,0.13058167695999146,-0.030527114868164062,-2519.436767578125,560.3804321289062,220.29876708984375
20251022_154202.340752,1.0019696950912476,1.0967930555343628,0.9789657592773438,-0.0019696950912475586,-0.09679305553436279,0.02103424072265625,-0.13917379081249237,-178.39935302734375,179.01161193847656,0.13917379081249237,-0.6251051425933838,0.09076672792434692,39716,-0.13672256469726562,-0.4529714286327362,-0.03541111946105957,-0.01280301809310913,0.13055634498596191,-0.02698659896850586,-2516.619384765625,559.4119873046875,173.37799072265625
20251022_154202.350393,1.002018928527832,1.096709966659546,0.9789037108421326,-0.0020189285278320312,-0.0967099666595459,0.02109628915786743,-0.13168466091156006,-178.6040496826172,178.9623260498047,0.13168466091156006,-0.630681574344635,0.08491331338882446,39676,-0.1371258795261383,-0.45322421193122864,-0.040331482887268066,-0.013123035430908203,0.13053041696548462,-0.03249406814575195,-2514.459228515625,558.4444580078125,132.94219970703125
20251022_154202.360833,1.002073049545288,1.0966763496398926,0.9788196682929993,-0.002073049545288086,-0.09667634963989258,0.021180331707000732,-0.13216254115104675,-178.44493103027344,179.00709533691406,0.13216254115104675,-0.645777702331543,0.08130912482738495,39597,-0.13767215609550476,-0.4534778594970703,-0.05462765693664551,-0.013474822044372559,0.1305038183927536,-0.035719871520996094,-2513.585205078125,557.4775390625,53.7872314453125
20251022_154202.371096,1.0021405220031738,1.0966789722442627,0.9786768555641174,-0.002140522003173828,-0.0966789722442627,0.02132314443588257,-0.022162742912769318,-178.04782104492188,179.08106994628906,0.022162742912769318,-0.6851615905761719,0.07203121483325958,39538,-0.1386004388332367,-0.4537329077720642,-0.09282827377319336,-0.013913393020629883,0.1304764300584793,-0.044531822204589844,-2513.6533203125,556.5107421875,-4.1961669921875
20251022_154202.381025,1.0021990537643433,1.0967273712158203,0.9784719347953796,-0.0021990537643432617,-0.09672737121582031,0.02152806520462036,0.24234798550605774,-177.7233428955078,178.92494201660156,-0.24234798550605774,-0.7271209359169006,0.07752341032028198,39463,-0.13993242383003235,-0.45399001240730286,-0.13319849967956543,-0.014293849468231201,0.13044822216033936,-0.03863096237182617,-2514.91162109375,555.543701171875,-77.4383544921875
20251022_154202.390107,1.0022212266921997,1.0966856479644775,0.9784008860588074,-0.002221226692199707,-0.09668564796447754,0.021599113941192627,0.2683006823062897,-177.5194091796875,178.958740234375,-0.2683006823062897,-0.6408246755599976,0.10134738683700562,39607,-0.14039424061775208,-0.4542487561702728,-0.046181678771972656,-0.014437973499298096,0.13041949272155762,-0.014634132385253906,-2513.826904296875,554.57666015625,66.7572021484375
20251022_154202.400491,1.0022486448287964,1.096585988998413,0.978363037109375,-0.0022486448287963867,-0.09658598899841309,0.021636962890625,0.19050852954387665,-177.59225463867188,179.07818603515625,-0.19050852954387665,-0.6197502613067627,0.0976782739162445,39701,-0.1406402587890625,-0.4545081853866577,-0.02460181713104248,-0.014616191387176514,0.13039043545722961,-0.018095970153808594,-2511.235595703125,553.6102905273438,159.454345703125
20251022_154202.411013,1.0023208856582642,1.0964857339859009,0.9783013463020325,-0.00232088565826416,-0.09648573398590088,0.02169865369796753,0.19937638938426971,-177.7410125732422,179.0850067138672,-0.19937638938426971,-0.6359084844589233,0.06759603321552277,39704,-0.14104124903678894,-0.45476818084716797,-0.04009902477264404,-0.015085756778717041,0.13036073744297028,-0.04767894744873047,-2508.629150390625,552.6449584960938,160.40802001953125
20251022_154202.420514,1.0023454427719116,1.0963354110717773,0.9782382249832153,-0.002345442771911621,-0.09633541107177734,0.021761775016784668,0.20911245048046112,-177.98480224609375,178.93199157714844,-0.20911245048046112,-0.6375093460083008,0.09887733310461044,39787,-0.14145153760910034,-0.4550289511680603,-0.04102885723114014,-0.015245378017425537,0.1303303986787796,-0.01620769500732422,-2504.720703125,551.6808471679688,240.51666259765625
20251022_154202.430334,1.0023893117904663,1.0961973667144775,0.9781787991523743,-0.0023893117904663086,-0.09619736671447754,0.021821200847625732,0.22579199075698853,-178.1887664794922,178.873291015625,-0.22579199075698853,-0.6357550621032715,0.08581554889678955,39770,-0.14183780550956726,-0.45529046654701233,-0.038626790046691895,-0.015530526638031006,0.1302996277809143,-0.02895355224609375,-2501.131591796875,550.7181396484375,220.8709716796875
20251022_154202.440727,1.0024300813674927,1.096048355102539,0.9781222343444824,-0.0024300813674926758,-0.09604835510253906,0.021877765655517578,0.2076820433139801,-178.4268035888672,178.75347900390625,-0.2076820433139801,-0.6345252394676208,0.0875648558139801,39790,-0.14220547676086426,-0.4555526375770569,-0.03676712512969971,-0.015795528888702393,0.13026830554008484,-0.026907920837402344,-2497.25732421875,549.7569580078125,238.4185791015625
20251022_154202.450742,1.0024489164352417,1.0959194898605347,0.9780716300010681,-0.0024489164352416992,-0.09591948986053467,0.021928369998931885,0.20196686685085297,-178.8677978515625,178.6437530517578,-0.20196686685085297,-0.6312426924705505,0.10188748687505722,39761,-0.14253440499305725,-0.45581549406051636,-0.032892823219299316,-0.015917956829071045,0.13023659586906433,-0.012431144714355469,-2493.90673828125,548.797119140625,206.18438720703125
20251022_154202.460782,1.00250244140625,1.0957945585250854,0.9780160188674927,-0.00250244140625,-0.09579455852508545,0.021983981132507324,0.2246929109096527,-179.04647827148438,178.6066436767578,-0.2246929109096527,-0.6351220607757568,0.07861205190420151,39757,-0.1428958773612976,-0.4560789465904236,-0.036147236824035645,-0.016265869140625,0.13020440936088562,-0.035326480865478516,-2490.658447265625,547.8385009765625,199.89013671875
20251022_154202.470529,1.0025768280029297,1.0957636833190918,0.9779430627822876,-0.0025768280029296875,-0.0957636833190918,0.022056937217712402,0.1981310099363327,-178.8900604248047,178.70327758789062,-0.1981310099363327,-0.6471347808837891,0.06432685256004333,39606,-0.14337009191513062,-0.4563432037830353,-0.04742145538330078,-0.01674938201904297,0.13017138838768005,-0.04909515380859375,-2489.855712890625,546.8807373046875,49.40032958984375
20251022_154202.480814,1.0026218891143799,1.0957568883895874,0.9778600931167603,-0.002621889114379883,-0.0957568883895874,0.022139906883239746,0.2192828506231308,-178.4008026123047,178.80723571777344,-0.2192828506231308,-0.6544480919837952,0.08335498720407486,39567,-0.14390939474105835,-0.456608384847641,-0.05393028259277344,-0.01704227924346924,0.1301375925540924,-0.029740333557128906,-2489.67919921875,545.9231567382812,10.87188720703125
20251022_154202.490654,1.0026564598083496,1.0957496166229248,0.9777992963790894,-0.0026564598083496094,-0.0957496166229248,0.022200703620910645,0.2146880328655243,-177.88636779785156,178.94888305664062,-0.2146880328655243,-0.6406968832015991,0.09001964330673218,39567,-0.1443045735359192,-0.45687443017959595,-0.039517879486083984,-0.01726698875427246,0.13010329008102417,-0.02281665802001953,-2489.489990234375,544.965576171875,11.63482666015625
20251022_154202.500158,1.002681851387024,1.095685601234436,0.9777225255966187,-0.0026818513870239258,-0.09568560123443604,0.022277474403381348,0.19389699399471283,-177.5810546875,178.9530792236328,-0.19389699399471283,-0.6518458724021912,0.09587811678647995,39658,-0.14480358362197876,-0.45714130997657776,-0.04990100860595703,-0.017432034015655518,0.1300685852766037,-0.016758441925048828,-2487.82568359375,544.0084228515625,102.42462158203125
20251022_154202.510508,1.0027309656143188,1.095583438873291,0.9776498079299927,-0.0027309656143188477,-0.09558343887329102,0.022350192070007324,0.1982053816318512,-177.57469177246094,178.97767639160156,-0.1982053816318512,-0.6499518156051636,0.07986673712730408,39721,-0.1452762484550476,-0.4574090540409088,-0.047266483306884766,-0.01775127649307251,0.13003340363502502,-0.03241539001464844,-2485.16943359375,543.0520629882812,163.45977783203125
20251022_154202.520630,1.0027639865875244,1.095445990562439,0.9775952100753784,-0.002763986587524414,-0.09544599056243896,0.022404789924621582,0.21072083711624146,-177.73228454589844,178.92333984375,-0.21072083711624146,-0.6387973427772522,0.09023793786764145,39780,-0.14563113451004028,-0.45767760276794434,-0.03548860549926758,-0.01796591281890869,0.12999768555164337,-0.021793842315673828,-2481.595703125,542.096923828125,219.91729736328125
20251022_154202.530442,1.0028622150421143,1.0951663255691528,0.977624773979187,-0.002862215042114258,-0.09516632556915283,0.02237522602081299,0.025525745004415512,-177.74058532714844,179.37051391601562,-0.025525745004415512,-0.5841687321662903,0.04652594029903412,40014,-0.14543896913528442,-0.4579462707042694,0.019216537475585938,-0.018604397773742676,0.12996111810207367,-0.06483078002929688,-2474.324462890625,541.1438598632812,447.4639892578125
20251022_154202.540788,1.0029032230377197,1.095000982284546,0.9774637222290039,-0.0029032230377197266,-0.0950009822845459,0.022536277770996094,-0.09817174822092056,-177.90281677246094,179.45223999023438,0.09817174822092056,-0.7093852162361145,0.08398741483688354,39834,-0.1464858055114746,-0.45821574330329895,-0.10468363761901855,-0.018870949745178223,0.12992364168167114,-0.027065277099609375,-2470.025634765625,540.1930541992188,264.54925537109375
20251022_154202.550427,1.002881646156311,1.0947901010513306,0.9774947762489319,-0.002881646156311035,-0.09479010105133057,0.022505223751068115,-0.02086534909904003,-178.15115356445312,179.0930633544922,0.02086534909904003,-0.5845848321914673,0.12539608776569366,39912,-0.14628395438194275,-0.45848599076271057,0.020185112953186035,-0.01873070001602173,0.12988604605197906,0.014240741729736328,-2464.542724609375,539.2440795898438,337.40997314453125
20251022_154202.560260,1.0029244422912598,1.0946604013442993,0.9774384498596191,-0.0029244422912597656,-0.09466040134429932,0.02256155014038086,-0.03291549161076546,-178.3986358642578,178.96917724609375,0.03291549161076546,-0.6420186161994934,0.08259397745132446,39784,-0.14665007591247559,-0.45875638723373413,-0.03661215305328369,-0.019008874893188477,0.12984830141067505,-0.02824544906616211,-2461.17041015625,538.2968139648438,207.51953125
20251022_154202.571313,1.002966046333313,1.094534993171692,0.9773358106613159,-0.0029660463333129883,-0.0945349931716919,0.022664189338684082,-0.029742194339632988,-178.5523681640625,178.97894287109375,0.029742194339632988,-0.6730604767799377,0.08307204395532608,39780,-0.14731723070144653,-0.4590277373790741,-0.06671547889709473,-0.019279301166534424,0.12981002032756805,-0.027458667755126953,-2457.909912109375,537.350830078125,200.653076171875
20251022_154202.580036,1.0030118227005005,1.0944898128509521,0.9772759079933167,-0.0030118227005004883,-0.09448981285095215,0.02272409200668335,-0.03999439254403114,-178.32972717285156,179.06692504882812,0.03999439254403114,-0.6459434032440186,0.07998190820217133,39651,-0.14770659804344177,-0.45930007100105286,-0.038936734199523926,-0.019576847553253174,0.1297711580991745,-0.03021240234375,-2456.735107421875,536.4057006835938,72.28851318359375
20251022_154202.590891,1.0031158924102783,1.0944784879684448,0.9771671891212463,-0.0031158924102783203,-0.09447848796844482,0.022832810878753662,-0.21063219010829926,-177.5758819580078,179.4468536376953,0.21063219010829926,-0.6786539554595947,0.04079201817512512,39597,-0.1484132707118988,-0.4595734179019928,-0.07066726684570312,-0.020253300666809082,0.12973132729530334,-0.06868600845336914,-2456.440673828125,535.4608764648438,18.11981201171875
20251022_154202.600579,1.0031658411026,1.0943548679351807,0.9771363139152527,-0.0031658411026000977,-0.09435486793518066,0.022863686084747314,-0.2174212783575058,-177.2039794921875,179.77268981933594,0.2174212783575058,-0.6285304427146912,0.07614639401435852,39779,-0.14861395955085754,-0.4598475992679596,-0.020068883895874023,-0.020577967166900635,0.1296904981136322,-0.03296613693237305,-2453.2265625,534.5167236328125,197.79205322265625
20251022_154202.610865,1.0031918287277222,1.0942639112472534,0.9770923256874084,-0.003191828727722168,-0.09426391124725342,0.022907674312591553,-0.20258498191833496,-177.18011474609375,179.7827606201172,0.20258498191833496,-0.6376144289970398,0.09175045043230057,39728,-0.1488998830318451,-0.4601222276687622,-0.028592348098754883,-0.020746886730194092,0.12964917719364166,-0.017151832580566406,-2450.861572265625,533.5736083984375,145.53070068359375
20251022_154202.620569,1.003197431564331,1.094132900238037,0.9770579934120178,-0.0031974315643310547,-0.09413290023803711,0.022942006587982178,-0.24172386527061462,-177.41639709472656,179.796142578125,0.24172386527061462,-0.6318363547325134,0.10512646287679672,39794,-0.14912304282188416,-0.460397332906723,-0.02231597900390625,-0.020783305168151855,0.1296076476573944,-0.0036978721618652344,-2447.455322265625,532.6316528320312,209.61761474609375
20251022_154202.630051,1.003192663192749,1.0939853191375732,0.9770779013633728,-0.0031926631927490234,-0.09398531913757324,0.022922098636627197,-0.17378327250480652,-177.64105224609375,179.52098083496094,0.17378327250480652,-0.5967260003089905,0.11196091771125793,39824,-0.14899364113807678,-0.4606724977493286,0.012940168380737305,-0.020752310752868652,0.12956610321998596,0.003147125244140625,-2443.618408203125,531.6910400390625,236.1297607421875
20251022_154202.640922,1.0032682418823242,1.0937443971633911,0.9769505262374878,-0.0032682418823242188,-0.09374439716339111,0.023049473762512207,-0.31075266003608704,-178.53573608398438,178.978271484375,0.31075266003608704,-0.6935637593269348,0.05839860439300537,39978,-0.14982157945632935,-0.4609483480453491,-0.08279383182525635,-0.021243572235107422,0.1295241117477417,-0.049881935119628906,-2437.354248046875,530.7523803710938,385.47515869140625
20251022_154202.650848,1.0032968521118164,1.0936037302017212,0.9769139885902405,-0.0032968521118164062,-0.09360373020172119,0.02308601140975952,-0.30489134788513184,-178.67333984375,178.91661071777344,0.30489134788513184,-0.6350336670875549,0.08916914463043213,39821,-0.1500590741634369,-0.46122515201568604,-0.023749470710754395,-0.02142953872680664,0.12948143482208252,-0.01888275146484375,-2433.697021484375,529.815673828125,225.067138671875
20251022_154202.660864,1.0033413171768188,1.0935174226760864,0.9767459034919739,-0.0033413171768188477,-0.09351742267608643,0.023254096508026123,-0.2204272449016571,-178.68496704101562,178.86024475097656,0.2204272449016571,-0.7219101190567017,0.0783727839589119,39735,-0.1511516273021698,-0.46150317788124084,-0.10925531387329102,-0.02171856164932251,0.12943829596042633,-0.029346942901611328,-2431.452880859375,528.8800659179688,138.092041015625
20251022_154202.670536,1.0032603740692139,1.0933351516723633,0.9766741991043091,-0.003260374069213867,-0.09333515167236328,0.023325800895690918,-0.21452972292900085,-178.6306610107422,179.0740966796875,0.21452972292900085,-0.6600082516670227,0.16162540018558502,39892,-0.15161770582199097,-0.46178266406059265,-0.0466078519821167,-0.021192431449890137,0.12939538061618805,0.05342245101928711,-2426.7138671875,527.94580078125,291.63360595703125
20251022_154202.680512,1.0034147500991821,1.0933573246002197,0.9766674637794495,-0.003414750099182129,-0.09335732460021973,0.023332536220550537,-0.27207261323928833,-178.6582794189453,178.94424438476562,0.27207261323928833,-0.6181020736694336,0.005267934408038855,39564,-0.1516614854335785,-0.46206262707710266,-0.004377961158752441,-0.022195875644683838,0.12935198843479156,-0.10188817977905273,-2427.29052734375,527.0123291015625,-35.4766845703125
20251022_154202.690457,1.0034399032592773,1.093328833580017,0.9765650629997253,-0.0034399032592773438,-0.09332883358001709,0.023434937000274658,-0.2706993520259857,-178.2706756591797,179.0989990234375,0.2706993520259857,-0.6812308430671692,0.09034697711467743,39645,-0.15232709050178528,-0.4623432159423828,-0.06656050682067871,-0.022359371185302734,0.12930743396282196,-0.016601085662841797,-2426.549560546875,526.0789184570312,45.58563232421875
20251022_154202.700393,1.0034515857696533,1.0933276414871216,0.9764918088912964,-0.0034515857696533203,-0.09332764148712158,0.023508191108703613,-0.2226184606552124,-177.80441284179688,179.31704711914062,0.2226184606552124,-0.6630433201789856,0.09911687672138214,39600,-0.1528032422065735,-0.4626248776912689,-0.0476151704788208,-0.022435307502746582,0.12926264107227325,-0.007710456848144531,-2426.518798828125,525.1456298828125,1.9073486328125
20251022_154202.710549,1.0034712553024292,1.0932444334030151,0.9764453768730164,-0.0034712553024291992,-0.09324443340301514,0.023554623126983643,-0.25129687786102295,-177.71035766601562,179.46463012695312,0.25129687786102295,-0.6461931467056274,0.09367258846759796,39732,-0.15310505032539368,-0.46290725469589233,-0.030180811882019043,-0.022563159465789795,0.12921763956546783,-0.012981891632080078,-2424.355224609375,524.2127685546875,133.1329345703125
20251022_154202.720464,1.0034962892532349,1.0930448770523071,0.9764413833618164,-0.0034962892532348633,-0.09304487705230713,0.023558616638183594,-0.27414169907569885,-178.1175994873047,179.34654235839844,0.27414169907569885,-0.6189167499542236,0.08992406725883484,39923,-0.15313100814819336,-0.4631899297237396,-0.0025957822799682617,-0.02272588014602661,0.12917235493659973,-0.01652240753173828,-2419.166748046875,523.2813110351562,319.2901611328125
20251022_154202.730620,1.003519058227539,1.0927892923355103,0.9764412045478821,-0.0035190582275390625,-0.09278929233551025,0.02355879545211792,-0.2872176766395569,-178.64842224121094,179.1076202392578,0.2872176766395569,-0.6167210340499878,0.09122534841299057,40018,-0.15313217043876648,-0.4634726345539093,-0.00011622905731201172,-0.022873878479003906,0.12912675738334656,-0.015027523040771484,-2412.521484375,522.3521118164062,408.935546875
20251022_154202.740405,1.0033005475997925,1.0939470529556274,0.9759527444839478,-0.0033005475997924805,-0.09394705295562744,0.024047255516052246,0.21638745069503784,-172.62506103515625,-178.8281707763672,-0.21638745069503784,-0.937564492225647,0.2518458664417267,37726,-0.1563071608543396,-0.46375828981399536,-0.317499041557312,-0.021453559398651123,0.12908242642879486,0.14421701431274414,-2442.623291015625,521.41845703125,-1852.4169921875
20251022_154202.750536,1.0034215450286865,1.0931452512741089,0.9759870171546936,-0.0034215450286865234,-0.09314525127410889,0.024012982845306396,0.04709992930293083,-175.78179931640625,179.92184448242188,-0.04709992930293083,-0.5978537797927856,0.02694038487970829,40881,-0.15608438849449158,-0.4640466570854187,0.022277235984802246,-0.022240042686462402,0.1290387362241745,-0.07985830307006836,-2421.776611328125,520.4829711914062,1282.8826904296875
20251022_154202.760406,1.0035964250564575,1.0922905206680298,0.9763758778572083,-0.0035964250564575195,-0.09229052066802979,0.023624122142791748,-0.22594259679317474,-179.04183959960938,178.65167236328125,0.22594259679317474,-0.3651297986507416,-0.009804466739296913,40987,-0.15355679392814636,-0.4643324613571167,0.2527594566345215,-0.023376762866973877,0.12899310886859894,-0.11542081832885742,-2399.553466796875,519.5557861328125,1367.5689697265625
20251022_154202.770866,1.0036264657974243,1.092232346534729,0.9763255715370178,-0.0036264657974243164,-0.092232346534729,0.023674428462982178,-0.29286903142929077,-178.82530212402344,178.7194061279297,0.29286903142929077,-0.6511991620063782,0.08554724603891373,39713,-0.15388378500938416,-0.4646162688732147,-0.0326991081237793,-0.023572027683258057,0.12894617021083832,-0.019826889038085938,-2398.041015625,518.6331787109375,93.07861328125
20251022_154202.780608,1.003645420074463,1.092183232307434,0.9762652516365051,-0.0036454200744628906,-0.09218323230743408,0.023734748363494873,-0.27468520402908325,-178.62631225585938,178.86920166015625,0.27468520402908325,-0.6583845019340515,0.09269384294748306,39699,-0.15427586436271667,-0.4649007022380829,-0.03920793533325195,-0.02369523048400879,0.12889890372753143,-0.012509822845458984,-2396.76416015625,517.7111206054688,78.582763671875
20251022_154202.791182,1.0036667585372925,1.0920867919921875,0.9762433171272278,-0.0036667585372924805,-0.0920867919921875,0.023756682872772217,-0.2623853087425232,-178.4038543701172,178.94644165039062,0.2623853087425232,-0.6338615417480469,0.09093405306339264,39776,-0.1544184386730194,-0.46518567204475403,-0.014257431030273438,-0.023833930492401123,0.12885136902332306,-0.014083385467529297,-2394.256591796875,516.789794921875,154.30450439453125
20251022_154202.800612,1.0036861896514893,1.0919954776763916,0.9761971831321716,-0.003686189651489258,-0.0919954776763916,0.02380281686782837,-0.3056136667728424,-178.02804565429688,179.02301025390625,0.3056136667728424,-0.6501764059066772,0.09201880544424057,39770,-0.1547183096408844,-0.4654710292816162,-0.029987096786499023,-0.023960232734680176,0.1288035809993744,-0.012824535369873047,-2391.88232421875,515.869384765625,146.1029052734375
20251022_154202.810658,1.003698468208313,1.0918575525283813,0.9761686325073242,-0.0036984682083129883,-0.09185755252838135,0.02383136749267578,-0.27742770314216614,-177.75303649902344,179.08494567871094,0.27742770314216614,-0.6392186284065247,0.09661168605089188,39847,-0.15490388870239258,-0.4657568335533142,-0.01855790615081787,-0.024040043354034424,0.1287555694580078,-0.00810384750366211,-2388.29638671875,514.9500732421875,220.68023681640625
20251022_154202.820789,1.0037212371826172,1.0916624069213867,0.9761728644371033,-0.0037212371826171875,-0.09166240692138672,0.02382713556289673,-0.29550406336784363,-177.9738311767578,179.03309631347656,0.29550406336784363,-0.6181684136390686,0.08949178457260132,39943,-0.15487638115882874,-0.46604278683662415,0.0027507543563842773,-0.02418804168701172,0.12870734930038452,-0.015027523040771484,-2383.22265625,514.032470703125,312.23297119140625
20251022_154202.830722,1.0037482976913452,1.0914310216903687,0.9761402010917664,-0.003748297691345215,-0.09143102169036865,0.023859798908233643,-0.25883346796035767,-178.547607421875,178.8061981201172,0.25883346796035767,-0.6426487565040588,0.08643492311239243,40006,-0.15508869290351868,-0.466328889131546,-0.02123117446899414,-0.024363934993743896,0.12865880131721497,-0.017859935760498047,-2377.20654296875,513.1170043945312,370.21636962890625
20251022_154202.841002,1.0037490129470825,1.0912188291549683,0.9760895371437073,-0.0037490129470825195,-0.09121882915496826,0.023910462856292725,-0.2107384204864502,-178.80795288085938,178.88787841796875,0.2107384204864502,-0.6549651026725769,0.10376940667629242,39980,-0.1554180085659027,-0.4666155278682709,-0.03293156623840332,-0.024368584156036377,0.1286100596189499,-0.00047206878662109375,-2371.689453125,512.2037963867188,339.508056640625
20251022_154202.850675,1.003735065460205,1.091026782989502,0.9761970043182373,-0.003735065460205078,-0.09102678298950195,0.023802995681762695,-0.2614385783672333,-179.2229461669922,178.85931396484375,0.2614385783672333,-0.5517675876617432,0.1134888306260109,39951,-0.15471947193145752,-0.4669018089771271,0.06985366344451904,-0.024277925491333008,0.12856142222881317,0.009205341339111328,-2366.6962890625,511.29254150390625,307.27386474609375
20251022_154202.860889,1.0037907361984253,1.0908968448638916,0.9761334657669067,-0.003790736198425293,-0.0908968448638916,0.02386653423309326,-0.14592061936855316,-178.9478759765625,178.6897430419922,0.14592061936855316,-0.6636203527450562,0.06713002920150757,39854,-0.1551324725151062,-0.4671878218650818,-0.041300058364868164,-0.024639785289764404,0.12851250171661377,-0.0367426872253418,-2363.31787109375,510.3829345703125,207.9010009765625
20251022_154202.870872,1.0038409233093262,1.090834617614746,0.9760215282440186,-0.003840923309326172,-0.0908346176147461,0.023978471755981445,-0.21943283081054688,-178.43321228027344,178.8225860595703,0.21943283081054688,-0.6960943341255188,0.07037340104579926,39747,-0.1558600664138794,-0.46747487783432007,-0.07275938987731934,-0.024966001510620117,0.12846289575099945,-0.03312349319458008,-2361.699951171875,509.4742736816406,99.5635986328125
20251022_154202.880252,1.0038909912109375,1.0907516479492188,0.9760193824768066,-0.0038909912109375,-0.09075164794921875,0.02398061752319336,-0.24619704484939575,-178.0108184814453,178.8255157470703,0.24619704484939575,-0.6250314116477966,0.07007637619972229,39781,-0.15587401390075684,-0.46776264905929565,-0.0013947486877441406,-0.02529144287109375,0.1284126341342926,-0.03304481506347656,-2359.54296875,508.56634521484375,132.75146484375
20251022_154202.890861,1.0038803815841675,1.0906487703323364,0.9760035276412964,-0.0038803815841674805,-0.09064877033233643,0.023996472358703613,-0.21454910933971405,-177.90736389160156,178.97271728515625,0.21454910933971405,-0.6343331933021545,0.11014199256896973,39815,-0.1559770703315735,-0.4680505096912384,-0.010305643081665039,-0.025222480297088623,0.12836211919784546,0.007002353668212891,-2356.867919921875,507.6593322753906,164.60418701171875
20251022_154202.900306,1.0038783550262451,1.0904903411865234,0.9760787487030029,-0.003878355026245117,-0.09049034118652344,0.02392125129699707,-0.11205016076564789,-177.95143127441406,179.00393676757812,0.11205016076564789,-0.5749324560165405,0.10443990677595139,39907,-0.15548813343048096,-0.4683380126953125,0.04889369010925293,-0.02520930767059326,0.12831169366836548,0.0013375282287597656,-2352.748779296875,506.7536315917969,253.48663330078125
20251022_154202.910640,1.0039393901824951,1.0904241800308228,0.9759827256202698,-0.003939390182495117,-0.09042418003082275,0.024017274379730225,-0.2436349242925644,-177.79629516601562,179.12672424316406,0.2436349242925644,-0.6871529221534729,0.0623716339468956,39760,-0.15611228346824646,-0.46862563490867615,-0.06241500377655029,-0.02560603618621826,0.12826088070869446,-0.040283203125,-2351.028564453125,505.84906005859375,105.85784912109375
20251022_154202.920524,1.00394606590271,1.0902693271636963,0.9759656190872192,-0.003946065902709961,-0.09026932716369629,0.02403438091278076,-0.2012994885444641,-177.78997802734375,179.21713256835938,0.2012994885444641,-0.6362566947937012,0.098154217004776,39905,-0.15622347593307495,-0.4689139425754547,-0.011119246482849121,-0.025649428367614746,0.12820962071418762,-0.004405975341796875,-2347.00244140625,504.94561767578125,247.76458740234375
20251022_154202.931015,1.003960132598877,1.0900769233703613,0.9759959578514099,-0.003960132598876953,-0.09007692337036133,0.024004042148590088,-0.2034134566783905,-177.92454528808594,179.10211181640625,0.2034134566783905,-0.6055082678794861,0.093133345246315,39969,-0.15602627396583557,-0.4692021906375885,0.01972019672393799,-0.025740861892700195,0.12815822660923004,-0.009284019470214844,-2342.0,504.04388427734375,307.8460693359375
20251022_154202.940579,1.0039736032485962,1.089847207069397,0.9760158658027649,-0.003973603248596191,-0.08984720706939697,0.023984134197235107,-0.16102048754692078,-178.24598693847656,178.83543395996094,0.16102048754692078,-0.6124467849731445,0.09338761121034622,40034,-0.1558968722820282,-0.469490110874176,0.012940168380737305,-0.025828421115875244,0.12810665369033813,-0.008890628814697266,-2336.02734375,503.1442565917969,367.54608154296875
20251022_154202.950550,1.0040041208267212,1.0896272659301758,0.9760442972183228,-0.004004120826721191,-0.08962726593017578,0.023955702781677246,-0.045348525047302246,-178.6016845703125,178.58731079101562,0.045348525047302246,-0.6070094108581543,0.0818864181637764,40023,-0.1557120680809021,-0.46977776288986206,0.018480420112609863,-0.026026785373687744,0.12805479764938354,-0.0201416015625,-2330.308837890625,502.24688720703125,351.90582275390625
20251022_154202.960900,1.004041075706482,1.0895172357559204,0.9760720133781433,-0.004041075706481934,-0.08951723575592041,0.02392798662185669,-0.07468158006668091,-178.6682891845703,178.58734130859375,0.07468158006668091,-0.6075814366340637,0.07734529674053192,39849,-0.15553191304206848,-0.47006505727767944,0.018015503883361816,-0.02626699209213257,0.12800250947475433,-0.024390220642089844,-2327.4482421875,501.3511657714844,176.04827880859375
20251022_154202.971146,1.0040704011917114,1.0894827842712402,0.9760754108428955,-0.004070401191711426,-0.08948278427124023,0.023924589157104492,-0.07149084657430649,-178.35647583007812,178.71714782714844,0.07149084657430649,-0.6236536502838135,0.08213735371828079,39729,-0.1555098295211792,-0.4703521728515625,0.0022083520889282227,-0.026457607746124268,0.1279497891664505,-0.019354820251464844,-2326.552490234375,500.4561462402344,55.12237548828125
20251022_154202.980081,1.0041037797927856,1.0894312858581543,0.976052463054657,-0.0041037797927856445,-0.0894312858581543,0.023947536945343018,-0.05628568306565285,-177.92681884765625,178.93716430664062,0.05628568306565285,-0.6412144303321838,0.07919220626354218,39756,-0.15565899014472961,-0.4706394076347351,-0.014916062355041504,-0.02667456865310669,0.12789665162563324,-0.022029876708984375,-2325.21337890625,499.56158447265625,82.3974609375
20251022_154202.990887,1.0041697025299072,1.0891724824905396,0.9761723279953003,-0.0041697025299072266,-0.08917248249053955,0.023827672004699707,-0.26128894090652466,-177.48129272460938,179.93313598632812,0.26128894090652466,-0.5478937029838562,0.05723080411553383,40094,-0.1548798680305481,-0.47092604637145996,0.07791221141815186,-0.027103066444396973,0.12784287333488464,-0.04350900650024414,-2318.484619140625,498.6685791015625,414.08538818359375
20251022_154203.000112,1.0042164325714111,1.08903968334198,0.9761855602264404,-0.004216432571411133,-0.08903968334197998,0.02381443977355957,-0.16929975152015686,-177.4213104248047,179.77511596679688,0.16929975152015686,-0.6174048185348511,0.06953972578048706,39895,-0.1547938585281372,-0.47121191024780273,0.008600950241088867,-0.027406811714172363,0.12778836488723755,-0.030841827392578125,-2315.03173828125,497.7774963378906,212.4786376953125
20251022_154203.009995,1.004215955734253,1.0888605117797852,0.9762040376663208,-0.00421595573425293,-0.08886051177978516,0.0237959623336792,-0.13301636278629303,-177.50843811035156,179.7785186767578,0.13301636278629303,-0.61416095495224,0.1006445586681366,39973,-0.1546737551689148,-0.4714975655078888,0.012010335922241211,-0.027403712272644043,0.12773355841636658,0.0003147125244140625,-2310.373291015625,496.88800048828125,286.67449951171875
20251022_154203.020825,1.0042362213134766,1.0886399745941162,0.9763240218162537,-0.0042362213134765625,-0.08863997459411621,0.023675978183746338,-0.34154170751571655,-177.56072998046875,-179.8817596435547,0.34154170751571655,-0.5476865768432617,0.08676789700984955,40044,-0.1538938581943512,-0.471782386302948,0.07798969745635986,-0.027535438537597656,0.12767861783504486,-0.013375282287597656,-2304.639404296875,496.00048828125,352.8594970703125
20251022_154203.030750,1.004276990890503,1.0885790586471558,0.9762572646141052,-0.00427699089050293,-0.08857905864715576,0.023742735385894775,-0.09913463890552521,-177.763427734375,179.88577270507812,0.09913463890552521,-0.6697868704795837,0.07291492074728012,39789,-0.15432778000831604,-0.4720669090747833,-0.043392181396484375,-0.027800440788269043,0.1276232749223709,-0.026907920837402344,-2303.055419921875,495.1144104003906,97.46551513671875
20251022_154203.041020,1.0042705535888672,1.0884510278701782,0.9762864708900452,-0.0042705535888671875,-0.08845102787017822,0.023713529109954834,-0.1383637934923172,-177.87673950195312,179.8012237548828,0.1383637934923172,-0.6075055003166199,0.10405774414539337,39899,-0.15413793921470642,-0.47235164046287537,0.018984079360961914,-0.02775859832763672,0.12756772339344025,0.004248619079589844,-2299.726806640625,494.229248046875,204.8492431640625
20251022_154203.050931,1.0042684078216553,1.088404655456543,0.9761651754379272,-0.0042684078216552734,-0.08840465545654297,0.023834824562072754,-0.12926723062992096,-177.72279357910156,179.8438262939453,0.12926723062992096,-0.7064053416252136,0.10118377208709717,39769,-0.1549263596534729,-0.4726369380950928,-0.07884204387664795,-0.027744650840759277,0.12751221656799316,0.0014162063598632812,-2298.52099609375,493.344970703125,74.19586181640625
20251022_154203.060870,1.0042892694473267,1.0882717370986938,0.9761567711830139,-0.00428926944732666,-0.08827173709869385,0.023843228816986084,-0.07702072709798813,-177.8041534423828,179.71563720703125,0.07702072709798813,-0.6333667635917664,0.085807666182518,39910,-0.15498098731040955,-0.47292301058769226,-0.005462765693664551,-0.02788025140762329,0.12745659053325653,-0.013768672943115234,-2295.065185546875,492.46160888671875,212.66937255859375
20251022_154203.071155,1.0043933391571045,1.0879806280136108,0.9764167070388794,-0.004393339157104492,-0.08798062801361084,0.023583292961120605,-0.0811825841665268,-179.00051879882812,178.87649536132812,0.0811825841665268,-0.4575406610965729,0.03015744313597679,40169,-0.15329140424728394,-0.47320756316185,0.16895830631256104,-0.0285567045211792,0.12740015983581543,-0.06868600845336914,-2287.496337890625,491.580322265625,465.7745361328125
20251022_154203.080182,1.0044121742248535,1.0879491567611694,0.9764316082000732,-0.004412174224853516,-0.08794915676116943,0.023568391799926758,-0.029389213770627975,-178.50819396972656,179.03433227539062,0.029389213770627975,-0.6169992685317993,0.08623263984918594,39754,-0.15319454669952393,-0.47349047660827637,0.009685754776000977,-0.02867913246154785,0.12734292447566986,-0.012431144714355469,-2286.677978515625,490.70068359375,50.35400390625
20251022_154203.090937,1.0043751001358032,1.088140606880188,0.9762601256370544,-0.004375100135803223,-0.08814060688018799,0.023739874362945557,-0.02042095921933651,-176.75347900390625,179.98658752441406,0.02042095921933651,-0.7395471930503845,0.12331654876470566,39391,-0.15430918335914612,-0.4737743139266968,-0.11146366596221924,-0.028438150882720947,0.12728580832481384,0.02446889877319336,-2291.65576171875,489.82025146484375,-306.3201904296875
20251022_154203.100822,1.0043718814849854,1.0880827903747559,0.9763113260269165,-0.0043718814849853516,-0.08808279037475586,0.023688673973083496,-0.024300498887896538,-176.68971252441406,-179.88648986816406,0.024300498887896538,-0.5947549939155579,0.10093602538108826,39791,-0.15397638082504272,-0.4740588963031769,0.033280253410339355,-0.028417229652404785,0.12722894549369812,0.002124309539794922,-2290.152587890625,488.9391174316406,92.50640869140625
20251022_154203.110704,1.0044406652450562,1.0877243280410767,0.976530134677887,-0.004440665245056152,-0.08772432804107666,0.023469865322113037,-0.010724304243922234,-178.14352416992188,179.1339874267578,0.010724304243922234,-0.48467034101486206,0.052910059690475464,40280,-0.15255412459373474,-0.47434183955192566,0.14222562313079834,-0.02886432409286499,0.12717166543006897,-0.045397281646728516,-2280.83251953125,488.0600891113281,573.5397338867188
20251022_154203.120893,1.00443434715271,1.087547779083252,0.9765578508377075,-0.004434347152709961,-0.08754777908325195,0.02344214916229248,0.05966946482658386,-178.52322387695312,179.10914611816406,-0.05966946482658386,-0.6089817881584167,0.10246066004037857,39993,-0.15237396955490112,-0.47462332248687744,0.018015503883361816,-0.028823256492614746,0.12711398303508759,0.004169940948486328,-2276.2421875,487.1837158203125,282.47833251953125
20251022_154203.130315,1.0044573545455933,1.0873702764511108,0.9766523838043213,-0.004457354545593262,-0.08737027645111084,0.02334761619567871,-0.00941881537437439,-178.85330200195312,179.03543090820312,0.00941881537437439,-0.565217137336731,0.08289849758148193,39998,-0.15175950527191162,-0.47490406036376953,0.061446428298950195,-0.0289728045463562,0.12705618143081665,-0.015184879302978516,-2271.627197265625,486.30914306640625,284.00421142578125
20251022_154203.140502,1.0044734477996826,1.0872125625610352,0.976715087890625,-0.004473447799682617,-0.08721256256103516,0.023284912109375,-0.012499142438173294,-179.1266632080078,178.86065673828125,0.012499142438173294,-0.5857781171798706,0.0872991755604744,39970,-0.1513519287109375,-0.4751838445663452,0.04075765609741211,-0.02907741069793701,0.12699812650680542,-0.01062154769897461,-2267.526611328125,485.43621826171875,252.34222412109375
20251022_154203.151039,1.004454255104065,1.0870994329452515,0.9767383933067322,-0.004454255104064941,-0.08709943294525146,0.023261606693267822,0.05625959113240242,-179.1077117919922,178.7307586669922,-0.05625959113240242,-0.6115150451660156,0.11065462231636047,39900,-0.15120044350624084,-0.4754631221294403,0.015148520469665527,-0.02895265817642212,0.12694010138511658,0.012667179107666016,-2264.585205078125,484.5646667480469,181.00738525390625
20251022_154203.160972,1.0044701099395752,1.0870357751846313,0.976834774017334,-0.004470109939575195,-0.08703577518463135,0.023165225982666016,0.029438091441988945,-178.92807006835938,178.68789672851562,-0.029438091441988945,-0.5636681914329529,0.08736218512058258,39822,-0.1505739688873291,-0.4757416844367981,0.06264746189117432,-0.02905571460723877,0.12688209116458893,-0.010464191436767578,-2262.93017578125,483.6939697265625,101.8524169921875
20251022_154203.171016,1.0044747591018677,1.0869970321655273,0.9768580794334412,-0.004474759101867676,-0.08699703216552734,0.023141920566558838,0.05572192743420601,-178.86854553222656,178.71751403808594,-0.05572192743420601,-0.6112934947013855,0.09466957300901413,39782,-0.15042248368263245,-0.4760195314884186,0.015148520469665527,-0.029085934162139893,0.12682394683361053,-0.0030684471130371094,-2261.9228515625,482.8238220214844,61.98883056640625
20251022_154203.180300,1.0044900178909302,1.086968183517456,0.9769211411476135,-0.004490017890930176,-0.08696818351745605,0.023078858852386475,0.019730934873223305,-178.7849578857422,178.88661193847656,-0.019730934873223305,-0.5853193402290344,0.08750976622104645,39766,-0.15001258254051208,-0.47629687190055847,0.04099011421203613,-0.029185116291046143,0.1267656832933426,-0.01007080078125,-2261.1728515625,481.9539794921875,46.1578369140625
20251022_154203.190595,1.0045106410980225,1.086962103843689,0.9769319891929626,-0.004510641098022461,-0.08696210384368896,0.023068010807037354,0.04410466551780701,-178.52426147460938,179.14378356933594,-0.04410466551780701,-0.6194645762443542,0.08377669006586075,39729,-0.1499420702457428,-0.47657373547554016,0.007051229476928711,-0.029319167137145996,0.12670718133449554,-0.013611316680908203,-2261.0146484375,481.0843505859375,9.72747802734375
20251022_154203.200885,1.004597783088684,1.0871479511260986,0.9769918918609619,-0.004597783088684082,-0.08714795112609863,0.023008108139038086,0.047316379845142365,-178.33934020996094,178.31161499023438,-0.047316379845142365,-0.5874661803245544,0.039248667657375336,39417,-0.14955270290374756,-0.4768502116203308,0.038936734199523926,-0.029885590076446533,0.1266479790210724,-0.05751371383666992,-2265.8466796875,480.21380615234375,-297.35565185546875
20251022_154203.210904,1.0045651197433472,1.0870462656021118,0.9770521521568298,-0.004565119743347168,-0.08704626560211182,0.022947847843170166,0.13666880130767822,-178.00921630859375,178.2975311279297,-0.13666880130767822,-0.5871177315711975,0.11847294121980667,39878,-0.14916101098060608,-0.47712594270706177,0.03916919231414795,-0.029673278331756592,0.12658841907978058,0.02155780792236328,-2263.202880859375,479.34283447265625,162.69683837890625
20251022_154203.220879,1.0045417547225952,1.0869133472442627,0.9771408438682556,-0.004541754722595215,-0.0869133472442627,0.022859156131744385,0.1114405021071434,-178.20794677734375,178.23565673828125,-0.1114405021071434,-0.5683356523513794,0.11242872476577759,39931,-0.1485845148563385,-0.4774007797241211,0.05764961242675781,-0.029521405696868896,0.12652921676635742,0.015420913696289062,-2259.7470703125,478.4730224609375,212.66937255859375
20251022_154203.230096,1.0044500827789307,1.0866042375564575,0.977200984954834,-0.004450082778930664,-0.08660423755645752,0.022799015045166016,0.08690459281206131,-178.4920196533203,179.04693603515625,-0.08690459281206131,-0.586776614189148,0.15804871916770935,40220,-0.1481935977935791,-0.4776747226715088,0.03909170627593994,-0.028925538063049316,0.12647077441215515,0.060503482818603516,-2251.710205078125,477.6054382324219,494.57550048828125
20251022_154203.240703,1.0044615268707275,1.0864567756652832,0.9772900938987732,-0.004461526870727539,-0.0864567756652832,0.022709906101226807,0.08980739861726761,-178.97930908203125,178.9160919189453,-0.08980739861726761,-0.5676413774490356,0.08985982090234756,39964,-0.14761438965797424,-0.47794777154922485,0.05792081356048584,-0.028999924659729004,0.12641283869743347,-0.0075531005859375,-2247.876220703125,476.7401428222656,235.93902587890625
20251022_154203.250369,1.004432201385498,1.0863442420959473,0.9773784279823303,-0.004432201385498047,-0.08634424209594727,0.022621572017669678,0.03510507941246033,-179.24459838867188,178.85183715820312,-0.03510507941246033,-0.5678428411483765,0.11690054833889008,39910,-0.1470402181148529,-0.47821977734565735,0.05741715431213379,-0.028809309005737305,0.12635503709316254,0.019354820251464844,-2244.9501953125,475.8761291503906,180.0537109375
20251022_154203.260910,1.004441261291504,1.0862772464752197,0.9774270057678223,-0.004441261291503906,-0.08627724647521973,0.022572994232177734,0.04711690545082092,-179.31785583496094,178.84681701660156,-0.04711690545082092,-0.5936398506164551,0.09144962579011917,39838,-0.14672446250915527,-0.478490948677063,0.031575560569763184,-0.02886819839477539,0.12629735469818115,-0.0059795379638671875,-2243.20849609375,475.0130310058594,107.1929931640625
20251022_154203.270894,1.0044158697128296,1.0862261056900024,0.9775049686431885,-0.00441586971282959,-0.08622610569000244,0.022495031356811523,0.11519673466682434,-179.19369506835938,178.81201171875,-0.11519673466682434,-0.574303150177002,0.11429507285356522,39814,-0.1462177038192749,-0.47876134514808655,0.05067586898803711,-0.028703153133392334,0.12623979151248932,0.016758441925048828,-2241.878662109375,474.1505126953125,81.82525634765625
20251022_154203.280703,1.0045435428619385,1.0864382982254028,0.9776239991188049,-0.0045435428619384766,-0.08643829822540283,0.02237600088119507,0.010222723707556725,-178.9739990234375,177.79347229003906,-0.010222723707556725,-0.5471047759056091,0.012384244240820408,39386,-0.14544400572776794,-0.479030579328537,0.0773698091506958,-0.029533028602600098,0.12618155777454376,-0.08426427841186523,-2247.395751953125,473.28717041015625,-339.508056640625
20251022_154203.290612,1.0045175552368164,1.0864310264587402,0.9776917695999146,-0.004517555236816406,-0.08643102645874023,0.02230823040008545,0.00015132006956264377,-178.72897338867188,177.8277587890625,-0.00015132006956264377,-0.5802513360977173,0.11391037702560425,39736,-0.14500349760055542,-0.4792986810207367,0.04405081272125244,-0.02936410903930664,0.12612265348434448,0.017151832580566406,-2247.206787109375,472.4228210449219,11.63482666015625
20251022_154203.300506,1.0045145750045776,1.0864346027374268,0.9777324199676514,-0.004514575004577637,-0.08643460273742676,0.022267580032348633,0.08886245638132095,-178.39601135253906,177.9479522705078,-0.08886245638132095,-0.5978826880455017,0.09868615865707397,39718,-0.1447392702102661,-0.47956612706184387,0.026422739028930664,-0.02934473752975464,0.12606394290924072,0.0019669532775878906,-2247.299560546875,471.5585021972656,-5.7220458984375
20251022_154203.310750,1.0044846534729004,1.0863996744155884,0.9778054356575012,-0.004484653472900391,-0.08639967441558838,0.02219456434249878,0.1494140326976776,-178.2606201171875,178.02554321289062,-0.1494140326976776,-0.5766373872756958,0.11660341173410416,39780,-0.14426466822624207,-0.47983288764953613,0.047460198402404785,-0.02915024757385254,0.12600545585155487,0.019748210906982422,-2246.3916015625,470.6943359375,55.88531494140625
20251022_154203.320975,1.0043779611587524,1.0861570835113525,0.9778102040290833,-0.004377961158752441,-0.08615708351135254,0.022189795970916748,0.18609224259853363,-177.83090209960938,179.2150421142578,-0.18609224259853363,-0.6212334632873535,0.16790802776813507,40117,-0.14423367381095886,-0.4800992012023926,0.0030994415283203125,-0.02845674753189087,0.12594784796237946,0.07041692733764648,-2240.084228515625,469.83154296875,388.14544677734375
20251022_154203.330701,1.0043368339538574,1.0860899686813354,0.977880597114563,-0.004336833953857422,-0.08608996868133545,0.02211940288543701,0.22737492620944977,-177.9356689453125,179.2673797607422,-0.22737492620944977,-0.5783856511116028,0.1248457282781601,39838,-0.14377611875534058,-0.4803650677204132,0.04575550556182861,-0.028189420700073242,0.12589119374752045,0.02714395523071289,-2238.339111328125,468.9703063964844,107.38372802734375
20251022_154203.341027,1.0044279098510742,1.08616042137146,0.9780645966529846,-0.004427909851074219,-0.08616042137145996,0.02193540334701538,0.22670474648475647,-178.41476440429688,178.0059356689453,-0.22670474648475647,-0.503609836101532,0.03694272041320801,39615,-0.14258012175559998,-0.4806293845176697,0.11959969997406006,-0.028781414031982422,0.12583422660827637,-0.06011009216308594,-2240.1708984375,468.10906982421875,-112.72430419921875
20251022_154203.350876,1.004113793373108,1.0857011079788208,0.9781871438026428,-0.00411379337310791,-0.0857011079788208,0.021812856197357178,0.4081764817237854,-178.61732482910156,179.18565368652344,-0.4081764817237854,-0.5430197715759277,0.30635592341423035,40473,-0.14178356528282166,-0.4808918833732605,0.07965564727783203,-0.026739656925201416,0.1257787048816681,0.20731687545776367,-2228.228759765625,467.249755859375,734.9014282226562
20251022_154203.360182,1.0040884017944336,1.0855776071548462,0.9782585501670837,-0.004088401794433594,-0.08557760715484619,0.02174144983291626,0.4681980311870575,-178.9914093017578,179.0049591064453,-0.4681980311870575,-0.5760585069656372,0.11590921878814697,39938,-0.1413194239139557,-0.4811532199382782,0.04641413688659668,-0.02657461166381836,0.1257253885269165,0.016758441925048828,-2225.017822265625,466.39337158203125,197.601318359375
20251022_154203.371118,1.0040842294692993,1.0855246782302856,0.9783509969711304,-0.004084229469299316,-0.08552467823028564,0.02164900302886963,0.4768769145011902,-179.10174560546875,179.0130615234375,-0.4768769145011902,-0.5620416402816772,0.10187850892543793,39826,-0.1407185196876526,-0.4814135432243347,0.06009042263031006,-0.026547491550445557,0.12567226588726044,0.002753734588623047,-2223.6416015625,465.537841796875,84.686279296875
20251022_154203.380362,1.0040768384933472,1.085513710975647,0.9784302711486816,-0.004076838493347168,-0.08551371097564697,0.02156972885131836,0.5139890313148499,-178.9641876220703,178.9789581298828,-0.5139890313148499,-0.5703479051589966,0.10399781912565231,39758,-0.14020323753356934,-0.48167285323143005,0.051528215408325195,-0.026499450206756592,0.12561921775341034,0.004878044128417969,-2223.3564453125,464.6826477050781,17.547607421875
20251022_154203.390833,1.004073143005371,1.085509181022644,0.9784843325614929,-0.004073143005371094,-0.08550918102264404,0.02151566743850708,0.5305123925209045,-178.63287353515625,179.0424346923828,-0.5305123925209045,-0.5866432785987854,0.10152983665466309,39747,-0.13985183835029602,-0.4819313883781433,0.03513991832733154,-0.02647542953491211,0.1255662441253662,0.0024390220642089844,-2223.23876953125,463.8275451660156,7.2479248046875
20251022_154203.400586,1.0041871070861816,1.0855636596679688,0.9785823225975037,-0.004187107086181641,-0.08556365966796875,0.021417677402496338,0.5836669206619263,-178.29026794433594,178.78236389160156,-0.5836669206619263,-0.5577103495597839,0.023080065846443176,39651,-0.1392149031162262,-0.48218896985054016,0.06369352340698242,-0.027216196060180664,0.12551255524158478,-0.07521629333496094,-2224.6552734375,462.97216796875,-87.16583251953125
20251022_154203.410924,1.0041840076446533,1.0855379104614258,0.9786319732666016,-0.00418400764465332,-0.08553791046142578,0.021368026733398438,0.5415944457054138,-178.1095428466797,178.7965850830078,-0.5415944457054138,-0.5890649557113647,0.10030772536993027,39779,-0.13889217376708984,-0.48244568705558777,0.032272934913635254,-0.027196049690246582,0.12545813620090485,0.0020456314086914062,-2223.985595703125,462.1166687011719,41.19873046875
20251022_154203.420053,1.0040220022201538,1.085416555404663,0.9786364436149597,-0.004022002220153809,-0.08541655540466309,0.021363556385040283,0.5088753700256348,-177.8838348388672,179.16285705566406,-0.5088753700256348,-0.618659496307373,0.20618537068367004,39934,-0.13886311650276184,-0.4827020764350891,0.002905726432800293,-0.026143014430999756,0.12540480494499207,0.10692358016967773,-2220.830322265625,461.26190185546875,194.1680908203125
20251022_154203.430148,1.0039989948272705,1.0853443145751953,0.9787378311157227,-0.003998994827270508,-0.08534431457519531,0.021262168884277344,0.5037932991981506,-177.94334411621094,179.1673583984375,-0.5037932991981506,-0.5552600622177124,0.11454407870769501,39857,-0.13820409774780273,-0.4829578399658203,0.06590187549591064,-0.0259934663772583,0.1253526657819748,0.015184879302978516,-2218.9521484375,460.4080810546875,115.5853271484375
20251022_154203.440626,1.0039423704147339,1.085322618484497,0.978849470615387,-0.003942370414733887,-0.08532261848449707,0.021150529384613037,0.6380717754364014,-177.84449768066406,179.2441864013672,-0.6380717754364014,-0.5481250882148743,0.13704775273799896,39775,-0.13747844099998474,-0.48321232199668884,0.07256567478179932,-0.025625407695770264,0.1253010481595993,0.03737211227416992,-2218.38818359375,459.55474853515625,34.7137451171875
20251022_154203.450222,1.0039068460464478,1.0852524042129517,0.9789242744445801,-0.003906846046447754,-0.08525240421295166,0.021075725555419922,0.6426681280136108,-177.7941131591797,179.1968994140625,-0.6426681280136108,-0.5718353986740112,0.12330161035060883,39854,-0.1369922161102295,-0.48346567153930664,0.0486224889755249,-0.0253944993019104,0.12525002658367157,0.023446083068847656,-2216.5625,458.7018737792969,112.34283447265625
20251022_154203.460535,1.0038772821426392,1.0851643085479736,0.9790013432502747,-0.00387728214263916,-0.08516430854797363,0.020998656749725342,0.6109555959701538,-178.04432678222656,179.14749145507812,-0.6109555959701538,-0.5701146721839905,0.1195092722773552,39884,-0.13649126887321472,-0.4837181270122528,0.05009472370147705,-0.02520233392715454,0.12519943714141846,0.019512176513671875,-2214.27197265625,457.84979248046875,140.95306396484375
20251022_154203.470776,1.0038175582885742,1.0850474834442139,0.9791048169136047,-0.0038175582885742188,-0.08504748344421387,0.020895183086395264,0.6479697823524475,-178.5129852294922,179.0970916748047,-0.6479697823524475,-0.5525302886962891,0.13975302875041962,39932,-0.1358186900615692,-0.48396947979927063,0.06725788116455078,-0.024814128875732422,0.1251494139432907,0.03941774368286133,-2211.234619140625,456.9987487792969,186.920166015625
20251022_154203.480432,1.0038012266159058,1.0849454402923584,0.9792201519012451,-0.0038012266159057617,-0.0849454402923584,0.020779848098754883,0.6655187606811523,-178.8887176513672,179.04640197753906,-0.6655187606811523,-0.544320821762085,0.11117082834243774,39910,-0.13506901264190674,-0.4842195212841034,0.07496774196624756,-0.02470797300338745,0.12509989738464355,0.01077890396118164,-2208.58154296875,456.1487731933594,163.26904296875
20251022_154203.490416,1.0037866830825806,1.0848747491836548,0.9792770743370056,-0.0037866830825805664,-0.08487474918365479,0.020722925662994385,0.6798980832099915,-178.9617462158203,179.01217651367188,-0.6798980832099915,-0.5821679830551147,0.11003586649894714,39861,-0.1346990168094635,-0.484468549489975,0.03699958324432373,-0.02461344003677368,0.12505057454109192,0.009598731994628906,-2206.743408203125,455.2996826171875,113.10577392578125
20251022_154203.500107,1.003750205039978,1.0848817825317383,0.9793366193771362,-0.0037502050399780273,-0.08488178253173828,0.02066338062286377,0.6498258709907532,-178.68222045898438,179.1363067626953,-0.6498258709907532,-0.5803245306015015,0.12470075488090515,39736,-0.1343119740486145,-0.48471686244010925,0.0387042760848999,-0.024376332759857178,0.12500157952308655,0.02407550811767578,-2206.92626953125,454.4508972167969,-11.25335693359375
20251022_154203.510470,1.003821611404419,1.0849539041519165,0.979481041431427,-0.0038216114044189453,-0.0849539041519165,0.020518958568572998,0.5760080218315125,-178.26480102539062,178.80906677246094,-0.5760080218315125,-0.524462878704071,0.052983690053224564,39629,-0.1333732306957245,-0.48496395349502563,0.09387433528900146,-0.024840474128723145,0.12495236843824387,-0.04712820053100586,-2208.801513671875,453.6017150878906,-115.39459228515625
20251022_154203.520648,1.003786325454712,1.0849307775497437,0.9795411825180054,-0.003786325454711914,-0.08493077754974365,0.02045881748199463,0.6134122014045715,-177.96096801757812,178.93374633789062,-0.6134122014045715,-0.5791004300117493,0.12358052283525467,39781,-0.1329823136329651,-0.4852098226547241,0.03909170627593994,-0.02461111545562744,0.12490291148424149,0.023288726806640625,-2208.2001953125,452.7522888183594,37.0025634765625
20251022_154203.530056,1.0037511587142944,1.084831714630127,0.97968590259552,-0.0037511587142944336,-0.08483171463012695,0.02031409740447998,0.4456876814365387,-177.79962158203125,179.2081756591797,-0.4456876814365387,-0.5234280228614807,0.12368144094944,39904,-0.13204163312911987,-0.4854544699192047,0.09406805038452148,-0.02438253164291382,0.12485392391681671,0.02321004867553711,-2205.62451171875,451.9034729003906,158.50067138671875
20251022_154203.540754,1.0037349462509155,1.0848417282104492,0.9796615242958069,-0.0037349462509155273,-0.08484172821044922,0.020338475704193115,0.6035821437835693,-178.02920532226562,178.9778594970703,-0.6035821437835693,-0.6337443590164185,0.1112283393740654,39729,-0.13220009207725525,-0.4856983721256256,-0.015845894813537598,-0.024277150630950928,0.1248052641749382,0.010700225830078125,-2205.885009765625,451.05511474609375,-16.021728515625
20251022_154203.550174,1.0036852359771729,1.0846830606460571,0.9798121452331543,-0.0036852359771728516,-0.08468306064605713,0.020187854766845703,0.4658282399177551,-178.05780029296875,179.2425079345703,-0.4658282399177551,-0.519258975982666,0.1336117833852768,40002,-0.13122105598449707,-0.4859415292739868,0.09790360927581787,-0.023954033851623535,0.12475702911615372,0.032808780670166016,-2201.759521484375,450.2074890136719,253.86810302734375
20251022_154203.560588,1.0036394596099854,1.0845903158187866,0.9798957705497742,-0.0036394596099853516,-0.08459031581878662,0.02010422945022583,0.4491819739341736,-178.21881103515625,179.13894653320312,-0.4491819739341736,-0.5625042915344238,0.131265327334404,39898,-0.1306774914264679,-0.4861832857131958,0.05435645580291748,-0.023656487464904785,0.12470941990613937,0.03021240234375,-2199.34814453125,449.3611145019531,148.3917236328125
20251022_154203.570944,1.0036014318466187,1.0845537185668945,0.9798820614814758,-0.0036014318466186523,-0.08455371856689453,0.02011793851852417,0.6463233828544617,-178.3521728515625,178.82310485839844,-0.6463233828544617,-0.626102089881897,0.12635137140750885,39808,-0.1307666003704071,-0.48642462491989136,-0.008910894393920898,-0.02340930700302124,0.1246623545885086,0.025098323822021484,-2198.396728515625,448.5154113769531,58.55560302734375
20251022_154203.580213,1.0035321712493896,1.0844184160232544,0.9800682067871094,-0.0035321712493896484,-0.0844184160232544,0.019931793212890625,0.5312175750732422,-178.29205322265625,179.06063842773438,-0.5312175750732422,-0.4952271282672882,0.14736886322498322,39969,-0.12955665588378906,-0.48666492104530334,0.1209944486618042,-0.022959113121032715,0.12461598217487335,0.04571199417114258,-2194.87890625,447.6705322265625,216.48406982421875
20251022_154203.590561,1.0033429861068726,1.0842580795288086,0.980135440826416,-0.0033429861068725586,-0.0842580795288086,0.019864559173583984,0.43125438690185547,-178.4302978515625,179.3188934326172,-0.43125438690185547,-0.5723211765289307,0.22770407795906067,40012,-0.1291196346282959,-0.48690369725227356,0.043702125549316406,-0.02172940969467163,0.124571293592453,0.1248621940612793,-2190.7099609375,446.8271484375,256.53839111328125
20251022_154203.600606,1.0034406185150146,1.0842317342758179,0.9802044630050659,-0.0034406185150146484,-0.08423173427581787,0.019795536994934082,0.5319526195526123,-178.77066040039062,178.8463897705078,-0.5319526195526123,-0.5709482431411743,0.037725795060396194,39798,-0.12867099046707153,-0.4871416687965393,0.04486441612243652,-0.022364020347595215,0.12452720105648041,-0.0644373893737793,-2190.025146484375,445.9847106933594,42.15240478515625
20251022_154203.610221,1.0034003257751465,1.0841636657714844,0.9802607297897339,-0.0034003257751464844,-0.08416366577148438,0.019739270210266113,0.5507761836051941,-178.71859741210938,178.89309692382812,-0.5507761836051941,-0.5791106820106506,0.1289738267660141,39865,-0.12830525636672974,-0.487378865480423,0.03657341003417969,-0.02210211753845215,0.12448273599147797,0.02659320831298828,-2188.25537109375,445.1427307128906,108.90960693359375
20251022_154203.620028,1.0033807754516602,1.084160566329956,0.9803252220153809,-0.0033807754516601562,-0.08416056632995605,0.01967477798461914,0.5952305793762207,-178.23789978027344,179.00888061523438,-0.5952305793762207,-0.5735814571380615,0.11536683142185211,39761,-0.12788605690002441,-0.48761534690856934,0.04191994667053223,-0.021975040435791016,0.12443865835666656,0.012903213500976562,-2188.1748046875,444.3011169433594,4.9591064453125
20251022_154203.630188,1.0033469200134277,1.0841478109359741,0.9803599119186401,-0.0033469200134277344,-0.08414781093597412,0.019640088081359863,0.634991466999054,-177.70704650878906,179.04620361328125,-0.634991466999054,-0.5929633975028992,0.12498454004526138,39776,-0.1276605725288391,-0.48785123229026794,0.022548437118530273,-0.021754980087280273,0.12439493089914322,0.022344589233398438,-2187.843017578125,443.4595642089844,20.40863037109375
20251022_154203.640640,1.0032795667648315,1.0841339826583862,0.9804286956787109,-0.003279566764831543,-0.08413398265838623,0.019571304321289062,0.659706175327301,-177.4384002685547,179.15048217773438,-0.659706175327301,-0.5705905556678772,0.1474878191947937,39777,-0.1272134780883789,-0.4880864918231964,0.04470944404602051,-0.02131718397140503,0.1243518590927124,0.04445314407348633,-2187.483642578125,442.6181640625,22.125244140625
20251022_154203.650241,1.0032215118408203,1.0840541124343872,0.9805131554603577,-0.0032215118408203125,-0.08405411243438721,0.019486844539642334,0.6526681780815125,-177.40768432617188,179.1758270263672,-0.6526681780815125,-0.5600864887237549,0.14168602228164673,39884,-0.12666448950767517,-0.48832085728645325,0.054898858070373535,-0.02093982696533203,0.12430959939956665,0.03831624984741211,-2185.406982421875,441.7772216796875,127.7923583984375
20251022_154203.660535,1.0031558275222778,1.0839601755142212,0.9805603623390198,-0.003155827522277832,-0.08396017551422119,0.019439637660980225,0.6949643492698669,-177.67018127441406,179.0655517578125,-0.6949643492698669,-0.5842275619506836,0.14710691571235657,39908,-0.12635764479637146,-0.4885544180870056,0.030684471130371094,-0.020512878894805908,0.12426814436912537,0.04335165023803711,-2182.964599609375,440.9371337890625,150.299072265625
20251022_154203.670717,1.0030767917633057,1.0838083028793335,0.9806948900222778,-0.003076791763305664,-0.0838083028793335,0.019305109977722168,0.7915858030319214,-178.1303253173828,179.00445556640625,-0.7915858030319214,-0.5268270969390869,0.15639209747314453,40004,-0.1254832148551941,-0.48878687620162964,0.08744299411773682,-0.019999146461486816,0.12422763556241989,0.05216360092163086,-2179.015869140625,440.0982971191406,242.9962158203125
20251022_154203.680221,1.003018856048584,1.083763599395752,0.980762243270874,-0.0030188560485839844,-0.08376359939575195,0.019237756729125977,0.7357802987098694,-178.41444396972656,179.0227813720703,-0.7357802987098694,-0.5702839493751526,0.14280302822589874,39832,-0.12504541873931885,-0.48901814222335815,0.043779611587524414,-0.0196225643157959,0.12418801337480545,0.038237571716308594,-2177.853515625,439.26043701171875,71.52557373046875
20251022_154203.690584,1.0029785633087158,1.0836821794509888,0.98084956407547,-0.0029785633087158203,-0.08368217945098877,0.01915043592453003,0.7698290944099426,-178.48716735839844,178.86534118652344,-0.7698290944099426,-0.5569677948951721,0.1313815712928772,39892,-0.12447783350944519,-0.48924845457077026,0.05675852298736572,-0.019360661506652832,0.12414903193712234,0.02659320831298828,-2175.736572265625,438.4232177734375,130.27191162109375
20251022_154203.700068,1.002831220626831,1.083768606185913,0.9808841347694397,-0.0028312206268310547,-0.08376860618591309,0.019115865230560303,1.03008234500885,-177.74607849121094,179.2052459716797,-1.03008234500885,-0.5912602543830872,0.20295450091362,39621,-0.12425312399864197,-0.48947805166244507,0.022470951080322266,-0.018402934074401855,0.12411126494407654,0.09724617004394531,-2177.983642578125,437.5859680175781,-138.28277587890625
20251022_154203.710707,1.0027607679367065,1.0837126970291138,0.9809385538101196,-0.002760767936706543,-0.08371269702911377,0.01906144618988037,1.067560076713562,-177.8268585205078,179.18017578125,-1.067560076713562,-0.5782341361045837,0.15262870490550995,39849,-0.12389940023422241,-0.4897071421146393,0.035372376441955566,-0.01794499158859253,0.12407492101192474,0.046498775482177734,-2176.530029296875,436.7485656738281,89.45465087890625
20251022_154203.721136,1.0026875734329224,1.0836522579193115,0.9810310006141663,-0.0026875734329223633,-0.08365225791931152,0.01896899938583374,1.0662603378295898,-177.9662322998047,179.0630645751953,-1.0662603378295898,-0.5531433820724487,0.1548786461353302,39857,-0.12329849600791931,-0.4899353086948395,0.06009042263031006,-0.01746922731399536,0.12403950840234756,0.048308372497558594,-2174.958740234375,435.9117431640625,96.70257568359375
20251022_154203.730081,1.002631664276123,1.083620309829712,0.981078565120697,-0.002631664276123047,-0.08362030982971191,0.01892143487930298,1.0777740478515625,-178.10345458984375,179.0522918701172,-1.0777740478515625,-0.5822350382804871,0.14379915595054626,39812,-0.12298932671546936,-0.4901626408100128,0.030916929244995117,-0.017105817794799805,0.12400493025779724,0.03690004348754883,-2174.128173828125,435.07537841796875,51.116943359375
20251022_154203.741006,1.0025931596755981,1.0837408304214478,0.9810237288475037,-0.0025931596755981445,-0.08374083042144775,0.018976271152496338,1.0001401901245117,-177.48609924316406,179.26881408691406,-1.0001401901245117,-0.6493793725967407,0.13252846896648407,39564,-0.1233457624912262,-0.49039003252983093,-0.035643577575683594,-0.01685553789138794,0.12397097051143646,0.025413036346435547,-2177.261474609375,434.2385559082031,-192.83294677734375
20251022_154203.751068,1.0026425123214722,1.0835081338882446,0.9812138676643372,-0.002642512321472168,-0.08350813388824463,0.018786132335662842,0.8354726433753967,-178.44296264648438,178.96263122558594,-0.8354726433753967,-0.4891362488269806,0.07418785989284515,40134,-0.12210986018180847,-0.4906166195869446,0.12359023094177246,-0.017176330089569092,0.12393693625926971,-0.03257274627685547,-2171.21142578125,433.4023132324219,372.314453125
20251022_154203.760912,1.0026006698608398,1.0835696458816528,0.9812849760055542,-0.0026006698608398438,-0.08356964588165283,0.0187150239944458,0.7174375057220459,-178.0014190673828,179.10789489746094,-0.7174375057220459,-0.5662688612937927,0.13461452722549438,39661,-0.1216476559638977,-0.4908416271209717,0.04622042179107666,-0.016904354095458984,0.12390285730361938,0.027616024017333984,-2172.810791015625,432.5669250488281,-98.419189453125
20251022_154203.770258,1.0025113821029663,1.0835981369018555,0.9813615679740906,-0.0025113821029663086,-0.08359813690185547,0.018638432025909424,0.9818944931030273,-177.90773010253906,179.00209045410156,-0.9818944931030273,-0.5624307990074158,0.1664755642414093,39712,-0.12114980816841125,-0.49106574058532715,0.04978477954864502,-0.016323983669281006,0.1238696277141571,0.0589299201965332,-2173.551513671875,431.7310791015625,-45.58563232421875
20251022_154203.780544,1.0024365186691284,1.0835908651351929,0.98147052526474,-0.002436518669128418,-0.08359086513519287,0.01852947473526001,0.9178599119186401,-177.8416748046875,179.04200744628906,-0.9178599119186401,-0.5409080982208252,0.15740996599197388,39769,-0.12044158577919006,-0.4912887513637543,0.07082223892211914,-0.015837371349334717,0.12383746355772018,0.04940986633300781,-2173.362548828125,430.8951416015625,11.63482666015625
20251022_154203.790885,1.0023677349090576,1.083565592765808,0.9815411567687988,-0.002367734909057617,-0.0835655927658081,0.018458843231201172,0.9168076515197754,-177.88497924804688,179.04318237304688,-0.9168076515197754,-0.5655826926231384,0.15381324291229248,39797,-0.11998248100280762,-0.49151068925857544,0.04591047763824463,-0.015390276908874512,0.12380623817443848,0.045397281646728516,-2172.705322265625,430.0593566894531,40.435791015625
20251022_154203.800772,1.002299189567566,1.0835518836975098,0.981589674949646,-0.002299189567565918,-0.08355188369750977,0.018410325050354004,0.9219235777854919,-178.05535888671875,179.04393005371094,-0.9219235777854919,-0.5798621773719788,0.15407109260559082,39778,-0.11966711282730103,-0.4917318820953369,0.03153681755065918,-0.014944732189178467,0.1237759068608284,0.045239925384521484,-2172.348876953125,429.2237854003906,21.93450927734375
20251022_154203.811027,1.0022488832473755,1.0835102796554565,0.9816990494728088,-0.0022488832473754883,-0.08351027965545654,0.018300950527191162,0.9796149134635925,-178.2001953125,179.0438690185547,-0.9796149134635925,-0.5398148894309998,0.14233076572418213,39823,-0.11895617842674255,-0.49195215106010437,0.07109344005584717,-0.014617741107940674,0.1237463429570198,0.033202171325683594,-2171.267333984375,428.3884582519531,66.56646728515625
20251022_154203.821388,1.002196192741394,1.0835175514221191,0.9817869067192078,-0.002196192741394043,-0.08351755142211914,0.018213093280792236,0.922570526599884,-178.34991455078125,178.9717559814453,-0.922570526599884,-0.5534491539001465,0.14421792328357697,39744,-0.11838510632514954,-0.4921712577342987,0.05710721015930176,-0.01427525281906128,0.12371744960546494,0.034775733947753906,-2171.456298828125,427.5533142089844,-11.63482666015625
20251022_154203.830663,1.0021374225616455,1.083475112915039,0.9818521738052368,-0.002137422561645508,-0.08347511291503906,0.018147826194763184,0.9257577657699585,-178.46754455566406,178.8529815673828,-0.9257577657699585,-0.5679267048835754,0.14858435094356537,39824,-0.1179608702659607,-0.49238941073417664,0.04242360591888428,-0.0138932466506958,0.12368927896022797,0.0387883186340332,-2170.35302734375,426.7183532714844,67.901611328125
20251022_154203.841118,1.0020866394042969,1.083444356918335,0.9819484353065491,-0.002086639404296875,-0.08344435691833496,0.018051564693450928,0.9715074300765991,-178.51699829101562,178.70936584472656,-0.9715074300765991,-0.5473718047142029,0.14361554384231567,39805,-0.11733517050743103,-0.49260661005973816,0.06256997585296631,-0.013563156127929688,0.1236618235707283,0.033516883850097656,-2169.55322265625,425.8837585449219,49.2095947265625
20251022_154203.850539,1.0020009279251099,1.0834567546844482,0.9819769263267517,-0.0020009279251098633,-0.08345675468444824,0.01802307367324829,0.9776581525802612,-178.7202606201172,178.6476593017578,-0.9776581525802612,-0.5914538502693176,0.1671987920999527,39735,-0.11714997887611389,-0.49282306432724,0.018519163131713867,-0.013006031513214111,0.12363525480031967,0.056569576263427734,-2169.875732421875,425.04925537109375,-19.83642578125
20251022_154203.860675,1.0019186735153198,1.083458423614502,0.9820840358734131,-0.0019186735153198242,-0.08345842361450195,0.017915964126586914,1.0246931314468384,-178.85842895507812,178.58209228515625,-1.0246931314468384,-0.5398712754249573,0.1654263138771057,39751,-0.11645376682281494,-0.49303868412971497,0.06962120532989502,-0.012471377849578857,0.12360977381467819,0.05428791046142578,-2169.9189453125,424.2146911621094,-2.6702880859375
20251022_154203.870552,1.001847743988037,1.08353853225708,0.9821491837501526,-0.0018477439880371094,-0.08353853225708008,0.017850816249847412,0.8886709809303284,-178.98141479492188,178.59141540527344,-0.8886709809303284,-0.5669375061988831,0.15838845074176788,39623,-0.11603030562400818,-0.49325329065322876,0.04234611988067627,-0.012010335922241211,0.1235852986574173,0.0468134880065918,-2172.001953125,423.37969970703125,-128.173828125
20251022_154203.880453,1.0017911195755005,1.0836440324783325,0.9821858406066895,-0.0017911195755004883,-0.08364403247833252,0.017814159393310547,0.8584851026535034,-178.80191040039062,178.74188232421875,-0.8584851026535034,-0.5854323506355286,0.14929147064685822,39578,-0.11579203605651855,-0.4934672713279724,0.023826956748962402,-0.011642277240753174,0.12356164306402206,0.03737211227416992,-2174.744873046875,422.5437927246094,-168.80035400390625
20251022_154203.890477,1.0017311573028564,1.0837829113006592,0.9822441935539246,-0.0017311573028564453,-0.08378291130065918,0.01775580644607544,0.8589617013931274,-178.38015747070312,178.86228942871094,-0.8589617013931274,-0.5711640119552612,0.15186132490634918,39521,-0.11541274189949036,-0.4936807155609131,0.037929415702819824,-0.011252522468566895,0.12353874742984772,0.03957509994506836,-2178.355712890625,421.7066650390625,-222.20611572265625
20251022_154203.900319,1.0017119646072388,1.0838568210601807,0.9822197556495667,-0.0017119646072387695,-0.08385682106018066,0.01778024435043335,0.7494642734527588,-178.03225708007812,178.94676208496094,-0.7494642734527588,-0.6253501176834106,0.12505577504634857,39622,-0.11557158827781677,-0.49389392137527466,-0.0158846378326416,-0.011127769947052002,0.12351636588573456,0.012667179107666016,-2180.27734375,420.8684387207031,-118.255615234375
20251022_154203.910562,1.0016072988510132,1.0839327573776245,0.982279360294342,-0.0016072988510131836,-0.08393275737762451,0.01772063970565796,0.8558061122894287,-177.7626495361328,179.0172882080078,-0.8558061122894287,-0.5705480575561523,0.1821267455816269,39616,-0.11518415808677673,-0.4941069185733795,0.038743019104003906,-0.010447442531585693,0.12349478900432587,0.06907939910888672,-2182.251708984375,420.0295104980469,-121.49810791015625
20251022_154203.920563,1.0015279054641724,1.083990454673767,0.9823544025421143,-0.0015279054641723633,-0.08399045467376709,0.017645597457885742,0.871681809425354,-177.61109924316406,178.95977783203125,-0.871681809425354,-0.5602380633354187,0.16594266891479492,39643,-0.11469638347625732,-0.4943191111087799,0.04877746105194092,-0.009931385517120361,0.12347441166639328,0.052399635314941406,-2183.751708984375,419.18988037109375,-92.315673828125
20251022_154203.930358,1.0014586448669434,1.0840212106704712,0.9824285507202148,-0.0014586448669433594,-0.08402121067047119,0.017571449279785156,0.8997600078582764,-177.7096710205078,178.8722686767578,-0.8997600078582764,-0.5605485439300537,0.15968580543994904,39684,-0.11421442031860352,-0.49453040957450867,0.04819631576538086,-0.009481191635131836,0.1234550029039383,0.04571199417114258,-2184.551513671875,418.3498229980469,-49.2095947265625
20251022_154203.940386,1.0013887882232666,1.084058165550232,0.982475996017456,-0.0013887882232666016,-0.08405816555023193,0.017524003982543945,0.8603718876838684,-177.92738342285156,178.944091796875,-0.8603718876838684,-0.577807605266571,0.16051475703716278,39672,-0.11390602588653564,-0.4947409927845001,0.03083944320678711,-0.00902712345123291,0.12343649566173553,0.046105384826660156,-2185.51220703125,417.5094299316406,-59.1278076171875
20251022_154203.950224,1.001299262046814,1.0841364860534668,0.9825899600982666,-0.0012992620468139648,-0.0841364860534668,0.0174100399017334,0.7809407114982605,-178.30484008789062,178.9884490966797,-0.7809407114982605,-0.5340391993522644,0.17406108975410461,39603,-0.11316525936126709,-0.4949505925178528,0.07407665252685547,-0.008445203304290771,0.12341901659965515,0.059087276458740234,-2187.548583984375,416.66845703125,-125.31280517578125
20251022_154203.960424,1.0012263059616089,1.084182620048523,0.9826615452766418,-0.0012263059616088867,-0.08418262004852295,0.017338454723358154,0.784452497959137,-178.3301239013672,178.87380981445312,-0.784452497959137,-0.5613287091255188,0.16358263790607452,39653,-0.112699955701828,-0.4951590895652771,0.04653036594390869,-0.007970988750457764,0.12340260297060013,0.04815101623535156,-2188.748046875,415.8268737792969,-73.81439208984375
20251022_154203.970186,1.0011365413665771,1.0841925144195557,0.9827278852462769,-0.0011365413665771484,-0.08419251441955566,0.017272114753723145,0.7751535177230835,-178.4064483642578,178.8289031982422,-0.7751535177230835,-0.5645145177841187,0.17524436116218567,39710,-0.11226874589920044,-0.49536675214767456,0.04312098026275635,-0.007387518882751465,0.12338724732398987,0.059244632720947266,-2189.00537109375,414.9849853515625,-15.83099365234375
20251022_154203.980256,1.0010638236999512,1.0841869115829468,0.9827995896339417,-0.0010638236999511719,-0.08418691158294678,0.01720041036605835,0.7899375557899475,-178.656494140625,178.65234375,-0.7899375557899475,-0.5607684254646301,0.1644517481327057,39734,-0.11180266737937927,-0.49557358026504517,0.0466078519821167,-0.006914854049682617,0.12337294220924377,0.04799365997314453,-2188.859619140625,414.1430969238281,8.96453857421875
20251022_154203.990365,1.0009857416152954,1.0841983556747437,0.9828873872756958,-0.0009857416152954102,-0.08419835567474365,0.0171126127243042,0.7824487686157227,-178.88107299804688,178.5555877685547,-0.7824487686157227,-0.5499429702758789,0.16848647594451904,39705,-0.1112319827079773,-0.49577945470809937,0.057068467140197754,-0.006407320499420166,0.12335962057113647,0.051534175872802734,-2189.1572265625,413.3011779785156,-18.310546875
20251022_154204.000429,1.000905156135559,1.0842177867889404,0.9829424023628235,-0.000905156135559082,-0.08421778678894043,0.017057597637176514,0.7796221971511841,-179.0652313232422,178.46417236328125,-0.7796221971511841,-0.571099042892456,0.17065022885799408,39691,-0.11087438464164734,-0.4959844946861267,0.035759806632995605,-0.005883514881134033,0.12334732711315155,0.05318641662597656,-2189.662353515625,412.4590759277344,-31.08978271484375
20251022_154204.010696,1.0008385181427002,1.0843538045883179,0.9829569458961487,-0.0008385181427001953,-0.08435380458831787,0.01704305410385132,0.7619138360023499,-178.83462524414062,178.59169006347656,-0.7619138360023499,-0.5975156426429749,0.1618667095899582,39500,-0.11077985167503357,-0.49618908762931824,0.009453296661376953,-0.0054503679275512695,0.12333599478006363,0.043981075286865234,-2193.198974609375,411.6162109375,-217.62847900390625
20251022_154204.020288,1.0007399320602417,1.084536075592041,0.9830215573310852,-0.0007399320602416992,-0.08453607559204102,0.016978442668914795,0.6761233806610107,-178.53390502929688,178.9342498779297,-0.6761233806610107,-0.5647556781768799,0.18358299136161804,39421,-0.11035987734794617,-0.49639323353767395,0.041997432708740234,-0.004809558391571045,0.12332573533058167,0.06506681442260742,-2197.93798828125,410.77178955078125,-291.63360595703125
20251022_154204.030565,1.000592589378357,1.0847450494766235,0.9830488562583923,-0.0005925893783569336,-0.08474504947662354,0.016951143741607666,0.8904624581336975,-177.30641174316406,179.62820434570312,-0.8904624581336975,-0.589034914970398,0.21671141684055328,39372,-0.11018243432044983,-0.4965968132019043,0.01774430274963379,-0.0038518309593200684,0.12331707775592804,0.09724617004394531,-2203.371337890625,409.9253845214844,-334.35821533203125
20251022_154204.040734,1.0005087852478027,1.0848307609558105,0.9830665588378906,-0.0005087852478027344,-0.08483076095581055,0.016933441162109375,0.8920344710350037,-177.093994140625,179.73892211914062,-0.8920344710350037,-0.5953608155250549,0.1753135323524475,39566,-0.11006736755371094,-0.49680009484291077,0.01150667667388916,-0.0033071041107177734,0.1233099177479744,0.055310726165771484,-2205.599853515625,409.0774841308594,-137.13836669921875
20251022_154204.050804,1.0004165172576904,1.084897756576538,0.9831233024597168,-0.0004165172576904297,-0.08489775657653809,0.016876697540283203,0.8639717698097229,-177.07334899902344,179.75650024414062,-0.8639717698097229,-0.5698181390762329,0.18149341642856598,39593,-0.10969853401184082,-0.4970029592514038,0.03688335418701172,-0.002707362174987793,0.12330390512943268,0.060896873474121094,-2207.341552734375,408.2288513183594,-107.1929931640625
20251022_154204.060873,1.0003142356872559,1.084864616394043,0.9832821488380432,-0.0003142356872558594,-0.08486461639404297,0.016717851161956787,0.6662713885307312,-177.18885803222656,179.97698974609375,-0.6662713885307312,-0.5026203989982605,0.18876245617866516,39753,-0.10866603255271912,-0.4972045421600342,0.10325014591217041,-0.002042531967163086,0.12329915165901184,0.0675058364868164,-2206.47998046875,407.3800354003906,53.0242919921875
20251022_154204.070568,1.0002368688583374,1.0848679542541504,0.9833332300186157,-0.00023686885833740234,-0.08486795425415039,0.016666769981384277,0.6529662013053894,-177.52877807617188,179.8870849609375,-0.6529662013053894,-0.572536051273346,0.17281803488731384,39694,-0.1083340048789978,-0.4974048435688019,0.03320276737213135,-0.0015396475791931152,0.12329556792974472,0.05106210708618164,-2206.56689453125,406.5313720703125,-5.340576171875
20251022_154204.082076,1.0001475811004639,1.0848798751831055,0.9833778738975525,-0.0001475811004638672,-0.08487987518310547,0.01662212610244751,0.5910318493843079,-177.83685302734375,179.810791015625,-0.5910318493843079,-0.5766298770904541,0.18126371502876282,39679,-0.10804381966590881,-0.4976045787334442,0.029018521308898926,-0.0009592771530151367,0.12329307198524475,0.0589299201965332,-2206.876708984375,405.6826477050781,-19.073486328125
20251022_154204.090687,1.0000461339950562,1.0849013328552246,0.9834229350090027,-4.6133995056152344e-05,-0.08490133285522461,0.016577064990997314,0.6493766903877258,-177.98008728027344,179.70286560058594,-0.6493766903877258,-0.5762649774551392,0.18994702398777008,39663,-0.10775092244148254,-0.49780377745628357,0.029289722442626953,-0.00029987096786499023,0.12329181283712387,0.0669550895690918,-2207.4345703125,404.833740234375,-34.332275390625
20251022_154204.100493,0.9999615550041199,1.0849348306655884,0.9834507703781128,3.844499588012695e-05,-0.08493483066558838,0.016549229621887207,0.644474446773529,-177.9036865234375,179.77439880371094,-0.644474446773529,-0.5874795317649841,0.17936378717422485,39642,-0.10756999254226685,-0.4980025291442871,0.018092989921569824,0.0002498924732208252,0.12329176068305969,0.055822134017944336,-2208.3056640625,403.98455810546875,-53.59649658203125
20251022_154204.110642,0.999875545501709,1.0849621295928955,0.9834797382354736,0.00012445449829101562,-0.08496212959289551,0.016520261764526367,0.6392113566398621,-177.92745971679688,179.70045471191406,-0.6392113566398621,-0.5867535471916199,0.18086804449558258,39650,-0.10738170146942139,-0.4982009530067444,0.0188291072845459,0.0008089542388916016,0.12329281866550446,0.05676627159118652,-2209.015380859375,403.13507080078125,-43.67828369140625
20251022_154204.120507,0.9997725486755371,1.084985375404358,0.9835280776023865,0.00022745132446289062,-0.08498537540435791,0.016471922397613525,0.6185916662216187,-178.1049041748047,179.7267303466797,-0.6185916662216187,-0.5740457773208618,0.1927514523267746,39655,-0.10706749558448792,-0.49839890003204346,0.03142058849334717,0.001478433609008789,0.12329510599374771,0.0679779052734375,-2209.619873046875,402.28533935546875,-37.19329833984375
20251022_154204.130397,0.9997045993804932,1.084980845451355,0.9835517406463623,0.00029540061950683594,-0.08498084545135498,0.016448259353637695,0.6397073864936829,-177.7570037841797,179.68740844726562,-0.6397073864936829,-0.5901291370391846,0.17006514966487885,39699,-0.10691368579864502,-0.4985964298248291,0.01538097858428955,0.0019201040267944336,0.12329850345849991,0.044846534729003906,-2209.501953125,401.43548583984375,7.2479248046875
20251022_154204.140538,0.9995846152305603,1.0852128267288208,0.9834335446357727,0.00041538476943969727,-0.0852128267288208,0.016566455364227295,0.7997612953186035,-177.67823791503906,179.45790100097656,-0.7997612953186035,-0.6833038926124573,0.2051926702260971,39313,-0.10768195986747742,-0.4987944960594177,-0.07682740688323975,0.0027000010013580322,0.12330312281847,0.07918953895568848,-2215.533447265625,400.58453369140625,-371.1700439453125
20251022_154204.150433,0.9995055198669434,1.0852069854736328,0.983571469783783,0.0004944801330566406,-0.08520698547363281,0.01642853021621704,0.5740442276000977,-177.00198364257812,-179.70144653320312,-0.5740442276000977,-0.5161265730857849,0.17872610688209534,39693,-0.10678544640541077,-0.4989924728870392,0.08965134620666504,0.003214120864868164,0.12330903857946396,0.05220293998718262,-2215.381591796875,399.732421875,9.34600830078125
20251022_154204.160622,0.9993833899497986,1.085304856300354,0.9835677146911621,0.000616610050201416,-0.085304856300354,0.01643228530883789,0.6278839111328125,-176.7194061279297,-179.68377685546875,-0.6278839111328125,-0.6084402799606323,0.20792996883392334,39524,-0.10680985450744629,-0.4991896450519562,-0.002440810203552246,0.004007965326309204,0.12331626564264297,0.08060574531555176,-2217.92626953125,398.8798828125,-156.59332275390625
20251022_154204.170612,0.9992494583129883,1.0854305028915405,0.9834713935852051,0.0007505416870117188,-0.08543050289154053,0.016528606414794922,0.8552899360656738,-177.05567932128906,179.73793029785156,-0.8552899360656738,-0.6694320440292358,0.21659855544567108,39475,-0.10743594169616699,-0.4993874132633209,-0.06260871887207031,0.004878520965576172,0.12332514673471451,0.0883948802947998,-2221.193115234375,398.02618408203125,-201.0345458984375
20251022_154204.180612,0.9991229176521301,1.0853915214538574,0.9835131764411926,0.000877082347869873,-0.08539152145385742,0.016486823558807373,0.8736405372619629,-177.4557342529297,179.68931579589844,-0.8736405372619629,-0.5795909762382507,0.21255360543727875,39739,-0.10716435313224792,-0.49958550930023193,0.02715885639190674,0.005701035261154175,0.12333572655916214,0.08351683616638184,-2220.179443359375,397.1720886230469,62.37030029296875
20251022_154204.190618,0.999012291431427,1.0853338241577148,0.9835451245307922,0.000987708568572998,-0.08533382415771484,0.016454875469207764,0.8622545003890991,-177.85072326660156,179.58621215820312,-0.8622545003890991,-0.5859735608100891,0.20278126001358032,39769,-0.10695669054985046,-0.49978315830230713,0.020766258239746094,0.006420105695724487,0.12334784865379333,0.0730133056640625,-2218.679443359375,396.3184509277344,92.315673828125
20251022_154204.200573,0.9989120960235596,1.08525812625885,0.9836063981056213,0.0010879039764404297,-0.0852581262588501,0.016393601894378662,0.8452344536781311,-178.2596893310547,179.3939666748047,-0.8452344536781311,-0.5667108297348022,0.19656167924404144,39799,-0.1065584123134613,-0.49998024106025696,0.039827823638916016,0.007071375846862793,0.12336134165525436,0.06612896919250488,-2216.711181640625,395.4654846191406,121.11663818359375
20251022_154204.210715,0.9987160563468933,1.0853147506713867,0.9835610389709473,0.0012839436531066895,-0.08531475067138672,0.016438961029052734,1.007171630859375,-178.7239532470703,178.47393798828125,-1.007171630859375,-0.6365139484405518,0.2611085772514343,39585,-0.10685324668884277,-0.500177264213562,-0.029483437538146973,0.008345633745193481,0.1233767569065094,0.12938618659973145,-2218.18359375,394.6126403808594,-90.59906005859375
20251022_154204.221189,0.9986112713813782,1.085326075553894,0.983556866645813,0.0013887286186218262,-0.08532607555389404,0.01644313335418701,0.9886156916618347,-178.8509979248047,178.47946166992188,-0.9886156916618347,-0.6099669337272644,0.20157894492149353,39657,-0.10688036680221558,-0.5003745555877686,-0.0027120113372802734,0.00902673602104187,0.12339413166046143,0.06915807723999023,-2218.47802734375,393.7594299316406,-18.11981201171875
20251022_154204.230344,0.9985374808311462,1.0853368043899536,0.9835849404335022,0.0014625191688537598,-0.08533680438995361,0.016415059566497803,0.9939645528793335,-178.71925354003906,178.52902221679688,-0.9939645528793335,-0.589021623134613,0.18162080645561218,39656,-0.10669788718223572,-0.5005716681480408,0.01824796199798584,0.009506374597549438,0.12341266125440598,0.04870176315307617,-2218.7568359375,392.9060974121094,-17.1661376953125
20251022_154204.240380,0.9984269738197327,1.0853229761123657,0.983586847782135,0.001573026180267334,-0.08532297611236572,0.01641315221786499,1.018662929534912,-178.68731689453125,178.486572265625,-1.018662929534912,-0.6062143445014954,0.20659169554710388,39695,-0.10668548941612244,-0.5007686614990234,0.001239776611328125,0.010224670171737671,0.12343239784240723,0.07293462753295898,-2218.3974609375,392.0528259277344,22.125244140625
20251022_154204.250603,0.9983329176902771,1.0853135585784912,0.9835970997810364,0.0016670823097229004,-0.08531355857849121,0.016402900218963623,1.0071041584014893,-178.5999298095703,178.47396850585938,-1.0071041584014893,-0.6009206175804138,0.19636653363704681,39688,-0.10661885142326355,-0.5009655356407166,0.006663799285888672,0.010836035013198853,0.12345345318317413,0.06207704544067383,-2218.152587890625,391.19964599609375,15.06805419921875
20251022_154204.260573,0.9982143044471741,1.0852993726730347,0.9836073517799377,0.0017856955528259277,-0.08529937267303467,0.016392648220062256,0.9747609496116638,-178.41989135742188,178.56686401367188,-0.9747609496116638,-0.6010507345199585,0.21336765587329865,39695,-0.10655221343040466,-0.5011622905731201,0.006663799285888672,0.01160702109336853,0.12347590178251266,0.07828474044799805,-2217.78369140625,390.3465576171875,22.69744873046875
20251022_154204.270480,0.9981003999710083,1.0853265523910522,0.983620285987854,0.0018996000289916992,-0.08532655239105225,0.016379714012145996,0.9824463129043579,-178.0576171875,178.64437866210938,-0.9824463129043579,-0.5994198322296143,0.211024209856987,39627,-0.10646814107894897,-0.5013589262962341,0.008407235145568848,0.012347400188446045,0.12349985539913177,0.07517695426940918,-2218.490478515625,389.4934387207031,-43.487548828125
20251022_154204.280705,0.9979674220085144,1.085351586341858,0.9835876226425171,0.0020325779914855957,-0.08535158634185791,0.01641237735748291,0.9217751026153564,-177.8256378173828,178.86326599121094,-0.9217751026153564,-0.6294673085212708,0.22450262308120728,39629,-0.10668045282363892,-0.5015556812286377,-0.02123117446899414,0.013211756944656372,0.12352541089057922,0.08776545524597168,-2219.141357421875,388.6400451660156,-40.0543212890625
20251022_154204.290414,0.9978506565093994,1.085329294204712,0.9835888147354126,0.002149343490600586,-0.08532929420471191,0.016411185264587402,0.9346343874931335,-177.77247619628906,178.92617797851562,-0.9346343874931335,-0.6076505184173584,0.21458855271339417,39704,-0.10667270421981812,-0.5017526745796204,0.0007748603820800781,0.013970732688903809,0.1235525980591774,0.07706522941589355,-2218.561767578125,387.7866516113281,35.66741943359375
20251022_154204.300734,0.9977343678474426,1.0852298736572266,0.9836246967315674,0.002265632152557373,-0.08522987365722656,0.016375303268432617,0.9077450633049011,-178.16009521484375,178.8853759765625,-0.9077450633049011,-0.5850655436515808,0.21505841612815857,39830,-0.10643947124481201,-0.5019493699073792,0.02332329750061035,0.014726608991622925,0.12358129024505615,0.07675051689147949,-2215.976806640625,386.933837890625,159.0728759765625
20251022_154204.310652,0.997603178024292,1.0850969552993774,0.9836543798446655,0.002396821975708008,-0.08509695529937744,0.016345620155334473,0.8642774224281311,-178.49131774902344,178.623779296875,-0.8642774224281311,-0.5890982151031494,0.22577622532844543,39886,-0.10624653100967407,-0.5021457076072693,0.019294023513793945,0.01557934284210205,0.12361159920692444,0.08658528327941895,-2212.520751953125,386.08221435546875,212.66937255859375
20251022_154204.320846,0.9974445104598999,1.0849512815475464,0.9837626218795776,0.0025554895401000977,-0.08495128154754639,0.016237378120422363,0.9702758193016052,-179.00010681152344,178.47244262695312,-0.9702758193016052,-0.5375268459320068,0.24497506022453308,39909,-0.10554295778274536,-0.5023412108421326,0.0703573226928711,0.016610682010650635,0.12364378571510315,0.1047205924987793,-2208.7333984375,385.2319641113281,233.0780029296875
20251022_154204.330999,0.997320294380188,1.0849062204360962,0.9836877584457397,0.0026797056198120117,-0.08490622043609619,0.016312241554260254,0.9524495005607605,-179.02146911621094,178.39913940429688,-0.9524495005607605,-0.6572272777557373,0.22307851910591125,39748,-0.10602957010269165,-0.5025364756584167,-0.048661231994628906,0.017418086528778076,0.1236778199672699,0.08198261260986328,-2207.561767578125,384.3826904296875,72.0977783203125
20251022_154204.340509,0.9971819519996643,1.0848222970962524,0.9838162064552307,0.0028180480003356934,-0.08482229709625244,0.016183793544769287,0.9076157212257385,-179.0609588623047,178.42971801757812,-0.9076157212257385,-0.5244349241256714,0.23333683609962463,39812,-0.10519465804100037,-0.502731442451477,0.08349120616912842,0.018317312002182007,0.12371355295181274,0.09130597114562988,-2205.379638671875,383.5340270996094,134.27734375
20251022_154204.350397,0.9970803260803223,1.0848121643066406,0.9837755560874939,0.0029196739196777344,-0.08481216430664062,0.016224443912506104,0.9975353479385376,-178.95240783691406,178.4304656982422,-0.9975353479385376,-0.6348075270652771,0.2098018378019333,39693,-0.10545888543128967,-0.5029259324073792,-0.026422739028930664,0.018977880477905273,0.12375085055828094,0.06707310676574707,-2205.1162109375,382.6858825683594,16.21246337890625
20251022_154204.360509,0.9969576597213745,1.0847899913787842,0.9837841987609863,0.0030423402786254883,-0.08478999137878418,0.016215801239013672,1.0153164863586426,-178.7805938720703,178.51979064941406,-1.0153164863586426,-0.6029055118560791,0.2245246022939682,39712,-0.10540270805358887,-0.5031205415725708,0.005617737770080566,0.019775211811065674,0.12378960102796555,0.08095979690551758,-2204.539794921875,381.8378601074219,35.4766845703125
20251022_154204.370497,0.996864914894104,1.0847773551940918,0.9837276935577393,0.003135085105895996,-0.0847773551940918,0.016272306442260742,0.9404833912849426,-178.48208618164062,178.57241821289062,-0.9404833912849426,-0.6458138823509216,0.2054193913936615,39696,-0.10576999187469482,-0.5033155083656311,-0.0367283821105957,0.020378053188323975,0.12382975220680237,0.061211585998535156,-2204.211181640625,380.9900207519531,20.2178955078125
20251022_154204.380406,0.9967361092567444,1.0846205949783325,0.9838795065879822,0.0032638907432556152,-0.08462059497833252,0.016120493412017822,0.830720841884613,-178.3217010498047,178.87689208984375,-0.830720841884613,-0.5096145868301392,0.23009835183620453,39930,-0.10478320717811584,-0.5035098195075989,0.09867846965789795,0.0212152898311615,0.123871348798275,0.08501172065734863,-2200.135498046875,380.1430358886719,250.81634521484375
20251022_154204.390533,0.9964762330055237,1.0845648050308228,0.9838151931762695,0.0035237669944763184,-0.08456480503082275,0.01618480682373047,0.6476584672927856,-177.8627166748047,179.3954620361328,-0.6476584672927856,-0.6507086157798767,0.3183382749557495,39769,-0.10520124435424805,-0.5037036538124084,-0.041803717613220215,0.02290448546409607,0.12391546368598938,0.17151832580566406,-2198.684814453125,379.2970886230469,89.263916015625
20251022_154204.400544,0.9963552951812744,1.0845445394515991,0.983830988407135,0.003644704818725586,-0.08454453945159912,0.01616901159286499,0.6341988444328308,-177.54266357421875,179.52511596679688,-0.6341988444328308,-0.5987294912338257,0.22747160494327545,39712,-0.10509857535362244,-0.5038977861404419,0.010266900062561035,0.02369058132171631,0.12396205961704254,0.0798189640045166,-2198.157958984375,378.4515686035156,32.4249267578125
20251022_154204.411013,0.9963819980621338,1.084555983543396,0.9838336706161499,0.003618001937866211,-0.084555983543396,0.016166329383850098,0.7601291537284851,-177.39292907714844,179.28262329101562,-0.7601291537284851,-0.6074295043945312,0.12990237772464752,39660,-0.10508114099502563,-0.5040917992591858,0.0017434358596801758,0.02351701259613037,0.12400926649570465,-0.0176239013671875,-2198.45556640625,377.6060485839844,-18.310546875
20251022_154204.420357,0.9960998892784119,1.0843909978866577,0.983842134475708,0.0039001107215881348,-0.08439099788665771,0.016157865524291992,0.5508567690849304,-177.46249389648438,179.65391540527344,-0.5508567690849304,-0.6038103699684143,0.3356006443500519,39946,-0.10502612590789795,-0.5042857527732849,0.005501508712768555,0.025350719690322876,0.12405813485383987,0.18619179725646973,-2194.166015625,376.7613220214844,263.97705078125
20251022_154204.430545,0.9959675073623657,1.0842746496200562,0.9838581085205078,0.004032492637634277,-0.08427464962005615,0.016141891479492188,0.5214101672172546,-177.7783660888672,179.61111450195312,-0.5214101672172546,-0.5990186929702759,0.2376929670572281,39870,-0.10492229461669922,-0.5044795274734497,0.010383129119873047,0.026211202144622803,0.12410970032215118,0.0873720645904541,-2191.140869140625,375.9179992675781,186.1572265625
20251022_154204.440633,0.9958121180534363,1.0841028690338135,0.9839740991592407,0.004187881946563721,-0.08410286903381348,0.016025900840759277,0.5842682719230652,-178.15370178222656,179.46029663085938,-0.5842682719230652,-0.5334469676017761,0.25394129753112793,39963,-0.1041683554649353,-0.5046725273132324,0.0753939151763916,0.027221232652664185,0.12416312843561172,0.10255694389343262,-2186.674560546875,375.07611083984375,274.84893798828125
20251022_154204.450494,0.9956766366958618,1.083980679512024,0.9839925169944763,0.004323363304138184,-0.08398067951202393,0.01600748300552368,0.6054747104644775,-178.38380432128906,179.42449951171875,-0.6054747104644775,-0.5969418287277222,0.24173800647258759,39886,-0.10404863953590393,-0.5048647522926331,0.011971592903137207,0.028101861476898193,0.12421845644712448,0.08941769599914551,-2183.49755859375,374.2356872558594,195.50323486328125
20251022_154204.460832,0.9955551624298096,1.0838905572891235,0.9840049743652344,0.00444483757019043,-0.08389055728912354,0.015995025634765625,0.5805122256278992,-178.62132263183594,179.34332275390625,-0.5805122256278992,-0.6009271740913391,0.23333990573883057,39836,-0.10396766662597656,-0.5050567984580994,0.008097290992736816,0.028891444206237793,0.12427544593811035,0.08017301559448242,-2181.154541015625,373.3963317871094,144.195556640625
20251022_154204.470379,0.9953998923301697,1.0838419198989868,0.9839939475059509,0.004600107669830322,-0.08384191989898682,0.016006052494049072,0.6971381902694702,-178.79486083984375,179.28578186035156,-0.6971381902694702,-0.6164555549621582,0.25671321153640747,39770,-0.10403934121131897,-0.5052487850189209,-0.007167458534240723,0.029900699853897095,0.12433423846960068,0.1024782657623291,-2179.889892578125,372.55767822265625,77.81982421875
20251022_154204.480146,0.9952824115753174,1.083780288696289,0.98398756980896,0.004717588424682617,-0.08378028869628906,0.01601243019104004,0.7068765759468079,-178.74343872070312,179.22654724121094,-0.7068765759468079,-0.6136671900749207,0.23259642720222473,39792,-0.10408079624176025,-0.505440890789032,-0.004145503044128418,0.03066432476043701,0.12439480423927307,0.07753729820251465,-2178.28759765625,371.71954345703125,98.60992431640625
20251022_154204.490720,0.995164692401886,1.0837661027908325,0.9839808344841003,0.004835307598114014,-0.08376610279083252,0.016019165515899658,0.7008472681045532,-178.60948181152344,179.31024169921875,-0.7008472681045532,-0.6141356229782104,0.2335810512304306,39715,-0.10412457585334778,-0.5056330561637878,-0.004377961158752441,0.03142949938774109,0.12445689737796783,0.07769465446472168,-2177.918701171875,370.8818359375,22.69744873046875
20251022_154204.500961,0.9951680302619934,1.0838266611099243,0.984011709690094,0.004831969738006592,-0.08382666110992432,0.015988290309906006,0.7339836955070496,-178.58865356445312,179.1035919189453,-0.7339836955070496,-0.5896801352500916,0.1537245512008667,39593,-0.10392388701438904,-0.5058251023292542,0.020068883895874023,0.03140780329704285,0.12451973557472229,-0.0022029876708984375,-2179.4931640625,370.0438537597656,-96.893310546875
20251022_154204.511109,0.9949380159378052,1.0839213132858276,0.9839956760406494,0.005061984062194824,-0.08392131328582764,0.016004323959350586,1.001914381980896,-177.83970642089844,179.33010864257812,-1.001914381980896,-0.6204670667648315,0.3092963993549347,39535,-0.10402810573577881,-0.5060170888900757,-0.01042187213897705,0.03290289640426636,0.12458404898643494,0.1518094539642334,-2181.9541015625,369.2051086425781,-151.4434814453125
20251022_154204.521069,0.994933009147644,1.0837554931640625,0.9839566946029663,0.005066990852355957,-0.0837554931640625,0.01604330539703369,0.7190356850624084,-178.63873291015625,178.9300994873047,-0.7190356850624084,-0.6358287930488586,0.16088980436325073,39956,-0.104281485080719,-0.5062093734741211,-0.025337934494018555,0.03293544054031372,0.12464988231658936,0.0033044815063476562,-2177.642822265625,368.3667297363281,265.31219482421875
20251022_154204.530943,0.9947996735572815,1.083731770515442,0.9839479923248291,0.005200326442718506,-0.0837317705154419,0.0160520076751709,0.7710952758789062,-178.32415771484375,178.9662322998047,-0.7710952758789062,-0.6163964867591858,0.2465202361345291,39728,-0.10433804988861084,-0.5064019560813904,-0.00565648078918457,0.03380212187767029,0.1247166246175766,0.08800148963928223,-2177.026123046875,367.529296875,37.95623779296875
20251022_154204.540635,0.9946544766426086,1.0837212800979614,0.9839428067207336,0.005345523357391357,-0.08372128009796143,0.016057193279266357,0.7686499357223511,-178.01751708984375,179.02008056640625,-0.7686499357223511,-0.6143369674682617,0.25536105036735535,39706,-0.10437175631523132,-0.5065945982933044,-0.00337064266204834,0.03474590182304382,0.1247851699590683,0.09582996368408203,-2176.753173828125,366.6920471191406,16.78466796875
20251022_154204.550619,0.9944870471954346,1.0836901664733887,0.9839280843734741,0.00551295280456543,-0.08369016647338867,0.01607191562652588,0.727841317653656,-177.84326171875,179.09873962402344,-0.727841317653656,-0.6208243370056152,0.27119338512420654,39739,-0.10446745157241821,-0.5067873597145081,-0.009569525718688965,0.03583419322967529,0.12485574930906296,0.1105034351348877,-2175.9443359375,365.85498046875,49.78179931640625
20251022_154204.560844,0.9943169951438904,1.083616852760315,0.983949601650238,0.005683004856109619,-0.08361685276031494,0.016050398349761963,0.7635532021522522,-178.04127502441406,179.06204223632812,-0.7635532021522522,-0.5973214507102966,0.27410241961479187,39808,-0.10432758927345276,-0.5069801211357117,0.01398622989654541,0.036939531564712524,0.12492852658033371,0.11223435401916504,-2174.0380859375,365.0184326171875,117.30194091796875
20251022_154204.570508,0.9941875338554382,1.0835051536560059,0.983985960483551,0.005812466144561768,-0.08350515365600586,0.016014039516448975,0.7524592876434326,-178.42657470703125,178.9520263671875,-0.7524592876434326,-0.5876305103302002,0.24822872877120972,39871,-0.10409125685691833,-0.5071724653244019,0.023633241653442383,0.03778102993965149,0.12500324845314026,0.08544445037841797,-2171.134033203125,364.1828308105469,178.71856689453125
20251022_154204.581006,0.9940503835678101,1.0833879709243774,0.9840174317359924,0.005949616432189941,-0.08338797092437744,0.01598256826400757,0.7429744601249695,-178.86376953125,178.80299377441406,-0.7429744601249695,-0.5907948613166809,0.25427138805389404,39882,-0.1038866937160492,-0.5073644518852234,0.020456314086914062,0.03867250680923462,0.1250796914100647,0.09051918983459473,-2168.087158203125,363.3483581542969,187.49237060546875
20251022_154204.590596,0.9938901662826538,1.083314299583435,0.9839946627616882,0.006109833717346191,-0.08331429958343506,0.016005337238311768,0.8290694952011108,-179.12881469726562,178.76162719726562,-0.8290694952011108,-0.6263909339904785,0.2706153988838196,39814,-0.10403469204902649,-0.5075563788414001,-0.014799833297729492,0.039713919162750244,0.12515808641910553,0.105743408203125,-2166.171875,362.5148620605469,117.8741455078125
20251022_154204.600688,0.9937482476234436,1.0832690000534058,0.9840192794799805,0.0062517523765563965,-0.08326900005340576,0.01598072052001953,0.805854856967926,-179.1497344970703,178.6420440673828,-0.805854856967926,-0.5956221222877502,0.2595411539077759,39769,-0.10387468338012695,-0.5077483057975769,0.016000866889953613,0.04063639044761658,0.12523843348026276,0.09366631507873535,-2164.993896484375,361.68194580078125,72.479248046875
20251022_154204.610898,0.9935711622238159,1.0833154916763306,0.9840499758720398,0.006428837776184082,-0.08331549167633057,0.015950024127960205,0.809353768825531,-179.0455322265625,178.73753356933594,-0.809353768825531,-0.5916624069213867,0.2839846611022949,39620,-0.10367515683174133,-0.507939875125885,0.01995265483856201,0.04178744554519653,0.12532085180282593,0.11687636375427246,-2166.202880859375,360.8490295410156,-74.3865966796875
20251022_154204.620721,0.9932979941368103,1.0832356214523315,0.98403000831604,0.006702005863189697,-0.08323562145233154,0.01596999168395996,0.8315337300300598,-178.7710418701172,179.10037231445312,-0.8315337300300598,-0.6249153017997742,0.3492601811885834,39823,-0.10380494594573975,-0.5081314444541931,-0.012978911399841309,0.04356303811073303,0.1254062056541443,0.18029093742370605,-2164.126220703125,360.0162658691406,127.7923583984375
20251022_154204.630994,0.993143618106842,1.0832958221435547,0.9840273261070251,0.006856381893157959,-0.08329582214355469,0.015972673892974854,0.7596046328544617,-178.77572631835938,179.212646484375,-0.7596046328544617,-0.6138888597488403,0.27194899320602417,39597,-0.10382238030433655,-0.508323073387146,-0.0017434358596801758,0.04456648230552673,0.1254943460226059,0.10188817977905273,-2165.69140625,359.18359375,-96.32110595703125
20251022_154204.640750,0.9929942488670349,1.083296537399292,0.9840372204780579,0.007005751132965088,-0.08329653739929199,0.01596277952194214,0.7840351462364197,-178.63717651367188,179.253662109375,-0.7840351462364197,-0.6058413982391357,0.26970553398132324,39691,-0.1037580668926239,-0.5085147023200989,0.0064313411712646484,0.04553738236427307,0.1255844384431839,0.09858369827270508,-2165.7099609375,358.35064697265625,-1.1444091796875
20251022_154204.650875,0.9928416609764099,1.0832780599594116,0.9840418100357056,0.007158339023590088,-0.08327805995941162,0.015958189964294434,0.7760879397392273,-178.5299835205078,179.38148498535156,-0.7760879397392273,-0.6094512343406677,0.27291372418403625,39721,-0.10372823476791382,-0.5087062120437622,0.0029832124710083008,0.04652920365333557,0.12567651271820068,0.1007080078125,-2165.2294921875,357.51776123046875,29.56390380859375
20251022_154204.660885,0.9926925897598267,1.0832910537719727,0.9840471744537354,0.00730741024017334,-0.08329105377197266,0.01595282554626465,0.7524930834770203,-178.18417358398438,179.52587890625,-0.7524930834770203,-0.6091041564941406,0.27165570855140686,39670,-0.10369336605072021,-0.5088976621627808,0.0034868717193603516,0.04749816656112671,0.12577053904533386,0.09838700294494629,-2165.5673828125,356.6849365234375,-20.79010009765625
20251022_154204.671044,0.992538571357727,1.0832808017730713,0.9840632677078247,0.007461428642272949,-0.08328080177307129,0.015936732292175293,0.7688717246055603,-177.60191345214844,179.46018981933594,-0.7688717246055603,-0.6022171378135681,0.276017963886261,39706,-0.1035887598991394,-0.5090889930725098,0.010460615158081055,0.04849928617477417,0.12586653232574463,0.10165214538574219,-2165.30078125,355.85205078125,16.4031982421875
20251022_154204.680372,0.992321789264679,1.0833700895309448,0.9840654730796814,0.007678210735321045,-0.08337008953094482,0.015934526920318604,0.7063619494438171,-177.42620849609375,179.77317810058594,-0.7063619494438171,-0.6114211678504944,0.31894949078559875,39544,-0.10357442498207092,-0.509280264377594,0.0014334917068481445,0.04990836977958679,0.1259649395942688,0.14307618141174316,-2167.622314453125,355.018798828125,-142.86041259765625
20251022_154204.690353,0.9921641945838928,1.08333420753479,0.984075665473938,0.007835805416107178,-0.08333420753479004,0.01592433452606201,0.7011564373970032,-177.47579956054688,179.86817932128906,-0.7011564373970032,-0.6063545346260071,0.28101101517677307,39744,-0.10350817441940308,-0.5094714164733887,0.006625056266784668,0.050932735204696655,0.12606577575206757,0.10401248931884766,-2166.689453125,354.185302734375,57.41119384765625
20251022_154204.700371,0.9920075535774231,1.083259105682373,0.9841234683990479,0.007992446422576904,-0.08325910568237305,0.01587653160095215,0.6933934092521667,-177.93521118164062,179.82913208007812,-0.6933934092521667,-0.5817877650260925,0.2815026342868805,39808,-0.10319745540618896,-0.5096622109413147,0.031071901321411133,0.05195090174674988,0.12616866827011108,0.10338306427001953,-2164.73681640625,353.3523254394531,120.1629638671875
20251022_154204.710411,0.9918177723884583,1.0831736326217651,0.9841107130050659,0.008182227611541748,-0.08317363262176514,0.015889286994934082,0.7839977145195007,-178.3817901611328,179.70811462402344,-0.7839977145195007,-0.62142413854599,0.3047138750553131,39826,-0.10328036546707153,-0.5098527669906616,-0.008291006088256836,0.05318447947502136,0.12627379596233368,0.12525558471679688,-2162.514404296875,352.5201721191406,136.75689697265625
20251022_154204.720267,0.9916368722915649,1.0830774307250977,0.9841349124908447,0.008363127708435059,-0.08307743072509766,0.015865087509155273,0.7984904646873474,-178.56431579589844,179.58010864257812,-0.7984904646873474,-0.5974367260932922,0.3001357316970825,39845,-0.10312306880950928,-0.5100433230400085,0.015729665756225586,0.05436033010482788,0.12638135254383087,0.11939406394958496,-2160.01318359375,351.68890380859375,153.92303466796875
20251022_154204.730031,0.99159175157547,1.083081841468811,0.9841842651367188,0.00840824842453003,-0.08308184146881104,0.01581573486328125,0.8150055408477783,-178.6663055419922,179.16549682617188,-0.8150055408477783,-0.5809564590454102,0.21092364192008972,39683,-0.10280227661132812,-0.5102334022521973,0.032079219818115234,0.05465361475944519,0.12649035453796387,0.029779672622680664,-2160.1279296875,350.85809326171875,-7.05718994140625
20251022_154204.740132,0.9914226531982422,1.0830895900726318,0.9842104315757751,0.008577346801757812,-0.08308959007263184,0.015789568424224854,0.8603456020355225,-178.59750366210938,179.13433837890625,-0.8603456020355225,-0.596047043800354,0.293958455324173,39677,-0.10263219475746155,-0.5104230642318726,0.017008185386657715,0.05575275421142578,0.12660077214241028,0.11160492897033691,-2160.329345703125,350.0272521972656,-12.39776611328125
20251022_154204.750579,0.9912562966346741,1.0831083059310913,0.9842303395271301,0.008743703365325928,-0.08310830593109131,0.015769660472869873,0.894646942615509,-178.49537658691406,179.11439514160156,-0.894646942615509,-0.6001750230789185,0.2933427691459656,39658,-0.10250279307365417,-0.5106123685836792,0.012940168380737305,0.05683407187461853,0.1267133504152298,0.10979533195495605,-2160.81591796875,349.1962585449219,-29.94537353515625
20251022_154204.760611,0.9910203814506531,1.083168625831604,0.9843688607215881,0.008979618549346924,-0.083168625831604,0.015631139278411865,1.088374376296997,-178.01353454589844,179.44558715820312,-1.088374376296997,-0.5223644375801086,0.34090009331703186,39589,-0.10160240530967712,-0.5108007788658142,0.09003877639770508,0.058367520570755005,0.12682855129241943,0.15570402145385742,-2162.38427734375,348.3648681640625,-96.5118408203125
20251022_154204.770406,0.9908595085144043,1.0831583738327026,0.9843462705612183,0.009140491485595703,-0.08315837383270264,0.01565372943878174,1.0252612829208374,-177.77743530273438,179.42713928222656,-1.0252612829208374,-0.6274213790893555,0.292535662651062,39701,-0.1017492413520813,-0.5109885334968567,-0.01468360424041748,0.05941319465637207,0.1269463300704956,0.10617613792419434,-2162.11767578125,347.5332336425781,16.4031982421875
20251022_154204.780261,0.9906908273696899,1.08315908908844,0.9843738675117493,0.009309172630310059,-0.08315908908843994,0.015626132488250732,1.0250499248504639,-177.65724182128906,179.41004943847656,-1.0250499248504639,-0.594808042049408,0.2989054322242737,39683,-0.10156986117362976,-0.5111761689186096,0.01793801784515381,0.06050962209701538,0.1270662546157837,0.11132955551147461,-2162.13623046875,346.70166015625,-1.1444091796875
20251022_154204.790565,0.9905175566673279,1.08311128616333,0.9844450354576111,0.00948244333267212,-0.08311128616333008,0.015554964542388916,0.9064907431602478,-177.53038024902344,179.5645294189453,-0.9064907431602478,-0.5662114024162292,0.3031829595565796,39761,-0.10110726952552795,-0.5113632678985596,0.046259164810180664,0.061635881662368774,0.12718839943408966,0.11435866355895996,-2160.8935546875,345.87030029296875,76.48468017578125
20251022_154204.800521,0.9903367757797241,1.0831115245819092,0.9844621419906616,0.009663224220275879,-0.08311152458190918,0.015537858009338379,0.9123988151550293,-177.4558868408203,179.63427734375,-0.9123988151550293,-0.6014266610145569,0.30943918228149414,39683,-0.10099607706069946,-0.5115498304367065,0.011119246482849121,0.06281095743179321,0.12731285393238068,0.11931538581848145,-2160.899658203125,345.0391845703125,-0.3814697265625
20251022_154204.810066,0.9901781678199768,1.0831457376480103,0.9844822883605957,0.009821832180023193,-0.08314573764801025,0.015517711639404297,0.9016563892364502,-177.29759216308594,179.65753173828125,-0.9016563892364502,-0.599506139755249,0.2959626615047455,39627,-0.10086512565612793,-0.5117361545562744,0.01309514045715332,0.06384190917015076,0.1274394989013672,0.10468125343322754,-2161.7890625,344.2078857421875,-54.74090576171875
20251022_154204.821184,0.9900047183036804,1.083146095275879,0.9845038652420044,0.00999528169631958,-0.0831460952758789,0.015496134757995605,0.9174749851226807,-177.1687469482422,179.70106506347656,-0.9174749851226807,-0.5986221432685852,0.3070143163204193,39681,-0.10072487592697144,-0.5119222402572632,0.014024972915649414,0.06496933102607727,0.127568319439888,0.11447668075561523,-2161.798583984375,343.3764343261719,-0.57220458984375
20251022_154204.831028,0.9898003339767456,1.083126187324524,0.9844774603843689,0.010199666023254395,-0.08312618732452393,0.015522539615631104,0.9813075661659241,-177.41305541992188,179.53028869628906,-0.9813075661659241,-0.6301680207252502,0.3288910686969757,39713,-0.10089650750160217,-0.5121083855628967,-0.01716315746307373,0.06629782915115356,0.1276995837688446,0.13489365577697754,-2161.28076171875,342.5450744628906,31.85272216796875
20251022_154204.840601,0.9894542098045349,1.0830014944076538,0.9844842553138733,0.010545790195465088,-0.08300149440765381,0.015515744686126709,0.836328387260437,-177.84765625,179.79733276367188,-0.836328387260437,-0.6087301969528198,0.4248240292072296,39883,-0.10085234045982361,-0.512294590473175,0.004416704177856445,0.06854763627052307,0.12783442437648773,0.22844195365905762,-2158.038818359375,341.7144470214844,199.5086669921875
20251022_154204.850352,0.9892792105674744,1.0828877687454224,0.9845163226127625,0.010720789432525635,-0.08288776874542236,0.015483677387237549,0.8335241675376892,-178.32879638671875,179.5702667236328,-0.8335241675376892,-0.5922807455062866,0.3131572902202606,39867,-0.10064390301704407,-0.5124805569648743,0.0208437442779541,0.06968513131141663,0.12797266244888306,0.11549949645996094,-2155.08203125,340.885009765625,181.9610595703125
20251022_154204.860390,0.9890296459197998,1.082945466041565,0.9844726324081421,0.010970354080200195,-0.08294546604156494,0.01552736759185791,0.9191656708717346,-178.87896728515625,178.66024780273438,-0.9191656708717346,-0.6419931650161743,0.3641336262226105,39591,-0.10092788934707642,-0.512666642665863,-0.028398633003234863,0.07130730152130127,0.12811365723609924,0.16471266746520996,-2156.58203125,340.0558166503906,-92.315673828125
20251022_154204.870568,0.9888611435890198,1.0829805135726929,0.984497606754303,0.011138856410980225,-0.08298051357269287,0.015502393245697021,0.8422747254371643,-179.08802795410156,178.7982940673828,-0.8422747254371643,-0.597385048866272,0.3118714690208435,39625,-0.10076555609703064,-0.5128528475761414,0.016233325004577637,0.07240256667137146,0.1282573640346527,0.11121153831481934,-2157.493408203125,339.2261962890625,-56.0760498046875
20251022_154204.880424,0.9887134432792664,1.0830029249191284,0.9845096468925476,0.011286556720733643,-0.08300292491912842,0.015490353107452393,0.7930160760879517,-178.88833618164062,178.8650665283203,-0.7930160760879517,-0.60589998960495,0.29924795031547546,39644,-0.10068729519844055,-0.5130388140678406,0.007826089859008789,0.07336261868476868,0.12840312719345093,0.09748220443725586,-2158.075927734375,338.3962707519531,-35.858154296875
20251022_154204.890389,0.9885931611061096,1.083037257194519,0.9844170808792114,0.01140683889389038,-0.08303725719451904,0.015582919120788574,0.9900019764900208,-178.54283142089844,178.84934997558594,-0.9900019764900208,-0.674682080745697,0.28208133578300476,39623,-0.10128897428512573,-0.5132251977920532,-0.060167908668518066,0.07414445281028748,0.12855063378810883,0.07938623428344727,-2158.96875,337.5660705566406,-54.931640625
20251022_154204.900315,0.988414466381073,1.0830016136169434,0.9843855500221252,0.011585533618927002,-0.08300161361694336,0.015614449977874756,1.062305212020874,-178.25137329101562,178.7918243408203,-1.062305212020874,-0.6354013681411743,0.32194456458091736,39735,-0.10149392485618591,-0.5134124159812927,-0.020495057106018066,0.07530596852302551,0.12870009243488312,0.11793851852416992,-2158.0419921875,336.73590087890625,57.02972412109375
20251022_154204.910826,0.9882407188415527,1.0830339193344116,0.984402596950531,0.011759281158447266,-0.08303391933441162,0.015597403049468994,1.0112625360488892,-178.1991729736328,179.0283203125,-1.0112625360488892,-0.603902280330658,0.3199605345726013,39625,-0.10138311982154846,-0.513599693775177,0.011080503463745117,0.07643532752990723,0.12885183095932007,0.11467337608337402,-2158.8818359375,335.90570068359375,-51.68914794921875
20251022_154204.920422,0.9881894588470459,1.083067774772644,0.9844213724136353,0.011810541152954102,-0.08306777477264404,0.015578627586364746,0.9821202158927917,-178.17384338378906,178.86524963378906,-0.9821202158927917,-0.6028437614440918,0.2396051436662674,39621,-0.10126107931137085,-0.5137867331504822,0.01220405101776123,0.07676851749420166,0.12900502979755402,0.03383159637451172,-2159.76220703125,335.0751953125,-54.168701171875
20251022_154204.930356,0.9880449771881104,1.0829862356185913,0.9844440817832947,0.011955022811889648,-0.08298623561859131,0.015555918216705322,0.9417293667793274,-178.02639770507812,178.7516632080078,-0.9417293667793274,-0.6003259420394897,0.3022250533103943,39807,-0.1011134684085846,-0.5139735341072083,0.014761090278625488,0.07770764827728271,0.12915951013565063,0.09535789489746094,-2157.64208984375,334.24493408203125,130.462646484375
20251022_154204.940448,0.9878686666488647,1.0829615592956543,0.9844592213630676,0.012131333351135254,-0.0829615592956543,0.015540778636932373,0.904191255569458,-178.1139373779297,178.81776428222656,-0.904191255569458,-0.605334460735321,0.32453468441963196,39715,-0.10101506114006042,-0.5141600966453552,0.009840726852416992,0.07885366678237915,0.1293160617351532,0.11636495590209961,-2157.00048828125,333.4151916503906,39.48211669921875
20251022_154204.950446,0.9877018928527832,1.0829118490219116,0.984488844871521,0.012298107147216797,-0.08291184902191162,0.015511155128479004,0.8807452917098999,-178.16354370117188,178.79412841796875,-0.8807452917098999,-0.5959136486053467,0.3194832503795624,39756,-0.10082250833511353,-0.5143464207649231,0.01925528049468994,0.07993769645690918,0.12947486340999603,0.11007070541381836,-2155.7080078125,332.5858154296875,79.53643798828125
20251022_154204.960668,0.9875021576881409,1.0828526020050049,0.9845364093780518,0.01249784231185913,-0.08285260200500488,0.015463590621948242,0.9172011613845825,-178.21212768554688,178.65194702148438,-0.9172011613845825,-0.5841286778450012,0.3426972031593323,39772,-0.10051333904266357,-0.5145322680473328,0.030916929244995117,0.08123597502708435,0.1296360343694687,0.13182520866394043,-2154.167724609375,331.7569885253906,94.79522705078125
20251022_154204.970634,0.9873306751251221,1.0827713012695312,0.9845424890518188,0.01266932487487793,-0.08277130126953125,0.015457510948181152,0.8519353270530701,-178.340576171875,178.5919952392578,-0.8519353270530701,-0.6112398505210876,0.3253287374973297,39808,-0.10047382116317749,-0.5147178173065186,0.0039517879486083984,0.08235061168670654,0.12979961931705475,0.11317849159240723,-2152.0537109375,330.92889404296875,130.0811767578125
20251022_154204.980418,0.9871926307678223,1.0827003717422485,0.9845988750457764,0.012807369232177734,-0.08270037174224854,0.015401124954223633,0.8633863925933838,-178.55111694335938,178.4927978515625,-0.8633863925933838,-0.5783593654632568,0.30432239174842834,39793,-0.10010731220245361,-0.5149029493331909,0.036650896072387695,0.08324790000915527,0.12996521592140198,0.0911092758178711,-2150.209716796875,330.1015319824219,113.48724365234375
20251022_154204.990563,0.9870368242263794,1.0826542377471924,0.984627902507782,0.012963175773620605,-0.08265423774719238,0.015372097492218018,0.8743183016777039,-178.7994842529297,178.41542053222656,-0.8743183016777039,-0.5961383581161499,0.31722569465637207,39754,-0.09991863369941711,-0.5150876045227051,0.018867850303649902,0.08426064252853394,0.1301327347755432,0.10283231735229492,-2149.01025390625,329.2747497558594,73.81439208984375
20251022_154205.000364,0.986903965473175,1.0826140642166138,0.9846193790435791,0.013096034526824951,-0.08261406421661377,0.015380620956420898,0.8509184718132019,-179.00177001953125,178.3508758544922,-0.8509184718132019,-0.6207864284515381,0.30311310291290283,39744,-0.09997403621673584,-0.5152721405029297,-0.005540251731872559,0.08512422442436218,0.13030211627483368,0.08768677711486816,-2147.965576171875,328.4483947753906,64.27764892578125
20251022_154205.010364,0.9867598414421082,1.0826536417007446,0.9846263527870178,0.013240158557891846,-0.08265364170074463,0.015373647212982178,0.883695125579834,-178.85719299316406,178.41990661621094,-0.883695125579834,-0.6108524203300476,0.3116561770439148,39615,-0.09992870688438416,-0.5154566168785095,0.004532933235168457,0.086061030626297,0.1304733008146286,0.09512186050415039,-2148.99462890625,327.6220703125,-63.323974609375
20251022_154205.020559,0.9866035580635071,1.0827198028564453,0.9846522808074951,0.01339644193649292,-0.08271980285644531,0.015347719192504883,0.876311182975769,-178.37037658691406,178.47740173339844,-0.876311182975769,-0.5985479354858398,0.3208703398704529,39570,-0.09976017475128174,-0.5156409740447998,0.0168532133102417,0.08707687258720398,0.13064643740653992,0.10314702987670898,-2150.71484375,326.7951965332031,-105.85784912109375
20251022_154205.030345,0.9864522814750671,1.0827264785766602,0.9846173524856567,0.013547718524932861,-0.08272647857666016,0.015382647514343262,0.877140462398529,-178.01174926757812,178.52391052246094,-0.877140462398529,-0.6385159492492676,0.31872430443763733,39664,-0.0999872088432312,-0.5158253312110901,-0.02270340919494629,0.0880601704120636,0.1308215707540512,0.09984254837036133,-2150.888427734375,325.9679870605469,-10.68115234375
20251022_154205.040467,0.9862861633300781,1.0827562808990479,0.9846147298812866,0.013713836669921875,-0.08275628089904785,0.015385270118713379,0.9144988059997559,-177.76634216308594,178.7045440673828,-0.9144988059997559,-0.6177189350128174,0.32977667450904846,39625,-0.10000425577163696,-0.5160099864006042,-0.0017046928405761719,0.08913993835449219,0.13099877536296844,0.10963797569274902,-2151.663330078125,325.14056396484375,-47.6837158203125
20251022_154205.050119,0.9861207008361816,1.0827761888504028,0.9846270084381104,0.01387929916381836,-0.08277618885040283,0.015372991561889648,0.8856721520423889,-177.76473999023438,178.70556640625,-0.8856721520423889,-0.6081379055976868,0.3305988311767578,39640,-0.09992444515228271,-0.5161945223808289,0.007981061935424805,0.09021544456481934,0.1311781257390976,0.10920524597167969,-2152.180908203125,324.3128967285156,-31.85272216796875
20251022_154205.060107,0.9859650731086731,1.0827394723892212,0.9846199750900269,0.014034926891326904,-0.08273947238922119,0.015380024909973145,0.9241502285003662,-177.8211212158203,178.68173217773438,-0.9241502285003662,-0.6209208965301514,0.3253009021282196,39731,-0.09997016191482544,-0.5163790583610535,-0.004571676254272461,0.09122702479362488,0.13135957717895508,0.10271430015563965,-2151.226318359375,323.4853210449219,58.746337890625
20251022_154205.070535,0.9856391549110413,1.0826126337051392,0.9845565557479858,0.01436084508895874,-0.08261263370513916,0.01544344425201416,0.8391983509063721,-178.1570281982422,179.06283569335938,-0.8391983509063721,-0.6581689119338989,0.4399956464767456,39877,-0.10038238763809204,-0.5165639519691467,-0.041222572326660156,0.09334549307823181,0.13154414296150208,0.21510601043701172,-2147.928466796875,322.6585693359375,202.94189453125
20251022_154205.080487,0.9854804277420044,1.0825337171554565,0.9845806360244751,0.014519572257995605,-0.08253371715545654,0.015419363975524902,0.7907592058181763,-178.42698669433594,178.91920471191406,-0.7907592058181763,-0.6013228297233582,0.33086901903152466,39802,-0.10022586584091187,-0.5167491436004639,0.015652179718017578,0.09437721967697144,0.13173186779022217,0.10475993156433105,-2145.876708984375,321.83282470703125,126.2664794921875
20251022_154205.090386,0.9853296875953674,1.0824568271636963,0.9846290349960327,0.014670312404632568,-0.08245682716369629,0.015370965003967285,0.7729825973510742,-178.5509033203125,178.7695770263672,-0.7729825973510742,-0.5853858590126038,0.32676711678504944,39800,-0.09991127252578735,-0.5169339179992676,0.03145933151245117,0.0953570306301117,0.13192160427570343,0.09948849678039551,-2143.87744140625,321.00787353515625,123.02398681640625
20251022_154205.100478,0.9851827621459961,1.0824302434921265,0.9846355319023132,0.014817237854003906,-0.08243024349212646,0.015364468097686768,0.813887894153595,-178.66964721679688,178.7106475830078,-0.813887894153595,-0.6127643585205078,0.3253961205482483,39719,-0.09986904263496399,-0.5171182751655579,0.004222989082336426,0.09631204605102539,0.1321132630109787,0.09697079658508301,-2143.186279296875,320.1834411621094,42.53387451171875
20251022_154205.110845,0.9849923849105835,1.0824329853057861,0.9846796989440918,0.015007615089416504,-0.08243298530578613,0.015320301055908203,0.7340481877326965,-178.67433166503906,178.81832885742188,-0.7340481877326965,-0.5881757736206055,0.3555056154727936,39671,-0.09958195686340332,-0.517302393913269,0.028708577156066895,0.09754949808120728,0.13230712711811066,0.12564897537231445,-2143.257568359375,319.359130859375,-4.38690185546875
20251022_154205.120810,0.984850287437439,1.0824179649353027,0.9847408533096313,0.015149712562561035,-0.08241796493530273,0.015259146690368652,0.6187452077865601,-178.61997985839844,178.96815490722656,-0.6187452077865601,-0.5769199728965759,0.3247606158256531,39699,-0.09918445348739624,-0.5174858570098877,0.03975033760070801,0.09847313165664673,0.13250315189361572,0.09378433227539062,-2142.8671875,318.5348815917969,24.0325927734375
20251022_154205.130320,0.9848347306251526,1.0824483633041382,0.9847499132156372,0.015165269374847412,-0.08244836330413818,0.015250086784362793,0.6180391311645508,-178.6946563720703,178.5726318359375,-0.6180391311645508,-0.6109055876731873,0.24154195189476013,39625,-0.09912556409835815,-0.5176689624786377,0.005888938903808594,0.09857425093650818,0.13270020484924316,0.010267496109008789,-2143.657470703125,317.7105407714844,-48.63739013671875
20251022_154205.140757,0.9846838712692261,1.0824569463729858,0.9846979379653931,0.015316128730773926,-0.08245694637298584,0.015302062034606934,0.72148597240448,-178.62203979492188,178.46551513671875,-0.72148597240448,-0.6510995626449585,0.3320203423500061,39659,-0.09946340322494507,-0.517852246761322,-0.033783912658691406,0.09955483675003052,0.13289833068847656,0.09956717491149902,-2143.880615234375,316.8860168457031,-13.73291015625
20251022_154205.150370,0.984535813331604,1.0824822187423706,0.9847334623336792,0.015464186668395996,-0.0824822187423706,0.0152665376663208,0.6343615651130676,-178.2509307861328,178.6595458984375,-0.6343615651130676,-0.5941773056983948,0.33133384585380554,39631,-0.0992324948310852,-0.5180356502532959,0.023090839385986328,0.10051721334457397,0.13309840857982635,0.0977182388305664,-2144.53759765625,316.0613098144531,-40.435791015625
20251022_154205.160415,0.98433518409729,1.082584023475647,0.9847708344459534,0.01566481590270996,-0.08258402347564697,0.01522916555404663,0.7497676610946655,-177.0568389892578,179.5568084716797,-0.7497676610946655,-0.5929163694381714,0.36753734946250916,39505,-0.0989895761013031,-0.5182186365127563,0.02429187297821045,0.10182130336761475,0.13330073654651642,0.1324152946472168,-2147.1845703125,315.2359924316406,-162.8875732421875
20251022_154205.170429,0.9841986894607544,1.0826201438903809,0.9847614169120789,0.015801310539245605,-0.08262014389038086,0.015238583087921143,0.7356107831001282,-176.6466064453125,179.80221557617188,-0.7356107831001282,-0.6235736608505249,0.3263002634048462,39608,-0.09905079007148743,-0.5184014439582825,-0.006121397018432617,0.10270851850509644,0.13350526988506317,0.09008646011352539,-2148.123779296875,314.40997314453125,-57.79266357421875
20251022_154205.180399,0.9839893579483032,1.0827418565750122,0.9846341609954834,0.016010642051696777,-0.08274185657501221,0.015365839004516602,0.9878628849983215,-176.90101623535156,179.49278259277344,-0.9878628849983215,-0.7011793851852417,0.3759400248527527,39467,-0.09987795352935791,-0.5185850858688354,-0.08271634578704834,0.10406917333602905,0.1337120532989502,0.13815879821777344,-2151.288330078125,313.5831604003906,-194.74029541015625
20251022_154205.190337,0.9838625192642212,1.0826102495193481,0.9847663640975952,0.01613748073577881,-0.08261024951934814,0.015233635902404785,0.7741886377334595,-177.0141143798828,179.97171020507812,-0.7741886377334595,-0.5318552851676941,0.3225281536579132,39875,-0.0990186333656311,-0.5187686681747437,0.08593201637268066,0.10489362478256226,0.13392101228237152,0.08371353149414062,-2147.866455078125,312.7563781738281,210.5712890625
20251022_154205.200370,0.9837093353271484,1.0825260877609253,0.9847831130027771,0.016290664672851562,-0.08252608776092529,0.0152168869972229,0.6688153147697449,-177.36553955078125,179.8236083984375,-0.6688153147697449,-0.6069743633270264,0.34112250804901123,39800,-0.09890976548194885,-0.5189513564109802,0.010886788368225098,0.10588932037353516,0.1341317892074585,0.10110139846801758,-2145.67822265625,311.9306945800781,134.6588134765625
20251022_154205.210411,0.9835399985313416,1.082533597946167,0.9846572279930115,0.016460001468658447,-0.08253359794616699,0.015342772006988525,0.8089715838432312,-177.76251220703125,179.25653076171875,-0.8089715838432312,-0.7006880044937134,0.35309696197509766,39653,-0.09972801804542542,-0.5191347599029541,-0.08182525634765625,0.10699000954627991,0.1343446671962738,0.11176228523254395,-2145.87353515625,311.10540771484375,-12.01629638671875
20251022_154205.220218,0.9833832383155823,1.0824952125549316,0.9846506714820862,0.016616761684417725,-0.08249521255493164,0.015349328517913818,0.8114495277404785,-177.8673095703125,179.19557189941406,-0.8114495277404785,-0.6233512759208679,0.3460303544998169,39726,-0.09977063536643982,-0.5193188786506653,-0.00426173210144043,0.10800895094871521,0.13455967605113983,0.10346174240112305,-2144.87548828125,310.2802734375,61.4166259765625
20251022_154205.230102,0.9832481741905212,1.0824763774871826,0.9846831560134888,0.01675182580947876,-0.08247637748718262,0.01531684398651123,0.81415194272995,-177.78758239746094,179.0817413330078,-0.81415194272995,-0.5979474186897278,0.3328057527542114,39695,-0.099559485912323,-0.5195028781890869,0.02111494541168213,0.10888686776161194,0.13477656245231628,0.0891423225402832,-2144.3857421875,309.4554138183594,30.1361083984375
20251022_154205.240407,0.9831297993659973,1.0824973583221436,0.9846588969230652,0.016870200634002686,-0.08249735832214355,0.015341103076934814,0.7959570288658142,-177.76060485839844,179.0883026123047,-0.7959570288658142,-0.635172426700592,0.3227787911891937,39630,-0.0997171700000763,-0.5196868181228638,-0.01576840877532959,0.10965630412101746,0.13499511778354645,0.07812738418579102,-2144.931396484375,308.63055419921875,-33.5693359375
20251022_154205.250386,0.9829952716827393,1.0825212001800537,0.9846368432044983,0.017004728317260742,-0.08252120018005371,0.015363156795501709,0.8022539615631104,-177.74143981933594,179.20494079589844,-0.8022539615631104,-0.6340664625167847,0.33453431725502014,39624,-0.09986051917076111,-0.5198710560798645,-0.014334917068481445,0.11053073406219482,0.13521529734134674,0.08878827095031738,-2145.55126953125,307.8054504394531,-38.14697265625
20251022_154205.260329,0.9828721284866333,1.082544207572937,0.9846206307411194,0.0171278715133667,-0.08254420757293701,0.015379369258880615,0.7888312935829163,-177.51910400390625,179.2628173828125,-0.7888312935829163,-0.630559504032135,0.3280428349971771,39624,-0.099965900182724,-0.5200555324554443,-0.010538101196289062,0.11133116483688354,0.13543716073036194,0.08127450942993164,-2146.1494140625,306.9801330566406,-36.81182861328125
20251022_154205.270354,0.9827600121498108,1.082561731338501,0.9845842719078064,0.01723998785018921,-0.08256173133850098,0.015415728092193604,0.8056761622428894,-177.25799560546875,179.30419921875,-0.8056761622428894,-0.6440757513046265,0.3217172622680664,39631,-0.10020223259925842,-0.520240306854248,-0.023633241653442383,0.11205992102622986,0.1356605440378189,0.07399678230285645,-2146.60498046875,306.15460205078125,-28.03802490234375
20251022_154205.280351,0.9826288223266602,1.0825414657592773,0.984575629234314,0.017371177673339844,-0.08254146575927734,0.015424370765686035,0.7838940024375916,-177.08016967773438,179.33192443847656,-0.7838940024375916,-0.6263014674186707,0.33538347482681274,39691,-0.10025840997695923,-0.5204253196716309,-0.005617737770080566,0.11291265487670898,0.13588552176952362,0.08658528327941895,-2146.078125,305.3290710449219,32.4249267578125
20251022_154205.291078,0.9824777245521545,1.082511305809021,0.9845598936080933,0.01752227544784546,-0.082511305809021,0.015440106391906738,0.8456040620803833,-177.05809020996094,179.28402709960938,-0.8456040620803833,-0.6311993598937988,0.3497316539287567,39707,-0.1003606915473938,-0.520610511302948,-0.010228157043457031,0.11389479041099548,0.13611233234405518,0.09972453117370605,-2145.2939453125,304.5038146972656,48.25592041015625
20251022_154205.300762,0.9823203086853027,1.0825055837631226,0.9845730066299438,0.017679691314697266,-0.08250558376312256,0.015426993370056152,0.8156367540359497,-177.0843963623047,179.03875732421875,-0.8156367540359497,-0.6125476956367493,0.3551536202430725,39667,-0.10027545690536499,-0.5207957029342651,0.00852346420288086,0.11491799354553223,0.1363411396741867,0.10389447212219238,-2145.145263671875,303.6787109375,9.1552734375
20251022_154205.310877,0.9822030067443848,1.0824809074401855,0.9845413565635681,0.017796993255615234,-0.08248090744018555,0.015458643436431885,0.8408786654472351,-177.1988983154297,179.0189971923828,-0.8408786654472351,-0.6420347690582275,0.3296714723110199,39697,-0.10048118233680725,-0.5209810137748718,-0.020572543144226074,0.11568045616149902,0.1365717351436615,0.07741928100585938,-2144.503662109375,302.8537902832031,39.48211669921875
20251022_154205.320802,0.9820495247840881,1.0824620723724365,0.9845196604728699,0.017950475215911865,-0.08246207237243652,0.015480339527130127,0.7645524740219116,-177.36029052734375,179.10267639160156,-0.7645524740219116,-0.635891318321228,0.35478028655052185,39688,-0.10062220692634583,-0.5211666822433472,-0.014102458953857422,0.11667808890342712,0.13680410385131836,0.10129809379577637,-2144.013916015625,302.0290832519531,30.1361083984375
20251022_154205.330859,0.9817749261856079,1.082335352897644,0.9844793677330017,0.01822507381439209,-0.08233535289764404,0.015520632266998291,0.6762422919273376,-177.6194305419922,179.49961853027344,-0.6762422919273376,-0.6484270691871643,0.4367372989654541,39863,-0.10088410973548889,-0.5213526487350464,-0.02619028091430664,0.11846297979354858,0.13703924417495728,0.18123507499694824,-2140.71923828125,301.205078125,202.75115966796875
20251022_154205.340735,0.981571614742279,1.0823566913604736,0.9844077825546265,0.018428385257720947,-0.08235669136047363,0.015592217445373535,0.7374261021614075,-178.1482391357422,178.5922393798828,-0.7374261021614075,-0.6694191098213196,0.39124754071235657,39624,-0.10134941339492798,-0.5215393304824829,-0.04653036594390869,0.11978450417518616,0.1372774839401245,0.1341855525970459,-2141.27392578125,300.3816223144531,-34.14154052734375
20251022_154205.350407,0.9813998937606812,1.0822575092315674,0.984412431716919,0.018600106239318848,-0.08225750923156738,0.015587568283081055,0.8298572301864624,-178.48329162597656,178.38543701171875,-0.8298572301864624,-0.6200236678123474,0.3717547059059143,39819,-0.10131919384002686,-0.5217264294624329,0.0030219554901123047,0.12090069055557251,0.13751816749572754,0.11333584785461426,-2138.6953125,299.5585632324219,158.69140625
20251022_154205.360560,0.9812794327735901,1.0822162628173828,0.9843916296958923,0.018720567226409912,-0.08221626281738281,0.015608370304107666,0.8590022921562195,-178.6268310546875,178.35853576660156,-0.8590022921562195,-0.6368893384933472,0.33894869685173035,39727,-0.10145440697669983,-0.5219135880470276,-0.013521313667297363,0.12168368697166443,0.13776075839996338,0.07950425148010254,-2137.622802734375,298.7362060546875,65.9942626953125
20251022_154205.370460,0.9811820983886719,1.0822261571884155,0.984367311000824,0.018817901611328125,-0.08222615718841553,0.015632688999176025,0.8464105725288391,-178.4623260498047,178.3763885498047,-0.8464105725288391,-0.6395206451416016,0.32456180453300476,39644,-0.10161247849464417,-0.5221010446548462,-0.015807151794433594,0.12231636047363281,0.13800476491451263,0.06424069404602051,-2137.880126953125,297.9139709472656,-15.83099365234375
20251022_154205.380425,0.98118656873703,1.0823231935501099,0.9843617677688599,0.01881343126296997,-0.08232319355010986,0.015638232231140137,0.8434151411056519,-178.21060180664062,178.1686248779297,-0.8434151411056519,-0.6275402903556824,0.2575862407684326,39501,-0.10164850950241089,-0.5222886800765991,-0.0036031007766723633,0.12228730320930481,0.13824936747550964,-0.002950429916381836,-2140.403076171875,297.0912170410156,-155.2581787109375
20251022_154205.390423,0.9810771346092224,1.0823725461959839,0.9843197464942932,0.018922865390777588,-0.08237254619598389,0.015680253505706787,0.863074541091919,-177.80755615234375,178.31698608398438,-0.863074541091919,-0.6517120599746704,0.33371978998184204,39575,-0.10192164778709412,-0.5224765539169312,-0.027313828468322754,0.12299862504005432,0.13849465548992157,0.07222652435302734,-2141.686279296875,296.26776123046875,-78.9642333984375
20251022_154205.400265,0.9809640645980835,1.0823519229888916,0.984305202960968,0.019035935401916504,-0.0823519229888916,0.015694797039031982,0.8712313771247864,-177.64816284179688,178.4053192138672,-0.8712313771247864,-0.6341342926025391,0.33710116147994995,39687,-0.10201618075370789,-0.5226648449897766,-0.009453296661376953,0.12373358011245728,0.1387413740158081,0.07462620735168457,-2141.14990234375,295.4441223144531,32.99713134765625
20251022_154205.410560,0.9808312058448792,1.0822923183441162,0.9842878580093384,0.01916879415512085,-0.08229231834411621,0.01571214199066162,0.8696398735046387,-177.60841369628906,178.39370727539062,-0.8696398735046387,-0.6362563967704773,0.35127365589141846,39750,-0.10212892293930054,-0.5228532552719116,-0.011274218559265137,0.12459716200828552,0.13898971676826477,0.08768677711486816,-2139.600341796875,294.62091064453125,95.367431640625
20251022_154205.420411,0.9806938171386719,1.0822253227233887,0.9842709302902222,0.019306182861328125,-0.08222532272338867,0.015729069709777832,0.8921464681625366,-177.69081115722656,178.39744567871094,-0.8921464681625366,-0.6362838745117188,0.3554065227508545,39763,-0.10223895311355591,-0.5230419039726257,-0.01100301742553711,0.1254901885986328,0.13923980295658112,0.09067654609680176,-2137.8583984375,293.7983093261719,107.1929931640625
20251022_154205.430380,0.9805646538734436,1.0821372270584106,0.9842857718467712,0.019435346126556396,-0.08213722705841064,0.01571422815322876,0.933677077293396,-177.8042449951172,178.33486938476562,-0.933677077293396,-0.6157260537147522,0.3510691225528717,39798,-0.10214248299598694,-0.5232305526733398,0.009647011756896973,0.12632974982261658,0.13949161767959595,0.08524775505065918,-2135.56787109375,292.97650146484375,140.95306396484375
20251022_154205.440445,0.9804549217224121,1.082040548324585,0.9842675924301147,0.01954507827758789,-0.08204054832458496,0.015732407569885254,0.8917926549911499,-178.00341796875,178.25985717773438,-0.8917926549911499,-0.6374965310096741,0.33921122550964355,39813,-0.10226064920425415,-0.5234192609786987,-0.011816620826721191,0.1270430088043213,0.13974499702453613,0.07242321968078613,-2133.05419921875,292.1556091308594,154.68597412109375
20251022_154205.450354,0.9803009033203125,1.0819538831710815,0.9842380881309509,0.0196990966796875,-0.08195388317108154,0.015761911869049072,0.7535908818244934,-178.2731170654297,178.1920928955078,-0.7535908818244934,-0.64523845911026,0.36969634890556335,39799,-0.10245242714881897,-0.5236082077026367,-0.019177794456481934,0.12804412841796875,0.14000007510185242,0.10165214538574219,-2130.801025390625,291.3356628417969,138.66424560546875
20251022_154205.460639,0.9802192449569702,1.0818758010864258,0.9842450022697449,0.019780755043029785,-0.08187580108642578,0.015754997730255127,0.8079491853713989,-178.49917602539062,178.1757354736328,-0.8079491853713989,-0.6217105984687805,0.32272613048553467,39786,-0.10240748524665833,-0.523797333240509,0.004494190216064453,0.1285749077796936,0.14025670289993286,0.0538945198059082,-2128.770751953125,290.5165100097656,124.93133544921875
20251022_154205.470369,0.980103075504303,1.081802248954773,0.9842028617858887,0.01989692449569702,-0.08180224895477295,0.015797138214111328,0.7391941547393799,-178.50372314453125,178.1436004638672,-0.7391941547393799,-0.6540593504905701,0.3465164601802826,39780,-0.10268139839172363,-0.5239866375923157,-0.02739131450653076,0.12933000922203064,0.14051459729671478,0.07667183876037598,-2126.8583984375,289.6981201171875,117.68341064453125
20251022_154205.480475,0.9800053238868713,1.081742763519287,0.9841753244400024,0.019994676113128662,-0.08174276351928711,0.01582467555999756,0.7418418526649475,-178.47210693359375,178.21417236328125,-0.7418418526649475,-0.6449360251426697,0.33525535464286804,39758,-0.10286039113998413,-0.5241763591766357,-0.017899274826049805,0.1299653947353363,0.14077389240264893,0.06451606750488281,-2125.311767578125,288.88037109375,95.17669677734375
20251022_154205.490631,0.9799006581306458,1.081726312637329,0.984149158000946,0.020099341869354248,-0.0817263126373291,0.015850841999053955,0.7253920435905457,-178.38388061523438,178.13673400878906,-0.7253920435905457,-0.6444050669670105,0.34075963497161865,39689,-0.10303047299385071,-0.5243664383888245,-0.017008185386657715,0.1306457221508026,0.14103451371192932,0.06907939910888672,-2124.884033203125,288.06304931640625,26.3214111328125
20251022_154205.500737,0.9797937870025635,1.0816878080368042,0.9841363430023193,0.020206212997436523,-0.0816878080368042,0.015863656997680664,0.713118851184845,-178.23838806152344,178.1926727294922,-0.713118851184845,-0.6360002160072327,0.3431718349456787,39724,-0.10311377048492432,-0.5245566964149475,-0.00832974910736084,0.1313403844833374,0.14129649102687836,0.07053494453430176,-2123.883056640625,287.2459716796875,61.60736083984375
20251022_154205.510672,0.9796807169914246,1.0816587209701538,0.9840955138206482,0.02031928300857544,-0.08165872097015381,0.015904486179351807,0.6864837408065796,-178.06695556640625,178.28758239746094,-0.6864837408065796,-0.654665470123291,0.34826144576072693,39709,-0.10337916016578674,-0.5247473120689392,-0.026538968086242676,0.13207533955574036,0.1415599137544632,0.07462620735168457,-2123.126708984375,286.4292297363281,46.539306640625
20251022_154205.520283,0.979581356048584,1.0816550254821777,0.9840466976165771,0.020418643951416016,-0.08165502548217773,0.01595330238342285,0.6853405833244324,-177.90615844726562,178.4225311279297,-0.6853405833244324,-0.6603654623031616,0.34012410044670105,39668,-0.10369646549224854,-0.5249384641647339,-0.0317305326461792,0.1327211856842041,0.14182470738887787,0.06557822227478027,-2123.03076171875,285.6126708984375,5.91278076171875
20251022_154205.530346,0.9794544577598572,1.081637978553772,0.9839818477630615,0.020545542240142822,-0.08163797855377197,0.016018152236938477,0.6906545162200928,-177.67449951171875,178.62086486816406,-0.6906545162200928,-0.6714006662368774,0.35938987135887146,39689,-0.1041179895401001,-0.5251302719116211,-0.04215240478515625,0.13354602456092834,0.14209097623825073,0.08375287055969238,-2122.58740234375,284.79620361328125,27.27508544921875
20251022_154205.540878,0.9793375730514526,1.0815938711166382,0.9839240908622742,0.020662426948547363,-0.08159387111663818,0.01607590913772583,0.6898444294929504,-177.58230590820312,178.75051879882812,-0.6898444294929504,-0.6673582792282104,0.35380852222442627,39733,-0.1044934093952179,-0.5253228545188904,-0.037541985511779785,0.13430577516555786,0.14235882461071014,0.07714390754699707,-2121.440673828125,283.98004150390625,70.5718994140625
20251022_154205.550803,0.9792221784591675,1.0814803838729858,0.9839195609092712,0.02077782154083252,-0.08148038387298584,0.01608043909072876,0.6959590911865234,-177.7689208984375,178.77198791503906,-0.6959590911865234,-0.6329831480979919,0.35384446382522583,39846,-0.10452285408973694,-0.5255157947540283,-0.002944469451904297,0.13505584001541138,0.14262819290161133,0.07616043090820312,-2118.489990234375,283.1646728515625,181.57958984375
20251022_154205.560482,0.9789779782295227,1.0812687873840332,0.9838972687721252,0.021022021770477295,-0.0812687873840332,0.016102731227874756,0.622959554195404,-178.07904052734375,178.86236572265625,-0.622959554195404,-0.6448665261268616,0.4407151937484741,40007,-0.10466775298118591,-0.5257089138031006,-0.014489889144897461,0.13664314150810242,0.14289988577365875,0.16117215156555176,-2112.988525390625,282.3509216308594,338.55438232421875
20251022_154205.570866,0.9788637161254883,1.0811052322387695,0.9838649034500122,0.02113628387451172,-0.08110523223876953,0.016135096549987793,0.6566736698150635,-178.5741729736328,178.68858337402344,-0.6566736698150635,-0.6518179178237915,0.3559727370738983,39934,-0.10487812757492065,-0.5259023308753967,-0.02103745937347412,0.13738584518432617,0.1431739181280136,0.07541298866271973,-2108.736083984375,281.5390625,261.688232421875
20251022_154205.580094,0.9787697792053223,1.0809777975082397,0.983850359916687,0.021230220794677734,-0.08097779750823975,0.01614964008331299,0.6454183459281921,-178.74391174316406,178.44964599609375,-0.6454183459281921,-0.6405220031738281,0.3434441089630127,39879,-0.10497266054153442,-0.5260960459709167,-0.009453296661376953,0.13799643516540527,0.14344929158687592,0.06199836730957031,-2105.4228515625,280.7286376953125,203.89556884765625
20251022_154205.590560,0.9786931872367859,1.0809332132339478,0.9838153719902039,0.02130681276321411,-0.08093321323394775,0.016184628009796143,0.6379902958869934,-178.79751586914062,178.4967041015625,-0.6379902958869934,-0.6542322635650635,0.33277076482772827,39746,-0.10520008206367493,-0.5262900590896606,-0.022742152214050293,0.13849428296089172,0.14372578263282776,0.05055069923400879,-2104.263427734375,279.9190979003906,71.3348388671875
20251022_154205.600244,0.9786160588264465,1.080919623374939,0.9837673902511597,0.021383941173553467,-0.08091962337493896,0.016232609748840332,0.6550458073616028,-178.6700897216797,178.52764892578125,-0.6550458073616028,-0.663184642791748,0.33390364050865173,39696,-0.10551196336746216,-0.5264845490455627,-0.031188130378723145,0.13899561762809753,0.1440032720565796,0.05090475082397461,-2103.91015625,279.1098327636719,21.7437744140625
20251022_154205.610718,0.9785305857658386,1.0809059143066406,0.9837136268615723,0.021469414234161377,-0.08090591430664062,0.016286373138427734,0.6717196106910706,-178.3251495361328,178.5723114013672,-0.6717196106910706,-0.6674872636795044,0.34024524688720703,39696,-0.10586142539978027,-0.5266796350479126,-0.03494620323181152,0.13955119252204895,0.14428181946277618,0.0564122200012207,-2103.5537109375,278.3006896972656,21.93450927734375
20251022_154205.620228,0.9784655570983887,1.080876350402832,0.9836653470993042,0.021534442901611328,-0.08087635040283203,0.0163346529006958,0.676429033279419,-178.04212951660156,178.62747192382812,-0.676429033279419,-0.6644324660301208,0.327454149723053,39722,-0.1061752438545227,-0.526875376701355,-0.031381845474243164,0.13997387886047363,0.14456135034561157,0.04291892051696777,-2102.78515625,277.4917907714844,47.30224609375
20251022_154205.630304,0.9783549308776855,1.0807942152023315,0.9835917949676514,0.021645069122314453,-0.08079421520233154,0.016408205032348633,0.6746395826339722,-177.88406372070312,178.5882110595703,-0.6746395826339722,-0.6815340518951416,0.35854828357696533,39807,-0.10665333271026611,-0.5270718336105347,-0.04780888557434082,0.14069294929504395,0.1448420137166977,0.0730133056640625,-2100.649658203125,276.6834411621094,131.41632080078125
20251022_154205.640740,0.97825688123703,1.0807104110717773,0.9835491180419922,0.02174311876296997,-0.08071041107177734,0.016450881958007812,0.6243430972099304,-177.83697509765625,178.59689331054688,-0.6243430972099304,-0.6619397401809692,0.35116708278656006,39811,-0.10693073272705078,-0.5272690057754517,-0.027740001678466797,0.1413302719593048,0.14512404799461365,0.0647127628326416,-2098.470703125,275.87591552734375,134.08660888671875
20251022_154205.650226,0.9781354665756226,1.0806585550308228,0.983463704586029,0.02186453342437744,-0.08065855503082275,0.016536295413970947,0.6930060982704163,-177.95848083496094,178.6216583251953,-0.6930060982704163,-0.6904715895652771,0.36766064167022705,39760,-0.10748592019081116,-0.527466893196106,-0.0555187463760376,0.14211946725845337,0.14540748298168182,0.08013367652893066,-2097.122314453125,275.0690612792969,82.96966552734375
20251022_154205.660426,0.9780572652816772,1.0806231498718262,0.9834306240081787,0.021942734718322754,-0.08062314987182617,0.01656937599182129,0.6692178845405579,-178.00161743164062,178.75009155273438,-0.6692178845405579,-0.6568688750267029,0.3399328589439392,39734,-0.10770094394683838,-0.5276655554771423,-0.021502375602722168,0.1426277756690979,0.14569224417209625,0.05161285400390625,-2096.201904296875,274.2626647949219,56.64825439453125
20251022_154205.670596,0.9780900478363037,1.0806410312652588,0.983452320098877,0.02190995216369629,-0.08064103126525879,0.016547679901123047,0.603123128414154,-178.13592529296875,178.55653381347656,-0.603123128414154,-0.6213217377662659,0.26675549149513245,39648,-0.1075599193572998,-0.5278642773628235,0.014102458953857422,0.14241468906402588,0.14597727358341217,-0.021636486053466797,-2096.666748046875,273.4563293457031,-28.6102294921875
20251022_154205.680325,0.9779929518699646,1.08056640625,0.9834352731704712,0.0220070481300354,-0.08056640625,0.01656472682952881,0.55057293176651,-178.3226776123047,178.6354522705078,-0.55057293176651,-0.6468141674995422,0.3533918857574463,39797,-0.10767072439193726,-0.5280629396438599,-0.011080503463745117,0.1430458128452301,0.1462627351284027,0.06408333778381348,-2094.7265625,272.6502990722656,119.4000244140625
20251022_154205.690393,0.9779056310653687,1.0804320573806763,0.9833927154541016,0.022094368934631348,-0.08043205738067627,0.016607284545898438,0.535406231880188,-178.64474487304688,178.56932067871094,-0.535406231880188,-0.6638718247413635,0.3477945327758789,39895,-0.10794734954833984,-0.5282619595527649,-0.02766251564025879,0.14361339807510376,0.14654940366744995,0.057631731033325195,-2091.2333984375,271.8453063964844,214.95819091796875
20251022_154205.700463,0.9778228402137756,1.0802923440933228,0.9833886027336121,0.022177159786224365,-0.08029234409332275,0.01661139726638794,0.5434964299201965,-178.95687866210938,178.3614959716797,-0.5434964299201965,-0.6391085982322693,0.3456306755542755,39906,-0.1079740822315216,-0.5284612774848938,-0.0026732683181762695,0.14415153861045837,0.14683715999126434,0.0546419620513916,-2087.600830078125,271.04168701171875,223.541259765625
20251022_154205.710423,0.977748453617096,1.080168604850769,0.9833740592002869,0.022251546382904053,-0.08016860485076904,0.016625940799713135,0.5214996337890625,-179.1429443359375,178.19418334960938,-0.5214996337890625,-0.6461825966835022,0.3408561646938324,39883,-0.10806861519813538,-0.5286607146263123,-0.009453296661376953,0.14463505148887634,0.1471259444952011,0.04909515380859375,-2084.3837890625,270.2393798828125,197.9827880859375
20251022_154205.720584,0.9776903390884399,1.0801265239715576,0.9833294153213501,0.02230966091156006,-0.08012652397155762,0.016670584678649902,0.4852149784564972,-179.1812286376953,178.2387237548828,-0.4852149784564972,-0.6662377715110779,0.33078399300575256,39753,-0.10835880041122437,-0.5288604497909546,-0.029018521308898926,0.14501279592514038,0.14741559326648712,0.03835558891296387,-2083.28955078125,269.4378967285156,67.32940673828125
20251022_154205.730403,0.9776003956794739,1.0801438093185425,0.983267605304718,0.022399604320526123,-0.08014380931854248,0.016732394695281982,0.4545421600341797,-179.0056610107422,178.3008270263672,-0.4545421600341797,-0.6779979467391968,0.35266628861427307,39657,-0.10876056551933289,-0.5290609002113342,-0.04017651081085205,0.1455974280834198,0.14770621061325073,0.05936264991760254,-2083.739013671875,268.63653564453125,-27.65655517578125
20251022_154205.740472,0.9775640964508057,1.0801894664764404,0.983210563659668,0.022435903549194336,-0.08018946647644043,0.01678943634033203,0.40886130928993225,-178.5478973388672,178.42514038085938,-0.40886130928993225,-0.6754704117774963,0.3177885115146637,39609,-0.1091313362121582,-0.5292620062828064,-0.03707706928253174,0.14583337306976318,0.14799764752388,0.023957490921020508,-2084.926025390625,267.8348693847656,-73.05145263671875
20251022_154205.750499,0.9774872660636902,1.080187201499939,0.9831357002258301,0.022512733936309814,-0.08018720149993896,0.016864299774169922,0.3993662893772125,-178.155029296875,178.6070098876953,-0.3993662893772125,-0.6877431273460388,0.3453306257724762,39685,-0.10961794853210449,-0.5294639468193054,-0.048661231994628906,0.1463327705860138,0.14828979969024658,0.05070805549621582,-2084.8671875,267.0329895019531,3.62396240234375
20251022_154205.760763,0.9774374961853027,1.0801212787628174,0.9830414652824402,0.022562503814697266,-0.08012127876281738,0.016958534717559814,0.3422219157218933,-178.10928344726562,178.6552276611328,-0.3422219157218933,-0.7011500597000122,0.32808718085289,39788,-0.1102304756641388,-0.5296669006347656,-0.061252713203430176,0.14665627479553223,0.1485828012228012,0.03284811973571777,-2083.1533203125,266.2314453125,105.47637939453125
20251022_154205.770569,0.9773314595222473,1.080046534538269,0.9830554723739624,0.022668540477752686,-0.08004653453826904,0.016944527626037598,0.4144858121871948,-178.05661010742188,178.68467712402344,-0.4144858121871948,-0.6309050917625427,0.36620649695396423,39803,-0.11013942956924438,-0.5298702716827393,0.009104609489440918,0.14734551310539246,0.14887680113315582,0.06998419761657715,-2081.2099609375,265.43060302734375,119.59075927734375
20251022_154205.779940,0.9772643446922302,1.0799709558486938,0.9830198287963867,0.022735655307769775,-0.07997095584869385,0.01698017120361328,0.3954528272151947,-178.13540649414062,178.66871643066406,-0.3954528272151947,-0.6636132597923279,0.3412494659423828,39806,-0.11037111282348633,-0.5300738215446472,-0.023168325424194336,0.14778175950050354,0.14917191863059998,0.0442957878112793,-2079.244873046875,264.6305236816406,120.9259033203125
20251022_154205.790770,0.9771938323974609,1.0798550844192505,0.983005702495575,0.022806167602539062,-0.07985508441925049,0.01699429750442505,0.41100266575813293,-178.42599487304688,178.527099609375,-0.41100266575813293,-0.6499227285385132,0.34424614906311035,39872,-0.11046293377876282,-0.530277669429779,-0.009182095527648926,0.1482400894165039,0.14946794509887695,0.04653811454772949,-2076.232177734375,263.8313903808594,185.394287109375
20251022_154205.800754,0.9771429300308228,1.0797615051269531,0.9829136729240417,0.022857069969177246,-0.07976150512695312,0.017086327075958252,0.4521934986114502,-178.88233947753906,178.5032196044922,-0.4521934986114502,-0.7013625502586365,0.3319312632083893,39838,-0.11106112599372864,-0.5304821729660034,-0.05981922149658203,0.1485709547996521,0.1497647613286972,0.03359556198120117,-2073.799072265625,263.0333251953125,149.72686767578125
20251022_154205.810628,0.9770816564559937,1.0796529054641724,0.9829433560371399,0.022918343544006348,-0.07965290546417236,0.017056643962860107,0.3555890917778015,-179.0388641357422,178.36585998535156,-0.3555890917778015,-0.6222612261772156,0.33947208523750305,39865,-0.1108681857585907,-0.5306870341300964,0.019294023513793945,0.14896923303604126,0.15006229281425476,0.04044055938720703,-2070.9755859375,262.2362365722656,173.75946044921875
20251022_154205.820400,0.9770422577857971,1.0795828104019165,0.9828227162361145,0.02295774221420288,-0.0795828104019165,0.017177283763885498,0.4957279562950134,-179.20071411132812,178.2785186767578,-0.4957279562950134,-0.7209606766700745,0.3255889415740967,39804,-0.11165234446525574,-0.5308924317359924,-0.0784158706665039,0.14922532439231873,0.15036049485206604,0.026003122329711914,-2069.153076171875,261.4400634765625,112.152099609375
20251022_154205.830351,0.976989209651947,1.0795263051986694,0.9828512072563171,0.02301079034805298,-0.07952630519866943,0.01714879274368286,0.3529059588909149,-179.08517456054688,178.28306579589844,-0.3529059588909149,-0.6240463852882385,0.3352411985397339,39783,-0.1114671528339386,-0.5310983657836914,0.018519163131713867,0.14957013726234436,0.15065929293632507,0.03501176834106445,-2067.683837890625,260.64453125,90.4083251953125
20251022_154205.840389,0.9769260287284851,1.079490303993225,0.9828264117240906,0.023073971271514893,-0.0794903039932251,0.017173588275909424,0.37821683287620544,-178.85443115234375,178.31256103515625,-0.37821683287620544,-0.6590497493743896,0.3426390588283539,39750,-0.11162832379341125,-0.5313042998313904,-0.016117095947265625,0.1499808132648468,0.1509588360786438,0.04169940948486328,-2066.747802734375,259.84942626953125,57.6019287109375
20251022_154205.850426,0.976897120475769,1.0794726610183716,0.9827461838722229,0.023102879524230957,-0.07947266101837158,0.0172538161277771,0.3175657093524933,-178.5506591796875,178.2682342529297,-0.3175657093524933,-0.6958088278770447,0.32050713896751404,39720,-0.11214980483055115,-0.5315108895301819,-0.05214810371398926,0.15016871690750122,0.15125899016857147,0.01907944679260254,-2066.289306640625,259.05462646484375,28.228759765625
20251022_154205.860699,0.9768965244293213,1.079485535621643,0.9826439023017883,0.02310347557067871,-0.07948553562164307,0.01735609769821167,0.398892879486084,-178.43362426757812,178.3834686279297,-0.398892879486084,-0.7110162377357483,0.30212530493736267,39671,-0.11281463503837585,-0.5317185521125793,-0.0664830207824707,0.15017259120941162,0.15155932307243347,0.0003933906555175781,-2066.6240234375,258.25982666015625,-20.599365234375
20251022_154205.870102,0.9767386317253113,1.0794447660446167,0.9825599789619446,0.02326136827468872,-0.0794447660446167,0.01744002103805542,0.422341912984848,-178.1970672607422,178.78207397460938,-0.422341912984848,-0.6998376250267029,0.40726879239082336,39757,-0.11336013674736023,-0.5319273471832275,-0.0545501708984375,0.15119889378547668,0.15186069905757904,0.10420918464660645,-2065.56396484375,257.4651794433594,65.2313232421875
20251022_154205.880117,0.976697564125061,1.0794121026992798,0.9825295805931091,0.023302435874938965,-0.07941210269927979,0.01747041940689087,0.3953377306461334,-178.06993103027344,178.87686157226562,-0.3953377306461334,-0.6654534339904785,0.3307338058948517,39744,-0.11355772614479065,-0.5321367979049683,-0.019758939743041992,0.15146583318710327,0.15216337144374847,0.027104616165161133,-2064.714599609375,256.6708984375,52.2613525390625
20251022_154205.890759,0.9766669869422913,1.0793670415878296,0.9824792146682739,0.02333301305770874,-0.07936704158782959,0.017520785331726074,0.39115723967552185,-177.9164581298828,178.9036102294922,-0.39115723967552185,-0.67896968126297,0.3243120312690735,39764,-0.11388510465621948,-0.5323467254638672,-0.0327378511428833,0.1516645848751068,0.15246649086475372,0.020180940628051758,-2063.54296875,255.8769989013672,72.0977783203125
20251022_154205.900996,0.9766329526901245,1.0792864561080933,0.9824690222740173,0.02336704730987549,-0.07928645610809326,0.017530977725982666,0.4255034327507019,-177.91360473632812,178.87213134765625,-0.4255034327507019,-0.6531334519386292,0.327118456363678,39822,-0.11395135521888733,-0.5325570702552795,-0.006625056266784668,0.15188580751419067,0.1527700424194336,0.02246260643005371,-2061.44775390625,255.08372497558594,128.936767578125
20251022_154205.910826,0.9765632152557373,1.079185962677002,0.9825406074523926,0.023436784744262695,-0.07918596267700195,0.017459392547607422,0.2621701657772064,-178.1300506591797,178.8000946044922,-0.2621701657772064,-0.599722683429718,0.35144007205963135,39856,-0.11348605155944824,-0.5327669978141785,0.04653036594390869,0.15233910083770752,0.1530742645263672,0.04602670669555664,-2058.8349609375,254.29136657714844,160.78948974609375
20251022_154205.920582,0.9765731692314148,1.079084038734436,0.9824764132499695,0.023426830768585205,-0.07908403873443604,0.017523586750030518,0.3895508646965027,-178.519287109375,178.63710021972656,-0.3895508646965027,-0.6886064410209656,0.2990836501121521,39860,-0.11390331387519836,-0.5329768657684326,-0.04172623157501221,0.15227439999580383,0.15337888896465302,-0.006569623947143555,-2056.18505859375,253.50001525878906,163.07830810546875
20251022_154205.930447,0.97655189037323,1.0790146589279175,0.9824414253234863,0.02344810962677002,-0.07901465892791748,0.017558574676513672,0.35758769512176514,-178.9252166748047,178.54464721679688,-0.35758769512176514,-0.6700602769851685,0.3201403319835663,39809,-0.11413073539733887,-0.5331873893737793,-0.022742152214050293,0.15241271257400513,0.15368357300758362,0.014044046401977539,-2054.381103515625,252.70953369140625,111.0076904296875
20251022_154205.940237,0.9765477180480957,1.0789649486541748,0.9824223518371582,0.023452281951904297,-0.0789649486541748,0.017577648162841797,0.37396901845932007,-179.0991668701172,178.51954650878906,-0.37396901845932007,-0.6600506901741028,0.30918198823928833,39778,-0.11425471305847168,-0.5333982110023499,-0.01239776611328125,0.15243983268737793,0.15398842096328735,0.002753734588623047,-2053.088623046875,251.9196319580078,79.53643798828125
20251022_154205.950588,0.9765413999557495,1.0789778232574463,0.982373833656311,0.02345860004425049,-0.07897782325744629,0.017626166343688965,0.40301746129989624,-178.864990234375,178.5061798095703,-0.40301746129989624,-0.6797163486480713,0.31094419956207275,39677,-0.11457008123397827,-0.5336094498634338,-0.03153681755065918,0.15248090028762817,0.15429334342479706,0.004169940948486328,-2053.42333984375,251.12991333007812,-20.599365234375
20251022_154205.960407,0.9765352606773376,1.0790221691131592,0.9823291301727295,0.023464739322662354,-0.07902216911315918,0.017670869827270508,0.37978869676589966,-178.38719177246094,178.58926391601562,-0.37978869676589966,-0.677739143371582,0.3111710846424103,39624,-0.1148606538772583,-0.5338212251663208,-0.02905726432800293,0.1525208055973053,0.15459834039211273,0.004051923751831055,-2054.576416015625,250.3399200439453,-70.953369140625
20251022_154205.970564,0.9766369462013245,1.079154372215271,0.9822980165481567,0.023363053798675537,-0.079154372215271,0.01770198345184326,0.32795625925064087,-178.02072143554688,178.4554443359375,-0.32795625925064087,-0.6693201661109924,0.23965013027191162,39480,-0.1150628924369812,-0.5340334177017212,-0.02022385597229004,0.151859849691391,0.15490272641181946,-0.06711244583129883,-2058.013671875,249.5490264892578,-211.52496337890625
20251022_154205.980498,0.9765373468399048,1.0791070461273193,0.9821580648422241,0.023462653160095215,-0.07910704612731934,0.01784193515777588,0.24590648710727692,-177.65994262695312,178.86334228515625,-0.24590648710727692,-0.7411878705024719,0.3734499216079712,39767,-0.11597257852554321,-0.5342466831207275,-0.09096860885620117,0.1525072455406189,0.155207097530365,0.0657355785369873,-2056.783203125,248.75772094726562,75.72174072265625
20251022_154205.990594,0.9765031337738037,1.0790971517562866,0.9822004437446594,0.02349686622619629,-0.07909715175628662,0.017799556255340576,0.32015925645828247,-177.64772033691406,178.84768676757812,-0.32015925645828247,-0.622611403465271,0.33082258701324463,39707,-0.11569711565971375,-0.5344605445861816,0.027546286582946777,0.15272963047027588,0.15551233291625977,0.022580623626708984,-2056.52587890625,247.96670532226562,15.83099365234375
20251022_154206.000445,0.976496160030365,1.0790361166000366,0.982177734375,0.02350383996963501,-0.07903611660003662,0.017822265625,0.3234656751155853,-177.87538146972656,178.83050537109375,-0.3234656751155853,-0.6652801036834717,0.31319546699523926,39789,-0.1158447265625,-0.5346742868423462,-0.014761090278625488,0.15277495980262756,0.15581783652305603,0.004602670669555664,-2054.93896484375,247.17604064941406,97.65625
20251022_154206.010418,0.9764835238456726,1.0789883136749268,0.982173502445221,0.023516476154327393,-0.07898831367492676,0.017826497554779053,0.3372361361980438,-178.11376953125,178.80030822753906,-0.3372361361980438,-0.6535111665725708,0.31732043623924255,39769,-0.11587223410606384,-0.5348882079124451,-0.0027507543563842773,0.15285709500312805,0.15612347424030304,0.008339881896972656,-2053.696044921875,246.3859100341797,76.48468017578125
20251022_154206.020837,0.9764896035194397,1.0789161920547485,0.982172429561615,0.023510396480560303,-0.07891619205474854,0.01782757043838501,0.3149625062942505,-178.26931762695312,178.70492553710938,-0.3149625062942505,-0.6516786813735962,0.3052341341972351,39809,-0.11587920784950256,-0.535102128982544,-0.0006973743438720703,0.15281757712364197,0.15642914175987244,-0.004012584686279297,-2051.821044921875,245.5963897705078,115.39459228515625
20251022_154206.030321,0.9765031933784485,1.0788739919662476,0.9821537733078003,0.023496806621551514,-0.07887399196624756,0.017846226692199707,0.29441484808921814,-178.38072204589844,178.5987091064453,-0.29441484808921814,-0.6634432077407837,0.30049461126327515,39761,-0.1160004734992981,-0.5353161692619324,-0.012126564979553223,0.15272924304008484,0.15673469007015228,-0.008969306945800781,-2050.723876953125,244.8074493408203,67.5201416015625
20251022_154206.040439,0.9765073657035828,1.0788466930389404,0.9821296334266663,0.023492634296417236,-0.07884669303894043,0.01787036657333374,0.3366383910179138,-178.47450256347656,178.60595703125,-0.3366383910179138,-0.6673787236213684,0.30698850750923157,39737,-0.11615738272666931,-0.5355304479598999,-0.015690922737121582,0.15270212292671204,0.15704011917114258,-0.002753734588623047,-2050.013916015625,244.0188446044922,43.67828369140625
20251022_154206.050517,0.9765191078186035,1.0788261890411377,0.982124388217926,0.023480892181396484,-0.0788261890411377,0.017875611782073975,0.31207284331321716,-178.46327209472656,178.6049346923828,-0.31207284331321716,-0.6553457975387573,0.3022214472293854,39726,-0.11619147658348083,-0.5357449054718018,-0.0034093856811523438,0.15262579917907715,0.15734544396400452,-0.007749795913696289,-2049.48095703125,243.23046875,32.806396484375
20251022_154206.060564,0.9765461087226868,1.078813076019287,0.9820979833602905,0.023453891277313232,-0.07881307601928711,0.017902016639709473,0.3164573311805725,-178.51470947265625,178.5418243408203,-0.3164573311805725,-0.669485867023468,0.2922802269458771,39714,-0.11636310815811157,-0.5359596014022827,-0.01716315746307373,0.152450293302536,0.15765053033828735,-0.01782059669494629,-2049.139892578125,242.44227600097656,20.9808349609375
20251022_154206.070433,0.9767135381698608,1.078885793685913,0.98208087682724,0.02328646183013916,-0.07888579368591309,0.01791912317276001,0.3962707221508026,-178.67953491210938,178.15625,-0.3962707221508026,-0.6637680530548096,0.19881290197372437,39574,-0.11647430062294006,-0.5361745357513428,-0.011119246482849121,0.15136200189590454,0.15795433521270752,-0.1105034351348877,-2051.030517578125,241.65377807617188,-116.3482666015625
20251022_154206.080087,0.9765923023223877,1.0788331031799316,0.9820701479911804,0.023407697677612305,-0.07883310317993164,0.01792985200881958,0.3225299119949341,-178.43434143066406,178.49844360351562,-0.3225299119949341,-0.6599074006080627,0.3904235363006592,39775,-0.11654403805732727,-0.5363895893096924,-0.006973743438720703,0.15215003490447998,0.1582578420639038,0.08001565933227539,-2049.66064453125,240.8651885986328,84.3048095703125
20251022_154206.090548,0.9766355156898499,1.078873634338379,0.9820349812507629,0.023364484310150146,-0.0788736343383789,0.01796501874923706,0.298501580953598,-178.24761962890625,178.5802764892578,-0.298501580953598,-0.6762359738349915,0.2819101810455322,39624,-0.1167726218700409,-0.5366050004959106,-0.022858381271362305,0.15186914801597595,0.15856187045574188,-0.028520822525024414,-2050.714599609375,240.07666015625,-64.849853515625
20251022_154206.100637,0.9766636490821838,1.0789295434951782,0.9819881319999695,0.023336350917816162,-0.07892954349517822,0.018011868000030518,0.28506553173065186,-177.9131317138672,178.69961547851562,-0.28506553173065186,-0.6843500137329102,0.2919836640357971,39597,-0.11707714200019836,-0.5368208289146423,-0.03045201301574707,0.15168628096580505,0.15886542201042175,-0.018568038940429688,-2052.168212890625,239.2876434326172,-89.45465087890625
20251022_154206.110657,0.9768552184104919,1.0790388584136963,0.981959879398346,0.023144781589508057,-0.07903885841369629,0.018040120601654053,0.3529471158981323,-177.7698211669922,178.43032836914062,-0.3529471158981323,-0.6726621389389038,0.18317288160324097,39508,-0.11726078391075134,-0.5370371341705322,-0.01836419105529785,0.15044108033180237,0.1591675579547882,-0.1264357566833496,-2055.01025390625,238.497802734375,-174.90386962890625
20251022_154206.120429,0.9767442345619202,1.0789790153503418,0.9819552898406982,0.023255765438079834,-0.0789790153503418,0.018044710159301758,0.27331721782684326,-177.62301635742188,178.83724975585938,-0.27331721782684326,-0.657527506351471,0.38388097286224365,39780,-0.11729061603546143,-0.5372536778450012,-0.0029832124710083008,0.15116247534751892,0.15946915745735168,0.07324934005737305,-2053.454345703125,237.70770263671875,95.7489013671875
20251022_154206.130279,0.9769289493560791,1.078975796699524,0.9819628596305847,0.0230710506439209,-0.07897579669952393,0.018037140369415283,0.37603142857551575,-177.7679443359375,178.37432861328125,-0.37603142857551575,-0.6497911810874939,0.18782034516334534,39688,-0.11724141240119934,-0.5374701619148254,0.004920363426208496,0.14996182918548584,0.15977028012275696,-0.12191176414489746,-2053.37060546875,236.91793823242188,5.14984130859375
20251022_154206.140471,0.9769466519355774,1.0789220333099365,0.9819881916046143,0.023053348064422607,-0.07892203330993652,0.018011808395385742,0.3440002202987671,-178.19142150878906,178.27520751953125,-0.3440002202987671,-0.638297438621521,0.29823315143585205,39770,-0.11707675457000732,-0.5376864671707153,0.01646578311920166,0.14984676241874695,0.16007009148597717,-0.01168370246887207,-2051.972900390625,236.12844848632812,86.02142333984375
20251022_154206.150502,0.9769742488861084,1.0788460969924927,0.9820066094398499,0.0230257511138916,-0.07884609699249268,0.017993390560150146,0.3134770691394806,-178.5360107421875,178.14849853515625,-0.3134770691394806,-0.6428879499435425,0.29182299971580505,39806,-0.11695703864097595,-0.5379024744033813,0.011971592903137207,0.1496673822402954,0.1603696048259735,-0.018213987350463867,-2049.99853515625,235.339599609375,121.49810791015625
20251022_154206.160479,0.9770262241363525,1.0787975788116455,0.9820002913475037,0.02297377586364746,-0.07879757881164551,0.017999708652496338,0.3472364544868469,-178.8644561767578,177.97662353515625,-0.3472364544868469,-0.6592233180999756,0.27569448947906494,39763,-0.1169981062412262,-0.5381184220314026,-0.004106760025024414,0.1493295431137085,0.16066859662532806,-0.03430366516113281,-2048.737060546875,234.5513916015625,77.62908935546875
20251022_154206.170460,0.9771104454994202,1.078773021697998,0.9819925427436829,0.022889554500579834,-0.07877302169799805,0.01800745725631714,0.41322988271713257,-178.909423828125,177.96173095703125,-0.41322988271713257,-0.6604195237159729,0.2541627287864685,39724,-0.1170484721660614,-0.5383344888687134,-0.005036592483520508,0.14878210425376892,0.16096670925617218,-0.05558609962463379,-2048.0986328125,233.76353454589844,39.2913818359375
20251022_154206.180486,0.9771518707275391,1.0788347721099854,0.9819788336753845,0.022848129272460938,-0.07883477210998535,0.01802116632461548,0.3224252462387085,-178.7962188720703,178.08148193359375,-0.3224252462387085,-0.6645991206169128,0.28243619203567505,39584,-0.11713758111000061,-0.5385506749153137,-0.008910894393920898,0.1485128402709961,0.16126400232315063,-0.02734065055847168,-2049.7041015625,232.97549438476562,-98.8006591796875
20251022_154206.190154,0.9772273302078247,1.078880786895752,0.9819821715354919,0.022772669792175293,-0.07888078689575195,0.018017828464508057,0.39056888222694397,-178.4703826904297,178.1719512939453,-0.39056888222694397,-0.6537131667137146,0.2597796320915222,39607,-0.11711588501930237,-0.5387668609619141,0.0021696090698242188,0.1480223536491394,0.1615605354309082,-0.04980325698852539,-2050.900390625,232.18692016601562,-73.6236572265625
20251022_154206.200626,0.9772900342941284,1.07895827293396,0.9819528460502625,0.022709965705871582,-0.07895827293395996,0.01804715394973755,0.43485575914382935,-178.21490478515625,178.18963623046875,-0.43485575914382935,-0.6753513216972351,0.2680862545967102,39554,-0.11730650067329407,-0.5389832854270935,-0.019061565399169922,0.14761477708816528,0.16185617446899414,-0.04138469696044922,-2052.9150390625,231.39772033691406,-123.9776611328125
20251022_154206.210546,0.9773483872413635,1.07901132106781,0.9819408655166626,0.022651612758636475,-0.07901132106781006,0.018059134483337402,0.4143536686897278,-177.98899841308594,178.35433959960938,-0.4143536686897278,-0.6643716096878052,0.2708735764026642,39591,-0.11738437414169312,-0.5391998887062073,-0.007787346839904785,0.14723548293113708,0.1621510237455368,-0.0385129451751709,-2054.29443359375,230.60787963867188,-84.87701416015625
20251022_154206.220539,0.9774110317230225,1.0790263414382935,0.9819465279579163,0.02258896827697754,-0.07902634143829346,0.01805347204208374,0.43917495012283325,-177.88755798339844,178.43821716308594,-0.43917495012283325,-0.6530835628509521,0.26792803406715393,39651,-0.11734756827354431,-0.5394166111946106,0.003680586814880371,0.146828293800354,0.1624450981616974,-0.04134535789489746,-2054.684814453125,229.81768798828125,-24.0325927734375
20251022_154206.230079,0.9774788022041321,1.079014778137207,0.9819314479827881,0.02252119779586792,-0.07901477813720703,0.018068552017211914,0.41164979338645935,-177.94638061523438,178.46359252929688,-0.41164979338645935,-0.6668809056282043,0.2643975615501404,39693,-0.11744558811187744,-0.5396333336830139,-0.009801983833312988,0.14638778567314148,0.16273830831050873,-0.04472851753234863,-2054.38427734375,229.02748107910156,18.50128173828125
20251022_154206.240606,0.9775389432907104,1.0790009498596191,0.9819231033325195,0.02246105670928955,-0.07900094985961914,0.01807689666748047,0.3914664685726166,-178.09359741210938,178.47427368164062,-0.3914664685726166,-0.6627740263938904,0.26933443546295166,39696,-0.11749982833862305,-0.5398501753807068,-0.005424022674560547,0.14599686861038208,0.1630306988954544,-0.03969311714172363,-2054.024658203125,228.23739624023438,22.125244140625
20251022_154206.250717,0.977643609046936,1.0789108276367188,0.9819648861885071,0.022356390953063965,-0.07891082763671875,0.01803511381149292,0.41313445568084717,-178.26329040527344,178.23130798339844,-0.41313445568084717,-0.630136251449585,0.239559143781662,39819,-0.11722823977470398,-0.5400668382644653,0.02715885639190674,0.14531654119491577,0.16332200169563293,-0.06907939910888672,-2051.681640625,227.44784545898438,144.195556640625
20251022_154206.260730,0.977737307548523,1.0788606405258179,0.9819835424423218,0.02226269245147705,-0.07886064052581787,0.018016457557678223,0.34139084815979004,-178.42918395996094,178.14503479003906,-0.34139084815979004,-0.6452635526657104,0.24647851288318634,39756,-0.11710697412490845,-0.5402831435203552,0.012126564979553223,0.14470750093460083,0.1636120229959488,-0.06184101104736328,-2050.376708984375,226.6589813232422,80.29937744140625
20251022_154206.270438,0.9778016805648804,1.0788053274154663,0.9819965958595276,0.02219831943511963,-0.07880532741546631,0.018003404140472412,0.39765986800193787,-178.6732635498047,178.01193237304688,-0.39765986800193787,-0.649036705493927,0.2657039165496826,39765,-0.11702212691307068,-0.5404992699623108,0.008484721183776855,0.1442890763282776,0.16390103101730347,-0.04248619079589844,-2048.9384765625,225.8706512451172,88.5009765625
20251022_154206.280073,0.977885901927948,1.0788224935531616,0.9820466637611389,0.022114098072052002,-0.07882249355316162,0.017953336238861084,0.18270279467105865,-178.69569396972656,178.02943420410156,-0.18270279467105865,-0.6248675584793091,0.25234460830688477,39648,-0.11669668555259705,-0.5407150387763977,0.03254413604736328,0.143741637468338,0.16418905556201935,-0.05558609962463379,-2049.384765625,225.08251953125,-27.4658203125
20251022_154206.290460,0.9780039191246033,1.078837513923645,0.9819921851158142,0.02199608087539673,-0.07883751392364502,0.01800781488418579,0.34438037872314453,-178.7036590576172,177.9285430908203,-0.34438037872314453,-0.6933926939964294,0.22955894470214844,39650,-0.11705079674720764,-0.5409308075904846,-0.03541111946105957,0.14297452569007874,0.16447576880455017,-0.07789134979248047,-2049.775390625,224.29421997070312,-24.0325927734375
20251022_154206.300485,0.9780852198600769,1.0788527727127075,0.9820271134376526,0.021914780139923096,-0.07885277271270752,0.017972886562347412,0.14346736669540405,-178.69390869140625,177.9410858154297,-0.14346736669540405,-0.6352670192718506,0.2535487711429596,39648,-0.11682376265525818,-0.5411466956138611,0.02270340919494629,0.14244607090950012,0.16476120054721832,-0.053658485412597656,-2050.172119140625,223.50576782226562,-24.4140625
20251022_154206.310631,0.9782429337501526,1.078916072845459,0.9820373058319092,0.021757066249847412,-0.07891607284545898,0.01796269416809082,0.19666673243045807,-178.4080810546875,177.93695068359375,-0.19666673243045807,-0.6514947414398193,0.20237483084201813,39569,-0.11675751209259033,-0.5413622856140137,0.006625056266784668,0.14142093062400818,0.16504506766796112,-0.10409116744995117,-2051.81787109375,222.7169189453125,-101.28021240234375
20251022_154206.320397,0.9783580899238586,1.0789680480957031,0.9820449352264404,0.021641910076141357,-0.07896804809570312,0.01795506477355957,0.22378844022750854,-178.109619140625,177.97300720214844,-0.22378844022750854,-0.6533266305923462,0.22999650239944458,39585,-0.11670792102813721,-0.5415778160095215,0.0049591064453125,0.14067241549491882,0.16532716155052185,-0.0760030746459961,-2053.169189453125,221.92750549316406,-83.160400390625
20251022_154206.330403,0.9784494638442993,1.078995943069458,0.9820371866226196,0.021550536155700684,-0.07899594306945801,0.01796281337738037,0.2493339627981186,-177.78733825683594,178.10415649414062,-0.2493339627981186,-0.6635881662368774,0.24537959694862366,39622,-0.11675828695297241,-0.5417932868003845,-0.005036592483520508,0.14007848501205444,0.16560789942741394,-0.06030678749084473,-2053.89453125,221.13768005371094,-44.6319580078125
20251022_154206.340786,0.9786123633384705,1.0788606405258179,0.9820885062217712,0.02138763666152954,-0.07886064052581787,0.01791149377822876,0.1438325047492981,-177.45730590820312,178.99835205078125,-0.1438325047492981,-0.6250755190849304,0.19739297032356262,39886,-0.11642470955848694,-0.5420085787773132,0.03335773944854736,0.13901963829994202,0.1658869981765747,-0.1075136661529541,-2050.376708984375,220.348388671875,216.48406982421875
20251022_154206.350539,0.9787246584892273,1.0788542032241821,0.9820936322212219,0.021275341510772705,-0.07885420322418213,0.017906367778778076,0.08604113757610321,-177.64244079589844,179.09866333007812,-0.08604113757610321,-0.6552829742431641,0.23033922910690308,39679,-0.1163913905620575,-0.5422234535217285,0.003331899642944336,0.13828971982002258,0.1661643087863922,-0.07411479949951172,-2050.209228515625,219.559814453125,10.2996826171875
20251022_154206.360748,0.9788583517074585,1.0787378549575806,0.9821398258209229,0.021141648292541504,-0.07873785495758057,0.01786017417907715,0.05164359509944916,-178.1309051513672,179.08734130859375,-0.05164359509944916,-0.6285033822059631,0.21562321484088898,39857,-0.11609113216400146,-0.5424380898475647,0.030025839805603027,0.13742071390151978,0.16644002497196198,-0.08823752403259277,-2047.1842041015625,218.77186584472656,186.1572265625
20251022_154206.370232,0.9789870381355286,1.078668236732483,0.9821659922599792,0.021012961864471436,-0.07866823673248291,0.017834007740020752,0.04030630737543106,-178.5225830078125,178.79563903808594,-0.04030630737543106,-0.6415650844573975,0.21836523711681366,39783,-0.11592105031013489,-0.5426522493362427,0.017008185386657715,0.13658425211906433,0.16671402752399445,-0.08493304252624512,-2045.3741455078125,217.98483276367188,111.38916015625
20251022_154206.380527,0.9791767001152039,1.078598141670227,0.9820880889892578,0.020823299884796143,-0.07859814167022705,0.017911911010742188,-0.044817302376031876,-179.22544860839844,178.3192138671875,0.044817302376031876,-0.7099312543869019,0.17716050148010254,39785,-0.11642742156982422,-0.5428667068481445,-0.050637125968933105,0.13535144925117493,0.16698595881462097,-0.12517690658569336,-2043.5516357421875,217.19850158691406,112.152099609375
20251022_154206.390404,0.9792603850364685,1.0786559581756592,0.9822065234184265,0.020739614963531494,-0.07865595817565918,0.017793476581573486,0.06087896600365639,-178.60324096679688,178.62481689453125,-0.06087896600365639,-0.5817561745643616,0.24683156609535217,39578,-0.11565759778022766,-0.5430809259414673,0.07698237895965576,0.1348074972629547,0.16725611686706543,-0.05523204803466797,-2045.054931640625,216.4122314453125,-92.50640869140625
20251022_154206.400429,0.9794023036956787,1.0787250995635986,0.9821823239326477,0.02059769630432129,-0.07872509956359863,0.017817676067352295,0.03938031941652298,-178.27340698242188,178.752197265625,-0.03938031941652298,-0.6748391389846802,0.20774352550506592,39558,-0.11581489443778992,-0.5432946085929871,-0.015729665756225586,0.13388502597808838,0.1675248146057129,-0.09366631507873535,-2046.8525390625,215.6253204345703,-110.626220703125
20251022_154206.410951,0.9795562624931335,1.0788071155548096,0.9821780323982239,0.020443737506866455,-0.07880711555480957,0.017821967601776123,0.004514898639172316,-177.8924560546875,178.8911895751953,-0.004514898639172316,-0.6621407270431519,0.19906307756900787,39534,-0.1158427894115448,-0.5435084104537964,-0.0027894973754882812,0.13288429379463196,0.16779159009456635,-0.10161280632019043,-2048.985107421875,214.83766174316406,-131.2255859375
20251022_154206.420725,0.9796954393386841,1.0788593292236328,0.9821896553039551,0.020304560661315918,-0.07885932922363281,0.017810344696044922,0.049222394824028015,-177.65724182128906,179.04000854492188,-0.049222394824028015,-0.6519345641136169,0.20817936956882477,39580,-0.11576724052429199,-0.5437222123146057,0.007554888725280762,0.13197964429855347,0.1680564433336258,-0.09185671806335449,-2050.342529296875,214.04933166503906,-83.5418701171875
20251022_154206.430689,0.9798466563224792,1.078843355178833,0.9821433424949646,0.020153343677520752,-0.07884335517883301,0.0178566575050354,0.01908537559211254,-177.43531799316406,179.03640747070312,-0.01908537559211254,-0.6901078224182129,0.19951294362545013,39688,-0.1160682737827301,-0.5439362525939941,-0.030103325843811035,0.1309967339038849,0.16831941902637482,-0.09980320930480957,-2049.92724609375,213.2608184814453,25.5584716796875
20251022_154206.440888,0.980078399181366,1.0787663459777832,0.9820717573165894,0.019921600818634033,-0.0787663459777832,0.017928242683410645,-0.1310398429632187,-178.11233520507812,178.74534606933594,0.1310398429632187,-0.707214891910553,0.1451200246810913,39787,-0.11653357744216919,-0.5441509485244751,-0.04653036594390869,0.12949040532112122,0.16857990622520447,-0.15295028686523438,-2047.925048828125,212.47276306152344,123.2147216796875
20251022_154206.450576,0.9802393317222595,1.0787076950073242,0.9820064306259155,0.01976066827774048,-0.07870769500732422,0.017993569374084473,0.0023435812909156084,-178.39051818847656,178.61668395996094,-0.0023435812909156084,-0.7037870287895203,0.191066712141037,39759,-0.11695820093154907,-0.5443664789199829,-0.04246234893798828,0.1284443438053131,0.16883784532546997,-0.1062154769897461,-2046.4000244140625,211.68539428710938,93.841552734375
20251022_154206.460807,0.9803688526153564,1.0785962343215942,0.9820672869682312,0.019631147384643555,-0.07859623432159424,0.0179327130317688,0.015038853511214256,-178.62867736816406,178.41685485839844,-0.015038853511214256,-0.6215880513191223,0.21121256053447723,39845,-0.11656263470649719,-0.5445820093154907,0.03955662250518799,0.1276024580001831,0.16909389197826385,-0.08548378944396973,-2043.5020751953125,210.8988800048828,178.33709716796875
20251022_154206.470700,0.9805196523666382,1.0785086154937744,0.9820736646652222,0.019480347633361816,-0.07850861549377441,0.017926335334777832,-0.023121487349271774,-178.83233642578125,178.3645782470703,0.023121487349271774,-0.6571728587150574,0.19644254446029663,39809,-0.11652117967605591,-0.5447971820831299,0.004145503044128418,0.1266222596168518,0.1693481206893921,-0.09952783584594727,-2041.2239990234375,210.1133575439453,140.19012451171875
20251022_154206.480278,0.9806727170944214,1.0784716606140137,0.9820638298988342,0.019327282905578613,-0.07847166061401367,0.01793617010116577,-0.02549831010401249,-178.96990966796875,178.40187072753906,0.02549831010401249,-0.6679900884628296,0.19420498609542847,39728,-0.11658510565757751,-0.545012354850769,-0.0063925981521606445,0.125627338886261,0.16960036754608154,-0.10102272033691406,-2040.26318359375,209.3284454345703,59.1278076171875
20251022_154206.490861,0.98082035779953,1.078456163406372,0.9820857048034668,0.01917964220046997,-0.07845616340637207,0.017914295196533203,-0.009106677956879139,-178.92445373535156,178.4009552001953,0.009106677956879139,-0.6474516987800598,0.1970754712820053,39693,-0.11644291877746582,-0.5452274680137634,0.014218688011169434,0.12466767430305481,0.1698506623506546,-0.0974428653717041,-2039.8602294921875,208.54380798339844,24.7955322265625
20251022_154206.500343,0.9809752702713013,1.07843816280365,0.9820875525474548,0.01902472972869873,-0.0784381628036499,0.017912447452545166,-0.040241681039333344,-178.9073486328125,178.43089294433594,0.040241681039333344,-0.6606723070144653,0.19151750206947327,39697,-0.11643090844154358,-0.5454424023628235,0.001201033592224121,0.12366074323654175,0.17009899020195007,-0.10224223136901855,-2039.3922119140625,207.75933837890625,28.80096435546875
20251022_154206.510714,0.9811293482780457,1.0784209966659546,0.9820666313171387,0.018870651721954346,-0.07842099666595459,0.017933368682861328,-0.03938416764140129,-178.84107971191406,178.6108856201172,0.03938416764140129,-0.6758232116699219,0.19131305813789368,39695,-0.11656689643859863,-0.5456575155258179,-0.013598799705505371,0.12265923619270325,0.17034530639648438,-0.10169148445129395,-2038.9459228515625,206.9750518798828,27.4658203125
20251022_154206.520663,0.9812741875648499,1.0784430503845215,0.9820625185966492,0.018725812435150146,-0.07844305038452148,0.01793748140335083,-0.0029608123004436493,-178.57101440429688,178.7263946533203,0.0029608123004436493,-0.6651396155357361,0.19671353697776794,39631,-0.1165936291217804,-0.5458727478981018,-0.0026732683181762695,0.12171778082847595,0.17058968544006348,-0.09559392929077148,-2039.519287109375,206.1907196044922,-35.28594970703125
20251022_154206.530316,0.9814541935920715,1.078426480293274,0.982077956199646,0.018545806407928467,-0.07842648029327393,0.017922043800354004,0.023233240470290184,-178.14186096191406,178.68313598632812,-0.023233240470290184,-0.6525467038154602,0.1725757122039795,39692,-0.11649328470230103,-0.5460878610610962,0.010034441947937012,0.12054774165153503,0.17083194851875305,-0.1188039779663086,-2039.0885009765625,205.4063720703125,26.51214599609375
20251022_154206.540806,0.981601357460022,1.078391194343567,0.9820985198020935,0.018398642539978027,-0.0783911943435669,0.017901480197906494,0.08404369652271271,-177.9320068359375,178.7051544189453,-0.08404369652271271,-0.6492961049079895,0.19353511929512024,39722,-0.11635962128639221,-0.5463027954101562,0.013366341590881348,0.11959117650985718,0.1710720956325531,-0.09712815284729004,-2038.1710205078125,204.62228393554688,56.45751953125
20251022_154206.550496,0.9817653894424438,1.078323245048523,0.9821069836616516,0.018234610557556152,-0.07832324504852295,0.01789301633834839,0.04538823664188385,-177.95962524414062,178.79507446289062,-0.04538823664188385,-0.6573206782341003,0.18157407641410828,39776,-0.11630460619926453,-0.5465176105499268,0.005501508712768555,0.11852496862411499,0.1713102161884308,-0.1082611083984375,-2036.4044189453125,203.83871459960938,108.7188720703125
20251022_154206.560367,0.9819283485412598,1.0781961679458618,0.9821705222129822,0.018071651458740234,-0.07819616794586182,0.017829477787017822,0.023260721936821938,-178.4724578857422,178.67242431640625,-0.023260721936821938,-0.6213234663009644,0.18145893514156342,39873,-0.11589160561561584,-0.5467319488525391,0.041300058364868164,0.11746573448181152,0.17154620587825775,-0.10755300521850586,-2033.100341796875,203.05612182617188,203.3233642578125
20251022_154206.570456,0.9820688962936401,1.078026294708252,0.9822025895118713,0.017931103706359863,-0.07802629470825195,0.017797410488128662,0.10109338909387589,-179.01513671875,178.40711975097656,-0.10109338909387589,-0.6417850852012634,0.19557087123394012,39945,-0.1156831681728363,-0.5469456911087036,0.0208437442779541,0.11655217409133911,0.17178021371364594,-0.09276151657104492,-2028.6837158203125,202.27500915527344,271.79718017578125
20251022_154206.580212,0.9822214245796204,1.0779370069503784,0.9823060035705566,0.01777857542037964,-0.07793700695037842,0.01769399642944336,0.21676017343997955,-179.268310546875,178.2518310546875,-0.21676017343997955,-0.5949504971504211,0.1869044005870819,39817,-0.11501097679138184,-0.5471586585044861,0.06721913814544678,0.11556074023246765,0.1720123291015625,-0.10066866874694824,-2026.3621826171875,201.4951934814453,142.86041259765625
20251022_154206.590432,0.9823890924453735,1.077879548072815,0.9823313355445862,0.017610907554626465,-0.07787954807281494,0.01766866445541382,0.22108009457588196,-179.06748962402344,178.24072265625,-0.22108009457588196,-0.6457513570785522,0.17605246603488922,39767,-0.11484631896018982,-0.5473707914352417,0.01646578311920166,0.11447089910507202,0.17224235832691193,-0.11066079139709473,-2024.8682861328125,200.7161102294922,91.9342041015625
20251022_154206.600456,0.9825713038444519,1.077928066253662,0.9823500514030457,0.017428696155548096,-0.07792806625366211,0.017649948596954346,0.1586625874042511,-178.56394958496094,178.34814453125,-0.1586625874042511,-0.6501420736312866,0.16549712419509888,39596,-0.11472466588020325,-0.547582745552063,0.012165307998657227,0.11328652501106262,0.1724701225757599,-0.12025952339172363,-2026.1297607421875,199.93707275390625,-77.62908935546875
20251022_154206.610734,0.9827333092689514,1.0779664516448975,0.9823423027992249,0.017266690731048584,-0.07796645164489746,0.017657697200775146,0.1668049544095993,-178.06661987304688,178.51431274414062,-0.1668049544095993,-0.6676061749458313,0.17800554633140564,39610,-0.11477503180503845,-0.5477945804595947,-0.005036592483520508,0.1122334897518158,0.17269563674926758,-0.10692358016967773,-2027.127685546875,199.1575927734375,-61.4166259765625
20251022_154206.620476,0.9828848242759705,1.0779780149459839,0.982353687286377,0.01711517572402954,-0.07797801494598389,0.017646312713623047,0.14201635122299194,-177.71878051757812,178.7633819580078,-0.14201635122299194,-0.6553075313568115,0.18416786193847656,39652,-0.1147010326385498,-0.5480064153671265,0.007399916648864746,0.11124864220619202,0.1729191243648529,-0.09999990463256836,-2027.4283447265625,198.37786865234375,-18.50128173828125
20251022_154206.630343,0.9830601811408997,1.077897071838379,0.9823678731918335,0.016939818859100342,-0.0778970718383789,0.017632126808166504,0.15175876021385193,-177.5441131591797,178.72109985351562,-0.15175876021385193,-0.6536060571670532,0.16751377284526825,39801,-0.11460882425308228,-0.5482180714607239,0.00922083854675293,0.11010882258415222,0.1731404811143875,-0.11573553085327148,-2025.3238525390625,197.59849548339844,129.50897216796875
20251022_154206.640218,0.9832616448402405,1.077791690826416,0.9823006391525269,0.01673835515975952,-0.07779169082641602,0.017699360847473145,0.02168232388794422,-177.55441284179688,178.8095245361328,-0.02168232388794422,-0.707177996635437,0.1491926610469818,39842,-0.11504584550857544,-0.5484300255775452,-0.043702125549316406,0.10879930853843689,0.17335939407348633,-0.1329660415649414,-2022.583984375,196.82005310058594,168.609619140625
20251022_154206.650160,0.9834276437759399,1.0776395797729492,0.9823386669158936,0.01657235622406006,-0.07763957977294922,0.017661333084106445,0.044370170682668686,-177.96575927734375,178.64378356933594,-0.044370170682668686,-0.638722836971283,0.1717369258403778,39920,-0.1147986650466919,-0.5486422181129456,0.024718046188354492,0.10772031545639038,0.17357590794563293,-0.10955929756164551,-2018.6290283203125,196.04290771484375,243.377685546875
20251022_154206.660575,0.9834234714508057,1.0774296522140503,0.982379138469696,0.016576528549194336,-0.07742965221405029,0.017620861530303955,-0.04349345713853836,-178.16104125976562,178.79000854492188,0.04349345713853836,-0.6370829939842224,0.2842925488948822,40017,-0.11453559994697571,-0.5488539338111877,0.026306509971618652,0.10774743556976318,0.17379137873649597,0.002753734588623047,-2013.1708984375,195.26754760742188,335.88409423828125
20251022_154206.670604,0.9835838675498962,1.0773078203201294,0.9824162125587463,0.01641613245010376,-0.0773078203201294,0.017583787441253662,-0.06396632641553879,-178.34078979492188,178.60902404785156,0.06396632641553879,-0.6392616033554077,0.1748492568731308,39879,-0.1142946183681488,-0.549065113067627,0.02409815788269043,0.10670486092567444,0.17400582134723663,-0.10586142539978027,-2010.0032958984375,194.49386596679688,194.9310302734375
20251022_154206.680117,0.9839786291122437,1.0772161483764648,0.9824968576431274,0.016021370887756348,-0.07721614837646484,0.01750314235687256,-0.059008896350860596,-178.27593994140625,179.11886596679688,0.059008896350860596,-0.610626757144928,0.017812950536608696,39832,-0.11377042531967163,-0.5492756366729736,0.052419304847717285,0.10413891077041626,0.17421667277812958,-0.260542631149292,-2007.619873046875,193.72125244140625,146.67510986328125
20251022_154206.690782,0.9841464161872864,1.077089548110962,0.9826281070709229,0.015853583812713623,-0.07708954811096191,0.01737189292907715,-0.30002284049987793,-178.02142333984375,179.6003875732422,0.30002284049987793,-0.5770900845527649,0.16673268377780914,39891,-0.11291730403900146,-0.54948490858078,0.0853121280670166,0.10304829478263855,0.17442385852336884,-0.11073946952819824,-2004.3282470703125,192.94972229003906,202.5604248046875
20251022_154206.700483,0.9843520522117615,1.0770351886749268,0.9826558828353882,0.015647947788238525,-0.07703518867492676,0.017344117164611816,-0.24175477027893066,-177.68572998046875,179.54852294921875,0.24175477027893066,-0.644375741481781,0.14062049984931946,39776,-0.1127367615699768,-0.54969322681427,0.01805424690246582,0.10171166062355042,0.1746286153793335,-0.13571977615356445,-2002.9149169921875,192.17909240722656,86.97509765625
20251022_154206.710666,0.9845080375671387,1.077026605606079,0.9825612306594849,0.015491962432861328,-0.0770266056060791,0.017438769340515137,-0.29437902569770813,-177.26885986328125,179.7174530029297,0.29437902569770813,-0.7247778177261353,0.17257845401763916,39702,-0.11335200071334839,-0.5499019026756287,-0.0615239143371582,0.10069775581359863,0.17483103275299072,-0.1029503345489502,-2002.6917724609375,191.40878295898438,13.73291015625
20251022_154206.720141,0.9846558570861816,1.0769438743591309,0.982574999332428,0.01534414291381836,-0.07694387435913086,0.01742500066757202,-0.2625133693218231,-177.0572967529297,179.7427978515625,0.2625133693218231,-0.6544239521026611,0.17720751464366913,39822,-0.11326250433921814,-0.5501111149787903,0.008949637413024902,0.09973692893981934,0.17503146827220917,-0.09756088256835938,-2000.540771484375,190.63893127441406,132.3699951171875
20251022_154206.730228,0.9848407506942749,1.0768351554870605,0.9825906157493591,0.015159249305725098,-0.07683515548706055,0.01740938425064087,-0.09945818036794662,-177.739013671875,178.966552734375,0.09945818036794662,-0.6533304452896118,0.1517350673675537,39866,-0.11316099762916565,-0.5503200888633728,0.010150671005249023,0.09853512048721313,0.1752297282218933,-0.12202978134155273,-1997.7139892578125,189.8700408935547,173.9501953125
20251022_154206.741023,0.9850020408630371,1.0767165422439575,0.9826271533966064,0.01499795913696289,-0.07671654224395752,0.017372846603393555,-0.07839251309633255,-177.6561737060547,178.9748077392578,0.07839251309633255,-0.6397027969360352,0.16646097600460052,39884,-0.1129235029220581,-0.5505287647247314,0.023749470710754395,0.09748673439025879,0.17542575299739838,-0.10645151138305664,-1994.630126953125,189.10227966308594,189.78118896484375
20251022_154206.750843,0.9851582050323486,1.0766050815582275,0.9826415777206421,0.014841794967651367,-0.07660508155822754,0.01735842227935791,-0.0835522711277008,-177.82537841796875,178.943115234375,0.0835522711277008,-0.6541911363601685,0.1690230369567871,39874,-0.11282974481582642,-0.550737202167511,0.009375810623168945,0.09647166728973389,0.1756197214126587,-0.10306835174560547,-1991.732177734375,188.33567810058594,178.33709716796875
20251022_154206.760844,0.9853028655052185,1.0764373540878296,0.9826973080635071,0.014697134494781494,-0.07643735408782959,0.01730269193649292,-0.11956941336393356,-178.20254516601562,178.86044311523438,0.11956941336393356,-0.6271879076957703,0.17586718499660492,39968,-0.11246749758720398,-0.5509451627731323,0.03622472286224365,0.09553137421607971,0.17581172287464142,-0.09547591209411621,-1987.3712158203125,187.57046508789062,268.36395263671875
20251022_154206.770553,0.9854844212532043,1.0762605667114258,0.982760488986969,0.014515578746795654,-0.07626056671142578,0.017239511013031006,-0.09346835315227509,-178.77439880371094,178.60421752929688,0.09346835315227509,-0.6221415996551514,0.15052606165409088,39986,-0.11205682158470154,-0.5511524081230164,0.04106760025024414,0.09435126185417175,0.17600159347057343,-0.1198267936706543,-1982.7747802734375,186.80697631835938,282.85980224609375
20251022_154206.780214,0.9856606125831604,1.0761080980300903,0.9827960729598999,0.0143393874168396,-0.07610809803009033,0.017203927040100098,-0.16269893944263458,-179.152587890625,178.5130157470703,0.16269893944263458,-0.6400550007820129,0.1531088948249817,39951,-0.11182552576065063,-0.5513590574264526,0.023129582405090332,0.0932060182094574,0.17618915438652039,-0.1162862777709961,-1978.810546875,186.0451202392578,243.94989013671875
20251022_154206.790625,0.9858284592628479,1.0760691165924072,0.9828178882598877,0.0141715407371521,-0.07606911659240723,0.017182111740112305,-0.18668420612812042,-179.0570831298828,178.46998596191406,0.18668420612812042,-0.6490691304206848,0.15771068632602692,39769,-0.11168372631072998,-0.5515653491020203,0.01417994499206543,0.09211501479148865,0.17637448012828827,-0.11077880859375,-1977.7969970703125,185.28424072265625,62.37030029296875
20251022_154206.800126,0.9860101342201233,1.0760704278945923,0.9828281402587891,0.013989865779876709,-0.07607042789459229,0.017171859741210938,-0.1996125429868698,-178.45204162597656,178.56800842285156,0.1996125429868698,-0.6567248106002808,0.1475861817598343,39704,-0.1116170883178711,-0.5517715215682983,0.006663799285888672,0.09093412756919861,0.1765575259923935,-0.11990547180175781,-1977.8311767578125,184.52354431152344,-2.09808349609375
20251022_154206.810886,0.9861828088760376,1.0760825872421265,0.9828500151634216,0.013817191123962402,-0.07608258724212646,0.01714998483657837,-0.2048014998435974,-177.881591796875,178.6679229736328,0.2048014998435974,-0.6492336392402649,0.1525847464799881,39686,-0.1114749014377594,-0.5519773960113525,0.014218688011169434,0.08981174230575562,0.17673827707767487,-0.11396527290344238,-1978.147216796875,183.7627716064453,-19.4549560546875
20251022_154206.820931,0.9863477349281311,1.0760343074798584,0.9828371405601501,0.013652265071868896,-0.0760343074798584,0.017162859439849854,-0.231904074549675,-177.6624298095703,178.84164428710938,0.231904074549675,-0.672110378742218,0.1568053513765335,39783,-0.11155858635902405,-0.5521833300590515,-0.008368492126464844,0.08873972296714783,0.17691682279109955,-0.10885119438171387,-1976.8919677734375,183.002197265625,77.24761962890625
20251022_154206.830394,0.9865638017654419,1.0758368968963623,0.9829187393188477,0.013436198234558105,-0.0758368968963623,0.017081260681152344,-0.15802240371704102,-177.85272216796875,178.6023712158203,0.15802240371704102,-0.6103777885437012,0.12182407826185226,40026,-0.11102819442749023,-0.5523887872695923,0.05303919315338135,0.08733528852462769,0.17709289491176605,-0.14260411262512207,-1971.75927734375,182.2428436279297,315.85693359375
20251022_154206.840586,0.986714243888855,1.0756702423095703,0.9829551577568054,0.01328575611114502,-0.07567024230957031,0.01704484224319458,-0.16525615751743317,-178.38987731933594,178.5008544921875,0.16525615751743317,-0.6397129893302917,0.16433221101760864,39980,-0.11079147458076477,-0.5525935292243958,0.023671984672546387,0.08635741472244263,0.17726659774780273,-0.09929180145263672,-1967.42626953125,181.4853057861328,266.6473388671875
20251022_154206.850396,0.9868539571762085,1.075548529624939,0.9830161929130554,0.013146042823791504,-0.07554852962493896,0.01698380708694458,-0.1813189536333084,-178.67564392089844,178.52243041992188,0.1813189536333084,-0.6235195994377136,0.17067690193653107,39911,-0.11039474606513977,-0.5527976751327515,0.0396728515625,0.08544927835464478,0.1774383932352066,-0.09221076965332031,-1964.26171875,180.7292022705078,194.74029541015625
20251022_154206.860385,0.9870235919952393,1.075430989265442,0.9830650091171265,0.012976408004760742,-0.0754309892654419,0.016934990882873535,-0.09651787579059601,-178.94798278808594,178.38543701171875,0.09651787579059601,-0.6313481330871582,0.1499958634376526,39906,-0.11007744073867798,-0.5530012249946594,0.0317305326461792,0.08434665203094482,0.1776081919670105,-0.11195898056030273,-1961.2056884765625,179.97430419921875,188.0645751953125
20251022_154206.870717,0.987046480178833,1.075249195098877,0.9831253886222839,0.012953519821166992,-0.07524919509887695,0.016874611377716064,-0.136857271194458,-178.86520385742188,178.50164794921875,0.136857271194458,-0.6236423850059509,0.24686841666698456,40013,-0.10968497395515442,-0.5532040596008301,0.03924667835235596,0.08419787883758545,0.1777767390012741,-0.015106201171875,-1956.4791259765625,179.22091674804688,290.87066650390625
20251022_154206.880401,0.9872351884841919,1.0751975774765015,0.9831714034080505,0.012764811515808105,-0.07519757747650146,0.016828596591949463,-0.22038286924362183,-178.70489501953125,178.49656677246094,0.22038286924362183,-0.6328825354576111,0.13636770844459534,39805,-0.10938587784767151,-0.553406298160553,0.029909610748291016,0.08297127485275269,0.17794391512870789,-0.12454748153686523,-1955.136962890625,178.4686737060547,82.58819580078125
20251022_154206.891047,0.9874213337898254,1.0751596689224243,0.9832014441490173,0.01257866621017456,-0.07515966892242432,0.016798555850982666,-0.25252845883369446,-178.48236083984375,178.64414978027344,0.25252845883369446,-0.6432721614837646,0.13701407611370087,39784,-0.10919061303138733,-0.5536080598831177,0.01952648162841797,0.08176133036613464,0.17810864746570587,-0.12285590171813965,-1954.1513671875,177.71688842773438,60.6536865234375
20251022_154206.900775,0.9875986576080322,1.0751487016677856,0.9832152724266052,0.012401342391967773,-0.07514870166778564,0.016784727573394775,-0.23532669246196747,-178.25265502929688,178.74978637695312,0.23532669246196747,-0.653921902179718,0.14184601604938507,39740,-0.10910072922706604,-0.5538095235824585,0.008988380432128906,0.08060872554779053,0.17827101051807404,-0.11703372001647949,-1953.8662109375,176.96534729003906,17.547607421875
20251022_154206.910672,0.9879246354103088,1.0751874446868896,0.983222246170044,0.012075364589691162,-0.07518744468688965,0.016777753829956055,-0.17993488907814026,-178.18710327148438,178.52239990234375,0.17993488907814026,-0.6585333943367004,0.041774630546569824,39659,-0.10905539989471436,-0.5540109276771545,0.004532933235168457,0.07848986983299255,0.17843011021614075,-0.21514534950256348,-1954.87353515625,176.2136688232422,-61.98883056640625
20251022_154206.920759,0.9881619811058044,1.074987769126892,0.9833568930625916,0.011838018894195557,-0.07498776912689209,0.016643106937408447,-0.3385346531867981,-177.80892944335938,179.40292358398438,0.3385346531867981,-0.5748711824417114,0.09888450801372528,40045,-0.10818019509315491,-0.554211437702179,0.08752048015594482,0.07694712281227112,0.17858554422855377,-0.1566481590270996,-1949.6820068359375,175.46278381347656,319.48089599609375
20251022_154206.930163,0.9883411526679993,1.074834942817688,0.9834704399108887,0.011658847332000732,-0.07483494281768799,0.016529560089111328,-0.4926464557647705,-177.6300811767578,179.80880737304688,0.4926464557647705,-0.5880471467971802,0.1362675577402115,39973,-0.10744214057922363,-0.554410457611084,0.07380545139312744,0.07578250765800476,0.1787382811307907,-0.11825323104858398,-1945.70849609375,174.71368408203125,244.5220947265625
20251022_154206.940815,0.9885298609733582,1.0747796297073364,0.9834274649620056,0.011470139026641846,-0.07477962970733643,0.016572535037994385,-0.5440185070037842,-177.44749450683594,179.7594757080078,0.5440185070037842,-0.6902642846107483,0.1288970410823822,39818,-0.1077214777469635,-0.5546091198921204,-0.027933716773986816,0.074555903673172,0.17888861894607544,-0.12454748153686523,-1944.2703857421875,173.96560668945312,88.5009765625
20251022_154206.950057,0.9887416958808899,1.0745929479599,0.9834510684013367,0.011258304119110107,-0.0745929479598999,0.01654893159866333,-0.3844175636768341,-177.33840942382812,179.4530487060547,0.3844175636768341,-0.6470336318016052,0.11240428686141968,40032,-0.10756805539131165,-0.5548078417778015,0.015342235565185547,0.0731789767742157,0.17903634905815125,-0.13981103897094727,-1939.4166259765625,173.21873474121094,298.6907958984375
20251022_154206.960562,0.9889399409294128,1.0743886232376099,0.9835832118988037,0.011060059070587158,-0.07438862323760986,0.01641678810119629,-0.4320458173751831,-178.6105194091797,178.70433044433594,0.4320458173751831,-0.5758214592933655,0.12023007124662399,40065,-0.10670912265777588,-0.5550056099891663,0.08589327335357666,0.07189038395881653,0.17918142676353455,-0.13084173202514648,-1934.104248046875,172.4738311767578,326.9195556640625
20251022_154206.970701,0.9891179203987122,1.0742841958999634,0.9836471080780029,0.010882079601287842,-0.07428419589996338,0.01635289192199707,-0.4466688930988312,-178.90362548828125,178.5484619140625,0.4466688930988312,-0.619963526725769,0.132591113448143,39907,-0.10629379749298096,-0.5552022457122803,0.04153251647949219,0.07073351740837097,0.17932404577732086,-0.11746644973754883,-1931.3890380859375,171.73046875,167.083740234375
20251022_154206.980305,0.9893242716789246,1.0742311477661133,0.9835991859436035,0.01067572832107544,-0.07423114776611328,0.016400814056396484,-0.31031113862991333,-179.0723419189453,178.3922119140625,0.31031113862991333,-0.693153440952301,0.11266455799341202,39825,-0.10660529136657715,-0.5553987622261047,-0.03114938735961914,0.06939223408699036,0.1794641762971878,-0.13619184494018555,-1930.0098876953125,170.98789978027344,84.87701416015625
20251022_154206.990694,0.9895117878913879,1.0742002725601196,0.9835962057113647,0.01048821210861206,-0.07420027256011963,0.016403794288635254,-0.29518479108810425,-178.90447998046875,178.49423217773438,0.29518479108810425,-0.6641573905944824,0.12401441484689713,39790,-0.10662466287612915,-0.5555955767631531,-0.0019371509552001953,0.0681733787059784,0.1796017289161682,-0.12376070022583008,-1929.20703125,170.24574279785156,49.40032958984375
20251022_154207.000871,0.9896867871284485,1.0742055177688599,0.9836094379425049,0.010313212871551514,-0.07420551776885986,0.016390562057495117,-0.31833499670028687,-178.37734985351562,178.66053771972656,0.31833499670028687,-0.653730034828186,0.1312733292579651,39731,-0.10653865337371826,-0.5557923316955566,0.008600950241088867,0.06703588366508484,0.1797369420528412,-0.11549949645996094,-1929.343505859375,169.5037078857422,-8.392333984375
20251022_154207.011116,0.9898272156715393,1.0742219686508179,0.9836000204086304,0.010172784328460693,-0.07422196865081787,0.01639997959136963,-0.27600961923599243,-177.78318786621094,178.94143676757812,0.27600961923599243,-0.6687103509902954,0.1533103585243225,39712,-0.10659986734390259,-0.5559890866279602,-0.006121397018432617,0.0661230981349945,0.1798700988292694,-0.0926828384399414,-1929.771240234375,168.76156616210938,-26.3214111328125
20251022_154207.020599,0.9900004863739014,1.0741848945617676,0.9836046695709229,0.009999513626098633,-0.07418489456176758,0.01639533042907715,-0.2356846183538437,-177.5472869873047,179.05795288085938,0.2356846183538437,-0.6597335338592529,0.13063940405845642,39798,-0.10656964778900146,-0.5561858415603638,0.0030219554901123047,0.06499683856964111,0.18000122904777527,-0.11435866355895996,-1928.8072509765625,168.01953125,59.31854248046875
20251022_154207.030335,0.9901671409606934,1.0740941762924194,0.9836513996124268,0.00983285903930664,-0.07409417629241943,0.016348600387573242,-0.29000571370124817,-177.82313537597656,179.07421875,0.29000571370124817,-0.6322737336158752,0.13405169546604156,39885,-0.10626590251922607,-0.5563823580741882,0.030374526977539062,0.06391358375549316,0.18013013899326324,-0.10999202728271484,-1926.4486083984375,167.27813720703125,145.14923095703125
20251022_154207.040625,0.9903694987297058,1.073937177658081,0.983735978603363,0.00963050127029419,-0.07393717765808105,0.016264021396636963,-0.30863726139068604,-178.1155548095703,178.86280822753906,0.30863726139068604,-0.6073178052902222,0.10929877310991287,39995,-0.10571613907814026,-0.5565779805183411,0.05497634410858154,0.06259825825691223,0.180256649851799,-0.13355612754821777,-1922.3665771484375,166.53797912597656,251.19781494140625
20251022_154207.050421,0.9905419945716858,1.0737794637680054,0.9837960004806519,0.009458005428314209,-0.07377946376800537,0.016203999519348145,-0.3011409342288971,-178.4052734375,178.68496704101562,0.3011409342288971,-0.6230846047401428,0.12801049649715424,39999,-0.10532599687576294,-0.5567728281021118,0.039014220237731934,0.06147703528404236,0.180380716919899,-0.11384725570678711,-1918.26611328125,165.7993927001953,252.34222412109375
20251022_154207.060711,0.9907057285308838,1.0736336708068848,0.9839605093002319,0.009294271469116211,-0.07363367080688477,0.016039490699768066,-0.09700755029916763,-178.73216247558594,178.49147033691406,0.09700755029916763,-0.5542922616004944,0.13285095989704132,39983,-0.10425668954849243,-0.5569663047790527,0.10693073272705078,0.06041276454925537,0.18050260841846466,-0.10806441307067871,-1914.4754638671875,165.0623321533203,233.26873779296875
20251022_154207.070670,0.990897536277771,1.073557734489441,0.9840065836906433,0.009102463722229004,-0.07355773448944092,0.01599341630935669,-0.12568286061286926,-178.8969268798828,178.4261474609375,0.12568286061286926,-0.6311673521995544,0.11319509148597717,39873,-0.10395720601081848,-0.5571584701538086,0.02994835376739502,0.059166014194488525,0.1806221902370453,-0.12659311294555664,-1912.5010986328125,164.3263702392578,121.49810791015625
20251022_154207.080168,0.9910996556282043,1.073538899421692,0.9840281009674072,0.008900344371795654,-0.0735388994216919,0.015971899032592773,-0.10626973956823349,-178.84033203125,178.47889709472656,0.10626973956823349,-0.6471813917160034,0.10519267618656158,39781,-0.10381734371185303,-0.5573502779006958,0.01398622989654541,0.05785223841667175,0.18073920905590057,-0.13339877128601074,-1912.0113525390625,163.5908966064453,30.1361083984375
20251022_154207.090479,0.9912932515144348,1.073529839515686,0.9840433597564697,0.008706748485565186,-0.07352983951568604,0.015956640243530273,-0.09676960110664368,-178.5684814453125,178.60400390625,0.09676960110664368,-0.6513417959213257,0.10967423021793365,39765,-0.10371816158294678,-0.5575418472290039,0.009918212890625,0.056593865156173706,0.18085364997386932,-0.12777328491210938,-1911.77587890625,162.8555450439453,14.495849609375
20251022_154207.100757,0.991511881351471,1.0735466480255127,0.9840186238288879,0.008488118648529053,-0.0735466480255127,0.01598137617111206,-0.23912480473518372,-178.09112548828125,178.8700714111328,0.23912480473518372,-0.6776907444000244,0.09184250235557556,39723,-0.1038789451122284,-0.5577334761619568,-0.01607835292816162,0.05517277121543884,0.18096542358398438,-0.14429569244384766,-1912.212890625,162.1201629638672,-26.89361572265625
20251022_154207.110865,0.9917023777961731,1.073471188545227,0.9840457439422607,0.008297622203826904,-0.07347118854522705,0.015954256057739258,-0.16834290325641632,-177.80641174316406,178.8326873779297,0.16834290325641632,-0.6439996957778931,0.10928142070770264,39871,-0.10370266437530518,-0.5579251050949097,0.017628073692321777,0.05393454432487488,0.18107452988624573,-0.12572765350341797,-1910.2508544921875,161.38507080078125,120.73516845703125
20251022_154207.120783,0.991917073726654,1.0733457803726196,0.9841059446334839,0.008082926273345947,-0.07334578037261963,0.015894055366516113,-0.18499186635017395,-177.74826049804688,178.69676208496094,0.18499186635017395,-0.6222971081733704,0.09202070534229279,39954,-0.10331135988235474,-0.5581161975860596,0.039130449295043945,0.05253902077674866,0.18118099868297577,-0.14169931411743164,-1906.990234375,160.65098571777344,200.653076171875
20251022_154207.130581,0.9920997619628906,1.0731956958770752,0.9841432571411133,0.007900238037109375,-0.0731956958770752,0.01585674285888672,-0.16664627194404602,-177.94102478027344,178.54092407226562,0.16664627194404602,-0.637122392654419,0.11206220090389252,39996,-0.10306882858276367,-0.5583066940307617,0.024253129959106445,0.05135154724121094,0.18128488957881927,-0.1205742359161377,-1903.088134765625,159.9182891845703,240.13519287109375
20251022_154207.140797,0.992289125919342,1.0731176137924194,0.9841713309288025,0.007710874080657959,-0.07311761379241943,0.01582866907119751,-0.2535676062107086,-178.14547729492188,178.55908203125,0.2535676062107086,-0.6431351900100708,0.10652683675289154,39883,-0.10288634896278381,-0.5584967732429504,0.01824796199798584,0.05012068152427673,0.18138636648654938,-0.12498021125793457,-1901.0579833984375,159.1867218017578,124.93133544921875
20251022_154207.150813,0.9924952387809753,1.073028564453125,0.9842188358306885,0.007504761219024658,-0.073028564453125,0.015781164169311523,-0.24865411221981049,-178.3985137939453,178.46241760253906,0.24865411221981049,-0.6303858160972595,0.09423172473907471,39902,-0.1025775671005249,-0.5586864352226257,0.030878186225891113,0.04878094792366028,0.18148526549339294,-0.13603448867797852,-1898.74267578125,158.45599365234375,142.47894287109375
20251022_154207.160626,0.9926620721817017,1.0729161500930786,0.9842708706855774,0.00733792781829834,-0.07291615009307861,0.015729129314422607,-0.19967468082904816,-178.5619659423828,178.34886169433594,0.19967468082904816,-0.6272922158241272,0.1191682294011116,39941,-0.10223934054374695,-0.5588755011558533,0.03382265567779541,0.04769653081893921,0.18158173561096191,-0.11011004447937012,-1895.8199462890625,157.72625732421875,179.86297607421875
20251022_154207.170663,0.9928938150405884,1.0726673603057861,0.9844924807548523,0.007106184959411621,-0.07266736030578613,0.015507519245147705,-0.48861077427864075,-178.4484405517578,179.1329803466797,0.48861077427864075,-0.515815258026123,0.07491554319858551,40165,-0.10079887509346008,-0.5590628981590271,0.14404654502868652,0.04619020223617554,0.18167562782764435,-0.15295028686523438,-1889.351318359375,156.99835205078125,398.06365966796875
20251022_154207.180709,0.993135392665863,1.0725010633468628,0.984539270401001,0.006864607334136963,-0.07250106334686279,0.015460729598999023,-0.5329554677009583,-179.055908203125,178.67587280273438,0.5329554677009583,-0.6293302178382874,0.0669451579451561,40037,-0.10049474239349365,-0.5592487454414368,0.030413269996643066,0.04461994767189026,0.18176643550395966,-0.15944123268127441,-1885.027587890625,156.2725067138672,266.07513427734375
20251022_154207.191198,0.9933205246925354,1.0724589824676514,0.9845486879348755,0.0066794753074646,-0.07245898246765137,0.015451312065124512,-0.5074175596237183,-178.81520080566406,178.7606201171875,0.5074175596237183,-0.6537463665008545,0.10308393090963364,39838,-0.10043352842330933,-0.5594342350959778,0.006121397018432617,0.0434165894985199,0.1818544715642929,-0.12218713760375977,-1883.93359375,155.54769897460938,67.32940673828125
20251022_154207.200922,0.9935183525085449,1.0724836587905884,0.9845539927482605,0.006481647491455078,-0.07248365879058838,0.015446007251739502,-0.4883021414279938,-178.35256958007812,178.95513916015625,0.4883021414279938,-0.6565704941749573,0.09350437670946121,39730,-0.10039904713630676,-0.5596196055412292,0.0034481287002563477,0.04213070869445801,0.1819400191307068,-0.13056635856628418,-1884.5750732421875,154.822998046875,-39.48211669921875
20251022_154207.210689,0.9936683177947998,1.0725984573364258,0.9844442009925842,0.006331682205200195,-0.07259845733642578,0.015555799007415771,-0.22050565481185913,-177.1121826171875,179.74803161621094,0.22050565481185913,-0.7322829365730286,0.12420215457677841,39582,-0.10111269354820251,-0.5598056316375732,-0.0713646411895752,0.04115593433380127,0.1820233166217804,-0.09897708892822266,-1887.5599365234375,154.0975799560547,-183.67767333984375
20251022_154207.221082,0.9938505291938782,1.0724529027938843,0.9845374822616577,0.006149470806121826,-0.07245290279388428,0.015462517738342285,-0.2234690636396408,-177.74766540527344,179.1886444091797,0.2234690636396408,-0.5998652577400208,0.10181647539138794,40002,-0.10050636529922485,-0.559991717338562,0.06063282489776611,0.03997156023979187,0.1821044385433197,-0.12025952339172363,-1883.7755126953125,153.37232971191406,232.88726806640625
20251022_154207.230544,0.9940213561058044,1.0723011493682861,0.9846071004867554,0.005978643894195557,-0.07230114936828613,0.015392899513244629,-0.23209314048290253,-178.02935791015625,178.98268127441406,0.23209314048290253,-0.6149788498878479,0.10829869657754898,40015,-0.10005384683609009,-0.5601768493652344,0.04525184631347656,0.03886118531227112,0.18218326568603516,-0.11274576187133789,-1879.829833984375,152.6485595703125,242.80548095703125
20251022_154207.240442,0.9942029118537903,1.0721014738082886,0.9846810102462769,0.005797088146209717,-0.07210147380828857,0.015318989753723145,-0.3004264831542969,-178.6125030517578,178.7955322265625,0.3004264831542969,-0.6118932366371155,0.10011409223079681,40096,-0.09957343339920044,-0.5603611469268799,0.048041343688964844,0.03768107295036316,0.18225981295108795,-0.1198267936706543,-1874.6383056640625,151.92654418945312,319.48089599609375
20251022_154207.250642,0.9943807721138,1.0719225406646729,0.9847450256347656,0.005619227886199951,-0.07192254066467285,0.015254974365234375,-0.290838360786438,-179.00381469726562,178.6164093017578,0.290838360786438,-0.618091881275177,0.10147123038768768,40067,-0.09915733337402344,-0.5605445504188538,0.041610002517700195,0.03652498126029968,0.1823340207338333,-0.11738777160644531,-1869.986083984375,151.2064208984375,286.29302978515625
20251022_154207.260721,0.9945845007896423,1.0718151330947876,0.9847997426986694,0.005415499210357666,-0.0718151330947876,0.015200257301330566,-0.28654929995536804,-179.09774780273438,178.53610229492188,0.28654929995536804,-0.6239628791809082,0.08314556628465652,39955,-0.09880167245864868,-0.5607272982597351,0.035566091537475586,0.03520074486732483,0.1824057400226593,-0.1344609260559082,-1867.1934814453125,150.48773193359375,171.85211181640625
20251022_154207.270811,0.9948114156723022,1.071730613708496,0.9848548769950867,0.005188584327697754,-0.0717306137084961,0.01514512300491333,-0.1229640394449234,-178.8701629638672,178.45265197753906,0.1229640394449234,-0.6235153675079346,0.06643664836883545,39920,-0.09844329953193665,-0.5609093904495239,0.03583729267120361,0.0337257981300354,0.18247467279434204,-0.149763822555542,-1864.9959716796875,149.77000427246094,135.23101806640625
20251022_154207.280587,0.9950246214866638,1.0717130899429321,0.9848930239677429,0.004975378513336182,-0.07171308994293213,0.01510697603225708,-0.16778968274593353,-178.52743530273438,178.52024841308594,0.16778968274593353,-0.6344906687736511,0.07416485995054245,39812,-0.09819534420967102,-0.561090886592865,0.0247955322265625,0.03233996033668518,0.18254072964191437,-0.1407158374786377,-1864.540283203125,149.0527801513672,28.03802490234375
20251022_154207.290938,0.9952319860458374,1.0716863870620728,0.9849276542663574,0.004768013954162598,-0.07168638706207275,0.015072345733642578,-0.16057385504245758,-178.07923889160156,178.50778198242188,0.16057385504245758,-0.6367325186729431,0.07673554867506027,39827,-0.09797024726867676,-0.5612719655036926,0.02250969409942627,0.030992090702056885,0.18260407447814941,-0.13686060905456543,-1863.8460693359375,148.33578491210938,42.724609375
20251022_154207.300927,0.9954045414924622,1.0716432332992554,0.9849655628204346,0.004595458507537842,-0.07164323329925537,0.01503443717956543,-0.11618230491876602,-177.82809448242188,178.5850067138672,0.11618230491876602,-0.6345358490943909,0.09864881634712219,39853,-0.09772384166717529,-0.5614525675773621,0.024640560150146484,0.02987048029899597,0.1826649308204651,-0.11388659477233887,-1862.72412109375,147.619140625,69.0460205078125
20251022_154207.310775,0.9955787062644958,1.0715879201889038,0.9850175380706787,0.00442129373550415,-0.07158792018890381,0.014982461929321289,-0.06667159497737885,-177.75172424316406,178.61216735839844,0.06667159497737885,-0.6252347826957703,0.09651319682598114,39874,-0.09738600254058838,-0.5616326928138733,0.033783912658691406,0.028738409280776978,0.1827235370874405,-0.11494874954223633,-1861.285888671875,146.90298461914062,88.5009765625
20251022_154207.320768,0.9957492351531982,1.0714789628982544,0.9852246642112732,0.004250764846801758,-0.0714789628982544,0.014775335788726807,-0.0026056384667754173,-177.73167419433594,178.6057891845703,0.0026056384667754173,-0.5232189297676086,0.09786081314086914,39962,-0.09603968262672424,-0.5618112683296204,0.13463199138641357,0.027629971504211426,0.18277990818023682,-0.1125490665435791,-1858.4530029296875,146.18765258789062,174.3316650390625
20251022_154207.330655,0.9958519339561462,1.071307897567749,0.9851914644241333,0.00414806604385376,-0.07130789756774902,0.0148085355758667,-0.2316860407590866,-177.66441345214844,178.9756317138672,0.2316860407590866,-0.6798241138458252,0.1420157253742218,40065,-0.09625548124313354,-0.5619887709617615,-0.021579861640930176,0.02696242928504944,0.18283450603485107,-0.06778120994567871,-1854.00537109375,145.4737091064453,273.70452880859375
20251022_154207.340996,0.9961571097373962,1.0712581872940063,0.9852456450462341,0.0038428902626037598,-0.07125818729400635,0.01475435495376587,-0.12527285516262054,-177.85845947265625,178.65760803222656,0.12527285516262054,-0.6228520274162292,0.0064492132514715195,39871,-0.09590330719947815,-0.5621660947799683,0.03521740436553955,0.02497878670692444,0.18288643658161163,-0.201416015625,-1852.712890625,144.76087951660156,79.53643798828125
20251022_154207.350653,0.9962583780288696,1.0713104009628296,0.9852815866470337,0.003741621971130371,-0.07131040096282959,0.014718413352966309,0.16302767395973206,-177.2457733154297,178.8467559814453,-0.16302767395973206,-0.6346505880355835,0.14041921496391296,39706,-0.095669686794281,-0.5623429417610168,0.023362040519714355,0.024320542812347412,0.18293574452400208,-0.06683707237243652,-1854.0704345703125,144.04803466796875,-83.5418701171875
20251022_154207.360631,0.9965429902076721,1.0709819793701172,0.985392689704895,0.003457009792327881,-0.07098197937011719,0.01460731029510498,-0.019296910613775253,-178.30038452148438,178.34463500976562,0.019296910613775253,-0.5852494239807129,0.01760905794799328,40323,-0.09494751691818237,-0.5625188946723938,0.07221698760986328,0.022470563650131226,0.18298253417015076,-0.18784403800964355,-1845.531494140625,143.33657836914062,525.4745483398438
20251022_154207.370582,0.9967319369316101,1.0708860158920288,0.9854609370231628,0.0032680630683898926,-0.07088601589202881,0.014539062976837158,-0.06554154306650162,-178.54006958007812,178.1676483154297,0.06554154306650162,-0.6128369569778442,0.07956381887197495,39953,-0.09450390934944153,-0.5626937747001648,0.04436075687408447,0.021242409944534302,0.1830262392759323,-0.12470483779907227,-1843.036376953125,142.6272430419922,153.54156494140625
20251022_154207.380609,0.9969369769096375,1.0708215236663818,0.9855397343635559,0.003063023090362549,-0.07082152366638184,0.014460265636444092,-0.07839035987854004,-178.59530639648438,178.15191650390625,0.07839035987854004,-0.60564124584198,0.06765066087245941,39903,-0.0939917266368866,-0.5628677606582642,0.051218271255493164,0.019909650087356567,0.18306739628314972,-0.13532638549804688,-1841.359619140625,141.918701171875,103.18756103515625
20251022_154207.390720,0.997174084186554,1.070661187171936,0.9856626987457275,0.002825915813446045,-0.07066118717193604,0.014337301254272461,-0.20018963515758514,-178.2149200439453,179.0032196044922,0.20018963515758514,-0.576306164264679,0.04498332738876343,40060,-0.093192458152771,-0.563040554523468,0.07992684841156006,0.018368452787399292,0.1831056773662567,-0.15649080276489258,-1837.19091796875,141.21128845214844,256.53839111328125
20251022_154207.400950,0.9973742365837097,1.0706253051757812,0.9857304692268372,0.002625763416290283,-0.07062530517578125,0.014269530773162842,-0.3194151222705841,-177.7955780029297,179.3123779296875,0.3194151222705841,-0.6119133234024048,0.06810799241065979,39861,-0.09275195002555847,-0.5632122159004211,0.04405081272125244,0.01706746220588684,0.18314111232757568,-0.13210058212280273,-1836.2579345703125,140.50485229492188,57.41119384765625
20251022_154207.410695,0.9975817799568176,1.0705738067626953,0.9857588410377502,0.002418220043182373,-0.07057380676269531,0.014241158962249756,-0.3002718985080719,-177.3700408935547,179.74603271484375,0.3002718985080719,-0.6375091075897217,0.06191370263695717,39887,-0.09256753325462341,-0.5633832812309265,0.01844167709350586,0.015718430280685425,0.18317389488220215,-0.1369786262512207,-1834.9189453125,139.79885864257812,82.3974609375
20251022_154207.420755,0.9977458119392395,1.0704654455184937,0.9858025908470154,0.002254188060760498,-0.07046544551849365,0.01419740915298462,-0.2027631551027298,-177.13719177246094,179.687744140625,0.2027631551027298,-0.6273996829986572,0.08959538489580154,39980,-0.09228315949440002,-0.5635539293289185,0.028437376022338867,0.014652222394943237,0.1832042634487152,-0.1082611083984375,-1832.1015625,139.09365844726562,173.37799072265625
20251022_154207.430716,0.9979332089424133,1.0705550909042358,0.9855454564094543,0.00206679105758667,-0.07055509090423584,0.014454543590545654,-0.16488341987133026,-176.5615692138672,179.79396057128906,0.16488341987133026,-0.8248177170753479,0.0729844719171524,39660,-0.09395453333854675,-0.5637258291244507,-0.16713738441467285,0.013434141874313354,0.1832323521375656,-0.12368202209472656,-1834.432373046875,138.38856506347656,-143.4326171875
20251022_154207.440603,0.9981347918510437,1.0702168941497803,0.9858259558677673,0.0018652081489562988,-0.07021689414978027,0.014174044132232666,-0.10289508104324341,-178.31082153320312,178.7625732421875,0.10289508104324341,-0.4737042188644409,0.06233704462647438,40353,-0.09213128685951233,-0.5638976097106934,0.18232464790344238,0.012123852968215942,0.18325790762901306,-0.13304471969604492,-1825.6392822265625,137.68470764160156,541.1148071289062
20251022_154207.450146,0.9983282685279846,1.07007896900177,0.9858970642089844,0.0016717314720153809,-0.07007896900177002,0.014102935791015625,-0.10820916295051575,-178.7146759033203,178.6050567626953,0.10820916295051575,-0.609515905380249,0.06645254790782928,40035,-0.09166908264160156,-0.5640672445297241,0.04622042179107666,0.010866254568099976,0.18328090012073517,-0.12769460678100586,-1822.05322265625,136.98321533203125,220.68023681640625
20251022_154207.460914,0.9985476136207581,1.0699377059936523,0.9859837293624878,0.0014523863792419434,-0.06993770599365234,0.014016270637512207,0.061661627143621445,-178.90110778808594,178.30921936035156,-0.061661627143621445,-0.5990093946456909,0.047973960638046265,40043,-0.09110575914382935,-0.5642359852790833,0.05633234977722168,0.009440511465072632,0.18330121040344238,-0.14476776123046875,-1818.38037109375,136.28314208984375,226.02081298828125
20251022_154207.470701,0.9987419843673706,1.069838523864746,0.9860405921936035,0.0012580156326293945,-0.0698385238647461,0.013959407806396484,0.09248151630163193,-179.01919555664062,178.36082458496094,-0.09248151630163193,-0.6181791424751282,0.06321123242378235,39978,-0.09073615074157715,-0.5644038319587708,0.03696084022521973,0.008177101612091064,0.1833188235759735,-0.12828469276428223,-1815.8016357421875,135.58425903320312,158.69140625
20251022_154207.480667,0.9984629154205322,1.0707502365112305,0.9860607385635376,0.0015370845794677734,-0.07075023651123047,0.013939261436462402,1.3804172277450562,-174.7149658203125,-179.95175170898438,-1.3804172277450562,-0.6420812606811523,0.3775135576725006,38336,-0.09060519933700562,-0.5645712018013,0.01309514045715332,0.009991049766540527,0.1833369880914688,0.18418550491333008,-1839.506103515625,134.88131713867188,-1458.740234375
20251022_154207.490923,0.999150812625885,1.0697683095932007,0.9861250519752502,0.0008491873741149902,-0.06976830959320068,0.013874948024749756,0.021512864157557487,-178.70114135742188,178.4868927001953,-0.021512864157557487,-0.6131215691566467,-0.26513993740081787,41391,-0.09018716216087341,-0.5647380948066711,0.041803717613220215,0.0055197179317474365,0.1833525002002716,-0.4540121555328369,-1813.97607421875,134.17872619628906,1571.0830078125
20251022_154207.500853,0.9993253350257874,1.0697970390319824,0.9861687421798706,0.0006746649742126465,-0.06979703903198242,0.013831257820129395,0.0806690901517868,-178.3980255126953,178.548583984375,-0.0806690901517868,-0.6264088749885559,0.07256294786930084,39772,-0.08990317583084106,-0.5649043321609497,0.028398633003234863,0.004385322332382202,0.18336240947246552,-0.11518478393554688,-1814.7230224609375,133.48089599609375,-45.96710205078125
20251022_154207.510702,0.9995260238647461,1.0698237419128418,0.986254096031189,0.00047397613525390625,-0.0698237419128418,0.013745903968811035,-0.01173768937587738,-178.158447265625,178.80606079101562,0.01173768937587738,-0.5989381670951843,0.05399608984589577,39774,-0.08934837579727173,-0.5650697946548462,0.055480003356933594,0.0030808448791503906,0.18336987495422363,-0.13245463371276855,-1815.417236328125,132.7827911376953,-42.724609375
20251022_154207.520648,0.9997236132621765,1.0698139667510986,0.9863020777702332,0.00027638673782348633,-0.06981396675109863,0.013697922229766846,0.0692814439535141,-177.9638214111328,178.8464813232422,-0.0692814439535141,-0.6230828166007996,0.05476226657629013,39832,-0.0890364944934845,-0.5652344822883606,0.031188130378723145,0.0017965137958526611,0.18337474763393402,-0.13040900230407715,-1815.1630859375,132.08460998535156,15.6402587890625
20251022_154207.530618,0.9999088644981384,1.069739818572998,0.9863386154174805,9.113550186157227e-05,-0.06973981857299805,0.013661384582519531,0.04215946048498154,-177.99069213867188,178.9020538330078,-0.04215946048498154,-0.6304481625556946,0.06170370802283287,39936,-0.08879899978637695,-0.565398633480072,0.023749470710754395,0.0005923807621002197,0.18337714672088623,-0.12226581573486328,-1813.2352294921875,131.3868408203125,118.6370849609375
20251022_154207.540706,1.0000473260879517,1.0696085691452026,0.9864895343780518,-4.7326087951660156e-05,-0.06960856914520264,0.013510465621948242,0.18761348724365234,-178.12518310546875,178.83106994628906,-0.18761348724365234,-0.5552823543548584,0.09168516099452972,40030,-0.08781802654266357,-0.5655616521835327,0.09809732437133789,-0.000307619571685791,0.1833774298429489,-0.0913846492767334,-1809.82275390625,130.69009399414062,209.99908447265625
20251022_154207.550957,1.0002703666687012,1.0695439577102661,0.9865784049034119,-0.0002703666687011719,-0.06954395771026611,0.013421595096588135,0.1488131731748581,-178.26654052734375,178.7456512451172,-0.1488131731748581,-0.5951977968215942,0.034411195665597916,39925,-0.08724036812782288,-0.5657232403755188,0.057765841484069824,-0.0017573833465576172,0.18337535858154297,-0.14720678329467773,-1808.1429443359375,129.99432373046875,103.3782958984375
20251022_154207.560600,1.0004453659057617,1.0694667100906372,0.9866614937782288,-0.00044536590576171875,-0.06946671009063721,0.01333850622177124,0.16327990591526031,-178.3262176513672,178.72998046875,-0.16327990591526031,-0.5985763072967529,0.06497633457183838,39946,-0.08670029044151306,-0.5658838152885437,0.054007768630981445,-0.002894878387451172,0.1833707094192505,-0.11549949645996094,-1806.134521484375,129.2992706298828,123.59619140625
20251022_154207.570644,1.000488042831421,1.069319248199463,0.9867499470710754,-0.00048804283142089844,-0.06931924819946289,0.01325005292892456,0.11381959915161133,-178.32969665527344,179.00242614746094,-0.11381959915161133,-0.5946740508079529,0.15202559530735016,40062,-0.08612534403800964,-0.5660433173179626,0.0574946403503418,-0.00317227840423584,0.1833646446466446,-0.028166770935058594,-1802.3004150390625,128.6053466796875,235.93902587890625
20251022_154207.580685,1.0007046461105347,1.0692731142044067,0.9867479205131531,-0.000704646110534668,-0.06927311420440674,0.013252079486846924,-0.020158708095550537,-178.3316192626953,179.01657104492188,0.020158708095550537,-0.6536581516265869,0.03581852838397026,39900,-0.086138516664505,-0.5662023425102234,-0.0013172626495361328,-0.004580199718475342,0.1833568960428238,-0.1429581642150879,-1801.1009521484375,127.91238403320312,73.81439208984375
20251022_154207.590496,1.001050353050232,1.06924307346344,0.9868119359016418,-0.0010503530502319336,-0.06924307346343994,0.013188064098358154,0.13376812636852264,-178.546142578125,178.51034545898438,-0.13376812636852264,-0.6104733943939209,-0.05164838954806328,39874,-0.085722416639328,-0.5663610100746155,0.041610002517700195,-0.006827294826507568,0.1833454817533493,-0.2281665802001953,-1800.3199462890625,127.21980285644531,48.065185546875
20251022_154207.600226,1.001096248626709,1.0691149234771729,0.9868525862693787,-0.0010962486267089844,-0.06911492347717285,0.013147413730621338,0.03729228302836418,-178.45848083496094,178.83335876464844,-0.03729228302836418,-0.6255544424057007,0.14591483771800995,40034,-0.0854581892490387,-0.566519021987915,0.026422739028930664,-0.0071256160736083984,0.18333153426647186,-0.030291080474853516,-1796.988037109375,126.52801513671875,205.03997802734375
20251022_154207.610480,1.001298427581787,1.069127082824707,0.9868956804275513,-0.0012984275817871094,-0.06912708282470703,0.01310431957244873,0.07969637960195541,-178.14524841308594,178.96131896972656,-0.07969637960195541,-0.6238433718681335,0.04143807664513588,39809,-0.08517807722091675,-0.5666764974594116,0.028011202812194824,-0.008439779281616211,0.1833159625530243,-0.1334381103515625,-1797.30419921875,125.83679962158203,-19.4549560546875
20251022_154207.620419,1.0014969110488892,1.0691192150115967,0.9869391918182373,-0.0014969110488891602,-0.06911921501159668,0.013060808181762695,0.145381361246109,-177.68064880371094,179.01913452148438,-0.145381361246109,-0.6234463453292847,0.04256878420710564,39840,-0.08489525318145752,-0.56683349609375,0.02828240394592285,-0.009729921817779541,0.183297798037529,-0.13099908828735352,-1797.099609375,125.14556884765625,12.5885009765625
20251022_154207.630475,1.0017727613449097,1.0689589977264404,0.9870957136154175,-0.001772761344909668,-0.06895899772644043,0.01290428638458252,0.057846032083034515,-177.03919982910156,179.8159637451172,-0.057846032083034515,-0.549127995967865,-0.01030760072171688,40087,-0.08387786149978638,-0.5669893026351929,0.10173916816711426,-0.011522948741912842,0.18327654898166656,-0.18206119537353516,-1792.9339599609375,124.4551773071289,256.34765625
20251022_154207.640532,1.0019582509994507,1.068922758102417,0.9872295260429382,-0.0019582509994506836,-0.06892275810241699,0.012770473957061768,0.06679229438304901,-176.8847198486328,-179.9727020263672,-0.06679229438304901,-0.5631733536720276,0.048100486397743225,39889,-0.08300808072090149,-0.5671433210372925,0.08697807788848877,-0.012728631496429443,0.18325228989124298,-0.12242317199707031,-1791.99169921875,123.7657699584961,57.9833984375
20251022_154207.650601,1.002174973487854,1.0691108703613281,0.9872830510139465,-0.002174973487854004,-0.06911087036132812,0.012716948986053467,0.386512815952301,-176.32203674316406,179.97264099121094,-0.386512815952301,-0.6151652336120605,0.02605125494301319,39525,-0.08266016840934753,-0.5672962665557861,0.03479123115539551,-0.014137327671051025,0.18322542309761047,-0.1430368423461914,-1796.882568359375,123.07560729980469,-300.9796142578125
20251022_154207.660477,1.0023425817489624,1.0690017938613892,0.9874476790428162,-0.0023425817489624023,-0.06900179386138916,0.012552320957183838,0.4649057686328888,-176.5947265625,179.90672302246094,-0.4649057686328888,-0.5420297384262085,0.05734782665967941,40002,-0.08159008622169495,-0.5674479007720947,0.10700821876525879,-0.015226781368255615,0.1831960678100586,-0.11062145233154297,-1794.046630859375,122.38504028320312,174.52239990234375
20251022_154207.670461,1.0026196241378784,1.0686777830123901,0.9876097440719604,-0.002619624137878418,-0.06867778301239014,0.01239025592803955,0.22956225275993347,-178.07244873046875,179.36056518554688,-0.22956225275993347,-0.5427919626235962,-0.016711726784706116,40354,-0.08053666353225708,-0.5675975680351257,0.10534226894378662,-0.017027556896209717,0.1831638067960739,-0.1828479766845703,-1785.622314453125,121.69664001464844,518.4173583984375
20251022_154207.680480,1.0026850700378418,1.0690385103225708,0.9872999787330627,-0.002685070037841797,-0.0690385103225708,0.012700021266937256,0.581564724445343,-176.5789337158203,179.80657958984375,-0.581564724445343,-0.8516457080841064,0.12248207628726959,39248,-0.08255013823509216,-0.5677480697631836,-0.2013474702835083,-0.01745295524597168,0.18312932550907135,-0.04319429397583008,-1795.001220703125,121.00806427001953,-577.1636962890625
20251022_154207.690509,1.0031218528747559,1.0684211254119873,0.9876596927642822,-0.0031218528747558594,-0.0684211254119873,0.012340307235717773,0.12918634712696075,-179.17327880859375,178.69972229003906,-0.12918634712696075,-0.4142962098121643,-0.125477135181427,40829,-0.08021199703216553,-0.5678983330726624,0.23381412029266357,-0.020292043685913086,0.18309158086776733,-0.28827667236328125,-1778.94921875,120.32076263427734,987.8158569335938
20251022_154207.700570,1.0033866167068481,1.0683742761611938,0.9877232313156128,-0.0033866167068481445,-0.06837427616119385,0.012276768684387207,0.09983841329813004,-179.15342712402344,178.56439208984375,-0.09983841329813004,-0.6065449714660645,-0.013707861304283142,39916,-0.07979899644851685,-0.5680460333824158,0.041300058364868164,-0.02201300859451294,0.183049276471138,-0.1747441291809082,-1777.731201171875,119.63678741455078,74.95880126953125
20251022_154207.710764,1.0035645961761475,1.0683916807174683,0.9877798557281494,-0.003564596176147461,-0.06839168071746826,0.012220144271850586,0.10774783045053482,-178.92379760742188,178.64122009277344,-0.10774783045053482,-0.610818088054657,0.04236776754260063,39812,-0.07943093776702881,-0.5681930184364319,0.03680586814880371,-0.023169875144958496,0.18300409615039825,-0.11746644973754883,-1778.1837158203125,118.95295715332031,-27.8472900390625
20251022_154207.720712,1.0037504434585571,1.0684361457824707,0.9878866076469421,-0.003750443458557129,-0.0684361457824707,0.012113392353057861,0.08982114493846893,-178.64207458496094,178.70054626464844,-0.08982114493846893,-0.5776873230934143,0.03591945767402649,39767,-0.0787370502948761,-0.5683389902114868,0.069388747215271,-0.024377882480621338,0.1829565465450287,-0.12265920639038086,-1779.33984375,118.26881408691406,-71.14410400390625
20251022_154207.730784,1.0040013790130615,1.0684317350387573,0.988006591796875,-0.0040013790130615234,-0.06843173503875732,0.011993408203125,0.21274082362651825,-178.36724853515625,178.78634643554688,-0.21274082362651825,-0.5684511065483093,-0.008720270358026028,39845,-0.0779571533203125,-0.5684836506843567,0.07798969745635986,-0.026008963584899902,0.1829061657190323,-0.1656174659729004,-1779.22509765625,117.58448028564453,7.05718994140625
20251022_154207.741150,1.0041236877441406,1.068312644958496,0.9880627393722534,-0.004123687744140625,-0.0683126449584961,0.011937260627746582,0.21279394626617432,-178.0876922607422,179.0242156982422,-0.21279394626617432,-0.6097235083580017,0.0753256157040596,40031,-0.07759219408035278,-0.5686272382736206,0.03649592399597168,-0.026803970336914062,0.1828533411026001,-0.08072376251220703,-1776.1287841796875,116.9007568359375,190.54412841796875
20251022_154207.750998,1.0043232440948486,1.068245768547058,0.9881330728530884,-0.004323244094848633,-0.0682457685470581,0.011866927146911621,0.1921074390411377,-178.06178283691406,179.10154724121094,-0.1921074390411377,-0.6001883149147034,0.022990163415670395,39948,-0.07713502645492554,-0.5687700510025024,0.04571676254272461,-0.028101086616516113,0.18279844522476196,-0.13170719146728516,-1774.3900146484375,116.21796417236328,107.00225830078125
20251022_154207.760735,1.0044898986816406,1.0681530237197876,0.9882051944732666,-0.004489898681640625,-0.0681530237197876,0.011794805526733398,0.21960802376270294,-178.1258544921875,179.0935821533203,-0.21960802376270294,-0.5986992120742798,0.04356478527188301,39991,-0.07666623592376709,-0.5689120292663574,0.04687905311584473,-0.029184341430664062,0.18274115025997162,-0.10999202728271484,-1771.9786376953125,115.53597259521484,148.3917236328125
20251022_154207.771081,1.0046331882476807,1.0680570602416992,0.9883666038513184,-0.004633188247680664,-0.06805706024169922,0.01163339614868164,0.32041609287261963,-178.18218994140625,179.10638427734375,-0.32041609287261963,-0.5397535562515259,0.0579950176179409,39998,-0.07561707496643066,-0.5690525770187378,0.10491609573364258,-0.030115723609924316,0.1826818585395813,-0.09457111358642578,-1769.4835205078125,114.85491943359375,153.54156494140625
20251022_154207.780777,1.00483238697052,1.068010926246643,0.9884520173072815,-0.0048323869705200195,-0.06801092624664307,0.011547982692718506,0.3438434302806854,-178.1691131591797,178.95509338378906,-0.3438434302806854,-0.5887348055839539,0.019738657400012016,39919,-0.07506188750267029,-0.5691916942596436,0.0555187463760376,-0.03141051530838013,0.1826203316450119,-0.1314711570739746,-1768.2840576171875,114.17457580566406,73.81439208984375
20251022_154207.790636,1.005010962486267,1.0679590702056885,0.9885587692260742,-0.00501096248626709,-0.06795907020568848,0.011441230773925781,0.3179452419281006,-178.33087158203125,178.87478637695312,-0.3179452419281006,-0.5743088722229004,0.03212524950504303,39929,-0.07436800003051758,-0.5693296194076538,0.069388747215271,-0.032571256160736084,0.18255634605884552,-0.1178598403930664,-1766.935791015625,113.4947280883789,82.96966552734375
20251022_154207.800703,1.0052119493484497,1.067883849143982,0.9886777997016907,-0.005211949348449707,-0.06788384914398193,0.011322200298309326,0.4318525195121765,-178.45716857910156,178.65802001953125,-0.4318525195121765,-0.5656906962394714,0.015960898250341415,39968,-0.07359430193901062,-0.5694661736488342,0.0773698091506958,-0.033877670764923096,0.18248990178108215,-0.13265132904052734,-1764.9801025390625,112.81551361083984,120.35369873046875
20251022_154207.810421,1.005407452583313,1.0678154230117798,0.9887413382530212,-0.005407452583312988,-0.06781542301177979,0.01125866174697876,0.4361783266067505,-178.68246459960938,178.64385986328125,-0.4361783266067505,-0.6014829277992249,0.018240295350551605,39958,-0.07318130135536194,-0.5696017146110535,0.041300058364868164,-0.035148441791534424,0.18242087960243225,-0.12903213500976562,-1763.2010498046875,112.13701629638672,109.4818115234375
20251022_154207.820394,1.0056114196777344,1.0677229166030884,0.9888495802879333,-0.005611419677734375,-0.06772291660308838,0.01115041971206665,0.511282205581665,-178.91810607910156,178.61270141601562,-0.511282205581665,-0.5718565583229065,0.011256739497184753,39998,-0.07247772812843323,-0.569736123085022,0.0703573226928711,-0.03647422790527344,0.18234924972057343,-0.13461828231811523,-1760.7957763671875,111.4593276977539,148.01025390625
20251022_154207.830257,1.0058283805847168,1.067675232887268,0.9889886975288391,-0.005828380584716797,-0.06767523288726807,0.011011302471160889,0.4927133023738861,-178.93270874023438,178.52354431152344,-0.4927133023738861,-0.5510163903236389,0.001196218654513359,39927,-0.07157346606254578,-0.5698691010475159,0.09042620658874512,-0.03788447380065918,0.18227489292621613,-0.14319419860839844,-1759.5560302734375,110.78233337402344,76.2939453125
20251022_154207.840751,1.006144642829895,1.0677075386047363,0.9891313910484314,-0.0061446428298950195,-0.06770753860473633,0.010868608951568604,0.5046850442886353,-178.76344299316406,178.17648315429688,-0.5046850442886353,-0.5478955507278442,-0.06647619605064392,39798,-0.07064595818519592,-0.570000410079956,0.09275078773498535,-0.03994017839431763,0.18219706416130066,-0.20873308181762695,-1760.39599609375,110.10542297363281,-51.68914794921875
20251022_154207.850786,1.0063081979751587,1.067744493484497,0.9892668724060059,-0.006308197975158691,-0.06774449348449707,0.01073312759399414,0.40804359316825867,-178.4652099609375,178.32037353515625,-0.40804359316825867,-0.5518324375152588,0.03316643834114075,39788,-0.06976532936096191,-0.5701299905776978,0.08806288242340088,-0.041003286838531494,0.18211612105369568,-0.10794639587402344,-1761.3568115234375,109.42816162109375,-59.1278076171875
20251022_154207.860422,1.006514310836792,1.0677998065948486,0.9893657565116882,-0.006514310836791992,-0.06779980659484863,0.010634243488311768,0.45881542563438416,-178.00363159179688,178.41885375976562,-0.45881542563438416,-0.575106143951416,0.0036552674137055874,39757,-0.06912258267402649,-0.5702582001686096,0.06427466869354248,-0.04234302043914795,0.1820327788591385,-0.13603448867797852,-1762.794921875,108.75044250488281,-88.5009765625
20251022_154207.870435,1.0066887140274048,1.0678151845932007,0.9894442558288574,-0.006688714027404785,-0.06781518459320068,0.010555744171142578,0.4415443539619446,-177.66030883789062,178.5894317626953,-0.4415443539619446,-0.5879731178283691,0.02336421050131321,39820,-0.06861233711242676,-0.5703853368759155,0.051024556159973145,-0.043476641178131104,0.18194696307182312,-0.11510610580444336,-1763.19482421875,108.0723648071289,-24.60479736328125
20251022_154207.880497,1.006848931312561,1.0677844285964966,0.9894940853118896,-0.006848931312561035,-0.06778442859649658,0.010505914688110352,0.49523085355758667,-177.6427764892578,178.74533081054688,-0.49523085355758667,-0.6064109802246094,0.031597498804330826,39894,-0.06828844547271729,-0.5705116987228394,0.032389163970947266,-0.04451805353164673,0.18185895681381226,-0.105743408203125,-1762.3951416015625,107.39436340332031,49.2095947265625
20251022_154207.890483,1.0071078538894653,1.0675569772720337,0.9896491765975952,-0.007107853889465332,-0.06755697727203369,0.010350823402404785,0.3594234883785248,-177.6530303955078,179.54095458984375,-0.3594234883785248,-0.5371078848838806,-0.035321708768606186,40214,-0.0672803521156311,-0.5706368684768677,0.10080933570861816,-0.04620105028152466,0.1817682385444641,-0.17088890075683594,-1756.4814453125,106.71765899658203,363.922119140625
20251022_154207.900580,1.007279396057129,1.0674126148223877,0.9897683262825012,-0.007279396057128906,-0.0674126148223877,0.01023167371749878,0.3409804701805115,-177.84619140625,179.39964294433594,-0.3409804701805115,-0.5598189234733582,0.021140821278095245,40084,-0.06650587916374207,-0.5707603693008423,0.07744729518890381,-0.04731607437133789,0.18167471885681152,-0.11321783065795898,-1752.72802734375,106.04280853271484,230.97991943359375
20251022_154207.910443,1.0074511766433716,1.0672688484191895,0.9898877143859863,-0.007451176643371582,-0.06726884841918945,0.010112285614013672,0.43013784289360046,-178.18528747558594,179.22561645507812,-0.43013784289360046,-0.5590100288391113,0.019771141931414604,40086,-0.06572985649108887,-0.5708824396133423,0.07760226726531982,-0.04843264818191528,0.18157897889614105,-0.11337518692016602,-1748.9901123046875,105.3694076538086,230.0262451171875
20251022_154207.920467,1.0075372457504272,1.0674277544021606,0.9898316264152527,-0.007537245750427246,-0.06742775440216064,0.010168373584747314,0.6969422698020935,-177.05662536621094,179.87481689453125,-0.6969422698020935,-0.6735557317733765,0.0756838470697403,39597,-0.06609442830085754,-0.5710040926933289,-0.036457180976867676,-0.0489920973777771,0.18148155510425568,-0.05680561065673828,-1753.12158203125,104.6959228515625,-254.24957275390625
20251022_154207.930173,1.0076791048049927,1.067389726638794,0.9898889660835266,-0.007679104804992676,-0.06738972663879395,0.010111033916473389,0.9158294200897217,-176.66824340820312,179.61087036132812,-0.9158294200897217,-0.5995767116546631,0.03784148767590523,39912,-0.06572172045707703,-0.5711257457733154,0.03727078437805176,-0.04991418123245239,0.18138264119625092,-0.0936269760131836,-1752.1329345703125,104.02183532714844,60.84442138671875
20251022_154207.940614,1.007858157157898,1.0673569440841675,0.989949643611908,-0.00785815715789795,-0.06735694408416748,0.010050356388092041,0.913952112197876,-176.67843627929688,179.67019653320312,-0.913952112197876,-0.5971336960792542,0.012029079720377922,39904,-0.06532731652259827,-0.5712467432022095,0.03944039344787598,-0.05107802152633667,0.1812816560268402,-0.11817455291748047,-1751.280517578125,103.34809875488281,52.45208740234375
20251022_154207.950862,1.0080350637435913,1.06728994846344,0.9901087284088135,-0.008035063743591309,-0.06728994846343994,0.009891271591186523,0.9174032807350159,-176.4615020751953,179.7940216064453,-0.9174032807350159,-0.5322545170783997,0.01219208724796772,39960,-0.0642932653427124,-0.5713663697242737,0.10340511798858643,-0.052227914333343506,0.18117834627628326,-0.11675834655761719,-1749.5386962890625,102.67486572265625,107.1929931640625
20251022_154207.961021,1.0081230401992798,1.0672680139541626,0.9902094006538391,-0.008123040199279785,-0.0672680139541626,0.009790599346160889,0.7685142755508423,-175.95849609375,-179.68508911132812,-0.7685142755508423,-0.5696864128112793,0.07020910084247589,39888,-0.06363889575004578,-0.5714845061302185,0.0654369592666626,-0.052799761295318604,0.18107332289218903,-0.05806446075439453,-1748.9683837890625,102.0020751953125,35.09521484375
20251022_154207.970697,1.008505940437317,1.0666688680648804,0.9906948804855347,-0.008505940437316895,-0.06666886806488037,0.009305119514465332,0.14187303185462952,-178.0916290283203,179.48902893066406,-0.14187303185462952,-0.31652045249938965,-0.12703754007816315,40826,-0.06048327684402466,-0.5715990662574768,0.3155618906021118,-0.055288612842559814,0.18096522986888885,-0.2527141571044922,-1733.390625,101.33238983154297,958.6334228515625
20251022_154207.980598,1.0086770057678223,1.0666353702545166,0.9907986521720886,-0.008677005767822266,-0.0666353702545166,0.009201347827911377,0.09835444390773773,-177.8310546875,179.49705505371094,-0.09835444390773773,-0.5640672445297241,0.011549887247383595,39921,-0.05980876088142395,-0.5717101097106934,0.0674515962600708,-0.05640053749084473,0.18085354566574097,-0.11290311813354492,-1732.5196533203125,100.6658706665039,53.59649658203125
20251022_154207.990807,1.0087990760803223,1.066576600074768,0.9909112453460693,-0.008799076080322266,-0.06657660007476807,0.009088754653930664,0.07325273752212524,-177.67947387695312,179.54351806640625,-0.07325273752212524,-0.5577111840248108,0.04297954589128494,39963,-0.059076905250549316,-0.5718198418617249,0.07318556308746338,-0.05719399452209473,0.18073995411396027,-0.08056640625,-1730.9915771484375,99.99980926513672,94.03228759765625
20251022_154208.000935,1.0091030597686768,1.0665459632873535,0.991019070148468,-0.009103059768676758,-0.06654596328735352,0.008980929851531982,0.1861177533864975,-177.81666564941406,179.2408905029297,-0.1861177533864975,-0.5602181553840637,-0.07917553931474686,39918,-0.058376044034957886,-0.5719282627105713,0.07008612155914307,-0.059169888496398926,0.1806235909461975,-0.20062923431396484,-1730.195068359375,99.33419799804688,49.01885986328125
20251022_154208.010832,1.0092612504959106,1.066430926322937,0.991150438785553,-0.009261250495910645,-0.06643092632293701,0.008849561214447021,0.13563451170921326,-177.7050018310547,179.48223876953125,-0.13563451170921326,-0.5441677570343018,0.015900207683444023,40055,-0.05752214789390564,-0.5720352530479431,0.08538961410522461,-0.06019812822341919,0.1805042177438736,-0.10440587997436523,-1727.2041015625,98.6693115234375,184.05914306640625
20251022_154208.020762,1.0094232559204102,1.0663539171218872,0.9912593960762024,-0.009423255920410156,-0.06635391712188721,0.008740603923797607,0.12332091480493546,-177.818115234375,179.46778869628906,-0.12332091480493546,-0.5581324696540833,0.012208023108541965,39996,-0.05681392550468445,-0.5721407532691956,0.07082223892211914,-0.061251163482666016,0.18038277328014374,-0.10692358016967773,-1725.201904296875,98.00538635253906,123.2147216796875
20251022_154208.031016,1.009573221206665,1.0662600994110107,0.991370677947998,-0.009573221206665039,-0.06626009941101074,0.008629322052001953,0.13680744171142578,-177.92703247070312,179.4075927734375,-0.13680744171142578,-0.5560023784637451,0.01905626244843006,40024,-0.056090593338012695,-0.5722450017929077,0.07233321666717529,-0.062225937843322754,0.18025928735733032,-0.09897708892822266,-1722.7625732421875,97.34232330322266,150.10833740234375
20251022_154208.040973,1.009697675704956,1.06611967086792,0.9914944767951965,-0.009697675704956055,-0.06611967086791992,0.008505523204803467,0.1770513504743576,-177.9773712158203,179.27200317382812,-0.1770513504743576,-0.5471644401550293,0.03495916724205017,40102,-0.055285900831222534,-0.5723478198051453,0.08046925067901611,-0.06303489208221436,0.18013402819633484,-0.08213996887207031,-1719.1114501953125,96.680419921875,224.6856689453125
20251022_154208.051112,1.0098332166671753,1.0659995079040527,0.9915972948074341,-0.009833216667175293,-0.06599950790405273,0.008402705192565918,0.1946098506450653,-178.17433166503906,179.101806640625,-0.1946098506450653,-0.5602351427078247,0.026634134352207184,40072,-0.05461758375167847,-0.572449266910553,0.06683170795440674,-0.0639159083366394,0.18000708520412445,-0.08945703506469727,-1715.9871826171875,96.01982879638672,192.2607421875
20251022_154208.060881,1.0099170207977295,1.06584894657135,0.9918050169944763,-0.009917020797729492,-0.0658489465713501,0.008194983005523682,0.2866855263710022,-178.5355682373047,178.87466430664062,-0.2866855263710022,-0.4907968044281006,0.060107339173555374,40124,-0.05326738953590393,-0.5725488662719727,0.1350194215774536,-0.0644606351852417,0.17987869679927826,-0.055310726165771484,-1712.0726318359375,95.36058044433594,240.89813232421875
20251022_154208.070969,1.0100823640823364,1.065755844116211,0.991913914680481,-0.010082364082336426,-0.06575584411621094,0.008086085319519043,0.31250447034835815,-178.63966369628906,178.8348846435547,-0.31250447034835815,-0.5544226169586182,0.0050867716781795025,40034,-0.05255955457687378,-0.5726465582847595,0.07078349590301514,-0.06553536653518677,0.17974869906902313,-0.10912656784057617,-1709.6519775390625,94.70256042480469,148.96392822265625
20251022_154208.080733,1.0102277994155884,1.0657172203063965,0.9919809699058533,-0.010227799415588379,-0.06571722030639648,0.008019030094146729,0.3417929708957672,-178.48431396484375,178.90687561035156,-0.3417929708957672,-0.5812809467315674,0.01714867353439331,39947,-0.052123695611953735,-0.5727431774139404,0.043585896492004395,-0.06648069620132446,0.17961668968200684,-0.09598731994628906,-1708.647705078125,94.04519653320312,61.798095703125
20251022_154208.091009,1.0103448629379272,1.0657182931900024,0.9920638203620911,-0.010344862937927246,-0.06571829319000244,0.007936179637908936,0.3633411228656769,-178.1696319580078,179.14109802246094,-0.3633411228656769,-0.57057124376297,0.034979432821273804,39882,-0.05158516764640808,-0.5728389024734497,0.05385279655456543,-0.0672416090965271,0.17948296666145325,-0.07726192474365234,-1708.6756591796875,93.38801574707031,-1.71661376953125
20251022_154208.100861,1.010469675064087,1.0657470226287842,0.9920625686645508,-0.010469675064086914,-0.06574702262878418,0.007937431335449219,0.5752066969871521,-177.95416259765625,178.8623504638672,-0.5752066969871521,-0.6253410577774048,0.028918782249093056,39837,-0.05159330368041992,-0.5729341506958008,-0.000813603401184082,-0.06805288791656494,0.1793476790189743,-0.08237600326538086,-1709.422607421875,92.7306900024414,-45.96710205078125
20251022_154208.110701,1.010575771331787,1.0656871795654297,0.9921947717666626,-0.01057577133178711,-0.06568717956542969,0.007805228233337402,0.6057317852973938,-177.5693817138672,178.87852478027344,-0.6057317852973938,-0.5378305315971375,0.04044482856988907,39979,-0.050733983516693115,-0.573028564453125,0.08593201637268066,-0.06874251365661621,0.1792108714580536,-0.0700235366821289,-1707.86669921875,92.07351684570312,95.7489013671875
20251022_154208.121095,1.0107142925262451,1.0655841827392578,0.9922965168952942,-0.010714292526245117,-0.06558418273925781,0.0077034831047058105,0.6125376224517822,-177.37306213378906,178.82632446289062,-0.6125376224517822,-0.5570599436759949,0.018005602061748505,40051,-0.05007264018058777,-0.5731216669082642,0.06613433361053467,-0.06964290142059326,0.17907249927520752,-0.09142398834228516,-1705.188720703125,91.41716003417969,164.794921875
20251022_154208.130208,1.0108938217163086,1.0652047395706177,0.992631733417511,-0.010893821716308594,-0.06520473957061768,0.007368266582489014,0.2673455476760864,-177.2064208984375,179.95484924316406,-0.2673455476760864,-0.40321508049964905,-0.010367067530751228,40502,-0.04789373278617859,-0.5732120871543884,0.21789073944091797,-0.07080984115600586,0.1789320409297943,-0.11848926544189453,-1695.3232421875,90.76321411132812,607.1090698242188
20251022_154208.140719,1.011001706123352,1.0650607347488403,0.9927374720573425,-0.01100170612335205,-0.06506073474884033,0.007262527942657471,0.31980812549591064,-177.5484619140625,179.9178466796875,-0.31980812549591064,-0.5517761707305908,0.0360749214887619,40128,-0.04720643162727356,-0.5732998847961426,0.06873011589050293,-0.07151108980178833,0.17878971993923187,-0.07120370864868164,-1691.5791015625,90.11189270019531,230.40771484375
20251022_154208.150892,1.0111511945724487,1.0649086236953735,0.9927631616592407,-0.01115119457244873,-0.06490862369537354,0.007236838340759277,0.3080959618091583,-177.59588623046875,179.92604064941406,-0.3080959618091583,-0.6037280559539795,0.0075005837716162205,40145,-0.0470394492149353,-0.5733868479728699,0.016698241233825684,-0.07248276472091675,0.17864573001861572,-0.0986623764038086,-1687.624267578125,89.46204376220703,243.377685546875
20251022_154208.160905,1.011214017868042,1.0647733211517334,0.992905855178833,-0.011214017868041992,-0.0647733211517334,0.007094144821166992,0.2420589178800583,-177.91311645507812,179.80880737304688,-0.2420589178800583,-0.5268340110778809,0.06414586305618286,40121,-0.04611194133758545,-0.5734728574752808,0.09275078773498535,-0.07289111614227295,0.17850035429000854,-0.041463375091552734,-1684.1063232421875,88.81363677978516,216.48406982421875
20251022_154208.170503,1.0113544464111328,1.0645591020584106,0.9931185245513916,-0.011354446411132812,-0.06455910205841064,0.0068814754486083984,0.31783944368362427,-178.81103515625,178.9547576904297,-0.31783944368362427,-0.480051189661026,0.011866915971040726,40252,-0.04472959041595459,-0.5735567212104797,0.13823509216308594,-0.07380390167236328,0.17835365235805511,-0.0926828384399414,-1678.53662109375,88.1669692993164,342.75054931640625
20251022_154208.180665,1.0114591121673584,1.0644903182983398,0.9931992292404175,-0.011459112167358398,-0.06449031829833984,0.0068007707595825195,0.28043127059936523,-178.71751403808594,178.9306640625,-0.28043127059936523,-0.5653857588768005,0.03464173898100853,40020,-0.04420500993728638,-0.5736387968063354,0.05245804786682129,-0.07448422908782959,0.17820537090301514,-0.06907939910888672,-1676.748291015625,87.52172088623047,110.05401611328125
20251022_154208.190775,1.0115489959716797,1.0644549131393433,0.9933136701583862,-0.011548995971679688,-0.06445491313934326,0.0066863298416137695,0.25241217017173767,-178.32557678222656,179.04403686523438,-0.25241217017173767,-0.5427942276000977,0.043664030730724335,39967,-0.0434611439704895,-0.5737196803092957,0.0743865966796875,-0.07506847381591797,0.1780558079481125,-0.05932331085205078,-1675.8277587890625,86.87699890136719,56.64825439453125
20251022_154208.200316,1.0116428136825562,1.064444899559021,0.9934079647064209,-0.011642813682556152,-0.064444899559021,0.0065920352935791016,0.23831550776958466,-178.06878662109375,179.16940307617188,-0.23831550776958466,-0.5553561449050903,0.04030708968639374,39926,-0.04284822940826416,-0.5737993717193604,0.06129145622253418,-0.07567828893661499,0.17790506780147552,-0.0619196891784668,-1675.5673828125,86.23249816894531,16.021728515625
20251022_154208.211196,1.0117284059524536,1.064395546913147,0.9935058951377869,-0.011728405952453613,-0.06439554691314697,0.006494104862213135,0.22372892498970032,-177.806640625,179.323974609375,-0.22372892498970032,-0.5524348020553589,0.04502761736512184,39990,-0.042211681604385376,-0.5738778710365295,0.06365478038787842,-0.07623463869094849,0.17775315046310425,-0.05649089813232422,-1674.2841796875,85.58829498291016,78.9642333984375
20251022_154208.220671,1.0117913484573364,1.064305305480957,0.99359130859375,-0.011791348457336426,-0.06430530548095703,0.00640869140625,0.2400045245885849,-177.7372589111328,179.38272094726562,-0.2400045245885849,-0.5600930452346802,0.05941445752978325,40057,-0.041656494140625,-0.5739552974700928,0.0555187463760376,-0.07664376497268677,0.17760027945041656,-0.04154205322265625,-1671.93798828125,84.94479370117188,144.38629150390625
20251022_154208.230315,1.0118578672409058,1.0641731023788452,0.9937044978141785,-0.011857867240905762,-0.06417310237884521,0.006295502185821533,0.17454537749290466,-177.8502197265625,179.42715454101562,-0.17454537749290466,-0.5413793325424194,0.056468021124601364,40127,-0.040920764207839966,-0.5740315318107605,0.07357299327850342,-0.07707613706588745,0.17744655907154083,-0.04390239715576172,-1668.5006103515625,84.30239868164062,211.52496337890625
20251022_154208.240872,1.0119390487670898,1.0640382766723633,0.9937950372695923,-0.011939048767089844,-0.06403827667236328,0.006204962730407715,0.1391078531742096,-177.91177368164062,179.36935424804688,-0.1391078531742096,-0.5555881261825562,0.04610825330018997,40134,-0.040332257747650146,-0.5741065144538879,0.058850646018981934,-0.07760381698608398,0.1772918701171875,-0.05357980728149414,-1664.9952392578125,83.66134643554688,215.72113037109375
20251022_154208.250585,1.0120025873184204,1.0639021396636963,0.9938827753067017,-0.01200258731842041,-0.06390213966369629,0.00611722469329834,0.08863561600446701,-178.16400146484375,179.29428100585938,-0.08863561600446701,-0.5569127202033997,0.057183995842933655,40139,-0.03976196050643921,-0.5741804838180542,0.05702972412109375,-0.07801681756973267,0.17713625729084015,-0.04193544387817383,-1661.4556884765625,83.02164459228516,217.8192138671875
20251022_154208.260581,1.0120739936828613,1.0637441873550415,0.994046688079834,-0.012073993682861328,-0.0637441873550415,0.005953311920166016,0.06648366898298264,-178.57859802246094,179.18426513671875,-0.06648366898298264,-0.5064061284065247,0.05137059837579727,40177,-0.0386965274810791,-0.5742529034614563,0.10654330253601074,-0.07848095893859863,0.17697976529598236,-0.04712820053100586,-1657.348876953125,82.38340759277344,252.72369384765625
20251022_154208.270719,1.0121113061904907,1.0636067390441895,0.9942560791969299,-0.012111306190490723,-0.06360673904418945,0.005743920803070068,0.23281799256801605,-178.81150817871094,179.0684051513672,-0.23281799256801605,-0.47555434703826904,0.07347280532121658,40147,-0.037335485219955444,-0.5743230581283569,0.13610422611236572,-0.0787234902381897,0.17682255804538727,-0.02462625503540039,-1653.7752685546875,81.74665832519531,219.91729736328125
20251022_154208.280318,1.0121616125106812,1.0635087490081787,0.9943201541900635,-0.012161612510681152,-0.06350874900817871,0.0056798458099365234,0.2202788144350052,-178.9748077392578,178.89109802246094,-0.2202788144350052,-0.5696618556976318,0.06441212445497513,40086,-0.0369189977645874,-0.5743916034698486,0.0416487455368042,-0.07905048131942749,0.1766647845506668,-0.033202171325683594,-1651.2274169921875,81.11107635498047,156.7840576171875
20251022_154208.290565,1.0122029781341553,1.0634181499481201,0.9943761229515076,-0.012202978134155273,-0.06341814994812012,0.005623877048492432,0.17016638815402985,-178.89157104492188,178.81576538085938,-0.17016638815402985,-0.5746349692344666,0.0698857381939888,40076,-0.036555200815200806,-0.574459433555603,0.03637969493865967,-0.07931935787200928,0.1765064150094986,-0.027301311492919922,-1648.8719482421875,80.4764404296875,144.95849609375
20251022_154208.300887,1.0122835636138916,1.0633721351623535,0.9944503307342529,-0.012283563613891602,-0.06337213516235352,0.00554966926574707,0.22325140237808228,-178.69189453125,178.8322296142578,-0.22325140237808228,-0.5623642802238464,0.04331766813993454,40005,-0.03607285022735596,-0.5745264887809753,0.04823505878448486,-0.07984316349029541,0.17634724080562592,-0.05318641662597656,-1647.675537109375,79.84249114990234,73.6236572265625
20251022_154208.310933,1.0123385190963745,1.0633580684661865,0.9944998621940613,-0.012338519096374512,-0.06335806846618652,0.005500137805938721,0.23724256455898285,-178.39971923828125,178.92694091796875,-0.23724256455898285,-0.5781482458114624,0.05971621349453926,39954,-0.035750895738601685,-0.5745927691459656,0.032195448875427246,-0.08020037412643433,0.176187202334404,-0.0362706184387207,-1647.309814453125,79.2088394165039,22.5067138671875
20251022_154208.320886,1.012390375137329,1.063318133354187,0.9945359826087952,-0.012390375137329102,-0.06331813335418701,0.005464017391204834,0.21688082814216614,-178.20721435546875,179.0174102783203,-0.21688082814216614,-0.5866963863372803,0.0612640418112278,39996,-0.03551611304283142,-0.5746585726737976,0.023478269577026367,-0.08053743839263916,0.17602646350860596,-0.0342249870300293,-1646.271484375,78.5754623413086,63.89617919921875
20251022_154208.330220,1.0124191045761108,1.0632305145263672,0.9946090579032898,-0.01241910457611084,-0.06323051452636719,0.005390942096710205,0.23290060460567474,-178.04527282714844,179.02040100097656,-0.23290060460567474,-0.5622658729553223,0.07617959380149841,40074,-0.03504112362861633,-0.5747237205505371,0.04749894142150879,-0.08072417974472046,0.17586520314216614,-0.018961429595947266,-1643.993408203125,77.94271850585938,140.19012451171875
20251022_154208.340820,1.0124433040618896,1.0631749629974365,0.994675874710083,-0.012443304061889648,-0.06317496299743652,0.005324125289916992,0.237224280834198,-177.90676879882812,179.01963806152344,-0.237224280834198,-0.565963864326477,0.07885046303272247,40023,-0.03460681438446045,-0.574787974357605,0.04343092441558838,-0.08088147640228271,0.17570360004901886,-0.015971660614013672,-1642.549072265625,77.3106918334961,88.8824462890625
20251022_154208.350885,1.012457251548767,1.063058614730835,0.9947136044502258,-0.01245725154876709,-0.06305861473083496,0.00528639554977417,0.2702001631259918,-177.9654541015625,178.9502410888672,-0.2702001631259918,-0.5846889019012451,0.08536426723003387,40123,-0.034361571073532104,-0.5748516321182251,0.024524331092834473,-0.08097213506698608,0.1755417436361313,-0.009205341339111328,-1639.52392578125,76.67951965332031,186.1572265625
20251022_154208.360735,1.0124861001968384,1.062953233718872,0.9947830438613892,-0.012486100196838379,-0.06295323371887207,0.00521695613861084,0.23710453510284424,-178.1142578125,178.90232849121094,-0.23710453510284424,-0.5636892914772034,0.07517985254526138,40107,-0.03391021490097046,-0.5749146938323975,0.04513561725616455,-0.08115965127944946,0.17537961900234222,-0.01904010772705078,-1636.7840576171875,76.0494613647461,168.609619140625
20251022_154208.370587,1.0125049352645874,1.0628366470336914,0.9948545098304749,-0.012504935264587402,-0.0628366470336914,0.0051454901695251465,0.237494558095932,-178.32281494140625,178.9573974609375,-0.237494558095932,-0.5619696378707886,0.08150395005941391,40128,-0.03344568610191345,-0.5749768614768982,0.046452879905700684,-0.08128207921981812,0.1752171665430069,-0.012431144714355469,-1633.7528076171875,75.4205093383789,186.5386962890625
20251022_154208.380418,1.0125131607055664,1.0627272129058838,0.9949073195457458,-0.012513160705566406,-0.06272721290588379,0.00509268045425415,0.24249012768268585,-178.47718811035156,178.86575317382812,-0.24249012768268585,-0.5738143920898438,0.08829022198915482,40118,-0.03310242295265198,-0.5750382542610168,0.03432631492614746,-0.08133554458618164,0.17505455017089844,-0.005428791046142578,-1630.9075927734375,74.79269409179688,175.0946044921875
20251022_154208.391023,1.0125774145126343,1.0625982284545898,0.995029866695404,-0.012577414512634277,-0.06259822845458984,0.004970133304595947,0.29074522852897644,-178.49652099609375,178.697998046875,-0.29074522852897644,-0.5277488827705383,0.05073075741529465,40152,-0.03230586647987366,-0.5750986337661743,0.07965564727783203,-0.0817531943321228,0.17489147186279297,-0.04240751266479492,-1627.553955078125,74.16606903076172,206.3751220703125
20251022_154208.400899,1.0125845670700073,1.062490463256836,0.9951022267341614,-0.012584567070007324,-0.06249046325683594,0.004897773265838623,0.28054505586624146,-178.54513549804688,178.60910034179688,-0.28054505586624146,-0.559959352016449,0.08820753544569016,40121,-0.03183552622795105,-0.575157880783081,0.04703402519226074,-0.08179968595504761,0.1747279167175293,-0.0047206878662109375,-1624.7520751953125,73.54061889648438,172.42431640625
20251022_154208.410610,1.0125759840011597,1.062400221824646,0.9951293468475342,-0.012575984001159668,-0.062400221824645996,0.00487065315246582,0.214260995388031,-178.42335510253906,178.49871826171875,-0.214260995388031,-0.5892476439476013,0.0984852984547615,40094,-0.03165924549102783,-0.5752164721488953,0.017628073692321777,-0.08174389600753784,0.17456437647342682,0.005664825439453125,-1622.40576171875,72.91616821289062,144.38629150390625
20251022_154208.420408,1.0125995874404907,1.062388300895691,0.9951456785202026,-0.012599587440490723,-0.06238830089569092,0.004854321479797363,0.20011472702026367,-178.21331787109375,178.6153106689453,-0.20011472702026367,-0.5962123274803162,0.0769251361489296,39969,-0.03155308961868286,-0.5752748250961304,0.01061558723449707,-0.0818973183631897,0.17440073192119598,-0.015578269958496094,-1622.0958251953125,72.29222869873047,19.073486328125
20251022_154208.430842,1.0125864744186401,1.0624133348464966,0.9951270222663879,-0.012586474418640137,-0.06241333484649658,0.0048729777336120605,0.15601208806037903,-177.9079132080078,178.9029083251953,-0.15601208806037903,-0.6191341280937195,0.1010795310139656,39908,-0.031674355268478394,-0.5753331780433655,-0.012126564979553223,-0.08181208372116089,0.17423701286315918,0.008654594421386719,-1622.7467041015625,71.66822052001953,-40.0543212890625
20251022_154208.440833,1.012636423110962,1.0623971223831177,0.9951844811439514,-0.012636423110961914,-0.062397122383117676,0.004815518856048584,0.271916925907135,-177.64178466796875,179.025146484375,-0.271916925907135,-0.5693439245223999,0.05897018313407898,39974,-0.031300872564315796,-0.5753912925720215,0.037348270416259766,-0.08213675022125244,0.17407307028770447,-0.03296613693237305,-1622.3251953125,71.0441665649414,25.93994140625
20251022_154208.450548,1.012627124786377,1.0623282194137573,0.9952167868614197,-0.012627124786376953,-0.062328219413757324,0.004783213138580322,0.2824069559574127,-177.38392639160156,178.9409637451172,-0.2824069559574127,-0.5855410695075989,0.09796944260597229,40060,-0.031090885400772095,-0.5754489302635193,0.020998716354370117,-0.0820763111114502,0.17390885949134827,0.006136894226074219,-1620.53369140625,70.42053985595703,110.2447509765625
20251022_154208.461091,1.0125582218170166,1.062211513519287,0.9952287673950195,-0.012558221817016602,-0.06221151351928711,0.004771232604980469,0.19838714599609375,-177.40499877929688,178.89463806152344,-0.19838714599609375,-0.5987318754196167,0.13759267330169678,40139,-0.031013011932373047,-0.5755062103271484,0.007787346839904785,-0.08162844181060791,0.17374515533447266,0.04547595977783203,-1617.4993896484375,69.79784393310547,186.72943115234375
20251022_154208.471012,1.0125550031661987,1.0620671510696411,0.9953147172927856,-0.01255500316619873,-0.06206715106964111,0.0046852827072143555,0.23759634792804718,-177.58718872070312,178.7314910888672,-0.23759634792804718,-0.5501498579978943,0.09409870207309723,40186,-0.03045433759689331,-0.5755629539489746,0.05586743354797363,-0.08160752058029175,0.17358191311359406,0.002124309539794922,-1613.7459716796875,69.17644500732422,230.97991943359375
20251022_154208.480200,1.0125523805618286,1.0619168281555176,0.9953867197036743,-0.012552380561828613,-0.06191682815551758,0.004613280296325684,0.31443265080451965,-177.9800567626953,178.59690856933594,-0.31443265080451965,-0.5588034987449646,0.0935591608285904,40199,-0.029986321926116943,-0.5756187438964844,0.04680156707763672,-0.08159047365188599,0.17341871559619904,0.0017309188842773438,-1609.8375244140625,68.55652618408203,240.51666259765625
20251022_154208.490884,1.0124897956848145,1.061813235282898,0.9954639673233032,-0.012489795684814453,-0.06181323528289795,0.004536032676696777,0.15721499919891357,-178.29183959960938,178.5052947998047,-0.15721499919891357,-0.5549468994140625,0.1333782970905304,40126,-0.029484212398529053,-0.5756736397743225,0.05021095275878906,-0.08118367195129395,0.17325595021247864,0.0413060188293457,-1607.1441650390625,67.93787384033203,165.74859619140625
20251022_154208.500767,1.012516975402832,1.0617454051971436,0.9954120516777039,-0.012516975402832031,-0.061745405197143555,0.004587948322296143,0.2605597972869873,-178.5839385986328,178.5323486328125,-0.2605597972869873,-0.639295220375061,0.07379444688558578,40070,-0.029821664094924927,-0.5757284164428711,-0.0337451696395874,-0.0813603401184082,0.17309339344501495,-0.017938613891601562,-1605.3804931640625,67.32008361816406,108.52813720703125
20251022_154208.510780,1.0124735832214355,1.061690330505371,0.995396614074707,-0.012473583221435547,-0.061690330505371094,0.004603385925292969,0.22484660148620605,-178.49639892578125,178.5052947998047,-0.22484660148620605,-0.6157400012016296,0.12049151211977005,40050,-0.029922008514404297,-0.5757835507392883,-0.010034441947937012,-0.08107829093933105,0.17293095588684082,0.028638839721679688,-1603.9486083984375,66.7029037475586,88.1195068359375
20251022_154208.520763,1.0124454498291016,1.06168532371521,0.9954528212547302,-0.012445449829101562,-0.06168532371520996,0.004547178745269775,0.07046757638454437,-178.0468292236328,178.52076721191406,-0.07046757638454437,-0.5688604712486267,0.11044160276651382,39970,-0.02955666184425354,-0.5758384466171265,0.036534667015075684,-0.08089542388916016,0.1727689802646637,0.018568038940429688,-1603.818359375,66.08602905273438,8.0108642578125
20251022_154208.530584,1.012416124343872,1.0617038011550903,0.9954333305358887,-0.01241612434387207,-0.06170380115509033,0.004566669464111328,0.08179774880409241,-177.51004028320312,178.6461181640625,-0.08179774880409241,-0.6182454824447632,0.1112573966383934,39931,-0.029683351516723633,-0.5758931636810303,-0.012668967247009277,-0.08070480823516846,0.1726073920726776,0.019354820251464844,-1604.298828125,65.46907806396484,-29.56390380859375
20251022_154208.541000,1.0123777389526367,1.061716914176941,0.99543297290802,-0.012377738952636719,-0.06171691417694092,0.0045670270919799805,0.11753400415182114,-177.21774291992188,178.8298797607422,-0.11753400415182114,-0.6058660745620728,0.11732528358697891,39939,-0.029685676097869873,-0.5759479403495789,-0.00023245811462402344,-0.08045530319213867,0.17244622111320496,0.02533435821533203,-1604.6397705078125,64.85197448730469,-20.9808349609375
20251022_154208.550927,1.012412428855896,1.06149423122406,0.9955093264579773,-0.012412428855895996,-0.06149423122406006,0.004490673542022705,0.020077381283044815,-177.00289916992188,179.67196655273438,-0.020077381283044815,-0.5555618405342102,0.06870896369218826,40321,-0.029189378023147583,-0.576002299785614,0.049629807472229004,-0.08068078756332397,0.17228509485721588,-0.022895336151123047,-1598.8499755859375,64.23592376708984,356.292724609375
20251022_154208.560865,1.0123028755187988,1.0615363121032715,0.99545818567276,-0.012302875518798828,-0.061536312103271484,0.00454181432723999,0.08933831751346588,-177.59120178222656,178.82269287109375,-0.08933831751346588,-0.6388198137283325,0.1644609570503235,39896,-0.029521793127059937,-0.5760564804077148,-0.03324151039123535,-0.07996869087219238,0.172124445438385,0.07230520248413086,-1599.944091796875,63.62076950073242,-67.32940673828125
20251022_154208.570870,1.0122506618499756,1.0613842010498047,0.9954825043678284,-0.012250661849975586,-0.06138420104980469,0.004517495632171631,0.10889718681573868,-178.04898071289062,178.6433868408203,-0.10889718681573868,-0.5896674394607544,0.12679655849933624,40210,-0.0293637216091156,-0.57611083984375,0.015807151794433594,-0.07962930202484131,0.1719648391008377,0.034461021423339844,-1595.9892578125,63.006168365478516,243.377685546875
20251022_154208.580522,1.0121915340423584,1.0612342357635498,0.995503842830658,-0.012191534042358398,-0.061234235763549805,0.004496157169342041,0.11111265420913696,-178.43321228027344,178.48753356933594,-0.11111265420913696,-0.5915199518203735,0.13158534467220306,40210,-0.029225021600723267,-0.5761649012565613,0.013870000839233398,-0.07924497127532959,0.1718059629201889,0.03902435302734375,-1592.090087890625,62.39307403564453,239.9444580078125
20251022_154208.590910,1.0121262073516846,1.0610833168029785,0.9955035448074341,-0.01212620735168457,-0.061083316802978516,0.004496455192565918,0.1485178917646408,-178.7273406982422,178.27755737304688,-0.1485178917646408,-0.6056395769119263,0.13594317436218262,40215,-0.029226958751678467,-0.5762189030647278,-0.00019371509552001953,-0.07882034778594971,0.17164790630340576,0.04311561584472656,-1588.166259765625,61.78148651123047,241.4703369140625
20251022_154208.600777,1.0121445655822754,1.0608645677566528,0.9955470561981201,-0.01214456558227539,-0.06086456775665283,0.004452943801879883,0.10193800926208496,-178.4541473388672,178.9511260986328,-0.10193800926208496,-0.576934278011322,0.08043403923511505,40328,-0.02894413471221924,-0.5762725472450256,0.02828240394592285,-0.07893967628479004,0.1714901477098465,-0.012116432189941406,-1582.478759765625,61.17174530029297,349.99847412109375
20251022_154208.610708,1.0120338201522827,1.0610063076019287,0.995477557182312,-0.012033820152282715,-0.06100630760192871,0.004522442817687988,0.12981408834457397,-178.5224151611328,178.30084228515625,-0.12981408834457397,-0.6508966684341431,0.16620513796806335,39747,-0.029395878314971924,-0.5763264298439026,-0.045174360275268555,-0.07821983098983765,0.17133298516273499,0.07309198379516602,-1586.1639404296875,60.56239318847656,-226.78375244140625
20251022_154208.620453,1.0120012760162354,1.0609720945358276,0.9954363107681274,-0.012001276016235352,-0.06097209453582764,0.004563689231872559,0.13741086423397064,-178.11489868164062,178.265625,-0.13741086423397064,-0.6328551173210144,0.11464758962392807,40029,-0.02966398000717163,-0.5763809680938721,-0.026810169219970703,-0.07800829410552979,0.1711767613887787,0.021479129791259766,-1585.2744140625,59.95249938964844,54.74090576171875
20251022_154208.630702,1.011978030204773,1.0609257221221924,0.9953946471214294,-0.01197803020477295,-0.06092572212219238,0.004605352878570557,0.219118133187294,-177.8613739013672,178.24920654296875,-0.219118133187294,-0.6334521174430847,0.10850592702627182,40049,-0.029934793710708618,-0.5764359831809998,-0.02708137035369873,-0.07785719633102417,0.17102089524269104,0.015342235565185547,-1584.0687255859375,59.34300994873047,74.19586181640625
20251022_154208.640705,1.0119163990020752,1.0609099864959717,0.9953690767288208,-0.011916399002075195,-0.06090998649597168,0.004630923271179199,0.19671928882598877,-177.6737823486328,178.4380340576172,-0.19671928882598877,-0.6232131123542786,0.13408558070659637,40000,-0.030101001262664795,-0.5764913558959961,-0.016620755195617676,-0.07745659351348877,0.17086558043956757,0.04067659378051758,-1583.65966796875,58.73383331298828,25.177001953125
20251022_154208.650787,1.0118398666381836,1.0608490705490112,0.9953442215919495,-0.011839866638183594,-0.06084907054901123,0.004655778408050537,0.189578577876091,-177.53619384765625,178.44200134277344,-0.189578577876091,-0.6229655146598816,0.1442633867263794,40073,-0.03026255965232849,-0.5765470862388611,-0.01615583896636963,-0.07695913314819336,0.17071115970611572,0.05051136016845703,-1582.0758056640625,58.125038146972656,97.46551513671875
20251022_154208.660549,1.0118359327316284,1.0606456995010376,0.995381772518158,-0.011835932731628418,-0.0606456995010376,0.004618227481842041,0.07017955183982849,-177.4598846435547,179.27468872070312,-0.07017955183982849,-0.5822131037712097,0.09622008353471756,40306,-0.030018478631973267,-0.5766027569770813,0.02440810203552246,-0.07693356275558472,0.17055727541446686,0.0025963783264160156,-1576.7882080078125,57.51756286621094,325.3936767578125
20251022_154208.670522,1.0117045640945435,1.0606893301010132,0.9952919483184814,-0.011704564094543457,-0.060689330101013184,0.004708051681518555,0.14293186366558075,-177.81167602539062,178.483154296875,-0.14293186366558075,-0.6656467914581299,0.18102788925170898,39909,-0.030602335929870605,-0.5766587257385254,-0.05838572978973389,-0.07607966661453247,0.17040425539016724,0.08670330047607422,-1577.922607421875,56.910888671875,-69.8089599609375
20251022_154208.680588,1.0116831064224243,1.0604324340820312,0.9953476786613464,-0.011683106422424316,-0.06043243408203125,0.0046523213386535645,0.05150756984949112,-178.04010009765625,179.20326232910156,-0.05150756984949112,-0.5707302093505859,0.10847410559654236,40396,-0.03024008870124817,-0.5767148733139038,0.03622472286224365,-0.07594019174575806,0.1702522337436676,0.014162063598632812,-1571.2432861328125,56.30527877807617,411.03363037109375
20251022_154208.691004,1.011540174484253,1.0604760646820068,0.995259165763855,-0.01154017448425293,-0.060476064682006836,0.0047408342361450195,0.10475865751504898,-178.55252075195312,178.41961669921875,-0.10475865751504898,-0.665120005607605,0.18942523002624512,39913,-0.030815422534942627,-0.5767711997032166,-0.0575333833694458,-0.07501113414764404,0.17010128498077393,0.09433507919311523,-1572.377685546875,55.70073699951172,-69.8089599609375
20251022_154208.700647,1.0114704370498657,1.0604034662246704,0.995189368724823,-0.011470437049865723,-0.06040346622467041,0.004810631275177002,0.10585259646177292,-178.75779724121094,178.39178466796875,-0.10585259646177292,-0.6534656882286072,0.14142058789730072,40100,-0.03126910328865051,-0.5768285393714905,-0.045368075370788574,-0.0745578408241272,0.16995172202587128,0.04602670669555664,-1570.4901123046875,55.09634017944336,116.15753173828125
20251022_154208.710216,1.01142156124115,1.0603667497634888,0.9950974583625793,-0.011421561241149902,-0.06036674976348877,0.004902541637420654,0.24299049377441406,-178.66543579101562,178.46275329589844,-0.24299049377441406,-0.6684950590133667,0.12782080471515656,40043,-0.03186652064323425,-0.5768868327140808,-0.05974173545837402,-0.07424014806747437,0.16980291903018951,0.032258033752441406,-1569.5355224609375,54.492488861083984,58.746337890625
20251022_154208.720840,1.0112346410751343,1.0602871179580688,0.9949918389320374,-0.011234641075134277,-0.06028711795806885,0.0050081610679626465,0.17586299777030945,-178.3329315185547,178.91140747070312,-0.17586299777030945,-0.6781519651412964,0.21999779343605042,40113,-0.0325530469417572,-0.5769462585449219,-0.06865262985229492,-0.0730251669883728,0.16965565085411072,0.1233673095703125,-1567.465087890625,53.88922119140625,127.410888671875
20251022_154208.730784,1.0111253261566162,1.060254454612732,0.9950042963027954,-0.011125326156616211,-0.060254454612731934,0.00499570369720459,-0.021294942125678062,-178.07632446289062,178.93238830566406,0.021294942125678062,-0.6013810634613037,0.16934353113174438,40038,-0.032472074031829834,-0.5770062804222107,0.008097290992736816,-0.07231462001800537,0.16951030492782593,0.07214784622192383,-1566.6158447265625,53.2865104675293,52.2613525390625
20251022_154208.740724,1.011070728302002,1.0602502822875977,0.9948750138282776,-0.011070728302001953,-0.060250282287597656,0.005124986171722412,0.17571695148944855,-177.8014373779297,179.0476837158203,-0.17571695148944855,-0.6944130659103394,0.13344088196754456,39992,-0.03331241011619568,-0.5770670175552368,-0.08403360843658447,-0.0719597339630127,0.1693660318851471,0.036034584045410156,-1566.50732421875,52.68398666381836,6.67572021484375
20251022_154208.750664,1.0109671354293823,1.060232162475586,0.994806170463562,-0.010967135429382324,-0.06023216247558594,0.005193829536437988,0.19756245613098145,-177.6365509033203,179.1531982421875,-0.19756245613098145,-0.6556370258331299,0.1663077026605606,40015,-0.033759891986846924,-0.5771289467811584,-0.04474818706512451,-0.07128638029098511,0.16922278702259064,0.06837129592895508,-1566.0362548828125,52.08157730102539,28.99169921875
20251022_154208.760698,1.010879397392273,1.0602004528045654,0.9947401285171509,-0.01087939739227295,-0.06020045280456543,0.005259871482849121,0.17269103229045868,-177.5806121826172,179.2030487060547,-0.17269103229045868,-0.6543080806732178,0.1562718152999878,40037,-0.03418916463851929,-0.5771916508674622,-0.04292726516723633,-0.07071608304977417,0.16908079385757446,0.0579071044921875,-1565.2117919921875,51.47941207885742,50.7354736328125
20251022_154208.770535,1.010793685913086,1.0601435899734497,0.9946930408477783,-0.010793685913085938,-0.06014358997344971,0.00530695915222168,0.16754433512687683,-177.62217712402344,179.2705078125,-0.16754433512687683,-0.6423572897911072,0.15535053610801697,40078,-0.03449523448944092,-0.5772550702095032,-0.030606985092163086,-0.0701589584350586,0.16893991827964783,0.056569576263427734,-1563.7333984375,50.87769317626953,90.98052978515625
20251022_154208.780215,1.0106875896453857,1.060049057006836,0.9945971965789795,-0.010687589645385742,-0.06004905700683594,0.005402803421020508,0.057399388402700424,-177.8387908935547,179.32489013671875,-0.057399388402700424,-0.6747363209724426,0.16935448348522186,40140,-0.0351182222366333,-0.577319324016571,-0.06229877471923828,-0.06946933269500732,0.16880027949810028,0.0700235366821289,-1561.2755126953125,50.276729583740234,151.25274658203125
20251022_154208.790360,1.0106090307235718,1.0598769187927246,0.9945769906044006,-0.010609030723571777,-0.05987691879272461,0.005423009395599365,0.09896741807460785,-177.83670043945312,179.02578735351562,-0.09896741807460785,-0.625767707824707,0.15155205130577087,40268,-0.035249561071395874,-0.5773842930793762,-0.013133883476257324,-0.06895869970321655,0.16866186261177063,0.0518488883972168,-1556.7999267578125,49.677101135253906,275.421142578125
20251022_154208.800370,1.0105077028274536,1.0597457885742188,0.9945341944694519,-0.010507702827453613,-0.05974578857421875,0.005465805530548096,0.11688696593046188,-177.98777770996094,178.97607421875,-0.11688696593046188,-0.6407948136329651,0.1671009361743927,40205,-0.03552773594856262,-0.57744961977005,-0.027817487716674805,-0.06830006837844849,0.1685245931148529,0.06687641143798828,-1553.3905029296875,49.07898712158203,209.808349609375
20251022_154208.810780,1.0105457305908203,1.0596925020217896,0.9944981336593628,-0.010545730590820312,-0.05969250202178955,0.005501866340637207,0.09304921329021454,-178.29710388183594,178.50347900390625,-0.09304921329021454,-0.6367170810699463,0.07474217563867569,40081,-0.035762131214141846,-0.5775154232978821,-0.023439526557922363,-0.06854724884033203,0.1683877557516098,-0.025098323822021484,-1552.0050048828125,48.48179244995117,85.25848388671875
20251022_154208.820708,1.0103610754013062,1.059580683708191,0.9944273233413696,-0.010361075401306152,-0.05958068370819092,0.005572676658630371,0.07966246455907822,-178.32814025878906,178.74273681640625,-0.07966246455907822,-0.6598309874534607,0.22277729213237762,40177,-0.03622239828109741,-0.5775818824768066,-0.04602670669555664,-0.06734699010848999,0.1682518571615219,0.1218724250793457,-1549.0977783203125,47.88542938232422,178.9093017578125
20251022_154208.830616,1.0103946924209595,1.0596266984939575,0.9943803548812866,-0.010394692420959473,-0.05962669849395752,0.005619645118713379,0.08608032017946243,-178.32388305664062,178.59274291992188,-0.08608032017946243,-0.6447061896324158,0.07836420834064484,39923,-0.03652769327163696,-0.5776489973068237,-0.030529499053955078,-0.06756550073623657,0.16811694204807281,-0.022187232971191406,-1550.294189453125,47.289390563964844,-73.6236572265625
20251022_154208.840229,1.0103204250335693,1.0596288442611694,0.9942970871925354,-0.010320425033569336,-0.059628844261169434,0.0057029128074646,0.09498392790555954,-178.03936767578125,178.74819946289062,-0.09498392790555954,-0.6689098477363586,0.14991600811481476,39992,-0.0370689332485199,-0.5777169466018677,-0.05412399768829346,-0.06708276271820068,0.1679822951555252,0.049016475677490234,-1550.3499755859375,46.693115234375,-3.4332275390625
20251022_154208.850753,1.0102174282073975,1.0596287250518799,0.9942124485969543,-0.010217428207397461,-0.05962872505187988,0.005787551403045654,0.09683189541101456,-177.68125915527344,178.89004516601562,-0.09683189541101456,-0.6704200506210327,0.16941341757774353,39995,-0.03761908411979675,-0.5777859091758728,-0.05501508712768555,-0.0664132833480835,0.16784879565238953,0.0679779052734375,-1550.3468017578125,46.096824645996094,0.19073486328125
20251022_154208.860766,1.0100669860839844,1.059556484222412,0.9941250085830688,-0.010066986083984375,-0.05955648422241211,0.005874991416931152,0.15587486326694489,-177.34913635253906,178.88006591796875,-0.15587486326694489,-0.6728793382644653,0.20157334208488464,40112,-0.03818744421005249,-0.5778558850288391,-0.05683600902557373,-0.06543540954589844,0.16771695017814636,0.09929180145263672,-1548.4686279296875,45.50090026855469,115.5853271484375
20251022_154208.870877,1.0099334716796875,1.0594733953475952,0.9940575957298279,-0.0099334716796875,-0.059473395347595215,0.005942404270172119,0.1368812471628189,-177.2754364013672,178.9138641357422,-0.1368812471628189,-0.6603707671165466,0.19113889336585999,40131,-0.038625627756118774,-0.577926754951477,-0.04381835460662842,-0.06456756591796875,0.16758695244789124,0.0881195068359375,-1546.3082275390625,44.9057502746582,132.94219970703125
20251022_154208.880678,1.0098563432693481,1.0593633651733398,0.9939319491386414,-0.009856343269348145,-0.059363365173339844,0.006068050861358643,0.0559682734310627,-177.46121215820312,179.02255249023438,-0.0559682734310627,-0.6991114616394043,0.15429683029651642,40176,-0.03944233059883118,-0.5779988169670105,-0.08167028427124023,-0.06406623125076294,0.16745831072330475,0.05090475082397461,-1543.447509765625,44.31156539916992,176.04827880859375
20251022_154208.890774,1.0097194910049438,1.0592353343963623,0.9938273429870605,-0.009719491004943848,-0.059235334396362305,0.006172657012939453,-0.05355383828282356,-178.0753173828125,178.93675231933594,0.05355383828282356,-0.6861885190010071,0.1944768726825714,40208,-0.040122270584106445,-0.5780722498893738,-0.06799399852752686,-0.06317669153213501,0.16733106970787048,0.09032249450683594,-1540.11865234375,43.71857452392578,204.8492431640625
20251022_154208.900892,1.0096111297607422,1.0590510368347168,0.9938007593154907,-0.009611129760742188,-0.0590510368347168,0.006199240684509277,-0.0816950872540474,-178.60720825195312,178.730224609375,0.0816950872540474,-0.63572096824646,0.17625150084495544,40302,-0.0402950644493103,-0.5781465172767639,-0.017279386520385742,-0.06247234344482422,0.16720542311668396,0.0715184211730957,-1535.326904296875,43.127140045166016,294.8760986328125
20251022_154208.910889,1.009497880935669,1.0589250326156616,0.9936736226081848,-0.009497880935668945,-0.05892503261566162,0.0063263773918151855,0.12173439562320709,-178.93911743164062,178.43450927734375,-0.12173439562320709,-0.7019819617271423,0.18008922040462494,40212,-0.041121453046798706,-0.5782216787338257,-0.08263885974884033,-0.061736226081848145,0.16708122193813324,0.07474422454833984,-1532.0509033203125,42.537261962890625,201.60675048828125
20251022_154208.920246,1.009343147277832,1.0588256120681763,0.9937315583229065,-0.009343147277832031,-0.05882561206817627,0.006268441677093506,0.07774490118026733,-179.01797485351562,178.3797149658203,-0.07774490118026733,-0.5813838839530945,0.20835250616073608,40171,-0.04074487090110779,-0.5782971978187561,0.0376582145690918,-0.0607304573059082,0.166958749294281,0.10212421417236328,-1529.4659423828125,41.948509216308594,159.0728759765625
20251022_154208.930640,1.009281039237976,1.0588096380233765,0.9935144186019897,-0.009281039237976074,-0.058809638023376465,0.006485581398010254,0.11949241161346436,-178.59210205078125,178.4139862060547,-0.11949241161346436,-0.7616708278656006,0.14750224351882935,40037,-0.04215627908706665,-0.5783737301826477,-0.14114081859588623,-0.06032675504684448,0.1668376922607422,0.04099130630493164,-1529.050537109375,41.36033248901367,25.5584716796875
20251022_154208.940556,1.0091478824615479,1.0587862730026245,0.9935342669487,-0.009147882461547852,-0.05878627300262451,0.006465733051300049,0.13270699977874756,-178.33355712890625,178.51380920410156,-0.13270699977874756,-0.6075773239135742,0.19514013826847076,40049,-0.04202726483345032,-0.5784514546394348,0.0129014253616333,-0.059461236000061035,0.16671790182590485,0.08788347244262695,-1528.443115234375,40.7723503112793,37.384033203125
20251022_154208.950737,1.0090816020965576,1.058784008026123,0.9933354258537292,-0.009081602096557617,-0.05878400802612305,0.006664574146270752,0.12588749825954437,-178.00502014160156,178.74110412597656,-0.12588749825954437,-0.7510966658592224,0.15131403505802155,40015,-0.04331973195075989,-0.5785302519798279,-0.12924671173095703,-0.05903041362762451,0.16659940779209137,0.04374504089355469,-1528.3841552734375,40.18450164794922,3.62396240234375
20251022_154208.960482,1.0089185237884521,1.0587159395217896,0.9933261871337891,-0.008918523788452148,-0.05871593952178955,0.0066738128662109375,0.11537748575210571,-178.07481384277344,178.6756134033203,-0.11537748575210571,-0.6279951930046082,0.2161436825990677,40121,-0.043379783630371094,-0.5786102414131165,-0.0060051679611206055,-0.057970404624938965,0.16648240387439728,0.10763168334960938,-1526.6143798828125,39.59700012207031,108.90960693359375
20251022_154208.970235,1.0087929964065552,1.0585812330245972,0.9932566285133362,-0.008792996406555176,-0.05858123302459717,0.006743371486663818,0.14003460109233856,-178.00079345703125,178.66488647460938,-0.14003460109233856,-0.6677358150482178,0.19206088781356812,40231,-0.04383191466331482,-0.578690767288208,-0.04521310329437256,-0.05715447664260864,0.1663672924041748,0.08284807205200195,-1523.112060546875,39.01051330566406,215.5303955078125
20251022_154208.980526,1.0087016820907593,1.0584850311279297,0.9931070804595947,-0.008701682090759277,-0.05848503112792969,0.0068929195404052734,0.03096434846520424,-177.9093475341797,178.82984924316406,-0.03096434846520424,-0.7207828164100647,0.16996008157730103,40171,-0.04480397701263428,-0.5787726044654846,-0.0972062349319458,-0.0565609335899353,0.16625356674194336,0.06026744842529297,-1520.61083984375,38.4251823425293,153.92303466796875
20251022_154208.990650,1.0085744857788086,1.058348536491394,0.9930506348609924,-0.008574485778808594,-0.05834853649139404,0.006949365139007568,0.0230892151594162,-178.0334014892578,178.829345703125,-0.0230892151594162,-0.66071617603302,0.19435667991638184,40239,-0.045170873403549194,-0.5788556337356567,-0.0366896390914917,-0.05573415756225586,0.16614127159118652,0.08394956588745117,-1517.0618896484375,37.84101486206055,218.39141845703125
20251022_154209.000230,1.0084540843963623,1.0582098960876465,0.9929777979850769,-0.008454084396362305,-0.058209896087646484,0.007022202014923096,-1.462869840906933e-05,-178.28501892089844,178.71136474609375,1.462869840906933e-05,-0.6719277501106262,0.19054394960403442,40245,-0.04564431309700012,-0.5789394974708557,-0.04734396934509277,-0.05495154857635498,0.16603058576583862,0.07946491241455078,-1513.457275390625,37.25822448730469,221.82464599609375
20251022_154209.010178,1.008349895477295,1.058082103729248,0.9929224252700806,-0.008349895477294922,-0.05808210372924805,0.007077574729919434,-0.024398786947131157,-178.45138549804688,178.61648559570312,0.024398786947131157,-0.6610205769538879,0.18041172623634338,40231,-0.04600423574447632,-0.579024076461792,-0.03599226474761963,-0.05427432060241699,0.16592136025428772,0.06876468658447266,-1510.1346435546875,36.67676544189453,204.4677734375
20251022_154209.020418,1.008201003074646,1.0579689741134644,0.9928563237190247,-0.008201003074645996,-0.057968974113464355,0.007143676280975342,-0.032876987010240555,-178.73764038085938,178.62001037597656,0.032876987010240555,-0.668509304523468,0.21077625453472137,40209,-0.04643389582633972,-0.5791094303131104,-0.04296600818634033,-0.053306519985198975,0.16581378877162933,0.09826898574829102,-1507.193359375,36.09650802612305,181.00738525390625
20251022_154209.030506,1.0080736875534058,1.0578171014785767,0.9927623271942139,-0.008073687553405762,-0.05781710147857666,0.007237672805786133,0.05750370770692825,-178.6820831298828,178.4704132080078,-0.05750370770692825,-0.6873382925987244,0.19725726544857025,40275,-0.04704487323760986,-0.5791956782341003,-0.06109774112701416,-0.05247896909713745,0.16570799052715302,0.08402824401855469,-1503.24462890625,35.517578125,242.9962158203125
20251022_154209.040464,1.0077942609786987,1.0576767921447754,0.9926735758781433,-0.0077942609786987305,-0.05767679214477539,0.0073264241218566895,-0.07853755354881287,-178.61865234375,178.92433166503906,0.07853755354881287,-0.6845932006835938,0.2993637025356293,40259,-0.04762175679206848,-0.5792830586433411,-0.057688355445861816,-0.05066269636154175,0.1656048595905304,0.18442153930664062,-1499.5965576171875,34.94010925292969,224.49493408203125
20251022_154209.050157,1.0076760053634644,1.0576308965682983,0.9925861954689026,-0.0076760053634643555,-0.05763089656829834,0.007413804531097412,-0.1254092901945114,-178.5558624267578,178.9529266357422,0.1254092901945114,-0.684358537197113,0.1936589628458023,40109,-0.04818972945213318,-0.5793715119361877,-0.05679726600646973,-0.04989403486251831,0.16550429165363312,0.0780487060546875,-1498.4033203125,34.36357116699219,73.43292236328125
20251022_154209.060429,1.0075623989105225,1.0575934648513794,0.9925035238265991,-0.007562398910522461,-0.057593464851379395,0.007496476173400879,-0.11986953020095825,-178.439697265625,179.02719116210938,0.11986953020095825,-0.6819246411323547,0.191229909658432,40096,-0.04872709512710571,-0.5794609785079956,-0.05373656749725342,-0.049155592918395996,0.1654052436351776,0.07498025894165039,-1497.4300537109375,33.78744888305664,59.8907470703125
20251022_154209.070585,1.0075737237930298,1.057603359222412,0.9923774003982544,-0.007573723793029785,-0.05760335922241211,0.0076225996017456055,-0.04658075422048569,-178.38438415527344,178.76817321777344,0.04658075422048569,-0.7110788226127625,0.10860323905944824,40019,-0.049546897411346436,-0.5795516967773438,-0.08198022842407227,-0.049229204654693604,0.16530686616897583,-0.007474422454833984,-1497.6873779296875,33.211463928222656,-15.83099365234375
20251022_154209.080435,1.0073902606964111,1.0575206279754639,0.9923688769340515,-0.007390260696411133,-0.05752062797546387,0.007631123065948486,0.15040867030620575,-178.2570037841797,178.6326446533203,-0.15040867030620575,-0.6347857713699341,0.23825854063034058,40169,-0.04960229992866516,-0.579643189907074,-0.005540251731872559,-0.04803669452667236,0.1652095913887024,0.12108564376831055,-1495.536376953125,32.63584518432617,132.3699951171875
20251022_154209.090728,1.0072802305221558,1.0575129985809326,0.9921555519104004,-0.007280230522155762,-0.05751299858093262,0.00784444808959961,-0.075808584690094,-177.98439025878906,178.72900390625,0.075808584690094,-0.7693862318992615,0.19041265547275543,40048,-0.05098891258239746,-0.579736053943634,-0.13866126537322998,-0.04732149839401245,0.16511423885822296,0.07261991500854492,-1495.3380126953125,32.06067657470703,12.20703125
20251022_154209.100404,1.0071454048156738,1.0574371814727783,0.9920822381973267,-0.007145404815673828,-0.05743718147277832,0.00791776180267334,-0.0362708754837513,-177.94677734375,178.79254150390625,0.0362708754837513,-0.6789500117301941,0.20756031572818756,40159,-0.05146545171737671,-0.5798306465148926,-0.047653913497924805,-0.04644513130187988,0.16502048075199127,0.08898496627807617,-1493.36669921875,31.485925674438477,121.307373046875
20251022_154209.110807,1.0069791078567505,1.0573570728302002,0.9919623732566833,-0.006979107856750488,-0.057357072830200195,0.00803762674331665,-0.11349023878574371,-178.0096893310547,178.8944854736328,0.11349023878574371,-0.7100831866264343,0.2293204516172409,40167,-0.05224457383155823,-0.5799263715744019,-0.07791221141815186,-0.045364201068878174,0.16492865979671478,0.1097559928894043,-1491.283935546875,30.91195297241211,128.173828125
20251022_154209.120781,1.0068371295928955,1.0571359395980835,0.9918757677078247,-0.006837129592895508,-0.057135939598083496,0.008124232292175293,-0.005152977537363768,-178.0520782470703,178.92738342285156,0.005152977537363768,-0.6891244649887085,0.21410317718982697,40398,-0.052807509899139404,-0.5800233483314514,-0.056293606758117676,-0.0444413423538208,0.16483886539936066,0.09370565414428711,-1485.534423828125,30.339488983154297,353.81317138671875
20251022_154209.130179,1.0066485404968262,1.056921124458313,0.9919845461845398,-0.006648540496826172,-0.05692112445831299,0.008015453815460205,0.14721627533435822,-178.7770233154297,178.50665283203125,-0.14721627533435822,-0.5615146160125732,0.24600449204444885,40393,-0.05210044980049133,-0.5801202058792114,0.07070600986480713,-0.04321551322937012,0.16475120186805725,0.12446880340576172,-1479.94921875,29.769203186035156,343.7042236328125
20251022_154209.140647,1.0065817832946777,1.0567705631256104,0.9917653799057007,-0.006581783294677734,-0.05677056312561035,0.008234620094299316,0.013457161374390125,-178.74139404296875,178.60968017578125,-0.013457161374390125,-0.7762007713317871,0.16594336926937103,40294,-0.05352503061294556,-0.5802176594734192,-0.14245808124542236,-0.04278159141540527,0.16466520726680756,0.04405975341796875,-1476.03466796875,29.20074462890625,240.89813232421875
20251022_154209.150098,1.0064095258712769,1.0566545724868774,0.9917577505111694,-0.0064095258712768555,-0.05665457248687744,0.008242249488830566,0.03262604400515556,-178.9130401611328,178.53965759277344,-0.03262604400515556,-0.6388502717018127,0.23660874366760254,40241,-0.05357462167739868,-0.5803165435791016,-0.0049591064453125,-0.04166191816329956,0.16458076238632202,0.11368989944458008,-1473.0189208984375,28.63361930847168,185.58502197265625
20251022_154209.160553,1.0062929391860962,1.0566245317459106,0.991609513759613,-0.006292939186096191,-0.056624531745910645,0.008390486240386963,-0.021253226324915886,-178.65798950195312,178.59478759765625,0.021253226324915886,-0.7313084006309509,0.20054130256175995,40103,-0.05453816056251526,-0.5804163217544556,-0.09635388851165771,-0.040904104709625244,0.1644981950521469,0.07694721221923828,-1472.23779296875,28.067224502563477,48.065185546875
20251022_154209.170586,1.0061280727386475,1.0566211938858032,0.9915037751197815,-0.006128072738647461,-0.05662119388580322,0.008496224880218506,0.03466152772307396,-178.70529174804688,178.5762176513672,-0.03466152772307396,-0.7044732570648193,0.23339684307575226,40060,-0.05522546172142029,-0.5805176496505737,-0.06873011589050293,-0.039832472801208496,0.16441746056079865,0.10881185531616211,-1472.1510009765625,27.500995635986328,5.340576171875
20251022_154209.180117,1.0059921741485596,1.0565944910049438,0.9914084672927856,-0.00599217414855957,-0.05659449100494385,0.008591532707214355,0.032256077975034714,-178.51409912109375,178.7323455810547,-0.032256077975034714,-0.698415219783783,0.21508261561393738,40098,-0.05584496259689331,-0.5806201696395874,-0.061950087547302246,-0.03894913196563721,0.16433867812156677,0.08969306945800781,-1471.456787109375,26.934917449951172,42.724609375
20251022_154209.190835,1.0058423280715942,1.0565460920333862,0.9912859201431274,-0.005842328071594238,-0.05654609203338623,0.008714079856872559,0.07364807277917862,-178.22959899902344,178.8778533935547,-0.07364807277917862,-0.7170211672782898,0.22518503665924072,40133,-0.05664151906967163,-0.5807240009307861,-0.07965564727783203,-0.03797513246536255,0.16426175832748413,0.09889841079711914,-1470.1983642578125,26.369213104248047,77.4383544921875
20251022_154209.200354,1.0056618452072144,1.0564520359039307,0.9912204146385193,-0.0056618452072143555,-0.056452035903930664,0.008779585361480713,0.04487733170390129,-178.0041046142578,178.97201538085938,-0.04487733170390129,-0.6804748773574829,0.24650366604328156,40208,-0.057067304849624634,-0.5808289647102356,-0.04257857799530029,-0.03680199384689331,0.1641869693994522,0.11911869049072266,-1467.7529296875,25.804224014282227,150.48980712890625
20251022_154209.210480,1.0053880214691162,1.0563240051269531,0.9911149144172668,-0.005388021469116211,-0.056324005126953125,0.008885085582733154,0.015746362507343292,-177.76876831054688,179.28392028808594,-0.015746362507343292,-0.707263171672821,0.3098166882991791,40265,-0.0577530562877655,-0.5809349417686462,-0.06857514381408691,-0.03502213954925537,0.16411514580249786,0.1807236671447754,-1464.424072265625,25.24034309387207,204.8492431640625
20251022_154209.220280,1.0052446126937866,1.0562604665756226,0.9910033345222473,-0.005244612693786621,-0.05626046657562256,0.008996665477752686,-0.022247830405831337,-177.6383819580078,179.3282470703125,0.022247830405831337,-0.7120475172996521,0.22460584342479706,40163,-0.058478325605392456,-0.5810422897338867,-0.07252693176269531,-0.03408998250961304,0.1640460342168808,0.0946497917175293,-1462.7720947265625,24.677419662475586,101.66168212890625
20251022_154209.230366,1.0050855875015259,1.0561562776565552,0.9909628629684448,-0.005085587501525879,-0.056156277656555176,0.009037137031555176,-0.08329461514949799,-177.6414337158203,179.37295532226562,0.08329461514949799,-0.6661983728408813,0.23587919771671295,40230,-0.05874139070510864,-0.581150472164154,-0.026306509971618652,-0.03305631875991821,0.16397888958454132,0.10495662689208984,-1460.063232421875,24.115337371826172,166.7022705078125
20251022_154209.240661,1.0049397945404053,1.0560439825057983,0.9909518361091614,-0.0049397945404052734,-0.05604398250579834,0.009048163890838623,-0.09064468741416931,-177.766845703125,179.34413146972656,0.09064468741416931,-0.6472395062446594,0.22802841663360596,40246,-0.05881306529045105,-0.5812589526176453,-0.007167458534240723,-0.03210866451263428,0.16391372680664062,0.09622335433959961,-1457.1435546875,23.55433464050293,179.6722412109375
20251022_154209.250822,1.004798173904419,1.055941104888916,0.9908868670463562,-0.004798173904418945,-0.055941104888916016,0.009113132953643799,-0.16515114903450012,-177.935791015625,179.35592651367188,0.16515114903450012,-0.682833194732666,0.22613191604614258,40233,-0.05923536419868469,-0.5813679695129395,-0.04222989082336426,-0.031188130378723145,0.16385042667388916,0.09346961975097656,-1454.46875,22.994409561157227,164.60418701171875
20251022_154209.260691,1.0047719478607178,1.0558831691741943,0.9908967614173889,-0.0047719478607177734,-0.055883169174194336,0.009103238582611084,-0.12188143283128738,-178.10629272460938,178.9824676513672,0.12188143283128738,-0.6342169642448425,0.15007975697517395,40162,-0.059171050786972046,-0.5814772248268127,0.0064313411712646484,-0.031017661094665527,0.16378822922706604,0.017309188842773438,-1452.96240234375,22.43528938293457,92.6971435546875
20251022_154209.270700,1.0046271085739136,1.0557827949523926,0.99085533618927,-0.004627108573913574,-0.05578279495239258,0.00914466381072998,-0.09950456023216248,-178.20606994628906,179.0290985107422,0.09950456023216248,-0.6679534316062927,0.22924485802650452,40232,-0.05944031476974487,-0.5815867185592651,-0.026926398277282715,-0.030076205730438232,0.16372713446617126,0.09559392929077148,-1450.3526611328125,21.8769588470459,160.5987548828125
20251022_154209.281016,1.0044325590133667,1.0556389093399048,0.9908226728439331,-0.004432559013366699,-0.055638909339904785,0.009177327156066895,-0.08708997070789337,-178.51055908203125,178.91122436523438,0.08708997070789337,-0.6625804901123047,0.26325932145118713,40304,-0.059652626514434814,-0.5816966891288757,-0.02123117446899414,-0.028811633586883545,0.16366824507713318,0.1284027099609375,-1446.6116943359375,21.31985092163086,230.21697998046875
20251022_154209.290781,1.0042850971221924,1.0555063486099243,0.9907959699630737,-0.004285097122192383,-0.055506348609924316,0.00920403003692627,-0.03359055891633034,-178.9032745361328,178.80502319335938,0.03359055891633034,-0.6589900255203247,0.23308329284191132,40289,-0.05982619524002075,-0.5818069577217102,-0.01735687255859375,-0.02785313129425049,0.16361157596111298,0.09732484817504883,-1443.1650390625,20.764123916625977,212.09716796875
20251022_154209.300683,1.0041172504425049,1.0553950071334839,0.9907863140106201,-0.004117250442504883,-0.05539500713348389,0.009213685989379883,-0.012105763889849186,-179.08245849609375,178.7140350341797,0.012105763889849186,-0.6480827927589417,0.2475736439228058,40258,-0.05988895893096924,-0.5819174647331238,-0.006276369094848633,-0.02676212787628174,0.16355696320533752,0.11077880859375,-1440.2701416015625,20.209617614746094,178.1463623046875
20251022_154209.310768,1.0040055513381958,1.0552890300750732,0.9907429814338684,-0.004005551338195801,-0.05528903007507324,0.009257018566131592,0.011671886779367924,-179.10044860839844,178.63458251953125,-0.011671886779367924,-0.6703650951385498,0.21118949353694916,40251,-0.06017062067985535,-0.5820282697677612,-0.02816617488861084,-0.026036083698272705,0.16350416839122772,0.07372140884399414,-1437.5147705078125,19.65619659423828,169.56329345703125
20251022_154209.320714,1.0038611888885498,1.0552623271942139,0.9907127618789673,-0.0038611888885498047,-0.05526232719421387,0.009287238121032715,0.015164925716817379,-178.97616577148438,178.7340545654297,-0.015164925716817379,-0.6621493101119995,0.23363451659679413,40125,-0.060367047786712646,-0.5821395516395569,-0.01964271068572998,-0.02509772777557373,0.16345302760601044,0.09527921676635742,-1436.820556640625,19.10344123840332,42.724609375
20251022_154209.330759,1.0037336349487305,1.0552529096603394,0.9906748533248901,-0.0037336349487304688,-0.055252909660339355,0.009325146675109863,0.025787025690078735,-178.6601104736328,178.8626708984375,-0.025787025690078735,-0.6675052046775818,0.2233206331729889,40097,-0.06061345338821411,-0.5822511911392212,-0.024640560150146484,-0.024268627166748047,0.16340366005897522,0.08418560028076172,-1436.57568359375,18.55086326599121,15.06805419921875
20251022_154209.340387,1.0035921335220337,1.0552576780319214,0.9906300902366638,-0.0035921335220336914,-0.05525767803192139,0.009369909763336182,0.03619861975312233,-178.24685668945312,178.9556427001953,-0.03619861975312233,-0.672363817691803,0.23339812457561493,40073,-0.06090441346168518,-0.5823633670806885,-0.029096007347106934,-0.023348867893218994,0.16335605084896088,0.09339094161987305,-1436.6995849609375,17.99831199645996,-7.62939453125
20251022_154209.350511,1.0034276247024536,1.0552265644073486,0.9905650615692139,-0.0034276247024536133,-0.05522656440734863,0.009434938430786133,0.0856383740901947,-178.10081481933594,179.04371643066406,-0.0856383740901947,-0.6860719323158264,0.2496066838502884,40131,-0.06132709980010986,-0.5824761986732483,-0.04226863384246826,-0.022279560565948486,0.16331042349338531,0.10857582092285156,-1435.890625,17.445890426635742,49.78179931640625
20251022_154209.360333,1.0032416582107544,1.0551469326019287,0.9905590415000916,-0.0032416582107543945,-0.05514693260192871,0.009440958499908447,0.11583417654037476,-178.02178955078125,179.05599975585938,-0.11583417654037476,-0.6478687524795532,0.2649341821670532,40210,-0.06136623024940491,-0.5825894474983215,-0.0039130449295043945,-0.021070778369903564,0.1632670760154724,0.12273788452148438,-1433.8201904296875,16.89402198791504,127.410888671875
20251022_154209.370209,1.0030924081802368,1.0550332069396973,0.990528404712677,-0.0030924081802368164,-0.055033206939697266,0.009471595287322998,0.13508251309394836,-178.0543975830078,179.04042053222656,-0.13508251309394836,-0.6641822457313538,0.24163027107715607,40267,-0.06156536936759949,-0.5827029347419739,-0.019913911819458008,-0.020100653171539307,0.1632259041070938,0.09850502014160156,-1430.8634033203125,16.343122482299805,181.9610595703125
20251022_154209.380236,1.0029188394546509,1.0549530982971191,0.9905197620391846,-0.002918839454650879,-0.05495309829711914,0.00948023796081543,0.14198701083660126,-177.9988250732422,179.03240966796875,-0.14198701083660126,-0.6500559449195862,0.2587697207927704,40215,-0.06162154674530029,-0.5828166604042053,-0.005617737770080566,-0.018972456455230713,0.16318681836128235,0.11455535888671875,-1428.780517578125,15.793190002441406,128.173828125
20251022_154209.390280,1.0027592182159424,1.0548979043960571,0.9905045628547668,-0.002759218215942383,-0.05489790439605713,0.009495437145233154,0.09070678055286407,-178.1401824951172,179.17494201660156,-0.09070678055286407,-0.6545303463935852,0.2505650222301483,40176,-0.0617203414440155,-0.5829305052757263,-0.009879469871520996,-0.01793491840362549,0.16314992308616638,0.10535001754760742,-1427.345458984375,15.243935585021973,88.31024169921875
20251022_154209.400165,1.0026054382324219,1.0548255443572998,0.9905070066452026,-0.002605438232421875,-0.054825544357299805,0.009492993354797363,0.08674012124538422,-178.17733764648438,179.24998474121094,-0.08674012124538422,-0.6431604623794556,0.24767449498176575,40205,-0.06170445680618286,-0.5830444693565369,0.0015884637832641602,-0.016935348510742188,0.16311505436897278,0.10149478912353516,-1425.464111328125,14.695318222045898,115.77606201171875
20251022_154209.410137,1.0023125410079956,1.0546714067459106,0.9904592633247375,-0.0023125410079956055,-0.054671406745910645,0.009540736675262451,-0.0075780549086630344,-178.35797119140625,179.6258544921875,0.0075780549086630344,-0.6762065887451172,0.34136372804641724,40339,-0.06201478838920593,-0.5831586718559265,-0.03103315830230713,-0.015031516551971436,0.16308307647705078,0.1933121681213379,-1421.45654296875,14.147832870483398,246.62017822265625
20251022_154209.420224,1.0021597146987915,1.054527997970581,0.990458071231842,-0.002159714698791504,-0.054527997970581055,0.009541928768157959,-0.005461113061755896,-178.50204467773438,179.45358276367188,0.005461113061755896,-0.6460705399513245,0.24988122284412384,40325,-0.06202253699302673,-0.58327317237854,-0.0007748603820800781,-0.014038145542144775,0.16305400431156158,0.10086536407470703,-1417.7279052734375,13.601836204528809,229.45404052734375
20251022_154209.430170,1.0020207166671753,1.0543729066848755,0.9904955625534058,-0.002020716667175293,-0.05437290668487549,0.009504437446594238,-0.030429339036345482,-178.6340789794922,179.35333251953125,0.030429339036345482,-0.6207969188690186,0.24163088202476501,40347,-0.06177884340286255,-0.5833874344825745,0.024369359016418457,-0.013134658336639404,0.1630268394947052,0.09173870086669922,-1413.695556640625,13.057332038879395,248.14605712890625
20251022_154209.440286,1.001855492591858,1.0542267560958862,0.9905175566673279,-0.0018554925918579102,-0.05422675609588623,0.00948244333267212,0.018079759553074837,-178.7787322998047,179.10311889648438,-0.018079759553074837,-0.630841076374054,0.25998884439468384,40336,-0.061635881662368774,-0.5835013389587402,0.014296174049377441,-0.012060701847076416,0.1630016416311264,0.10904788970947266,-1409.8956298828125,12.514333724975586,233.8409423828125
20251022_154209.450328,1.001711368560791,1.0541462898254395,0.9905327558517456,-0.0017113685607910156,-0.05414628982543945,0.009467244148254395,0.014820042066276073,-178.90670776367188,179.07630920410156,-0.014820042066276073,-0.6352726817131042,0.24697642028331757,40232,-0.061537086963653564,-0.5836150646209717,0.009879469871520996,-0.011123895645141602,0.16297845542430878,0.09512186050415039,-1407.8035888671875,11.972468376159668,128.74603271484375
20251022_154209.460453,1.0015531778335571,1.0540889501571655,0.9905365109443665,-0.001553177833557129,-0.05408895015716553,0.009463489055633545,0.06388082355260849,-179.05128479003906,179.06121826171875,-0.06388082355260849,-0.642800509929657,0.25726747512817383,40196,-0.06151267886161804,-0.5837286114692688,0.002440810203552246,-0.010095655918121338,0.16295723617076874,0.10440587997436523,-1406.312744140625,11.431291580200195,91.74346923828125
20251022_154209.470234,1.0013659000396729,1.0540270805358887,0.9905444979667664,-0.0013659000396728516,-0.05402708053588867,0.009455502033233643,0.07755620777606964,-179.17344665527344,179.08204650878906,-0.07755620777606964,-0.6401113271713257,0.2776632606983185,40205,-0.06146076321601868,-0.5838421583175659,0.0051915645599365234,-0.008878350257873535,0.16293826699256897,0.12360334396362305,-1404.7041015625,10.890711784362793,98.99139404296875
20251022_154209.480162,1.0013195276260376,1.053978681564331,0.9905798435211182,-0.0013195276260375977,-0.053978681564331055,0.009420156478881836,0.06279315054416656,-179.1654052734375,178.68931579589844,-0.06279315054416656,-0.6222118139266968,0.18494966626167297,40184,-0.061231017112731934,-0.5839554071426392,0.022974610328674316,-0.008576929569244385,0.16292080283164978,0.030605792999267578,-1403.4456787109375,10.350683212280273,77.4383544921875
20251022_154209.490225,1.0011686086654663,1.053874135017395,0.9905946254730225,-0.0011686086654663086,-0.05387413501739502,0.009405374526977539,0.05966625362634659,-178.9973907470703,178.69390869140625,-0.05966625362634659,-0.6355950236320496,0.2549152076244354,40276,-0.061134934425354004,-0.5840683579444885,0.009608268737792969,-0.007595956325531006,0.16290463507175446,0.09960651397705078,-1400.7275390625,9.811418533325195,167.27447509765625
20251022_154209.500496,1.000967025756836,1.053874135017395,0.9906284809112549,-0.0009670257568359375,-0.05387413501739502,0.009371519088745117,0.169440358877182,-177.9319610595703,179.30917358398438,-0.169440358877182,-0.6230898499488831,0.2896498143672943,40108,-0.06091487407684326,-0.584181010723114,0.02200603485107422,-0.006285667419433594,0.1628907471895218,0.13304471969604492,-1400.7275390625,9.272677421569824,0.0
20251022_154209.510511,1.0008220672607422,1.053849458694458,0.9906471371650696,-0.0008220672607421875,-0.05384945869445801,0.00935286283493042,0.14483119547367096,-177.64329528808594,179.45985412597656,-0.14483119547367096,-0.6329603791236877,0.25320830941200256,40148,-0.06079360842704773,-0.5842933654785156,0.012126564979553223,-0.005343437194824219,0.1628791242837906,0.095672607421875,-1400.0859375,8.73405933380127,39.48211669921875
20251022_154209.520560,1.0006849765777588,1.0538254976272583,0.9906476140022278,-0.0006849765777587891,-0.0538254976272583,0.009352385997772217,0.12809717655181885,-177.49244689941406,179.67835998535156,-0.12809717655181885,-0.6448861360549927,0.24889683723449707,40147,-0.06079050898551941,-0.5844056010246277,0.00030994415283203125,-0.004452347755432129,0.16286933422088623,0.09047985076904297,-1399.462890625,8.195684432983398,38.33770751953125
20251022_154209.530177,1.000534176826477,1.0537723302841187,0.9906715750694275,-0.0005341768264770508,-0.05377233028411865,0.00932842493057251,0.1537889987230301,-177.48001098632812,179.80690002441406,-0.1537889987230301,-0.6295777559280396,0.25891709327697754,40194,-0.060634762048721313,-0.5845176577568054,0.01557469367980957,-0.00347214937210083,0.1628614068031311,0.09952783584594727,-1398.08056640625,7.657695770263672,85.0677490234375
20251022_154209.540567,1.0003697872161865,1.0536773204803467,0.9907244443893433,-0.00036978721618652344,-0.05367732048034668,0.009275555610656738,0.16090254485607147,-177.53466796875,179.76112365722656,-0.16090254485607147,-0.6105553507804871,0.26894906163215637,40263,-0.0602911114692688,-0.5846292972564697,0.034365057945251465,-0.0024036169052124023,0.16285553574562073,0.10849714279174805,-1395.6103515625,7.120447635650635,152.01568603515625
20251022_154209.550835,1.0002188682556152,1.0535609722137451,0.9907337427139282,-0.00021886825561523438,-0.05356097221374512,0.009266257286071777,0.12824426591396332,-177.5289306640625,179.6764373779297,-0.12824426591396332,-0.6389272809028625,0.2610355615615845,40300,-0.06023067235946655,-0.5847405195236206,0.006043910980224609,-0.0014226436614990234,0.1628517061471939,0.09960651397705078,-1392.5853271484375,6.584256172180176,186.1572265625
20251022_154209.560680,1.0000258684158325,1.0534311532974243,0.9907295107841492,-2.586841583251953e-05,-0.053431153297424316,0.00927048921585083,0.21915923058986664,-177.62779235839844,179.55662536621094,-0.21915923058986664,-0.6478607058525085,0.2900618612766266,40324,-0.060258179903030396,-0.5848517417907715,-0.0027507543563842773,-0.00016814470291137695,0.16285011172294617,0.1273798942565918,-1389.2099609375,6.049295425415039,207.71026611328125
20251022_154209.570541,0.9997642636299133,1.0534803867340088,0.9907822608947754,0.00023573637008666992,-0.05348038673400879,0.00921773910522461,0.4549512267112732,-177.0587158203125,179.7921600341797,-0.4549512267112732,-0.610590398311615,0.3370429277420044,40036,-0.05991530418395996,-0.5849626660346985,0.03428757190704346,0.0015322864055633545,0.162851482629776,0.17265915870666504,-1390.4901123046875,5.514737606048584,-78.77349853515625
20251022_154209.580537,0.9996090531349182,1.0533692836761475,0.9909328818321228,0.0003909468650817871,-0.05336928367614746,0.009067118167877197,0.3003821074962616,-177.10797119140625,179.98487854003906,-0.3003821074962616,-0.5461050868034363,0.2678356170654297,40295,-0.05893626809120178,-0.58507239818573,0.09790360927581787,0.002541154623031616,0.16285555064678192,0.10243892669677734,-1387.601318359375,4.980489253997803,177.764892578125
20251022_154209.590040,0.999492347240448,1.053259015083313,0.9909154176712036,0.000507652759552002,-0.05325901508331299,0.009084582328796387,0.2907315194606781,-177.35899353027344,179.95057678222656,-0.2907315194606781,-0.6555827856063843,0.24318702518939972,40296,-0.059049785137176514,-0.5851812958717346,-0.011351704597473145,0.0032997429370880127,0.1628613919019699,0.0770258903503418,-1384.734375,4.447347640991211,176.42974853515625
20251022_154209.600543,0.9991856813430786,1.0530682802200317,0.9909122586250305,0.0008143186569213867,-0.05306828022003174,0.009087741374969482,0.2778186500072479,-177.40379333496094,-179.71287536621094,-0.2778186500072479,-0.646414041519165,0.3705625534057617,40429,-0.059070318937301636,-0.5852903723716736,-0.002053380012512207,0.005293071269989014,0.16286998987197876,0.20239949226379395,-1379.7752685546875,3.9157114028930664,305.17578125
20251022_154209.610597,0.9991600513458252,1.052752137184143,0.9910252690315247,0.0008399486541748047,-0.052752137184143066,0.008974730968475342,-0.03669029101729393,-179.0816192626953,179.12696838378906,0.03669029101729393,-0.5702776908874512,0.1852561980485916,40637,-0.05833575129508972,-0.5853987336158752,0.0734567642211914,0.0054596662521362305,0.16288073360919952,0.01691579818725586,-1371.5555419921875,3.3866093158721924,505.828857421875
20251022_154209.620636,0.9988806247711182,1.0528291463851929,0.9909778237342834,0.001119375228881836,-0.05282914638519287,0.009022176265716553,0.3072046637535095,-177.3030548095703,-179.9971160888672,-0.3072046637535095,-0.6749902963638306,0.3545909523963928,40006,-0.05864414572715759,-0.5855066776275635,-0.03083944320678711,0.007275938987731934,0.16289347410202026,0.18442153930664062,-1373.557861328125,2.8587028980255127,-123.2147216796875
20251022_154209.630326,0.9986832737922668,1.0527666807174683,0.9911602139472961,0.0013167262077331543,-0.05276668071746826,0.008839786052703857,0.3893837332725525,-177.57664489746094,179.7304229736328,-0.3893837332725525,-0.5245188474655151,0.30171966552734375,40230,-0.05745860934257507,-0.5856138467788696,0.11855363845825195,0.008558720350265503,0.16290929913520813,0.13025164604187012,-1371.9337158203125,2.330723762512207,99.945068359375
20251022_154209.640886,0.9987105131149292,1.0524355173110962,0.9911553263664246,0.0012894868850708008,-0.05243551731109619,0.00884467363357544,-0.05872015655040741,-179.1151885986328,178.92762756347656,0.05872015655040741,-0.6463872790336609,0.15332995355129242,40668,-0.057490378618240356,-0.5857200026512146,-0.0031769275665283203,0.008381664752960205,0.16292624175548553,-0.01797795295715332,-1363.323486328125,1.8047126531600952,529.8614501953125
20251022_154209.650454,0.9984040260314941,1.0526095628738403,0.9912394881248474,0.0015959739685058594,-0.05260956287384033,0.008760511875152588,0.40703025460243225,-177.67417907714844,179.82615661621094,-0.40703025460243225,-0.5880637764930725,0.37560030817985535,39854,-0.05694332718849182,-0.5858256220817566,0.054705142974853516,0.010373830795288086,0.1629450023174286,0.20228147506713867,-1367.8486328125,1.2794872522354126,-278.472900390625
20251022_154209.660674,0.9983709454536438,1.0525845289230347,0.991239070892334,0.0016290545463562012,-0.05258452892303467,0.008760929107666016,0.5630149245262146,-177.90586853027344,179.53372192382812,-0.5630149245262146,-0.6431480050086975,0.19538800418376923,40173,-0.0569460391998291,-0.5859307646751404,-0.00027120113372802734,0.010588854551315308,0.16296596825122833,0.021833181381225586,-1367.19775390625,0.7535168528556824,40.0543212890625
20251022_154209.670694,0.998266875743866,1.0522907972335815,0.991397500038147,0.0017331242561340332,-0.05229079723358154,0.008602499961853027,0.3188028931617737,-178.94229125976562,179.24896240234375,-0.3188028931617737,-0.5389721989631653,0.24293912947177887,40610,-0.05591624975204468,-0.586034893989563,0.10297894477844238,0.011265307664871216,0.1629878133535385,0.06868600845336914,-1359.5606689453125,0.22914022207260132,469.970703125
20251022_154209.680362,0.9981446266174316,1.0522969961166382,0.9913860559463501,0.0018553733825683594,-0.052296996116638184,0.008613944053649902,0.4486987590789795,-178.6080322265625,179.02444458007812,-0.4486987590789795,-0.6495675444602966,0.2557554841041565,40130,-0.055990636348724365,-0.5861382484436035,-0.00743865966796875,0.012059926986694336,0.16301114857196808,0.08068442344665527,-1359.721923828125,-0.2937987446784973,-9.918212890625
20251022_154209.690811,0.9980083107948303,1.0522104501724243,0.991396427154541,0.0019916892051696777,-0.052210450172424316,0.008603572845458984,0.27678391337394714,-177.975830078125,179.17047119140625,-0.27678391337394714,-0.635423481464386,0.2659505605697632,40280,-0.0559232234954834,-0.5862415432929993,0.00674128532409668,0.012945979833602905,0.16303615272045135,0.08996844291687012,-1357.4716796875,-0.8163359761238098,138.4735107421875
20251022_154209.700161,0.9977685213088989,1.0523673295974731,0.9913400411605835,0.0022314786911010742,-0.052367329597473145,0.008659958839416504,0.2791803181171417,-178.15306091308594,178.39529418945312,-0.2791803181171417,-0.6792857646942139,0.3358292877674103,39886,-0.056289732456207275,-0.5863451361656189,-0.036650896072387695,0.014504611492156982,0.16306360065937042,0.15826106071472168,-1361.550537109375,-1.339224934577942,-251.007080078125
20251022_154209.710547,0.9976230263710022,1.0523228645324707,0.9913926720619202,0.0023769736289978027,-0.0523228645324707,0.008607327938079834,0.31302425265312195,-178.06399536132812,178.48692321777344,-0.31302425265312195,-0.6081862449645996,0.2745705544948578,40208,-0.05594763159751892,-0.5864487290382385,0.03421008586883545,0.015450328588485718,0.16309355199337006,0.09602665901184082,-1360.39453125,-1.8626759052276611,71.14410400390625
20251022_154209.720694,0.9975751638412476,1.0520668029785156,0.9915416240692139,0.0024248361587524414,-0.052066802978515625,0.008458375930786133,0.21894969046115875,-177.72157287597656,179.4604034423828,-0.21894969046115875,-0.5447117686271667,0.21047547459602356,40553,-0.05497944355010986,-0.5865511298179626,0.09681880474090576,0.01576143503189087,0.16312476992607117,0.03158926963806152,-1353.73681640625,-2.3846242427825928,409.698486328125
20251022_154209.730127,0.9973461031913757,1.0521655082702637,0.991510272026062,0.0026538968086242676,-0.05216550827026367,0.008489727973937988,0.34781670570373535,-177.97589111328125,178.51072692871094,-0.34781670570373535,-0.6622148752212524,0.33158814907073975,39982,-0.055183231830596924,-0.5866528153419495,-0.020378828048706055,0.01725032925605774,0.16315777599811554,0.15118002891540527,-1356.30322265625,-2.9057857990264893,-157.928466796875
20251022_154209.740525,0.9972096681594849,1.052057147026062,0.9915696978569031,0.0027903318405151367,-0.05205714702606201,0.008430302143096924,0.39144736528396606,-178.0371856689453,178.4133758544922,-0.39144736528396606,-0.6029244661331177,0.27137744426727295,40316,-0.054796963930130005,-0.586754322052002,0.038626790046691895,0.01813715696334839,0.16319316625595093,0.09004712104797363,-1353.48583984375,-3.426898956298828,173.37799072265625
20251022_154209.750113,0.9970377683639526,1.0519261360168457,0.9917239546775818,0.0029622316360473633,-0.0519261360168457,0.008276045322418213,0.48807069659233093,-178.2835235595703,178.22198486328125,-0.48807069659233093,-0.540381908416748,0.2959389388561249,40355,-0.053794294595718384,-0.5868545770645142,0.10026693344116211,0.01925450563430786,0.1632305532693863,0.11345386505126953,-1350.07958984375,-3.9468154907226562,209.61761474609375
20251022_154209.760403,0.9969051480293274,1.0517905950546265,0.9917988777160645,0.0030948519706726074,-0.051790595054626465,0.008201122283935547,0.5368663668632507,-178.35523986816406,178.15786743164062,-0.5368663668632507,-0.5915607213973999,0.2709158957004547,40365,-0.053307294845581055,-0.5869534015655518,0.04869997501373291,0.020116537809371948,0.16326992213726044,0.08752942085266113,-1346.555419921875,-4.465399265289307,216.86553955078125
20251022_154209.770246,0.9967663288116455,1.0516929626464844,0.9918481707572937,0.003233671188354492,-0.051692962646484375,0.008151829242706299,0.5126699805259705,-178.47769165039062,178.1836700439453,-0.5126699805259705,-0.6079979538917542,0.2759506106376648,40307,-0.05298689007759094,-0.587051510810852,0.03204047679901123,0.0210188627243042,0.16331106424331665,0.09162068367004395,-1344.01708984375,-4.982816696166992,156.21185302734375
20251022_154209.780073,0.9965872764587402,1.051629900932312,0.9919164180755615,0.0034127235412597656,-0.05162990093231201,0.008083581924438477,0.4464721381664276,-178.67095947265625,178.2237091064453,-0.4464721381664276,-0.5953314900398254,0.30371153354644775,40253,-0.0525432825088501,-0.5871489644050598,0.04436075687408447,0.022182703018188477,0.16335426270961761,0.11817455291748047,-1342.37744140625,-5.499431133270264,100.89874267578125
20251022_154209.790396,0.9964708089828491,1.0515103340148926,0.9919927716255188,0.003529191017150879,-0.05151033401489258,0.008007228374481201,0.47115933895111084,-178.5912322998047,178.26190185546875,-0.47115933895111084,-0.5896626710891724,0.26320767402648926,40346,-0.05204698443412781,-0.5872454643249512,0.049629807472229004,0.022939741611480713,0.16339938342571259,0.07686853408813477,-1339.2686767578125,-6.015132427215576,191.30706787109375
20251022_154209.800557,0.9963299036026001,1.05141282081604,0.9920641779899597,0.0036700963973999023,-0.05141282081604004,0.007935822010040283,0.4651259183883667,-178.64779663085938,178.38780212402344,-0.4651259183883667,-0.5925098657608032,0.2802993655204773,40312,-0.05158284306526184,-0.5873411297798157,0.04641413688659668,0.023855626583099365,0.16344618797302246,0.09299755096435547,-1336.7333984375,-6.52974796295166,156.0211181640625
20251022_154209.810276,0.9961850047111511,1.0513108968734741,0.9921092391014099,0.003814995288848877,-0.05131089687347412,0.007890760898590088,0.5062572360038757,-178.77969360351562,178.39443969726562,-0.5062572360038757,-0.6094363331794739,0.2839255630970001,40321,-0.05128994584083557,-0.5874360799789429,0.029289722442626953,0.0247974693775177,0.16349484026432037,0.09563326835632324,-1334.0833740234375,-7.0433669090271,163.07830810546875
20251022_154209.820434,0.9960404634475708,1.0511621236801147,0.9921709895133972,0.003959536552429199,-0.051162123680114746,0.007829010486602783,0.5056200623512268,-178.97207641601562,178.35569763183594,-0.5056200623512268,-0.59828120470047,0.2846795916557312,40400,-0.05088856816291809,-0.5875304341316223,0.04013776779174805,0.025736987590789795,0.1635453701019287,0.0953972339630127,-1330.2152099609375,-7.555731773376465,238.037109375
20251022_154209.830329,0.9958983659744263,1.0510218143463135,0.9922475218772888,0.0041016340255737305,-0.05102181434631348,0.007752478122711182,0.5296217203140259,-179.1402130126953,178.26869201660156,-0.5296217203140259,-0.5882689952850342,0.28404271602630615,40389,-0.05039110779762268,-0.5876238942146301,0.049746036529541016,0.026660621166229248,0.16359776258468628,0.09378433227539062,-1326.567138671875,-8.066651344299316,224.49493408203125
20251022_154209.840073,0.9956031441688538,1.0508496761322021,0.9923310279846191,0.00439685583114624,-0.05084967613220215,0.007668972015380859,0.4321524500846863,-179.13406372070312,178.55470275878906,-0.4321524500846863,-0.5832858085632324,0.3870789706707001,40444,-0.049848318099975586,-0.5877164602279663,0.05427896976470947,0.02857956290245056,0.16365301609039307,0.19484639167785645,-1322.091552734375,-8.576008796691895,275.421142578125
20251022_154209.850091,0.9954936504364014,1.0507932901382446,0.9924183487892151,0.004506349563598633,-0.05079329013824463,0.007581651210784912,0.4281684458255768,-179.04449462890625,178.51376342773438,-0.4281684458255768,-0.5803301334381104,0.2652680277824402,40260,-0.04928073287010193,-0.5878079533576965,0.05675852298736572,0.029291272163391113,0.16371087729930878,0.0722658634185791,-1320.62548828125,-9.084223747253418,90.21759033203125
20251022_154209.860356,0.9953853487968445,1.0507558584213257,0.9924893975257874,0.004614651203155518,-0.050755858421325684,0.0075106024742126465,0.4046969711780548,-178.93038940429688,178.52052307128906,-0.4046969711780548,-0.5905357599258423,0.2652444839477539,40230,-0.0488189160823822,-0.5878984928131104,0.046181678771972656,0.029995232820510864,0.1637701690196991,0.07147908210754395,-1319.65234375,-9.59196949005127,59.8907470703125
20251022_154209.870339,0.99526047706604,1.0507519245147705,0.9925401210784912,0.004739522933959961,-0.05075192451477051,0.007459878921508789,0.41098272800445557,-178.72703552246094,178.67532348632812,-0.41098272800445557,-0.6035072207450867,0.27705320715904236,40176,-0.04848921298980713,-0.5879883170127869,0.032970309257507324,0.030806899070739746,0.16383096575737,0.08241534233093262,-1319.550048828125,-10.099508285522461,6.29425048828125
20251022_154209.880319,0.9951523542404175,1.050729751586914,0.9926239252090454,0.0048476457595825195,-0.05072975158691406,0.00737607479095459,0.4240441918373108,-178.5467529296875,178.69932556152344,-0.4240441918373108,-0.5815491676330566,0.2667640447616577,40205,-0.047944486141204834,-0.5880773663520813,0.05447268486022949,0.03150969743728638,0.16389328241348267,0.07136106491088867,-1318.9735107421875,-10.606916427612305,35.4766845703125
20251022_154209.890228,0.9951627850532532,1.0507333278656006,0.9926761388778687,0.004837214946746826,-0.050733327865600586,0.007323861122131348,0.5115535259246826,-178.41563415527344,178.390380859375,-0.5115535259246826,-0.6018317341804504,0.18851380050182343,40164,-0.04760509729385376,-0.5881655216217041,0.03393888473510742,0.03144189715385437,0.16395623981952667,-0.006884336471557617,-1319.0665283203125,-11.114232063293457,-5.7220458984375
20251022_154209.900686,0.9950109720230103,1.0506380796432495,0.9927288293838501,0.004989027976989746,-0.05063807964324951,0.007271170616149902,0.551372230052948,-178.42039489746094,178.34681701660156,-0.551372230052948,-0.6012669205665588,0.2966454029083252,40324,-0.047262609004974365,-0.5882531404495239,0.03424882888793945,0.03242868185043335,0.1640201061964035,0.10019659996032715,-1316.590087890625,-11.621088981628418,152.39715576171875
20251022_154209.910522,0.9948907494544983,1.0505729913711548,0.9928252696990967,0.005109250545501709,-0.050572991371154785,0.00717473030090332,0.5638468861579895,-178.2636260986328,178.2538604736328,-0.5638468861579895,-0.5722893476486206,0.276642769575119,40277,-0.04663574695587158,-0.5883398056030273,0.06268620491027832,0.03321012854576111,0.1640857458114624,0.07934689521789551,-1314.8978271484375,-12.127144813537598,104.1412353515625
20251022_154209.920400,0.994743824005127,1.0504878759384155,0.9928950667381287,0.005256175994873047,-0.05048787593841553,0.007104933261871338,0.6337199807167053,-178.2124786376953,178.21139526367188,-0.6337199807167053,-0.5892394781112671,0.2952890694141388,40310,-0.046182066202163696,-0.5884254574775696,0.045368075370788574,0.034165143966674805,0.16415312886238098,0.09697079658508301,-1312.684814453125,-12.63244915008545,136.1846923828125
20251022_154209.930365,0.9946236610412598,1.0504201650619507,0.9929917454719543,0.005376338958740234,-0.050420165061950684,0.007008254528045654,0.6600765585899353,-178.1256866455078,178.19342041015625,-0.6600765585899353,-0.5712226033210754,0.2784759998321533,40284,-0.04555365443229675,-0.5885101556777954,0.06284117698669434,0.03494620323181152,0.16422224044799805,0.07930755615234375,-1310.92431640625,-13.13698959350586,108.33740234375
20251022_154209.940432,0.9945107698440552,1.050352692604065,0.9930614829063416,0.005489230155944824,-0.05035269260406494,0.006938517093658447,0.6581224799156189,-178.2978057861328,178.29388427734375,-0.6581224799156189,-0.588364839553833,0.27448105812072754,40285,-0.04510036110877991,-0.5885938405990601,0.04532933235168457,0.03567999601364136,0.1642928570508957,0.0745081901550293,-1309.1700439453125,-13.640853881835938,107.9559326171875
20251022_154209.950464,0.994400143623352,1.0502264499664307,0.9931582808494568,0.005599856376647949,-0.050226449966430664,0.006841719150543213,0.6490280628204346,-178.3901824951172,178.21282958984375,-0.6490280628204346,-0.5702289938926697,0.2737773060798645,40381,-0.044471174478530884,-0.5886765122413635,0.06291866302490234,0.03639906644821167,0.16436493396759033,0.0730133056640625,-1305.8876953125,-14.143749237060547,201.98822021484375
20251022_154209.960861,0.9942938089370728,1.0500829219818115,0.9932895302772522,0.005706191062927246,-0.05008292198181152,0.006710469722747803,0.6930176019668579,-178.357421875,178.15597534179688,-0.6930176019668579,-0.5470637679100037,0.2717095613479614,40412,-0.04361805319786072,-0.5887578129768372,0.0853121280670166,0.0370902419090271,0.1644384264945984,0.07018089294433594,-1302.156005859375,-14.645296096801758,229.644775390625
20251022_154209.970237,0.9941728115081787,1.0499377250671387,0.9934450387954712,0.005827188491821289,-0.04993772506713867,0.006554961204528809,0.6310233473777771,-178.39273071289062,178.04885864257812,-0.6310233473777771,-0.5303640961647034,0.28224843740463257,40418,-0.042607247829437256,-0.5888373851776123,0.10108053684234619,0.03787672519683838,0.16451339423656464,0.07985830307006836,-1298.380859375,-15.14539909362793,232.3150634765625
20251022_154209.980154,0.9940589666366577,1.0498648881912231,0.9935576319694519,0.005941033363342285,-0.049864888191223145,0.006442368030548096,0.5946561694145203,-178.39474487304688,178.0481719970703,-0.5946561694145203,-0.5576052069664001,0.27834421396255493,40304,-0.04187539219856262,-0.5889154076576233,0.07318556308746338,0.038616716861724854,0.16458988189697266,0.07513761520385742,-1296.487060546875,-15.64441204071045,116.53900146484375
20251022_154209.989988,0.9939552545547485,1.0497809648513794,0.9936591982841492,0.006044745445251465,-0.049780964851379395,0.00634080171585083,0.5410048365592957,-178.44125366210938,178.10092163085938,-0.5410048365592957,-0.5641891956329346,0.2724086046218872,40323,-0.041215211153030396,-0.5889921188354492,0.06601810455322266,0.03929084539413452,0.16466780006885529,0.0684499740600586,-1294.3050537109375,-16.142641067504883,134.27734375
20251022_154210.000045,0.9938445091247559,1.0496537685394287,0.993828535079956,0.006155490875244141,-0.04965376853942871,0.006171464920043945,0.39180272817611694,-178.4557647705078,178.48289489746094,-0.39180272817611694,-0.519112765789032,0.2778497636318207,40395,-0.040114521980285645,-0.5890671610832214,0.1100689172744751,0.040010690689086914,0.16474710404872894,0.07309198379516602,-1290.9979248046875,-16.639814376831055,203.51409912109375
20251022_154210.010521,0.9937257170677185,1.0495426654815674,0.9939318895339966,0.006274282932281494,-0.04954266548156738,0.006068110466003418,0.38275614380836487,-178.654541015625,178.54933166503906,-0.38275614380836487,-0.5614029169082642,0.2840134799480438,40372,-0.03944271802902222,-0.5891405940055847,0.06718039512634277,0.04078283905982971,0.16482789814472198,0.07840275764465332,-1288.1092529296875,-17.13579750061035,177.764892578125
20251022_154210.020471,0.993618369102478,1.049403429031372,0.9941364526748657,0.006381630897521973,-0.04940342903137207,0.005863547325134277,0.41798052191734314,-178.9837188720703,178.45523071289062,-0.41798052191734314,-0.49435922503471375,0.27724042534828186,40420,-0.0381130576133728,-0.58921217918396,0.1329660415649414,0.04148060083389282,0.16491015255451202,0.07084965705871582,-1284.4891357421875,-17.63052749633789,222.7783203125
20251022_154210.030325,0.9935003519058228,1.049278736114502,0.9942164421081543,0.006499648094177246,-0.04927873611450195,0.005783557891845703,0.42387866973876953,-179.05613708496094,178.401123046875,-0.42387866973876953,-0.5748820900917053,0.2851329445838928,40400,-0.03759312629699707,-0.5892820954322815,0.05199313163757324,0.0422477126121521,0.16499388217926025,0.07789134979248047,-1281.2471923828125,-18.123939514160156,199.5086669921875
20251022_154210.040513,0.9932736158370972,1.0491336584091187,0.9943128824234009,0.006726384162902832,-0.04913365840911865,0.005687117576599121,0.4242258071899414,-178.97421264648438,178.59869384765625,-0.4242258071899414,-0.5636309385299683,0.3584471642971039,40436,-0.03696626424789429,-0.5893508791923523,0.06268620491027832,0.04372149705886841,0.16507984697818756,0.14964580535888672,-1277.47509765625,-18.61600112915039,232.12432861328125
20251022_154210.050195,0.9932918548583984,1.0491931438446045,0.9944932460784912,0.0067081451416015625,-0.04919314384460449,0.005506753921508789,0.42919743061065674,-179.12100219726562,178.50051879882812,-0.42919743061065674,-0.5079755783081055,0.19673237204551697,40106,-0.03579390048980713,-0.5894180536270142,0.11723637580871582,0.043602943420410156,0.1651671826839447,-0.01203775405883789,-1279.021728515625,-19.107635498046875,-95.17669677734375
20251022_154210.059976,0.9932129979133606,1.0492011308670044,0.9945856332778931,0.006787002086639404,-0.049201130867004395,0.005414366722106934,0.43568918108940125,-178.9420623779297,178.59568786621094,-0.43568918108940125,-0.5646253228187561,0.2614159882068634,40188,-0.03519338369369507,-0.5894836187362671,0.060051679611206055,0.04411551356315613,0.1652548909187317,0.052045583724975586,-1279.2293701171875,-19.599605560302734,-12.77923583984375
20251022_154210.070652,0.9931530356407166,1.0491788387298584,0.9947168231010437,0.006846964359283447,-0.0491788387298584,0.005283176898956299,0.468056857585907,-178.56259155273438,178.5440673828125,-0.468056857585907,-0.5386150479316711,0.24942389130592346,40236,-0.03434064984321594,-0.5895477533340454,0.0852733850479126,0.04450526833534241,0.1653435230255127,0.03957509994506836,-1278.6497802734375,-20.09150505065918,35.66741943359375
20251022_154210.080503,0.9930581450462341,1.0491997003555298,0.9948071837425232,0.006941854953765869,-0.049199700355529785,0.005192816257476807,0.4368348717689514,-178.50347900390625,178.81178283691406,-0.4368348717689514,-0.5646294951438904,0.2731829881668091,40166,-0.03375330567359924,-0.5896106362342834,0.05873441696166992,0.04512205719947815,0.1654331386089325,0.06262779235839844,-1279.1922607421875,-20.583398818969727,-33.37860107421875
20251022_154210.090299,0.992969810962677,1.0491483211517334,0.9949167966842651,0.007030189037322998,-0.0491483211517334,0.005083203315734863,0.47037065029144287,-178.3081817626953,178.7620086669922,-0.47037065029144287,-0.5514646768569946,0.26952069997787476,40283,-0.03304082155227661,-0.5896722674369812,0.07124841213226318,0.04569622874259949,0.165523961186409,0.05830049514770508,-1277.8563232421875,-21.075138092041016,82.20672607421875
20251022_154210.099989,0.9927502274513245,1.0490323305130005,0.9949847459793091,0.007249772548675537,-0.04903233051300049,0.005015254020690918,0.44521552324295044,-178.03103637695312,179.0966339111328,-0.44521552324295044,-0.5781649947166443,0.35766541957855225,40389,-0.03259915113449097,-0.5897328853607178,0.04416704177856445,0.04712352156639099,0.16561678051948547,0.14492511749267578,-1274.840576171875,-21.566041946411133,185.58502197265625
20251022_154210.110251,0.9926551580429077,1.0489819049835205,0.9951026439666748,0.007344841957092285,-0.04898190498352051,0.004897356033325195,0.42609089612960815,-177.9007568359375,179.0881805419922,-0.42609089612960815,-0.5449914932250977,0.2761989235877991,40285,-0.03183281421661377,-0.5897923707962036,0.07663369178771973,0.047741472721099854,0.1657116413116455,0.06274580955505371,-1273.529541015625,-22.05611228942871,80.68084716796875
20251022_154210.120668,0.9926650524139404,1.0489929914474487,0.9953138828277588,0.00733494758605957,-0.04899299144744873,0.004686117172241211,0.5993340611457825,-177.9104461669922,178.60305786132812,-0.5993340611457825,-0.4830043613910675,0.20695394277572632,40185,-0.03045976161956787,-0.5898498296737671,0.13730525970458984,0.04767715930938721,0.1658070683479309,-0.006530284881591797,-1273.8177490234375,-22.545988082885742,-17.73834228515625
20251022_154210.129935,0.9924416542053223,1.0488334894180298,0.9953997731208801,0.007558345794677734,-0.048833489418029785,0.004600226879119873,0.5333853960037231,-177.85855102539062,178.8956756591797,-0.5333853960037231,-0.563978374004364,0.3624759316444397,40462,-0.029901474714279175,-0.5899055600166321,0.05582869052886963,0.04912924766540527,0.16590386629104614,0.14744281768798828,-1269.6707763671875,-23.035120010375977,255.2032470703125
20251022_154210.140872,0.9923481941223145,1.0487488508224487,0.995505154132843,0.007651805877685547,-0.04874885082244873,0.004494845867156982,0.48098859190940857,-178.0422821044922,178.91708374023438,-0.48098859190940857,-0.5506789684295654,0.2774231433868408,40344,-0.029216498136520386,-0.5899601578712463,0.0684976577758789,0.049736738204956055,0.16600273549556732,0.06168365478515625,-1267.4700927734375,-23.52303123474121,135.4217529296875
20251022_154210.150420,0.992270827293396,1.0486788749694824,0.995609700679779,0.007729172706604004,-0.04867887496948242,0.004390299320220947,0.46447673439979553,-178.2244415283203,178.95423889160156,-0.46447673439979553,-0.5505951642990112,0.2674044370651245,40322,-0.028536945581436157,-0.5900134444236755,0.06795525550842285,0.050239622592926025,0.16610270738601685,0.05106210708618164,-1265.6507568359375,-24.010169982910156,111.96136474609375
20251022_154210.160837,0.992172360420227,1.0486105680465698,0.9957209229469299,0.00782763957977295,-0.048610568046569824,0.004279077053070068,0.4037339687347412,-178.38121032714844,178.95059204101562,-0.4037339687347412,-0.5455849766731262,0.28207162022590637,40320,-0.027814000844955444,-0.5900654792785645,0.07229447364807129,0.05087965726852417,0.1662038266658783,0.0649881362915039,-1263.874755859375,-24.496618270874023,109.29107666015625
20251022_154210.170478,0.9919791221618652,1.048539400100708,0.9959612488746643,0.008020877838134766,-0.04853940010070801,0.004038751125335693,0.026573389768600464,-178.5757293701172,178.96218872070312,-0.026573389768600464,-0.4601553976535797,0.34597980976104736,40326,-0.026251882314682007,-0.5901153683662415,0.15621185302734375,0.05213570594787598,0.16630685329437256,0.12753725051879883,-1262.0244140625,-24.98236656188965,113.86871337890625
20251022_154210.180434,0.9919743537902832,1.0484682321548462,0.9960058927536011,0.008025646209716797,-0.04846823215484619,0.003994107246398926,0.17462469637393951,-178.56874084472656,178.9063720703125,-0.17462469637393951,-0.5871067643165588,0.2217249721288681,40328,-0.025961697101593018,-0.5901635885238647,0.029018521308898926,0.05216670036315918,0.1664111465215683,0.003147125244140625,-1260.174072265625,-25.467405319213867,113.86871337890625
20251022_154210.190780,0.991888165473938,1.048397183418274,0.9961276650428772,0.008111834526062012,-0.048397183418273926,0.0038723349571228027,0.21467013657093048,-178.5947265625,178.87017822265625,-0.21467013657093048,-0.5362289547920227,0.27612724900245667,40329,-0.025170177221298218,-0.5902107954025269,0.07915198802947998,0.052726924419403076,0.16651605069637299,0.0568842887878418,-1258.3267822265625,-25.951732635498047,113.677978515625
20251022_154210.200670,0.9918233156204224,1.0483237504959106,0.9962560534477234,0.008176684379577637,-0.048323750495910645,0.0037439465522766113,0.20709210634231567,-178.74278259277344,178.8105010986328,-0.20709210634231567,-0.5311396718025208,0.2625712752342224,40334,-0.024335652589797974,-0.5902564525604248,0.08345246315002441,0.05314844846725464,0.16662192344665527,0.0428009033203125,-1256.41748046875,-26.43533706665039,117.49267578125
20251022_154210.211018,0.991752028465271,1.048304557800293,0.996392548084259,0.008247971534729004,-0.04830455780029297,0.003607451915740967,0.1254400610923767,-179.1325225830078,178.2973175048828,-0.1254400610923767,-0.5250275135040283,0.26739001274108887,40247,-0.023448437452316284,-0.5903005599975586,0.08872151374816895,0.053611814975738525,0.166728675365448,0.047049522399902344,-1255.91845703125,-26.91847801208496,30.70831298828125
20251022_154210.221029,0.9917740821838379,1.0482133626937866,0.9964283108711243,0.00822591781616211,-0.04821336269378662,0.0035716891288757324,0.3531944155693054,-179.27711486816406,178.2764434814453,-0.3531944155693054,-0.5903138518333435,0.2057487666606903,40364,-0.02321597933769226,-0.5903436541557312,0.023245811462402344,0.05346846580505371,0.166835755109787,-0.01455545425415039,-1253.5474853515625,-27.40106773376465,145.91217041015625
20251022_154210.230220,0.9917253255844116,1.04815673828125,0.9965529441833496,0.008274674415588379,-0.04815673828125,0.0034470558166503906,0.31805703043937683,-179.1490020751953,178.26206970214844,-0.31805703043937683,-0.5317800045013428,0.25290775299072266,40310,-0.02240586280822754,-0.5903857946395874,0.08101165294647217,0.05378538370132446,0.1669430136680603,0.03217935562133789,-1252.0751953125,-27.882919311523438,90.59906005859375
20251022_154210.240153,0.9916449785232544,1.048123836517334,0.9966384768486023,0.008355021476745605,-0.048123836517333984,0.003361523151397705,0.3947169780731201,-178.99826049804688,178.16415405273438,-0.3947169780731201,-0.5566802620887756,0.27438780665397644,40273,-0.021849900484085083,-0.5904266238212585,0.055596232414245605,0.054307639598846436,0.16705110669136047,0.05302906036376953,-1251.2197265625,-28.364322662353516,52.642822265625
20251022_154210.250326,0.9916126132011414,1.0481204986572266,0.9967464208602905,0.008387386798858643,-0.04812049865722656,0.0032535791397094727,0.33921387791633606,-178.7064208984375,178.2955780029297,-0.33921387791633606,-0.5414509773254395,0.2430390566587448,40225,-0.021148264408111572,-0.590466320514679,0.07016360759735107,0.05451801419258118,0.16715992987155914,0.021361112594604492,-1251.1329345703125,-28.845542907714844,5.340576171875
20251022_154210.260502,0.9915251731872559,1.0481374263763428,0.9968429207801819,0.00847482681274414,-0.04813742637634277,0.0031570792198181152,0.4174956977367401,-178.49087524414062,178.35443115234375,-0.4174956977367401,-0.5483008623123169,0.2800663113594055,40192,-0.02052101492881775,-0.5905047655105591,0.06272494792938232,0.055086374282836914,0.1672695428133011,0.05771040916442871,-1251.5731201171875,-29.326833724975586,-27.0843505859375
20251022_154210.270828,0.9915066957473755,1.0481630563735962,0.9969274997711182,0.008493304252624512,-0.04816305637359619,0.003072500228881836,0.3302549719810486,-178.25894165039062,178.41439819335938,-0.3302549719810486,-0.5555370450019836,0.234781414270401,40176,-0.019971251487731934,-0.5905421376228333,0.05497634410858154,0.055206477642059326,0.16737982630729675,0.012195110321044922,-1252.239501953125,-29.80833625793457,-41.00799560546875
20251022_154210.280120,0.991442084312439,1.048129677772522,0.9970833659172058,0.008557915687561035,-0.04812967777252197,0.0029166340827941895,0.42844414710998535,-178.13072204589844,178.4023895263672,-0.42844414710998535,-0.5082232356071472,0.2657606601715088,40271,-0.01895812153816223,-0.5905780792236328,0.10131299495697021,0.05562645196914673,0.1674906611442566,0.04264354705810547,-1251.37158203125,-30.289798736572266,53.40576171875
20251022_154210.290751,0.9913405179977417,1.0480742454528809,0.9972724318504333,0.0086594820022583,-0.04807424545288086,0.0027275681495666504,0.41707855463027954,-178.0094757080078,178.4783477783203,-0.41707855463027954,-0.48544830083847046,0.29092296957969666,40307,-0.017729192972183228,-0.5906119346618652,0.12289285659790039,0.056286633014678955,0.1676025688648224,0.06703376770019531,-1249.930419921875,-30.77081871032715,88.69171142578125
20251022_154210.300341,0.9912694692611694,1.048021674156189,0.9973831176757812,0.008730530738830566,-0.048021674156188965,0.00261688232421875,0.3532930016517639,-177.8422393798828,178.3769073486328,-0.3532930016517639,-0.535707950592041,0.2713562250137329,40304,-0.017009735107421875,-0.5906440019607544,0.07194578647613525,0.05674844980239868,0.16771560907363892,0.04689216613769531,-1248.5634765625,-31.251298904418945,84.11407470703125
20251022_154210.310467,0.991223156452179,1.0479410886764526,0.9974875450134277,0.008776843547821045,-0.04794108867645264,0.0025124549865722656,0.37951740622520447,-177.7758026123047,178.2650146484375,-0.37951740622520447,-0.5391280055046082,0.25544533133506775,40350,-0.016330957412719727,-0.5906748175621033,0.06787776947021484,0.05704948306083679,0.16782940924167633,0.03056645393371582,-1246.46826171875,-31.731111526489258,128.936767578125
20251022_154210.320643,0.9911448359489441,1.0478882789611816,0.9976078867912292,0.008855164051055908,-0.04788827896118164,0.002392113208770752,0.33800768852233887,-177.99168395996094,178.30560302734375,-0.33800768852233887,-0.5280308127403259,0.2771941125392914,40307,-0.015548735857009888,-0.5907042026519775,0.07822215557098389,0.0575585663318634,0.1679440140724182,0.051691532135009766,-1245.09521484375,-32.21025848388672,84.49554443359375
20251022_154210.330617,0.9910664558410645,1.047806978225708,0.997738778591156,0.008933544158935547,-0.04780697822570801,0.002261221408843994,0.3230924904346466,-178.2891387939453,178.30563354492188,-0.3230924904346466,-0.5203503966331482,0.27785855531692505,40354,-0.014697939157485962,-0.5907321572303772,0.08507966995239258,0.058068037033081055,0.16805964708328247,0.05173087120056152,-1242.9814453125,-32.68873596191406,130.0811767578125
20251022_154210.340065,0.9910202026367188,1.0477145910263062,0.9978563785552979,0.00897979736328125,-0.04771459102630615,0.0021436214447021484,0.3153175413608551,-178.46885681152344,178.24851989746094,-0.3153175413608551,-0.528252124786377,0.2570718824863434,40374,-0.013933539390563965,-0.5907585620880127,0.07643997669219971,0.058368682861328125,0.1681760847568512,0.030527114868164062,-1240.579345703125,-33.166343688964844,147.81951904296875
20251022_154210.350403,0.9909624457359314,1.0476665496826172,0.9979663491249084,0.009037554264068604,-0.04766654968261719,0.0020336508750915527,0.2788254916667938,-178.59959411621094,178.2635498046875,-0.2788254916667938,-0.5325214862823486,0.2651568353176117,40303,-0.013218730688095093,-0.5907836556434631,0.07148087024688721,0.05874410271644592,0.16829319298267365,0.03811955451965332,-1239.330322265625,-33.64324951171875,76.86614990234375
20251022_154210.360919,0.9909036159515381,1.0476075410842896,0.9980946779251099,0.009096384048461914,-0.04760754108428955,0.0019053220748901367,0.3147401213645935,-178.5933074951172,178.3097686767578,-0.3147401213645935,-0.5197781324386597,0.2663652300834656,40322,-0.012384593486785889,-0.5908072590827942,0.08341372013092041,0.05912649631500244,0.16841106116771698,0.03882765769958496,-1237.7960205078125,-34.11962127685547,94.41375732421875
20251022_154210.370385,0.9908652305603027,1.0475413799285889,0.9982782602310181,0.009134769439697266,-0.04754137992858887,0.0017217397689819336,0.34658384323120117,-178.39051818847656,178.24777221679688,-0.34658384323120117,-0.48269185423851013,0.2532399296760559,40335,-0.011191308498382568,-0.5908290147781372,0.11932849884033203,0.05937600135803223,0.16852957010269165,0.02533435821533203,-1236.075927734375,-34.59536361694336,105.85784912109375
20251022_154210.380775,0.9908134341239929,1.0474615097045898,0.9984270334243774,0.00918656587600708,-0.047461509704589844,0.0015729665756225586,0.41790345311164856,-178.4643096923828,178.2415008544922,-0.41790345311164856,-0.5043705105781555,0.26254698634147644,40358,-0.01022428274154663,-0.5908488035202026,0.09670257568359375,0.05971267819404602,0.16864866018295288,0.03418564796447754,-1233.999267578125,-35.070377349853516,127.7923583984375
20251022_154210.391046,0.9907430410385132,1.047297477722168,0.998748779296875,0.009256958961486816,-0.04729747772216797,0.001251220703125,0.2353864461183548,-178.7050323486328,178.50299072265625,-0.2353864461183548,-0.38986384868621826,0.2753981947898865,40497,-0.0081329345703125,-0.5908657312393188,0.20913481712341309,0.06017023324966431,0.16876854002475739,0.04645943641662598,-1229.734375,-35.54417419433594,262.451171875
20251022_154210.400447,0.9907211065292358,1.0472731590270996,0.9987888336181641,0.00927889347076416,-0.04727315902709961,0.0012111663818359375,0.2399655431509018,-178.6449737548828,178.48524475097656,-0.2399655431509018,-0.5727177858352661,0.24367859959602356,40273,-0.007872581481933594,-0.5908805131912231,0.026035308837890625,0.06031280755996704,0.16888901591300964,0.014476776123046875,-1229.1021728515625,-36.017024993896484,38.909912109375
20251022_154210.410815,0.9906465411186218,1.0472033023834229,0.9990147352218628,0.009353458881378174,-0.04720330238342285,0.000985264778137207,0.2384987771511078,-178.94894409179688,178.4027557373047,-0.2384987771511078,-0.45046186447143555,0.2790207862854004,40347,-0.006404221057891846,-0.5908936858177185,0.1468360424041748,0.06079748272895813,0.16901013255119324,0.04921317100524902,-1227.285888671875,-36.489410400390625,111.7706298828125
20251022_154210.420038,0.990600049495697,1.0472065210342407,0.9991486072540283,0.009399950504302979,-0.04720652103424072,0.0008513927459716797,0.2812844216823578,-178.7591552734375,178.40863037109375,-0.2812844216823578,-0.5094219446182251,0.26091617345809937,40230,-0.005534052848815918,-0.590904712677002,0.08701682090759277,0.06109967827796936,0.1691320240497589,0.030684471130371094,-1227.3695068359375,-36.961456298828125,-5.14984130859375
20251022_154210.430319,0.9905591607093811,1.0472205877304077,0.9992505311965942,0.009440839290618896,-0.047220587730407715,0.0007494688034057617,0.24651017785072327,-178.51573181152344,178.49156188964844,-0.24651017785072327,-0.5295352935791016,0.25760653614997864,40212,-0.004871547222137451,-0.5909143090248108,0.06625056266784668,0.06136545538902283,0.16925449669361115,0.02698659896850586,-1227.7352294921875,-37.43359375,-22.5067138671875
20251022_154210.440978,0.9905237555503845,1.047234296798706,0.9993513822555542,0.009476244449615479,-0.047234296798706055,0.0006486177444458008,0.2819604277610779,-178.1509246826172,178.55862426757812,-0.2819604277610779,-0.5295855402946472,0.25434044003486633,40212,-0.004216015338897705,-0.5909227132797241,0.06555318832397461,0.06159558892250061,0.16937746107578278,0.02336740493774414,-1228.0916748046875,-37.90586853027344,-21.93450927734375
20251022_154210.450871,0.9904775619506836,1.0472608804702759,0.9994502067565918,0.009522438049316406,-0.04726088047027588,0.0005497932434082031,0.2516390085220337,-177.9939422607422,178.71995544433594,-0.2516390085220337,-0.5302676558494568,0.26188457012176514,40190,-0.0035736560821533203,-0.5909299254417419,0.06423592567443848,0.06189584732055664,0.1695009469985962,0.030487775802612305,-1228.7828369140625,-38.37834548950195,-42.53387451171875
20251022_154210.460352,0.9904198050498962,1.0472743511199951,0.9995927810668945,0.00958019495010376,-0.04727435111999512,0.00040721893310546875,0.24642930924892426,-177.88204956054688,178.752685546875,-0.24642930924892426,-0.5009092688560486,0.2700159251689911,40210,-0.002646923065185547,-0.5909356474876404,0.09267330169677734,0.06227126717567444,0.16962511837482452,0.03811955451965332,-1229.1331787109375,-38.85102081298828,-21.55303955078125
20251022_154210.470817,0.9903724789619446,1.047254204750061,0.9996934533119202,0.00962752103805542,-0.047254204750061035,0.000306546688079834,0.22926078736782074,-177.8086700439453,178.7723388671875,-0.22926078736782074,-0.5274955034255981,0.2635640799999237,40264,-0.001992553472518921,-0.5909399390220642,0.0654369592666626,0.06257888674736023,0.16974996030330658,0.031235218048095703,-1228.609375,-39.32366180419922,32.23419189453125
20251022_154210.480209,0.9903015494346619,1.047222375869751,0.9998908638954163,0.009698450565338135,-0.04722237586975098,0.00010913610458374023,0.29879117012023926,-177.89601135253906,178.65576171875,-0.29879117012023926,-0.46333491802215576,0.2797290086746216,40283,-0.0007093846797943115,-0.5909424424171448,0.12831687927246094,0.06303992867469788,0.16987557709217072,0.0468134880065918,-1227.78173828125,-39.79604721069336,50.92620849609375
20251022_154210.490964,0.9902297854423523,1.0471900701522827,1.000078797340393,0.009770214557647705,-0.047190070152282715,-7.87973403930664e-05,0.1380794644355774,-177.99285888671875,178.56871032714844,-0.1380794644355774,-0.46827366948127747,0.28087276220321655,40284,0.0005121827125549316,-0.5909426212310791,0.12215673923492432,0.06350639462471008,0.17000213265419006,0.047364234924316406,-1226.9417724609375,-40.26810836791992,51.68914794921875
20251022_154210.500184,0.9901807904243469,1.0471454858779907,1.0002081394195557,0.009819209575653076,-0.04714548587799072,-0.00020813941955566406,0.10467101633548737,-178.25477600097656,178.5105438232422,-0.10467101633548737,-0.5055156350135803,0.2662910223007202,40304,0.0013529062271118164,-0.5909408926963806,0.08407235145568848,0.063824862241745,0.1701294630765915,0.03233671188354492,-1225.7825927734375,-40.739784240722656,71.3348388671875
20251022_154210.510149,0.9900861978530884,1.0470548868179321,1.0004138946533203,0.009913802146911621,-0.04705488681793213,-0.0004138946533203125,0.004137691576033831,-178.49717712402344,178.5114288330078,-0.004137691576033831,-0.45450592041015625,0.2971285283565521,40380,0.0026903152465820312,-0.5909371376037598,0.13374090194702148,0.06443971395492554,0.17025771737098694,0.06243109703063965,-1223.427001953125,-41.21078872680664,144.95849609375
20251022_154210.520270,0.9901270270347595,1.0470083951950073,1.0004398822784424,0.009872972965240479,-0.047008395195007324,-0.0004398822784423828,0.19697429239749908,-178.7091064453125,178.46246337890625,-0.19697429239749908,-0.5711808204650879,0.20761340856552124,40310,0.0028592348098754883,-0.5909320116043091,0.016891956329345703,0.06417432427406311,0.17038634419441223,-0.0269472599029541,-1222.21826171875,-41.68110275268555,74.3865966796875
20251022_154210.530834,0.9899362921714783,1.0469003915786743,1.000624418258667,0.010063707828521729,-0.046900391578674316,-0.0006244182586669922,0.10224703699350357,-178.72055053710938,178.71157836914062,-0.10224703699350357,-0.4669185280799866,0.36181503534317017,40411,0.004058718681335449,-0.5909256339073181,0.1199483871459961,0.06541410088539124,0.17051592469215393,0.125885009765625,-1219.41015625,-42.1506462097168,172.8057861328125
20251022_154210.540531,0.9898927211761475,1.046856164932251,1.0007505416870117,0.010107278823852539,-0.04685616493225098,-0.0007505416870117188,0.09621505439281464,-178.7228240966797,178.69776916503906,-0.09621505439281464,-0.5040586590766907,0.26510119438171387,40309,0.004878520965576172,-0.5909174084663391,0.08198022842407227,0.0656973123550415,0.1706470400094986,0.02875685691833496,-1218.26025390625,-42.61943054199219,70.76263427734375
20251022_154210.550934,0.989850640296936,1.0468313694000244,1.0008609294891357,0.010149359703063965,-0.046831369400024414,-0.0008609294891357422,0.11319924890995026,-178.72122192382812,178.75222778320312,-0.11319924890995026,-0.5135595798492432,0.264522910118103,40278,0.005596041679382324,-0.5909076929092407,0.07175207138061523,0.06597083806991577,0.17077870666980743,0.027773380279541016,-1217.6156005859375,-43.087867736816406,39.6728515625
20251022_154210.560717,0.9897760152816772,1.0468599796295166,1.0009809732437134,0.010223984718322754,-0.0468599796295166,-0.000980973243713379,0.042740803211927414,-178.8792724609375,178.85595703125,-0.042740803211927414,-0.5064918994903564,0.28661954402923584,40192,0.006376326084136963,-0.5908966660499573,0.07802844047546387,0.0664559006690979,0.17091113328933716,0.04925251007080078,-1218.3594970703125,-43.55632400512695,-45.7763671875
20251022_154210.571073,0.9897714853286743,1.0468027591705322,1.0011086463928223,0.010228514671325684,-0.04680275917053223,-0.0011086463928222656,0.142155259847641,-178.91104125976562,178.6321258544922,-0.142155259847641,-0.5006904006004333,0.240519180893898,40330,0.0072062015533447266,-0.5908841490745544,0.08298754692077637,0.06648534536361694,0.17104406654834747,0.0029897689819335938,-1216.8717041015625,-44.02463912963867,91.552734375
20251022_154210.580692,0.9897269010543823,1.0467784404754639,1.0012285709381104,0.010273098945617676,-0.04677844047546387,-0.0012285709381103516,0.12340401113033295,-179.06915283203125,178.709716796875,-0.12340401113033295,-0.5049334168434143,0.2673780918121338,40278,0.007985711097717285,-0.5908700823783875,0.07795095443725586,0.06677514314651489,0.17117732763290405,0.029425621032714844,-1216.239501953125,-44.49254608154297,38.909912109375
20251022_154210.590173,0.989844560623169,1.046839714050293,1.0013731718063354,0.010155439376831055,-0.04683971405029297,-0.0013731718063354492,0.1468425989151001,-179.09429931640625,178.35630798339844,-0.1468425989151001,-0.4879383146762848,0.15966516733169556,40139,0.00892561674118042,-0.5908545255661011,0.09399056434631348,0.06601035594940186,0.17131012678146362,-0.07765531539916992,-1217.83251953125,-44.960636138916016,-98.0377197265625
20251022_154210.600706,0.9898195862770081,1.0468714237213135,1.0014876127243042,0.010180413722991943,-0.04687142372131348,-0.0014876127243041992,0.1536170095205307,-178.83334350585938,178.42031860351562,-0.1536170095205307,-0.506781280040741,0.2540980577468872,40185,0.009669482707977295,-0.5908373594284058,0.0743865966796875,0.06617268919944763,0.17144230008125305,0.016483068466186523,-1218.656982421875,-45.42919158935547,-50.7354736328125
20251022_154210.610735,0.9897950887680054,1.0469152927398682,1.0015958547592163,0.010204911231994629,-0.046915292739868164,-0.0015958547592163086,0.17222215235233307,-178.41201782226562,178.44415283203125,-0.17222215235233307,-0.5100884437561035,0.2540750801563263,40164,0.010373055934906006,-0.5908188223838806,0.0703573226928711,0.06633192300796509,0.17157480120658875,0.01616835594177246,-1219.797607421875,-45.89812469482422,-70.1904296875
20251022_154210.620715,0.9897935390472412,1.0469914674758911,1.001739501953125,0.010206460952758789,-0.04699146747589111,-0.001739501953125,0.1674751192331314,-178.0282745361328,178.4276885986328,-0.1674751192331314,-0.48612138628959656,0.2390722930431366,40109,0.0113067626953125,-0.5907987952232361,0.09337067604064941,0.06634199619293213,0.17170748114585876,0.0010228157043457031,-1221.7781982421875,-46.36766052246094,-121.87957763671875
20251022_154210.629944,0.9897593259811401,1.0470458269119263,1.0018579959869385,0.010240674018859863,-0.04704582691192627,-0.0018579959869384766,0.18046018481254578,-177.7681884765625,178.5418243408203,-0.18046018481254578,-0.5016791224479675,0.260985404253006,40142,0.012076973915100098,-0.5907772183418274,0.07702112197875977,0.06656438112258911,0.1718403846025467,0.022580623626708984,-1223.1915283203125,-46.83784484863281,-86.97509765625
20251022_154210.640812,0.9897520542144775,1.0470850467681885,1.002011775970459,0.010247945785522461,-0.04708504676818848,-0.0020117759704589844,0.16312600672245026,-177.54539489746094,178.65020751953125,-0.16312600672245026,-0.4777204692363739,0.24338458478450775,40165,0.013076543807983398,-0.5907540321350098,0.09995698928833008,0.066611647605896,0.1719735711812973,0.004799365997314453,-1224.211181640625,-47.30849838256836,-62.75177001953125
20251022_154210.650672,0.9897279739379883,1.047069787979126,1.002127766609192,0.010272026062011719,-0.04706978797912598,-0.0021277666091918945,0.14690285921096802,-177.53465270996094,178.53237915039062,-0.14690285921096802,-0.5015047788619995,0.25476810336112976,40252,0.013830482959747314,-0.5907291769981384,0.0753939151763916,0.06676816940307617,0.17210693657398224,0.015892982482910156,-1223.814453125,-47.779273986816406,24.4140625
20251022_154210.660685,0.9896900057792664,1.047044277191162,1.0022449493408203,0.010309994220733643,-0.04704427719116211,-0.0022449493408203125,0.11050011217594147,-177.61370849609375,178.44479370117188,-0.11050011217594147,-0.49994200468063354,0.2643146812915802,40269,0.014592170715332031,-0.5907029509544373,0.07616877555847168,0.06701496243476868,0.1722407341003418,0.025058984756469727,-1223.1512451171875,-48.24984359741211,40.8172607421875
20251022_154210.670327,0.9896517395973206,1.0469939708709717,1.0024045705795288,0.010348260402679443,-0.04699397087097168,-0.0024045705795288086,0.11206541210412979,-177.8461456298828,178.44190979003906,-0.11206541210412979,-0.47129154205322266,0.26489436626434326,40309,0.015629708766937256,-0.5906750559806824,0.10375380516052246,0.06726369261741638,0.17237500846385956,0.025255680084228516,-1221.84326171875,-48.720035552978516,80.4901123046875
20251022_154210.680176,0.9896327257156372,1.046929955482483,1.002531886100769,0.010367274284362793,-0.04692995548248291,-0.002531886100769043,0.13632097840309143,-178.0325469970703,178.4009552001953,-0.13632097840309143,-0.4914330840110779,0.25244611501693726,40333,0.01645725965499878,-0.590645432472229,0.08275508880615234,0.06738728284835815,0.17250965535640717,0.012549161911010742,-1220.1788330078125,-49.18965530395508,102.42462158203125
20251022_154210.690716,0.9895797967910767,1.0469728708267212,1.0026652812957764,0.01042020320892334,-0.04697287082672119,-0.002665281295776367,0.09768602252006531,-178.33798217773438,178.60939025878906,-0.09768602252006531,-0.48658305406570435,0.27530917525291443,40160,0.017324328422546387,-0.5906142592430115,0.08670687675476074,0.06773132085800171,0.17264477908611298,0.03493309020996094,-1221.294677734375,-49.6591682434082,-68.66455078125
20251022_154210.700886,0.9895449876785278,1.046894907951355,1.0028737783432007,0.010455012321472168,-0.04689490795135498,-0.0028737783432006836,-0.07654427736997604,-178.3013153076172,178.89132690429688,0.07654427736997604,-0.4363783597946167,0.2637120485305786,40355,0.018679559230804443,-0.5905809998512268,0.13552308082580566,0.06795758008956909,0.17278046905994415,0.022974014282226562,-1219.267578125,-50.128509521484375,124.7406005859375
20251022_154210.710549,0.9895092248916626,1.046919345855713,1.002976655960083,0.010490775108337402,-0.04691934585571289,-0.002976655960083008,0.13194532692432404,-178.56687927246094,178.47840881347656,-0.13194532692432404,-0.5043271780014038,0.26471009850502014,40190,0.01934826374053955,-0.5905458927154541,0.06687045097351074,0.06819003820419312,0.17291660606861115,0.023603439331054688,-1219.9029541015625,-50.59757995605469,-39.10064697265625
20251022_154210.720711,0.9894731044769287,1.0468920469284058,1.0030852556228638,0.010526895523071289,-0.04689204692840576,-0.0030852556228637695,0.16619941592216492,-178.57891845703125,178.5261688232422,-0.16619941592216492,-0.4998655915260315,0.26531752943992615,40273,0.020054161548614502,-0.5905095338821411,0.07058978080749512,0.06842482089996338,0.17305321991443634,0.023839473724365234,-1219.1932373046875,-51.06663513183594,43.67828369140625
20251022_154210.730227,0.9894325733184814,1.0467960834503174,1.0032906532287598,0.010567426681518555,-0.04679608345031738,-0.0032906532287597656,-0.049836523830890656,-178.64883422851562,178.8404998779297,0.049836523830890656,-0.4355735778808594,0.26862916350364685,40385,0.021389245986938477,-0.5904712677001953,0.13350844383239746,0.0686882734298706,0.17319034039974213,0.026750564575195312,-1216.6981201171875,-51.53507614135742,153.54156494140625
20251022_154210.740950,0.9894101023674011,1.0467652082443237,1.0034295320510864,0.010589897632598877,-0.04676520824432373,-0.0034295320510864258,-0.04811916500329971,-178.76190185546875,178.669921875,0.04811916500329971,-0.4778677523136139,0.25699302554130554,40281,0.022291958332061768,-0.5904309749603271,0.0902712345123291,0.0688343346118927,0.17332786321640015,0.014830827713012695,-1215.8953857421875,-52.00288391113281,49.40032958984375
20251022_154210.750845,0.9893975257873535,1.0467413663864136,1.0035268068313599,0.010602474212646484,-0.046741366386413574,-0.0035268068313598633,-0.08919370919466019,-178.9196014404297,178.58236694335938,0.08919370919466019,-0.5042363405227661,0.2506822347640991,40270,0.02292424440383911,-0.5903891921043396,0.06322860717773438,0.06891608238220215,0.17346560955047607,0.008300542831420898,-1215.2755126953125,-52.47041702270508,38.14697265625
20251022_154210.760733,0.9893608689308167,1.0467609167099,1.0036424398422241,0.01063913106918335,-0.0467609167098999,-0.003642439842224121,-0.08881070464849472,-178.87168884277344,178.4803466796875,0.08881070464849472,-0.4915089011192322,0.2669515609741211,40199,0.023675858974456787,-0.5903462171554565,0.07516145706176758,0.06915435194969177,0.17360368371009827,0.024193525314331055,-1215.7838134765625,-52.93792724609375,-31.280517578125
20251022_154210.770449,0.9893492460250854,1.0468379259109497,1.0037497282028198,0.01065075397491455,-0.04683792591094971,-0.0037497282028198242,-0.06739210337400436,-178.62686157226562,178.478271484375,0.06739210337400436,-0.4961911737918854,0.2506430745124817,40105,0.024373233318328857,-0.5903018712997437,0.06973743438720703,0.06922990083694458,0.17374207079410553,0.0076711177825927734,-1217.7861328125,-53.405921936035156,-123.2147216796875
20251022_154210.780501,0.9893497824668884,1.046924114227295,1.0038337707519531,0.010650217533111572,-0.04692411422729492,-0.003833770751953125,-0.06455571949481964,-178.18946838378906,178.5300750732422,0.06455571949481964,-0.5107091665267944,0.24275287985801697,40088,0.024919509887695312,-0.5902563333511353,0.05462765693664551,0.06922641396522522,0.17388051748275757,-0.0003540515899658203,-1220.0269775390625,-53.874732971191406,-137.90130615234375
20251022_154210.790241,0.9891703128814697,1.0469056367874146,1.0039279460906982,0.010829687118530273,-0.04690563678741455,-0.003927946090698242,-0.15979886054992676,-177.7704315185547,178.9473876953125,0.15979886054992676,-0.5034641623497009,0.36286303400993347,40255,0.025531649589538574,-0.5902097821235657,0.06121397018432617,0.07039296627044678,0.17402014136314392,0.11844992637634277,-1219.5465087890625,-54.34387969970703,29.56390380859375
20251022_154210.800482,0.9891219139099121,1.0469340085983276,1.0041171312332153,0.01087808609008789,-0.04693400859832764,-0.004117131233215332,0.027164023369550705,-177.5589141845703,178.9113006591797,-0.027164023369550705,-0.44042980670928955,0.2768121361732483,40179,0.026761353015899658,-0.5901615023612976,0.1229703426361084,0.07070755958557129,0.17416124045848846,0.031943321228027344,-1220.2841796875,-54.813079833984375,-45.3948974609375
20251022_154210.810272,0.9890578985214233,1.046933650970459,1.0042834281921387,0.01094210147857666,-0.046933650970458984,-0.004283428192138672,-0.17146627604961395,-177.38699340820312,178.91018676757812,0.17146627604961395,-0.45417580008506775,0.2876769006252289,40225,0.027842283248901367,-0.5901111364364624,0.1080930233001709,0.07112365961074829,0.1743030697107315,0.04225015640258789,-1220.27490234375,-55.28241729736328,0.57220458984375
20251022_154210.819994,0.9890176057815552,1.0468707084655762,1.0044035911560059,0.010982394218444824,-0.04687070846557617,-0.004403591156005859,-0.15470416843891144,-177.54930114746094,178.80921936035156,0.15470416843891144,-0.483329713344574,0.2724243402481079,40326,0.028623342514038086,-0.5900589823722839,0.07810592651367188,0.07138556241989136,0.17444558441638947,0.02659320831298828,-1218.638427734375,-55.75143814086914,100.7080078125
20251022_154210.830371,0.9889727830886841,1.0468249320983887,1.0045061111450195,0.011027216911315918,-0.04682493209838867,-0.004506111145019531,-0.14654865860939026,-177.85391235351562,178.69247436523438,0.14654865860939026,-0.49407780170440674,0.27584853768348694,40299,0.029289722442626953,-0.5900055170059204,0.06663799285888672,0.07167690992355347,0.1745886504650116,0.029582977294921875,-1217.4482421875,-56.21991729736328,73.2421875
20251022_154210.840145,0.9889327883720398,1.0467700958251953,1.0046296119689941,0.011067211627960205,-0.04677009582519531,-0.004629611968994141,-0.14177373051643372,-178.06544494628906,178.6259307861328,0.14177373051643372,-0.47958269715309143,0.2730656564235687,40315,0.030092477798461914,-0.5899507403373718,0.0802755355834961,0.07193687558174133,0.1747322529554367,0.026396512985229492,-1216.0224609375,-56.68789291381836,87.738037109375
20251022_154210.850413,0.9889031648635864,1.0467424392700195,1.004706859588623,0.011096835136413574,-0.04674243927001953,-0.004706859588623047,-0.17900508642196655,-178.29335021972656,178.66453552246094,0.17900508642196655,-0.5090891718864441,0.2665572762489319,40271,0.030594587326049805,-0.589894711971283,0.05021095275878906,0.07212942838668823,0.17487633228302002,0.019551515579223633,-1215.303466796875,-57.15545654296875,44.25048828125
20251022_154210.860307,0.988883912563324,1.0467019081115723,1.0047898292541504,0.011116087436676025,-0.046701908111572266,-0.004789829254150391,-0.14441819489002228,-178.48106384277344,178.6902618408203,0.14441819489002228,-0.5047735571861267,0.25998181104660034,40292,0.03113389015197754,-0.5898377299308777,0.05393028259277344,0.07225456833839417,0.1750207096338272,0.012706518173217773,-1214.2496337890625,-57.622676849365234,64.849853515625
20251022_154210.870389,0.9888509511947632,1.0466877222061157,1.0049012899398804,0.011149048805236816,-0.04668772220611572,-0.004901289939880371,-0.15267722308635712,-178.624267578125,178.6484375,0.15267722308635712,-0.4854717254638672,0.26938876509666443,40250,0.03185838460922241,-0.5897795557975769,0.0724494457244873,0.0724688172340393,0.17516542971134186,0.02175450325012207,-1213.8807373046875,-58.08962631225586,22.69744873046875
20251022_154210.880692,0.9888296723365784,1.0466246604919434,1.0050067901611328,0.01117032766342163,-0.04662466049194336,-0.0050067901611328125,-0.16610795259475708,-178.6506805419922,178.48899841308594,0.16610795259475708,-0.48860085010528564,0.2619616985321045,40330,0.03254413604736328,-0.5897201299667358,0.06857514381408691,0.0726071298122406,0.17531050741672516,0.014044046401977539,-1212.2412109375,-58.55618667602539,100.89874267578125
20251022_154210.890716,0.9887987375259399,1.0465871095657349,1.0051075220108032,0.011201262474060059,-0.04658710956573486,-0.005107522010803223,-0.07749740034341812,-178.6225128173828,178.40585327148438,0.07749740034341812,-0.49098482728004456,0.2686811089515686,40289,0.03319889307022095,-0.5896594524383545,0.0654757022857666,0.07280820608139038,0.17545592784881592,0.020416975021362305,-1211.264892578125,-59.022247314453125,60.08148193359375
20251022_154210.900640,0.9887835383415222,1.0466264486312866,1.0051926374435425,0.011216461658477783,-0.04662644863128662,-0.0051926374435424805,-0.08460231125354767,-178.72467041015625,178.52578735351562,0.08460231125354767,-0.5005204677581787,0.2585400938987732,40165,0.03375214338302612,-0.5895976424217224,0.05532503128051758,0.07290700078010559,0.17560164630413055,0.010031461715698242,-1212.2877197265625,-59.488311767578125,-62.9425048828125
20251022_154210.910616,0.9887745976448059,1.0466437339782715,1.0052634477615356,0.011225402355194092,-0.046643733978271484,-0.0052634477615356445,-0.11347466707229614,-178.7247772216797,178.55955505371094,0.11347466707229614,-0.5092957615852356,0.2546134889125824,40199,0.03421241044998169,-0.5895348787307739,0.04602670669555664,0.0729651153087616,0.17574751377105713,0.005900859832763672,-1212.737060546875,-59.95466613769531,-27.65655517578125
20251022_154210.920434,0.9887555241584778,1.0466622114181519,1.005349040031433,0.011244475841522217,-0.046662211418151855,-0.0053490400314331055,-0.1026197001338005,-178.75088500976562,178.55699157714844,0.1026197001338005,-0.499067485332489,0.26157116889953613,40196,0.034768760204315186,-0.5894712209701538,0.05563497543334961,0.07308909296989441,0.17589356005191803,0.0125885009765625,-1213.217529296875,-60.42119598388672,-29.56390380859375
20251022_154210.930155,0.9887511730194092,1.0466692447662354,1.0054535865783691,0.01124882698059082,-0.04666924476623535,-0.005453586578369141,-0.15650777518749237,-178.63739013671875,178.5319366455078,0.15650777518749237,-0.4860028326511383,0.2520289123058319,40214,0.035448312759399414,-0.589406430721283,0.06795525550842285,0.07311737537384033,0.17603977024555206,0.0028717517852783203,-1213.400390625,-60.88785171508789,-11.25335693359375
20251022_154210.940609,0.9888753890991211,1.0467363595962524,1.0055427551269531,0.011124610900878906,-0.04673635959625244,-0.005542755126953125,-0.08354111015796661,-178.4070281982422,178.13221740722656,0.08354111015796661,-0.49535295367240906,0.16651256382465363,40116,0.03602790832519531,-0.5893404483795166,0.057959556579589844,0.07230997085571289,0.17618520557880402,-0.08198261260986328,-1215.1453857421875,-61.354881286621094,-107.38372802734375
20251022_154210.950901,0.9888502955436707,1.0467841625213623,1.0056066513061523,0.011149704456329346,-0.046784162521362305,-0.005606651306152344,-0.058280330151319504,-178.04898071289062,178.16539001464844,0.058280330151319504,-0.5112977623939514,0.26536479592323303,40145,0.036443233489990234,-0.5892735123634338,0.04153251647949219,0.07247307896614075,0.17632998526096344,0.01656174659729004,-1216.38818359375,-61.82248306274414,-76.48468017578125
20251022_154210.960591,0.9888259768486023,1.046830415725708,1.0056674480438232,0.011174023151397705,-0.04683041572570801,-0.005667448043823242,-0.060276273638010025,-177.82322692871094,178.21397399902344,0.060276273638010025,-0.5128495693206787,0.2651565670967102,40146,0.036838412284851074,-0.5892058610916138,0.039517879486083984,0.07263115048408508,0.17647509276866913,0.016050338745117188,-1217.5908203125,-62.29055404663086,-74.005126953125
20251022_154210.970954,0.9887998700141907,1.0468897819519043,1.00571608543396,0.011200129985809326,-0.0468897819519043,-0.005716085433959961,-0.04837715998291969,-177.68040466308594,178.4272918701172,0.04837715998291969,-0.520368754863739,0.26665186882019043,40123,0.037154555320739746,-0.589137613773346,0.03161430358886719,0.07280084490776062,0.1766205132007599,0.017230510711669922,-1219.13427734375,-62.7591552734375,-94.9859619140625
20251022_154210.980359,0.9887823462486267,1.0469000339508057,1.005772590637207,0.011217653751373291,-0.046900033950805664,-0.005772590637207031,-0.019665561616420746,-177.7400360107422,178.5248260498047,0.019665561616420746,-0.5148184299468994,0.2612466812133789,40200,0.0375218391418457,-0.5890686511993408,0.0367283821105957,0.07291474938392639,0.17676623165607452,0.011565685272216797,-1219.40087890625,-63.22810363769531,-16.4031982421875
20251022_154210.991092,0.9887462258338928,1.0468337535858154,1.0058437585830688,0.011253774166107178,-0.04683375358581543,-0.005843758583068848,-0.014398564584553242,-177.94322204589844,178.4731903076172,0.014398564584553242,-0.5047553777694702,0.2739013135433197,40324,0.03798443078994751,-0.5889989733695984,0.046259164810180664,0.07314953207969666,0.17691229283809662,0.023839473724365234,-1217.6776123046875,-63.696773529052734,106.048583984375
20251022_154211.000401,0.9887118935585022,1.046697735786438,1.0059597492218018,0.011288106441497803,-0.04669773578643799,-0.005959749221801758,-0.04359991475939751,-178.2432403564453,178.26400756835938,0.04359991475939751,-0.4747958481311798,0.27309080958366394,40439,0.038738369941711426,-0.5889281630516052,0.0753939151763916,0.07337269186973572,0.17705881595611572,0.0226593017578125,-1214.14111328125,-64.1644287109375,217.62847900390625
20251022_154211.010493,0.9886574149131775,1.0466604232788086,1.0060352087020874,0.01134258508682251,-0.046660423278808594,-0.006035208702087402,-0.07616601139307022,-178.59107971191406,178.21983337402344,0.07616601139307022,-0.5005786418914795,0.28688862919807434,40281,0.039228856563568115,-0.5888561606407166,0.049048662185668945,0.07372680306434631,0.1772059202194214,0.03595590591430664,-1213.1710205078125,-64.6312255859375,59.70001220703125
20251022_154211.019941,0.9886382222175598,1.0465946197509766,1.0061222314834595,0.011361777782440186,-0.04659461975097656,-0.006122231483459473,-0.06869041174650192,-178.7196044921875,178.1431884765625,0.06869041174650192,-0.4924238920211792,0.2638722360134125,40328,0.03979450464248657,-0.5887832045555115,0.0565648078918457,0.0738515555858612,0.17735350131988525,0.012667179107666016,-1211.4600830078125,-65.09749603271484,105.28564453125
20251022_154211.030241,0.9886133074760437,1.0465731620788574,1.0061736106872559,0.011386692523956299,-0.04657316207885742,-0.006173610687255859,-0.06307226419448853,-178.79116821289062,178.14390563964844,0.06307226419448853,-0.5151845216751099,0.2679585814476013,40257,0.040128469467163086,-0.5887094736099243,0.03339648246765137,0.07401350140571594,0.1775013655424118,0.016443729400634766,-1210.9022216796875,-65.56333923339844,34.332275390625
20251022_154211.040824,0.9886000156402588,1.046589732170105,1.006223440170288,0.011399984359741211,-0.04658973217010498,-0.006223440170288086,-0.06010805442929268,-178.8039093017578,178.2307891845703,0.06010805442929268,-0.5157935619354248,0.2605219781398773,40196,0.04045236110687256,-0.5886350870132446,0.032389163970947266,0.07409989833831787,0.17764948308467865,0.008772611618041992,-1211.3330078125,-66.0291519165039,-26.51214599609375
20251022_154211.050380,0.9886003732681274,1.0465813875198364,1.006325364112854,0.011399626731872559,-0.046581387519836426,-0.006325364112854004,-0.09957513958215714,-178.75054931640625,178.25711059570312,0.09957513958215714,-0.4811943471431732,0.25165921449661255,40235,0.041114866733551025,-0.5885597467422485,0.06625056266784668,0.07409757375717163,0.17779767513275146,-0.00023603439331054688,-1211.1160888671875,-66.49500274658203,13.3514404296875
20251022_154211.060279,0.9885880947113037,1.0465670824050903,1.0063806772232056,0.011411905288696289,-0.04656708240509033,-0.006380677223205566,-0.08935804665088654,-178.64404296875,178.19068908691406,0.08935804665088654,-0.511055588722229,0.26022717356681824,40245,0.04147440195083618,-0.5884835124015808,0.035953521728515625,0.07417738437652588,0.17794595658779144,0.00810384750366211,-1210.744140625,-66.96074676513672,22.88818359375
20251022_154211.070963,0.9885664582252502,1.046578288078308,1.0064140558242798,0.011433541774749756,-0.046578288078308105,-0.006414055824279785,-0.08312974125146866,-178.5107879638672,178.1475067138672,0.08312974125146866,-0.5250192880630493,0.26669254899024963,40203,0.041691362857818604,-0.5884067416191101,0.021696090698242188,0.07431802153587341,0.17809444665908813,0.014280080795288086,-1211.0355224609375,-67.42647552490234,-17.9290771484375
20251022_154211.080137,0.9885514974594116,1.0465846061706543,1.0064867734909058,0.011448502540588379,-0.0465846061706543,-0.006486773490905762,-0.08500275760889053,-178.26524353027344,178.10256958007812,0.08500275760889053,-0.49889883399009705,0.2625325620174408,40210,0.04216402769088745,-0.5883293747901917,0.047266483306884766,0.07441526651382446,0.17824317514896393,0.009874105453491211,-1211.19970703125,-67.89228820800781,-10.10894775390625
20251022_154211.090849,0.988538384437561,1.046589732170105,1.006535530090332,0.011461615562438965,-0.04658973217010498,-0.006535530090332031,-0.12488795816898346,-178.012451171875,178.1873779296875,0.12488795816898346,-0.5140784978866577,0.26154717803001404,40212,0.0424809455871582,-0.5882512331008911,0.031691789627075195,0.07450050115585327,0.17839209735393524,0.008654594421386719,-1211.3330078125,-68.35816192626953,-8.20159912109375
20251022_154211.100606,0.9885391592979431,1.046614170074463,1.0065926313400269,0.011460840702056885,-0.04661417007446289,-0.0065926313400268555,-0.09738215059041977,-177.8979949951172,178.24380493164062,0.09738215059041977,-0.5082045197486877,0.2525251507759094,40180,0.04285210371017456,-0.588172435760498,0.03711581230163574,0.07449546456336975,0.17854109406471252,-0.0005114078521728516,-1211.9683837890625,-68.82418060302734,-39.10064697265625
20251022_154211.110704,0.9885315299034119,1.0466227531433105,1.0066242218017578,0.011468470096588135,-0.04662275314331055,-0.0066242218017578125,-0.13596224784851074,-177.78326416015625,178.29859924316406,0.13596224784851074,-0.5245019197463989,0.25827059149742126,40204,0.04305744171142578,-0.5880931615829468,0.02053380012512207,0.07454505562782288,0.1786901354789734,0.005035400390625,-1212.1915283203125,-69.29036712646484,-13.73291015625
20251022_154211.120671,0.9885293841362,1.0465705394744873,1.0066593885421753,0.011470615863800049,-0.046570539474487305,-0.006659388542175293,-0.14612317085266113,-177.62742614746094,178.24636840820312,0.14612317085266113,-0.5218690633773804,0.2548144459724426,40302,0.043286025524139404,-0.5880134701728821,0.022858381271362305,0.07455900311470032,0.17883923649787903,0.0014162063598632812,-1210.833984375,-69.75633239746094,83.5418701171875
20251022_154211.130237,0.9885011315345764,1.0465022325515747,1.0067282915115356,0.011498868465423584,-0.04650223255157471,-0.0067282915115356445,-0.10576198250055313,-177.61224365234375,178.1879425048828,0.10576198250055313,-0.49941229820251465,0.2723779082298279,40330,0.04373389482498169,-0.5879331231117249,0.044786930084228516,0.0747426450252533,0.1789885312318802,0.018646717071533203,-1209.05810546875,-70.22169494628906,109.29107666015625
20251022_154211.140721,0.9884825348854065,1.0464385747909546,1.006778359413147,0.011517465114593506,-0.04643857479095459,-0.006778359413146973,-0.13077692687511444,-177.59585571289062,178.17306518554688,0.13077692687511444,-0.5112485885620117,0.26627546548843384,40323,0.04405933618545532,-0.5878520607948303,0.03254413604736328,0.07486352324485779,0.17913813889026642,0.012273788452148438,-1207.4029541015625,-70.6864013671875,101.8524169921875
20251022_154211.150400,0.9884703159332275,1.0463757514953613,1.0068209171295166,0.011529684066772461,-0.04637575149536133,-0.0068209171295166016,-0.15332895517349243,-177.7269287109375,178.1987762451172,0.15332895517349243,-0.5157720446586609,0.2622953951358795,40323,0.04433596134185791,-0.5877705216407776,0.02766251564025879,0.074942946434021,0.17928795516490936,0.008064508438110352,-1205.76953125,-71.15047454833984,100.51727294921875
20251022_154211.160717,0.9885179996490479,1.0460293292999268,1.0071126222610474,0.011482000350952148,-0.04602932929992676,-0.007112622261047363,-0.5092043280601501,-177.60031127929688,179.4110107421875,0.5092043280601501,-0.35184651613235474,0.22259928286075592,40785,0.04623204469680786,-0.5876868963241577,0.18960833549499512,0.07463300228118896,0.1794375330209732,-0.03147125244140625,-1196.7625732421875,-71.61249542236328,554.2755126953125
20251022_154211.170648,0.9885035157203674,1.0459531545639038,1.0071629285812378,0.011496484279632568,-0.04595315456390381,-0.007162928581237793,-0.5082479119300842,-178.09780883789062,179.4685516357422,0.5082479119300842,-0.5083431005477905,0.263873428106308,40355,0.046559035778045654,-0.5876012444496155,0.0326991081237793,0.0747271478176117,0.17958688735961914,0.009559392929077148,-1194.781982421875,-72.0724105834961,121.87957763671875
20251022_154211.180298,0.9884607791900635,1.04585599899292,1.0072221755981445,0.011539220809936523,-0.04585599899291992,-0.007222175598144531,-0.5828744769096375,-178.47462463378906,179.40447998046875,0.5828744769096375,-0.5020602345466614,0.2829476594924927,40390,0.04694414138793945,-0.5875149369239807,0.03851056098937988,0.0750049352645874,0.17973661422729492,0.02820611000061035,-1192.2559814453125,-72.53145599365234,155.44891357421875
20251022_154211.191108,0.9884770512580872,1.0457803010940552,1.007257342338562,0.011522948741912842,-0.045780301094055176,-0.007257342338562012,-0.47746342420578003,-178.5780487060547,179.296630859375,0.47746342420578003,-0.5173969268798828,0.24404612183570862,40357,0.047172725200653076,-0.5874280333518982,0.022858381271362305,0.07489916682243347,0.17988651990890503,-0.010739564895629883,-1190.287841796875,-72.98963928222656,121.11663818359375
20251022_154211.200672,0.9884725213050842,1.0457494258880615,1.007285714149475,0.011527478694915771,-0.04574942588806152,-0.007285714149475098,-0.5568236708641052,-178.41998291015625,179.3115234375,0.5568236708641052,-0.521541953086853,0.2579547166824341,40286,0.047357141971588135,-0.587340772151947,0.01844167709350586,0.07492861151695251,0.18003635108470917,0.0029897689819335938,-1189.485107421875,-73.4472885131836,49.40032958984375
20251022_154211.210729,0.9884737133979797,1.0457309484481812,1.0073328018188477,0.011526286602020264,-0.04573094844818115,-0.007332801818847656,-0.5253433585166931,-178.1774139404297,179.31092834472656,0.5253433585166931,-0.5089828968048096,0.25432029366493225,40266,0.047663211822509766,-0.5872530937194824,0.030606985092163086,0.07492086291313171,0.1801861971616745,-0.0007867813110351562,-1189.004638671875,-73.9046859741211,29.56390380859375
20251022_154211.220216,0.9883266687393188,1.0456351041793823,1.0074124336242676,0.011673331260681152,-0.045635104179382324,-0.007412433624267578,-0.6410542130470276,-177.90342712402344,179.7436065673828,0.6410542130470276,-0.4872231185436249,0.35326313972473145,40392,0.04818081855773926,-0.587164580821991,0.05176067352294922,0.07587665319442749,0.18033699691295624,0.09704947471618652,-1186.5126953125,-74.36151885986328,153.350830078125
20251022_154211.230431,0.9885433912277222,1.0455900430679321,1.0075006484985352,0.011456608772277832,-0.04559004306793213,-0.007500648498535156,-0.6433559656143188,-177.6446533203125,179.68382263183594,0.6433559656143188,-0.4809812605381012,0.11191845685243607,40311,0.048754215240478516,-0.5870751142501831,0.05733966827392578,0.07446795701980591,0.18048733472824097,-0.1430368423461914,-1185.341064453125,-74.81764221191406,72.0977783203125
20251022_154211.240831,0.988554835319519,1.045591950416565,1.007517695426941,0.011445164680480957,-0.04559195041656494,-0.007517695426940918,-0.6336590647697449,-177.42372131347656,179.80213928222656,0.6336590647697449,-0.5270394682884216,0.24747666716575623,40236,0.04886502027511597,-0.5869849920272827,0.011080503463745117,0.07439357042312622,0.1806361973285675,-0.0075531005859375,-1185.3907470703125,-75.27355194091797,-3.0517578125
20251022_154211.250679,0.988548994064331,1.0455745458602905,1.0075476169586182,0.011451005935668945,-0.04557454586029053,-0.007547616958618164,-0.6536733508110046,-177.2977294921875,179.93148803710938,0.6536733508110046,-0.5183861255645752,0.25907179713249207,40267,0.049059510231018066,-0.5868946313858032,0.01944899559020996,0.07443153858184814,0.18078503012657166,0.0038552284240722656,-1184.938232421875,-75.72938537597656,27.8472900390625
20251022_154211.260487,0.9884105920791626,1.0454953908920288,1.0075031518936157,0.011589407920837402,-0.04549539089202881,-0.007503151893615723,-0.5746380090713501,-177.0690460205078,-179.8833465576172,0.5746380090713501,-0.5669361352920532,0.3476112484931946,40367,0.0487704873085022,-0.5868043303489685,-0.028902292251586914,0.07533115148544312,0.18093478679656982,0.09134531021118164,-1182.880126953125,-76.18473815917969,126.64794921875
20251022_154211.270651,0.9885637164115906,1.0456416606903076,1.0073570013046265,0.011436283588409424,-0.04564166069030762,-0.007357001304626465,-0.5533545017242432,-176.48731994628906,179.91897583007812,0.5533545017242432,-0.6338925361633301,0.15435823798179626,40002,0.04782050848007202,-0.5867151618003845,-0.09499788284301758,0.07433584332466125,0.18108445405960083,-0.10106205940246582,-1186.6832275390625,-76.64041900634766,-234.03167724609375
20251022_154211.280356,0.9883751273155212,1.045465350151062,1.0075082778930664,0.01162487268447876,-0.04546535015106201,-0.007508277893066406,-0.8520842790603638,-176.33921813964844,-179.45008850097656,0.8520842790603638,-0.4394923746585846,0.3812648355960846,40522,0.04880380630493164,-0.5866259932518005,0.09832978248596191,0.07556167244911194,0.18123435974121094,0.12446880340576172,-1182.09912109375,-77.09595489501953,282.09686279296875
20251022_154211.290540,0.9884164929389954,1.045440435409546,1.0074453353881836,0.011583507061004639,-0.0454404354095459,-0.007445335388183594,-0.6663748621940613,-176.4877166748047,-179.73399353027344,0.6663748621940613,-0.5790541768074036,0.2293766885995865,40280,0.04839468002319336,-0.5865362286567688,-0.040912628173828125,0.07529279589653015,0.18138520419597626,-0.027301311492919922,-1181.4512939453125,-77.55048370361328,39.86358642578125
20251022_154211.300538,0.9884125590324402,1.0452569723129272,1.0076444149017334,0.011587440967559814,-0.045256972312927246,-0.0076444149017333984,-0.5532128214836121,-177.25643920898438,-179.97129821777344,0.5532128214836121,-0.40735533833503723,0.2594505548477173,40538,0.04968869686126709,-0.586445689201355,0.12940168380737305,0.0753183662891388,0.18153582513332367,0.0025963783264160156,-1176.6812744140625,-78.00397491455078,293.54095458984375
20251022_154211.310513,0.9884173274040222,1.0453400611877441,1.0074888467788696,0.011582672595977783,-0.04534006118774414,-0.007488846778869629,-0.6678193211555481,-176.73341369628906,-179.6158447265625,0.6678193211555481,-0.6387966871261597,0.25382667779922485,40109,0.04867750406265259,-0.5863549113273621,-0.1011192798614502,0.07528737187385559,0.1816864311695099,-0.003147125244140625,-1178.841552734375,-78.45695495605469,-132.94219970703125
20251022_154211.320417,0.9884463548660278,1.04507577419281,1.0077381134033203,0.011553645133972168,-0.04507577419281006,-0.0077381134033203125,-0.5952049493789673,-178.3010711669922,179.46051025390625,0.5952049493789673,-0.373942494392395,0.23777738213539124,40671,0.05029773712158203,-0.5862635374069214,0.16202330589294434,0.07509869337081909,0.1818368136882782,-0.019158124923706055,-1171.9700927734375,-78.9090347290039,422.85919189453125
20251022_154211.330414,0.9884425401687622,1.044930338859558,1.0077996253967285,0.011557459831237793,-0.044930338859558105,-0.007799625396728516,-0.5631370544433594,-178.54592895507812,179.39297485351562,0.5631370544433594,-0.4954899549484253,0.2596282362937927,40485,0.05069756507873535,-0.5861703157424927,0.03998279571533203,0.07512348890304565,0.18198703229427338,0.0025177001953125,-1168.1888427734375,-79.35906982421875,232.696533203125
20251022_154211.340471,0.9884347319602966,1.044796347618103,1.0078413486480713,0.01156526803970337,-0.04479634761810303,-0.007841348648071289,-0.5939001441001892,-178.8709259033203,179.28993225097656,0.5939001441001892,-0.5079876184463501,0.2624650001525879,40469,0.05096876621246338,-0.5860764980316162,0.027120113372802734,0.0751742422580719,0.18213732540607452,0.0051534175872802734,-1164.705078125,-79.80770111083984,214.385986328125
20251022_154211.350469,0.9884545803070068,1.0446957349777222,1.0078885555267334,0.011545419692993164,-0.04469573497772217,-0.007888555526733398,-0.5900207161903381,-179.0740966796875,179.1742401123047,0.5900207161903381,-0.5040220022201538,0.2442328780889511,40418,0.05127561092376709,-0.585982084274292,0.030684471130371094,0.07504522800445557,0.1822875589132309,-0.013099908828735352,-1162.089111328125,-80.25515747070312,160.980224609375
20251022_154211.360487,0.9884679317474365,1.0446730852127075,1.0078997611999512,0.011532068252563477,-0.04467308521270752,-0.007899761199951172,-0.5611328482627869,-179.01611328125,179.16917419433594,0.5611328482627869,-0.5272552371025085,0.24858404695987701,40294,0.05134844779968262,-0.5858873724937439,0.007283687591552734,0.0749584436416626,0.18243755400180817,-0.00881195068359375,-1161.500244140625,-80.7020034790039,36.2396240234375
20251022_154211.370727,0.9885966181755066,1.0447620153427124,1.0079197883605957,0.011403381824493408,-0.0447620153427124,-0.007919788360595703,-0.5557733774185181,-178.85569763183594,178.9345245361328,0.5557733774185181,-0.5212961435317993,0.17177557945251465,40112,0.05147862434387207,-0.5857924222946167,0.013017654418945312,0.07412198185920715,0.1825866401195526,-0.08493304252624512,-1163.8123779296875,-81.14917755126953,-142.2882080078125
20251022_154211.380502,0.9884910583496094,1.0447450876235962,1.0079078674316406,0.011508941650390625,-0.04474508762359619,-0.007907867431640625,-0.5698993802070618,-178.5451202392578,179.3263702392578,0.5698993802070618,-0.5420449376106262,0.3272131681442261,40282,0.05140113830566406,-0.5856974720954895,-0.007748603820800781,0.07480812072753906,0.18273556232452393,0.06966948509216309,-1163.372314453125,-81.59671783447266,27.0843505859375
20251022_154211.390821,0.9885109066963196,1.0447251796722412,1.007935881614685,0.01148909330368042,-0.04472517967224121,-0.007935881614685059,-0.5475205779075623,-178.2896270751953,179.32107543945312,0.5475205779075623,-0.515809953212738,0.24446424841880798,40286,0.05158323049545288,-0.5856024026870728,0.018209218978881836,0.07467910647392273,0.1828850507736206,-0.013099908828735352,-1162.8546142578125,-82.0440673828125,31.85272216796875
20251022_154211.400848,0.9885335564613342,1.044698715209961,1.0079416036605835,0.011466443538665771,-0.04469871520996094,-0.007941603660583496,-0.5842960476875305,-178.05056762695312,179.34873962402344,0.5842960476875305,-0.5301674008369446,0.24261730909347534,40297,0.051620423793792725,-0.5855071544647217,0.003719329833984375,0.07453188300132751,0.1830342710018158,-0.014948844909667969,-1162.1666259765625,-82.4911880493164,42.3431396484375
20251022_154211.410774,0.9885355234146118,1.0446714162826538,1.0079851150512695,0.011464476585388184,-0.04467141628265381,-0.007985115051269531,-0.5732395648956299,-177.93807983398438,179.357421875,0.5732395648956299,-0.5052259564399719,0.25640422105789185,40299,0.05190324783325195,-0.5854116082191467,0.02828240394592285,0.0745190978050232,0.18318331241607666,-0.0012981891632080078,-1161.456787109375,-82.93803405761719,43.67828369140625
20251022_154211.420658,0.9885353446006775,1.044601559638977,1.008070945739746,0.01146465539932251,-0.04460155963897705,-0.008070945739746094,-0.4572236239910126,-177.84210205078125,179.31236267089844,0.4572236239910126,-0.4770641624927521,0.2579706311225891,40368,0.05246114730834961,-0.5853152871131897,0.055789947509765625,0.07452026009559631,0.18333235383033752,0.00011801719665527344,-1159.6405029296875,-83.3843994140625,111.7706298828125
20251022_154211.430595,0.9885528087615967,1.0445556640625,1.0080994367599487,0.01144719123840332,-0.0445556640625,-0.00809943675994873,-0.4487059414386749,-177.86163330078125,179.28399658203125,0.4487059414386749,-0.5140527486801147,0.24636167287826538,40331,0.05264633893966675,-0.5852182507514954,0.018519163131713867,0.07440674304962158,0.18348127603530884,-0.011526346206665039,-1158.447265625,-83.83018493652344,73.43292236328125
20251022_154211.440837,0.9886608719825745,1.0445846319198608,1.0080839395523071,0.011339128017425537,-0.04458463191986084,-0.008083939552307129,-0.5077146887779236,-178.01588439941406,179.13723754882812,0.5077146887779236,-0.5426487326622009,0.18601199984550476,40210,0.05254560708999634,-0.5851211547851562,-0.010073184967041016,0.07370433211326599,0.18362939357757568,-0.07132172584533691,-1159.200439453125,-84.27588653564453,-46.34857177734375
20251022_154211.451049,0.9886759519577026,1.0445162057876587,1.0081236362457275,0.011324048042297363,-0.04451620578765869,-0.008123636245727539,-0.42560315132141113,-178.03712463378906,179.1698455810547,0.42560315132141113,-0.5064173936843872,0.2474302351474762,40367,0.052803635597229004,-0.5850238800048828,0.0258028507232666,0.07360631227493286,0.18377670645713806,-0.009952783584594727,-1157.42138671875,-84.72139739990234,109.4818115234375
20251022_154211.460614,0.9885733127593994,1.0444225072860718,1.0081095695495605,0.011426687240600586,-0.04442250728607178,-0.008109569549560547,-0.4420364201068878,-177.8414764404297,179.47900390625,0.4420364201068878,-0.5413576364517212,0.32593992352485657,40409,0.052712202072143555,-0.5849264860153198,-0.009143352508544922,0.07427346706390381,0.1839245855808258,0.06774187088012695,-1154.9852294921875,-85.16608428955078,149.9176025390625
20251022_154211.470699,0.9885720610618591,1.0443569421768188,1.0081279277801514,0.01142793893814087,-0.04435694217681885,-0.008127927780151367,-0.4682147204875946,-177.8813934326172,179.54913330078125,0.4682147204875946,-0.5200647115707397,0.25918087363243103,40366,0.05283153057098389,-0.5848290920257568,0.011932849884033203,0.07428160309791565,0.18407313525676727,0.0008261203765869141,-1153.280517578125,-85.6099853515625,104.9041748046875
20251022_154211.480389,0.9886861443519592,1.0443590879440308,1.008121132850647,0.011313855648040771,-0.04435908794403076,-0.008121132850646973,-0.5117766261100769,-178.1505126953125,179.37686157226562,0.5117766261100769,-0.5363609194755554,0.1824660450220108,40257,0.05278736352920532,-0.5847315788269043,-0.004416704177856445,0.07354006171226501,0.18422095477581024,-0.07529497146606445,-1153.3363037109375,-86.0535659790039,-3.4332275390625
20251022_154211.490929,0.9883613586425781,1.0446690320968628,1.0078402757644653,0.011638641357421875,-0.04466903209686279,-0.007840275764465332,0.10708394646644592,-175.88172912597656,-179.63890075683594,-0.10708394646644592,-0.716231107711792,0.47437989711761475,39756,0.05096179246902466,-0.5846357941627502,-0.1825571060180664,0.07565116882324219,0.18437014520168304,0.21435856819152832,-1161.394775390625,-86.49870300292969,-495.91064453125
20251022_154211.500877,0.9884864687919617,1.0446386337280273,1.0079058408737183,0.01151353120803833,-0.044638633728027344,-0.007905840873718262,0.12920628488063812,-176.28146362304688,179.98512268066406,-0.12920628488063812,-0.49053603410720825,0.1767859011888504,40301,0.0513879656791687,-0.5845413208007812,0.0426173210144043,0.07483795285224915,0.1845206469297409,-0.08257269859313965,-1160.6044921875,-86.94524383544922,48.63739013671875
20251022_154211.510580,0.9884893894195557,1.0445860624313354,1.0079113245010376,0.011510610580444336,-0.04458606243133545,-0.007911324501037598,0.06036454066634178,-176.52272033691406,179.946533203125,-0.06036454066634178,-0.5294584631919861,0.25756165385246277,40337,0.051423609256744385,-0.5844464302062988,0.0035643577575683594,0.07481896877288818,0.18467029929161072,-0.0019276142120361328,-1159.2376708984375,-87.39136505126953,84.11407470703125
20251022_154211.521039,0.9883931875228882,1.0444910526275635,1.0078797340393066,0.011606812477111816,-0.04449105262756348,-0.00787973403930664,0.12010575085878372,-176.4488525390625,-179.85597229003906,-0.12010575085878372,-0.5536671876907349,0.3237580955028534,40407,0.051218271255493164,-0.584351658821106,-0.02053380012512207,0.0754442811012268,0.18482056260108948,0.06349325180053711,-1156.767333984375,-87.83675384521484,152.01568603515625
20251022_154211.531093,0.9884036183357239,1.0444834232330322,1.0078803300857544,0.011596381664276123,-0.04448342323303223,-0.007880330085754395,0.13530848920345306,-176.27581787109375,-179.83154296875,-0.13530848920345306,-0.5326475501060486,0.2534635365009308,40267,0.051222145557403564,-0.5842571258544922,0.00038743019104003906,0.0753764808177948,0.1849713772535324,-0.006884336471557617,-1156.5689697265625,-88.28162384033203,12.20703125
20251022_154211.541217,0.9884219169616699,1.044499158859253,1.0078738927841187,0.011578083038330078,-0.04449915885925293,-0.007873892784118652,0.15064582228660583,-176.05294799804688,-179.9117889404297,-0.15064582228660583,-0.5371665358543396,0.24830245971679688,40229,0.05118030309677124,-0.5841625928878784,-0.004184246063232422,0.07525753974914551,0.18512201309204102,-0.012077093124389648,-1156.9781494140625,-88.7265396118164,-25.177001953125
20251022_154211.550499,0.9885609745979309,1.044570803642273,1.0079095363616943,0.011439025402069092,-0.04457080364227295,-0.007909536361694336,0.15463387966156006,-175.86154174804688,179.86392211914062,-0.15463387966156006,-0.5094875693321228,0.16784724593162537,40137,0.051411986351013184,-0.5840678811073303,0.023168325424194336,0.0743536651134491,0.18527162075042725,-0.09177803993225098,-1158.8409423828125,-89.17189025878906,-114.63165283203125
20251022_154211.560943,0.988553524017334,1.044588565826416,1.0079073905944824,0.011446475982666016,-0.044588565826416016,-0.007907390594482422,0.1832415759563446,-175.58908081054688,179.9211883544922,-0.1832415759563446,-0.5339697003364563,0.26473987102508545,40222,0.05139803886413574,-0.5839729905128479,-0.0013947486877441406,0.0744020938873291,0.18542037904262543,0.0049173831939697266,-1159.302734375,-89.61768341064453,-28.41949462890625
20251022_154211.571087,0.9884341955184937,1.0445109605789185,1.0078685283660889,0.011565804481506348,-0.04451096057891846,-0.007868528366088867,0.18319207429885864,-175.2259979248047,-179.74803161621094,-0.18319207429885864,-0.5579933524131775,0.33950451016426086,40376,0.05114543437957764,-0.5838783383369446,-0.025260448455810547,0.07517772912979126,0.18556995689868927,0.07875680923461914,-1157.2850341796875,-90.06317901611328,124.16839599609375
20251022_154211.580323,0.988440215587616,1.0444895029067993,1.0078635215759277,0.011559784412384033,-0.044489502906799316,-0.007863521575927734,0.1887904852628708,-175.2468719482422,-179.733154296875,-0.1887904852628708,-0.5359254479408264,0.2568856179714203,40287,0.05111289024353027,-0.5837839245796204,-0.003254413604736328,0.07513859868049622,0.1857202798128128,-0.003973245620727539,-1156.72705078125,-90.50818634033203,34.332275390625
20251022_154211.590830,0.9885566830635071,1.044533133506775,1.0078892707824707,0.01144331693649292,-0.0445331335067749,-0.007889270782470703,0.2201218158006668,-175.4499053955078,-179.9627685546875,-0.2201218158006668,-0.5156722068786621,0.1833828240633011,40181,0.05128026008605957,-0.5836894512176514,0.016736984252929688,0.07438156008720398,0.18586979806423187,-0.07686853408813477,-1157.8614501953125,-90.95330047607422,-69.8089599609375
20251022_154211.600526,0.9884290099143982,1.0444211959838867,1.007851004600525,0.011570990085601807,-0.04442119598388672,-0.007851004600524902,0.22167328000068665,-175.4929962158203,-179.60801696777344,-0.22167328000068665,-0.557436466217041,0.3454951047897339,40432,0.051031529903411865,-0.5835949778556824,-0.024873018264770508,0.07521143555641174,0.1860193908214569,0.08426427841186523,-1154.9510498046875,-91.3980712890625,179.10003662109375
20251022_154211.610734,0.9885372519493103,1.0444470643997192,1.0078586339950562,0.011462748050689697,-0.04444706439971924,-0.007858633995056152,0.2280690222978592,-175.57728576660156,-179.80197143554688,-0.2280690222978592,-0.527460515499115,0.18923723697662354,40211,0.05108112096786499,-0.5835007429122925,0.0049591064453125,0.07450786232948303,0.1861691176891327,-0.07143974304199219,-1155.6236572265625,-91.8424072265625,-41.38946533203125
20251022_154211.620794,0.9885376691818237,1.0443624258041382,1.0078535079956055,0.01146233081817627,-0.044362425804138184,-0.007853507995605469,0.24694083631038666,-175.47276306152344,-179.8726043701172,-0.24694083631038666,-0.5356905460357666,0.2605479061603546,40389,0.05104780197143555,-0.5834064483642578,-0.003331899642944336,0.07450515031814575,0.18631812930107117,-0.0002753734588623047,-1153.423095703125,-92.28646087646484,135.4217529296875
20251022_154211.630397,0.9885199666023254,1.0443423986434937,1.007792353630066,0.01148003339767456,-0.04434239864349365,-0.007792353630065918,0.16638869047164917,-175.38143920898438,-179.8019256591797,-0.16638869047164917,-0.5724126100540161,0.2727711796760559,40286,0.05065029859542847,-0.5833125710487366,-0.03975033760070801,0.07462021708488464,0.186467245221138,0.01168370246887207,-1152.90234375,-92.72998046875,32.04345703125
20251022_154211.640772,0.9885111451148987,1.0442705154418945,1.0077769756317139,0.011488854885101318,-0.04427051544189453,-0.007776975631713867,0.16521652042865753,-175.46783447265625,-179.8390350341797,-0.16521652042865753,-0.5426645278930664,0.2671162784099579,40370,0.05055034160614014,-0.5832191705703735,-0.009995698928833008,0.07467755675315857,0.18661653995513916,0.005822181701660156,-1151.033447265625,-93.17304992675781,115.01312255859375
20251022_154211.650940,0.9884858131408691,1.0442231893539429,1.0077637434005737,0.01151418685913086,-0.04422318935394287,-0.0077637434005737305,0.21352367103099823,-175.75704956054688,-179.8569793701172,-0.21352367103099823,-0.5412625670433044,0.2783273756504059,40332,0.05046433210372925,-0.5831259489059448,-0.008600950241088867,0.07484221458435059,0.18676607310771942,0.01671910285949707,-1149.802978515625,-93.61551666259766,75.72174072265625
20251022_154211.661123,0.9884790778160095,1.0441925525665283,1.007739782333374,0.011520922183990479,-0.04419255256652832,-0.0077397823333740234,0.184331476688385,-176.0992431640625,-179.90711975097656,-0.184331476688385,-0.5482990145683289,0.26624709367752075,40305,0.05030858516693115,-0.5830329060554504,-0.01557469367980957,0.07488599419593811,0.1869157999753952,0.004445314407348633,-1149.00634765625,-94.0575942993164,49.01885986328125
20251022_154211.670668,0.988463282585144,1.044150948524475,1.0076996088027954,0.011536717414855957,-0.0441509485244751,-0.00769960880279541,0.25098294019699097,-176.45974731445312,179.9971923828125,-0.25098294019699097,-0.559005618095398,0.27247917652130127,40324,0.050047457218170166,-0.5829402804374695,-0.026112794876098633,0.07498866319656372,0.18706567585468292,0.01042485237121582,-1147.9246826171875,-94.49931335449219,66.56646728515625
20251022_154211.680170,0.988419771194458,1.0440800189971924,1.007673978805542,0.011580228805541992,-0.04408001899719238,-0.007673978805541992,0.3259741961956024,-176.66969299316406,179.8994140625,-0.3259741961956024,-0.5496266484260559,0.29120492935180664,40372,0.04988086223602295,-0.5828480124473572,-0.01665949821472168,0.07527148723602295,0.1872159242630005,0.028717517852783203,-1146.0804443359375,-94.94046783447266,113.48724365234375
20251022_154211.690824,0.9884093999862671,1.044066309928894,1.0076638460159302,0.01159060001373291,-0.04406630992889404,-0.007663846015930176,0.2201647013425827,-176.42893981933594,179.8667449951172,-0.2201647013425827,-0.5395272970199585,0.2695504426956177,40280,0.04981499910354614,-0.582755982875824,-0.006586313247680664,0.07533890008926392,0.1873665452003479,0.006844997406005859,-1145.7239990234375,-95.38119506835938,21.93450927734375
20251022_154211.701141,0.988423764705658,1.0440560579299927,1.0076650381088257,0.011576235294342041,-0.044056057929992676,-0.007665038108825684,0.157182976603508,-176.0740966796875,179.7834014892578,-0.157182976603508,-0.5320664048194885,0.25328195095062256,40275,0.04982274770736694,-0.5826640129089355,0.0007748603820800781,0.07524552941322327,0.18751712143421173,-0.009480714797973633,-1145.45751953125,-95.82180786132812,16.4031982421875
20251022_154211.710810,0.9883838295936584,1.0441076755523682,1.0075713396072388,0.011616170406341553,-0.044107675552368164,-0.0075713396072387695,0.20642901957035065,-175.86749267578125,179.91409301757812,-0.20642901957035065,-0.5942628979682922,0.2895301580429077,40174,0.049213707447052,-0.5825725793838501,-0.06090402603149414,0.07550510764122009,0.1876678764820099,0.026357173919677734,-1146.799560546875,-96.26262664794922,-82.58819580078125
20251022_154211.720628,0.9883733987808228,1.0441703796386719,1.0075223445892334,0.011626601219177246,-0.044170379638671875,-0.0075223445892333984,0.19606557488441467,-175.64491271972656,-179.94415283203125,-0.19606557488441467,-0.5654335618019104,0.27027618885040283,40154,0.04889523983001709,-0.5824820399284363,-0.03184676170349121,0.0755729079246521,0.1878189593553543,0.006884336471557617,-1148.429931640625,-96.70401763916016,-100.3265380859375
20251022_154211.730861,0.9883305430412292,1.0441592931747437,1.0074907541275024,0.011669456958770752,-0.04415929317474365,-0.007490754127502441,0.33279484510421753,-175.4979248046875,-179.892333984375,-0.33279484510421753,-0.5542358756065369,0.29210662841796875,40272,0.04868990182876587,-0.5823919773101807,-0.02053380012512207,0.07585147023200989,0.1879703849554062,0.028284788131713867,-1148.1416015625,-97.14566802978516,17.73834228515625
20251022_154211.741006,0.9882702231407166,1.0441242456436157,1.0074278116226196,0.011729776859283447,-0.04412424564361572,-0.007427811622619629,0.30634450912475586,-175.43585205078125,-179.8013916015625,-0.30634450912475586,-0.5749343037605286,0.3041771650314331,40311,0.04828077554702759,-0.582302451133728,-0.040912628173828125,0.07624354958534241,0.1881224662065506,0.039811134338378906,-1147.2303466796875,-97.58708190917969,56.0760498046875
20251022_154211.750876,0.9882034659385681,1.0440170764923096,1.0073374509811401,0.011796534061431885,-0.04401707649230957,-0.007337450981140137,0.33169254660606384,-175.56504821777344,-179.89431762695312,-0.33169254660606384,-0.5932548642158508,0.30901262164115906,40428,0.04769343137741089,-0.5822138786315918,-0.05873441696166992,0.07667747139930725,0.18827539682388306,0.04405975341796875,-1144.4439697265625,-98.02779388427734,171.47064208984375
20251022_154211.760764,0.9881464838981628,1.0439155101776123,1.0073072910308838,0.011853516101837158,-0.043915510177612305,-0.007307291030883789,0.40289637446403503,-175.6760711669922,-179.9293975830078,-0.40289637446403503,-0.5542325377464294,0.3030851185321808,40422,0.04749739170074463,-0.5821259617805481,-0.019603967666625977,0.07704785466194153,0.1884291172027588,0.03760814666748047,-1141.80322265625,-98.46745300292969,162.506103515625
20251022_154211.770692,0.9880848526954651,1.0438647270202637,1.0072705745697021,0.011915147304534912,-0.04386472702026367,-0.0072705745697021484,0.39280083775520325,-175.8564910888672,-179.93380737304688,-0.39280083775520325,-0.558645486831665,0.3067086637020111,40341,0.047258734703063965,-0.5820385217666626,-0.023865699768066406,0.07744845747947693,0.1885836124420166,0.04067659378051758,-1140.48291015625,-98.90635681152344,81.2530517578125
20251022_154211.780239,0.9880548119544983,1.0438393354415894,1.0071992874145508,0.011945188045501709,-0.043839335441589355,-0.007199287414550781,0.3725634515285492,-176.03709411621094,-179.82943725585938,-0.3725634515285492,-0.5814929604530334,0.2862093150615692,40301,0.04679536819458008,-0.5819516777992249,-0.04633665084838867,0.07764372229576111,0.18873870372772217,0.019826889038085938,-1139.82275390625,-99.34487915039062,40.62652587890625
20251022_154211.790761,0.9880174994468689,1.0438265800476074,1.007143497467041,0.011982500553131104,-0.04382658004760742,-0.007143497467041016,0.35528573393821716,-176.17250061035156,-179.75820922851562,-0.35528573393821716,-0.571696400642395,0.2914067506790161,40281,0.0464327335357666,-0.581865668296814,-0.036263465881347656,0.07788625359535217,0.18889424204826355,0.02462625503540039,-1139.4910888671875,-99.783203125,20.40863037109375
20251022_154211.800724,0.9879788756370544,1.0437934398651123,1.0070980787277222,0.012021124362945557,-0.043793439865112305,-0.007098078727722168,0.3446045219898224,-176.33351135253906,-179.78688049316406,-0.3446045219898224,-0.5651648640632629,0.2926792800426483,40314,0.04613751173019409,-0.581780195236206,-0.029522180557250977,0.07813730835914612,0.18905025720596313,0.025491714477539062,-1138.62939453125,-100.22130584716797,53.0242919921875
20251022_154211.810644,0.9879398941993713,1.0437052249908447,1.0070641040802002,0.012060105800628662,-0.04370522499084473,-0.007064104080200195,0.3515600860118866,-176.31788635253906,-179.90988159179688,-0.3515600860118866,-0.5578620433807373,0.2933252155780792,40404,0.04591667652130127,-0.5816951990127563,-0.022083520889282227,0.0783906877040863,0.1892067939043045,0.02572774887084961,-1136.3358154296875,-100.65879821777344,141.143798828125
20251022_154211.820769,0.9878997206687927,1.0436526536941528,1.0070029497146606,0.012100279331207275,-0.04365265369415283,-0.0070029497146606445,0.3423178493976593,-176.46112060546875,179.95550537109375,-0.3423178493976593,-0.5758419632911682,0.2945301830768585,40348,0.04551917314529419,-0.5816107988357544,-0.03975033760070801,0.07865181565284729,0.18936383724212646,0.026514530181884766,-1134.968994140625,-101.09558868408203,84.11407470703125
20251022_154211.830355,0.987851619720459,1.043617606163025,1.0069414377212524,0.012148380279541016,-0.0436176061630249,-0.006941437721252441,0.3799811899662018,-176.56631469726562,179.88552856445312,-0.3799811899662018,-0.5763906240463257,0.30023255944252014,40320,0.04511934518814087,-0.5815271735191345,-0.03998279571533203,0.0789644718170166,0.1895214468240738,0.031746625900268555,-1134.0577392578125,-101.53193664550781,56.0760498046875
20251022_154211.840828,0.988004207611084,1.043094277381897,1.0072027444839478,0.011995792388916016,-0.04309427738189697,-0.007202744483947754,-0.1581403762102127,-178.98187255859375,178.88107299804688,0.1581403762102127,-0.36477506160736084,0.1669430285692215,41114,0.0468178391456604,-0.5814422965049744,0.16984939575195312,0.0779726505279541,0.1896783858537674,-0.1007080078125,-1120.451171875,-101.96549987792969,837.3260498046875
20251022_154211.850546,0.9879727959632874,1.0430792570114136,1.0071253776550293,0.012027204036712646,-0.043079257011413574,-0.007125377655029297,-0.1477242112159729,-179.07579040527344,178.88092041015625,0.1477242112159729,-0.5853298306465149,0.2887430489063263,40301,0.04631495475769043,-0.5813563466072083,-0.05028843879699707,0.0781768262386322,0.18983453512191772,0.020731687545776367,-1120.0606689453125,-102.39636993408203,24.0325927734375
20251022_154211.860662,0.9879134893417358,1.0431004762649536,1.0070205926895142,0.01208651065826416,-0.04310047626495361,-0.00702059268951416,-0.209610253572464,-179.13320922851562,178.96810913085938,0.209610253572464,-0.6037478446960449,0.3076959550380707,40242,0.04563385248184204,-0.5812714695930481,-0.06811022758483887,0.07856231927871704,0.1899912804365158,0.03914237022399902,-1120.6124267578125,-102.82726287841797,-33.9508056640625
20251022_154211.870762,0.9878689646720886,1.0430811643600464,1.0069408416748047,0.012131035327911377,-0.04308116436004639,-0.0069408416748046875,-0.20783035457134247,-178.896728515625,178.90225219726562,0.20783035457134247,-0.5879103541374207,0.29838669300079346,40307,0.04511547088623047,-0.5811876654624939,-0.05183815956115723,0.07885172963142395,0.19014868140220642,0.029386281967163086,-1120.1102294921875,-103.25817108154297,30.8990478515625
20251022_154211.880398,0.987804651260376,1.043113350868225,1.0068309307098389,0.012195348739624023,-0.0431133508682251,-0.006830930709838867,-0.18922953307628632,-178.5270538330078,178.9818115234375,0.18922953307628632,-0.6081461310386658,0.31202343106269836,40223,0.04440104961395264,-0.5811050534248352,-0.0714421272277832,0.07926976680755615,0.19030681252479553,0.04244685173034668,-1120.9471435546875,-103.68914794921875,-51.4984130859375
20251022_154211.890973,0.9877460598945618,1.0431729555130005,1.0067235231399536,0.012253940105438232,-0.04317295551300049,-0.006723523139953613,-0.2065746784210205,-178.16053771972656,179.1630401611328,0.2065746784210205,-0.6071357131004333,0.30878663063049316,40178,0.043702900409698486,-0.5810236930847168,-0.06981492042541504,0.07965061068534851,0.19046573340892792,0.03867030143737793,-1122.496826171875,-104.12057495117188,-95.367431640625
20251022_154211.900310,0.9875569343566895,1.043469786643982,1.0066075325012207,0.012443065643310547,-0.043469786643981934,-0.006607532501220703,0.06935001164674759,-176.2205810546875,-179.68490600585938,-0.06935001164674759,-0.61338871717453,0.39632904529571533,39790,0.04294896125793457,-0.580943763256073,-0.0753939151763916,0.08087992668151855,0.19062626361846924,0.12482285499572754,-1130.2144775390625,-104.55379486083984,-474.9298095703125
20251022_154211.910654,0.9875834584236145,1.0432764291763306,1.0065351724624634,0.012416541576385498,-0.043276429176330566,-0.006535172462463379,-0.14730064570903778,-176.85035705566406,179.96070861816406,0.14730064570903778,-0.5854203104972839,0.25398948788642883,40579,0.04247862100601196,-0.5808649063110352,-0.04703402519226074,0.08070752024650574,0.19078785181045532,-0.017505884170532227,-1125.1871337890625,-104.9875259399414,309.3719482421875
20251022_154211.920706,0.9875310659408569,1.043263554573059,1.006429672241211,0.012468934059143066,-0.04326355457305908,-0.0064296722412109375,-0.1186409741640091,-176.8165740966797,-179.98089599609375,0.1186409741640091,-0.6075693368911743,0.3065766990184784,40290,0.041792869567871094,-0.5807870626449585,-0.06857514381408691,0.08104807138442993,0.19094960391521454,0.03457903861999512,-1124.8524169921875,-105.42021942138672,20.599365234375
20251022_154211.930168,0.9874556064605713,1.0432031154632568,1.006350040435791,0.012544393539428711,-0.043203115463256836,-0.006350040435791016,-0.14059756696224213,-177.03746032714844,-179.952880859375,0.14059756696224213,-0.591195821762085,0.3224540054798126,40367,0.0412752628326416,-0.5807104110717773,-0.05176067352294922,0.08153855800628662,0.1911121904850006,0.04980325698852539,-1123.281005859375,-105.85255432128906,96.70257568359375
20251022_154211.940633,0.9872897267341614,1.0433067083358765,1.0062278509140015,0.012710273265838623,-0.043306708335876465,-0.006227850914001465,0.1282876580953598,-176.39617919921875,-179.77713012695312,-0.1282876580953598,-0.6195771098136902,0.3833737373352051,40101,0.04048103094100952,-0.5806349515914917,-0.07942318916320801,0.08261677622795105,0.19127634167671204,0.10948061943054199,-1125.974365234375,-106.28510284423828,-165.74859619140625
20251022_154211.950071,0.9872030019760132,1.043242335319519,1.006129503250122,0.012796998023986816,-0.04324233531951904,-0.00612950325012207,0.15610995888710022,-176.59466552734375,-179.81591796875,-0.15610995888710022,-0.6046450138092041,0.3318609595298767,40371,0.03984177112579346,-0.5805608034133911,-0.06392598152160645,0.0831804871559143,0.19144214689731598,0.05723834037780762,-1124.3006591796875,-106.71784973144531,102.996826171875
20251022_154211.960630,0.9871189594268799,1.043213129043579,1.0060081481933594,0.012881040573120117,-0.0432131290435791,-0.006008148193359375,0.16486456990242004,-176.92453002929688,-179.74429321289062,-0.16486456990242004,-0.6203157901763916,0.33080390095710754,40316,0.03905296325683594,-0.5804879665374756,-0.07888078689575195,0.08372676372528076,0.19160905480384827,0.055468082427978516,-1123.5413818359375,-107.15013122558594,46.73004150390625
20251022_154211.970630,0.987021267414093,1.04317307472229,1.005890130996704,0.012978732585906982,-0.04317307472229004,-0.0058901309967041016,0.21119174361228943,-177.14938354492188,-179.8409881591797,-0.21119174361228943,-0.6188418865203857,0.3406156301498413,40334,0.03828585147857666,-0.5804165601730347,-0.07671117782592773,0.08436176180839539,0.19177713990211487,0.06447672843933105,-1122.5,-107.58206176757812,64.0869140625
20251022_154211.980127,0.9869052171707153,1.0432374477386475,1.0056530237197876,0.013094782829284668,-0.04323744773864746,-0.005653023719787598,0.45733317732810974,-177.40939331054688,179.63197326660156,-0.45733317732810974,-0.6977223753929138,0.3536558747291565,40164,0.036744654178619385,-0.5803472995758057,-0.15411972999572754,0.08511608839035034,0.1919466108083725,0.07659316062927246,-1124.173583984375,-108.01411437988281,-102.996826171875
20251022_154211.990919,0.9868278503417969,1.043218731880188,1.0055538415908813,0.013172149658203125,-0.04321873188018799,-0.005553841590881348,0.416081964969635,-177.53720092773438,179.6099090576172,-0.416081964969635,-0.6086484789848328,0.32879844307899475,40297,0.03609997034072876,-0.580280065536499,-0.0644683837890625,0.08561897277832031,0.1921173483133316,0.05106210708618164,-1123.68701171875,-108.44639587402344,29.94537353515625
20251022_154212.001192,0.986748218536377,1.0432053804397583,1.0054419040679932,0.013251781463623047,-0.0432053804397583,-0.005441904067993164,0.4171859323978424,-177.6432647705078,179.5475311279297,-0.4171859323978424,-0.6176010966300964,0.33098268508911133,40289,0.035372376441955566,-0.5802140831947327,-0.07275938987731934,0.0861365795135498,0.19228911399841309,0.05255699157714844,-1123.33984375,-108.87850952148438,21.3623046875
20251022_154212.011047,0.9866428375244141,1.0431554317474365,1.00533926486969,0.013357162475585938,-0.04315543174743652,-0.005339264869689941,0.42109766602516174,-177.6313018798828,179.48300170898438,-0.42109766602516174,-0.6121596693992615,0.3488350808620453,40348,0.03470522165298462,-0.5801494121551514,-0.06671547889709473,0.0868215560913086,0.19246207177639008,0.06955146789550781,-1122.041259765625,-109.31031799316406,79.91790771484375
20251022_154212.020731,0.9864465594291687,1.0431798696517944,1.0050395727157593,0.013553440570831299,-0.043179869651794434,-0.005039572715759277,0.434457004070282,-177.38539123535156,179.91917419433594,-0.434457004070282,-0.7421298027038574,0.4102779030799866,40228,0.0327572226524353,-0.5800871253013611,-0.19479990005493164,0.08809736371040344,0.19263698160648346,0.12954354286193848,-1122.6766357421875,-109.74199676513672,-39.10064697265625
20251022_154212.030431,0.9864649772644043,1.0432673692703247,1.0050746202468872,0.013535022735595703,-0.04326736927032471,-0.005074620246887207,0.3768520951271057,-177.86688232421875,179.29916381835938,-0.3768520951271057,-0.5242605209350586,0.26863494515419006,40124,0.032985031604766846,-0.5800264477729797,0.022780895233154297,0.08797764778137207,0.19281305372714996,-0.012155771255493164,-1124.95166015625,-110.17423248291016,-139.9993896484375
20251022_154212.041027,0.9862455725669861,1.0432246923446655,1.0049649477005005,0.013754427433013916,-0.04322469234466553,-0.004964947700500488,0.33472713828086853,-177.7787628173828,179.5518341064453,-0.33472713828086853,-0.6189812421798706,0.4272013306617737,40333,0.032272160053253174,-0.5799662470817566,-0.07128715515136719,0.08940377831459045,0.19299043715000153,0.1448071002960205,-1123.842041015625,-110.606689453125,68.2830810546875
20251022_154212.051177,0.9862679243087769,1.043108344078064,1.0048476457595825,0.013732075691223145,-0.043108344078063965,-0.0048476457595825195,0.026246318593621254,-178.41220092773438,179.18470764160156,-0.026246318593621254,-0.6246439218521118,0.2676754593849182,40454,0.03150969743728638,-0.5799073576927185,-0.07624626159667969,0.08925849199295044,0.19316910207271576,-0.01475214958190918,-1120.81689453125,-111.0383529663086,186.1572265625
20251022_154212.060891,0.9861846566200256,1.043107032775879,1.004712700843811,0.013815343379974365,-0.043107032775878906,-0.004712700843811035,-0.00867394357919693,-178.2947235107422,179.24110412597656,0.00867394357919693,-0.6369316577911377,0.33810457587242126,40269,0.03063255548477173,-0.5798500180244446,-0.08771419525146484,0.08979973196983337,0.19334815442562103,0.054956674575805664,-1120.7828369140625,-111.46942901611328,2.09808349609375
20251022_154212.070961,0.9860119223594666,1.0433140993118286,1.0045244693756104,0.013988077640533447,-0.04331409931182861,-0.0045244693756103516,0.05308445915579796,-178.29286193847656,178.5734405517578,-0.05308445915579796,-0.6727359890937805,0.39845600724220276,39930,0.029409050941467285,-0.5797945857048035,-0.12235045433044434,0.09092250466346741,0.19352887570858002,0.11400461196899414,-1126.1666259765625,-111.90153503417969,-331.30645751953125
20251022_154212.081036,0.9860857129096985,1.0434482097625732,1.0043751001358032,0.013914287090301514,-0.04344820976257324,-0.004375100135803223,0.20734499394893646,-178.1413116455078,178.31504821777344,-0.20734499394893646,-0.6483930349349976,0.2354513555765152,40043,0.028438150882720947,-0.5797411799430847,-0.09709000587463379,0.09044286608695984,0.19371025264263153,-0.04870176315307617,-1129.6534423828125,-112.3353500366211,-214.57672119140625
20251022_154212.090705,0.9859707355499268,1.0434983968734741,1.0042020082473755,0.014029264450073242,-0.04349839687347412,-0.004202008247375488,0.17208677530288696,-178.00888061523438,178.47158813476562,-0.17208677530288696,-0.6648863554000854,0.36096715927124023,40175,0.027313053607940674,-0.5796896815299988,-0.11250972747802734,0.09119021892547607,0.19389188289642334,0.07588505744934082,-1130.9583740234375,-112.77008056640625,-80.29937744140625
20251022_154212.100388,0.9858664870262146,1.043540358543396,1.0040777921676636,0.0141335129737854,-0.043540358543395996,-0.004077792167663574,0.11655755341053009,-177.8444366455078,178.66580200195312,-0.11655755341053009,-0.6338748335838318,0.3547467887401581,40187,0.026505649089813232,-0.5796400308609009,-0.08074045181274414,0.0918678343296051,0.19407494366168976,0.06880402565002441,-1132.04931640625,-113.20527648925781,-67.138671875
20251022_154212.110469,0.98575359582901,1.0435422658920288,1.003974437713623,0.01424640417098999,-0.04354226589202881,-0.003974437713623047,0.11395300924777985,-177.7616729736328,178.66534423828125,-0.11395300924777985,-0.620938241481781,0.36136922240257263,40251,0.025833845138549805,-0.579591691493988,-0.06718039512634277,0.09260162711143494,0.1942594051361084,0.0745081901550293,-1132.098876953125,-113.64068603515625,-3.0517578125
20251022_154212.120657,0.9857046604156494,1.04348623752594,1.003783106803894,0.014295339584350586,-0.04348623752593994,-0.003783106803894043,0.26698604226112366,-177.75872802734375,178.464599609375,-0.26698604226112366,-0.6793200373649597,0.3196620047092438,40344,0.02459019422531128,-0.5795451402664185,-0.12436509132385254,0.09291970729827881,0.1944449245929718,0.032297372817993164,-1130.6422119140625,-114.0758285522461,89.6453857421875
20251022_154212.130413,0.9855985641479492,1.0434339046478271,1.0036512613296509,0.014401435852050781,-0.04343390464782715,-0.003651261329650879,0.16376876831054688,-177.92813110351562,178.4327850341797,-0.16376876831054688,-0.6414669156074524,0.35826432704925537,40339,0.023733198642730713,-0.5795005559921265,-0.08569955825805664,0.09360933303833008,0.1946314573287964,0.0700235366821289,-1129.281494140625,-114.51042938232422,83.73260498046875
20251022_154212.140727,0.9854711294174194,1.0433504581451416,1.0034912824630737,0.014528870582580566,-0.0433504581451416,-0.0034912824630737305,0.20451989769935608,-178.30157470703125,178.36631774902344,-0.20451989769935608,-0.6607506275177002,0.37336409091949463,40391,0.022693336009979248,-0.579457700252533,-0.10398626327514648,0.09443765878677368,0.19481950998306274,0.0841069221496582,-1127.1119384765625,-114.94435119628906,133.514404296875
20251022_154212.150801,0.9853547811508179,1.043258786201477,1.003344178199768,0.014645218849182129,-0.04325878620147705,-0.0033441781997680664,0.3191271722316742,-178.59222412109375,178.22921752929688,-0.3191271722316742,-0.6532973051071167,0.36699292063713074,40406,0.02173715829849243,-0.5794166922569275,-0.09561777114868164,0.09519392251968384,0.19500914216041565,0.07678985595703125,-1124.7283935546875,-115.37740325927734,146.67510986328125
20251022_154212.160535,0.9852259159088135,1.0432085990905762,1.0031970739364624,0.014774084091186523,-0.04320859909057617,-0.0031970739364624023,0.26173022389411926,-178.892333984375,178.1761016845703,-0.26173022389411926,-0.6542142629623413,0.3762829601764679,40341,0.020780980587005615,-0.5793774724006653,-0.09561777114868164,0.0960315465927124,0.1952003687620163,0.08505105972290039,-1123.423583984375,-115.80973815917969,80.29937744140625
20251022_154212.170480,0.9850838780403137,1.0432183742523193,1.0030667781829834,0.01491612195968628,-0.043218374252319336,-0.0030667781829833984,0.012811551801860332,-178.85333251953125,178.441162109375,-0.012811551801860332,-0.6440980434417725,0.3860931396484375,40244,0.01993405818939209,-0.579339861869812,-0.08469223976135254,0.09695479273796082,0.19539335370063782,0.09374499320983887,-1123.677734375,-116.24187469482422,-15.6402587890625
20251022_154212.180435,0.9849745631217957,1.0431888103485107,1.0029380321502686,0.015025436878204346,-0.04318881034851074,-0.0029380321502685547,-0.025570856407284737,-178.99009704589844,178.5571746826172,0.025570856407284737,-0.6438915729522705,0.36540114879608154,40307,0.019097208976745605,-0.5793038606643677,-0.08368492126464844,0.09766533970832825,0.19558796286582947,0.07214784622192383,-1122.9090576171875,-116.67390441894531,47.30224609375
20251022_154212.190399,0.9849593043327332,1.043217658996582,1.0027012825012207,0.015040695667266846,-0.04321765899658203,-0.002701282501220703,0.1667366474866867,-178.89862060546875,178.54464721679688,-0.1667366474866867,-0.7155989408493042,0.30361872911453247,40213,0.01755833625793457,-0.5792700052261353,-0.15388727188110352,0.0977645218372345,0.19578340649604797,0.01007080078125,-1123.6591796875,-117.10594177246094,-46.1578369140625
20251022_154212.200992,0.9848584532737732,1.0432205200195312,1.0025291442871094,0.015141546726226807,-0.04322052001953125,-0.002529144287109375,0.08569611608982086,-178.9225616455078,178.63575744628906,-0.08569611608982086,-0.674688994884491,0.36096134781837463,40254,0.016439437866210938,-0.5792385935783386,-0.11188983917236328,0.09842005372047424,0.19597958028316498,0.06656169891357422,-1123.7335205078125,-117.53813171386719,-4.57763671875
20251022_154212.210817,0.9847785830497742,1.0432077646255493,1.00238835811615,0.01522141695022583,-0.043207764625549316,-0.0023883581161499023,0.09786920249462128,-178.92776489257812,178.65960693359375,-0.09786920249462128,-0.6551957726478577,0.34783050417900085,40279,0.015524327754974365,-0.5792090892791748,-0.09151101112365723,0.0989392101764679,0.1961769461631775,0.05271434783935547,-1123.40185546875,-117.97027587890625,20.40863037109375
20251022_154212.220726,0.9846938252449036,1.0432254076004028,1.00214421749115,0.015306174755096436,-0.04322540760040283,-0.0021442174911499023,0.03593285381793976,-178.8357391357422,178.67373657226562,-0.03593285381793976,-0.7239359021186829,0.3518056571483612,40229,0.013937413692474365,-0.5791819095611572,-0.15869140625,0.09949013590812683,0.19637537002563477,0.05594015121459961,-1123.860595703125,-118.40243530273438,-28.228759765625
20251022_154212.230786,0.984597384929657,1.0431733131408691,1.0020710229873657,0.015402615070343018,-0.04317331314086914,-0.0020710229873657227,0.09758514910936356,-179.01824951171875,178.6061553955078,-0.09758514910936356,-0.6132714152336121,0.3603425920009613,40342,0.013461649417877197,-0.5791566371917725,-0.0475764274597168,0.10011699795722961,0.19657498598098755,0.06365060806274414,-1122.506103515625,-118.83443450927734,83.35113525390625
20251022_154212.241145,0.9845532178878784,1.043228268623352,1.0018033981323242,0.015446782112121582,-0.04322826862335205,-0.0018033981323242188,0.031634826213121414,-178.8605499267578,178.78955078125,-0.031634826213121414,-0.7413674592971802,0.3263298273086548,40168,0.011722087860107422,-0.5791333913803101,-0.17395615577697754,0.10040408372879028,0.19677549600601196,0.02915024757385254,-1123.9349365234375,-119.26644134521484,-87.92877197265625
20251022_154212.250921,0.9844577312469482,1.0432424545288086,1.0016205310821533,0.015542268753051758,-0.043242454528808594,-0.0016205310821533203,0.008968908339738846,-178.59677124023438,178.83143615722656,-0.008968908339738846,-0.68744295835495,0.36102285981178284,40233,0.010533452033996582,-0.5791128277778625,-0.11886358261108398,0.10102474689483643,0.1969769299030304,0.06302118301391602,-1124.3038330078125,-119.69879150390625,-22.69744873046875
20251022_154212.260843,0.9844207763671875,1.0432792901992798,1.0014150142669678,0.0155792236328125,-0.043279290199279785,-0.0014150142669677734,-0.013623369857668877,-178.53781127929688,178.8128662109375,0.013623369857668877,-0.703482985496521,0.32283440232276917,40195,0.009197592735290527,-0.579094648361206,-0.13358592987060547,0.10126495361328125,0.19717921316623688,0.024390220642089844,-1125.2615966796875,-120.13140106201172,-58.93707275390625
20251022_154212.270794,0.9843037724494934,1.0433549880981445,1.0012288093566895,0.015696227550506592,-0.04335498809814453,-0.0012288093566894531,0.015918860211968422,-178.2006378173828,178.9300079345703,-0.015918860211968422,-0.6921246647834778,0.376630574464798,40131,0.007987260818481445,-0.579078733921051,-0.1210331916809082,0.10202547907829285,0.19738250970840454,0.07722258567810059,-1127.229736328125,-120.5645751953125,-121.11663818359375
20251022_154212.281194,0.984216570854187,1.0433827638626099,1.0010547637939453,0.01578342914581299,-0.04338276386260986,-0.0010547637939453125,0.04155402258038521,-177.9453582763672,178.95701599121094,-0.04155402258038521,-0.6853387355804443,0.35773247480392456,40206,0.006855964660644531,-0.5790650844573975,-0.1131296157836914,0.10259228944778442,0.19758713245391846,0.05755305290222168,-1127.951904296875,-120.99826049804688,-44.44122314453125
20251022_154212.290819,0.9841338992118835,1.0433692932128906,1.0008305311203003,0.015866100788116455,-0.043369293212890625,-0.000830531120300293,0.10536038130521774,-177.7579345703125,178.9634552001953,-0.10536038130521774,-0.7194065451622009,0.35548579692840576,40272,0.005398452281951904,-0.5790537595748901,-0.1457512378692627,0.10312965512275696,0.19779284298419952,0.054563283920288086,-1127.6015625,-121.43202209472656,21.55303955078125
20251022_154212.300894,0.9840497970581055,1.0433242321014404,1.000659465789795,0.01595020294189453,-0.04332423210144043,-0.0006594657897949219,0.03336191549897194,-177.86715698242188,179.01515197753906,-0.03336191549897194,-0.685950756072998,0.35718339681625366,40323,0.004286527633666992,-0.5790448188781738,-0.11119246482849121,0.10367631912231445,0.19799965620040894,0.05550742149353027,-1126.4300537109375,-121.86549377441406,72.0977783203125
20251022_154212.310938,0.9839286208152771,1.043286681175232,1.0005040168762207,0.0160713791847229,-0.043286681175231934,-0.0005040168762207031,-0.038141120225191116,-178.01136779785156,179.1499481201172,0.038141120225191116,-0.6768035292625427,0.3826480805873871,40312,0.0032761096954345703,-0.5790378451347351,-0.10104179382324219,0.10446396470069885,0.1982077956199646,0.07997632026672363,-1125.4537353515625,-122.29854583740234,60.08148193359375
20251022_154212.320675,0.9837052226066589,1.043157935142517,1.000322699546814,0.016294777393341064,-0.04315793514251709,-0.00032269954681396484,-0.07486332952976227,-178.05767822265625,179.3385772705078,0.07486332952976227,-0.6947915554046631,0.45177704095840454,40461,0.0020975470542907715,-0.579032838344574,-0.11785626411437988,0.10591605305671692,0.19841817021369934,0.14744281768798828,-1122.1063232421875,-122.73076629638672,205.99365234375
20251022_154212.330424,0.983737587928772,1.0431824922561646,1.0001319646835327,0.016262412071228027,-0.04318249225616455,-0.00013196468353271484,-0.06043917313218117,-178.27603149414062,178.99317932128906,0.06043917313218117,-0.7021500468254089,0.28297436237335205,40214,0.0008577704429626465,-0.5790301561355591,-0.1239776611328125,0.10570567846298218,0.19862979650497437,-0.021361112594604492,-1122.7447509765625,-123.16246795654297,-39.2913818359375
20251022_154212.340375,0.9836531281471252,1.0431488752365112,0.9999526143074036,0.016346871852874756,-0.04314887523651123,4.738569259643555e-05,0.016208654269576073,-178.3774871826172,178.82583618164062,-0.016208654269576073,-0.6959154009819031,0.3608398735523224,40308,-0.00030800700187683105,-0.5790296196937561,-0.11657774448394775,0.10625466704368591,0.19884176552295685,0.05574345588684082,-1121.8707275390625,-123.59412384033203,53.7872314453125
20251022_154212.349989,0.9835646748542786,1.043046236038208,0.9998078942298889,0.016435325145721436,-0.04304623603820801,0.00019210577011108398,-0.01045059785246849,-178.5872344970703,178.6876220703125,0.01045059785246849,-0.6743478178977966,0.3642636239528656,40420,-0.001248687505722046,-0.5790310502052307,-0.09406805038452148,0.10682961344718933,0.19905483722686768,0.058379173278808594,-1119.2021484375,-124.02510070800781,164.22271728515625
20251022_154212.360663,0.9835337996482849,1.0429624319076538,0.9996232986450195,0.016466200351715088,-0.04296243190765381,0.00037670135498046875,0.09068228304386139,-178.74935913085938,178.55767822265625,-0.09068228304386139,-0.7014701962471008,0.3266766369342804,40392,-0.002448558807373047,-0.5790345072746277,-0.1199871301651001,0.10703030228614807,0.19926869869232178,0.020377635955810547,-1117.023193359375,-124.45514678955078,134.08660888671875
20251022_154212.370878,0.9834434390068054,1.0429211854934692,0.9994444847106934,0.01655656099319458,-0.04292118549346924,0.0005555152893066406,0.08522264659404755,-178.90533447265625,178.53868103027344,-0.08522264659404755,-0.6988799571990967,0.36673903465270996,40325,-0.003610849380493164,-0.5790400505065918,-0.11622905731201172,0.10761764645576477,0.19948334991931915,0.059638023376464844,-1115.9508056640625,-124.88456726074219,65.9942626953125
20251022_154212.379990,0.9833628535270691,1.0428674221038818,0.9992979168891907,0.016637146472930908,-0.042867422103881836,0.0007020831108093262,0.07735802233219147,-178.9033966064453,178.57717895507812,-0.07735802233219147,-0.6788802146911621,0.36102697253227234,40346,-0.00456354022026062,-0.5790476202964783,-0.0952690839767456,0.1081414520740509,0.19969910383224487,0.05318641662597656,-1114.552978515625,-125.31350708007812,86.02142333984375
20251022_154212.390228,0.9832354784011841,1.0428295135498047,0.9990870356559753,0.016764521598815918,-0.04282951354980469,0.0009129643440246582,0.11438454687595367,-178.74734497070312,178.54994201660156,-0.11438454687595367,-0.7220643758773804,0.39295318722724915,40321,-0.005934268236160278,-0.5790573358535767,-0.13707280158996582,0.10896939039230347,0.19991621375083923,0.08406758308410645,-1113.5673828125,-125.74198913574219,60.6536865234375
20251022_154212.401072,0.9831539392471313,1.0427775382995605,0.9989321827888489,0.016846060752868652,-0.04277753829956055,0.001067817211151123,0.11026813089847565,-178.60891723632812,178.52047729492188,-0.11026813089847565,-0.686664342880249,0.36344993114471436,40344,-0.0069408118724823,-0.579069197177887,-0.10065436363220215,0.10949939489364624,0.20013469457626343,0.05381584167480469,-1112.2159423828125,-126.17002868652344,83.160400390625
20251022_154212.411349,0.9830809235572815,1.0427131652832031,0.9987663626670837,0.016919076442718506,-0.042713165283203125,0.0012336373329162598,0.08007124066352844,-178.63697814941406,178.5022735595703,-0.08007124066352844,-0.694884717464447,0.3585185110569,40365,-0.008018642663955688,-0.5790830254554749,-0.10778307914733887,0.10997399687767029,0.20035415887832642,0.04819035530090332,-1110.542236328125,-126.59748077392578,102.996826171875
20251022_154212.420715,0.9830182790756226,1.0426464080810547,0.9985982775688171,0.01698172092437744,-0.04264640808105469,0.0014017224311828613,0.07967106997966766,-178.67971801757812,178.51368713378906,-0.07967106997966766,-0.6974653005599976,0.35230106115341187,40370,-0.009111195802688599,-0.5790988206863403,-0.10925531387329102,0.11038118600845337,0.20057451725006104,0.04134535789489746,-1108.806640625,-127.02427673339844,106.8115234375
20251022_154212.430358,0.982932448387146,1.0425983667373657,0.998414933681488,0.017067551612854004,-0.04259836673736572,0.0015850663185119629,0.08523225784301758,-178.6489715576172,178.72743225097656,-0.08523225784301758,-0.7085931897163391,0.36838316917419434,40341,-0.010302931070327759,-0.5791167616844177,-0.11917352676391602,0.11093908548355103,0.20079584419727325,0.05664825439453125,-1107.5574951171875,-127.45050048828125,76.86614990234375
20251022_154212.440236,0.9828486442565918,1.0425851345062256,0.9982099533081055,0.017151355743408203,-0.042585134506225586,0.0017900466918945312,-0.01978195831179619,-178.3759002685547,178.81980895996094,0.01978195831179619,-0.7240095138549805,0.3678128123283386,40286,-0.011635303497314453,-0.5791369676589966,-0.13323724269866943,0.11148381233215332,0.20101825892925262,0.055310726165771484,-1107.2135009765625,-127.87641906738281,21.17156982421875
20251022_154212.450798,0.9827612042427063,1.0426274538040161,0.9979157447814941,0.0172387957572937,-0.04262745380401611,0.0020842552185058594,-0.052913159132003784,-177.9505615234375,178.9662628173828,0.052913159132003784,-0.7839434146881104,0.3710043728351593,40195,-0.013547658920288086,-0.579160213470459,-0.19123554229736328,0.11205217242240906,0.20124179124832153,0.05771040916442871,-1108.3138427734375,-128.302490234375,-67.71087646484375
20251022_154212.460785,0.9826522469520569,1.0425735712051392,0.997745156288147,0.017347753047943115,-0.04257357120513916,0.0022548437118530273,-0.019506700336933136,-177.63587951660156,179.0580291748047,0.019506700336933136,-0.7047252655029297,0.38613882660865784,40350,-0.014656484127044678,-0.5791862607002258,-0.11088252067565918,0.11276039481163025,0.2014666050672531,0.07191181182861328,-1106.912841796875,-128.72848510742188,86.212158203125
20251022_154212.470623,0.9825812578201294,1.0425204038619995,0.9975884556770325,0.017418742179870605,-0.04252040386199951,0.0024115443229675293,-0.005612318404018879,-177.53826904296875,179.0775604248047,0.005612318404018879,-0.6967446804046631,0.3617672324180603,40350,-0.01567503809928894,-0.5792142748832703,-0.10185539722442627,0.11322182416915894,0.201692596077919,0.046852827072143555,-1105.530517578125,-129.15396118164062,85.0677490234375
20251022_154212.480418,0.9825140237808228,1.0424176454544067,0.9974656701087952,0.017485976219177246,-0.04241764545440674,0.002534329891204834,-0.07908053696155548,-177.87109375,179.2212371826172,0.07908053696155548,-0.6755276918411255,0.35995277762413025,40431,-0.01647314429283142,-0.5792439579963684,-0.07981061935424805,0.1136588454246521,0.20191946625709534,0.04437446594238281,-1102.8587646484375,-129.57864379882812,164.4134521484375
20251022_154212.490823,0.9824109673500061,1.0423409938812256,0.9972862601280212,0.017589032649993896,-0.042340993881225586,0.0027137398719787598,-0.09817294776439667,-178.2231903076172,179.22679138183594,0.09817294776439667,-0.7135311961174011,0.3844934105873108,40391,-0.01763930916786194,-0.5792754292488098,-0.11661648750305176,0.11432871222496033,0.2021474540233612,0.06801724433898926,-1100.8658447265625,-130.00244140625,122.64251708984375
20251022_154212.500648,0.9823446273803711,1.042250394821167,0.9971282482147217,0.017655372619628906,-0.04225039482116699,0.0028717517852783203,-0.11052610725164413,-178.39527893066406,179.24090576171875,0.11052610725164413,-0.700683057308197,0.36092084646224976,40416,-0.018666386604309082,-0.5793089270591736,-0.10270774364471436,0.11475992202758789,0.20237654447555542,0.043784379959106445,-1098.51025390625,-130.42539978027344,144.95849609375
20251022_154212.510412,0.9822843074798584,1.0421582460403442,0.9969685077667236,0.0177156925201416,-0.04215824604034424,0.003031492233276367,-0.1456921398639679,-178.4723358154297,179.1590576171875,0.1456921398639679,-0.702880322933197,0.3575696051120758,40420,-0.019704699516296387,-0.5793443322181702,-0.10383129119873047,0.11515200138092041,0.2026064544916153,0.039811134338378906,-1096.1143798828125,-130.84744262695312,147.43804931640625
20251022_154212.520402,0.9822125434875488,1.0420526266098022,0.9967553615570068,0.017787456512451172,-0.042052626609802246,0.003244638442993164,-0.14526036381721497,-178.4633026123047,179.1446533203125,0.14526036381721497,-0.7390171885490417,0.36581993103027344,40444,-0.021090149879455566,-0.5793820023536682,-0.13854503631591797,0.11561846733093262,0.20283722877502441,0.047364234924316406,-1093.3682861328125,-131.26849365234375,168.9910888671875
20251022_154212.531042,0.9821220636367798,1.0418933629989624,0.9965508580207825,0.017877936363220215,-0.0418933629989624,0.0034491419792175293,-0.06308504939079285,-178.4435272216797,178.8289031982422,0.06308504939079285,-0.7347689270973206,0.37899234890937805,40533,-0.02241942286491394,-0.5794221758842468,-0.1329272985458374,0.1162065863609314,0.2030690610408783,0.05971670150756836,-1089.2274169921875,-131.688232421875,254.82177734375
20251022_154212.540728,0.9820737242698669,1.0418368577957153,0.9964194297790527,0.017926275730133057,-0.04183685779571533,0.0035805702209472656,-0.10884921252727509,-178.55401611328125,178.76614379882812,0.10884921252727509,-0.6881664395332336,0.35172656178474426,40370,-0.023273706436157227,-0.5794643759727478,-0.08542835712432861,0.11652079224586487,0.2033017873764038,0.031903982162475586,-1087.75830078125,-132.10687255859375,90.4083251953125
20251022_154212.550651,0.9820214509963989,1.0417767763137817,0.9962673783302307,0.017978549003601074,-0.04177677631378174,0.003732621669769287,-0.1022934764623642,-178.66140747070312,178.80018615722656,0.1022934764623642,-0.7026036977767944,0.35489609837532043,40377,-0.024262040853500366,-0.5795082449913025,-0.09883344173431396,0.11686056852340698,0.20353516936302185,0.0345003604888916,-1086.1961669921875,-132.5249481201172,96.13037109375
20251022_154212.560142,0.9819711446762085,1.0417020320892334,0.9961074590682983,0.018028855323791504,-0.0417020320892334,0.00389254093170166,-0.09744343161582947,-178.76255798339844,178.81248474121094,0.09744343161582947,-0.7088029980659485,0.3541589379310608,40402,-0.02530151605606079,-0.5795539617538452,-0.10394752025604248,0.11718755960464478,0.20376920700073242,0.033202171325683594,-1084.2528076171875,-132.9423370361328,119.59075927734375
20251022_154212.570727,0.9819321632385254,1.0416035652160645,0.9959570169448853,0.01806783676147461,-0.04160356521606445,0.004042983055114746,-0.12595050036907196,-178.86199951171875,178.74960327148438,0.12595050036907196,-0.7036683559417725,0.3471725285053253,40442,-0.02627938985824585,-0.5796015858650208,-0.09778738021850586,0.11744093894958496,0.20400384068489075,0.02572774887084961,-1081.6927490234375,-133.35887145996094,157.5469970703125
20251022_154212.580338,0.9818964600563049,1.0415000915527344,0.9958153367042542,0.01810353994369507,-0.041500091552734375,0.00418466329574585,-0.11818773299455643,-178.93753051757812,178.6262969970703,0.11818773299455643,-0.6989434361457825,0.34547606110572815,40452,-0.027200311422348022,-0.5796509385108948,-0.09209215641021729,0.11767300963401794,0.20423895120620728,0.02356410026550293,-1079.00244140625,-133.77438354492188,165.557861328125
20251022_154212.590716,0.9818365573883057,1.0414282083511353,0.9956401586532593,0.018163442611694336,-0.041428208351135254,0.004359841346740723,-0.20737212896347046,-178.78675842285156,178.6669921875,0.20737212896347046,-0.7219069600105286,0.36207282543182373,40403,-0.028338968753814697,-0.5797022581100464,-0.11386573314666748,0.11806237697601318,0.20447468757629395,0.0395357608795166,-1077.1334228515625,-134.18902587890625,115.01312255859375
20251022_154212.600795,0.9817957282066345,1.0413752794265747,0.9954649806022644,0.01820427179336548,-0.04137527942657471,0.004535019397735596,-0.2187787890434265,-178.5526885986328,178.76100158691406,0.2187787890434265,-0.7230989336967468,0.34998610615730286,40374,-0.029477626085281372,-0.5797556042671204,-0.11386573314666748,0.11832776665687561,0.20471107959747314,0.0269472599029541,-1075.75732421875,-134.60304260253906,84.686279296875
20251022_154212.610704,0.9817804098129272,1.041400671005249,0.9952801465988159,0.018219590187072754,-0.04140067100524902,0.004719853401184082,-0.2954588234424591,-178.30325317382812,178.9755859375,0.2954588234424591,-0.7306323051452637,0.33348530530929565,40247,-0.030679047107696533,-0.579811155796051,-0.12014210224151611,0.1184273362159729,0.204947829246521,0.010110139846801758,-1076.41748046875,-135.0169219970703,-40.62652587890625
20251022_154212.620640,0.9817752242088318,1.0413665771484375,0.9951035976409912,0.018224775791168213,-0.0413665771484375,0.004896402359008789,-0.30919110774993896,-177.89700317382812,179.07020568847656,0.30919110774993896,-0.7264522910118103,0.3270682692527771,40343,-0.03182661533355713,-0.5798688530921936,-0.11475682258605957,0.11846104264259338,0.2051847279071808,0.0034224987030029297,-1075.531005859375,-135.43075561523438,54.5501708984375
20251022_154212.630331,0.9817224740982056,1.0413655042648315,0.9948543310165405,0.018277525901794434,-0.04136550426483154,0.005145668983459473,-0.18098554015159607,-177.76068115234375,179.0821990966797,0.18098554015159607,-0.7753992080688477,0.3590409755706787,40290,-0.03344684839248657,-0.5799290537834167,-0.16202330589294434,0.11880391836166382,0.20542198419570923,0.034815073013305664,-1075.5030517578125,-135.84442138671875,1.71661376953125
20251022_154212.640795,0.9816946983337402,1.0412485599517822,0.9946573972702026,0.018305301666259766,-0.04124855995178223,0.005342602729797363,-0.0999186709523201,-177.71414184570312,179.0172119140625,0.0999186709523201,-0.7427258491516113,0.34297624230384827,40478,-0.03472691774368286,-0.5799919962882996,-0.1280069351196289,0.11898446083068848,0.20565977692604065,0.01833200454711914,-1072.4625244140625,-136.2574920654297,187.11090087890625
20251022_154212.651045,0.9816569685935974,1.041137933731079,0.9944766163825989,0.018343031406402588,-0.0411379337310791,0.005523383617401123,-0.17217963933944702,-177.77069091796875,179.03273010253906,0.17217963933944702,-0.7334668040275574,0.350029319524765,40470,-0.0359019935131073,-0.5800572037696838,-0.11750757694244385,0.11922970414161682,0.2058979868888855,0.024901628494262695,-1069.5863037109375,-136.66941833496094,177.001953125
20251022_154212.660789,0.9816109538078308,1.0410069227218628,0.994286060333252,0.01838904619216919,-0.04100692272186279,0.005713939666748047,-0.17332637310028076,-177.8766326904297,178.86898803710938,0.17332637310028076,-0.7411266565322876,0.3560353219509125,40506,-0.037140607833862305,-0.5801246166229248,-0.12386143207550049,0.11952880024909973,0.20613674819469452,0.03036975860595703,-1066.179931640625,-137.0801544189453,209.61761474609375
20251022_154212.670769,0.9815443158149719,1.0409618616104126,0.994123101234436,0.018455684185028076,-0.0409618616104126,0.005876898765563965,-0.19902122020721436,-178.03292846679688,178.99513244628906,0.19902122020721436,-0.7243174314498901,0.37031927704811096,40369,-0.03819984197616577,-0.5801941752433777,-0.10592341423034668,0.1199619472026825,0.20637623965740204,0.043981075286865234,-1065.0084228515625,-137.489990234375,72.0977783203125
20251022_154212.680216,0.9815200567245483,1.0409091711044312,0.9939609169960022,0.01847994327545166,-0.04090917110443115,0.006039083003997803,-0.21792687475681305,-178.18588256835938,179.00787353515625,0.21792687475681305,-0.7249394655227661,0.34274694323539734,40382,-0.03925403952598572,-0.5802657008171082,-0.10541975498199463,0.12011963129043579,0.2066163271665573,0.01601099967956543,-1063.638427734375,-137.89935302734375,84.3048095703125
20251022_154212.690945,0.9815062880516052,1.040816068649292,0.9938141703605652,0.018493711948394775,-0.04081606864929199,0.0061858296394348145,-0.31893235445022583,-178.57781982421875,179.00186157226562,0.31893235445022583,-0.7159322500228882,0.3361530900001526,40449,-0.040207892656326294,-0.5803390145301819,-0.09538531303405762,0.12020912766456604,0.2068566530942917,0.009087324142456055,-1061.2177734375,-138.30796813964844,148.96392822265625
20251022_154212.700938,0.9814651608467102,1.040714144706726,0.9936359524726868,0.018534839153289795,-0.040714144706726074,0.006364047527313232,-0.42768892645835876,-178.64707946777344,178.79986572265625,0.42768892645835876,-0.7376222610473633,0.35471776127815247,40465,-0.04136630892753601,-0.5804142951965332,-0.11584162712097168,0.12047645449638367,0.20709733664989471,0.02714395523071289,-1058.5677490234375,-138.7156219482422,163.07830810546875
20251022_154212.710850,0.9814771413803101,1.0406475067138672,0.9934037327766418,0.01852285861968994,-0.04064750671386719,0.006596267223358154,-0.3432331681251526,-178.72293090820312,178.7100372314453,0.3432331681251526,-0.7743106484413147,0.31982964277267456,40410,-0.042875736951828,-0.5804920792579651,-0.15094280242919922,0.12039858102798462,0.20733821392059326,-0.00790715217590332,-1056.835205078125,-139.1224365234375,106.62078857421875
20251022_154212.720896,0.981472373008728,1.0405619144439697,0.9932525753974915,0.018527626991271973,-0.04056191444396973,0.006747424602508545,-0.3041397035121918,-178.73301696777344,178.555908203125,0.3041397035121918,-0.7226827144622803,0.3311557471752167,40442,-0.04385825991630554,-0.5805721282958984,-0.0982522964477539,0.12042957544326782,0.20757904648780823,0.003147125244140625,-1054.6097412109375,-139.52847290039062,136.9476318359375
20251022_154212.730398,0.9814698696136475,1.0405211448669434,0.9930503964424133,0.01853013038635254,-0.04052114486694336,0.00694960355758667,-0.31265535950660706,-178.8025360107422,178.59202575683594,0.31265535950660706,-0.7572430968284607,0.3299179971218109,40371,-0.045172423124313354,-0.5806543231010437,-0.13141632080078125,0.1204458475112915,0.20781990885734558,0.0016522407531738281,-1053.5498046875,-139.93389892578125,65.2313232421875
20251022_154212.741024,0.9814953804016113,1.0404067039489746,0.9928866624832153,0.018504619598388672,-0.04040670394897461,0.007113337516784668,-0.2967458963394165,-178.68869018554688,178.37960815429688,0.2967458963394165,-0.7334024906158447,0.3115035593509674,40492,-0.04623669385910034,-0.5807387232780457,-0.10642707347869873,0.12028002738952637,0.2080606371164322,-0.016837120056152344,-1050.5743408203125,-140.33853149414062,183.10546875
20251022_154212.750812,0.9814881086349487,1.040359377861023,0.9927298426628113,0.01851189136505127,-0.04035937786102295,0.007270157337188721,-0.3311808407306671,-178.7604217529297,178.4228973388672,0.3311808407306671,-0.730013906955719,0.33342790603637695,40385,-0.047256022691726685,-0.5808250308036804,-0.10193288326263428,0.12032729387283325,0.20830124616622925,0.004799365997314453,-1049.3438720703125,-140.74237060546875,75.72174072265625
20251022_154212.760804,0.9815033674240112,1.0403032302856445,0.9925819039344788,0.01849663257598877,-0.04030323028564453,0.00741809606552124,-0.30135783553123474,-178.6222686767578,178.5072021484375,0.30135783553123474,-0.7252909541130066,0.3186991214752197,40400,-0.04821762442588806,-0.5809131264686584,-0.0961601734161377,0.120228111743927,0.20854181051254272,-0.01007080078125,-1047.884033203125,-141.1456756591797,89.83612060546875
20251022_154212.770490,0.981535017490387,1.0403251647949219,0.992389976978302,0.018464982509613037,-0.040325164794921875,0.007610023021697998,-0.3172122538089752,-178.44647216796875,178.70697021484375,0.3172122538089752,-0.7552209496498108,0.3079153895378113,40274,-0.04946514964103699,-0.5810033082962036,-0.12475252151489258,0.12002238631248474,0.20878206193447113,-0.0208890438079834,-1048.454345703125,-141.54881286621094,-35.09521484375
20251022_154212.781281,0.9815182685852051,1.0403259992599487,0.9922227263450623,0.018481731414794922,-0.04032599925994873,0.007777273654937744,-0.3515530228614807,-178.25132751464844,178.86912536621094,0.3515530228614807,-0.7403607964515686,0.3402077257633209,40308,-0.05055227875709534,-0.5810956358909607,-0.10871291160583496,0.12013125419616699,0.20902220904827118,0.011054277420043945,-1048.4759521484375,-141.9520721435547,-1.33514404296875
20251022_154212.790715,0.9815298914909363,1.040278673171997,0.9920713305473328,0.01847010850906372,-0.04027867317199707,0.007928669452667236,-0.2956337630748749,-177.97972106933594,178.9905548095703,0.2956337630748749,-0.7311334609985352,0.3216469883918762,40386,-0.051536351442337036,-0.5811898708343506,-0.09840726852416992,0.12005570530891418,0.2092624008655548,-0.0076711177825927734,-1047.2454833984375,-142.3551025390625,75.72174072265625
20251022_154212.800817,0.9815232753753662,1.0401854515075684,0.9919108748435974,0.01847672462463379,-0.04018545150756836,0.008089125156402588,-0.30705657601356506,-177.93324279785156,179.0113525390625,0.30705657601356506,-0.7381615042686462,0.3339678943157196,40461,-0.05257931351661682,-0.5812859535217285,-0.10429620742797852,0.12009871006011963,0.20950254797935486,0.004366636276245117,-1044.82177734375,-142.75741577148438,149.1546630859375
20251022_154212.810536,0.9815130233764648,1.040102243423462,0.9916853308677673,0.018486976623535156,-0.040102243423461914,0.008314669132232666,-0.28036579489707947,-178.14064025878906,179.10157775878906,0.28036579489707947,-0.7820333242416382,0.3366744816303253,40447,-0.05404534935951233,-0.5813844203948975,-0.14660358428955078,0.12016534805297852,0.20974281430244446,0.006766319274902344,-1042.6583251953125,-143.1588592529297,133.1329345703125
20251022_154212.820891,0.981518566608429,1.0400141477584839,0.9915440678596497,0.018481433391571045,-0.04001414775848389,0.008455932140350342,-0.29593467712402344,-178.33810424804688,179.08261108398438,0.29593467712402344,-0.7282695174217224,0.32645389437675476,40457,-0.05496355891227722,-0.5814850330352783,-0.09182095527648926,0.12012931704521179,0.20998311042785645,-0.0036585330963134766,-1040.3677978515625,-143.55943298339844,140.95306396484375
20251022_154212.830469,0.9815221428871155,1.0399268865585327,0.9913914203643799,0.01847785711288452,-0.039926886558532715,0.008608579635620117,-0.3441738486289978,-178.49560546875,178.99826049804688,0.3441738486289978,-0.7367640137672424,0.3279690742492676,40457,-0.05595576763153076,-0.5815873742103577,-0.099220871925354,0.12010607123374939,0.21022334694862366,-0.0023603439331054688,-1038.0989990234375,-143.9591522216797,139.617919921875
20251022_154212.840906,0.9815303683280945,1.0398284196853638,0.9912078380584717,0.018469631671905518,-0.03982841968536377,0.00879216194152832,-0.3703896701335907,-178.6668701171875,178.95059204101562,0.3703896701335907,-0.7581693530082703,0.325087308883667,40477,-0.05714905261993408,-0.5816918015480042,-0.11932849884033203,0.12005260586738586,0.2104635089635849,-0.005428791046142578,-1035.5389404296875,-144.35792541503906,157.5469970703125
20251022_154212.850712,0.9815363883972168,1.0397286415100098,0.9910323619842529,0.018463611602783203,-0.039728641510009766,0.00896763801574707,-0.4041541814804077,-178.68499755859375,178.93113708496094,0.4041541814804077,-0.754147469997406,0.32674381136894226,40481,-0.05828964710235596,-0.5817983746528625,-0.1140594482421875,0.12001347541809082,0.21070356667041779,-0.003973245620727539,-1032.9447021484375,-144.75570678710938,159.64508056640625
20251022_154212.861011,0.9815809726715088,1.0396288633346558,0.9908729791641235,0.01841902732849121,-0.03962886333465576,0.009127020835876465,-0.39661550521850586,-178.85902404785156,178.68528747558594,0.39661550521850586,-0.744831383228302,0.30124136805534363,40484,-0.05932563543319702,-0.5819069147109985,-0.10359883308410645,0.11972367763519287,0.2109433114528656,-0.029425621032714844,-1030.3504638671875,-145.15249633789062,159.64508056640625
20251022_154212.870751,0.9816001057624817,1.0395392179489136,0.9907071590423584,0.01839989423751831,-0.039539217948913574,0.009292840957641602,-0.5043930411338806,-179.0272674560547,178.6901092529297,0.5043930411338806,-0.7502040266990662,0.31815409660339355,40469,-0.06040346622467041,-0.5820174813270569,-0.10778307914733887,0.11959931254386902,0.2111826241016388,-0.012627840042114258,-1028.0196533203125,-145.54833984375,143.4326171875
20251022_154212.880032,0.9816368818283081,1.039488673210144,0.9905140995979309,0.018363118171691895,-0.03948867321014404,0.009485900402069092,-0.5234898924827576,-179.02857971191406,178.70028686523438,0.5234898924827576,-0.7692770957946777,0.3065096437931061,40408,-0.0616583526134491,-0.5821301341056824,-0.12548863887786865,0.11936026811599731,0.21142159402370453,-0.02427220344543457,-1026.7054443359375,-145.9434814453125,80.87158203125
20251022_154212.891021,0.9816974401473999,1.039429783821106,0.9904001355171204,0.018302559852600098,-0.03942978382110596,0.009599864482879639,-0.4794326722621918,-178.91845703125,178.5496063232422,0.4794326722621918,-0.7187204360961914,0.29065805673599243,40422,-0.06239911913871765,-0.5822446346282959,-0.07407665252685547,0.11896663904190063,0.21165990829467773,-0.03996849060058594,-1025.1744384765625,-146.33807373046875,94.2230224609375
20251022_154212.900086,0.9817093014717102,1.0393755435943604,0.9902763366699219,0.018290698528289795,-0.03937554359436035,0.009723663330078125,-0.479354590177536,-178.79739379882812,178.49392700195312,0.479354590177536,-0.726033627986908,0.3229588270187378,40416,-0.06320381164550781,-0.582360565662384,-0.08046925067901611,0.11888954043388367,0.21189777553081512,-0.007828474044799805,-1023.76416015625,-146.73208618164062,86.78436279296875
20251022_154212.910541,0.9817481637001038,1.0392987728118896,0.9901300668716431,0.01825183629989624,-0.03929877281188965,0.009869933128356934,-0.5182632803916931,-178.90481567382812,178.5178985595703,0.5182632803916931,-0.7417080998420715,0.30512315034866333,40453,-0.06415456533432007,-0.5824781656265259,-0.09507536888122559,0.11863693594932556,0.21213530004024506,-0.025649070739746094,-1021.76806640625,-147.12545776367188,122.833251953125
20251022_154212.920667,0.9817869663238525,1.0392919778823853,0.9899250864982605,0.01821303367614746,-0.039291977882385254,0.010074913501739502,-0.4017525911331177,-178.90692138671875,178.47897338867188,0.4017525911331177,-0.7813220024108887,0.30514732003211975,40341,-0.06548693776130676,-0.5825977921485901,-0.13323724269866943,0.1183847188949585,0.2123723179101944,-0.025609731674194336,-1021.5914306640625,-147.51841735839844,10.87188720703125
20251022_154212.930907,0.9818408489227295,1.0393034219741821,0.989694356918335,0.018159151077270508,-0.03930342197418213,0.010305643081665039,-0.37967604398727417,-178.61334228515625,178.57589721679688,0.37967604398727417,-0.7996810078620911,0.29508069157600403,40311,-0.06698668003082275,-0.5827201008796692,-0.14997422695159912,0.1180344820022583,0.21260873973369598,-0.03556251525878906,-1021.8889770507812,-147.91139221191406,-18.310546875
20251022_154212.940819,0.9818845391273499,1.0393010377883911,0.9895251989364624,0.018115460872650146,-0.03930103778839111,0.010474801063537598,-0.373248428106308,-178.361572265625,178.72109985351562,0.373248428106308,-0.7608836889266968,0.3017594814300537,40333,-0.06808620691299438,-0.5828447937965393,-0.10995268821716309,0.11775049567222595,0.21284452080726624,-0.028835535049438477,-1021.8269653320312,-148.30441284179688,3.814697265625
20251022_154212.950904,0.9819013476371765,1.0392838716506958,0.9893749952316284,0.018098652362823486,-0.0392838716506958,0.010625004768371582,-0.38847148418426514,-178.2567596435547,178.94952392578125,0.38847148418426514,-0.7496663331985474,0.3196275532245636,40357,-0.06906253099441528,-0.5829713940620422,-0.09763240814208984,0.11764124035835266,0.21307991445064545,-0.011093616485595703,-1021.3806762695312,-148.6973419189453,27.4658203125
20251022_154212.960818,0.9819543361663818,1.0392200946807861,0.9892176389694214,0.018045663833618164,-0.03922009468078613,0.010782361030578613,-0.2561888098716736,-178.34280395507812,178.85562133789062,0.2561888098716736,-0.7554667592048645,0.2956392467021942,40433,-0.07008534669876099,-0.5830998420715332,-0.10228157043457031,0.11729681491851807,0.21331484615802765,-0.034972429275512695,-1019.7224731445312,-149.08985900878906,102.04315185546875
20251022_154212.970715,0.9819921851158142,1.0391199588775635,0.9890963435173035,0.01800781488418579,-0.03911995887756348,0.010903656482696533,-0.279317170381546,-178.4493865966797,178.83799743652344,0.279317170381546,-0.7329457402229309,0.3056196868419647,40493,-0.07087376713752747,-0.5832299590110779,-0.07884204387664795,0.11705079674720764,0.2135491967201233,-0.02498030662536621,-1017.1189575195312,-149.4815673828125,160.21728515625
20251022_154212.980827,0.9820299744606018,1.0390123128890991,0.9889556169509888,0.017970025539398193,-0.03901231288909912,0.01104438304901123,-0.2408314198255539,-178.46482849121094,178.67254638671875,0.2408314198255539,-0.7466223835945129,0.30564725399017334,40508,-0.071788489818573,-0.5833616256713867,-0.09147226810455322,0.11680516600608826,0.21378305554389954,-0.024940967559814453,-1014.3201293945312,-149.87222290039062,172.23358154296875
20251022_154212.990645,0.9820443391799927,1.0389230251312256,0.9888038635253906,0.017955660820007324,-0.038923025131225586,0.011196136474609375,-0.2008788138628006,-178.65969848632812,178.7489471435547,0.2008788138628006,-0.7549096941947937,0.3212476670742035,40480,-0.07277488708496094,-0.5834950804710388,-0.09863972663879395,0.11671179533004761,0.21401657164096832,-0.009480714797973633,-1011.9986572265625,-150.26190185546875,142.86041259765625
20251022_154213.000598,0.9821068644523621,1.0388410091400146,0.988666832447052,0.01789313554763794,-0.03884100914001465,0.011333167552947998,-0.21911101043224335,-178.90728759765625,178.66392517089844,0.21911101043224335,-0.746366024017334,0.2892882823944092,40470,-0.07366558909416199,-0.5836302638053894,-0.08907020092010498,0.1163053810596466,0.2142495959997177,-0.041266679763793945,-1009.8662109375,-150.65072631835938,131.2255859375
20251022_154213.010586,0.9821385145187378,1.0387115478515625,0.9885035753250122,0.017861485481262207,-0.0387115478515625,0.011496424674987793,-0.2734929323196411,-179.1326446533203,178.5469207763672,0.2734929323196411,-0.7646111249923706,0.3096926212310791,40549,-0.07472676038742065,-0.5837672352790833,-0.1061171293258667,0.11609965562820435,0.21448199450969696,-0.0208890438079834,-1006.500244140625,-151.03848266601562,207.1380615234375
20251022_154213.020262,0.9821425080299377,1.0386344194412231,0.9884771108627319,0.017857491970062256,-0.038634419441223145,0.011522889137268066,-0.13154400885105133,-179.31884765625,178.36354064941406,0.13154400885105133,-0.676006019115448,0.3281521499156952,40467,-0.07489877939224243,-0.5839053392410278,-0.017201900482177734,0.11607369780540466,0.2147141695022583,-0.0026357173919677734,-1004.4949340820312,-151.4252166748047,123.40545654296875
20251022_154213.030546,0.9822517037391663,1.0385273694992065,0.9882628917694092,0.01774829626083374,-0.03852736949920654,0.01173710823059082,-0.1970089077949524,-179.3279266357422,178.32220458984375,0.1970089077949524,-0.7995784878730774,0.25824037194252014,40517,-0.07629120349884033,-0.584044873714447,-0.13924241065979004,0.11536392569541931,0.21494561433792114,-0.07206916809082031,-1001.7116088867188,-151.81101989746094,171.2799072265625
20251022_154213.040102,0.9822876453399658,1.0384633541107178,0.9881131649017334,0.01771235466003418,-0.03846335411071777,0.011886835098266602,-0.2523415982723236,-179.36465454101562,178.35781860351562,0.2523415982723236,-0.7587735056877136,0.3065849542617798,40450,-0.07726442813873291,-0.5841866135597229,-0.09732246398925781,0.11513030529022217,0.21517610549926758,-0.02372145652770996,-1000.0471801757812,-152.1959686279297,102.42462158203125
20251022_154213.050843,0.9823400378227234,1.0384577512741089,0.9879181981086731,0.01765996217727661,-0.03845775127410889,0.012081801891326904,-0.2128906399011612,-179.3048858642578,178.4100341796875,0.2128906399011612,-0.78959059715271,0.2956167459487915,40356,-0.07853171229362488,-0.5843304395675659,-0.12672841548919678,0.11478975415229797,0.21540601551532745,-0.03457903861999512,-999.9015502929688,-152.58058166503906,8.96453857421875
20251022_154213.060263,0.9823628067970276,1.0384483337402344,0.9877277612686157,0.017637193202972412,-0.038448333740234375,0.012272238731384277,-0.20427262783050537,-179.08624267578125,178.5974884033203,0.20427262783050537,-0.7880300879478455,0.3152496814727783,40362,-0.0797695517539978,-0.5844765901565552,-0.12378394603729248,0.11464175581932068,0.21563544869422913,-0.015027523040771484,-999.6566772460938,-152.96511840820312,15.06805419921875
20251022_154213.070718,0.9824159741401672,1.0383882522583008,0.9876031279563904,0.017584025859832764,-0.03838825225830078,0.01239687204360962,-0.20260362327098846,-178.9950408935547,178.6251678466797,0.20260362327098846,-0.7462159395217896,0.2950701117515564,40444,-0.08057966828346252,-0.5846245884895325,-0.08101165294647217,0.11429616808891296,0.2158643901348114,-0.03509044647216797,-998.0945434570312,-153.3492889404297,96.13037109375
20251022_154213.080355,0.9824684262275696,1.0383092164993286,0.9874808192253113,0.01753157377243042,-0.03830921649932861,0.01251918077468872,-0.20517677068710327,-178.96847534179688,178.63308715820312,0.20517677068710327,-0.7456494569778442,0.2954294979572296,40476,-0.08137467503547668,-0.5847740769386292,-0.07950067520141602,0.11395522952079773,0.21609264612197876,-0.034618377685546875,-996.0396118164062,-153.7327880859375,126.45721435546875
20251022_154213.091142,0.9825209379196167,1.0382581949234009,0.9873318076133728,0.0174790620803833,-0.03825819492340088,0.012668192386627197,-0.19266949594020844,-178.7288360595703,178.6693878173828,0.19266949594020844,-0.7641260027885437,0.295276403427124,40432,-0.08234325051307678,-0.5849252343177795,-0.09685754776000977,0.11361390352249146,0.2163202166557312,-0.03465771675109863,-994.7130737304688,-154.11561584472656,81.634521484375
20251022_154213.100939,0.9825781583786011,1.0382401943206787,0.987175703048706,0.017421841621398926,-0.03824019432067871,0.012824296951293945,-0.169212207198143,-178.4691925048828,178.798828125,0.169212207198143,-0.7699040770530701,0.29202353954315186,40380,-0.08335793018341064,-0.5850781798362732,-0.10146796703338623,0.11324197053909302,0.21654707193374634,-0.0377655029296875,-994.2450561523438,-154.49810791015625,28.80096435546875
20251022_154213.110714,0.9826251864433289,1.0382195711135864,0.987050473690033,0.017374813556671143,-0.038219571113586426,0.012949526309967041,-0.1629641205072403,-178.25604248046875,178.90866088867188,0.1629641205072403,-0.7508038282394409,0.29867100715637207,40384,-0.08417192101478577,-0.5852327942848206,-0.08139908313751221,0.11293628811836243,0.21677324175834656,-0.031038522720336914,-993.7088623046875,-154.8804168701172,32.99713134765625
20251022_154213.120630,0.9826805591583252,1.0381639003753662,0.9869177937507629,0.017319440841674805,-0.03816390037536621,0.01308220624923706,-0.1251051425933838,-178.10391235351562,178.89373779296875,0.1251051425933838,-0.7566652894020081,0.29302912950515747,40441,-0.0850343406200409,-0.5853890180587769,-0.0862419605255127,0.11257636547088623,0.21699875593185425,-0.03654599189758301,-992.2614135742188,-155.2623291015625,89.07318115234375
20251022_154213.130575,0.9827338457107544,1.038116693496704,0.9867619276046753,0.017266154289245605,-0.0381166934967041,0.013238072395324707,0.010245304554700851,-178.13021850585938,178.9104461669922,-0.010245304554700851,-0.7729073762893677,0.2942844331264496,40428,-0.0860474705696106,-0.5855469107627869,-0.10131299495697021,0.11223000288009644,0.21722356975078583,-0.035169124603271484,-991.0340576171875,-155.6437225341797,75.531005859375
20251022_154213.140486,0.9827921986579895,1.038130521774292,0.9865646958351135,0.017207801342010498,-0.03813052177429199,0.013435304164886475,0.17557846009731293,-178.1970672607422,178.45663452148438,-0.17557846009731293,-0.8012371063232422,0.29078540205955505,40330,-0.08732947707176208,-0.5857069492340088,-0.12820065021514893,0.11185070872306824,0.21744763851165771,-0.0385129451751709,-991.3935546875,-156.02496337890625,-22.125244140625
20251022_154213.150169,0.9828273057937622,1.0380586385726929,0.9864307045936584,0.017172694206237793,-0.03805863857269287,0.013569295406341553,0.09353233873844147,-178.2392120361328,178.48167419433594,-0.09353233873844147,-0.7611637115478516,0.30612292885780334,40469,-0.08820042014122009,-0.5858690142631531,-0.08709430694580078,0.11162251234054565,0.21767111122608185,-0.02317070960998535,-989.5245971679688,-156.40591430664062,115.01312255859375
20251022_154213.160899,0.98288494348526,1.0379787683486938,0.9863051772117615,0.01711505651473999,-0.03797876834869385,0.013694822788238525,0.07738090306520462,-178.32838439941406,178.3864288330078,-0.07738090306520462,-0.7566417455673218,0.29110097885131836,40483,-0.08901634812355042,-0.5860325694084167,-0.08159279823303223,0.11124786734580994,0.21789398789405823,-0.038040876388549805,-987.447998046875,-156.78610229492188,127.7923583984375
20251022_154213.170989,0.982912540435791,1.0379122495651245,0.9862200617790222,0.017087459564208984,-0.03791224956512451,0.013779938220977783,0.06929698586463928,-178.60902404785156,178.50535583496094,-0.06929698586463928,-0.7310920357704163,0.31097081303596497,40463,-0.08956959843635559,-0.5861974358558655,-0.05532503128051758,0.1110684871673584,0.21811629831790924,-0.018213987350463867,-985.718505859375,-157.16555786132812,106.4300537109375
20251022_154213.180053,0.9829881191253662,1.0378353595733643,0.9860898852348328,0.01701188087463379,-0.03783535957336426,0.013910114765167236,0.06617621332406998,-178.64669799804688,178.46414184570312,-0.06617621332406998,-0.7613940834999084,0.27903324365615845,40481,-0.09041574597358704,-0.5863635540008545,-0.08461475372314453,0.11057722568511963,0.21833795309066772,-0.049881935119628906,-983.7193603515625,-157.54429626464844,123.02398681640625
20251022_154213.190080,0.9830471873283386,1.037764310836792,0.9859964847564697,0.016952812671661377,-0.03776431083679199,0.014003515243530273,0.06472812592983246,-178.70791625976562,178.43807983398438,-0.06472812592983246,-0.7382642030715942,0.28976699709892273,40473,-0.09102284908294678,-0.5865310430526733,-0.06071031093597412,0.11019328236579895,0.21855872869491577,-0.03898501396179199,-981.8720703125,-157.9222869873047,113.677978515625
20251022_154213.200212,0.9831045269966125,1.0376698970794678,0.9858952760696411,0.01689547300338745,-0.03766989707946777,0.014104723930358887,0.10338533669710159,-178.77438354492188,178.43878173828125,-0.10338533669710159,-0.7441660761833191,0.29075512290000916,40513,-0.09168070554733276,-0.5866997241973877,-0.06578564643859863,0.10982057452201843,0.21877872943878174,-0.037844181060791016,-979.4172973632812,-158.29945373535156,151.06201171875
20251022_154213.210562,0.983159601688385,1.0375834703445435,0.9857951998710632,0.01684039831161499,-0.03758347034454346,0.014204800128936768,0.16964004933834076,-178.8486785888672,178.3773193359375,-0.16964004933834076,-0.7442502975463867,0.2921113073825836,40502,-0.09233120083808899,-0.5868695378303528,-0.06504952907562256,0.10946258902549744,0.2189980149269104,-0.03634929656982422,-977.1702270507812,-158.6757354736328,138.28277587890625
20251022_154213.220621,0.9832350015640259,1.037467360496521,0.9856999516487122,0.01676499843597412,-0.037467360496520996,0.014300048351287842,0.16064922511577606,-178.82521057128906,178.2420196533203,-0.16064922511577606,-0.741902232170105,0.27842503786087036,40552,-0.09295031428337097,-0.5870406031608582,-0.06191134452819824,0.10897248983383179,0.219216451048851,-0.04976391792297363,-974.1513671875,-159.0509796142578,185.7757568359375
20251022_154213.230100,0.9832916259765625,1.0373811721801758,0.9856093525886536,0.0167083740234375,-0.03738117218017578,0.014390647411346436,0.17362171411514282,-179.02975463867188,178.18408203125,-0.17362171411514282,-0.7396413087844849,0.2906663417816162,40506,-0.09353920817375183,-0.5872127413749695,-0.05888938903808594,0.10860443115234375,0.21943403780460358,-0.03737211227416992,-971.9104614257812,-159.42523193359375,137.90130615234375
20251022_154213.240156,0.983380138874054,1.0372025966644287,0.9855405688285828,0.016619861125946045,-0.03720259666442871,0.014459431171417236,0.29078736901283264,-179.1406707763672,177.97991943359375,-0.29078736901283264,-0.7260815501213074,0.2692612409591675,40658,-0.09398630261421204,-0.5873858332633972,-0.04470944404602051,0.10802909731864929,0.21965067088603973,-0.05841851234436035,-967.2675170898438,-159.7981414794922,285.7208251953125
20251022_154213.250614,0.9834359884262085,1.037116527557373,0.9853761792182922,0.016564011573791504,-0.03711652755737305,0.014623820781707764,0.30930694937705994,-179.3020782470703,178.0107421875,-0.30930694937705994,-0.7894684076309204,0.2906717360019684,40512,-0.09505483508110046,-0.5875602960586548,-0.10685324668884277,0.10766607522964478,0.21986636519432068,-0.03686070442199707,-965.0297241210938,-160.16973876953125,137.7105712890625
20251022_154213.260652,0.9835101962089539,1.0370713472366333,0.9852475523948669,0.016489803791046143,-0.0370713472366333,0.014752447605133057,0.30924034118652344,-179.1743621826172,178.138916015625,-0.30924034118652344,-0.7672349214553833,0.278287798166275,40447,-0.09589090943336487,-0.5877366065979004,-0.08360743522644043,0.10718372464179993,0.22008121013641357,-0.04897713661193848,-963.8550415039062,-160.54067993164062,72.28851318359375
20251022_154213.270621,0.9835828542709351,1.0370731353759766,0.9851427674293518,0.01641714572906494,-0.03707313537597656,0.014857232570648193,0.3248652517795563,-178.99172973632812,178.29437255859375,-0.3248652517795563,-0.7525964975357056,0.2790522277355194,40372,-0.09657201170921326,-0.587914228439331,-0.06811022758483887,0.10671144723892212,0.22029510140419006,-0.04795432090759277,-963.9014892578125,-160.91140747070312,-2.86102294921875
20251022_154213.280626,0.9836548566818237,1.0370233058929443,0.9850358963012695,0.01634514331817627,-0.037023305892944336,0.014964103698730469,0.34186580777168274,-178.87979125976562,178.2833709716797,-0.34186580777168274,-0.7548260688781738,0.27922990918159485,40455,-0.09726667404174805,-0.5880931615829468,-0.069466233253479,0.10624343156814575,0.22050805389881134,-0.04752159118652344,-962.60595703125,-161.28189086914062,79.7271728515625
20251022_154213.290852,0.9838237762451172,1.0368099212646484,0.9849264025688171,0.016176223754882812,-0.03680992126464844,0.015073597431182861,0.34908345341682434,-178.58721923828125,179.17689514160156,-0.34908345341682434,-0.757422685623169,0.2143779844045639,40722,-0.0979783833026886,-0.5882734060287476,-0.07117092609405518,0.10514545440673828,0.22071944177150726,-0.11148691177368164,-957.0579833984375,-161.6510467529297,341.4154052734375
20251022_154213.300782,0.9838929772377014,1.03678560256958,0.9847780466079712,0.016107022762298584,-0.03678560256958008,0.015221953392028809,0.3452591300010681,-178.60354614257812,179.19290161132812,-0.3452591300010681,-0.7838292121887207,0.2799522876739502,40420,-0.09894269704818726,-0.5884551405906677,-0.09643137454986572,0.1046956479549408,0.22092929482460022,-0.04567265510559082,-956.4256591796875,-162.01902770996094,38.909912109375
20251022_154213.309998,0.9839740991592407,1.0367178916931152,0.9846676588058472,0.016025900840759277,-0.036717891693115234,0.015332341194152832,0.40777796506881714,-178.5105438232422,179.16542053222656,-0.40777796506881714,-0.7600507736206055,0.2717660367488861,40491,-0.09966021776199341,-0.5886384844779968,-0.07175207138061523,0.1041683554649353,0.2211381494998932,-0.05354046821594238,-954.6651611328125,-162.3865509033203,108.33740234375
20251022_154213.320770,0.9840567111968994,1.0366610288619995,0.9846018552780151,0.015943288803100586,-0.03666102886199951,0.015398144721984863,0.3210787773132324,-178.36912536621094,179.40550231933594,-0.3210787773132324,-0.7316831350326538,0.27045339345932007,40475,-0.10008794069290161,-0.5888229012489319,-0.04277229309082031,0.10363137722015381,0.2213459461927414,-0.05452394485473633,-953.186767578125,-162.75343322753906,90.98052978515625
20251022_154213.330886,0.9841226935386658,1.0366601943969727,0.984492301940918,0.01587730646133423,-0.036660194396972656,0.015507698059082031,0.2710948586463928,-178.38092041015625,179.40184020996094,-0.2710948586463928,-0.7610180377960205,0.2812069356441498,40385,-0.1008000373840332,-0.5890083312988281,-0.07120966911315918,0.10320249199867249,0.2215527892112732,-0.0435483455657959,-953.1650390625,-163.1200408935547,1.33514404296875
20251022_154213.340759,0.9842533469200134,1.036636233329773,0.984246015548706,0.015746653079986572,-0.03663623332977295,0.015753984451293945,0.13331106305122375,-178.60455322265625,179.0292205810547,-0.13331106305122375,-0.8516829609870911,0.23788034915924072,40422,-0.10240089893341064,-0.5891959071159363,-0.16008615493774414,0.10235324501991272,0.22175833582878113,-0.08623123168945312,-952.5420532226562,-163.4865264892578,38.33770751953125
20251022_154213.350907,0.9843377470970154,1.0365524291992188,0.9841339588165283,0.01566225290298462,-0.03655242919921875,0.01586604118347168,0.16654400527477264,-178.52516174316406,178.95103454589844,-0.16654400527477264,-0.7653517723083496,0.2680630385875702,40519,-0.10312926769256592,-0.5893856287002563,-0.07283687591552734,0.10180464386940002,0.22196249663829803,-0.05570411682128906,-950.3631591796875,-163.85247802734375,134.08660888671875
20251022_154213.360878,0.9844316244125366,1.036515712738037,0.9840179085731506,0.015568375587463379,-0.03651571273803711,0.015982091426849365,0.16298048198223114,-178.4973602294922,179.028564453125,-0.16298048198223114,-0.7688929438591003,0.26140090823173523,40445,-0.10388359427452087,-0.5895767211914062,-0.0754326581954956,0.10119444131851196,0.22216549515724182,-0.061959028244018555,-949.4085083007812,-164.21780395507812,58.746337890625
20251022_154213.371126,0.9844974279403687,1.0365086793899536,0.9839160442352295,0.015502572059631348,-0.03650867938995361,0.016083955764770508,0.15206696093082428,-178.34561157226562,178.99429321289062,-0.15206696093082428,-0.7605265974998474,0.27970385551452637,40397,-0.1045457124710083,-0.5897690653800964,-0.06621181964874268,0.10076671838760376,0.22236746549606323,-0.043430328369140625,-949.2256469726562,-164.5829315185547,11.25335693359375
20251022_154213.380712,0.984575092792511,1.0365326404571533,0.9837526679039001,0.015424907207489014,-0.03653264045715332,0.016247332096099854,0.2539902329444885,-178.1562957763672,179.116943359375,-0.2539902329444885,-0.8017653226852417,0.2715715765953064,40346,-0.10560765862464905,-0.5899630784988403,-0.10619461536407471,0.10026189684867859,0.22256848216056824,-0.05125880241394043,-949.8486328125,-164.94813537597656,-38.33770751953125
20251022_154213.390488,0.9846416711807251,1.0365287065505981,0.9836354851722717,0.015358328819274902,-0.036528706550598145,0.01636451482772827,0.27815675735473633,-178.06698608398438,179.20835876464844,-0.27815675735473633,-0.772696852684021,0.2786559760570526,40391,-0.10636934638023376,-0.5901587605476379,-0.07616877555847168,0.09982913732528687,0.22276857495307922,-0.04394173622131348,-949.7463989257812,-165.31344604492188,6.29425048828125
20251022_154213.400387,0.9847468733787537,1.0365378856658936,0.9834550619125366,0.015253126621246338,-0.036537885665893555,0.01654493808746338,0.4375966489315033,-178.10772705078125,179.2181854248047,-0.4375966489315033,-0.8151734471321106,0.2526794373989105,40369,-0.10754209756851196,-0.5903562307357788,-0.11727511882781982,0.0991453230381012,0.22296755015850067,-0.06943345069885254,-949.9850463867188,-165.6787872314453,-14.68658447265625
20251022_154213.410495,0.984817385673523,1.0364506244659424,0.9833440184593201,0.01518261432647705,-0.03645062446594238,0.01665598154067993,0.31703421473503113,-178.22146606445312,179.24951171875,-0.31703421473503113,-0.7709975242614746,0.2753142714500427,40525,-0.10826388001441956,-0.5905554294586182,-0.07217824459075928,0.09868699312210083,0.2231653928756714,-0.04653811454772949,-947.7162475585938,-166.04371643066406,139.617919921875
20251022_154213.420508,0.9849033951759338,1.0363669395446777,0.983248770236969,0.015096604824066162,-0.036366939544677734,0.016751229763031006,0.33181676268577576,-178.27513122558594,179.14553833007812,-0.33181676268577576,-0.7615501880645752,0.26472386717796326,40521,-0.10888299345970154,-0.5907558798789978,-0.06191134452819824,0.09812793135643005,0.22336220741271973,-0.05676627159118652,-945.5404052734375,-166.40780639648438,133.8958740234375
20251022_154213.430516,0.9849746227264404,1.036307454109192,0.9831628799438477,0.01502537727355957,-0.036307454109191895,0.016837120056152344,0.320203959941864,-178.40260314941406,179.0585174560547,-0.320203959941864,-0.7562273740768433,0.2742127776145935,40484,-0.10944128036499023,-0.5909574031829834,-0.05582869052886963,0.09766495227813721,0.2235579937696457,-0.047010183334350586,-943.9938354492188,-166.77117919921875,95.17669677734375
20251022_154213.440619,0.9850605726242065,1.0362638235092163,0.9830873608589172,0.014939427375793457,-0.03626382350921631,0.016912639141082764,0.3158864974975586,-178.46099853515625,179.00808715820312,-0.3158864974975586,-0.7501794695854187,0.2641321122646332,40459,-0.10993215441703796,-0.5911598801612854,-0.04908740520477295,0.09710627794265747,0.22375276684761047,-0.056726932525634766,-942.8594360351562,-167.134033203125,69.8089599609375
20251022_154213.450428,0.9851392507553101,1.0362166166305542,0.9830004572868347,0.014860749244689941,-0.0362166166305542,0.016999542713165283,0.27427616715431213,-178.53697204589844,179.02207946777344,-0.27427616715431213,-0.7583476901054382,0.2686137557029724,40466,-0.11049702763557434,-0.5913633704185486,-0.056487321853637695,0.09659487009048462,0.2239464670419693,-0.05192756652832031,-941.6320190429688,-167.49644470214844,75.531005859375
20251022_154213.460545,0.9852373003959656,1.0361709594726562,0.9828994870185852,0.014762699604034424,-0.03617095947265625,0.017100512981414795,0.3124120235443115,-178.6920166015625,179.01608276367188,-0.3124120235443115,-0.7683519721031189,0.25538378953933716,40464,-0.11115333437919617,-0.5915679335594177,-0.06563067436218262,0.09595754742622375,0.2241390198469162,-0.0647127628326416,-940.4449462890625,-167.85838317871094,73.05145263671875
20251022_154213.470594,0.985335111618042,1.0360870361328125,0.9828093647956848,0.014664888381958008,-0.0360870361328125,0.017190635204315186,0.3182453215122223,-178.81295776367188,178.9054718017578,-0.3182453215122223,-0.7620922923088074,0.2550966739654541,40527,-0.1117391288280487,-0.5917736887931824,-0.058579444885253906,0.09532177448272705,0.22433030605316162,-0.06455540657043457,-938.262939453125,-168.21966552734375,134.27734375
20251022_154213.480600,0.9854298830032349,1.035998821258545,0.9827162027359009,0.014570116996765137,-0.03599882125854492,0.01728379726409912,0.28526654839515686,-178.85769653320312,178.74505615234375,-0.28526654839515686,-0.7648805975914001,0.25667697191238403,40536,-0.11234468221664429,-0.5919805765151978,-0.060555338859558105,0.09470576047897339,0.22452032566070557,-0.06254911422729492,-935.9693603515625,-168.58009338378906,141.143798828125
20251022_154213.490966,0.9855270385742188,1.0359188318252563,0.9826383590698242,0.01447296142578125,-0.03591883182525635,0.01736164093017578,0.2778076231479645,-178.7841796875,178.7078094482422,-0.2778076231479645,-0.7556374669075012,0.2546606659889221,40525,-0.11285066604614258,-0.5921884179115295,-0.0505983829498291,0.09407424926757812,0.22470910847187042,-0.06412267684936523,-933.8896484375,-168.93968200683594,127.98309326171875
20251022_154213.501084,0.9855322241783142,1.035912036895752,0.9826053977012634,0.014467775821685791,-0.03591203689575195,0.017394602298736572,0.1218501403927803,-178.82656860351562,178.6058807373047,-0.1218501403927803,-0.7268867492675781,0.31551527976989746,40407,-0.11306491494178772,-0.5923969745635986,-0.02142488956451416,0.09404054284095764,0.22489722073078156,-0.0034224987030029297,-933.7129516601562,-169.29884338378906,10.87188720703125
20251022_154213.510293,0.9857006669044495,1.0358353853225708,0.9824665784835815,0.014299333095550537,-0.0358353853225708,0.017533421516418457,0.3214918375015259,-178.80816650390625,178.78076171875,-0.3214918375015259,-0.796806275844574,0.20685766637325287,40521,-0.11396723985671997,-0.5926065444946289,-0.0902324914932251,0.09294566512107849,0.22508420050144196,-0.11117219924926758,-931.7200317382812,-169.65757751464844,122.64251708984375
20251022_154213.520545,0.9858079552650452,1.0358272790908813,0.982333242893219,0.014192044734954834,-0.03582727909088135,0.017666757106781006,0.2959524095058441,-178.96142578125,178.88607788085938,-0.2959524095058441,-0.7943198084831238,0.24670737981796265,40411,-0.11483392119407654,-0.5928177237510681,-0.08666813373565674,0.09224829077720642,0.2252694070339203,-0.07081031799316406,-931.50927734375,-170.01588439941406,12.969970703125
20251022_154213.530330,0.9859262108802795,1.0357234477996826,0.9822371006011963,0.014073789119720459,-0.03572344779968262,0.01776289939880371,0.2585161626338959,-179.2089080810547,178.96954345703125,-0.2585161626338959,-0.7709816694259644,0.23888404667377472,40566,-0.11545884609222412,-0.5930303335189819,-0.0624924898147583,0.09147962927818298,0.22545312345027924,-0.0780487060546875,-928.8096313476562,-170.37364196777344,166.13006591796875
20251022_154213.540891,0.9860031008720398,1.0356215238571167,0.9821549654006958,0.013996899127960205,-0.0356215238571167,0.0178450345993042,0.2987593412399292,-179.4105987548828,178.89340209960938,-0.2987593412399292,-0.7626245617866516,0.26586803793907166,40566,-0.1159927248954773,-0.5932439565658569,-0.05338788032531738,0.09097984433174133,0.2256355881690979,-0.05074739456176758,-926.1596069335938,-170.73036193847656,163.07830810546875
20251022_154213.551078,0.9860713481903076,1.0355050563812256,0.9820732474327087,0.013928651809692383,-0.035505056381225586,0.01792675256729126,0.2801588475704193,-179.5116729736328,178.85569763183594,-0.2801588475704193,-0.7630991339683533,0.27131012082099915,40592,-0.11652389168739319,-0.5934585928916931,-0.053116679191589355,0.09053623676300049,0.22581709921360016,-0.045043230056762695,-923.1314697265625,-171.08599853515625,186.34796142578125
20251022_154213.560764,0.9861719012260437,1.0354888439178467,0.9819115996360779,0.013828098773956299,-0.03548884391784668,0.01808840036392212,0.38267654180526733,-179.5230712890625,178.70372009277344,-0.38267654180526733,-0.8163203597068787,0.24951516091823578,40431,-0.11757460236549377,-0.5936746597290039,-0.1050710678100586,0.08988264203071594,0.22599752247333527,-0.06636500358581543,-922.7099609375,-171.44097900390625,25.93994140625
20251022_154213.570821,0.9862866401672363,1.0354385375976562,0.9817541837692261,0.013713359832763672,-0.03543853759765625,0.018245816230773926,0.3963881731033325,-179.1444091796875,178.67861938476562,-0.3963881731033325,-0.8148108124732971,0.23958568274974823,40487,-0.11859780550003052,-0.5938926935195923,-0.10232031345367432,0.08913683891296387,0.22617654502391815,-0.07572770118713379,-921.4019775390625,-171.7956085205078,80.4901123046875
20251022_154213.580502,0.9864106774330139,1.0354403257369995,0.9816156625747681,0.013589322566986084,-0.03544032573699951,0.018384337425231934,0.469015508890152,-178.9768829345703,178.76393127441406,-0.469015508890152,-0.8036494255065918,0.23282001912593842,40403,-0.11949819326400757,-0.5941124558448792,-0.09003877639770508,0.08833059668540955,0.22635401785373688,-0.08186459541320801,-921.448486328125,-172.15000915527344,-2.86102294921875
20251022_154213.591133,0.9864379167556763,1.0353362560272217,0.981529712677002,0.01356208324432373,-0.03533625602722168,0.018470287322998047,0.3296649158000946,-178.79344177246094,179.15748596191406,-0.3296649158000946,-0.7702578902244568,0.29670608043670654,40575,-0.1200568675994873,-0.5943335890769958,-0.05586743354797363,0.08815354108810425,0.22653049230575562,-0.01797795295715332,-918.74267578125,-172.50389099121094,166.51153564453125
20251022_154213.600635,0.9865229725837708,1.0352839231491089,0.9813904166221619,0.013477027416229248,-0.03528392314910889,0.018609583377838135,0.25614967942237854,-178.8192901611328,179.18968200683594,-0.25614967942237854,-0.806060791015625,0.25817006826400757,40493,-0.12096229195594788,-0.5945560932159424,-0.09054243564605713,0.08760067820549011,0.22670625150203705,-0.0561368465423584,-917.3820190429688,-172.8569793701172,83.73260498046875
20251022_154213.610793,0.9866480827331543,1.0351916551589966,0.981252908706665,0.013351917266845703,-0.03519165515899658,0.01874709129333496,0.3896532356739044,-178.79454040527344,179.1176300048828,-0.3896532356739044,-0.8060164451599121,0.23109540343284607,40559,-0.12185609340667725,-0.5947802066802979,-0.08938014507293701,0.08678746223449707,0.22688063979148865,-0.08257269859313965,-914.9830322265625,-173.20936584472656,147.6287841796875
20251022_154213.620753,0.9867507219314575,1.0350914001464844,0.9811623692512512,0.01324927806854248,-0.035091400146484375,0.01883763074874878,0.41780149936676025,-178.59396362304688,178.9720001220703,-0.41780149936676025,-0.7763009667396545,0.24543197453022003,40574,-0.12244459986686707,-0.5950056910514832,-0.058850646018981934,0.08612030744552612,0.22705353796482086,-0.06774187088012695,-912.3764038085938,-173.56077575683594,160.40802001953125
20251022_154213.630725,0.9868192672729492,1.0350267887115479,0.9811499714851379,0.013180732727050781,-0.03502678871154785,0.01885002851486206,0.5530771613121033,-178.5429229736328,178.9035186767578,-0.5530771613121033,-0.7258155941963196,0.2676601707935333,40518,-0.1225251853466034,-0.595231831073761,-0.008058547973632812,0.08567476272583008,0.22722533345222473,-0.045239925384521484,-910.696533203125,-173.911376953125,103.3782958984375
20251022_154213.640879,0.9870290160179138,1.0350587368011475,0.9811789393424988,0.012970983982086182,-0.03505873680114746,0.01882106065750122,0.3939899504184723,-178.5857696533203,178.6018524169922,-0.3939899504184723,-0.6989656686782837,0.17327255010604858,40363,-0.12233689427375793,-0.5954578518867493,0.0188291072845459,0.08431139588356018,0.22739532589912415,-0.13843417167663574,-911.5271606445312,-174.2617950439453,-51.116943359375
20251022_154213.651210,0.9870283007621765,1.0348997116088867,0.9810181260108948,0.012971699237823486,-0.03489971160888672,0.018981873989105225,0.5951136350631714,-178.44891357421875,178.73577880859375,-0.5951136350631714,-0.8235955238342285,0.3123520612716675,40672,-0.12338218092918396,-0.5956847071647644,-0.10452866554260254,0.08431604504585266,0.22756394743919373,0.00047206878662109375,-907.3925170898438,-174.61158752441406,254.4403076171875
20251022_154213.660766,0.9871246218681335,1.034807562828064,0.9809363484382629,0.012875378131866455,-0.034807562828063965,0.01906365156173706,0.5997685194015503,-178.4681854248047,178.72381591796875,-0.5997685194015503,-0.772982120513916,0.2478499859571457,40567,-0.1239137351512909,-0.5959129333496094,-0.05315542221069336,0.08368995785713196,0.22773195803165436,-0.06357192993164062,-904.9966430664062,-174.9601287841797,147.43804931640625
20251022_154213.670830,0.9873507022857666,1.0348694324493408,0.9808305501937866,0.012649297714233398,-0.03486943244934082,0.01916944980621338,0.7189327478408813,-178.70724487304688,178.59176635742188,-0.7189327478408813,-0.7895126342773438,0.16090522706508636,40319,-0.12460142374038696,-0.5961423516273499,-0.06876885890960693,0.08222043514251709,0.22789786756038666,-0.14921307563781738,-906.605224609375,-175.3085174560547,-98.99139404296875
20251022_154213.680404,0.9874535799026489,1.034815788269043,0.9807612895965576,0.012546420097351074,-0.03481578826904297,0.019238710403442383,0.7584366202354431,-178.6499786376953,178.5905303955078,-0.7584366202354431,-0.7664437890052795,0.24171414971351624,40504,-0.1250516176223755,-0.5963727831840515,-0.04501938819885254,0.08155173063278198,0.22806164622306824,-0.06789922714233398,-905.2105102539062,-175.6569366455078,85.8306884765625
20251022_154213.691053,0.9875644445419312,1.0347806215286255,0.9806932806968689,0.012435555458068848,-0.03478062152862549,0.019306719303131104,0.8026208281517029,-178.35107421875,178.61892700195312,-0.8026208281517029,-0.766303539276123,0.23588447272777557,40475,-0.12549367547035217,-0.5966041088104248,-0.04420578479766846,0.08083111047744751,0.2282240241765976,-0.07317066192626953,-904.296142578125,-176.00491333007812,56.26678466796875
20251022_154213.700482,0.9876523017883301,1.0347511768341064,0.980622410774231,0.012347698211669922,-0.034751176834106445,0.019377589225769043,0.7975792288780212,-178.2150421142578,178.68338012695312,-0.7975792288780212,-0.7688559889793396,0.25065937638282776,40467,-0.12595432996749878,-0.5968362092971802,-0.046065449714660645,0.08026003837585449,0.22838512063026428,-0.057985782623291016,-903.5305786132812,-176.3525848388672,47.11151123046875
20251022_154213.710454,0.9877316355705261,1.0347164869308472,0.980563223361969,0.012268364429473877,-0.03471648693084717,0.019436776638031006,0.8527415990829468,-178.0357208251953,178.72970581054688,-0.8527415990829468,-0.7618799209594727,0.25592920184135437,40476,-0.12633904814720154,-0.5970690846443176,-0.03847181797027588,0.0797443687915802,0.22854511439800262,-0.05236029624938965,-902.628662109375,-176.69992065429688,55.50384521484375
20251022_154213.720210,0.9878290891647339,1.034663200378418,0.9805031418800354,0.012170910835266113,-0.03466320037841797,0.0194968581199646,0.8415964245796204,-178.01231384277344,178.73651123046875,-0.8415964245796204,-0.7630851864814758,0.24349552392959595,40506,-0.1267295777797699,-0.5973026752471924,-0.03905296325683594,0.07911092042922974,0.22870397567749023,-0.06431937217712402,-901.2432250976562,-177.04681396484375,85.25848388671875
20251022_154213.731030,0.987912654876709,1.0346276760101318,0.9803752899169922,0.012087345123291016,-0.034627676010131836,0.019624710083007812,0.7980744242668152,-178.1096649169922,178.82077026367188,-0.7980744242668152,-0.808201789855957,0.2522760331630707,40479,-0.12756061553955078,-0.5975373983383179,-0.08310377597808838,0.0785677433013916,0.22886165976524353,-0.05515336990356445,-900.319580078125,-177.3932647705078,56.8389892578125
20251022_154213.740965,0.9880213141441345,1.0345953702926636,0.9803110361099243,0.011978685855865479,-0.034595370292663574,0.019688963890075684,0.8042570948600769,-178.16505432128906,178.9779510498047,-0.8042570948600769,-0.767516553401947,0.23516441881656647,40474,-0.12797826528549194,-0.5977733135223389,-0.04176497459411621,0.07786145806312561,0.22901807725429535,-0.07171511650085449,-899.4796142578125,-177.7393798828125,51.68914794921875
20251022_154213.750695,0.9881051182746887,1.0345577001571655,0.980239748954773,0.01189488172531128,-0.03455770015716553,0.01976025104522705,0.8304082155227661,-178.1512908935547,179.00579833984375,-0.8304082155227661,-0.7727882862091064,0.2511792778968811,40483,-0.12844163179397583,-0.5980100035667419,-0.04633665084838867,0.07731673121452332,0.22917325794696808,-0.055310726165771484,-898.5001831054688,-178.08514404296875,60.272216796875
20251022_154213.760747,0.9881755709648132,1.034484624862671,0.9801894426345825,0.011824429035186768,-0.0344846248626709,0.01981055736541748,0.8083475232124329,-178.1168212890625,178.91432189941406,-0.8083475232124329,-0.7597151398658752,0.2596874535083771,40541,-0.12876862287521362,-0.5982474088668823,-0.0326991081237793,0.07685878872871399,0.22932744026184082,-0.046498775482177734,-896.6002197265625,-178.43035888671875,116.92047119140625
20251022_154213.770858,0.9882726669311523,1.0344419479370117,0.980139434337616,0.011727333068847656,-0.03444194793701172,0.019860565662384033,0.8193154335021973,-178.01376342773438,178.8732147216797,-0.8193154335021973,-0.7600845098495483,0.2416248470544815,40494,-0.12909367680549622,-0.5984854102134705,-0.03250539302825928,0.07622766494750977,0.22948051989078522,-0.06408333778381348,-895.4906616210938,-178.77499389648438,68.2830810546875
20251022_154213.780823,0.9883131980895996,1.0343698263168335,0.980169415473938,0.01168680191040039,-0.034369826316833496,0.01983058452606201,0.6144721508026123,-178.0082550048828,178.7784423828125,-0.6144721508026123,-0.708134651184082,0.2788463532924652,40542,-0.12889879941940308,-0.5987235903739929,0.019487738609313965,0.07596421241760254,0.22963272035121918,-0.026750564575195312,-893.615478515625,-179.11904907226562,115.39459228515625
20251022_154213.790608,0.9885303974151611,1.0342251062393188,0.9799855351448059,0.011469602584838867,-0.03422510623931885,0.020014464855194092,0.6982214450836182,-177.8577117919922,179.51071166992188,-0.6982214450836182,-0.8485788702964783,0.1609840989112854,40662,-0.1300940215587616,-0.598962664604187,-0.11952221393585205,0.07455241680145264,0.22978323698043823,-0.14335155487060547,-889.852783203125,-179.4620361328125,231.5521240234375
20251022_154213.800432,0.9886059165000916,1.0342094898223877,0.979899525642395,0.011394083499908447,-0.034209489822387695,0.02010047435760498,0.7437241673469543,-178.03103637695312,179.54083251953125,-0.7437241673469543,-0.7857626080513,0.25415077805519104,40455,-0.13065308332443237,-0.59920334815979,-0.05590617656707764,0.07406154274940491,0.22993184626102448,-0.04984259605407715,-889.4467163085938,-179.80419921875,24.98626708984375
20251022_154213.810614,0.9887064695358276,1.0342128276824951,0.9797285199165344,0.011293530464172363,-0.03421282768249512,0.020271480083465576,0.7129003405570984,-177.93191528320312,179.69960021972656,-0.7129003405570984,-0.8423638939857483,0.23712226748466492,40424,-0.13176462054252625,-0.5994455814361572,-0.11115372180938721,0.07340794801712036,0.23007932305335999,-0.06636500358581543,-889.5335083007812,-180.1463165283203,-5.340576171875
20251022_154213.820661,0.988771915435791,1.0341068506240845,0.9797956943511963,0.011228084564208984,-0.03410685062408447,0.02020430564880371,0.7160807847976685,-178.06771850585938,179.6489715576172,-0.7160807847976685,-0.6873530149459839,0.26001396775245667,40602,-0.13132798671722412,-0.5996884107589722,0.0436633825302124,0.0729825496673584,0.23022571206092834,-0.04319429397583008,-886.7781372070312,-180.4879150390625,169.56329345703125
20251022_154213.830599,0.988856315612793,1.0340852737426758,0.9796486496925354,0.011143684387207031,-0.03408527374267578,0.0203513503074646,0.6881454586982727,-177.71934509277344,179.69346618652344,-0.6881454586982727,-0.8277945518493652,0.24710094928741455,40467,-0.1322837769985199,-0.5999317765235901,-0.09557902812957764,0.0724339485168457,0.2303711175918579,-0.05570411682128906,-886.2171020507812,-180.82887268066406,34.52301025390625
20251022_154213.840615,0.9888999462127686,1.0340793132781982,0.9796004295349121,0.011100053787231445,-0.03407931327819824,0.02039957046508789,0.6602989435195923,-177.77207946777344,179.72860717773438,-0.6602989435195923,-0.7641165852546692,0.2738698720932007,40442,-0.1325972080230713,-0.6001762747764587,-0.03134310245513916,0.0721503496170044,0.23051570355892181,-0.02879619598388672,-886.0621337890625,-181.16969299316406,9.5367431640625
20251022_154213.850284,0.9889672994613647,1.0340747833251953,0.9795585870742798,0.011032700538635254,-0.03407478332519531,0.020441412925720215,0.6955221891403198,-177.6119842529297,179.7165069580078,-0.6955221891403198,-0.7604880928993225,0.25791898369789124,40439,-0.1328691840171814,-0.6004213094711304,-0.027197599411010742,0.07171255350112915,0.2306595742702484,-0.04445314407348633,-885.9443359375,-181.51046752929688,7.2479248046875
20251022_154213.860142,0.9890416264533997,1.0340992212295532,0.9794888496398926,0.010958373546600342,-0.03409922122955322,0.020511150360107422,0.6739456057548523,-177.7578887939453,179.8673858642578,-0.6739456057548523,-0.7793188095092773,0.25297611951828003,40392,-0.13332247734069824,-0.6006669998168945,-0.04532933235168457,0.07122942805290222,0.2308025062084198,-0.04905581474304199,-886.5797729492188,-181.85133361816406,-39.10064697265625
20251022_154213.870834,0.9891039133071899,1.0340827703475952,0.979421854019165,0.010896086692810059,-0.034082770347595215,0.02057814598083496,0.6850618124008179,-177.84913635253906,179.98159790039062,-0.6850618124008179,-0.778218686580658,0.2606598138809204,40457,-0.13375794887542725,-0.6009135842323303,-0.04354715347290039,0.07082456350326538,0.23094455897808075,-0.041109323501586914,-886.1520385742188,-182.19224548339844,26.3214111328125
20251022_154213.880593,0.9891823530197144,1.0338661670684814,0.9795448184013367,0.010817646980285645,-0.033866167068481445,0.02045518159866333,0.4801120460033417,-177.6309356689453,-179.53329467773438,-0.4801120460033417,-0.6541916131973267,0.24963019788265228,40783,-0.13295868039131165,-0.6011597514152527,0.07992684841156006,0.07031470537185669,0.23108570277690887,-0.05177021026611328,-880.5203247070312,-182.53199768066406,346.56524658203125
20251022_154213.890752,0.9892264008522034,1.033808708190918,0.9794822931289673,0.01077359914779663,-0.03380870819091797,0.020517706871032715,0.4981057047843933,-177.7164306640625,-179.6244354248047,-0.4981057047843933,-0.7754121422767639,0.2721828818321228,40530,-0.13336509466171265,-0.6014056205749512,-0.0406414270401001,0.0700283944606781,0.23122604191303253,-0.029071569442749023,-879.0264282226562,-182.870361328125,91.9342041015625
20251022_154213.900998,0.9892931580543518,1.033658504486084,0.9794933795928955,0.010706841945648193,-0.033658504486083984,0.020506620407104492,0.45842450857162476,-178.6118621826172,179.46939086914062,-0.45842450857162476,-0.7277385592460632,0.2569003999233246,40681,-0.1332930326461792,-0.6016517281532288,0.0072062015533447266,0.06959447264671326,0.23136566579341888,-0.04405975341796875,-875.12109375,-183.20770263671875,240.325927734375
20251022_154213.910726,0.9893521070480347,1.0336732864379883,0.9793578386306763,0.010647892951965332,-0.03367328643798828,0.02064216136932373,0.6021467447280884,-178.7517547607422,179.3042755126953,-0.6021467447280884,-0.8241742849349976,0.26180943846702576,40417,-0.13417404890060425,-0.6018986105918884,-0.08810162544250488,0.06921130418777466,0.23150447010993958,-0.03890633583068848,-875.5054321289062,-183.5443572998047,-23.651123046875
20251022_154213.920672,0.9894165992736816,1.0336673259735107,0.9793112874031067,0.01058340072631836,-0.03366732597351074,0.02068871259689331,0.608367919921875,-178.90524291992188,179.29171752929688,-0.608367919921875,-0.76688152551651,0.2578697204589844,40450,-0.13447663187980652,-0.6021466255187988,-0.03025829792022705,0.06879210472106934,0.231642484664917,-0.04256486892700195,-875.3504638671875,-183.8810577392578,9.5367431640625
20251022_154213.930344,0.9894737005233765,1.0336381196975708,0.9792616963386536,0.010526299476623535,-0.0336381196975708,0.020738303661346436,0.6041467785835266,-179.05706787109375,179.34866333007812,-0.6041467785835266,-0.7694283723831177,0.26251381635665894,40487,-0.13479897379875183,-0.6023951768875122,-0.03223419189453125,0.06842094659805298,0.23177969455718994,-0.037686824798583984,-874.5911254882812,-184.21759033203125,46.73004150390625
20251022_154213.940415,0.9894917011260986,1.033682107925415,0.9791704416275024,0.010508298873901367,-0.03368210792541504,0.02082955837249756,0.6678572297096252,-178.24867248535156,-179.9105987548828,-0.6678572297096252,-0.7973522543907166,0.2883399724960327,40369,-0.13539212942123413,-0.6026445627212524,-0.05931556224822998,0.06830394268035889,0.2319164127111435,-0.01188039779663086,-875.7348022460938,-184.55418395996094,-70.38116455078125
20251022_154213.950729,0.989521861076355,1.033651351928711,0.9791280627250671,0.01047813892364502,-0.03365135192871094,0.02087193727493286,0.6712859272956848,-178.23367309570312,-179.95191955566406,-0.6712859272956848,-0.7661086916923523,0.28025516867637634,40489,-0.1356675922870636,-0.6028947830200195,-0.027546286582946777,0.06810790300369263,0.23205283284187317,-0.019905567169189453,-874.9351806640625,-184.89085388183594,49.2095947265625
20251022_154213.960814,0.9895852208137512,1.03348970413208,0.9791367650032043,0.01041477918624878,-0.03348970413208008,0.020863234996795654,0.5984942317008972,-179.06671142578125,179.17230224609375,-0.5984942317008972,-0.7330997586250305,0.2580672800540924,40702,-0.13561102747917175,-0.603145182132721,0.00565648078918457,0.06769606471061707,0.2321886271238327,-0.041817426681518555,-870.7322998046875,-185.2265625,258.636474609375
20251022_154213.970575,0.9896225929260254,1.033431053161621,0.9790940880775452,0.01037740707397461,-0.033431053161621094,0.020905911922454834,0.5913858413696289,-179.1628875732422,179.11166381835938,-0.5913858413696289,-0.7670242786407471,0.2751113474369049,40539,-0.13588842749595642,-0.6033958196640015,-0.027740001678466797,0.06745314598083496,0.2323237806558609,-0.02466559410095215,-869.2073974609375,-185.56117248535156,93.841552734375
20251022_154213.980683,0.9896543025970459,1.0334175825119019,0.9790700674057007,0.010345697402954102,-0.033417582511901855,0.020929932594299316,0.593611478805542,-179.3965606689453,179.09930419921875,-0.593611478805542,-0.7553048133850098,0.2787771224975586,40466,-0.13604456186294556,-0.6036468148231506,-0.015613436698913574,0.06724703311920166,0.23245848715305328,-0.020928382873535156,-868.8571166992188,-185.89541625976562,21.55303955078125
20251022_154213.990649,0.9896821975708008,1.0333961248397827,0.979001522064209,0.010317802429199219,-0.033396124839782715,0.020998477935791016,0.6324714422225952,-179.5467987060547,179.1487274169922,-0.6324714422225952,-0.7849429845809937,0.2812478244304657,40479,-0.1364901065826416,-0.6038984060287476,-0.04455447196960449,0.06706571578979492,0.23259279131889343,-0.018410682678222656,-868.2992553710938,-186.22947692871094,34.332275390625
20251022_154214.000635,0.9897096753120422,1.0333762168884277,0.9789758324623108,0.010290324687957764,-0.033376216888427734,0.02102416753768921,0.5910210609436035,-179.6273193359375,179.17465209960938,-0.5910210609436035,-0.7575058937072754,0.28147855401039124,40477,-0.13665708899497986,-0.6041505336761475,-0.016698241233825684,0.06688711047172546,0.23272675275802612,-0.01813530921936035,-867.7816162109375,-186.56333923339844,31.85272216796875
20251022_154214.010908,0.9897372126579285,1.0333596467971802,0.9789379835128784,0.010262787342071533,-0.033359646797180176,0.021062016487121582,0.6127936840057373,-179.60438537597656,179.0889129638672,-0.6127936840057373,-0.7659080028533936,0.281393826007843,40472,-0.13690310716629028,-0.6044030785560608,-0.02460181713104248,0.06670811772346497,0.23286034166812897,-0.01817464828491211,-867.350830078125,-186.8970184326172,26.51214599609375
20251022_154214.020650,0.9897633194923401,1.0333454608917236,0.9789101481437683,0.010236680507659912,-0.03334546089172363,0.02108985185623169,0.6145645976066589,-179.43971252441406,179.10301208496094,-0.6145645976066589,-0.7598329782485962,0.28230151534080505,40468,-0.13708403706550598,-0.6046559810638428,-0.018092989921569824,0.06653842329978943,0.23299358785152435,-0.017230510711669922,-866.9819946289062,-187.2305450439453,22.69744873046875
20251022_154214.030725,0.9897904396057129,1.0333082675933838,0.9788864254951477,0.01020956039428711,-0.03330826759338379,0.021113574504852295,0.6265601515769958,-179.22581481933594,179.10487365722656,-0.6265601515769958,-0.7575671672821045,0.2815893590450287,40505,-0.13723823428153992,-0.6049091815948486,-0.015419721603393555,0.06636214256286621,0.23312649130821228,-0.017899274826049805,-866.0149536132812,-187.56381225585938,59.50927734375
20251022_154214.041164,0.9898085594177246,1.0333197116851807,0.9788464903831482,0.01019144058227539,-0.033319711685180664,0.021153509616851807,0.6521977186203003,-179.19155883789062,179.13079833984375,-0.6521977186203003,-0.7686184048652649,0.2875443994998932,40427,-0.13749781250953674,-0.6051627993583679,-0.025957822799682617,0.06624436378479004,0.23325909674167633,-0.011959075927734375,-866.3125,-187.89695739746094,-18.310546875
20251022_154214.050880,0.9898504614830017,1.0333548784255981,0.9787611365318298,0.010149538516998291,-0.033354878425598145,0.021238863468170166,0.6564115881919861,-179.16493225097656,179.22637939453125,-0.6564115881919861,-0.7989497780799866,0.2717079520225525,40388,-0.13805261254310608,-0.6054171323776245,-0.055480003356933594,0.06597200036048889,0.23339131474494934,-0.027655363082885742,-867.2268676757812,-188.23033142089844,-56.26678466796875
20251022_154214.060933,0.989856481552124,1.0333658456802368,0.9787033200263977,0.010143518447875977,-0.033365845680236816,0.021296679973602295,0.6991230845451355,-179.19223022460938,179.2451171875,-0.6991230845451355,-0.7816815376281738,0.2954828441143036,40426,-0.13842841982841492,-0.6056723594665527,-0.03758072853088379,0.06593286991119385,0.23352321982383728,-0.003973245620727539,-867.511962890625,-188.56393432617188,-17.547607421875
20251022_154214.070941,0.9899262189865112,1.0332804918289185,0.9787042737007141,0.01007378101348877,-0.03328049182891846,0.02129572629928589,0.6544076800346375,-179.0501708984375,179.10568237304688,-0.6544076800346375,-0.7437302470207214,0.253107488155365,40582,-0.13842222094535828,-0.6059279441833496,0.0006198883056640625,0.065479576587677,0.23365463316440582,-0.04602670669555664,-865.2927856445312,-188.89715576171875,136.566162109375
20251022_154214.081073,0.9899457693099976,1.0332298278808594,0.9786889553070068,0.010054230690002441,-0.033229827880859375,0.021311044692993164,0.6502456068992615,-179.1175994873047,179.0063018798828,-0.6502456068992615,-0.7546623349189758,0.2862347364425659,40527,-0.13852179050445557,-0.6061835885047913,-0.009956955909729004,0.06535249948501587,0.2337854653596878,-0.012903213500976562,-863.9755249023438,-189.22972106933594,81.06231689453125
20251022_154214.091032,0.9899439811706543,1.0332627296447754,0.9787008166313171,0.010056018829345703,-0.03326272964477539,0.02129918336868286,0.6451248526573181,-179.2625732421875,179.12989807128906,-0.6451248526573181,-0.7371740341186523,0.30046048760414124,40392,-0.1384446918964386,-0.6064392328262329,0.007709860801696777,0.06536412239074707,0.23391617834568024,0.0011801719665527344,-864.8309936523438,-189.5621795654297,-52.642822265625
20251022_154214.100749,0.9899881482124329,1.0331957340240479,0.9786635637283325,0.010011851787567139,-0.03319573402404785,0.02133643627166748,0.6727416515350342,-179.0710906982422,178.94349670410156,-0.6727416515350342,-0.76959627866745,0.26997339725494385,40554,-0.13868683576583862,-0.6066950559616089,-0.02421438694000244,0.0650770366191864,0.23404662311077118,-0.02915024757385254,-863.089111328125,-189.89447021484375,107.1929931640625
20251022_154214.110863,0.9900112152099609,1.0331828594207764,0.978631854057312,0.009988784790039062,-0.03318285942077637,0.02136814594268799,0.662606418132782,-179.0501251220703,179.03451538085938,-0.662606418132782,-0.7664554715156555,0.28387951850891113,40467,-0.13889294862747192,-0.6069512367248535,-0.020611286163330078,0.0649271011352539,0.2341766208410263,-0.015224218368530273,-862.7543334960938,-190.2263641357422,20.599365234375
20251022_154214.120875,0.9900386929512024,1.033153772354126,0.9786169528961182,0.009961307048797607,-0.03315377235412598,0.021383047103881836,0.6702819466590881,-178.96963500976562,179.0185546875,-0.6702819466590881,-0.7558833360671997,0.28091949224472046,40493,-0.13898980617523193,-0.6072077751159668,-0.009685754776000977,0.06474849581718445,0.23430630564689636,-0.01813530921936035,-861.9981079101562,-190.55804443359375,46.539306640625
20251022_154214.130957,0.9900639653205872,1.0331388711929321,0.978594958782196,0.009936034679412842,-0.03313887119293213,0.021405041217803955,0.647376537322998,-178.86029052734375,179.08349609375,-0.647376537322998,-0.7608934640884399,0.2823401093482971,40471,-0.1391327679157257,-0.6074644923210144,-0.014296174049377441,0.06458422541618347,0.23443563282489777,-0.016679763793945312,-861.6106567382812,-190.88951110839844,23.84185791015625
20251022_154214.140889,0.9900655746459961,1.033120036125183,0.9785696268081665,0.009934425354003906,-0.033120036125183105,0.021430373191833496,0.6660333275794983,-178.74813842773438,179.06797790527344,-0.6660333275794983,-0.7634847164154053,0.2980763912200928,40477,-0.13929742574691772,-0.6077215075492859,-0.01646578311920166,0.06457376480102539,0.23456479609012604,-0.001062154769897461,-861.1209106445312,-191.22080993652344,30.1361083984375
20251022_154214.150880,0.9900949597358704,1.0331311225891113,0.9785036444664001,0.009905040264129639,-0.03313112258911133,0.021496355533599854,0.8441639542579651,-178.73939514160156,178.87818908691406,-0.8441639542579651,-0.7905939221382141,0.27968233823776245,40429,-0.13972631096839905,-0.6079790592193604,-0.042888522148132324,0.06438276171684265,0.2346937507390976,-0.0193941593170166,-861.4091796875,-191.55206298828125,-17.73834228515625
20251022_154214.160875,0.9901053309440613,1.0330700874328613,0.9785436391830444,0.00989466905593872,-0.03307008743286133,0.021456360816955566,0.6779076457023621,-178.6669464111328,179.026123046875,-0.6779076457023621,-0.7217065691947937,0.2922928035259247,40545,-0.13946634531021118,-0.6082367897033691,0.02599656581878662,0.06431534886360168,0.23482245206832886,-0.006844997406005859,-859.822265625,-191.88307189941406,97.65625
20251022_154214.170877,0.990118145942688,1.033048391342163,0.9785425662994385,0.009881854057312012,-0.033048391342163086,0.021457433700561523,0.663097620010376,-178.78103637695312,179.0425567626953,-0.663097620010376,-0.7486649751663208,0.29072514176368713,40483,-0.1394733190536499,-0.6084942817687988,-0.0006973743438720703,0.06423205137252808,0.234950989484787,-0.00845789909362793,-859.2581787109375,-192.21365356445312,34.7137451171875
20251022_154214.181200,0.9901220202445984,1.032989501953125,0.9785293936729431,0.009877979755401611,-0.032989501953125,0.021470606327056885,0.6481478810310364,-178.8654022216797,178.94949340820312,-0.6481478810310364,-0.7568730115890503,0.29672926664352417,40543,-0.13955894112586975,-0.6087518334388733,-0.008562207221984863,0.06420686841011047,0.23507943749427795,-0.002557039260864258,-857.72705078125,-192.54385375976562,94.2230224609375
20251022_154214.190941,0.9901401996612549,1.0329360961914062,0.9784945845603943,0.009859800338745117,-0.03293609619140625,0.021505415439605713,0.6753901839256287,-178.87210083007812,178.96267700195312,-0.6753901839256287,-0.7714208364486694,0.2872980237007141,40536,-0.13978520035743713,-0.6090096831321716,-0.02262592315673828,0.06408870220184326,0.2352077215909958,-0.011998414993286133,-856.3385009765625,-192.87347412109375,85.44921875
20251022_154214.200907,0.9901643991470337,1.0328558683395386,0.9785339832305908,0.009835600852966309,-0.032855868339538574,0.02146601676940918,0.6182530522346497,-179.01022338867188,178.79135131835938,-0.6182530522346497,-0.7231875061988831,0.28329548239707947,40580,-0.13952910900115967,-0.60926753282547,0.025609135627746582,0.063931405544281,0.23533575236797333,-0.015971660614013672,-854.2525634765625,-193.2024383544922,128.36456298828125
20251022_154214.210531,0.9901615977287292,1.0327998399734497,0.9784316420555115,0.009838402271270752,-0.03279983997344971,0.021568357944488525,0.7727059721946716,-179.02127075195312,178.62489318847656,-0.7727059721946716,-0.8162418007850647,0.30126217007637024,40543,-0.14019432663917542,-0.609525740146637,-0.06652176380157471,0.06394961476325989,0.23546363413333893,0.0018489360809326172,-852.7958374023438,-193.5307159423828,89.6453857421875
20251022_154214.221015,0.9901661276817322,1.032731533050537,0.9784667491912842,0.009833872318267822,-0.03273153305053711,0.02153325080871582,0.6767853498458862,-178.9812774658203,178.74806213378906,-0.6767853498458862,-0.7269308567047119,0.2965219020843506,40564,-0.13996613025665283,-0.6097843647003174,0.0228196382522583,0.06392017006874084,0.23559150099754333,-0.0029897689819335938,-851.0198364257812,-193.85836791992188,109.29107666015625
20251022_154214.230907,0.9902040362358093,1.0326611995697021,0.9784608483314514,0.009795963764190674,-0.03266119956970215,0.021539151668548584,0.6354559659957886,-178.93873596191406,178.71766662597656,-0.6354559659957886,-0.7538828253746033,0.27437320351600647,40569,-0.1400044858455658,-0.6100427508354187,-0.0038355588912963867,0.06367376446723938,0.23571909964084625,-0.02501964569091797,-849.191162109375,-194.18533325195312,112.5335693359375
20251022_154214.241286,0.9902177453041077,1.032564640045166,0.9784405827522278,0.009782254695892334,-0.032564640045166016,0.021559417247772217,0.6232172250747681,-178.9523468017578,178.6830291748047,-0.6232172250747681,-0.7636101841926575,0.2903830111026764,40613,-0.1401362121105194,-0.6103013753890991,-0.013172626495361328,0.06358465552330017,0.2358463555574417,-0.009047985076904297,-846.6806640625,-194.51145935058594,154.4952392578125
20251022_154214.251128,0.9902181029319763,1.032470464706421,0.9784221053123474,0.009781897068023682,-0.0324704647064209,0.021577894687652588,0.6314373016357422,-179.0388641357422,178.63037109375,-0.6314373016357422,-0.7628268599510193,0.2993198037147522,40611,-0.14025631546974182,-0.6105601787567139,-0.012010335922241211,0.06358233094215393,0.23597352206707,-0.00023603439331054688,-844.2320556640625,-194.83663940429688,150.6805419921875
20251022_154214.260902,0.990219235420227,1.0323832035064697,0.9784296751022339,0.00978076457977295,-0.03238320350646973,0.021570324897766113,0.615478515625,-179.15199279785156,178.5706787109375,-0.615478515625,-0.7461058497428894,0.2989282011985779,40602,-0.14020711183547974,-0.6108191013336182,0.004920363426208496,0.06357496976852417,0.2361006736755371,-0.0007474422454833984,-841.9633178710938,-195.16090393066406,139.617919921875
20251022_154214.270427,0.990224301815033,1.0322929620742798,0.9784307479858398,0.009775698184967041,-0.032292962074279785,0.021569252014160156,0.6178596019744873,-179.17991638183594,178.5475311279297,-0.6178596019744873,-0.7505806684494019,0.296425998210907,40609,-0.14020013809204102,-0.6110779047012329,0.0006973743438720703,0.06354203820228577,0.23622779548168182,-0.003343820571899414,-839.6170043945312,-195.48428344726562,144.38629150390625
20251022_154214.281200,0.9902291893959045,1.032214879989624,0.9784279465675354,0.009770810604095459,-0.03221487998962402,0.0215720534324646,0.611723005771637,-179.2309112548828,178.57179260253906,-0.611723005771637,-0.7533760070800781,0.2966393232345581,40591,-0.1402183473110199,-0.6113367676734924,-0.0018209218978881836,0.06351026892662048,0.23635484278202057,-0.0032258033752441406,-837.5868530273438,-195.80682373046875,124.93133544921875
20251022_154214.290544,0.9902381896972656,1.0321440696716309,0.9784138798713684,0.009761810302734375,-0.03214406967163086,0.021586120128631592,0.5879529118537903,-179.26837158203125,178.63446044921875,-0.5879529118537903,-0.7610488533973694,0.29399338364601135,40581,-0.14030978083610535,-0.6115956902503967,-0.009143352508544922,0.06345176696777344,0.23648180067539215,-0.00594019889831543,-835.7457885742188,-196.1286163330078,113.2965087890625
20251022_154214.300782,0.9902561902999878,1.0320589542388916,0.9783931970596313,0.009743809700012207,-0.0320589542388916,0.021606802940368652,0.5649753212928772,-179.26968383789062,178.61788940429688,-0.5649753212928772,-0.7657428979873657,0.2880629599094391,40606,-0.14044421911239624,-0.6118548512458801,-0.013443827629089355,0.06333476305007935,0.2366085946559906,-0.01188039779663086,-833.5328369140625,-196.4496307373047,136.1846923828125
20251022_154214.310437,0.9902781248092651,1.0319896936416626,0.978361964225769,0.009721875190734863,-0.0319896936416626,0.021638035774230957,0.5491006374359131,-179.22518920898438,178.62229919433594,-0.5491006374359131,-0.7730629444122314,0.2854505479335785,40582,-0.14064723253250122,-0.6121143698692322,-0.020301342010498047,0.06319218873977661,0.23673512041568756,-0.014476776123046875,-831.7320556640625,-196.76988220214844,110.81695556640625
20251022_154214.320621,0.9902670979499817,1.0318925380706787,0.9783822894096375,0.00973290205001831,-0.03189253807067871,0.02161771059036255,0.5766947865486145,-179.32176208496094,178.65017700195312,-0.5766947865486145,-0.7396776080131531,0.30740317702293396,40629,-0.14051511883735657,-0.6123738884925842,0.013211369514465332,0.06326386332511902,0.23686157166957855,0.007277727127075195,-829.2059936523438,-197.08929443359375,155.44891357421875
20251022_154214.330920,0.9902704954147339,1.0318247079849243,0.9783990383148193,0.009729504585266113,-0.031824707984924316,0.021600961685180664,0.5615087747573853,-179.30776977539062,178.59815979003906,-0.5615087747573853,-0.7421526312828064,0.29798752069473267,40583,-0.14040625095367432,-0.6126331686973572,0.010886788368225098,0.06324177980422974,0.23698808252811432,-0.0022423267364501953,-827.4423828125,-197.4078826904297,108.52813720703125
20251022_154214.340854,0.990283191204071,1.0317779779434204,0.9783583283424377,0.009716808795928955,-0.03177797794342041,0.021641671657562256,0.5818365216255188,-179.33616638183594,178.6079864501953,-0.5818365216255188,-0.7800250053405762,0.2918945252895355,40550,-0.14067086577415466,-0.6128926277160645,-0.026461482048034668,0.06315925717353821,0.23711448907852173,-0.008379220962524414,-826.2274169921875,-197.72589111328125,74.76806640625
20251022_154214.350910,0.990301787853241,1.0316994190216064,0.9783446788787842,0.009698212146759033,-0.031699419021606445,0.02165532112121582,0.6028120517730713,-179.3450164794922,178.6366424560547,-0.6028120517730713,-0.7627841830253601,0.2880052626132965,40603,-0.14075958728790283,-0.6131524443626404,-0.008872151374816895,0.06303837895393372,0.23724068701267242,-0.012273788452148438,-824.1848754882812,-198.04327392578125,125.69427490234375
20251022_154214.360928,0.9903350472450256,1.0316540002822876,0.9782731533050537,0.009664952754974365,-0.0316540002822876,0.02172684669494629,0.7451921105384827,-179.2508544921875,178.36915588378906,-0.7451921105384827,-0.8011288642883301,0.278237521648407,40551,-0.14122450351715088,-0.6134127378463745,-0.04649162292480469,0.06282219290733337,0.23736654222011566,-0.02195119857788086,-823.0040283203125,-198.36004638671875,72.66998291015625
20251022_154214.370761,0.9903464913368225,1.0315598249435425,0.9782692193984985,0.00965350866317749,-0.03155982494354248,0.021730780601501465,0.6898193359375,-179.1291961669922,178.48611450195312,-0.6898193359375,-0.7574805617332458,0.2926868200302124,40631,-0.14125007390975952,-0.6136734485626221,-0.002557039260864258,0.06274780631065369,0.23749211430549622,-0.0075531005859375,-820.555419921875,-198.67611694335938,150.6805419921875
20251022_154214.380037,0.9903502464294434,1.0315420627593994,0.9782416224479675,0.00964975357055664,-0.031542062759399414,0.02175837755203247,0.6965842843055725,-179.10899353027344,178.34530639648438,-0.6965842843055725,-0.773301899433136,0.29786261916160583,40509,-0.14142945408821106,-0.6139343976974487,-0.01793801784515381,0.06272339820861816,0.2376175820827484,-0.002478361129760742,-820.0936279296875,-198.9916229248047,28.41949462890625
20251022_154214.390971,0.990327000617981,1.0314826965332031,0.9782743453979492,0.009672999382019043,-0.031482696533203125,0.02172565460205078,0.718538224697113,-179.0241241455078,178.52423095703125,-0.718538224697113,-0.7341421246528625,0.3159599006175995,40577,-0.14121675491333008,-0.6141952872276306,0.021269917488098145,0.06287449598312378,0.23774318397045135,0.015342235565185547,-818.5501098632812,-199.30674743652344,94.9859619140625
20251022_154214.400807,0.990334153175354,1.0314786434173584,0.9782773852348328,0.009665846824645996,-0.0314786434173584,0.021722614765167236,0.5891942977905273,-178.9223175048828,178.62469482421875,-0.5891942977905273,-0.7536770701408386,0.2959761917591095,40488,-0.14119699597358704,-0.6144559979438782,0.0019758939743041992,0.06282800436019897,0.23786889016628265,-0.0047206878662109375,-818.4447021484375,-199.62155151367188,6.4849853515625
20251022_154214.410718,0.9903416037559509,1.0314604043960571,0.9781556725502014,0.009658396244049072,-0.03146040439605713,0.021844327449798584,0.7622641921043396,-178.81658935546875,178.54612731933594,-0.7622641921043396,-0.8358187675476074,0.29585668444633484,40511,-0.1419881284236908,-0.614717423915863,-0.07911324501037598,0.06277957558631897,0.2379944920539856,-0.0049173831939697266,-817.9705200195312,-199.93624877929688,29.18243408203125
20251022_154214.421115,0.9903327822685242,1.0313814878463745,0.9781941175460815,0.00966721773147583,-0.03138148784637451,0.021805882453918457,0.6326774954795837,-178.72328186035156,178.66587829589844,-0.6326774954795837,-0.7317282557487488,0.3067792057991028,40610,-0.14173823595046997,-0.6149792671203613,0.02498924732208252,0.0628369152545929,0.23812010884284973,0.005822181701660156,-815.918701171875,-200.25045776367188,126.2664794921875
20251022_154214.430750,0.9903234839439392,1.0313498973846436,0.9781982898712158,0.009676516056060791,-0.031349897384643555,0.02180171012878418,0.6429579257965088,-178.78880310058594,178.60194396972656,-0.6429579257965088,-0.7542400360107422,0.3072800934314728,40534,-0.14171111583709717,-0.6152409315109253,0.0027120113372802734,0.06289735436439514,0.23824584484100342,0.006136894226074219,-815.0973510742188,-200.56411743164062,50.54473876953125
20251022_154214.440737,0.990310788154602,1.0312565565109253,0.9781674146652222,0.00968921184539795,-0.03125655651092529,0.021832585334777832,0.7365567684173584,-178.8627166748047,178.50247192382812,-0.7365567684173584,-0.7774834632873535,0.3097308278083801,40635,-0.1419118046760559,-0.6155027747154236,-0.020068883895874023,0.06297987699508667,0.23837171494960785,0.008379220962524414,-812.6704711914062,-200.8771514892578,149.34539794921875
20251022_154214.450556,0.9902793169021606,1.031187891960144,0.9781515598297119,0.009720683097839355,-0.031187891960144043,0.021848440170288086,0.7221181988716125,-179.03485107421875,178.4923858642578,-0.7221181988716125,-0.7680853605270386,0.3224533498287201,40597,-0.14201486110687256,-0.615764856338501,-0.010305643081665039,0.06318444013595581,0.23849788308143616,0.020771026611328125,-810.8851928710938,-201.1893768310547,109.86328125
20251022_154214.460841,0.9902768135070801,1.0311614274978638,0.978141188621521,0.009723186492919922,-0.03116142749786377,0.021858811378479004,0.7105007767677307,-179.03273010253906,178.5948944091797,-0.7105007767677307,-0.7648506164550781,0.3034772276878357,40530,-0.14208227396011353,-0.6160270571708679,-0.00674128532409668,0.06320071220397949,0.23862427473068237,0.0016522407531738281,-810.1971435546875,-201.50111389160156,42.3431396484375
20251022_154214.470828,0.9902635216712952,1.031134843826294,0.9781154990196228,0.009736478328704834,-0.031134843826293945,0.021884500980377197,0.6625088453292847,-178.90220642089844,178.64430236816406,-0.6625088453292847,-0.7752370238304138,0.31081047654151917,40531,-0.14224925637245178,-0.6162895560264587,-0.016698241233825684,0.06328710913658142,0.23875075578689575,0.008772611618041992,-809.5059204101562,-201.81259155273438,42.53387451171875
20251022_154214.480846,0.9902398586273193,1.0311028957366943,0.9781411290168762,0.009760141372680664,-0.031102895736694336,0.02185887098312378,0.5640155076980591,-178.75177001953125,178.64791870117188,-0.5640155076980591,-0.7419751882553101,0.3179360032081604,40540,-0.14208266139030457,-0.6165519952774048,0.01665949821472168,0.06344091892242432,0.23887749016284943,0.015617609024047852,-808.67529296875,-202.12379455566406,51.116943359375
20251022_154214.491018,0.9902163743972778,1.0310842990875244,0.9780956506729126,0.009783625602722168,-0.031084299087524414,0.021904349327087402,0.661713182926178,-178.69497680664062,178.69996643066406,-0.661713182926178,-0.7887537479400635,0.31809768080711365,40519,-0.14237827062606812,-0.6168145537376404,-0.02956092357635498,0.06359356641769409,0.23900452256202698,0.015499591827392578,-808.1917724609375,-202.43472290039062,29.754638671875
20251022_154214.500927,0.9902090430259705,1.0310620069503784,0.9780859351158142,0.009790956974029541,-0.031062006950378418,0.02191406488418579,0.6584789752960205,-178.6909637451172,178.68704223632812,-0.6584789752960205,-0.7658340334892273,0.3076116740703583,40525,-0.14244142174720764,-0.6170774698257446,-0.006315112113952637,0.06364122033119202,0.23913174867630005,0.004838705062866211,-807.6121826171875,-202.74545288085938,35.66741943359375
20251022_154214.510709,0.9901770353317261,1.0310112237930298,0.9780694246292114,0.009822964668273926,-0.031011223793029785,0.021930575370788574,0.6486089825630188,-178.72853088378906,178.65440368652344,-0.6486089825630188,-0.770621120929718,0.3242335915565491,40571,-0.14254873991012573,-0.6173405647277832,-0.010731816291809082,0.06384927034378052,0.2392592430114746,0.021125078201293945,-806.2918090820312,-203.05581665039062,81.2530517578125
20251022_154214.520992,0.9901673793792725,1.0309457778930664,0.9780454635620117,0.009832620620727539,-0.030945777893066406,0.02195453643798828,0.6075244545936584,-178.7649383544922,178.6334686279297,-0.6075244545936584,-0.7758830189704895,0.30967196822166443,40596,-0.14270448684692383,-0.6176038384437561,-0.01557469367980957,0.063912034034729,0.23938700556755066,0.006372928619384766,-804.5902099609375,-203.3656005859375,104.71343994140625
20251022_154214.530631,0.9901494383811951,1.0308572053909302,0.9780458211898804,0.009850561618804932,-0.030857205390930176,0.02195417881011963,0.5778825283050537,-178.85386657714844,178.53456115722656,-0.5778825283050537,-0.7603369951248169,0.3153846561908722,40635,-0.1427021622657776,-0.6178672909736633,0.00023245811462402344,0.06402865052223206,0.23951494693756104,0.011841058731079102,-802.287353515625,-203.67462158203125,141.71600341796875
20251022_154214.540835,0.9901288151741028,1.0307731628417969,0.97804856300354,0.009871184825897217,-0.030773162841796875,0.02195143699645996,0.5651491284370422,-178.93243408203125,178.34881591796875,-0.5651491284370422,-0.7590329051017761,0.3174171447753906,40630,-0.14268434047698975,-0.6181307435035706,0.0017821788787841797,0.06416270136833191,0.2396431416273117,0.013611316680908203,-800.1022338867188,-203.98277282714844,134.46807861328125
20251022_154214.550898,0.9900586605072021,1.030702829360962,0.9780600070953369,0.009941339492797852,-0.030702829360961914,0.021939992904663086,0.6091094017028809,-178.91944885253906,178.30006408691406,-0.6091094017028809,-0.7535653710365295,0.3506927192211151,40609,-0.14260995388031006,-0.6183940768241882,0.00743865966796875,0.06461870670318604,0.23977191746234894,0.046302080154418945,-798.2735595703125,-204.29014587402344,112.5335693359375
20251022_154214.560924,0.9900065064430237,1.0306724309921265,0.9780282378196716,0.009993493556976318,-0.030672430992126465,0.02197176218032837,0.5507552623748779,-179.21958923339844,178.41734313964844,-0.5507552623748779,-0.7821240425109863,0.3392808735370636,40546,-0.1428164541721344,-0.6186575889587402,-0.020650029182434082,0.06495770812034607,0.23990149796009064,0.034421682357788086,-797.4832153320312,-204.59703063964844,48.63739013671875
20251022_154214.570880,0.9899396896362305,1.0305877923965454,0.9779808521270752,0.010060310363769531,-0.03058779239654541,0.022019147872924805,0.4729585349559784,-179.18922424316406,178.380859375,-0.4729585349559784,-0.7928466796875,0.3495229482650757,40635,-0.14312446117401123,-0.6189215183258057,-0.030800700187683105,0.06539201736450195,0.24003183841705322,0.04409909248352051,-795.2825927734375,-204.90333557128906,135.4217529296875
20251022_154214.580378,0.9898969531059265,1.0304685831069946,0.97796630859375,0.010103046894073486,-0.03046858310699463,0.02203369140625,0.458936870098114,-179.07925415039062,178.33859252929688,-0.458936870098114,-0.7718580961227417,0.3340388238430023,40693,-0.143218994140625,-0.6191858053207397,-0.009453296661376953,0.06566980481147766,0.2401629090309143,0.02820611000061035,-792.1831665039062,-205.2086181640625,190.73486328125
20251022_154214.590871,0.9898508787155151,1.030383586883545,0.9779328107833862,0.010149121284484863,-0.030383586883544922,0.02206718921661377,0.40515995025634766,-179.06689453125,178.34918212890625,-0.40515995025634766,-0.7846607565879822,0.33667293190956116,40640,-0.1434367299079895,-0.6194504499435425,-0.021773576736450195,0.06596928834915161,0.24029454588890076,0.03040909767150879,-789.9732666015625,-205.51287841796875,135.99395751953125
20251022_154214.600882,0.9898477792739868,1.0302791595458984,0.9778907299041748,0.010152220726013184,-0.030279159545898438,0.022109270095825195,0.26196932792663574,-179.17855834960938,178.2908172607422,-0.26196932792663574,-0.7907783389091492,0.30846157670021057,40674,-0.14371025562286377,-0.6197155117988586,-0.027352571487426758,0.0659894347190857,0.24042651057243347,0.0020456314086914062,-787.2581787109375,-205.81619262695312,167.083740234375
20251022_154214.610891,0.989761471748352,1.0302677154541016,0.9778435826301575,0.01023852825164795,-0.030267715454101562,0.02215641736984253,0.2637997269630432,-178.9815673828125,178.38580322265625,-0.2637997269630432,-0.7946435213088989,0.36407244205474854,40525,-0.14401671290397644,-0.6199811100959778,-0.03064572811126709,0.06655043363571167,0.24055904150009155,0.05696296691894531,-786.9605712890625,-206.11892700195312,18.310546875
20251022_154214.620900,0.98971027135849,1.030181884765625,0.9778238534927368,0.01028972864151001,-0.030181884765625,0.022176146507263184,0.2673144042491913,-178.97262573242188,178.37997436523438,-0.2673144042491913,-0.7772159576416016,0.3413679599761963,40646,-0.1441449522972107,-0.6202470660209656,-0.012823939323425293,0.06688323616981506,0.24069248139858246,0.03379225730895996,-784.72900390625,-206.42117309570312,137.3291015625
20251022_154214.630010,0.989665687084198,1.030098557472229,0.9777905344963074,0.010334312915802002,-0.030098557472229004,0.022209465503692627,0.2367934137582779,-178.98577880859375,178.36569213867188,-0.2367934137582779,-0.7865322828292847,0.33742520213127136,40644,-0.14436152577400208,-0.620513379573822,-0.021657347679138184,0.06717303395271301,0.2408265322446823,0.029425621032714844,-782.5625,-206.72256469726562,133.32366943359375
20251022_154214.640772,0.9896163940429688,1.030021071434021,0.9777411818504333,0.01038360595703125,-0.030021071434020996,0.02225881814956665,0.23911388218402863,-178.9476318359375,178.39639282226562,-0.23911388218402863,-0.7975417375564575,0.34098803997039795,40636,-0.14468231797218323,-0.6207802295684814,-0.032079219818115234,0.06749343872070312,0.2409611940383911,0.03253340721130371,-780.5478515625,-207.02316284179688,123.9776611328125
20251022_154214.650640,0.98957359790802,1.0299259424209595,0.9776981472969055,0.01042640209197998,-0.029925942420959473,0.022301852703094482,0.21074458956718445,-178.72796630859375,178.4112548828125,-0.21074458956718445,-0.7939820885658264,0.33711352944374084,40666,-0.14496204257011414,-0.6210475564002991,-0.02797245979309082,0.06777161359786987,0.24109646677970886,0.02824544906616211,-778.0745239257812,-207.32290649414062,152.2064208984375
20251022_154214.660729,0.9895356893539429,1.0298501253128052,0.9776471257209778,0.010464310646057129,-0.029850125312805176,0.022352874279022217,0.21211060881614685,-178.55747985839844,178.44639587402344,-0.21211060881614685,-0.7997732162475586,0.3342699110507965,40637,-0.1452936828136444,-0.6213154792785645,-0.033164024353027344,0.06801801919937134,0.2412322610616684,0.02501964569091797,-776.103271484375,-207.6217803955078,121.307373046875
20251022_154214.670798,0.9894834756851196,1.0298329591751099,0.9776242971420288,0.010516524314880371,-0.029832959175109863,0.02237570285797119,0.18442833423614502,-178.5305938720703,178.61630249023438,-0.18442833423614502,-0.7818645238876343,0.34418705105781555,40543,-0.14544206857681274,-0.621583878993988,-0.014838576316833496,0.06835740804672241,0.2413686364889145,0.034461021423339844,-775.6569213867188,-207.92019653320312,27.4658203125
20251022_154214.680867,0.9894712567329407,1.0297473669052124,0.9775625467300415,0.010528743267059326,-0.029747366905212402,0.022437453269958496,0.007463470101356506,-178.67723083496094,178.57872009277344,-0.007463470101356506,-0.8078339695930481,0.3180067539215088,40655,-0.14584344625473022,-0.6218527555465698,-0.04013776779174805,0.06843683123588562,0.241505429148674,0.008064508438110352,-773.4315185546875,-208.21810913085938,136.9476318359375
20251022_154214.690826,0.989395022392273,1.0296802520751953,0.9775185585021973,0.01060497760772705,-0.029680252075195312,0.022481441497802734,0.16074658930301666,-178.3014373779297,178.5724639892578,-0.16074658930301666,-0.7968440055847168,0.36088982224464417,40627,-0.14612936973571777,-0.6221222877502441,-0.028592348098754883,0.06893235445022583,0.2416427880525589,0.05031466484069824,-771.6865234375,-208.51524353027344,107.38372802734375
20251022_154214.700937,0.9893310070037842,1.0295822620391846,0.9774559140205383,0.01066899299621582,-0.02958226203918457,0.02254408597946167,0.13553306460380554,-178.36911010742188,178.57757568359375,-0.13553306460380554,-0.8096479177474976,0.3533796966075897,40678,-0.14653655886650085,-0.6223924160003662,-0.040718913078308105,0.06934845447540283,0.2417810708284378,0.04225015640258789,-769.1387939453125,-208.81155395507812,156.7840576171875
20251022_154214.710576,0.9892594218254089,1.0294722318649292,0.9774171113967896,0.010740578174591064,-0.0294722318649292,0.02258288860321045,0.14237110316753387,-178.37997436523438,178.51136779785156,-0.14237110316753387,-0.7946736812591553,0.3589802086353302,40700,-0.14678877592086792,-0.6226631999015808,-0.025221705436706543,0.06981375813484192,0.24192023277282715,0.04724621772766113,-766.2780151367188,-209.10682678222656,176.04827880859375
20251022_154214.720468,0.9891971945762634,1.029364824295044,0.9773292541503906,0.010802805423736572,-0.029364824295043945,0.022670745849609375,0.1514493077993393,-178.40463256835938,178.5261993408203,-0.1514493077993393,-0.8274017572402954,0.3533484935760498,40698,-0.14735984802246094,-0.6229346990585327,-0.05710721015930176,0.07021823525428772,0.24206027388572693,0.041069984436035156,-763.4854125976562,-209.40101623535156,171.85211181640625
20251022_154214.730755,0.9891192317008972,1.0293025970458984,0.977269172668457,0.010880768299102783,-0.029302597045898438,0.02273082733154297,0.08581721037626266,-178.34695434570312,178.5536651611328,-0.08581721037626266,-0.8100104331970215,0.36438170075416565,40628,-0.1477503776550293,-0.6232070922851562,-0.03905296325683594,0.07072499394416809,0.24220120906829834,0.05145549774169922,-761.8675537109375,-209.69435119628906,99.5635986328125
