Timestamp,Cur_CF1_X,Cur_CF1_Y,Cur_CF1_Z,Cur_CF2_X,Cur_CF2_Y,Cur_CF2_Z,Cur_Cluster_X,Cur_Cluster_Y,Cur_Cluster_Z,Cur_Alpha,Cur_Beta,Cur_Phi1,Cur_Phi2,Cur_P,Des_Cluster_X,Des_Cluster_Y,Des_Cluster_Z,Des_Alpha,Des_Beta,Des_Phi1,Des_Phi2,Des_P,Des_CF1_X,Des_CF1_Y,Des_CF1_Z,Safe_CF1_X,Safe_CF1_Y,Safe_CF1_Z,Des_CF2_X,Des_CF2_Y,Des_CF2_Z,Safe_CF2_X,Safe_CF2_Y,Safe_CF2_Z
2025-11-05 16:52:03.250331,1.0044628381729126,0.06724163889884949,0.9820564985275269,2.0180599689483643,0.07328880578279495,0.945929765701294,1.5112614035606384,0.07026522234082222,0.9639931321144104,1.606423348025052,0.005962189226230639,1.606423348025052,1.606423348025052,1.014258770022842,1.5,1.0,1.0,1.5707963267948966,0,1.5707963267948966,1.5707963267948966,1,0.9996646091812635,1.000042470663438,0.9997543447751643,1.5,1.0,0.5,2.0003353908187362,0.9999575293365619,1.0002456552248358,1.5,1.0,1.5
2025-11-05 16:52:03.350678,1.0043879747390747,0.0672861859202385,0.9817531704902649,2.0181260108947754,0.07277630269527435,0.9458788633346558,1.511256992816925,0.07003124430775642,0.9638160169124603,1.6061697090098137,0.005412274708030462,1.6061697090098137,1.6061697090098137,1.0143874571606823,1.5,1.0,1.0,1.5707963267948966,0,1.5707963267948966,1.5707963267948966,1,0.9996707595001422,1.0000389074417106,0.9997535977817991,3.0,0.9903262179631827,0.0,2.000329240499858,0.9999610925582895,1.000246402218201,0.0,1.0096737820368173,2.6162261700187575
2025-11-05 16:52:03.451268,1.0056053400039673,0.06886713951826096,0.9825306534767151,2.017150640487671,0.07500459998846054,0.9456101655960083,1.511377990245819,0.07193586975336075,0.9640704095363617,1.6072792267649736,0.006063298670265371,1.6072792267649736,1.6072792267649736,1.0122374651123316,1.5,1.0,1.0,1.5707963267948966,0,1.5707963267948966,1.5707963267948966,1,0.9996498208655451,1.0000370618697125,0.999785694118224,3.0,0.9903262179631827,0.0,2.000350179134455,0.9999629381302875,1.0002143058817758,0.0,1.0096737820368173,2.6162261700187575
2025-11-05 16:52:03.551702,1.0150364637374878,0.08179239183664322,0.9870124459266663,2.007446050643921,0.08515661954879761,0.9433417916297913,1.5112412571907043,0.08347450569272041,0.9651771187782288,1.6147726239496902,0.0033866685352392308,1.6147726239496902,1.6147726239496902,0.9933756752903775,1.5,1.0,1.0,1.5707963267948966,0,1.5707963267948966,1.5707963267948966,1,0.9995203372821068,0.9999887763943922,1.000159937001192,0.999663966143605,1.0000398044555476,0.9997520189163238,2.0004796627178933,1.0000112236056078,0.999840062998808,2.000336033856395,0.9999601955444525,1.0002479810836762
2025-11-05 16:52:03.652349,1.0399560928344727,0.10507243126630783,1.0032449960708618,1.9808080196380615,0.09637796878814697,0.9377128481864929,1.510382056236267,0.1007252000272274,0.9704789221286774,1.6403359423407269,-0.0092184570720037,1.6403359423407269,1.6403359423407269,0.9431714606868407,1.5,1.0,1.0,1.5707963267948966,0,1.5707963267948966,1.5707963267948966,1,0.9989111278307687,1.000262055158393,1.0020298592174144,0.999663966143605,1.0000398044555476,0.9997520189163238,2.0010888721692313,0.999737944841607,0.9979701407825856,2.000336033856395,0.9999601955444525,1.0002479810836762
2025-11-05 16:52:03.753171,1.0786319971084595,0.13454769551753998,1.0327503681182861,1.9329185485839844,0.12612706422805786,0.9266409873962402,1.505775272846222,0.13033737987279892,0.9796956777572632,1.6943716107767242,-0.009781438611341403,1.6943716107767242,1.6943716107767242,0.8608923392274287,1.5,1.0,1.0,1.5707963267948966,0,1.5707963267948966,1.5707963267948966,1,0.9972394760880385,1.0006804599504542,1.0088482800879408,0.999663966143605,1.0000398044555476,0.9997520189163238,2.0027605239119612,0.9993195400495458,0.9911517199120591,2.000336033856395,0.9999601955444525,1.0002479810836762
2025-11-05 16:52:03.853451,1.1270215511322021,0.16871823370456696,1.0719869136810303,1.886783242225647,0.1615641862154007,0.916999340057373,1.5069023966789246,0.16514120995998383,0.9944931268692017,1.7720302491659508,-0.009225899306737596,1.7720302491659508,1.7720302491659508,0.7754419098980896,1.5,1.0,1.0,1.5707963267948966,0,1.5707963267948966,1.5707963267948966,1,0.9944837911249067,1.00103596195817,1.0234966830744374,0.9996663402663316,1.0000393513496013,0.9997530394726388,2.0055162088750933,0.9989640380418301,0.9765033169255625,2.0003336597336685,0.9999606486503987,1.0002469605273612
2025-11-05 16:52:03.954526,1.1814019680023193,0.20657140016555786,1.1172385215759277,1.8346352577209473,0.21235308051109314,0.9064056873321533,1.5080186128616333,0.2094622403383255,1.0118221044540405,1.8829943154746347,0.008422822673571296,1.8829943154746347,1.8829943154746347,0.6864383749612938,1.5,1.0,1.0,1.5707963267948966,0,1.5707963267948966,1.5707963267948966,1,0.9912525358411184,0.9986794102686365,1.051608529778885,0.9996663402663316,1.0000393513496013,0.9997530394726388,2.0087474641588816,1.0013205897313635,0.9483914702211149,2.0003336597336685,0.9999606486503987,1.0002469605273612
2025-11-05 16:52:04.060783,1.2438085079193115,0.252520889043808,1.1711537837982178,1.7815135717391968,0.27962028980255127,0.8939427137374878,1.5126610398292542,0.2660705894231796,1.0325482487678528,2.0468023294506037,0.044765670667931204,2.0468023294506037,2.0468023294506037,0.605563448817087,1.5,1.0,1.0,1.5707963267948966,0,1.5707963267948966,1.5707963267948966,1,0.9895129308525066,0.9911652877814056,1.1011894182300126,0.9996663402663316,1.0000393513496013,0.9997530394726388,2.0104870691474934,1.0088347122185946,0.8988105817699875,2.0003336597336685,0.9999606486503987,1.0002469605273612
2025-11-05 16:52:04.160939,1.2983930110931396,0.29826468229293823,1.221509575843811,1.7392876148223877,0.35013261437416077,0.8799550533294678,1.5188403129577637,0.3241986483335495,1.0507323145866394,2.229909689486902,0.09273381520300475,2.229909689486902,2.229909689486902,0.5601230452551957,1.5,1.0,1.0,1.5707963267948966,0,1.5707963267948966,1.5707963267948966,1,0.9919678025230834,0.9795591028171282,1.1610654743130884,0.9996663402663316,1.0000393513496013,0.9997530394726388,2.0080321974769166,1.0204408971828718,0.8389345256869116,2.0003336597336685,0.9999606486503987,1.0002469605273612
2025-11-05 16:52:04.261777,1.3488914966583252,0.3475653827190399,1.274019718170166,1.7035375833511353,0.4299990236759186,0.8616448640823364,1.5262145400047302,0.38878220319747925,1.0678322911262512,2.4313164714028157,0.1504156376920169,2.4313164714028157,2.4313164714028157,0.5501110544716317,1.5,1.0,1.0,1.5707963267948966,0,1.5707963267948966,1.5707963267948966,1,0.9961886757903912,0.9659809639211838,1.2269209646027661,0.9996643734313712,1.0000395189443863,0.9997528273253461,2.0038113242096087,1.0340190360788162,0.7730790353972339,2.0003356265686287,0.9999604810556137,1.0002471726746538
2025-11-05 16:52:04.361812,1.3932559490203857,0.4004162549972534,1.3270214796066284,1.6739169359207153,0.5165010690689087,0.8378813862800598,1.5335864424705505,0.45845866203308105,1.0824514329433441,2.6206723602015067,0.20301028558294712,2.6206723602015067,2.6206723602015067,0.5757641049296508,1.5,1.0,1.0,1.5707963267948966,0,1.5707963267948966,1.5707963267948966,1,0.9936383747726223,0.9564334837044437,1.2876654152375788,0.9996643734313712,1.0000395189443863,0.9997528273253461,2.0063616252273775,1.0435665162955563,0.7123345847624213,2.0003356265686287,0.9999604810556137,1.0002471726746538
2025-11-05 16:52:04.461893,1.4303338527679443,0.45701929926872253,1.3815349340438843,1.6488841772079468,0.604900598526001,0.8081104159355164,1.5396090149879456,0.5309599488973618,1.0948226749897003,2.777457016977663,0.23647332894177356,2.777457016977663,2.777457016977663,0.6312280102709836,1.5,1.0,1.0,1.5707963267948966,0,1.5707963267948966,1.5707963267948966,1,0.9746932539288176,0.9554194564261191,1.3386939527568442,0.9996643734313712,1.0000395189443863,0.9997528273253461,2.025306746071182,1.0445805435738809,0.6613060472431558,2.0003356265686287,0.9999604810556137,1.0002471726746538
2025-11-05 16:52:04.561914,1.458357572555542,0.5155206918716431,1.437037467956543,1.6301400661468506,0.6901199221611023,0.7732567191123962,1.5442488193511963,0.6028203070163727,1.1051470935344696,2.8883545369157515,0.249348672027488,2.8883545369157515,2.8883545369157515,0.7075302105622174,1.5,1.0,1.0,1.5707963267948966,0,1.5707963267948966,1.5707963267948966,1,0.9358654725615735,0.9620963799572249,1.3769900332118306,0.9996643734313712,1.0000395189443863,0.9997528273253461,2.0641345274384264,1.0379036200427751,0.6230099667881694,2.0003356265686287,0.9999604810556137,1.0002471726746538
2025-11-05 16:52:04.662508,1.4763065576553345,0.5752698183059692,1.4924004077911377,1.6194040775299072,0.7674707174301147,0.7348653078079224,1.5478553175926208,0.671370267868042,1.11363285779953,2.9548936912625927,0.24432891789733585,2.9548936912625927,2.9548936912625927,0.7945297436376839,1.5,1.0,1.0,1.5707963267948966,0,1.5707963267948966,1.5707963267948966,1,0.8813388336327531,0.9732278906587362,1.4007607961517088,0.9996643734313712,1.0000395189443863,0.9997528273253461,2.118661166367247,1.0267721093412638,0.5992392038482912,2.0003356265686287,0.9999604810556137,1.0002471726746538
2025-11-05 16:52:04.762510,1.4827378988265991,0.6357468366622925,1.5456231832504272,1.6180243492126465,0.8363242149353027,0.6946895718574524,1.5503811240196228,0.7360355257987976,1.1201563775539398,2.9839263296163963,0.22871732750995769,2.9839263296163963,2.9839263296163963,0.8846590978061668,1.5,1.0,1.0,1.5707963267948966,0,1.5707963267948966,1.5707963267948966,1,0.8186960680377073,0.9851695848335518,1.4080032894137569,0.9996693957441432,1.0000390253842908,0.9997522718458333,2.181303931962293,1.0148304151664482,0.5919967105862431,2.000330604255857,0.9999609746157091,1.0002477281541666
2025-11-05 16:52:04.862566,1.4751479625701904,0.6955200433731079,1.59526789188385,1.627456784248352,0.8957486748695374,0.654177188873291,1.5513023734092712,0.7956343591213226,1.1247225403785706,2.981141038239765,0.20702037823731906,2.981141038239765,2.981141038239765,0.9741361266911475,1.5,1.0,1.0,1.5707963267948966,0,1.5707963267948966,1.5707963267948966,1,0.7548812757806451,0.9959075900197416,1.3960941167594734,0.9996693957441432,1.0000390253842908,0.9997522718458333,2.245118724219355,1.0040924099802584,0.6039058832405266,2.000330604255857,0.9999609746157091,1.0002477281541666
2025-11-05 16:52:04.962839,1.4548856019973755,0.751404345035553,1.6393603086471558,1.6480798721313477,0.9457811713218689,0.6154272556304932,1.5514827370643616,0.8485927581787109,1.1273937821388245,2.955106360691721,0.18442247265714173,2.955106360691721,2.955106360691721,1.059974185378947,1.5,1.0,1.0,1.5707963267948966,0,1.5707963267948966,1.5707963267948966,1,0.6968248190489342,1.0043946454422963,1.3668916302123955,0.9996693957441432,1.0000390253842908,0.9997522718458333,2.3031751809510657,0.9956053545577037,0.6331083697876045,2.000330604255857,0.9999609746157091,1.0002477281541666
2025-11-05 16:52:05.063493,1.4208369255065918,0.8027364611625671,1.675552487373352,1.6793923377990723,0.9869449734687805,0.5808050036430359,1.550114631652832,0.8948407173156738,1.128178745508194,2.9096645147842333,0.1623196736350449,2.9096645147842333,2.9096645147842333,1.1398489945451817,1.5,1.0,1.0,1.5707963267948966,0,1.5707963267948966,1.5707963267948966,1,0.6502857894888262,1.0104900101570469,1.321680244660835,0.9996693957441432,1.0000390253842908,0.9997522718458333,2.349714210511174,0.9895099898429531,0.6783197553391652,2.000330604255857,0.9999609746157091,1.0002477281541666
2025-11-05 16:52:05.170848,1.3697348833084106,0.8507788181304932,1.7048734426498413,1.7255876064300537,1.0224144458770752,0.549761176109314,1.5476612448692322,0.9365966320037842,1.1273173093795776,2.842750876587206,0.14105905286874565,2.842750876587206,2.842750876587206,1.2208088702075548,1.5,1.0,1.0,1.5707963267948966,0,1.5707963267948966,1.5707963267948966,1,0.6160662111268259,1.0149520026350998,1.2583476033252743,0.9996686022645908,1.0000394311512508,0.9997519681965727,2.383933788873174,0.9850479973649002,0.7416523966747257,2.000331397735409,0.9999605688487491,1.0002480318034273
2025-11-05 16:52:05.270884,1.3128818273544312,0.8862013220787048,1.7200133800506592,1.7765227556228638,1.0458717346191406,0.529569149017334,1.5447022914886475,0.9660365283489227,1.1247912645339966,2.7701977029827782,0.12433752183635458,2.7701977029827782,2.7701977029827782,1.2874839875536208,1.5,1.0,1.0,1.5707963267948966,0,1.5707963267948966,1.5707963267948966,1,0.6024303204939915,1.0174146706055922,1.1935181472759364,0.9996686022645908,1.0000394311512508,0.9997519681965727,2.3975696795060086,0.9825853293944078,0.8064818527240636,2.000331397735409,0.9999605688487491,1.0002480318034273
2025-11-05 16:52:05.371947,1.2485411167144775,0.9147339463233948,1.7225161790847778,1.834362506866455,1.0619254112243652,0.5182836055755615,1.5414518117904663,0.98832967877388,1.1203998923301697,2.6888286076734653,0.1094734381109586,2.6888286076734653,2.6888286076734653,1.3472297946526863,1.5,1.0,1.0,1.5707963267948966,0,1.5707963267948966,1.5707963267948966,1,0.6058730691222372,1.0186740431078662,1.1266905403690395,0.9996686022645908,1.0000394311512508,0.9997519681965727,2.394126930877763,0.9813259568921338,0.8733094596309605,2.000331397735409,0.9999605688487491,1.0002480318034273
2025-11-05 16:52:05.472054,1.1796287298202515,0.9364675879478455,1.7115998268127441,1.8966727256774902,1.0714125633239746,0.5168977975845337,1.5381507277488708,1.00394007563591,1.114248812198639,2.6010360529305085,0.09654717812786698,2.6010360529305085,2.6010360529305085,1.3998839869847015,1.5,1.0,1.0,1.5707963267948966,0,1.5707963267948966,1.5707963267948966,1,0.6251245557985878,1.0190640841201914,1.0629365395114752,0.9996686022645908,1.0000394311512508,0.9997519681965727,2.374875444201412,0.9809359158798086,0.9370634604885248,2.000331397735409,0.9999605688487491,1.0002480318034273
2025-11-05 16:52:05.572443,1.109044075012207,0.9522193670272827,1.68715238571167,1.9608982801437378,1.073024868965149,0.5258171558380127,1.5349711775779724,1.0126221179962158,1.1064847707748413,2.508727151965747,0.08368156077254463,2.508727151965747,2.508727151965747,1.4453197128125086,1.5,1.0,1.0,1.5707963267948966,0,1.5707963267948966,1.5707963267948966,1,0.6576903264275847,1.018469727848989,1.006342754016753,0.9996641346081404,1.0000403235274815,0.999752511544022,2.3423096735724154,0.9815302721510111,0.993657245983247,2.0003358653918597,0.9999596764725186,1.000247488455978
2025-11-05 16:52:05.673016,1.0392065048217773,0.9635151624679565,1.6493804454803467,2.024294853210449,1.0701978206634521,0.5444629192352295,1.5317506790161133,1.0168564915657043,1.096921682357788,2.4134661637487005,0.07194464325381708,2.4134661637487005,2.4134661637487005,1.4841236415792343,1.5,1.0,1.0,1.5707963267948966,0,1.5707963267948966,1.5707963267948966,1,0.7000304004746611,1.0173079678436878,0.9600581494074075,0.9996641346081404,1.0000403235274815,0.999752511544022,2.2999695995253386,0.9826920321563123,1.0399418505925924,2.0003358653918597,0.9999596764725186,1.000247488455978
2025-11-05 16:52:05.773274,0.9715583324432373,0.9718818664550781,1.5994163751602173,2.08341121673584,1.0632636547088623,0.5728334188461304,1.5274847745895386,1.0175727605819702,1.0861248970031738,2.316340697932977,0.06031236973377177,2.316340697932977,2.316340697932977,1.5160606959250706,1.5,1.0,1.0,1.5707963267948966,0,1.5707963267948966,1.5707963267948966,1,0.7486023289208967,1.0154975736370389,0.925970791334947,0.9996641346081404,1.0000403235274815,0.999752511544022,2.2513976710791033,0.9845024263629611,1.0740292086650531,2.0003358653918597,0.9999596764725186,1.000247488455978
2025-11-05 16:52:05.873990,0.9100237488746643,0.9769163727760315,1.539110779762268,2.1360244750976562,1.0551356077194214,0.6098800301551819,1.5230241119861603,1.0160259902477264,1.074495404958725,2.2193575019066274,0.05080215112795484,2.2193575019066274,2.2193575019066274,1.5403460051007307,1.5,1.0,1.0,1.5707963267948966,0,1.5707963267948966,1.5707963267948966,1,0.7991223067654493,1.013685815341047,0.9052624287558718,0.9996641346081404,1.0000403235274815,0.999752511544022,2.200877693234551,0.986314184658953,1.0947375712441283,2.0003358653918597,0.9999596764725186,1.000247488455978
2025-11-05 16:52:05.980637,0.849469780921936,0.980165421962738,1.4635093212127686,2.184906482696533,1.046187400817871,0.6588224768638611,1.5171881318092346,1.0131764113903046,1.0611658990383148,2.1130994082442895,0.0423198900784162,2.1130994082442895,2.1130994082442895,1.560535486173501,1.5,1.0,1.0,1.5707963267948966,0,1.5707963267948966,1.5707963267948966,1,0.8527336318768041,1.0118376503534319,0.8964392468781922,0.9996653534331906,1.0000411896758883,0.9997517041250488,2.147266368123196,0.9881623496465681,1.103560753121808,2.0003346465668095,0.9999588103241116,1.0002482958749512
2025-11-05 16:52:06.080733,0.8032633662223816,0.9817883968353271,1.3889933824539185,2.220018148422241,1.0407856702804565,0.7086951732635498,1.5116407573223114,1.0112870335578918,1.0488442778587341,2.018463100573965,0.037521449698478135,2.018463100573965,2.018463100573965,1.5727302516921817,1.5,1.0,1.0,1.5707963267948966,0,1.5707963267948966,1.5707963267948966,1,0.8963162669234149,1.0107284690315557,0.8996414534346993,0.9996653534331906,1.0000411896758883,0.9997517041250488,2.103683733076585,0.9892715309684442,1.1003585465653007,2.0003346465668095,0.9999588103241116,1.0002482958749512
2025-11-05 16:52:06.181500,0.7652627825737,0.9836100935935974,1.3112826347351074,2.24605655670166,1.0370608568191528,0.7614771723747253,1.50565966963768,1.0103354752063751,1.0363799035549164,1.9263113488586994,0.03382593405964985,1.9263113488586994,1.9263113488586994,1.5804724711385632,1.5,1.0,1.0,1.5707963267948966,0,1.5707963267948966,1.5707963267948966,1,0.9329549303025332,1.009805445900767,0.9110295039421483,0.9996653534331906,1.0000411896758883,0.9997517041250488,2.0670450696974667,0.990194554099233,1.0889704960578517,2.0003346465668095,0.9999588103241116,1.0002482958749512
2025-11-05 16:52:06.282135,0.7356551289558411,0.985748291015625,1.2327462434768677,2.2630348205566406,1.0344817638397217,0.8153384923934937,1.4993449747562408,1.0101150274276733,1.0240423679351807,1.8375660726872554,0.03076825742926778,1.8375660726872554,1.8375660726872554,1.5841379057242873,1.5,1.0,1.0,1.5707963267948966,0,1.5707963267948966,1.5707963267948966,1,0.961515460968276,1.008977345206191,0.9282143203869104,0.9996653534331906,1.0000411896758883,0.9997517041250488,2.038484539031724,0.991022654793809,1.0717856796130896,2.0003346465668095,0.9999588103241116,1.0002482958749512
2025-11-05 16:52:06.382451,0.7139363288879395,0.9870005249977112,1.156162977218628,2.271846294403076,1.0323059558868408,0.8683582544326782,1.4928913116455078,1.009653240442276,1.012260615825653,1.7534744730366503,0.028589226890792997,1.7534744730366503,1.7534744730366503,1.584918799553252,1.5,1.0,1.0,1.5707963267948966,0,1.5707963267948966,1.5707963267948966,1,0.9815959091989435,1.0083538771662228,0.9486143823548636,0.9996642872920221,1.0000418672186853,0.9997539723477581,2.0184040908010568,0.9916461228337771,1.0513856176451364,2.000335712707978,0.9999581327813146,1.000246027652242
2025-11-05 16:52:06.482502,0.6987133622169495,0.9893953204154968,1.0824474096298218,2.2734973430633545,1.030923843383789,0.9190244674682617,1.486105352640152,1.010159581899643,1.0007359385490417,1.6742010224348913,0.02622405955135696,1.6742010224348913,1.6742010224348913,1.5837854218848963,1.5,1.0,1.0,1.5707963267948966,0,1.5707963267948966,1.5707963267948966,1,0.9938507844700993,1.0076489744286716,0.9702286905533799,0.9996642872920221,1.0000418672186853,0.9997539723477581,2.0061492155299008,0.9923510255713283,1.02977130944662,2.000335712707978,0.9999581327813146,1.000246027652242
2025-11-05 16:52:06.583129,0.6890543103218079,0.9919906854629517,1.0137474536895752,2.2695817947387695,1.028607726097107,0.9669663310050964,1.4793180525302887,1.0102992057800293,0.9903568923473358,1.6003861119735248,0.02315332791866015,1.6003861119735248,1.6003861119735248,1.5816435787186165,1.5,1.0,1.0,1.5707963267948966,0,1.5707963267948966,1.5707963267948966,1,0.9992369880761007,1.0067296189531243,0.991417575890982,0.9996642872920221,1.0000418672186853,0.9997539723477581,2.0007630119238993,0.9932703810468757,1.008582424109018,2.000335712707978,0.9999581327813146,1.000246027652242
2025-11-05 16:52:06.683173,0.6838665008544922,0.9949117302894592,0.9505396485328674,2.261852502822876,1.0267972946166992,1.0109537839889526,1.472859501838684,1.0108545124530792,0.98074671626091,1.5325294199712105,0.0201889574161609,1.5325294199712105,1.5325294199712105,1.5794639531763734,1.5,1.0,1.0,1.5707963267948966,0,1.5707963267948966,1.5707963267948966,1,0.9989903012507233,1.0058468230634063,1.0110551219615824,0.9996642872920221,1.0000418672186853,0.9997539723477581,2.0010096987492765,0.9941531769365937,0.9889448780384177,2.000335712707978,0.9999581327813146,1.000246027652242
2025-11-05 16:52:06.783607,0.6825951933860779,0.9971206784248352,0.8927935361862183,2.251094341278076,1.0249197483062744,1.0500503778457642,1.466844767332077,1.0110202133655548,0.9714219570159912,1.4708708124914702,0.01763311771999621,1.4708708124914702,1.4708708124914702,1.5766077760409953,1.5,1.0,1.0,1.5707963267948966,0,1.5707963267948966,1.5707963267948966,1,0.9944706877012519,1.005081992348394,1.0284701946626864,0.9996646091812635,1.000042470663438,0.9997543447751643,2.005529312298748,0.9949180076516061,0.9715298053373136,2.0003353908187362,0.9999575293365619,1.0002456552248358
2025-11-05 16:52:06.884114,0.6831905841827393,0.9978606104850769,0.8410764336585999,2.238194227218628,1.0224295854568481,1.0842360258102417,1.4606924057006836,1.0101450979709625,0.9626562297344208,1.4156801415279703,0.015608978425739245,1.4156801415279703,1.4156801415279703,1.5740922945117932,1.5,1.0,1.0,1.5707963267948966,0,1.5707963267948966,1.5707963267948966,1,0.9870149435487718,1.0044793175024855,1.0433354572438727,0.9996646091812635,1.000042470663438,0.9997543447751643,2.012985056451228,0.9955206824975146,0.9566645427561273,2.0003353908187362,0.9999575293365619,1.0002456552248358
2025-11-05 16:52:06.990403,0.6846102476119995,0.9958100318908691,0.790447473526001,2.2228810787200928,1.0195461511611938,1.1160906553268433,1.4537456631660461,1.0076780915260315,0.9532690644264221,1.3621819401795994,0.015094694667965642,1.3621819401795994,1.3621819401795994,1.5725406306513594,1.5,1.0,1.0,1.5707963267948966,0,1.5707963267948966,1.5707963267948966,1,0.9767541291065186,1.0043200975161282,1.056875144491552,0.9996646091812635,1.000042470663438,0.9997543447751643,2.0232458708934815,0.9956799024838717,0.943124855508448,2.0003353908187362,0.9999575293365619,1.0002456552248358
2025-11-05 16:52:07.091012,0.6851642727851868,0.9923533797264099,0.7499142289161682,2.2086329460144043,1.0165135860443115,1.139932632446289,1.4468986093997955,1.0044334828853607,0.9449234306812286,1.3201722047647555,0.015362014391568908,1.3201722047647555,1.3201722047647555,1.5727857034485977,1.5,1.0,1.0,1.5707963267948966,0,1.5707963267948966,1.5707963267948966,1,0.9666244552101182,1.0043984477862022,1.066873291587242,0.9996646091812635,1.000042470663438,0.9997543447751643,2.033375544789882,0.9956015522137976,0.9331267084127578,2.0003353908187362,0.9999575293365619,1.0002456552248358
2025-11-05 16:52:07.191586,0.6847959160804749,0.9875545501708984,0.7147101163864136,2.1948721408843994,1.01325261592865,1.1592937707901,1.4398340284824371,1.0004035830497742,0.9370019435882568,1.284474542251858,0.016323471997726807,1.284474542251858,1.284474542251858,1.5743713732994191,1.5,1.0,1.0,1.5707963267948966,0,1.5707963267948966,1.5707963267948966,1,0.9565711134094024,1.0046865180789621,1.0749306009851711,0.9996659577053364,1.000040771505846,0.9997516730674424,2.0434288865905974,0.9953134819210377,0.9250693990148289,2.000334042294664,0.9999592284941541,1.0002483269325577
2025-11-05 16:52:07.292421,0.6836528182029724,0.98294597864151,0.6848563551902771,2.182081699371338,1.010057806968689,1.1744718551635742,1.4328672587871552,0.9965018928050995,0.9296641051769257,1.2549800983160535,0.017196961001706212,1.2549800983160535,1.2549800983160535,1.576625352126758,1.5,1.0,1.0,1.5707963267948966,0,1.5707963267948966,1.5707963267948966,1,0.9472628335748621,1.0049565211211926,1.0812684186992554,0.9996659577053364,1.000040771505846,0.9997516730674424,2.052737166425138,0.9950434788788073,0.9187315813007446,2.000334042294664,0.9999592284941541,1.0002483269325577
2025-11-05 16:52:07.393840,0.6817412376403809,0.9790320992469788,0.6597840189933777,2.170086622238159,1.0070337057113647,1.1857284307479858,1.42591392993927,0.9930329024791718,0.9227562248706818,1.2311177797386343,0.017737063647084,1.2311177797386343,1.2311177797386343,1.5787886489565333,1.5,1.0,1.0,1.5707963267948966,0,1.5707963267948966,1.5707963267948966,1,0.939083085690336,1.0051312681487334,1.0861309509399653,0.9996659577053364,1.000040771505846,0.9997516730674424,2.0609169143096637,0.9948687318512666,0.9138690490600347,2.000334042294664,0.9999592284941541,1.0002483269325577
2025-11-05 16:52:07.494428,0.6789905428886414,0.9763243794441223,0.6395559906959534,2.1580164432525635,1.0043418407440186,1.1941255331039429,1.4185034930706024,0.9903331100940704,0.9168407618999481,1.2120642876060645,0.017735454025682443,1.2120642876060645,1.2120642876060645,1.5798259301111652,1.5,1.0,1.0,1.5707963267948966,0,1.5707963267948966,1.5707963267948966,1,0.9321986914025491,1.0051399996858892,1.0896837331930223,0.9996659577053364,1.000040771505846,0.9997516730674424,2.067801308597451,0.9948600003141108,0.9103162668069777,2.000334042294664,0.9999592284941541,1.0002483269325577
2025-11-05 16:52:07.600803,0.6754525899887085,0.9748752117156982,0.6222314834594727,2.1481173038482666,1.002793788909912,1.1982002258300781,1.4117849469184875,0.9888345003128052,0.9102158546447754,1.1979801924721891,0.01765372478840142,1.1979801924721891,1.1979801924721891,1.5815374793496297,1.5,1.0,1.0,1.5707963267948966,0,1.5707963267948966,1.5707963267948966,1,0.926825188412683,1.0051314344974205,1.0923354237139735,0.9996676933378678,1.0000389048782483,0.9997533271465963,2.073174811587317,0.9948685655025794,0.9076645762860266,2.0003323066621324,0.9999610951217516,1.0002466728534036
2025-11-05 16:52:07.701488,0.6723549365997314,0.9740533828735352,0.6117240786552429,2.1389970779418945,1.0016098022460938,1.1995155811309814,1.405676007270813,0.9878315925598145,0.9056198298931122,1.1896232007818144,0.01743852172972251,1.1896232007818144,1.1896232007818144,1.5802839546714533,1.5,1.0,1.0,1.5707963267948966,0,1.5707963267948966,1.5707963267948966,1,0.9237079479214367,1.005057994049994,1.0934563557428914,0.9996676933378678,1.0000389048782483,0.9997533271465963,2.0762920520785633,0.994942005950006,0.9065436442571086,2.0003323066621324,0.9999610951217516,1.0002466728534036
2025-11-05 16:52:07.802595,0.6695629954338074,0.9735881090164185,0.6055819392204285,2.1303184032440186,1.000518560409546,1.1981619596481323,1.399940699338913,0.9870533347129822,0.9018719494342804,1.1854143147047003,0.01708212557338192,1.1854143147047003,1.1854143147047003,1.5766047986953204,1.5,1.0,1.0,1.5707963267948966,0,1.5707963267948966,1.5707963267948966,1,0.9223421646177901,1.0049232685440894,1.0934588069078823,0.9996676933378678,1.0000389048782483,0.9997533271465963,2.07765783538221,0.9950767314559107,0.9065411930921176,2.0003323066621324,0.9999610951217516,1.0002466728534036
2025-11-05 16:52:07.903150,0.6672385931015015,0.9737134575843811,0.6033716797828674,2.1220781803131104,0.9999263286590576,1.1942049264907837,1.394658386707306,0.9868198931217194,0.8987883031368256,1.1850289087752581,0.01669203286303268,1.1850289087752581,1.1850289087752581,1.5704551138263836,1.5,1.0,1.0,1.5707963267948966,0,1.5707963267948966,1.5707963267948966,1,0.9226447575570086,1.0047595893888428,1.092423612716915,0.9996676933378678,1.0000389048782483,0.9997533271465963,2.0773552424429913,0.9952404106111572,0.9075763872830851,2.0003323066621324,0.9999610951217516,1.0002466728534036
2025-11-05 16:52:08.004302,0.6658350229263306,0.9742982387542725,0.6045783758163452,2.1141436100006104,0.9996640086174011,1.1881096363067627,1.3899893164634705,0.9869811236858368,0.896344006061554,1.187787860066376,0.01624364586724938,1.187787860066376,1.187787860066376,1.561649742305675,1.5,1.0,1.0,1.5707963267948966,0,1.5707963267948966,1.5707963267948966,1,0.92434912086068,1.0045603036537059,1.090448564150881,0.9996695089056,1.0000405031114914,0.9997526864931059,2.07565087913932,0.9954396963462941,0.909551435849119,2.0003304910943998,0.9999594968885085,1.000247313506894
2025-11-05 16:52:08.111081,0.6658170819282532,0.9740228652954102,0.6094797849655151,2.105563163757324,0.9994175434112549,1.1791818141937256,1.3856901228427887,0.9867202043533325,0.8943307995796204,1.1940056339347946,0.01639951040251937,1.1940056339347946,1.1940056339347946,1.5485716231177395,1.5,1.0,1.0,1.5707963267948966,0,1.5707963267948966,1.5707963267948966,1,0.9276145595937424,1.0044968130862537,1.08722048701229,0.9996695089056,1.0000405031114914,0.9997526864931059,2.072385440406258,0.9955031869137463,0.91277951298771,2.0003304910943998,0.9999594968885085,1.000247313506894
2025-11-05 16:52:08.211143,0.6674607992172241,0.9744619727134705,0.6165847182273865,2.0977771282196045,1.0000255107879639,1.1693291664123535,1.3826189637184143,0.9872437417507172,0.89295694231987,1.2020260693131026,0.016669548105917958,1.2020260693131026,1.2020260693131026,1.533618179498742,1.5,1.0,1.0,1.5707963267948966,0,1.5707963267948966,1.5707963267948966,1,0.9315625310959083,1.0044461970532066,1.0834429792370233,0.9996695089056,1.0000405031114914,0.9997526864931059,2.068437468904092,0.9955538029467934,0.9165570207629768,2.0003304910943998,0.9999594968885085,1.000247313506894
2025-11-05 16:52:08.311506,0.6705825328826904,0.9733961224555969,0.6257967948913574,2.08988094329834,1.001067042350769,1.1581318378448486,1.3802317380905151,0.987231582403183,0.891964316368103,1.2119650366036987,0.018252414886252222,1.2119650366036987,1.2119650366036987,1.5160983660608995,1.5,1.0,1.0,1.5707963267948966,0,1.5707963267948966,1.5707963267948966,1,0.9361783538537802,1.0047082227647284,1.0789948037509096,0.9996695089056,1.0000405031114914,0.9997526864931059,2.0638216461462195,0.9952917772352716,0.9210051962490903,2.0003304910943998,0.9999594968885085,1.000247313506894
2025-11-05 16:52:08.412834,0.6752368807792664,0.9723038077354431,0.6370143890380859,2.082125186920166,1.002166986465454,1.1453863382339478,1.3786810338497162,0.9872353971004486,0.8912003636360168,1.224050636480355,0.019960433679971388,1.224050636480355,1.224050636480355,1.4962180837461732,1.5,1.0,1.0,1.5707963267948966,0,1.5707963267948966,1.5707963267948966,1,0.9414336634396483,1.0049500521678019,1.073929297248744,0.9996697277989378,1.0000390328216262,0.999752895473824,2.0585663365603515,0.9950499478321981,0.9260707027512559,2.000330272201062,0.9999609671783738,1.000247104526176
2025-11-05 16:52:08.513738,0.6821935772895813,0.9711641669273376,0.649444580078125,2.0748677253723145,1.0040563344955444,1.1313927173614502,1.3785306513309479,0.987610250711441,0.8904186487197876,1.237636267630201,0.022315619699213994,1.237636267630201,1.237636267630201,1.4740750267391984,1.5,1.0,1.0,1.5707963267948966,0,1.5707963267948966,1.5707963267948966,1,0.9469810736884652,1.0052864699166268,1.0683969139011835,0.9996697277989378,1.0000390328216262,0.999752895473824,2.053018926311535,0.9947135300833733,0.9316030860988165,2.000330272201062,0.9999609671783738,1.000247104526176
2025-11-05 16:52:08.614191,0.6914409399032593,0.9700215458869934,0.6630018353462219,2.0678513050079346,1.0062084197998047,1.116615653038025,1.379646122455597,0.988114982843399,0.8898087441921234,1.2524429748851882,0.02496451688474779,1.2524429748851882,1.2524429748851882,1.4496828889836906,1.5,1.0,1.0,1.5707963267948966,0,1.5707963267948966,1.5707963267948966,1,0.9526381775283754,1.0056087160909772,1.0624982714656825,0.9996697277989378,1.0000390328216262,0.999752895473824,2.0473618224716246,0.9943912839090228,0.9375017285343176,2.000330272201062,0.9999609671783738,1.000247104526176
2025-11-05 16:52:08.715284,0.7033913135528564,0.9689690470695496,0.6776124835014343,2.0612287521362305,1.0080407857894897,1.1011369228363037,1.3823100328445435,0.9885049164295197,0.889374703168869,1.2684481421822533,0.02746283378389305,1.2684481421822533,1.2684481421822533,1.4228921466854656,1.5,1.0,1.0,1.5707963267948966,0,1.5707963267948966,1.5707963267948966,1,0.9583219309476751,1.0058012668469423,1.0562848815313053,0.9996697277989378,1.0000390328216262,0.999752895473824,2.041678069052325,0.9941987331530577,0.9437151184686947,2.000330272201062,0.9999609671783738,1.000247104526176
2025-11-05 16:52:08.816589,0.717584490776062,0.9685682654380798,0.6932020783424377,2.054717779159546,1.0091582536697388,1.0857963562011719,1.386151134967804,0.9888632595539093,0.8894992172718048,1.2852131610294553,0.02911825321241403,1.2852131610294553,1.2852131610294553,1.3941675814102465,1.5,1.0,1.0,1.5707963267948966,0,1.5707963267948966,1.5707963267948966,1,0.9638284265062657,1.0057321886221344,1.0499660849276182,0.9996659014813439,1.0000412029151162,0.9997535328597453,2.0361715734937342,0.9942678113778657,0.9500339150723818,2.000334098518656,0.9999587970848838,1.0002464671402547
2025-11-05 16:52:08.920704,0.7359106540679932,0.9686866998672485,0.7113639712333679,2.0477240085601807,1.0107407569885254,1.0693985223770142,1.391817331314087,0.989713728427887,0.890381246805191,1.3043546498393994,0.030916903312949703,1.3043546498393994,1.3043546498393994,1.3604453537562755,1.5,1.0,1.0,1.5707963267948966,0,1.5707963267948966,1.5707963267948966,1,0.9695487439512094,1.00556433943616,1.0430024465967058,0.9996659014813439,1.0000412029151162,0.9997535328597453,2.030451256048791,0.99443566056384,0.9569975534032942,2.000334098518656,0.9999587970848838,1.0002464671402547
2025-11-05 16:52:09.020972,0.7544973492622375,0.9690932035446167,0.7286717891693115,2.041121482849121,1.0111197233200073,1.0553977489471436,1.3978094160556793,0.990106463432312,0.8920347690582275,1.3221124218766247,0.03164876495810624,1.3221124218766247,1.3221124218766247,1.3281256500366883,1.5,1.0,1.0,1.5707963267948966,0,1.5707963267948966,1.5707963267948966,1,0.9743537637963685,1.005184502604118,1.0368150165273713,0.9996659014813439,1.0000412029151162,0.9997535328597453,2.0256462362036314,0.994815497395882,0.9631849834726286,2.000334098518656,0.9999587970848838,1.0002464671402547
2025-11-05 16:52:09.122153,0.7752699851989746,0.9696896076202393,0.7462543845176697,2.0347604751586914,1.0113611221313477,1.0425643920898438,1.405015230178833,0.9905253648757935,0.8944093883037567,1.3397362762304506,0.032195593032521154,1.3397362762304506,1.3397362762304506,1.294547191108937,1.5,1.0,1.0,1.5707963267948966,0,1.5707963267948966,1.5707963267948966,1,0.9786544456385152,1.004733541998255,1.0309099188298523,0.9996659014813439,1.0000412029151162,0.9997535328597453,2.021345554361485,0.9952664580017451,0.9690900811701478,2.000334098518656,0.9999587970848838,1.0002464671402547
2025-11-05 16:52:09.222911,0.7970938086509705,0.9710359573364258,0.7641723155975342,2.0284528732299805,1.0116674900054932,1.0309706926345825,1.4127733409404755,0.9913517236709595,0.8975715041160583,1.357424649311089,0.032237837482214614,1.357424649311089,1.357424649311089,1.2605861499150048,1.5,1.0,1.0,1.5707963267948966,0,1.5707963267948966,1.5707963267948966,1,0.9824889641705152,1.0041926010566025,1.025406744595997,0.9996654454742904,1.0000417567129047,0.9997552862499993,2.017511035829485,0.9958073989433975,0.9745932554040031,2.0003345545257094,0.9999582432870954,1.0002447137500008
2025-11-05 16:52:09.323805,0.8203072547912598,0.9716084003448486,0.7822434902191162,2.0222880840301514,1.0122225284576416,1.0207563638687134,1.4212976694107056,0.9919154644012451,0.9014999270439148,1.374907781254792,0.03313098630472409,1.374907781254792,1.374907781254792,1.2260896427899408,1.5,1.0,1.0,1.5707963267948966,0,1.5707963267948966,1.5707963267948966,1,0.9858106908976755,1.0037371706474656,1.0203305119088992,0.9996654454742904,1.0000417567129047,0.9997552862499993,2.0141893091023246,0.9962628293525343,0.9796694880911008,2.0003345545257094,0.9999582432870954,1.0002447137500008
2025-11-05 16:52:09.424570,0.8436952829360962,0.9719929099082947,0.7998384237289429,2.0162277221679688,1.0123671293258667,1.0118768215179443,1.4299615025520325,0.9921800196170807,0.9058576226234436,1.3918918257996882,0.03387080831168453,1.3918918257996882,1.3918918257996882,1.192234322933856,1.5,1.0,1.0,1.5707963267948966,0,1.5707963267948966,1.5707963267948966,1,0.9886224363445888,1.0032472231515757,1.0158391902099067,0.9996654454742904,1.0000417567129047,0.9997552862499993,2.011377563655411,0.9967527768484243,0.9841608097900933,2.0003345545257094,0.9999582432870954,1.0002447137500008
2025-11-05 16:52:09.524598,0.86707603931427,0.9715502858161926,0.8168438673019409,2.0106818675994873,1.0130561590194702,1.0044822692871094,1.4388789534568787,0.9923032224178314,0.9106630682945251,1.4081692395871492,0.03579967589805238,1.4081692395871492,1.4081692395871492,1.1596401156815126,1.5,1.0,1.0,1.5707963267948966,0,1.5707963267948966,1.5707963267948966,1,0.9909227868161823,1.0028480553348107,1.0119666291979428,0.9996654454742904,1.0000417567129047,0.9997552862499993,2.0090772131838177,0.9971519446651892,0.9880333708020572,2.0003345545257094,0.9999582432870954,1.0002447137500008
2025-11-05 16:52:09.630739,0.892967700958252,0.9702613949775696,0.8343214988708496,2.0051169395446777,1.01375150680542,0.9979908466339111,1.4490423202514648,0.9920064508914948,0.9161561727523804,1.4246802253494484,0.03866858254975843,1.4246802253494484,1.4246802253494484,1.1249688769527588,1.5,1.0,1.0,1.5707963267948966,0,1.5707963267948966,1.5707963267948966,1,0.9929085207647916,1.0024047433291567,1.0083850856081271,0.9996635522711561,1.0000408149852806,0.9997528271399251,2.0070914792352084,0.9975952566708433,0.9916149143918729,2.000336447728844,0.9999591850147194,1.0002471728600748
2025-11-05 16:52:09.730774,0.9169280529022217,0.9682837724685669,0.8498417139053345,2.0004448890686035,1.013190746307373,0.9933140277862549,1.4586864709854126,0.99073725938797,0.9215778708457947,1.4391486175788082,0.041063843489250317,1.4391486175788082,1.4391486175788082,1.093896556080926,1.5,1.0,1.0,1.5707963267948966,0,1.5707963267948966,1.5707963267948966,1,0.9943864302399227,1.0019147129077413,1.0056216659820432,0.9996635522711561,1.0000408149852806,0.9997528271399251,2.005613569760077,0.9980852870922587,0.9943783340179568,2.000336447728844,0.9999591850147194,1.0002471728600748
2025-11-05 16:52:09.831446,0.939817488193512,0.9672121405601501,0.8638567924499512,1.9965381622314453,1.0136340856552124,0.9898234009742737,1.4681778252124786,0.9904231131076813,0.9268400967121124,1.4521509830276098,0.043593724529929524,1.4521509830276098,1.4521509830276098,1.0652141410949787,1.5,1.0,1.0,1.5707963267948966,0,1.5707963267948966,1.5707963267948966,1,0.9955093265025617,1.0014063081262292,1.0034403596558557,0.9996635522711561,1.0000408149852806,0.9997528271399251,2.0044906734974384,0.9985936918737708,0.9965596403441442,2.000336447728844,0.9999591850147194,1.0002471728600748
2025-11-05 16:52:09.931578,0.9611465930938721,0.9657017588615417,0.8775932788848877,1.993095874786377,1.0130964517593384,0.9876279830932617,1.4771212339401245,0.9893991053104401,0.9326106309890747,1.4645696802128416,0.04563675713943578,1.4645696802128416,1.4645696802128416,1.0388807501493025,1.5,1.0,1.0,1.5707963267948966,0,1.5707963267948966,1.5707963267948966,1,0.9964163441064492,1.0008704338656536,1.001737296904724,0.9996635522711561,1.0000408149852806,0.9997528271399251,2.003583655893551,0.9991295661343463,0.9982627030952759,2.000336447728844,0.9999591850147194,1.0002471728600748
2025-11-05 16:52:10.031896,0.9808208346366882,0.963991105556488,0.8909075856208801,1.99034583568573,1.0131510496139526,0.9864001274108887,1.485583335161209,0.9885710775852203,0.9386538565158844,1.4764853860150726,0.04844178204060576,1.4764853860150726,1.4764853860150726,1.0152222679690972,1.5,1.0,1.0,1.5707963267948966,0,1.5707963267948966,1.5707963267948966,1,0.9971175190427373,1.0003493231989586,1.0004621347555607,0.9996682574835363,1.0000403939837361,0.9997511023197223,2.0028824809572625,0.9996506768010415,0.9995378652444394,2.0003317425164635,0.9999596060162638,1.0002488976802777
2025-11-05 16:52:10.132720,0.9980161786079407,0.962318480014801,0.9040899276733398,1.988127589225769,1.0129886865615845,0.9861391186714172,1.4930718839168549,0.9876535832881927,0.9451145231723785,1.4881165962066962,0.05095729649252631,1.4881165962066962,1.4881165962066962,0.9947965344785629,1.5,1.0,1.0,1.5707963267948966,0,1.5707963267948966,1.5707963267948966,1,0.9976763143705398,0.9998455475384731,0.9995852715254238,0.9996682574835363,1.0000403939837361,0.9997511023197223,2.0023236856294604,1.000154452461527,1.0004147284745761,2.0003317425164635,0.9999596060162638,1.0002488976802777
2025-11-05 16:52:10.233375,1.0127426385879517,0.9597375988960266,0.9171623587608337,1.986616849899292,1.0124411582946777,0.986932635307312,1.4996797442436218,0.9860893785953522,0.9520474970340729,1.4992765401813182,0.05392673566377763,1.4992765401813182,1.4992765401813182,0.9777916629425434,1.5,1.0,1.0,1.5707963267948966,0,1.5707963267948966,1.5707963267948966,1,0.9980908036436231,0.999375929202528,0.9990466145363683,0.9996682574835363,1.0000403939837361,0.9997511023197223,2.001909196356377,1.000624070797472,1.0009533854636317,2.0003317425164635,0.9999596060162638,1.0002488976802777
2025-11-05 16:52:10.333419,1.0247820615768433,0.9570005536079407,0.9298000931739807,1.9856667518615723,1.0120936632156372,0.9883053302764893,1.5052244067192078,0.9845471084117889,0.959052711725235,1.5099845550439288,0.05716747631985204,1.5099845550439288,1.5099845550439288,0.9642393382963828,1.5,1.0,1.0,1.5707963267948966,0,1.5707963267948966,1.5707963267948966,1,0.99838877109894,0.9989483682571867,0.9987833369642536,0.9996682574835363,1.0000403939837361,0.9997511023197223,2.00161122890106,1.0010516317428133,1.0012166630357464,2.0003317425164635,0.9999596060162638,1.0002488976802777
2025-11-05 16:52:10.434029,1.0337042808532715,0.9546194076538086,0.9417872428894043,1.9852166175842285,1.0120714902877808,0.9900886416435242,1.50946044921875,0.9833454489707947,0.9659379422664642,1.520077095633639,0.06022917686881274,1.520077095633639,1.520077095633639,0.9544681733152717,1.5,1.0,1.0,1.5707963267948966,0,1.5707963267948966,1.5707963267948966,1,0.9985955948597005,0.9985949131391337,0.9987394918050818,0.9996699110540455,1.0000397610245528,0.9997529514653135,2.0014044051402995,1.0014050868608664,1.0012605081949182,2.0003300889459545,0.9999602389754471,1.0002470485346866
2025-11-05 16:52:10.540726,1.0406485795974731,0.9520819783210754,0.9539568424224854,1.9854222536087036,1.0131261348724365,0.9921044707298279,1.5130354166030884,0.982604056596756,0.9730306565761566,1.530440717460223,0.0644703886561783,1.530440717460223,1.530440717460223,0.9475119659926312,1.5,1.0,1.0,1.5707963267948966,0,1.5707963267948966,1.5707963267948966,1,0.9987090871842856,0.9982669105075869,0.9988536492930838,0.9996699110540455,1.0000397610245528,0.9997529514653135,2.001290912815714,1.001733089492413,1.0011463507069163,2.0003300889459545,0.9999602389754471,1.0002470485346866
2025-11-05 16:52:10.640962,1.0443115234375,0.9496619701385498,0.9636268019676208,1.986647367477417,1.0141347646713257,0.9937136769294739,1.5154794454574585,0.9818983674049377,0.9786702394485474,1.5388791945697553,0.06827692397990866,1.5388791945697553,1.5388791945697553,0.945017885673207,1.5,1.0,1.0,1.5707963267948966,0,1.5707963267948966,1.5707963267948966,1,0.9987390183496793,0.9980743450663475,0.9990494109465,0.9996699110540455,1.0000397610245528,0.9997529514653135,2.001260981650321,1.0019256549336526,1.0009505890535,2.0003300889459545,0.9999602389754471,1.0002470485346866
2025-11-05 16:52:10.741649,1.045730471611023,0.9478795528411865,0.9721729159355164,1.9893779754638672,1.0155174732208252,0.9949089288711548,1.517554223537445,0.9816985130310059,0.9835409224033356,1.5467072311451275,0.07153404222111358,1.5467072311451275,1.5467072311451275,0.9463416011595367,1.5,1.0,1.0,1.5707963267948966,0,1.5707963267948966,1.5707963267948966,1,0.9987310774525048,0.9980247303887646,0.9992949542132997,0.9996699110540455,1.0000397610245528,0.9997529514653135,2.0012689225474953,1.0019752696112354,1.0007050457867004,2.0003300889459545,0.9999602389754471,1.0002470485346866
2025-11-05 16:52:10.842055,1.0457102060317993,0.9456508755683899,0.980131208896637,1.9933178424835205,1.0164483785629272,0.9957674741744995,1.51951402425766,0.9810496270656586,0.9879493415355682,1.5542970439873673,0.07456317332473657,1.5542970439873673,1.5542970439873673,0.9503772997519031,1.5,1.0,1.0,1.5707963267948966,0,1.5707963267948966,1.5707963267948966,1,0.9986890612426301,0.9980860746839724,0.9995475300995335,0.9996707595001422,1.0000389074417106,0.9997535977817991,2.0013109387573698,1.0019139253160276,1.0004524699004667,2.000329240499858,0.9999610925582895,1.000246402218201
2025-11-05 16:52:10.942092,1.0437732934951782,0.9446803331375122,0.9867486357688904,1.9978662729263306,1.0171879529953003,0.9964050650596619,1.5208197832107544,0.9809341430664062,0.9915768504142761,1.5606756155037758,0.075846718291494,1.5606756155037758,1.5606756155037758,0.9568928962866756,1.5,1.0,1.0,1.5707963267948966,0,1.5707963267948966,1.5707963267948966,1,0.9986645685566461,0.9982972546946564,0.9997544999543724,0.9996707595001422,1.0000389074417106,0.9997535977817991,2.001335431443354,1.0017027453053435,1.0002455000456276,2.000329240499858,0.9999610925582895,1.000246402218201
2025-11-05 16:52:11.042504,1.0404752492904663,0.9442538022994995,0.9925180673599243,2.0028915405273438,1.0177451372146606,0.9973123073577881,1.521683394908905,0.9809994697570801,0.9949151873588562,1.5658149061915538,0.07621242801627963,1.5658149061915538,1.5658149061915538,0.9652300651569633,1.5,1.0,1.0,1.5707963267948966,0,1.5707963267948966,1.5707963267948966,1,0.9986451835977983,0.998605160406187,0.9998996797850365,0.9996707595001422,1.0000389074417106,0.9997535977817991,2.001354816402202,1.001394839593813,1.0001003202149636,2.000329240499858,0.9999610925582895,1.000246402218201
2025-11-05 16:52:11.142734,1.0364176034927368,0.9436067342758179,0.9979380965232849,2.008118152618408,1.0184779167175293,0.998444676399231,1.5222678780555725,0.9810423254966736,0.9981913864612579,1.5702749935194265,0.07689974938826306,1.5702749935194265,1.5702749935194265,0.9745808882563428,1.5,1.0,1.0,1.5707963267948966,0,1.5707963267948966,1.5707963267948966,1,0.998598812965044,0.9989497795473345,0.999991892837024,0.9996707595001422,1.0000389074417106,0.9997535977817991,2.001401187034956,1.0010502204526655,1.000008107162976,2.000329240499858,0.9999610925582895,1.000246402218201
2025-11-05 16:52:11.243521,1.031254768371582,0.9443821310997009,1.0023342370986938,2.0128633975982666,1.0184882879257202,1.0002328157424927,1.5220590829849243,0.9814352095127106,1.0012835264205933,1.5729371170073834,0.07535149703525879,1.5729371170073834,1.5729371170073834,0.9844042053056913,1.5,1.0,1.0,1.5707963267948966,0,1.5707963267948966,1.5707963267948966,1,0.998625685141948,0.9993428188285518,1.0000226249773718,0.9996707595001422,1.0000389074417106,0.9997535977817991,2.001374314858052,1.0006571811714482,0.9999773750226282,2.000329240499858,0.9999610925582895,1.000246402218201
2025-11-05 16:52:11.343785,1.025224208831787,0.9453046917915344,1.0063903331756592,2.01664137840271,1.0178935527801514,1.0025888681411743,1.5209327936172485,0.9815991222858429,1.0044896006584167,1.5746306828269152,0.07308632265123205,1.5746306828269152,1.5746306828269152,0.9940782655284508,1.5,1.0,1.0,1.5707963267948966,0,1.5707963267948966,1.5707963267948966,1,0.9986785790238548,0.9997191471078445,1.0000215030875739,0.9996707595001422,1.0000389074417106,0.9997535977817991,2.0013214209761454,1.0002808528921554,0.9999784969124261,2.000329240499858,0.9999610925582895,1.000246402218201
2025-11-05 16:52:11.450693,1.0180824995040894,0.9465704560279846,1.0104542970657349,2.019782304763794,1.017204999923706,1.0058327913284302,1.5189324021339417,0.9818877279758453,1.0081435441970825,1.5754099574679814,0.07039740948865358,1.5754099574679814,1.5754099574679814,1.0041977379799094,1.5,1.0,1.0,1.5707963267948966,0,1.5707963267948966,1.5707963267948966,1,0.9987468664875128,1.0000892719220325,1.0000018275807534,0.9996648752159286,1.0000425530233632,0.9997543143949044,2.001253133512487,0.9999107280779674,0.9999981724192466,2.0003351247840713,0.9999574469766368,1.0002456856050956
2025-11-05 16:52:11.551347,1.0108119249343872,0.9478649497032166,1.0135139226913452,2.0218257904052734,1.0170782804489136,1.0092889070510864,1.5163188576698303,0.9824716150760651,1.0114014148712158,1.574975291287533,0.06835208467373088,1.574975291287533,1.574975291287533,1.0133890526764422,1.5,1.0,1.0,1.5707963267948966,0,1.5707963267948966,1.5707963267948966,1,0.9987976577703391,1.000403317614155,0.9999819865693388,0.9996648752159286,1.0000425530233632,0.9997543143949044,2.0012023422296608,0.999596682385845,1.000018013430661,2.0003351247840713,0.9999574469766368,1.0002456856050956
2025-11-05 16:52:11.651561,1.003435492515564,0.9495359063148499,1.0158183574676514,2.0227439403533936,1.0170083045959473,1.012948751449585,1.5130897164344788,0.9832721054553986,1.0143835544586182,1.5736115673072781,0.0660976006935397,1.5736115673072781,1.5736115673072781,1.0215431811734965,1.5,1.0,1.0,1.5707963267948966,0,1.5707963267948966,1.5707963267948966,1,0.9988598903798397,1.000662313720428,0.9999760230760508,0.9996648752159286,1.0000425530233632,0.9997543143949044,2.0011401096201604,0.9993376862795721,1.0000239769239492,2.0003351247840713,0.9999574469766368,1.0002456856050956
2025-11-05 16:52:11.752530,0.9958808422088623,0.9503478407859802,1.0178256034851074,2.022730827331543,1.016730785369873,1.0166841745376587,1.5093058347702026,0.9835393130779266,1.017254889011383,1.5719079092985375,0.06455729540600806,1.5719079092985375,1.5719079092985375,1.0289941156965474,1.5,1.0,1.0,1.5707963267948966,0,1.5707963267948966,1.5707963267948966,1,0.9988984727945026,1.0008891180038921,0.9999863009757614,0.9996648752159286,1.0000425530233632,0.9997543143949044,2.0011015272054973,0.9991108819961079,1.0000136990242388,2.0003351247840713,0.9999574469766368,1.0002456856050956
2025-11-05 16:52:11.852578,0.9885786771774292,0.9512065649032593,1.0188065767288208,2.0218169689178467,1.0164363384246826,1.0203948020935059,1.505197823047638,0.983821451663971,1.0196006894111633,1.569259194338127,0.06304764795461026,1.569259194338127,1.569259194338127,1.035296485714175,1.5,1.0,1.0,1.5707963267948966,0,1.5707963267948966,1.5707963267948966,1,0.9989365017357439,1.0010687169519248,1.0000239123605286,0.9996648752159286,1.0000425530233632,0.9997543143949044,2.0010634982642563,0.9989312830480753,0.9999760876394715,2.0003351247840713,0.9999574469766368,1.0002456856050956
2025-11-05 16:52:11.953150,0.9818509817123413,0.9521582126617432,1.0194029808044434,2.0200603008270264,1.0156915187835693,1.0240514278411865,1.5009556412696838,0.9839248657226562,1.021727204322815,1.5663189869277727,0.06111825517261475,1.5663189869277727,1.5663189869277727,1.0401618524745084,1.5,1.0,1.0,1.5707963267948966,0,1.5707963267948966,1.5707963267948966,1,0.9989866626079957,1.001186983217499,1.0000810326013487,0.9996700027452108,1.0000411385848031,0.9997557036864342,2.001013337392004,0.9988130167825008,0.9999189673986513,2.000329997254789,0.999958861415197,1.0002442963135658
2025-11-05 16:52:12.053788,0.9758450984954834,0.9525417685508728,1.0192688703536987,2.0174453258514404,1.015207052230835,1.0275282859802246,1.496645212173462,0.9838744103908539,1.0233985781669617,1.5628669482241397,0.06008819568336729,1.5628669482241397,1.5628669482241397,1.0435162621412104,1.5,1.0,1.0,1.5707963267948966,0,1.5707963267948966,1.5707963267948966,1,0.9990026578242306,1.0012689013598484,1.0001572000718184,0.9996700027452108,1.0000411385848031,0.9997557036864342,2.0009973421757694,0.9987310986401516,0.9998427999281816,2.000329997254789,0.999958861415197,1.0002442963135658
2025-11-05 16:52:12.160699,0.9697675704956055,0.9531266093254089,1.018384575843811,2.0128042697906494,1.013512134552002,1.0308893918991089,1.4912859201431274,0.9833193719387054,1.02463698387146,1.5588080458469464,0.057825262483635356,1.5588080458469464,1.5588080458469464,1.0448580468933415,1.5,1.0,1.0,1.5707963267948966,0,1.5707963267948966,1.5707963267948966,1,0.9990508419871765,1.0012625815345677,1.000247200161612,0.9996700027452108,1.0000411385848031,0.9997557036864342,2.0009491580128236,0.9987374184654324,0.999752799838388,2.000329997254789,0.999958861415197,1.0002442963135658
2025-11-05 16:52:12.261296,0.9649548530578613,0.9536795020103455,1.017155408859253,2.0071160793304443,1.0120298862457275,1.0333929061889648,1.4860354661941528,0.9828546941280365,1.0252741575241089,1.5552169872455248,0.05592461591410858,1.5552169872455248,1.5552169872455248,1.0439197503668196,1.5,1.0,1.0,1.5707963267948966,0,1.5707963267948966,1.5707963267948966,1,0.999084371618496,1.0011970354356554,1.0003154964119187,0.9996700027452108,1.0000411385848031,0.9997557036864342,2.000915628381504,0.9988029645643446,0.9996845035880813,2.000329997254789,0.999958861415197,1.0002442963135658
2025-11-05 16:52:12.361909,0.9605172276496887,0.9535877108573914,1.0158779621124268,2.0000014305114746,1.0095539093017578,1.0349090099334717,1.4802593290805817,0.9815708100795746,1.0253934860229492,1.5524902074096627,0.053779426387730464,1.5524902074096627,1.5524902074096627,1.0411636778857989,1.5,1.0,1.0,1.5707963267948966,0,1.5707963267948966,1.5707963267948966,1,0.9991276822742212,1.0010793629863406,1.0003475972942766,0.9996696050258653,1.0000381680704344,0.9997546302114331,2.000872317725779,0.9989206370136594,0.9996524027057234,2.0003303949741347,0.9999618319295656,1.000245369788567
2025-11-05 16:52:12.462001,0.9565606713294983,0.9534741640090942,1.014931321144104,1.9926433563232422,1.0076820850372314,1.036016821861267,1.4746020138263702,0.9805781245231628,1.0254740715026855,1.5504479600580687,0.05226160866467647,1.5504479600580687,1.5504479600580687,1.037714039216263,1.5,1.0,1.0,1.5707963267948966,0,1.5707963267948966,1.5707963267948966,1,0.9991553015612463,1.0009603690051287,1.0003528826792538,0.9996696050258653,1.0000381680704344,0.9997546302114331,2.000844698438754,0.9990396309948713,0.9996471173207463,2.0003303949741347,0.9999618319295656,1.000245369788567
2025-11-05 16:52:12.562278,0.9530443549156189,0.9537335634231567,1.0132771730422974,1.9854816198349,1.006790041923523,1.0367183685302734,1.4692629873752594,0.9802618026733398,1.0249977707862854,1.5480955104658778,0.05133117011413637,1.5480955104658778,1.5480955104658778,1.0340653681227174,1.5,1.0,1.0,1.5707963267948966,0,1.5707963267948966,1.5707963267948966,1,0.9991597923331086,1.0008506199537348,1.0003531903724112,0.9996696050258653,1.0000381680704344,0.9997546302114331,2.0008402076668914,0.9991493800462651,0.9996468096275888,2.0003303949741347,0.9999618319295656,1.000245369788567
2025-11-05 16:52:12.663397,0.9500584006309509,0.9538684487342834,1.0120646953582764,1.9787451028823853,1.0057722330093384,1.0370241403579712,1.464401751756668,0.9798203408718109,1.0245444178581238,1.546537678664676,0.050398797129618186,1.546537678664676,1.546537678664676,1.030297679365384,1.5,1.0,1.0,1.5707963267948966,0,1.5707963267948966,1.5707963267948966,1,0.9991715012654674,1.000741183467155,1.0003328137818701,0.9996696050258653,1.0000381680704344,0.9997546302114331,2.0008284987345326,0.9992588165328451,0.99966718621813,2.0003303949741347,0.9999618319295656,1.000245369788567
2025-11-05 16:52:12.764278,0.947310209274292,0.9547372460365295,1.0106399059295654,1.972881555557251,1.0059317350387573,1.0370917320251465,1.4600958824157715,0.9803344905376434,1.023865818977356,1.545009761178567,0.04986006364630768,1.545009761178567,1.545009761178567,1.0271889607684805,1.5,1.0,1.0,1.5707963267948966,0,1.5707963267948966,1.5707963267948966,1,0.9991704918818375,1.0006563255240286,1.0003142416286879,0.9996678445562301,1.0000382748246455,0.9997550230580502,2.0008295081181626,0.9993436744759715,0.9996857583713121,2.00033215544377,0.9999617251753545,1.00024497694195
2025-11-05 16:52:12.865421,0.9451130032539368,0.9555443525314331,1.0094555616378784,1.9680110216140747,1.0062737464904785,1.0368709564208984,1.4565620124340057,0.9809090495109558,1.0231632590293884,1.544001052309681,0.04953543574778971,1.544001052309681,1.544001052309681,1.0245220501520003,1.5,1.0,1.0,1.5707963267948966,0,1.5707963267948966,1.5707963267948966,1,0.9991692784034544,1.0005863571840077,1.0002911515394617,0.9996678445562301,1.0000382748246455,0.9997550230580502,2.0008307215965457,0.9994136428159924,0.9997088484605384,2.00033215544377,0.9999617251753545,1.00024497694195
2025-11-05 16:52:12.971523,0.9430375099182129,0.956737220287323,1.0077126026153564,1.9638310670852661,1.006980061531067,1.0359764099121094,1.4534342885017395,0.981858640909195,1.021844506263733,1.543115325287151,0.04916089702353246,1.543115325287151,1.543115325287151,1.0224200077526446,1.5,1.0,1.0,1.5707963267948966,0,1.5707963267948966,1.5707963267948966,1,0.9991696888848305,1.000530630867034,1.0002720985719034,0.9996678445562301,1.0000382748246455,0.9997550230580502,2.0008303111151693,0.9994693691329658,0.9997279014280966,2.00033215544377,0.9999617251753545,1.00024497694195
2025-11-05 16:52:13.071598,0.9417476654052734,0.958236813545227,1.0059958696365356,1.9611142873764038,1.0072671175003052,1.0345861911773682,1.4514309763908386,0.9827519655227661,1.020291030406952,1.5427565345588965,0.0480428886388723,1.5427565345588965,1.5427565345588965,1.020945486879965,1.5,1.0,1.0,1.5707963267948966,0,1.5707963267948966,1.5707963267948966,1,0.999195087554301,1.0004840831175115,1.0002565093203215,0.9996678445562301,1.0000382748246455,0.9997550230580502,2.000804912445699,0.9995159168824885,0.9997434906796785,2.00033215544377,0.9999617251753545,1.00024497694195
2025-11-05 16:52:13.172087,0.9411602020263672,0.9595301747322083,1.0043179988861084,1.959147572517395,1.0078575611114502,1.0326223373413086,1.450153887271881,0.9836938679218292,1.0184701681137085,1.5429992746199823,0.04741954922987273,1.5429992746199823,1.5429992746199823,1.0195268306076462,1.5,1.0,1.0,1.5707963267948966,0,1.5707963267948966,1.5707963267948966,1,0.9992162101690159,1.0004446889437622,1.0002355623452805,0.9996666356964149,1.000038526767291,0.9997550966135121,2.0007837898309844,0.9995553110562377,0.9997644376547195,2.000333364303585,0.9999614732327089,1.000244903386488
2025-11-05 16:52:13.272672,0.9407662153244019,0.9615695476531982,1.0016889572143555,1.958004355430603,1.008432388305664,1.0305014848709106,1.4493852853775024,0.9850009679794312,1.016095221042633,1.5424796277442598,0.04601772300147898,1.5424796277442598,1.5424796277442598,1.0187245561341405,1.5,1.0,1.0,1.5707963267948966,0,1.5707963267948966,1.5707963267948966,1,0.9992437813772649,1.0004141366432877,1.0002304133775253,0.9996666356964149,1.000038526767291,0.9997550966135121,2.000756218622735,0.9995858633567122,0.9997695866224747,2.000333364303585,0.9999614732327089,1.000244903386488
2025-11-05 16:52:13.372860,0.941286563873291,0.9632145762443542,0.9995614290237427,1.957045316696167,1.007779836654663,1.027859091758728,1.449165940284729,0.9854972064495087,1.0137102603912354,1.5429448852796068,0.04382876158935899,1.5429448852796068,1.5429448852796068,1.0171296201015807,1.5,1.0,1.0,1.5707963267948966,0,1.5707963267948966,1.5707963267948966,1,0.9993035834797669,1.000360995002158,1.0002074270395336,0.9996666356964149,1.000038526767291,0.9997550966135121,2.000696416520233,0.9996390049978421,0.9997925729604664,2.000333364303585,0.9999614732327089,1.000244903386488
2025-11-05 16:52:13.474239,0.9419626593589783,0.9643816351890564,0.9973029494285583,1.956481695175171,1.00734543800354,1.0250407457351685,1.4492221772670746,0.9858635365962982,1.0111718475818634,1.5434623025965433,0.04230785644905746,1.5434623025965433,1.5434623025965433,1.0158071410113467,1.5,1.0,1.0,1.5707963267948966,0,1.5707963267948966,1.5707963267948966,1,0.9993464238942686,1.0003214646402114,1.0001875224538626,0.9996666356964149,1.000038526767291,0.9997550966135121,2.0006535761057314,0.9996785353597887,0.9998124775461373,2.000333364303585,0.9999614732327089,1.000244903386488
2025-11-05 16:52:13.575469,0.9433934092521667,0.9656322002410889,0.9944807887077332,1.9561309814453125,1.0066609382629395,1.0222678184509277,1.4497621953487396,0.9861465692520142,1.0083743035793304,1.5433656667813807,0.04047534631166167,1.5433656667813807,1.5433656667813807,1.0139491439403072,1.5,1.0,1.0,1.5707963267948966,0,1.5707963267948966,1.5707963267948966,1,0.9993863298238778,1.0002710173390998,1.0001648780510048,0.999662211986099,1.0000384164367364,0.999757098601108,2.000613670176122,0.9997289826609003,0.9998351219489952,2.0003377880139013,0.9999615835632636,1.000242901398892
2025-11-05 16:52:13.675680,0.9453619122505188,0.9666565656661987,0.9924860596656799,1.9558393955230713,1.0056335926055908,1.019512414932251,1.450600653886795,0.9861450791358948,1.0059992372989655,1.544056578509474,0.03853999807539029,1.544056578509474,1.544056578509474,1.011590024025969,1.5,1.0,1.0,1.5707963267948966,0,1.5707963267948966,1.5707963267948966,1,0.9994377393195557,1.0002136345440766,1.000131521294507,0.999662211986099,1.0000384164367364,0.999757098601108,2.0005622606804443,0.9997863654559234,0.999868478705493,2.0003377880139013,0.9999615835632636,1.000242901398892
2025-11-05 16:52:13.781036,0.9477415680885315,0.9670215845108032,0.9904533624649048,1.9558398723602295,1.0045886039733887,1.0163792371749878,1.4517907202243805,0.985805094242096,1.0034162998199463,1.5450843886661183,0.03723569822859989,1.5450843886661183,1.5450843886661183,1.0091311228013227,1.5,1.0,1.0,1.5707963267948966,0,1.5707963267948966,1.5707963267948966,1,0.9994792483732964,1.0001612806875455,1.0000964570073085,0.999662211986099,1.0000384164367364,0.999757098601108,2.000520751626704,0.9998387193124546,0.9999035429926914,2.0003377880139013,0.9999615835632636,1.000242901398892
2025-11-05 16:52:13.882047,0.9503445625305176,0.9675630927085876,0.989182710647583,1.9561368227005005,1.0037777423858643,1.013612151145935,1.453240692615509,0.985670417547226,1.001397430896759,1.5465123477185898,0.03597994287006958,1.5465123477185898,1.5465123477185898,1.006740467564582,1.5,1.0,1.0,1.5707963267948966,0,1.5707963267948966,1.5707963267948966,1,0.9995229989779668,1.000113420332634,1.000063561060356,0.999662211986099,1.0000384164367364,0.999757098601108,2.000477001022033,0.9998865796673659,0.9999364389396439,2.0003377880139013,0.9999615835632636,1.000242901398892
2025-11-05 16:52:13.982292,0.9529300332069397,0.9675163626670837,0.9877576231956482,1.9566068649291992,1.0024396181106567,1.0108643770217896,1.4547684490680695,0.9849779903888702,0.9993110001087189,1.5477782874549704,0.034772080453334325,1.5477782874549704,1.5477782874549704,1.0045500178583402,1.5,1.0,1.0,1.5707963267948966,0,1.5707963267948966,1.5707963267948966,1,0.9995616631944679,1.0000720526818985,1.0000363146616866,0.999659031313145,1.0000414184350515,0.9997622341042299,2.000438336805532,0.9999279473181014,0.9999636853383134,2.000340968686855,0.9999585815649484,1.0002377658957702
2025-11-05 16:52:14.082480,0.9561758637428284,0.9674369692802429,0.9865466952323914,1.9575390815734863,1.0018837451934814,1.0081557035446167,1.4568574726581573,0.9846603572368622,0.997351199388504,1.5492200849485698,0.0343783245646228,1.5492200849485698,1.5492200849485698,1.0021885170142515,1.5,1.0,1.0,1.5707963267948966,0,1.5707963267948966,1.5707963267948966,1,0.9995866544759492,1.0000308255658807,1.0000091429870182,0.999659031313145,1.0000414184350515,0.9997622341042299,2.0004133455240507,0.9999691744341193,0.9999908570129818,2.000340968686855,0.9999585815649484,1.0002377658957702
2025-11-05 16:52:14.182808,0.9597620964050293,0.9669038653373718,0.9853062629699707,1.959004521369934,1.00106942653656,1.0056947469711304,1.4593833088874817,0.9839866459369659,0.9955005049705505,1.5503952160985601,0.03417104244116743,1.5503952160985601,1.5503952160985601,1.0000341992660373,1.5,1.0,1.0,1.5707963267948966,0,1.5707963267948966,1.5707963267948966,1,0.9996042848044664,0.9999939347202691,0.9999870262399162,0.999659031313145,1.0000414184350515,0.9997622341042299,2.0003957151955336,1.000006065279731,1.0000129737600838,2.000340968686855,0.9999585815649484,1.0002377658957702
2025-11-05 16:52:14.284219,0.9638199210166931,0.9657295942306519,0.9845107793807983,1.961167812347412,1.0010124444961548,1.0034730434417725,1.4624938666820526,0.9833710193634033,0.9939919114112854,1.5517859294397802,0.035355541744977244,1.5517859294397802,1.5517859294397802,0.9981519239689957,1.5,1.0,1.0,1.5707963267948966,0,1.5707963267948966,1.5707963267948966,1,0.9995989111231491,0.9999599856505222,0.9999694470411362,0.999659031313145,1.0000414184350515,0.9997622341042299,2.000401088876851,1.0000400143494779,1.0000305529588638,2.000340968686855,0.9999585815649484,1.0002377658957702
2025-11-05 16:52:14.390794,0.968578040599823,0.9648885130882263,0.9838343262672424,1.9645631313323975,1.001185417175293,1.0012998580932617,1.4665705859661102,0.9830369651317596,0.9925670921802521,1.5532621869279037,0.036421505049878976,1.5532621869279037,1.5532621869279037,0.9967992832109411,1.5,1.0,1.0,1.5707963267948966,0,1.5707963267948966,1.5707963267948966,1,0.9995943895535682,0.9999336999166593,0.9999594748025507,0.999656311832276,1.0000396309356234,0.9997687398990656,2.000405610446432,1.0000663000833407,1.0000405251974493,2.000343688167724,0.9999603690643766,1.0002312601009344
2025-11-05 16:52:14.491298,0.9730203151702881,0.963350236415863,0.9833890795707703,1.9686367511749268,1.0013325214385986,0.9998638033866882,1.4708285331726074,0.9823413789272308,0.9916264414787292,1.5542505770370438,0.03812581035930046,1.5542505770370438,1.5542505770370438,0.9964768728590433,1.5,1.0,1.0,1.5707963267948966,0,1.5707963267948966,1.5707963267948966,1,0.9995714925804017,0.9999236526403895,0.9999581449659211,0.999656311832276,1.0000396309356234,0.9997687398990656,2.000428507419598,1.0000763473596104,1.0000418550340788,2.000343688167724,0.9999603690643766,1.0002312601009344
2025-11-05 16:52:14.591793,0.9777864813804626,0.961632490158081,0.9832226634025574,1.9735667705535889,1.0013515949249268,0.999056339263916,1.4756766259670258,0.9814920425415039,0.9911395013332367,1.554896894156621,0.039861251102885166,1.554896894156621,1.554896894156621,0.9966978964964646,1.5,1.0,1.0,1.5707963267948966,0,1.5707963267948966,1.5707963267948966,1,0.9995429239187441,0.9999236849154287,0.9999605181722749,0.999656311832276,1.0000396309356234,0.9997687398990656,2.000457076081256,1.0000763150845713,1.000039481827725,2.000343688167724,0.9999603690643766,1.0002312601009344
2025-11-05 16:52:14.691962,0.9824169874191284,0.9594241976737976,0.9830426573753357,1.979264497756958,1.00132155418396,0.9987555146217346,1.4808407425880432,0.9803728759288788,0.9908990859985352,1.5550350835260947,0.041999921542006,1.5550350835260947,1.5550350835260947,0.9978513121863971,1.5,1.0,1.0,1.5707963267948966,0,1.5707963267948966,1.5707963267948966,1,0.9994994210306075,0.9999425716793574,0.9999685652274496,0.999656311832276,1.0000396309356234,0.9997687398990656,2.0005005789693926,1.0000574283206425,1.0000314347725503,2.000343688167724,0.9999603690643766,1.0002312601009344
2025-11-05 16:52:14.792452,0.9872219562530518,0.9571317434310913,0.9826428890228271,1.9856992959976196,1.0012744665145874,0.9991558790206909,1.4864606261253357,0.9792031049728394,0.990899384021759,1.5542596623238094,0.044175237497750604,1.5542596623238094,1.5542596623238094,0.9995890439692129,1.5,1.0,1.0,1.5707963267948966,0,1.5707963267948966,1.5707963267948966,1,0.9994446714218803,0.9999765669790035,0.9999797302850313,0.999654062220409,1.000037784864864,0.9997761538797695,2.0005553285781197,1.0000234330209965,1.0000202697149687,2.000345937779591,0.9999622151351361,1.0002238461202304
2025-11-05 16:52:14.893037,0.9916519522666931,0.9553956389427185,0.9819211959838867,1.9924123287200928,1.0008704662322998,1.000255823135376,1.492032140493393,0.9781330525875092,0.9910885095596313,1.5524776796248547,0.045401430613631874,1.5524776796248547,1.5524776796248547,1.001960802401447,1.5,1.0,1.0,1.5707963267948966,0,1.5707963267948966,1.5707963267948966,1,0.9993989676902532,1.0000288713790972,0.9999980051713865,0.999654062220409,1.000037784864864,0.9997761538797695,2.000601032309747,0.9999711286209026,1.0000019948286134,2.000345937779591,0.9999622151351361,1.0002238461202304
2025-11-05 16:52:14.993570,0.9961344599723816,0.9533205032348633,0.981370210647583,1.9993155002593994,1.0011893510818481,1.00234055519104,1.4977249801158905,0.9772549271583557,0.9918553829193115,1.549895522228883,0.04767049302671624,1.549895522228883,1.549895522228883,1.0045413787076232,1.5,1.0,1.0,1.5707963267948966,0,1.5707963267948966,1.5707963267948966,1,0.9993172291463188,1.000090071007178,1.000022029663459,0.999654062220409,1.000037784864864,0.9997761538797695,2.000682770853681,0.999909928992822,0.9999779703365411,2.000345937779591,0.9999622151351361,1.0002238461202304
2025-11-05 16:52:15.100682,1.0004483461380005,0.9518160820007324,0.98066246509552,2.0067710876464844,1.0016506910324097,1.0056488513946533,1.5036097168922424,0.976733386516571,0.9931556582450867,1.545972030896827,0.04946585443916285,1.545972030896827,1.545972030896827,1.007865699304615,1.5,1.0,1.0,1.5707963267948966,0,1.5707963267948966,1.5707963267948966,1,0.9992231473127459,1.0001741359844902,1.0000643402049267,0.999654062220409,1.000037784864864,0.9997761538797695,2.0007768526872542,0.9998258640155099,0.9999356597950733,2.000345937779591,0.9999622151351361,1.0002238461202304
2025-11-05 16:52:15.200844,1.0041913986206055,0.9505386352539062,0.9800874590873718,2.01322603225708,1.0019681453704834,1.009385347366333,1.5087087154388428,0.9762533903121948,0.9947364032268524,1.5417689196730822,0.05090353996510183,1.5417689196730822,1.5417689196730822,1.0107691391442124,1.5,1.0,1.0,1.5707963267948966,0,1.5707963267948966,1.5707963267948966,1,0.9991243711934197,1.000251761022282,1.0001139704031312,0.9996498208655451,1.0000370618697125,0.999785694118224,2.0008756288065803,0.999748238977718,0.9998860295968687,2.000350179134455,0.9999629381302875,1.0002143058817758
2025-11-05 16:52:15.301169,1.0074340105056763,0.9500322937965393,0.9798983335494995,2.019331455230713,1.002593755722046,1.0133657455444336,1.5133827328681946,0.9763130247592926,0.9966320395469666,1.5377344616650679,0.05186851580766621,1.5377344616650679,1.5377344616650679,1.0138141908586817,1.5,1.0,1.0,1.5707963267948966,0,1.5707963267948966,1.5707963267948966,1,0.9990296692230382,1.0003345278815798,1.0001768553963295,0.9996498208655451,1.0000370618697125,0.999785694118224,2.000970330776962,0.9996654721184202,0.9998231446036705,2.000350179134455,0.9999629381302875,1.0002143058817758
2025-11-05 16:52:15.401230,1.009756326675415,0.949467122554779,0.9802651405334473,2.0249578952789307,1.0029348134994507,1.0174663066864014,1.5173571109771729,0.9762009680271149,0.9988657236099243,1.5341685973170436,0.0525832262196418,1.5341685973170436,1.5341685973170436,1.0172890177492004,1.5,1.0,1.0,1.5707963267948966,0,1.5707963267948966,1.5707963267948966,1,0.9989398801749134,1.0004297025215199,1.0002563235473627,0.9996498208655451,1.0000370618697125,0.999785694118224,2.0010601198250866,0.9995702974784801,0.9997436764526373,2.000350179134455,0.9999629381302875,1.0002143058817758
2025-11-05 16:52:15.502356,1.0118508338928223,0.9490739703178406,0.9809442758560181,2.029916286468506,1.0031875371932983,1.0215321779251099,1.520883560180664,0.9761307537555695,1.001238226890564,1.530949754500042,0.05306128229852942,1.530949754500042,1.530949754500042,1.0203102085358582,1.5,1.0,1.0,1.5707963267948966,0,1.5707963267948966,1.5707963267948966,1,0.9988568635973716,1.000513192482077,1.0003360366665022,0.9996498208655451,1.0000370618697125,0.999785694118224,2.0011431364026286,0.9994868075179231,0.9996639633334979,2.000350179134455,0.9999629381302875,1.0002143058817758
2025-11-05 16:52:15.602971,1.0136785507202148,0.949017345905304,0.9814305305480957,2.034372329711914,1.0033760070800781,1.0254055261611938,1.5240254402160645,0.976196676492691,1.0034180283546448,1.5277395175531525,0.05315709806828045,1.5277395175531525,1.5277395175531525,1.0230857514188347,1.5,1.0,1.0,1.5707963267948966,0,1.5707963267948966,1.5707963267948966,1,0.9987788521717894,1.000587692023449,1.0004203667579845,0.9996498208655451,1.0000370618697125,0.999785694118224,2.0012211478282107,0.9994123079765509,0.9995796332420155,2.000350179134455,0.9999629381302875,1.0002143058817758
2025-11-05 16:52:15.704105,1.0150259733200073,0.9492204785346985,0.9821659326553345,2.0384275913238525,1.0034164190292358,1.0291872024536133,1.52672678232193,0.9763184487819672,1.0056765675544739,1.5248825595231115,0.052851595268265446,1.5248825595231115,1.5248825595231115,1.025913773916901,1.5,1.0,1.0,1.5707963267948966,0,1.5707963267948966,1.5707963267948966,1,0.9987142269373908,1.0006592378463859,1.0005116038154838,0.9996449994684817,1.0000330073403054,0.9997967710488265,2.0012857730626092,0.999340762153614,0.9994883961845162,2.0003550005315183,0.9999669926596947,1.0002032289511735
2025-11-05 16:52:15.810728,1.0157517194747925,0.9493453502655029,0.983206570148468,2.0423309803009033,1.0028945207595825,1.033039927482605,1.529041349887848,0.9761199355125427,1.0081232488155365,1.5222912853680197,0.052054305897851594,1.5222912853680197,1.5222912853680197,1.029182129616561,1.5,1.0,1.0,1.5707963267948966,0,1.5707963267948966,1.5707963267948966,1,0.9986638548810718,1.0007349971600994,1.0006193840177142,0.9996449994684817,1.0000330073403054,0.9997967710488265,2.001336145118928,0.9992650028399006,0.9993806159822859,2.0003550005315183,0.9999669926596947,1.0002032289511735
2025-11-05 16:52:15.911210,1.015613317489624,0.949500322341919,0.9840136766433716,2.0454261302948,1.002826452255249,1.0362008810043335,1.530519723892212,0.976163387298584,1.0101072788238525,1.5201632423330071,0.05166995735986956,1.5201632423330071,1.5201632423330071,1.0325122807251517,1.5,1.0,1.0,1.5707963267948966,0,1.5707963267948966,1.5707963267948966,1,0.9986101194539271,1.0008158479430502,1.0007296198693225,0.9996449994684817,1.0000330073403054,0.9997967710488265,2.001389880546073,0.9991841520569499,0.9992703801306775,2.0003550005315183,0.9999669926596947,1.0002032289511735
2025-11-05 16:52:16.011253,1.0143643617630005,0.9497935175895691,0.9845180511474609,2.0481345653533936,1.0024065971374512,1.0391534566879272,1.531249463558197,0.9761000573635101,1.011835753917694,1.5179948227190276,0.050779744544822224,1.5179948227190276,1.5179948227190276,1.0365490810904257,1.5,1.0,1.0,1.5707963267948966,0,1.5707963267948966,1.5707963267948966,1,0.998564053219427,1.0009049626593978,1.0008673381816457,0.9996449994684817,1.0000330073403054,0.9997967710488265,2.001435946780573,0.9990950373406023,0.9991326618183541,2.0003550005315183,0.9999669926596947,1.0002032289511735
2025-11-05 16:52:16.111942,1.0129296779632568,0.9495251178741455,0.9847450256347656,2.0505452156066895,1.0017646551132202,1.041434407234192,1.5317374467849731,0.9756448864936829,1.0130897164344788,1.5162163053823483,0.050228500555480844,1.5162163053823483,1.5162163053823483,1.0404752083524853,1.5,1.0,1.0,1.5707963267948966,0,1.5707963267948966,1.5707963267948966,1,0.9985171567832892,1.0009941075730302,1.0010029054090346,0.9996471682037846,1.000028667190838,0.9998138269172485,2.001482843216711,0.9990058924269699,0.9989970945909655,2.0003528317962154,0.9999713328091618,1.0001861730827515
2025-11-05 16:52:16.212839,1.0106825828552246,0.9493240118026733,0.9846669435501099,2.05267071723938,1.0007404088974,1.0429260730743408,1.5316766500473022,0.9750322103500366,1.0137965083122253,1.5149429698106427,0.049227761228540834,1.5149429698106427,1.5149429698106427,1.044881354154861,1.5,1.0,1.0,1.5707963267948966,0,1.5707963267948966,1.5707963267948966,1,0.9984939053302629,1.0010834879592918,1.0011502719514918,0.9996471682037846,1.000028667190838,0.9998138269172485,2.001506094669737,0.9989165120407082,0.9988497280485082,2.0003528317962154,0.9999713328091618,1.0001861730827515
2025-11-05 16:52:16.313070,1.0086190700531006,0.9486594200134277,0.9846941828727722,2.0544638633728027,0.999317467212677,1.043913722038269,1.5315414667129517,0.9739884436130524,1.0143039524555206,1.514233086817295,0.04832233111642958,1.514233086817295,1.514233086817295,1.0487442601887964,1.5,1.0,1.0,1.5707963267948966,0,1.5707963267948966,1.5707963267948966,1,0.9984855271975434,1.0011575419602847,1.0012754446645773,0.9996471682037846,1.000028667190838,0.9998138269172485,2.0015144728024565,0.9988424580397153,0.9987245553354227,2.0003528317962154,0.9999713328091618,1.0001861730827515
2025-11-05 16:52:16.413282,1.0067088603973389,0.9469427466392517,0.9844084978103638,2.0561604499816895,0.9976791739463806,1.0441958904266357,1.5314346551895142,0.9723109602928162,1.0143021941184998,1.5138877118795526,0.04822996171562491,1.5138877118795526,1.5138877118795526,1.0523770029095392,1.5,1.0,1.0,1.5707963267948966,0,1.5707963267948966,1.5707963267948966,1,0.9984671713358252,1.0012429078367722,1.0013859462480077,0.9996471682037846,1.000028667190838,0.9998138269172485,2.0015328286641747,0.9987570921632279,0.9986140537519923,2.0003528317962154,0.9999713328091618,1.0001861730827515
2025-11-05 16:52:16.513549,1.005099892616272,0.9446991682052612,0.983942985534668,2.0571019649505615,0.9963703155517578,1.0439847707748413,1.5311009287834167,0.9705347418785095,1.0139638781547546,1.5137843492212772,0.04899791202275594,1.5137843492212772,1.5137843492212772,1.054980229027336,1.5,1.0,1.0,1.5707963267948966,0,1.5707963267948966,1.5707963267948966,1,0.998436092242506,1.0013257406967235,1.0014598718553422,0.999645399569909,1.0000263038274368,0.9998321543285914,2.001563907757494,0.9986742593032765,0.9985401281446578,2.000354600430091,0.9999736961725632,1.0001678456714085
2025-11-05 16:52:16.614110,1.0035903453826904,0.9423896074295044,0.9834476709365845,2.0576765537261963,0.9944442510604858,1.0435314178466797,1.5306334495544434,0.9684169292449951,1.013489544391632,1.5138571500037383,0.04926374550834664,1.5138571500037383,1.5138571500037383,1.0570796929211599,1.5,1.0,1.0,1.5707963267948966,0,1.5707963267948966,1.5707963267948966,1,0.998425236934448,1.001384352315216,1.0015167458462304,0.999645399569909,1.0000263038274368,0.9998321543285914,2.0015747630655523,0.9986156476847842,0.9984832541537695,2.000354600430091,0.9999736961725632,1.0001678456714085
2025-11-05 16:52:16.720775,1.002955436706543,0.9399951100349426,0.9830554723739624,2.057900905609131,0.9932621121406555,1.0430248975753784,1.530428171157837,0.9666286110877991,1.0130401849746704,1.5140114450036244,0.05036863543685664,1.5140114450036244,1.5140114450036244,1.05799038172869,1.5,1.0,1.0,1.5707963267948966,0,1.5707963267948966,1.5707963267948966,1,0.9983969985922632,1.0014373038809865,1.0015351454432166,0.999645399569909,1.0000263038274368,0.9998321543285914,2.001603001407737,0.9985626961190135,0.9984648545567835,2.000354600430091,0.9999736961725632,1.0001678456714085
2025-11-05 16:52:16.821151,1.0024840831756592,0.9383171200752258,0.9832615256309509,2.057920455932617,0.9924159049987793,1.0421171188354492,1.5302022695541382,0.9653665125370026,1.0126893222332,1.5150897948329298,0.05113314637216549,1.5150897948329298,1.5150897948329298,1.0584595392928455,1.5,1.0,1.0,1.5707963267948966,0,1.5707963267948966,1.5707963267948966,1,0.9984078018256743,1.0014703803286933,1.0015178643839093,0.999645399569909,1.0000263038274368,0.9998321543285914,2.0015921981743254,0.9985296196713066,0.9984821356160906,2.000354600430091,0.9999736961725632,1.0001678456714085
2025-11-05 16:52:16.921696,1.0023987293243408,0.9373260140419006,0.9838623404502869,2.057469129562378,0.9911726117134094,1.0412694215774536,1.5299339294433594,0.964249312877655,1.0125658810138702,1.5164392621649618,0.05091659806868791,1.5164392621649618,1.5164392621649618,1.058002163751469,1.5,1.0,1.0,1.5707963267948966,0,1.5707963267948966,1.5707963267948966,1,0.9984564603900409,1.0014527282429304,1.0014708416185916,0.9996295556896237,1.0000240813479517,0.9998547694012265,2.0015435396099592,0.9985472717570695,0.9985291583814085,2.0003704443103763,0.9999759186520482,1.0001452305987735
2025-11-05 16:52:17.022182,1.002502202987671,0.9363951683044434,0.9848020672798157,2.0568578243255615,0.9909770488739014,1.0402946472167969,1.5296800136566162,0.9636861085891724,1.0125483572483063,1.5182130960569848,0.0516504665585529,1.5182130960569848,1.5182130960569848,1.0572248504274624,1.5,1.0,1.0,1.5707963267948966,0,1.5707963267948966,1.5707963267948966,1,0.9984903315051106,1.0014529151330958,1.0014021708663334,0.9996295556896237,1.0000240813479517,0.9998547694012265,2.0015096684948896,0.9985470848669041,0.9985978291336666,2.0003704443103763,0.9999759186520482,1.0001452305987735
2025-11-05 16:52:17.122433,1.002519965171814,0.9359927177429199,0.9862072467803955,2.0558691024780273,0.9911950826644897,1.039237380027771,1.5291945338249207,0.9635939002037048,1.0127223134040833,1.5204944877522735,0.05229251774376486,1.5204944877522735,1.5204944877522735,1.05612683953629,1.5,1.0,1.0,1.5707963267948966,0,1.5707963267948966,1.5707963267948966,1,0.9985397756612163,1.001441675015927,1.001314178522621,0.9996295556896237,1.0000240813479517,0.9998547694012265,2.001460224338784,0.998558324984073,0.998685821477379,2.0003704443103763,0.9999759186520482,1.0001452305987735
2025-11-05 16:52:17.222967,1.0022262334823608,0.9358648061752319,0.9871993660926819,2.0543203353881836,0.9911801218986511,1.0383496284484863,1.5282732844352722,0.9635224640369415,1.012774497270584,1.5222170043107202,0.05246617469433077,1.5222170043107202,1.5222170043107202,1.054788193315449,1.5,1.0,1.0,1.5707963267948966,0,1.5707963267948966,1.5707963267948966,1,0.9985852748265017,1.0014112217606113,1.0012378456313245,0.9996295556896237,1.0000240813479517,0.9998547694012265,2.001414725173498,0.9985887782393886,0.9987621543686755,2.0003704443103763,0.9999759186520482,1.0001452305987735
2025-11-05 16:52:17.323862,1.002097725868225,0.9357905983924866,0.9879902005195618,2.0527119636535645,0.9907278418540955,1.0372902154922485,1.5274048447608948,0.963259220123291,1.0126402080059052,1.5239057788311456,0.0521856942040179,1.5239057788311456,1.5239057788311456,1.0532040964754823,1.5,1.0,1.0,1.5707963267948966,0,1.5707963267948966,1.5707963267948966,1,0.9986417683154952,1.0013626762726728,1.0011599696827893,0.9996295556896237,1.0000240813479517,0.9998547694012265,2.0013582316845047,0.9986373237273272,0.9988400303172108,2.0003704443103763,0.9999759186520482,1.0001452305987735
2025-11-05 16:52:17.436036,1.0020179748535156,0.9356634616851807,0.9888896346092224,2.0503804683685303,0.9900175333023071,1.0361831188201904,1.526199221611023,0.9628404974937439,1.0125363767147064,1.5257151246859324,0.05174772344578003,1.5257151246859324,1.5257151246859324,1.0508353613003285,1.5,1.0,1.0,1.5707963267948966,0,1.5707963267948966,1.5707963267948966,1,0.9987056755278276,1.0012904573626,1.0010645383257673,0.9996140776879469,1.0000177936287225,0.9998878645851574,2.0012943244721724,0.9987095426374,0.9989354616742329,2.000385922312053,0.9999822063712775,1.0001121354148426
2025-11-05 16:52:17.536588,1.0016074180603027,0.9360734820365906,0.9895729422569275,2.047212600708008,0.9886683225631714,1.034939169883728,1.5244100093841553,0.962370902299881,1.0122560560703278,1.527435990105835,0.05021134234612428,1.527435990105835,1.527435990105835,1.0479095904890097,1.5,1.0,1.0,1.5707963267948966,0,1.5707963267948966,1.5707963267948966,1,0.9987967909398353,1.0011801931927224,1.0009656001390097,0.9996140776879469,1.0000177936287225,0.9998878645851574,2.0012032090601646,0.9988198068072776,0.9990343998609904,2.000385922312053,0.9999822063712775,1.0001121354148426
2025-11-05 16:52:17.640712,1.0003783702850342,0.9363398551940918,0.9905664324760437,2.043384075164795,0.9875707626342773,1.0329701900482178,1.5218812227249146,0.9619553089141846,1.0117683112621307,1.5301633579968335,0.0490386406799266,1.5301633579968335,1.5301633579968335,1.045123717530662,1.5,1.0,1.0,1.5707963267948966,0,1.5707963267948966,1.5707963267948966,1,0.9988966777403309,1.0010854229540085,1.0008527046866837,0.9996082158526471,1.0000174583068742,0.9999066985740063,2.0011033222596692,0.9989145770459914,0.9991472953133161,2.000391784147353,0.9999825416931258,1.0000933014259938
2025-11-05 16:52:17.746137,0.9981797337532043,0.9372978210449219,0.9913713932037354,2.039091110229492,0.9860352277755737,1.030720829963684,1.5186354219913483,0.9616665244102478,1.0110461115837097,1.533011449514071,0.046754342596593466,1.533011449514071,1.533011449514071,1.0427944220535101,1.5,1.0,1.0,1.5707963267948966,0,1.5707963267948966,1.5707963267948966,1,0.9990209480696539,1.0009822891017992,1.0007550115786124,0.9996082158526471,1.0000174583068742,0.9999066985740063,2.0009790519303463,0.9990177108982008,0.9992449884213876,2.000391784147353,0.9999825416931258,1.0000933014259938
2025-11-05 16:52:17.846929,0.9952539801597595,0.9386966228485107,0.9919254183769226,2.034512996673584,0.984639048576355,1.027896523475647,1.5148834884166718,0.9616678357124329,1.0099109709262848,1.5361978770545592,0.044151737879235924,1.5361978770545592,1.5361978770545592,1.0408957345906762,1.5,1.0,1.0,1.5707963267948966,0,1.5707963267948966,1.5707963267948966,1,0.999150322315429,1.0008875871364034,1.0006643735364322,0.9996042771818034,1.0000106846367296,0.9999270832487374,2.000849677684571,0.9991124128635966,0.9993356264635677,2.0003957228181966,0.9999893153632705,1.0000729167512628
2025-11-05 16:52:17.950823,0.9906518459320068,0.9404422044754028,0.9927514791488647,2.0294039249420166,0.9831953644752502,1.0242365598678589,1.5100278854370117,0.9618187844753265,1.0084940195083618,1.5404951176643886,0.041116115784177926,1.5404951176643886,1.5404951176643886,1.0401081792993803,1.5,1.0,1.0,1.5707963267948966,0,1.5707963267948966,1.5707963267948966,1,0.9992963670029322,1.0008122666610144,1.0005756100014414,0.9996042771818034,1.0000106846367296,0.9999270832487374,2.0007036329970678,0.9991877333389857,0.9994243899985586,2.0003957228181966,0.9999893153632705,1.0000729167512628
2025-11-05 16:52:18.051169,0.9864534139633179,0.9414218664169312,0.9932268261909485,2.0251054763793945,0.9820576310157776,1.0208598375320435,1.5057794451713562,0.9617397487163544,1.007043331861496,1.5441979157637438,0.03908979764196068,1.5441979157637438,1.5441979157637438,1.0398139042355028,1.5,1.0,1.0,1.5707963267948966,0,1.5707963267948966,1.5707963267948966,1,0.9993972396918728,1.0007676108601797,1.0005046454429398,0.9996042771818034,1.0000106846367296,0.9999270832487374,2.0006027603081273,0.9992323891398203,0.9994953545570602,2.0003957228181966,0.9999893153632705,1.0000729167512628
2025-11-05 16:52:18.152082,0.9814272522926331,0.9419971704483032,0.9939513206481934,2.02030086517334,0.9811925888061523,1.016654133796692,1.5008640587329865,0.9615948796272278,1.0053027272224426,1.5489465080417797,0.03770188546144031,1.5489465080417797,1.5489465080417797,1.039860607045442,1.5,1.0,1.0,1.5707963267948966,0,1.5707963267948966,1.5707963267948966,1,0.9994878596378838,1.000741945535427,1.0004171800298214,0.9996042771818034,1.0000106846367296,0.9999270832487374,2.000512140362116,0.9992580544645732,0.9995828199701785,2.0003957228181966,0.9999893153632705,1.0000729167512628
2025-11-05 16:52:18.259427,0.9751899838447571,0.942126989364624,0.9947187304496765,2.0150880813598633,0.9804595708847046,1.0116912126541138,1.4951390326023102,0.9612932801246643,1.0032049715518951,1.5544764821712946,0.03684027889659074,1.5544764821712946,1.5544764821712946,1.0407427660924244,1.5,1.0,1.0,1.5707963267948966,0,1.5707963267948966,1.5707963267948966,1,0.9995613092338915,1.0007416460295542,1.000319941270944,0.9995882874599693,1.0000044049551513,0.999971337439745,2.0004386907661083,0.9992583539704458,0.9996800587290559,2.0004117125400307,0.9999955950448487,1.000028662560255
2025-11-05 16:52:18.359477,0.9695056080818176,0.9420059323310852,0.9957713484764099,2.0106465816497803,0.9798952341079712,1.0067617893218994,1.490076094865799,0.9609505832195282,1.0012665688991547,1.5602405683321081,0.03637401780324169,1.5602405683321081,1.5602405683321081,1.041888149381287,1.5,1.0,1.0,1.5707963267948966,0,1.5707963267948966,1.5707963267948966,1,0.9996115072526488,1.0007532964017634,1.0002134523881419,0.9995882874599693,1.0000044049551513,0.999971337439745,2.0003884927473514,0.9992467035982365,0.999786547611858,2.0004117125400307,0.9999955950448487,1.000028662560255
2025-11-05 16:52:18.461260,0.9640404582023621,0.9418657422065735,0.9966171383857727,2.006741523742676,0.9798925518989563,1.0018253326416016,1.485390990972519,0.9608791470527649,0.9992212355136871,1.565801461904697,0.03645291232423905,1.565801461904697,1.565801461904697,1.043407243420177,1.5,1.0,1.0,1.5707963267948966,0,1.5707963267948966,1.5707963267948966,1,0.999632307484434,1.000782562502535,1.0001048506367072,0.9995882874599693,1.0000044049551513,0.999971337439745,2.000367692515566,0.9992174374974648,0.9998951493632929,2.0004117125400307,0.9999955950448487,1.000028662560255
2025-11-05 16:52:18.562108,0.9595474600791931,0.9404308795928955,0.9985859394073486,2.00325870513916,0.9796714782714844,0.9969911575317383,1.4814030826091766,0.9600511789321899,0.9977885484695435,1.5723243170719174,0.03757943521026621,1.5723243170719174,1.5723243170719174,1.044449870016992,1.5,1.0,1.0,1.5707963267948966,0,1.5707963267948966,1.5707963267948966,1,0.9996150579043779,1.0008257670489693,0.9999671917423805,0.9995882874599693,1.0000044049551513,0.999971337439745,2.000384942095622,0.9991742329510307,1.0000328082576195,2.0004117125400307,0.9999955950448487,1.000028662560255
2025-11-05 16:52:18.663423,0.9559424519538879,0.9400109648704529,1.0002493858337402,1.9996598958969116,0.9796448349952698,0.9919570088386536,1.4778011739253998,0.9598278999328613,0.9961031973361969,1.5787411997756826,0.037954320877995606,1.5787411997756826,1.5787411997756826,1.0445026136722964,1.5,1.0,1.0,1.5707963267948966,0,1.5707963267948966,1.5707963267948966,1,0.9995908026772858,1.0008348139446621,0.9998294081859799,0.9995735744113121,0.9999991963338575,1.000019961920524,2.000409197322714,0.9991651860553379,1.00017059181402,2.000426425588688,1.0000008036661425,0.9999800380794761
2025-11-05 16:52:18.764032,0.9538326859474182,0.937972366809845,1.0032330751419067,1.9969505071640015,0.9798641204833984,0.9881179332733154,1.4753915965557098,0.9589182436466217,0.9956755042076111,1.5852856623085787,0.040134357630601435,1.5852856623085787,1.5852856623085787,1.044068089484199,1.5,1.0,1.0,1.5707963267948966,0,1.5707963267948966,1.5707963267948966,1,0.9995050143923416,1.0008728373301476,0.9996937184979767,0.9995735744113121,0.9999991963338575,1.000019961920524,2.0004949856076584,0.9991271626698522,1.0003062815020234,2.000426425588688,1.0000008036661425,0.9999800380794761
2025-11-05 16:52:18.864682,0.953482449054718,0.9355805516242981,1.0066776275634766,1.993712067604065,0.9797270894050598,0.9839271903038025,1.4735972583293915,0.957653820514679,0.9953024089336395,1.5926634324261117,0.04240364461762783,1.5926634324261117,1.5926634324261117,1.0414144988912217,1.5,1.0,1.0,1.5707963267948966,0,1.5707963267948966,1.5707963267948966,1,0.9993843738940008,1.0008645683936694,0.999569914322599,0.9995735744113121,0.9999991963338575,1.000019961920524,2.0006156261059993,0.9991354316063306,1.0004300856774009,2.000426425588688,1.0000008036661425,0.9999800380794761
2025-11-05 16:52:18.970889,0.9550291299819946,0.9336106777191162,1.0109457969665527,1.9903934001922607,0.9795212149620056,0.9797556400299072,1.4727112650871277,0.9565659463405609,0.99535071849823,1.6009120337967089,0.04429330477895691,1.6009120337967089,1.6009120337967089,1.0368508934980478,1.5,1.0,1.0,1.5707963267948966,0,1.5707963267948966,1.5707963267948966,1,0.9992309330009868,1.0008008431760114,0.9994810635977187,0.9995735744113121,0.9999991963338575,1.000019961920524,2.0007690669990135,0.9991991568239886,1.0005189364022813,2.000426425588688,1.0000008036661425,0.9999800380794761
2025-11-05 16:52:19.071603,0.9580151438713074,0.9330145716667175,1.0147465467453003,1.9875227212905884,0.9791831970214844,0.9765076041221619,1.4727689325809479,0.956098884344101,0.9956270754337311,1.607922204456739,0.044784480770890304,1.607922204456739,1.607922204456739,1.0312514778965416,1.5,1.0,1.0,1.5707963267948966,0,1.5707963267948966,1.5707963267948966,1,0.9991025925727304,1.000684121627433,0.9994677532571292,0.9995479945780317,0.9999936785244165,1.0000830192572239,2.0008974074272694,0.9993158783725671,1.0005322467428708,2.0004520054219683,1.0000063214755834,0.9999169807427762
2025-11-05 16:52:19.172698,0.9623226523399353,0.932622492313385,1.019023060798645,1.9852197170257568,0.9796996712684631,0.9739739298820496,1.473771184682846,0.9561610817909241,0.9964984953403473,1.614808613826607,0.04594645087505998,1.614808613826607,1.614808613826607,1.0249702873340176,1.5,1.0,1.0,1.5707963267948966,0,1.5707963267948966,1.5707963267948966,1,0.998939532474832,1.0005568799741802,0.9995133878069601,0.9995479945780317,0.9999936785244165,1.0000830192572239,2.0010604675251678,0.9994431200258198,1.0004866121930398,2.0004520054219683,1.0000063214755834,0.9999169807427762
2025-11-05 16:52:19.273022,0.9674548506736755,0.9331355094909668,1.0224475860595703,1.9834033250808716,0.9805155992507935,0.9718981385231018,1.4754290878772736,0.9568255543708801,0.9971728622913361,1.6205112448188395,0.04654504954770406,1.6205112448188395,1.6205112448188395,1.0183081175175814,1.5,1.0,1.0,1.5707963267948966,0,1.5707963267948966,1.5707963267948966,1,0.9988007868263611,1.000408812119075,0.9996212088342946,0.9995479945780317,0.9999936785244165,1.0000830192572239,2.001199213173639,0.9995911878809249,1.0003787911657054,2.0004520054219683,1.0000063214755834,0.9999169807427762
2025-11-05 16:52:19.373864,0.9732953906059265,0.9332838654518127,1.0266404151916504,1.9819457530975342,0.9823476672172546,0.9705685377120972,1.4776205718517303,0.9578157663345337,0.9986044764518738,1.6263301625902098,0.048529899218663006,1.6263301625902098,1.6263301625902098,1.0113984703578567,1.5,1.0,1.0,1.5707963267948966,0,1.5707963267948966,1.5707963267948966,1,0.9986129297671062,1.0002572129532936,0.999778942398749,0.9995479945780317,0.9999936785244165,1.0000830192572239,2.0013870702328935,0.9997427870467065,1.000221057601251,2.0004520054219683,1.0000063214755834,0.9999169807427762
2025-11-05 16:52:19.474758,0.9796552062034607,0.9328330159187317,1.030504584312439,1.9811067581176758,0.984523355960846,0.96976637840271,1.4803809821605682,0.9586781859397888,1.0001354813575745,1.6313722934730888,0.05147523362435066,1.6313722934730888,1.6313722934730888,1.0046224324303095,1.5,1.0,1.0,1.5707963267948966,0,1.5707963267948966,1.5707963267948966,1,0.9984105615990423,1.00009608651602,0.9999779619671467,0.9995203372821068,0.9999887763943922,1.000159937001192,2.001589438400958,0.9999039134839799,1.0000220380328533,2.0004796627178933,1.0000112236056078,0.999840062998808
2025-11-05 16:52:19.580485,0.9869828224182129,0.9318481087684631,1.0338237285614014,1.9804295301437378,0.9864224195480347,0.9693266749382019,1.4837061762809753,0.9591352641582489,1.0015752017498016,1.6356278519252407,0.05476409035425729,1.6356278519252407,1.6356278519252407,0.9970328913400117,1.5,1.0,1.0,1.5707963267948966,0,1.5707963267948966,1.5707963267948966,1,0.9982164899031162,0.9998915106253328,1.0002379773894676,0.9995203372821068,0.9999887763943922,1.000159937001192,2.001783510096884,1.0001084893746672,0.9997620226105324,2.0004796627178933,1.0000112236056078,0.999840062998808
2025-11-05 16:52:19.680833,0.9937300682067871,0.9310099482536316,1.0364503860473633,1.9802460670471191,0.9876521229743958,0.969384491443634,1.4869880676269531,0.9593310356140137,1.0029174387454987,1.6386744578342112,0.057221620964401615,1.6386744578342112,1.6386744578342112,0.9904140478325386,1.5,1.0,1.0,1.5707963267948966,0,1.5707963267948966,1.5707963267948966,1,0.9980748881910867,0.9996949703250616,1.0004859899819958,0.9995203372821068,0.9999887763943922,1.000159937001192,2.001925111808913,1.0003050296749385,0.9995140100180043,2.0004796627178933,1.0000112236056078,0.999840062998808
2025-11-05 16:52:19.781105,1.0002096891403198,0.9300927519798279,1.0386781692504883,1.9803014993667603,0.9881397485733032,0.9697352051734924,1.49025559425354,0.9591162502765656,1.0042066872119904,1.6410240192203807,0.05901149601325617,1.6410240192203807,1.6410240192203807,0.9842268755638538,1.5,1.0,1.0,1.5707963267948966,0,1.5707963267948966,1.5707963267948966,1,0.9979713158257377,0.9995011743500959,1.0007293070996974,0.9995203372821068,0.9999887763943922,1.000159937001192,2.0020286841742623,1.0004988256499041,0.9992706929003025,2.0004796627178933,1.0000112236056078,0.999840062998808
2025-11-05 16:52:19.881151,1.0060045719146729,0.9289206862449646,1.0403214693069458,1.9806009531021118,0.9883123636245728,0.9703105092048645,1.4933027625083923,0.9586165249347687,1.0053159892559052,1.6425089916637003,0.06070844674285938,1.6425089916637003,1.6425089916637003,0.9789111359566968,1.5,1.0,1.0,1.5707963267948966,0,1.5707963267948966,1.5707963267948966,1,0.9978953632833769,0.9993237665849704,1.0009433297297847,0.9994833626699956,0.9999828678247985,1.0002468846822352,2.002104636716623,1.0006762334150296,0.9990566702702152,2.0005166373300045,1.0000171321752016,0.9997531153177647
2025-11-05 16:52:19.981763,1.0110595226287842,0.9286500811576843,1.0404903888702393,1.9813477993011475,0.9879084229469299,0.9710501432418823,1.4962036609649658,0.9582792520523071,1.0057702660560608,1.6422411311189604,0.06084193576438339,1.6422411311189604,1.6422411311189604,0.9745731571474572,1.5,1.0,1.0,1.5707963267948966,0,1.5707963267948966,1.5707963267948966,1,0.9979196673626176,0.9991903990978286,1.001093634681948,0.9994833626699956,0.9999828678247985,1.0002468846822352,2.0020803326373824,1.0008096009021714,0.998906365318052,2.0005166373300045,1.0000171321752016,0.9997531153177647
2025-11-05 16:52:20.082345,1.0152833461761475,0.9277374744415283,1.0407803058624268,1.982609510421753,0.9875923991203308,0.9720354080200195,1.4989464282989502,0.9576649367809296,1.0064078569412231,1.6417439736192605,0.06164281161563958,1.6417439736192605,1.6417439736192605,0.9716112293617155,1.5,1.0,1.0,1.5707963267948966,0,1.5707963267948966,1.5707963267948966,1,0.9979263173490385,0.99908765611457,1.001192769230411,0.9994833626699956,0.9999828678247985,1.0002468846822352,2.0020736826509618,1.0009123438854302,0.998807230769589,2.0005166373300045,1.0000171321752016,0.9997531153177647
2025-11-05 16:52:20.183434,1.0183908939361572,0.9276740550994873,1.0406056642532349,1.9840798377990723,0.9873768091201782,0.9734216928482056,1.5012353658676147,0.9575254321098328,1.0070136785507202,1.640255434229817,0.06159690207295757,1.640255434229817,1.640255434229817,0.9698624856908732,1.5,1.0,1.0,1.5707963267948966,0,1.5707963267948966,1.5707963267948966,1,0.997984027368503,0.9990346347129575,1.0012254926974085,0.9994833626699956,0.9999828678247985,1.0002468846822352,2.002015972631497,1.0009653652870425,0.9987745073025915,2.0005166373300045,1.0000171321752016,0.9997531153177647
2025-11-05 16:52:20.283967,1.0208852291107178,0.9277966022491455,1.040203332901001,1.9858227968215942,0.9866846799850464,0.9750666618347168,1.503354012966156,0.957240641117096,1.0076349973678589,1.638197582854039,0.06081421069983992,1.638197582854039,1.638197582854039,0.9689247138951556,1.5,1.0,1.0,1.5707963267948966,0,1.5707963267948966,1.5707963267948966,1,0.9980758139049435,0.9990193655791266,1.0012144612927067,0.99945741122822,0.9999876610243982,1.0003494340975105,2.0019241860950565,1.0009806344208734,0.9987855387072933,2.00054258877178,1.0000123389756017,0.9996505659024896
2025-11-05 16:52:20.391035,1.0224086046218872,0.927695095539093,1.0394539833068848,1.987655520439148,0.9866916537284851,0.9771208167076111,1.5050320625305176,0.9571933746337891,1.008287400007248,1.6352842143570732,0.06091817550571401,1.6352842143570732,1.6352842143570732,0.9690550170301071,1.5,1.0,1.0,1.5707963267948966,0,1.5707963267948966,1.5707963267948966,1,0.9981617397321938,0.999021528275633,1.0011542665382795,0.99945741122822,0.9999876610243982,1.0003494340975105,2.001838260267806,1.000978471724367,0.9988457334617205,2.00054258877178,1.0000123389756017,0.9996505659024896
2025-11-05 16:52:20.491403,1.0233583450317383,0.9277609586715698,1.0386675596237183,1.9894707202911377,0.9867115020751953,0.979424774646759,1.506414532661438,0.9572362303733826,1.0090461671352386,1.6320404406943811,0.06082877352797928,1.6320404406943811,1.6320404406943811,0.9697205761294165,1.5,1.0,1.0,1.5707963267948966,0,1.5707963267948966,1.5707963267948966,1,0.9982567141951676,0.9990432745362625,1.0010717078779332,0.99945741122822,0.9999876610243982,1.0003494340975105,2.0017432858048325,1.0009567254637375,0.9989282921220667,2.00054258877178,1.0000123389756017,0.9996505659024896
2025-11-05 16:52:20.592037,1.0238194465637207,0.9280660152435303,1.0377717018127441,1.9909759759902954,0.9872875213623047,0.9815292954444885,1.507397711277008,0.9576767683029175,1.0096504986286163,1.6288832390891974,0.0610533517293521,1.6288832390891974,1.6288832390891974,0.9705988602267802,1.5,1.0,1.0,1.5707963267948966,0,1.5707963267948966,1.5707963267948966,1,0.9983350419729382,0.9990662377949746,1.0009884279933967,0.99945741122822,0.9999876610243982,1.0003494340975105,2.001664958027062,1.0009337622050254,0.9990115720066033,2.00054258877178,1.0000123389756017,0.9996505659024896
2025-11-05 16:52:20.692841,1.023595929145813,0.9282249808311462,1.0369277000427246,1.9923758506774902,0.9880898594856262,0.9835970401763916,1.5079858899116516,0.9581574201583862,1.010262370109558,1.6257901235147565,0.06162255696379444,1.6257901235147565,1.6257901235147565,0.9720918163121305,1.5,1.0,1.0,1.5707963267948966,0,1.5707963267948966,1.5707963267948966,1,0.9983953359779054,0.9991027598175092,1.0008938184955503,0.999427804576836,0.9999929716936227,1.0004649930185467,2.0016046640220946,1.000897240182491,0.9991061815044497,2.000572195423164,1.0000070283063773,0.9995350069814533
2025-11-05 16:52:20.794002,1.0225073099136353,0.9291495680809021,1.035820722579956,1.9936327934265137,0.9882628917694092,0.9854691624641418,1.5080700516700745,0.9587062299251556,1.010644942522049,1.6225986055336497,0.06071457473590302,1.6225986055336497,1.6225986055336497,0.9742250096213505,1.5,1.0,1.0,1.5707963267948966,0,1.5707963267948966,1.5707963267948966,1,0.9984944893140449,0.9991816950749964,1.0007815157545474,0.999427804576836,0.9999929716936227,1.0004649930185467,2.001505510685955,1.0008183049250037,0.9992184842454527,2.000572195423164,1.0000070283063773,0.9995350069814533
2025-11-05 16:52:20.900689,1.0210075378417969,0.9302445650100708,1.034451961517334,1.994545817375183,0.9889130592346191,0.9872276186943054,1.50777667760849,0.959578812122345,1.0108397901058197,1.619266280227561,0.06011984859818826,1.619266280227561,1.619266280227561,0.9764470863730755,1.5,1.0,1.0,1.5707963267948966,0,1.5707963267948966,1.5707963267948966,1,0.9985835049952982,0.9992570772376912,1.0006734905836407,0.999427804576836,0.9999929716936227,1.0004649930185467,2.0014164950047015,1.0007429227623088,0.9993265094163591,2.000572195423164,1.0000070283063773,0.9995350069814533
2025-11-05 16:52:21.000698,1.0190550088882446,0.9315940141677856,1.0331369638442993,1.995111107826233,0.9887923002243042,0.9885172247886658,1.5070830583572388,0.9601931571960449,1.0108270943164825,1.6164788402545358,0.05847356146234748,1.6164788402545358,1.6164788402545358,0.9787482175285124,1.5,1.0,1.0,1.5707963267948966,0,1.5707963267948966,1.5707963267948966,1,0.9986855665688297,0.9993464178855035,1.0005763088695288,0.999427804576836,0.9999929716936227,1.0004649930185467,2.0013144334311703,1.0006535821144964,0.9994236911304712,2.000572195423164,1.0000070283063773,0.9995350069814533
2025-11-05 16:52:21.101095,1.0164660215377808,0.9327870011329651,1.0314104557037354,1.995612382888794,0.9885416626930237,0.9897584915161133,1.5060392022132874,0.9606643319129944,1.0105844736099243,1.613309753801222,0.05682940366394547,1.613309753801222,1.613309753801222,0.981616557191907,1.5,1.0,1.0,1.5707963267948966,0,1.5707963267948966,1.5707963267948966,1,0.9987900240046516,0.9994479039120716,1.0004699033318143,0.9993756413444568,1.0000053070471833,1.0006128368663698,2.0012099759953483,1.0005520960879284,0.9995300966681858,2.0006243586555432,0.9999946929528167,0.9993871631336301
2025-11-05 16:52:21.201274,1.0140430927276611,0.934057891368866,1.029736876487732,1.9962471723556519,0.9890953302383423,0.9909537434577942,1.5051451325416565,0.9615766108036041,1.010345309972763,1.6102616443262388,0.05593259438512905,1.6102616443262388,1.6102616443262388,0.9845090680754532,1.5,1.0,1.0,1.5707963267948966,0,1.5707963267948966,1.5707963267948966,1,0.998867339145648,0.9995382988325242,1.0003759175917946,0.9993756413444568,1.0000053070471833,1.0006128368663698,2.0011326608543523,1.000461701167476,0.9996240824082053,2.0006243586555432,0.9999946929528167,0.9993871631336301
2025-11-05 16:52:21.301726,1.011386513710022,0.9348137974739075,1.0277462005615234,1.9965230226516724,0.9885229468345642,0.9921881556510925,1.5039547681808472,0.9616683721542358,1.009967178106308,1.6068751999154056,0.054430203422388086,1.6068751999154056,1.6068751999154056,0.9872400865709617,1.5,1.0,1.0,1.5707963267948966,0,1.5707963267948966,1.5707963267948966,1,0.9989631871849168,0.9996263836538463,1.0002902308455244,0.9993756413444568,1.0000053070471833,1.0006128368663698,2.0010368128150833,1.0003736163461536,0.9997097691544757,2.0006243586555432,0.9999946929528167,0.9993871631336301
2025-11-05 16:52:21.402397,1.008636236190796,0.9358751773834229,1.0257207155227661,1.9966579675674438,0.9881572127342224,0.9935818314552307,1.5026471018791199,0.9620161950588226,1.0096512734889984,1.6033133806256434,0.05283867400078604,1.6033133806256434,1.6033133806256434,0.9899258864996096,1.5,1.0,1.0,1.5707963267948966,0,1.5707963267948966,1.5707963267948966,1,0.9990587090614066,0.9997096399753018,1.0002141034365841,0.9993756413444568,1.0000053070471833,1.0006128368663698,2.0009412909385933,1.0002903600246982,0.999785896563416,2.0006243586555432,0.9999946929528167,0.9993871631336301
2025-11-05 16:52:21.503583,1.0059767961502075,0.936993420124054,1.0228277444839478,1.9965802431106567,0.9881016612052917,0.9947358965873718,1.5012785196304321,0.9625475406646729,1.0087818205356598,1.599147046934554,0.05152665538480166,1.599147046934554,1.599147046934554,0.992318695457556,1.5,1.0,1.0,1.5707963267948966,0,1.5707963267948966,1.5707963267948966,1,0.9991498616230178,0.9997795722228189,1.0001498144927947,0.9993229182385742,1.0000260922424946,1.0007670442956187,2.000850138376982,1.0002204277771811,0.9998501855072054,2.0006770817614257,0.9999739077575055,0.9992329557043814
2025-11-05 16:52:21.604186,1.0035306215286255,0.9381763935089111,1.0195519924163818,1.996321439743042,0.9883518815040588,0.9959943890571594,1.4999260306358337,0.963264137506485,1.0077731907367706,1.5945205424637496,0.050482687831559694,1.5945205424637496,1.5945205424637496,0.994337039942912,1.5,1.0,1.0,1.5707963267948966,0,1.5707963267948966,1.5707963267948966,1,0.9992319307141709,0.9998358043088627,1.0000993365309252,0.9993229182385742,1.0000260922424946,1.0007670442956187,2.000768069285829,1.0001641956911373,0.9999006634690747,2.0006770817614257,0.9999739077575055,0.9992329557043814
2025-11-05 16:52:21.710853,1.001235008239746,0.9400507807731628,1.0155301094055176,1.9957424402236938,0.988322913646698,0.9975103735923767,1.49848872423172,0.9641868472099304,1.0065202414989471,1.5889136013545204,0.04849272261065712,1.5889136013545204,1.5889136013545204,0.995841323686782,1.5,1.0,1.0,1.5707963267948966,0,1.5707963267948966,1.5707963267948966,1,0.9993362653029247,0.9998802847705255,1.0000598151303162,0.9993229182385742,1.0000260922424946,1.0007670442956187,2.0006637346970755,1.0001197152294745,0.999940184869684,2.0006770817614257,0.9999739077575055,0.9992329557043814
2025-11-05 16:52:21.810949,0.999556839466095,0.9410803914070129,1.011412501335144,1.9952126741409302,0.9879453182220459,0.9987549781799316,1.4973847568035126,0.9645128548145294,1.0050837397575378,1.5835083914490617,0.0470308943472075,1.5835083914490617,1.5835083914490617,0.9968385402761302,1.5,1.0,1.0,1.5707963267948966,0,1.5707963267948966,1.5707963267948966,1,0.9994108159732918,0.9999084049218179,1.000034421435956,0.9993229182385742,1.0000260922424946,1.0007670442956187,2.0005891840267083,1.0000915950781821,0.999965578564044,2.0006770817614257,0.9999739077575055,0.9992329557043814
2025-11-05 16:52:21.911030,0.9986773729324341,0.9420313835144043,1.0070985555648804,1.9946658611297607,0.9874491095542908,0.9998066425323486,1.4966716170310974,0.9647402465343475,1.0034525990486145,1.5781174784327834,0.045567865806412,1.5781174784327834,1.5781174784327834,0.9970501544335192,1.5,1.0,1.0,1.5707963267948966,0,1.5707963267948966,1.5707963267948966,1,0.9994709443353285,0.9999170942059337,1.0000184277877728,0.9992606227102062,1.00005078816449,1.0009531297855416,2.0005290556646713,1.0000829057940663,0.9999815722122272,2.000739377289794,0.9999492118355101,0.9990468702144585
2025-11-05 16:52:22.011463,0.9981727600097656,0.9429020881652832,1.002580165863037,1.9940320253372192,0.9868384003639221,1.000889539718628,1.4961023926734924,0.9648702442646027,1.0017348527908325,1.5724939808501694,0.044090341524002104,1.5724939808501694,1.5724939808501694,0.9968294408196982,1.5,1.0,1.0,1.5707963267948966,0,1.5707963267948966,1.5707963267948966,1,0.999516613478863,0.9999158902205761,1.0000043337706102,0.9992606227102062,1.00005078816449,1.0009531297855416,2.000483386521137,1.000084109779424,0.9999956662293897,2.000739377289794,0.9999492118355101,0.9990468702144585
2025-11-05 16:52:22.112476,0.9981992840766907,0.9435620903968811,0.997884213924408,1.9931385517120361,0.9862123727798462,1.0020816326141357,1.4956689178943634,0.9648872315883636,0.9999829232692719,1.5665775830739155,0.04284061247811448,1.5665775830739155,1.5665775830739155,0.9958618434269692,1.5,1.0,1.0,1.5707963267948966,0,1.5707963267948966,1.5707963267948966,1,0.9995407768125918,0.9998983387948179,0.9999874125156047,0.9992606227102062,1.00005078816449,1.0009531297855416,2.0004592231874083,1.000101661205182,1.0000125874843953,2.000739377289794,0.9999492118355101,0.9990468702144585
2025-11-05 16:52:22.212536,0.9985766410827637,0.944210410118103,0.9931254386901855,1.992136836051941,0.9854346513748169,1.0031920671463013,1.4953567385673523,0.96482253074646,0.9981587529182434,1.5606647977085197,0.04146552704957284,1.5606647977085197,1.5606647977085197,0.9944660055038859,1.5,1.0,1.0,1.5707963267948966,0,1.5707963267948966,1.5707963267948966,1,0.9995497818409057,0.9998734830983858,0.9999631592491616,0.9992606227102062,1.00005078816449,1.0009531297855416,2.000450218159094,1.0001265169016142,1.0000368407508384,2.000739377289794,0.9999492118355101,0.9990468702144585
2025-11-05 16:52:22.320450,0.9994623064994812,0.9445056915283203,0.9886126518249512,1.9908338785171509,0.9846585988998413,1.0045253038406372,1.495148092508316,0.9645821452140808,0.9965689778327942,1.5547465568591268,0.040475045776090846,1.5547465568591268,1.5547465568591268,0.9923119782958099,1.5,1.0,1.0,1.5707963267948966,0,1.5707963267948966,1.5707963267948966,1,0.9995336581521435,0.9998334914864118,0.9999246330945306,0.9991910769753952,1.0000890899240242,1.0011687450776139,2.0004663418478565,1.0001665085135882,1.0000753669054694,2.000808923024605,0.9999109100759759,0.9988312549223862
2025-11-05 16:52:22.420761,1.000448226928711,0.944790244102478,0.9847962260246277,1.9892088174819946,0.9837828874588013,1.0059287548065186,1.4948285222053528,0.9642865657806396,0.9953624904155731,1.549426834395957,0.03940646501713199,1.549426834395957,1.549426834395957,0.9897547754064686,1.5,1.0,1.0,1.5707963267948966,0,1.5707963267948966,1.5707963267948966,1,0.9995083365557172,0.9997880954058589,0.9998726007269202,0.9991910769753952,1.0000890899240242,1.0011687450776139,2.000491663444283,1.000211904594141,1.00012739927308,2.000808923024605,0.9999109100759759,0.9988312549223862
2025-11-05 16:52:22.521025,1.0017166137695312,0.9452020525932312,0.981395959854126,1.9874423742294312,0.98322594165802,1.0071920156478882,1.4945794939994812,0.9642139971256256,0.9942939877510071,1.5446326913786503,0.03854221261542011,1.5446326913786503,1.5446326913786503,0.9867960921428369,1.5,1.0,1.0,1.5707963267948966,0,1.5707963267948966,1.5707963267948966,1,0.999472355751754,0.9997361940546778,0.9998053041265523,0.9991910769753952,1.0000890899240242,1.0011687450776139,2.0005276442482463,1.0002638059453222,1.0001946958734478,2.000808923024605,0.9999109100759759,0.9988312549223862
2025-11-05 16:52:22.621070,1.0031745433807373,0.9453054666519165,0.9785216450691223,1.9853981733322144,0.9829151630401611,1.0085731744766235,1.4942863583564758,0.9641103148460388,0.9935474097728729,1.5402104633642058,0.038253780664622414,1.5402104633642058,1.5402104633642058,0.9834026860433126,1.5,1.0,1.0,1.5707963267948966,0,1.5707963267948966,1.5707963267948966,1,0.9994208816922076,0.9996734488178012,0.9997197191352727,0.9991910769753952,1.0000890899240242,1.0011687450776139,2.0005791183077926,1.0003265511821988,1.0002802808647273,2.000808923024605,0.9999109100759759,0.9988312549223862
2025-11-05 16:52:22.721868,1.0045708417892456,0.9460853338241577,0.9761935472488403,1.9835416078567505,0.9835869073867798,1.009926676750183,1.494056224822998,0.9648361206054688,0.9930601119995117,1.5363522051576324,0.038265733918181215,1.5363522051576324,1.5363522051576324,0.9802693777020807,1.5,1.0,1.0,1.5707963267948966,0,1.5707963267948966,1.5707963267948966,1,0.9993643338458925,0.9996134358068943,0.9996291340264407,0.999108165674169,1.000143846498355,1.0014167412009265,2.0006356661541074,1.0003865641931058,1.0003708659735593,2.000891834325831,0.9998561535016449,0.9985832587990735
2025-11-05 16:52:22.822168,1.0063564777374268,0.9464519023895264,0.9745727181434631,1.9816522598266602,0.9842028021812439,1.0112203359603882,1.4940043687820435,0.9653273522853851,0.9928965270519257,1.533238095839767,0.038660559101517875,1.533238095839767,1.533238095839767,0.9767138991986287,1.5,1.0,1.0,1.5707963267948966,0,1.5707963267948966,1.5707963267948966,1,0.9993085327481244,0.9995405803523701,0.9995271191841963,0.999108165674169,1.000143846498355,1.0014167412009265,2.0006914672518756,1.0004594196476297,1.0004728808158037,2.000891834325831,0.9998561535016449,0.9985832587990735
2025-11-05 16:52:22.922790,1.008263111114502,0.9460915327072144,0.9737014174461365,1.9798489809036255,0.9847608804702759,1.012281060218811,1.4940560460090637,0.9654262065887451,0.9929912388324738,1.5311092680113845,0.039747951228812174,1.5311092680113845,1.5311092680113845,0.9731201414351547,1.5,1.0,1.0,1.5707963267948966,0,1.5707963267948966,1.5707963267948966,1,0.9992548611114342,0.9994557476475467,0.9994265492685556,0.999108165674169,1.000143846498355,1.0014167412009265,2.0007451388885658,1.0005442523524533,1.0005734507314443,2.000891834325831,0.9998561535016449,0.9985832587990735
2025-11-05 16:52:23.023349,1.0097490549087524,0.9466427564620972,0.9729692339897156,1.9783177375793457,0.9858859181404114,1.0131455659866333,1.494033396244049,0.9662643373012543,0.9930573999881744,1.5293399860944454,0.04045975003909076,1.5293399860944454,1.5293399860944454,0.9701955763873,1.5,1.0,1.0,1.5707963267948966,0,1.5707963267948966,1.5707963267948966,1,0.9992124519472704,0.9993865167681897,0.9993384797614073,0.999108165674169,1.000143846498355,1.0014167412009265,2.0007875480527297,1.0006134832318103,1.0006615202385927,2.000891834325831,0.9998561535016449,0.9985832587990735
2025-11-05 16:52:23.130534,1.011196494102478,0.9470859169960022,0.9731113314628601,1.9768645763397217,0.9868848919868469,1.0140024423599243,1.4940305352210999,0.9669854044914246,0.9935568869113922,1.5284767167443893,0.041153778772080984,1.5284767167443893,1.5284767167443893,0.967352514036364,1.5,1.0,1.0,1.5707963267948966,0,1.5707963267948966,1.5707963267948966,1,0.9991871863002366,0.9993171704875302,0.9992631225334143,0.9990191244889558,1.000189473381862,1.0017028104257377,2.0008128136997634,1.00068282951247,1.0007368774665857,2.0009808755110443,0.9998105266181382,0.9982971895742623
2025-11-05 16:52:23.230755,1.0121755599975586,0.9478058218955994,0.9736334681510925,1.9758450984954834,0.9870378971099854,1.014533281326294,1.494010329246521,0.9674218595027924,0.9940833747386932,1.5283800415234812,0.04065210367125045,1.5283800415234812,1.5283800415234812,0.9653346206741976,1.5,1.0,1.0,1.5707963267948966,0,1.5707963267948966,1.5707963267948966,1,0.9991983127963097,0.999284776789635,0.9992195597663102,0.9990191244889558,1.000189473381862,1.0017028104257377,2.0008016872036904,1.000715223210365,1.00078044023369,2.0009808755110443,0.9998105266181382,0.9982971895742623
2025-11-05 16:52:23.332301,1.0128742456436157,0.9478837251663208,0.9751278758049011,1.9750456809997559,0.986566424369812,1.0149537324905396,1.4939599633216858,0.9672250747680664,0.9950408041477203,1.5294282977192395,0.040147561717979,1.5294282977192395,1.5294282977192395,0.9637719237940623,1.5,1.0,1.0,1.5707963267948966,0,1.5707963267948966,1.5707963267948966,1,0.9992307230116785,0.9992625681327609,0.9992080014733452,0.9990191244889558,1.000189473381862,1.0017028104257377,2.0007692769883216,1.000737431867239,1.000791998526655,2.0009808755110443,0.9998105266181382,0.9982971895742623
2025-11-05 16:52:23.432558,1.0129144191741943,0.9478881359100342,0.9766285419464111,1.974481225013733,0.9851254224777222,1.0153110027313232,1.4936978220939636,0.9665067791938782,0.9959697723388672,1.5305894335363828,0.03867504447551678,1.5305894335363828,1.5305894335363828,0.9630647280301325,1.5,1.0,1.0,1.5707963267948966,0,1.5707963267948966,1.5707963267948966,1,0.9992805394209007,0.9992766574706329,0.9992188611929212,0.9990191244889558,1.000189473381862,1.0017028104257377,2.0007194605790994,1.0007233425293671,1.0007811388070786,2.0009808755110443,0.9998105266181382,0.9982971895742623
2025-11-05 16:52:23.532597,1.0118452310562134,0.9462488293647766,0.9785556197166443,1.9740984439849854,0.9826785922050476,1.0154963731765747,1.4929718375205994,0.9644637107849121,0.9970259964466095,1.5324253227020965,0.03781291219010034,1.5324253227020965,1.5324253227020965,0.9636508665894149,1.5,1.0,1.0,1.5707963267948966,0,1.5707963267948966,1.5707963267948966,1,0.999328209105558,0.9993042483236875,0.9992678055364016,0.9989111278307687,1.000262055158393,1.0020298592174144,2.000671790894442,1.0006957516763124,1.0007321944635983,2.0010888721692313,0.999737944841607,0.9979701407825856
2025-11-05 16:52:23.633362,1.0098286867141724,0.9440373182296753,0.980884850025177,1.9739375114440918,0.9791013598442078,1.0155977010726929,1.491883099079132,0.9615693390369415,0.9982412755489349,1.5348067563240069,0.036329838453360325,1.5348067563240069,1.5348067563240069,0.9653705480095709,1.5,1.0,1.0,1.5707963267948966,0,1.5707963267948966,1.5707963267948966,1,0.9993923183666127,0.9993633832334993,0.9993469836969996,0.9989111278307687,1.000262055158393,1.0020298592174144,2.000607681633387,1.0006366167665008,1.0006530163030005,2.0010888721692313,0.999737944841607,0.9979701407825856
2025-11-05 16:52:23.740526,1.0068504810333252,0.9400738477706909,0.9841167330741882,1.973920226097107,0.9722588062286377,1.0153323411941528,1.490385353565216,0.9561663269996643,0.9997245371341705,1.5385289812164904,0.03325132278395988,1.5385289812164904,1.5385289812164904,0.9681085567016577,1.5,1.0,1.0,1.5707963267948966,0,1.5707963267948966,1.5707963267948966,1,0.9994980760048852,0.9994639500397398,0.999463167170279,0.9989111278307687,1.000262055158393,1.0020298592174144,2.000501923995115,1.0005360499602602,1.0005368328297208,2.0010888721692313,0.999737944841607,0.9979701407825856
2025-11-05 16:52:23.841200,1.0035723447799683,0.934073805809021,0.9876250624656677,1.9742783308029175,0.9649119973182678,1.0148649215698242,1.4889253377914429,0.9494929015636444,1.001244992017746,1.5427417843510656,0.03174565828984896,1.5427417843510656,1.5427417843510656,0.9715776424354161,1.5,1.0,1.0,1.5707963267948966,0,1.5707963267948966,1.5707963267948966,1,0.9995771802249674,0.9995437524781651,0.9995842610234064,0.9989111278307687,1.000262055158393,1.0020298592174144,2.0004228197750327,1.000456247521835,1.0004157389765935,2.0010888721692313,0.999737944841607,0.9979701407825856
2025-11-05 16:52:23.943702,1.0000288486480713,0.9256619811058044,0.9918739795684814,1.9745148420333862,0.9555261135101318,1.014121651649475,1.4872718453407288,0.9405940473079681,1.0029978156089783,1.547970131079835,0.030628470922020902,1.547970131079835,1.547970131079835,0.9751973013813413,1.5,1.0,1.0,1.5707963267948966,0,1.5707963267948966,1.5707963267948966,1,0.9996535574581188,0.9996155554525809,0.9997047111020422,0.9987972093405655,1.0003213956279815,1.002405165600429,2.0003464425418813,1.0003844445474193,1.000295288897958,2.0012027906594345,0.9996786043720184,0.997594834399571
2025-11-05 16:52:24.050446,0.995606005191803,0.9128015637397766,0.9975399971008301,1.9745464324951172,0.9409915804862976,1.0128850936889648,1.48507621884346,0.9268965721130371,1.0052125453948975,1.5551224006604603,0.02878496787711419,1.5551224006604603,1.5551224006604603,0.9794664411005942,1.5,1.0,1.0,1.5707963267948966,0,1.5707963267948966,1.5707963267948966,1,0.9997425870998761,0.999700618756953,0.9998321651526026,0.9987972093405655,1.0003213956279815,1.002405165600429,2.000257412900124,1.000299381243047,1.0001678348473972,2.0012027906594345,0.9996786043720184,0.997594834399571
2025-11-05 16:52:24.150833,0.9905670881271362,0.8982546329498291,1.0037479400634766,1.9740632772445679,0.9245227575302124,1.0116146802902222,1.482315182685852,0.9113886952400208,1.0076813101768494,1.5627977472895802,0.026701721468281925,1.5627977472895802,1.5627977472895802,0.9838783735702683,1.5,1.0,1.0,1.5707963267948966,0,1.5707963267948966,1.5707963267948966,1,0.9998120711957285,0.9997816663884991,0.9999326596443147,0.9987972093405655,1.0003213956279815,1.002405165600429,2.0001879288042717,1.000218333611501,1.0000673403556855,2.0012027906594345,0.9996786043720184,0.997594834399571
2025-11-05 16:52:24.251206,0.9855990409851074,0.8793562650680542,1.0109643936157227,1.973207950592041,0.9042367935180664,1.0097295045852661,1.4794034957885742,0.8917965292930603,1.0103469491004944,1.5720467087779666,0.025187346041026196,1.5720467087779666,1.5720467087779666,0.9879230354546177,1.5,1.0,1.0,1.5707963267948966,0,1.5707963267948966,1.5707963267948966,1,0.9998448739189271,0.9998452919158906,1.0000079401255193,0.9987972093405655,1.0003213956279815,1.002405165600429,2.000155126081073,1.0001547080841096,0.9999920598744807,2.0012027906594345,0.9996786043720184,0.997594834399571
2025-11-05 16:52:24.351959,0.9801586866378784,0.8558429479598999,1.0176830291748047,1.9718495607376099,0.8795442581176758,1.0075781345367432,1.4760041236877441,0.8676936030387878,1.012630581855774,1.580985535148967,0.023894108467948517,1.580985535148967,1.580985535148967,0.9920255292942469,1.5,1.0,1.0,1.5707963267948966,0,1.5707963267948966,1.5707963267948966,1,0.9998340460949883,0.9999024822534905,1.0000436744564218,0.9986803468277625,1.0004046091999632,1.002823655294406,2.000165953905012,1.0000975177465095,0.999956325543578,2.0013196531722373,0.9995953908000368,0.997176344705594
2025-11-05 16:52:24.452618,0.9740864038467407,0.8276510238647461,1.024075984954834,1.9703729152679443,0.8501147031784058,1.0052855014801025,1.4722296595573425,0.8388828635215759,1.0146807432174683,1.5896546127287048,0.0225395819300284,1.5896546127287048,1.5896546127287048,0.9967168665159395,1.5,1.0,1.0,1.5707963267948966,0,1.5707963267948966,1.5707963267948966,1,0.9997855922208496,0.9999611007928333,1.0000368351214737,0.9986803468277625,1.0004046091999632,1.002823655294406,2.00021440777915,1.0000388992071667,0.9999631648785264,2.0013196531722373,0.9995953908000368,0.997176344705594
2025-11-05 16:52:24.553282,0.9668623805046082,0.7939674854278564,1.0297679901123047,1.96833074092865,0.8154696226119995,1.0024470090866089,1.467596560716629,0.804718554019928,1.0161074995994568,1.5980704846829472,0.021459330674054932,1.5980704846829472,1.5980704846829472,1.0020716814869635,1.5,1.0,1.0,1.5707963267948966,0,1.5707963267948966,1.5707963267948966,1,0.9996978335730355,1.0000205763930436,0.999981437405197,0.9986803468277625,1.0004046091999632,1.002823655294406,2.0003021664269647,0.9999794236069562,1.000018562594803,2.0013196531722373,0.9995953908000368,0.997176344705594
2025-11-05 16:52:24.654114,0.9583653807640076,0.7540877461433411,1.0356560945510864,1.9658373594284058,0.7753927707672119,0.9992028474807739,1.4621013700962067,0.7647402584552765,1.0174294710159302,1.6069634382496514,0.021130040042998142,1.6069634382496514,1.6069634382496514,1.0083563512420353,1.5,1.0,1.0,1.5707963267948966,0,1.5707963267948966,1.5707963267948966,1,0.9995543767079548,1.0000866930286725,0.9998650409979339,0.9986803468277625,1.0004046091999632,1.002823655294406,2.000445623292045,0.9999133069713275,1.000134959002066,2.0013196531722373,0.9995953908000368,0.997176344705594
2025-11-05 16:52:24.754725,0.9484867453575134,0.7095674276351929,1.0396122932434082,1.9631907939910889,0.7285767197608948,0.9961143136024475,1.4558387696743011,0.7190720736980438,1.0178633034229279,1.6136377489422924,0.01871445460610324,1.6136377489422924,1.6136377489422924,1.015813828284167,1.5,1.0,1.0,1.5707963267948966,0,1.5707963267948966,1.5707963267948966,1,0.9994367827855731,1.0001468553159105,0.999682345089197,0.9985510452014726,1.000449960384322,1.0032821313068088,2.000563217214427,0.9998531446840895,1.000317654910803,2.0014489547985272,0.999550039615678,0.9967178686931912
2025-11-05 16:52:24.860731,0.9351433515548706,0.6528308987617493,1.0432310104370117,1.9607230424880981,0.6700515151023865,0.9925263524055481,1.4479331970214844,0.6614412069320679,1.01787868142128,1.6201961016446564,0.016769049243653772,1.6201961016446564,1.6201961016446564,1.0269767350957535,1.5,1.0,1.0,1.5707963267948966,0,1.5707963267948966,1.5707963267948966,1,0.9992835633415704,1.00022536940818,0.9993617981738652,0.9985510452014726,1.000449960384322,1.0032821313068088,2.0007164366584296,0.99977463059182,1.0006382018261348,2.0014489547985272,0.999550039615678,0.9967178686931912
2025-11-05 16:52:24.961176,0.9207801818847656,0.5952722430229187,1.0447138547897339,1.9598344564437866,0.6093037724494934,0.9888591766357422,1.4403073191642761,0.602288007736206,1.016786515712738,1.6244999424488016,0.013483849165367837,1.6244999424488016,1.6244999424488016,1.0406490351550364,1.5,1.0,1.0,1.5707963267948966,0,1.5707963267948966,1.5707963267948966,1,0.9991719714260638,1.0002736192313277,0.9989410549508754,0.9985510452014726,1.000449960384322,1.0032821313068088,2.0008280285739364,0.9997263807686723,1.0010589450491245,2.0014489547985272,0.999550039615678,0.9967178686931912
2025-11-05 16:52:25.062184,0.9044981598854065,0.5313812494277954,1.0444790124893188,1.9597913026809692,0.5408498644828796,0.9849041104316711,1.4321447312831879,0.5361155569553375,1.014691561460495,1.6271898843957806,0.0089579943130116,1.6271898843957806,1.6271898843957806,1.0570158186411287,1.5,1.0,1.0,1.5707963267948966,0,1.5707963267948966,1.5707963267948966,1,0.9990927142247212,1.0002552436375864,0.9984272281205869,0.9985510452014726,1.000449960384322,1.0032821313068088,2.0009072857752788,0.9997447563624136,1.001572771879413,2.0014489547985272,0.999550039615678,0.9967178686931912
2025-11-05 16:52:25.163288,0.888862669467926,0.4681416451931,1.0424927473068237,1.9610508680343628,0.4656321108341217,0.9805177450180054,1.4249567687511444,0.46688687801361084,1.0115052461624146,1.6285344352690814,-0.0023366680968443573,1.6285344352690814,1.6285344352690814,1.0739807874522425,1.5,1.0,1.0,1.5707963267948966,0,1.5707963267948966,1.5707963267948966,1,0.9990424667255067,0.9999135680894304,0.9979000480018081,0.9983966218124521,1.0005199233679578,1.003833045992705,2.0009575332744935,1.0000864319105696,1.002099951998192,2.0016033781875477,0.9994800766320421,0.996166954007295
2025-11-05 16:52:25.263807,0.8701239228248596,0.38210004568099976,1.0378659963607788,1.9634768962860107,0.3835660219192505,0.975447416305542,1.4168004095554352,0.3828330338001251,1.0066567063331604,1.627823565891412,0.0013386274061990664,1.627823565891412,1.627823565891412,1.0951342167966371,1.5,1.0,1.0,1.5707963267948966,0,1.5707963267948966,1.5707963267948966,1,0.9990324941914123,1.0000636741780995,0.9973227468497778,0.9983966218124521,1.0005199233679578,1.003833045992705,2.0009675058085876,0.9999363258219006,1.0026772531502222,2.0016033781875477,0.9994800766320421,0.996166954007295
2025-11-05 16:52:25.364273,0.8536486625671387,0.2961421608924866,1.0317931175231934,1.9670647382736206,0.2950177788734436,0.9695305228233337,1.4103567004203796,0.2955799698829651,1.0006618201732635,1.6266584770251034,-0.0010082733286845577,1.6266584770251034,1.6266584770251034,1.1151561561392673,1.5,1.0,1.0,1.5707963267948966,0,1.5707963267948966,1.5707963267948966,1,0.9990405686926916,0.9999419457599126,0.9968176599367256,0.9983966218124521,1.0005199233679578,1.003833045992705,2.0009594313073085,1.0000580542400874,1.0031823400632744,2.0016033781875477,0.9994800766320421,0.996166954007295
2025-11-05 16:52:25.471155,0.837135910987854,0.19183631241321564,1.0237001180648804,1.9720476865768433,0.1884201020002365,0.9615982174873352,1.4045917987823486,0.19012820720672607,0.9926491677761078,1.6254613946092857,-0.0030056055516975862,1.6254613946092857,1.6254613946092857,1.1366147346042463,1.5,1.0,1.0,1.5707963267948966,0,1.5707963267948966,1.5707963267948966,1,0.9990466079077798,0.9997947004502105,0.9962990656326397,0.9983966218124521,1.0005199233679578,1.003833045992705,2.00095339209222,1.0002052995497897,1.0037009343673604,2.0016033781875477,0.9994800766320421,0.996166954007295
2025-11-05 16:52:25.580945,0.8233168125152588,0.08981704711914062,1.0153183937072754,1.9778225421905518,0.07290855795145035,0.953324556350708,1.4005696773529053,0.08136280253529549,0.9843214750289917,1.624442102903259,-0.014623540439969688,1.624442102903259,1.624442102903259,1.1562926155299995,1.5,1.0,1.0,1.5707963267948966,0,1.5707963267948966,1.5707963267948966,1,0.9989863720254807,0.9988578676872729,0.995846609015833,0.9982440960489368,1.000585621355976,1.0044014577614655,2.0010136279745194,1.0011421323127272,1.0041533909841671,2.001755903951063,0.9994143786440238,0.9955985422385345
2025-11-05 16:52:25.681008,0.8140637874603271,0.09704359620809555,1.0092716217041016,1.9803071022033691,0.11195354163646698,0.9488327503204346,1.3971854448318481,0.10449856892228127,0.9790521860122681,1.622573559847572,0.012766765581043473,1.622573559847572,1.622573559847572,1.167903520343032,1.5,1.0,1.0,1.5707963267948966,0,1.5707963267948966,1.5707963267948966,1,0.9990510360583931,1.0010713582933444,0.9956874416549918,0.9982440960489368,1.000585621355976,1.0044014577614655,2.000948963941607,0.9989286417066555,1.004312558345008,2.001755903951063,0.9994143786440238,0.9955985422385345
2025-11-05 16:52:25.781831,0.8068340420722961,0.13189557194709778,1.001476526260376,1.9825470447540283,0.14025571942329407,0.9443424940109253,1.3946905434131622,0.13607564568519592,0.9729095101356506,1.6193533486333584,0.007102203752605512,1.6193533486333584,1.6193533486333584,1.1771300923779835,1.5,1.0,1.0,1.5707963267948966,0,1.5707963267948966,1.5707963267948966,1,0.9991851437248375,1.0006289314324,0.9957252393931141,0.9982440960489368,1.000585621355976,1.0044014577614655,2.0008148562751624,0.9993710685676002,1.004274760606886,2.001755903951063,0.9994143786440238,0.9955985422385345
2025-11-05 16:52:25.882113,0.7994362115859985,0.15717381238937378,0.9923830628395081,1.9846007823944092,0.15381835401058197,0.9399171471595764,1.3920184969902039,0.15549608319997787,0.9661501049995422,1.6150363286730467,-0.002828439563070179,1.6150363286730467,1.6150363286730467,1.1863300515912718,1.5,1.0,1.0,1.5707963267948966,0,1.5707963267948966,1.5707963267948966,1,0.9993259258863866,0.9997364931804833,0.9958970661777656,0.9982440960489368,1.000585621355976,1.0044014577614655,2.0006740741136135,1.0002635068195167,1.0041029338222345,2.001755903951063,0.9994143786440238,0.9955985422385345
2025-11-05 16:52:25.982838,0.7927670478820801,0.1700499951839447,0.9845647215843201,1.986701250076294,0.15409614145755768,0.9338778257369995,1.389734148979187,0.1620730683207512,0.9592212736606598,1.6132245254319837,-0.013349604433127257,1.6132245254319837,1.6132245254319837,1.1951161307707692,1.5,1.0,1.0,1.5707963267948966,0,1.5707963267948966,1.5707963267948966,1,0.999312812903845,0.9986981509670595,0.995882123444454,0.9980686483659769,1.000683158983945,1.0050746645451378,2.000687187096155,1.0013018490329406,1.004117876555546,2.001931351634023,0.999316841016055,0.9949253354548621
2025-11-05 16:52:26.083789,0.7877916693687439,0.171286478638649,0.9790984988212585,1.9888074398040771,0.14010821282863617,0.9274678826332092,1.3882995545864105,0.15569734573364258,0.9532831907272339,1.613758998147039,-0.025930146007716256,1.613758998147039,1.613758998147039,1.2025292868039659,1.5,1.0,1.0,1.5707963267948966,0,1.5707963267948966,1.5707963267948966,1,0.9991163553221539,0.9973779813125637,0.9956854473161597,0.9980686483659769,1.000683158983945,1.0050746645451378,2.000883644677846,1.0026220186874362,1.0043145526838404,2.001931351634023,0.999316841016055,0.9949253354548621
2025-11-05 16:52:26.184332,0.7832768559455872,0.16017338633537292,0.9749898910522461,1.9907582998275757,0.11147397756576538,0.9209580421447754,1.3870175778865814,0.13582368195056915,0.9479739665985107,1.6155140564076858,-0.04026929373035502,1.6155140564076858,1.6155140564076858,1.2096704139682846,1.5,1.0,1.0,1.5707963267948966,0,1.5707963267948966,1.5707963267948966,1,0.9987171235618083,0.9957926645239498,0.9953792123417717,0.9980686483659769,1.000683158983945,1.0050746645451378,2.0012828764381916,1.0042073354760501,1.0046207876582283,2.001931351634023,0.999316841016055,0.9949253354548621
2025-11-05 16:52:26.290609,0.77928227186203,0.13442018628120422,0.9731420874595642,1.992362141609192,0.07335164397954941,0.9135746359825134,1.385822206735611,0.10388591513037682,0.9433583617210388,1.6198612277125999,-0.050238839865400224,1.6198612277125999,1.6198612277125999,1.2160758276193597,1.5,1.0,1.0,1.5707963267948966,0,1.5707963267948966,1.5707963267948966,1,0.9982383179334706,0.9946002766829599,0.9948070821190397,0.9980686483659769,1.000683158983945,1.0050746645451378,2.001761682066529,1.0053997233170402,1.0051929178809604,2.001931351634023,0.999316841016055,0.9949253354548621
2025-11-05 16:52:26.391189,0.7760283946990967,0.10363752394914627,0.9728624820709229,1.992628574371338,0.08670822530984879,0.9099470973014832,1.3843284845352173,0.09517287462949753,0.941404789686203,1.622464401287109,-0.013895788117907665,1.622464401287109,1.622464401287109,1.2183435246151368,1.5,1.0,1.0,1.5707963267948966,0,1.5707963267948966,1.5707963267948966,1,0.9989726326568094,0.9984835659715824,0.9943964316577673,0.9978795798688322,1.0007357620107609,1.0058055335503968,2.0010273673431906,1.0015164340284177,1.0056035683422326,2.0021204201311678,0.999264237989239,0.9941944664496033
2025-11-05 16:52:26.492255,0.7726877927780151,0.062342677265405655,0.9752777218818665,1.9922428131103516,0.09385401755571365,0.9060713052749634,1.3824653029441833,0.07809834741055965,0.9406745135784149,1.6274827995495424,0.025791168667647153,1.6274827995495424,1.6274827995495424,1.2219234592576842,1.5,1.0,1.0,1.5707963267948966,0,1.5707963267948966,1.5707963267948966,1,0.9986019054723547,1.0028580217905005,0.9937755245635046,0.9978795798688322,1.0007357620107609,1.0058055335503968,2.0013980945276453,0.9971419782094995,1.0062244754364955,2.0021204201311678,0.999264237989239,0.9941944664496033
2025-11-05 16:52:26.592548,0.7709099650382996,0.08128710836172104,0.9751242399215698,1.9917973279953003,0.09112831205129623,0.9016868472099304,1.3813536465168,0.08620771020650864,0.9384055435657501,1.630874773186583,0.008045981003633816,1.630874773186583,1.630874773186583,1.2231336202420577,1.5,1.0,1.0,1.5707963267948966,0,1.5707963267948966,1.5707963267948966,1,0.9986727168433709,1.000897548565975,0.9933480531624443,0.9978795798688322,1.0007357620107609,1.0058055335503968,2.001327283156629,0.9991024514340251,1.0066519468375557,2.0021204201311678,0.999264237989239,0.9941944664496033
2025-11-05 16:52:26.693430,0.7702853083610535,0.09101280570030212,0.9767051935195923,1.990813970565796,0.0835190862417221,0.897476851940155,1.3805496394634247,0.08726594597101212,0.9370910227298737,1.6356185162656165,-0.006126761004294526,1.6356185162656165,1.6356185162656165,1.2231203952203766,1.5,1.0,1.0,1.5707963267948966,0,1.5707963267948966,1.5707963267948966,1,0.9984686906539442,0.9993165484900974,0.9928306104287449,0.9978795798688322,1.0007357620107609,1.0058055335503968,2.001531309346056,1.0006834515099026,1.0071693895712552,2.0021204201311678,0.999264237989239,0.9941944664496033
2025-11-05 16:52:26.795834,0.7693095803260803,0.09040742367506027,0.9781834483146667,1.9892942905426025,0.07278276234865189,0.8925382494926453,1.3793019354343414,0.08159509301185608,0.935360848903656,1.64088320375282,-0.014410159626475313,1.64088320375282,1.64088320375282,1.2231142309409313,1.5,1.0,1.0,1.5707963267948966,0,1.5707963267948966,1.5707963267948966,1,0.99815134721053,0.9983931097701065,0.9922675539497128,0.9976828012366943,1.0008092038320775,1.00660116270331,2.00184865278947,1.0016068902298936,1.0077324460502872,2.002317198763306,0.9991907961679225,0.99339883729669
2025-11-05 16:52:26.900639,0.7677412033081055,0.07739061862230301,0.9800280928611755,1.986989974975586,0.07517578452825546,0.8878967761993408,1.3773655891418457,0.07628320157527924,0.9339624345302582,1.6462169981244257,-0.001811390275436492,1.6462169981244257,1.6462169981244257,1.2227267283463494,1.5,1.0,1.0,1.5707963267948966,0,1.5707963267948966,1.5707963267948966,1,0.9979459102630197,0.9997982788066051,0.9916964035898369,0.9976828012366943,1.0008092038320775,1.00660116270331,2.0020540897369803,1.000201721193395,1.0083035964101632,2.002317198763306,0.9991907961679225,0.99339883729669
2025-11-05 16:52:27.001258,0.7664932608604431,0.06476937234401703,0.982451319694519,1.983614206314087,0.07462771236896515,0.8835864067077637,1.375053733587265,0.06969854235649109,0.9330188632011414,1.6518468837901978,0.00807295581711442,1.6518468837901978,1.6518468837901978,1.2211694615203486,1.5,1.0,1.0,1.5707963267948966,0,1.5707963267948966,1.5707963267948966,1,0.9976114484530859,1.0008926288656452,0.9911586606571334,0.9976828012366943,1.0008092038320775,1.00660116270331,2.002388551546914,0.9991073711343549,1.0088413393428666,2.002317198763306,0.9991907961679225,0.99339883729669
2025-11-05 16:52:27.102365,0.7656484246253967,0.06846832484006882,0.9854196906089783,1.9799096584320068,0.0748160183429718,0.8791181445121765,1.3727790415287018,0.07164217159152031,0.9322689175605774,1.6581179182822043,0.005207652821134615,1.6581179182822043,1.6581179182822043,1.2189219236033653,1.5,1.0,1.0,1.5707963267948966,0,1.5707963267948966,1.5707963267948966,1,0.9972541327663448,1.0005700034187568,0.9905905693156997,0.9976828012366943,1.0008092038320775,1.00660116270331,2.002745867233655,0.9994299965812432,1.0094094306843004,2.002317198763306,0.9991907961679225,0.99339883729669
2025-11-05 16:52:27.202969,0.7639777660369873,0.06551380455493927,0.9885056614875793,1.9754456281661987,0.07234416902065277,0.8736768960952759,1.369711697101593,0.06892898678779602,0.9310912787914276,1.6652988148503263,0.005612873378257842,1.6652988148503263,1.6652988148503263,1.2169168748160974,1.5,1.0,1.0,1.5707963267948966,0,1.5707963267948966,1.5707963267948966,1,0.9967939743919061,1.0006087244150927,0.9899386461888299,0.9974800487518406,1.0008288033519066,1.007476345116857,2.003206025608094,0.9993912755849073,1.0100613538111702,2.0025199512481593,0.9991711966480934,0.9925236548831431
2025-11-05 16:52:27.303230,0.7626081109046936,0.06496849656105042,0.9922985434532166,1.9706007242202759,0.07313705235719681,0.8676046133041382,1.3666044175624847,0.06905277445912361,0.9299515783786774,1.6736561114778714,0.006726249020004616,1.6736561114778714,1.6736561114778714,1.2144387408777884,1.5,1.0,1.0,1.5707963267948966,0,1.5707963267948966,1.5707963267948966,1,0.9962136312900395,1.000721117152933,0.9892139804679237,0.9974800487518406,1.0008288033519066,1.007476345116857,2.0037863687099606,0.999278882847067,1.0107860195320764,2.0025199512481593,0.9991711966480934,0.9925236548831431
2025-11-05 16:52:27.403754,0.7609965801239014,0.0639665350317955,0.9960936903953552,1.9658074378967285,0.07325084507465363,0.8607818484306335,1.363402009010315,0.06860869005322456,0.9284377694129944,1.682637278364379,0.007657736658288366,1.682637278364379,1.682637278364379,1.2124210060849958,1.5,1.0,1.0,1.5707963267948966,0,1.5707963267948966,1.5707963267948966,1,0.9955363810682446,1.000813233373124,0.9884327043046995,0.9974800487518406,1.0008288033519066,1.007476345116857,2.0044636189317555,0.9991867666268761,1.0115672956953006,2.0025199512481593,0.9991711966480934,0.9925236548831431
2025-11-05 16:52:27.504530,0.7598779201507568,0.06320206820964813,1.0004116296768188,1.9609217643737793,0.0724169909954071,0.8526597023010254,1.360399842262268,0.06780952960252762,0.9265356659889221,1.6932009112537507,0.007614875299202136,1.6932009112537507,1.6932009112537507,1.2101329937619356,1.5,1.0,1.0,1.5707963267948966,0,1.5707963267948966,1.5707963267948966,1,0.9946778547792403,1.0007999714827949,0.9875454530899447,0.9974800487518406,1.0008288033519066,1.007476345116857,2.0053221452207595,0.9992000285172051,1.0124545469100554,2.0025199512481593,0.9991711966480934,0.9925236548831431
2025-11-05 16:52:27.604748,0.7587478756904602,0.06316565722227097,1.0036174058914185,1.9557801485061646,0.0720965787768364,0.8438014984130859,1.3572640120983124,0.06763111799955368,0.9237094521522522,1.7035215415200589,0.007395132372634303,1.7035215415200589,1.7035215415200589,1.207686692733371,1.5,1.0,1.0,1.5707963267948966,0,1.5707963267948966,1.5707963267948966,1,0.9937725535244524,1.0007678468903018,0.9867323165588271,0.9972651756186592,1.000928378111103,1.008434466973231,2.0062274464755476,0.9992321531096982,1.013267683441173,2.0027348243813408,0.9990716218888971,0.9915655330267691
2025-11-05 16:52:27.710793,0.7580249905586243,0.06269083172082901,1.0064841508865356,1.9496115446090698,0.07134421914815903,0.833195149898529,1.353818267583847,0.06701752543449402,0.9198396503925323,1.715211047995063,0.0071863523955892255,1.715211047995063,1.715211047995063,1.204152180902067,1.5,1.0,1.0,1.5707963267948966,0,1.5707963267948966,1.5707963267948966,1,0.9926741132309971,1.0007334739608955,0.9859179307609562,0.9972651756186592,1.000928378111103,1.008434466973231,2.007325886769003,0.9992665260391045,1.0140820692390438,2.0027348243813408,0.9990716218888971,0.9915655330267691
2025-11-05 16:52:27.811136,0.7580445408821106,0.0633012056350708,1.0087535381317139,1.9437446594238281,0.07199440151453018,0.8231845498085022,1.3508946001529694,0.06764780357480049,0.915969043970108,1.7260427978496848,0.007243396865821719,1.7260427978496848,1.7260427978496848,1.2001650687266905,1.5,1.0,1.0,1.5707963267948966,0,1.5707963267948966,1.5707963267948966,1,0.9915906628492197,1.000724855158931,0.985276765903302,0.9972394760880385,1.0006804599504542,1.0088482800879408,2.0084093371507805,0.999275144841069,1.014723234096698,2.0027605239119612,0.9993195400495458,0.9911517199120591
2025-11-05 16:52:27.911683,0.7583624124526978,0.06312476098537445,1.010392665863037,1.9378154277801514,0.07323857396841049,0.811695396900177,1.3480889201164246,0.06818166747689247,0.9110440313816071,1.7376948129592884,0.00845564950305664,1.7376948129592884,1.7376948129592884,1.1961155083316066,1.5,1.0,1.0,1.5707963267948966,0,1.5707963267948966,1.5707963267948966,1,0.9903419504994946,1.000829011599829,0.9846420403706435,0.9972394760880385,1.0006804599504542,1.0088482800879408,2.0096580495005054,0.999170988400171,1.0153579596293565,2.0027605239119612,0.9993195400495458,0.9911517199120591
2025-11-05 16:52:28.011873,0.7584366202354431,0.06311459094285965,1.011565923690796,1.932112455368042,0.07437916845083237,0.7988888621330261,1.3452745378017426,0.06874687969684601,0.905227392911911,1.7500571363001014,0.009443614149754642,1.7500571363001014,1.7500571363001014,1.1928425668098384,1.5,1.0,1.0,1.5707963267948966,0,1.5707963267948966,1.5707963267948966,1,0.9889193896024139,1.0009103844284073,0.9839596066326907,0.9970371131481339,1.0009896654885768,1.0094443892164786,2.011080610397586,0.9990896155715927,1.0160403933673094,2.002962886851866,0.9990103345114231,0.9905556107835214
2025-11-05 16:52:28.112327,0.7583394050598145,0.0628436803817749,1.0122095346450806,1.9255975484848022,0.07305777072906494,0.7854763269424438,1.3419684767723083,0.06795072555541992,0.8988429307937622,1.7626514563893376,0.008589734489946767,1.7626514563893376,1.7626514563893376,1.189118937915253,1.5,1.0,1.0,1.5707963267948966,0,1.5707963267948966,1.5707963267948966,1,0.9873989856774273,1.0008121051376544,0.9833727733962897,0.9970371131481339,1.0009896654885768,1.0094443892164786,2.0126010143225725,0.9991878948623455,1.0166272266037102,2.002962886851866,0.9990103345114231,0.9905556107835214
2025-11-05 16:52:28.212481,0.7582731246948242,0.06308142095804214,1.0129138231277466,1.9187222719192505,0.07270840555429459,0.7711323499679565,1.3384976983070374,0.06789491325616837,0.8920230865478516,1.7762092529841005,0.008121327681618322,1.7762092529841005,1.7762092529841005,1.1854084455957081,1.5,1.0,1.0,1.5707963267948966,0,1.5707963267948966,1.5707963267948966,1,0.9856569307686278,1.0007527672680299,0.9828046940931476,0.9970371131481339,1.0009896654885768,1.0094443892164786,2.0143430692313724,0.99924723273197,1.0171953059068524,2.002962886851866,0.9990103345114231,0.9905556107835214
2025-11-05 16:52:28.312499,0.7584928870201111,0.06342098116874695,1.013720154762268,1.911871314048767,0.07053618133068085,0.7562139630317688,1.335182100534439,0.0669785812497139,0.8849670588970184,1.7904564111232202,0.0060207031983155555,1.7904564111232202,1.7904564111232202,1.181796031804129,1.5,1.0,1.0,1.5707963267948966,0,1.5707963267948966,1.5707963267948966,1,0.9837202376511355,1.0005472236823207,0.98227603512796,0.9970371131481339,1.0009896654885768,1.0094443892164786,2.0162797623488644,0.9994527763176793,1.01772396487204,2.002962886851866,0.9990103345114231,0.9905556107835214
2025-11-05 16:52:28.412581,0.7584356665611267,0.06336752325296402,1.013884425163269,1.9072688817977905,0.06956394016742706,0.7460973262786865,1.3328522741794586,0.06646573171019554,0.8799908757209778,1.7998020726288038,0.005252798126992529,1.7998020726288038,1.7998020726288038,1.1796465921379207,1.5,1.0,1.0,1.5707963267948966,0,1.5707963267948966,1.5707963267948966,1,0.9823821856734634,1.0004717929764106,0.9819620944335634,0.9970371131481339,1.0009896654885768,1.0094443892164786,2.017617814326537,0.9995282070235894,1.0180379055664366,2.002962886851866,0.9990103345114231,0.9905556107835214
2025-11-05 16:52:28.512884,0.7583969831466675,0.0633133202791214,1.0139085054397583,1.9069870710372925,0.0695791095495224,0.7455877661705017,1.33269202709198,0.0664462149143219,0.87974813580513,1.8002894769438627,0.005312125146672983,1.8002894769438627,1.8002894769438627,1.179531461741388,1.5,1.0,1.0,1.5707963267948966,0,1.5707963267948966,1.5707963267948966,1,0.982310867688059,1.000476815084841,0.981947398095842,0.9970371131481339,1.0009896654885768,1.0094443892164786,2.017689132311941,0.9995231849151589,1.018052601904158,2.002962886851866,0.9990103345114231,0.9905556107835214
2025-11-05 16:52:28.613857,0.758430004119873,0.06338001042604446,1.0138946771621704,1.9070006608963013,0.06971539556980133,0.7455514073371887,1.3327153325080872,0.0665477029979229,0.8797230422496796,1.800311825473,0.00537119009957585,1.800311825473,1.800311825473,1.1795180376633154,1.5,1.0,1.0,1.5707963267948966,0,1.5707963267948966,1.5707963267948966,1,0.9823076173999228,1.0004820799727987,0.9819477235246905,0.9967954319771015,1.0010480762828453,1.0105751446675753,2.017692382600077,0.9995179200272013,1.0180522764753095,2.0032045680228983,0.9989519237171547,0.9894248553324247
2025-11-05 16:52:28.714292,0.7583922147750854,0.06331882625818253,1.0139107704162598,1.9070050716400146,0.06955841183662415,0.7455712556838989,1.33269864320755,0.06643861904740334,0.8797410130500793,1.800300586031688,0.005289791529823405,1.800300586031688,1.800300586031688,1.1795577656691527,1.5,1.0,1.0,1.5707963267948966,0,1.5707963267948966,1.5707963267948966,1,0.9823085643690778,1.0004748802598658,0.981943796206178,0.9967954319771015,1.0010480762828453,1.0105751446675753,2.017691435630922,0.9995251197401342,1.0180562037938221,2.0032045680228983,0.9989519237171547,0.9894248553324247
2025-11-05 16:52:28.815527,0.7584071159362793,0.06339123845100403,1.0139203071594238,1.9070192575454712,0.06968002766370773,0.7455829381942749,1.3327131867408752,0.06653563305735588,0.8797516226768494,1.800298952524911,0.005331509919842025,1.800298952524911,1.800298952524911,1.17955684233739,1.5,1.0,1.0,1.5707963267948966,0,1.5707963267948966,1.5707963267948966,1,0.982308697360931,1.0004786224822328,0.9819440553106696,0.9967954319771015,1.0010480762828453,1.0105751446675753,2.017691302639069,0.9995213775177672,1.0180559446893302,2.0032045680228983,0.9989519237171547,0.9894248553324247
2025-11-05 16:52:28.920781,0.7584545612335205,0.06337925046682358,1.0138545036315918,1.9069790840148926,0.06974576413631439,0.7455863356590271,1.3327168226242065,0.06656250730156898,0.8797204196453094,1.8002587182867558,0.005397864371527815,1.8002587182867558,1.8002587182867558,1.179456197522332,1.5,1.0,1.0,1.5707963267948966,0,1.5707963267948966,1.5707963267948966,1,0.9823172247148849,1.000484306838552,0.9819576792663148,0.9967954319771015,1.0010480762828453,1.0105751446675753,2.017682775285115,0.9995156931614478,1.0180423207336853,2.0032045680228983,0.9989519237171547,0.9894248553324247
2025-11-05 16:52:29.020952,0.7584561109542847,0.06332089006900787,1.0138812065124512,1.9069901704788208,0.06962200254201889,0.7455800175666809,1.3327231407165527,0.06647144630551338,0.879730612039566,1.8002841421164246,0.00534233878011406,1.8002841421164246,1.8002841421164246,1.1794726439795127,1.5,1.0,1.0,1.5707963267948966,0,1.5707963267948966,1.5707963267948966,1,0.9823131142045272,1.0004793695795908,0.9819543179330652,0.9965430144867801,1.0010460855052794,1.0118118411091033,2.017686885795473,0.9995206304204091,1.0180456820669348,2.00345698551322,0.9989539144947205,0.9881881588908967
2025-11-05 16:52:29.121378,0.7584023475646973,0.06337298452854156,1.0138826370239258,1.9070192575454712,0.06968684494495392,0.7455716133117676,1.3327108025550842,0.06652991473674774,0.8797271251678467,1.8002762832871941,0.0053527705054674385,1.8002762832871941,1.8002762832871941,1.179555626569856,1.5,1.0,1.0,1.5707963267948966,0,1.5707963267948966,1.5707963267948966,1,0.9823121081020931,1.000480527585148,0.9819455071573776,0.9965430144867801,1.0010460855052794,1.0118118411091033,2.017687891897907,0.999519472414852,1.0180544928426225,2.00345698551322,0.9989539144947205,0.9881881588908967
2025-11-05 16:52:29.221585,0.7583898901939392,0.06330519169569016,1.0139049291610718,1.906996250152588,0.06964445114135742,0.7455602288246155,1.3326930701732635,0.06647482141852379,0.8797325789928436,1.8003061201109412,0.005374314807431478,1.8003061201109412,1.8003061201109412,1.1795531503694265,1.5,1.0,1.0,1.5707963267948966,0,1.5707963267948966,1.5707963267948966,1,0.9823075581308933,1.0004824547382718,0.9819441276953336,0.9965430144867801,1.0010460855052794,1.0118118411091033,2.0176924418691065,0.9995175452617282,1.0180558723046664,2.00345698551322,0.9989539144947205,0.9881881588908967
2025-11-05 16:52:29.321866,0.7570329308509827,0.06569457799196243,1.011654019355774,1.9070900678634644,0.06987512111663818,0.7456746697425842,1.3320614993572235,0.06778484955430031,0.8786643445491791,1.7980752235230106,0.0035415767807903424,1.7980752235230106,1.7980752235230106,1.1804210730730025,1.5,1.0,1.0,1.5707963267948966,0,1.5707963267948966,1.5707963267948966,1,0.9826285260439008,1.000319478134435,0.9819727208588462,0.9965430144867801,1.0010460855052794,1.0118118411091033,2.017371473956099,0.9996805218655652,1.0180272791411538,2.00345698551322,0.9989539144947205,0.9881881588908967
2025-11-05 16:52:29.422898,0.7570119500160217,0.0654979720711708,1.0117689371109009,1.9070721864700317,0.06966985017061234,0.7457378506660461,1.3320420682430267,0.06758391112089157,0.8787533938884735,1.7981173336047285,0.003534192256875856,1.7981173336047285,1.7981173336047285,1.1804357208228493,1.5,1.0,1.0,1.5707963267948966,0,1.5707963267948966,1.5707963267948966,1,0.9826218073799189,1.0003188379151124,0.9819686637356451,0.9965430144867801,1.0010460855052794,1.0118118411091033,2.017378192620081,0.9996811620848876,1.018031336264355,2.00345698551322,0.9989539144947205,0.9881881588908967
2025-11-05 16:52:29.524397,0.7570366263389587,0.06563537567853928,1.0117113590240479,1.9070088863372803,0.06973975151777267,0.7455546855926514,1.3320227563381195,0.06768756359815598,0.8786330223083496,1.798237789969299,0.003477177497817232,1.798237789969299,1.798237789969299,1.180378083276178,1.5,1.0,1.0,1.5707963267948966,0,1.5707963267948966,1.5707963267948966,1,0.9826052129762552,1.0003135944033374,0.9819680501120266,0.9965430144867801,1.0010460855052794,1.0118118411091033,2.0173947870237448,0.9996864055966627,1.0180319498879733,2.00345698551322,0.9989539144947205,0.9881881588908967
2025-11-05 16:52:29.624636,0.7569807767868042,0.06561693549156189,1.0117322206497192,1.9069615602493286,0.069734126329422,0.7456102967262268,1.3319711685180664,0.06767553091049194,0.878671258687973,1.7982074804375412,0.0034880327356666225,1.7982074804375412,1.7982074804375412,1.1803785968858542,1.5,1.0,1.0,1.5707963267948966,0,1.5707963267948966,1.5707963267948966,1,0.9826097556830274,1.0003145742389337,0.981969749655887,0.9962747179374181,1.0011080101906336,1.013160903764383,2.0173902443169727,0.9996854257610662,1.018030250344113,2.003725282062582,0.9988919898093663,0.986839096235617
2025-11-05 16:52:29.731124,0.756998598575592,0.06566283106803894,1.0116829872131348,1.907002568244934,0.0697527751326561,0.7455474734306335,1.332000583410263,0.06770780310034752,0.8786152303218842,1.7982142684024391,0.003464874492501908,1.7982142684024391,1.7982142684024391,1.18040415519176,1.5,1.0,1.0,1.5707963267948966,0,1.5707963267948966,1.5707963267948966,1,0.9826081256087221,1.000312530068931,0.9819665044697006,0.9962747179374181,1.0011080101906336,1.013160903764383,2.017391874391278,0.9996874699310688,1.0180334955302994,2.003725282062582,0.9988919898093663,0.986839096235617
2025-11-05 16:52:29.831944,0.7569856643676758,0.06564439088106155,1.01170814037323,1.9071073532104492,0.06970108300447464,0.7457805871963501,1.3320465087890625,0.0676727369427681,0.87874436378479,1.7980201522705397,0.0034365072434734516,1.7980201522705397,1.7980201522705397,1.1804718630429867,1.5,1.0,1.0,1.5707963267948966,0,1.5707963267948966,1.5707963267948966,1,0.9826357735350385,1.000310087837298,0.9819701705255527,0.9962747179374181,1.0011080101906336,1.013160903764383,2.0173642264649616,0.9996899121627021,1.0180298294744472,2.003725282062582,0.9988919898093663,0.986839096235617
2025-11-05 16:52:29.931963,0.7570352554321289,0.06566081941127777,1.0116996765136719,1.907122254371643,0.0697747990489006,0.7456716299057007,1.332078754901886,0.06771780923008919,0.8786856532096863,1.7981097153071535,0.0034850692159253153,1.7981097153071535,1.7981097153071535,1.1804609064006353,1.5,1.0,1.0,1.5707963267948966,0,1.5707963267948966,1.5707963267948966,1,0.9826224219175717,1.0003144504103603,0.9819662651600758,0.9962747179374181,1.0011080101906336,1.013160903764383,2.0173775780824283,0.9996855495896397,1.0180337348399242,2.003725282062582,0.9988919898093663,0.986839096235617
2025-11-05 16:52:30.032726,0.7565499544143677,0.06536591053009033,1.011348009109497,1.9069970846176147,0.06963757425546646,0.7456405162811279,1.3317735195159912,0.0675017423927784,0.8784942626953125,1.7977764754189136,0.003617792634940211,1.7977764754189136,1.7977764754189136,1.1807401569562235,1.5,1.0,1.0,1.5707963267948966,0,1.5707963267948966,1.5707963267948966,1,0.9826652900033871,1.0003269301729167,0.9819547525543162,0.9959911552092544,1.0011640153545032,1.014591960768685,2.017334709996613,0.9996730698270833,1.0180452474456838,2.0040088447907456,0.9988359846454969,0.9854080392313149
2025-11-05 16:52:30.133490,0.7569830417633057,0.065831258893013,1.0116885900497437,1.9070056676864624,0.06983766704797745,0.7455136179924011,1.331994354724884,0.06783446297049522,0.8786011040210724,1.7982432715417773,0.0033940281525196465,1.7982432715417773,1.7982432715417773,1.1804309413054301,1.5,1.0,1.0,1.5707963267948966,0,1.5707963267948966,1.5707963267948966,1,0.9826032095936643,1.0003061855673985,0.9819617969596195,0.9959911552092544,1.0011640153545032,1.014591960768685,2.0173967904063357,0.9996938144326015,1.0180382030403805,2.0040088447907456,0.9988359846454969,0.9854080392313149
2025-11-05 16:52:30.233557,0.7570034265518188,0.06559035927057266,1.0117512941360474,1.9069139957427979,0.06724604219198227,0.7452143430709839,1.3319587111473083,0.06641820073127747,0.8784828186035156,1.7985634385953337,0.0014026487015336175,1.7985634385953337,1.7985634385953337,1.1803978162916593,1.5,1.0,1.0,1.5707963267948966,0,1.5707963267948966,1.5707963267948966,1,0.9825586643765591,1.0001265167970002,0.9819456809536814,0.9959911552092544,1.0011640153545032,1.014591960768685,2.017441335623441,0.999873483203,1.0180543190463185,2.0040088447907456,0.9988359846454969,0.9854080392313149
2025-11-05 16:52:30.334177,0.7570013999938965,0.06555787473917007,1.011765480041504,1.9069149494171143,0.06911086291074753,0.7455170750617981,1.3319581747055054,0.0673343688249588,0.878641277551651,1.7983247208651318,0.0030101446908403855,1.7983247208651318,1.7983247208651318,1.1803397849883261,1.5,1.0,1.0,1.5707963267948966,0,1.5707963267948966,1.5707963267948966,1,0.982594015647862,1.0002714186476798,0.9819668586629128,0.9959911552092544,1.0011640153545032,1.014591960768685,2.017405984352138,0.9997285813523201,1.0180331413370873,2.0040088447907456,0.9988359846454969,0.9854080392313149
2025-11-05 16:52:30.434631,0.7570152878761292,0.06555785238742828,1.0117682218551636,1.907061219215393,0.0693291649222374,0.7456700801849365,1.332038253545761,0.06744350865483284,0.87871915102005,1.798175409124372,0.003194853755564587,1.798175409124372,1.798175409124372,1.1804355501206232,1.5,1.0,1.0,1.5707963267948966,0,1.5707963267948966,1.5707963267948966,1,0.9826137608846391,1.0002882256914418,0.9819650105560784,0.9957211017948459,1.0011728774144655,1.0161304343643918,2.017386239115361,0.9997117743085581,1.0180349894439216,2.004278898205154,0.9988271225855345,0.9838695656356081
2025-11-05 16:52:30.534701,0.7570278644561768,0.0655989721417427,1.0117229223251343,1.9070643186569214,0.06941041350364685,0.7456849813461304,1.332046091556549,0.06750469282269478,0.8787039518356323,1.798127531748198,0.00322891088412486,1.798127531748198,1.798127531748198,1.1804128765462636,1.5,1.0,1.0,1.5707963267948966,0,1.5707963267948966,1.5707963267948966,1,0.9826215054180724,1.0002912614213035,0.9819703123091842,0.9957211017948459,1.0011728774144655,1.0161304343643918,2.0173784945819278,0.9997087385786964,1.0180296876908157,2.004278898205154,0.9988271225855345,0.9838695656356081
2025-11-05 16:52:30.634957,0.7565509676933289,0.06544914841651917,1.0113768577575684,1.9073216915130615,0.07024192810058594,0.7458967566490173,1.3319363296031952,0.06784553825855255,0.8786368072032928,1.797527211799602,0.004058227956088269,1.797527211799602,1.797527211799602,1.181006313963773,1.5,1.0,1.0,1.5707963267948966,0,1.5707963267948966,1.5707963267948966,1,0.9826950287962308,1.0003672682780698,0.981940270062204,0.9957211017948459,1.0011728774144655,1.0161304343643918,2.017304971203769,0.9996327317219302,1.018059729937796,2.004278898205154,0.9988271225855345,0.9838695656356081
2025-11-05 16:52:30.735373,0.7570385336875916,0.0655464306473732,1.0117526054382324,1.9070528745651245,0.06938525289297104,0.7456837296485901,1.332045704126358,0.06746584177017212,0.8787181675434113,1.798157286911096,0.003252146930655973,1.798157286911096,1.798157286911096,1.180398393528297,1.5,1.0,1.0,1.5707963267948966,0,1.5707963267948966,1.5707963267948966,1,0.982617334215012,1.0002933337569566,0.981970222786687,0.9957211017948459,1.0011728774144655,1.0161304343643918,2.017382665784988,0.9997066662430434,1.018029777213313,2.004278898205154,0.9988271225855345,0.9838695656356081
2025-11-05 16:52:30.840801,0.7569955587387085,0.06559356302022934,1.0117535591125488,1.9070326089859009,0.06928651034832001,0.7456592321395874,1.3320140838623047,0.06744003668427467,0.8787063956260681,1.7981739566834762,0.003128492602878036,1.7981739566834762,1.7981739566834762,1.180425789979372,1.5,1.0,1.0,1.5707963267948966,0,1.5707963267948966,1.5707963267948966,1,0.9826143632452283,1.0002822238901696,0.9819661156978992,0.995433912624253,1.0011539408305434,1.0177716746783498,2.0173856367547716,0.9997177761098304,1.0180338843021008,2.004566087375747,0.9988460591694566,0.98222832532165
2025-11-05 16:52:30.984811,0.7570059895515442,0.06567893177270889,1.0117027759552002,1.9069139957427979,0.06729451566934586,0.7451581358909607,1.331959992647171,0.06648672372102737,0.8784304559230804,1.7985702745630314,0.0013686788435079765,1.7985702745630314,1.7985702745630314,1.180397000149122,1.5,1.0,1.0,1.5707963267948966,0,1.5707963267948966,1.5707963267948966,1,0.9825576806840706,1.0001234522358171,0.9819453649475249,0.995433912624253,1.0011539408305434,1.0177716746783498,2.017442319315929,0.9998765477641829,1.018054635052475,2.004566087375747,0.9988460591694566,0.98222832532165
2025-11-05 16:52:31.090831,0.7565832138061523,0.06669726222753525,1.0116081237792969,1.9070310592651367,0.06949209421873093,0.7456755042076111,1.3318071365356445,0.06809467822313309,0.878641813993454,1.7979621075189047,0.002366925046753645,1.7979621075189047,1.7979621075189047,1.1807871164436616,1.5,1.0,1.0,1.5707963267948966,0,1.5707963267948966,1.5707963267948966,1,0.9826384355241026,1.000213951967648,0.9819377517482157,0.995433912624253,1.0011539408305434,1.0177716746783498,2.0173615644758973,0.9997860480323519,1.0180622482517843,2.004566087375747,0.9988460591694566,0.98222832532165
2025-11-05 16:52:31.192005,0.7566255927085876,0.0668306052684784,1.0115597248077393,1.9070554971694946,0.06933892518281937,0.7456722855567932,1.3318405449390411,0.06808476522564888,0.8786160051822662,1.7979282487432007,0.002124330356000527,1.7979282487432007,1.7979282487432007,1.1807588183444364,1.5,1.0,1.0,1.5707963267948966,0,1.5707963267948966,1.5707963267948966,1,0.9826446174386563,1.0001919936914732,0.9819426875068237,0.995433912624253,1.0011539408305434,1.0177716746783498,2.0173553825613437,0.9998080063085267,1.0180573124931764,2.004566087375747,0.9988460591694566,0.98222832532165
2025-11-05 16:52:31.292330,0.756833016872406,0.06520867347717285,1.0117775201797485,1.907069206237793,0.06943012773990631,0.7457221150398254,1.3319511115550995,0.06731940060853958,0.878749817609787,1.798103814150961,0.0035756543105845357,1.798103814150961,1.798103814150961,1.180612802999386,1.5,1.0,1.0,1.5707963267948966,0,1.5707963267948966,1.5707963267948966,1,0.9826192195554195,1.0003228947902874,0.9819498770879824,0.995125977299991,1.0011168171242577,1.01953053745651,2.0173807804445807,0.9996771052097126,1.0180501229120176,2.004874022700009,0.9988831828757422,0.98046946254349
2025-11-05 16:52:31.400569,0.7573997974395752,0.0642058402299881,1.0122931003570557,1.9070552587509155,0.06987301260232925,0.7457799315452576,1.3322275280952454,0.06703942641615868,0.8790365159511566,1.7985926181680811,0.004802070539782437,1.7985926181680811,1.7985926181680811,1.1801563734165885,1.5,1.0,1.0,1.5707963267948966,0,1.5707963267948966,1.5707963267948966,1,0.982553791534074,1.0004325383634463,0.9819737931098894,0.995125977299991,1.0011168171242577,1.01953053745651,2.017446208465926,0.9995674616365539,1.0180262068901107,2.004874022700009,0.9988831828757422,0.98046946254349
2025-11-05 16:52:31.501064,0.7573468685150146,0.06421234458684921,1.0122791528701782,1.9069328308105469,0.06928206980228424,0.7456676959991455,1.3321398496627808,0.06674720719456673,0.8789734244346619,1.798687054435041,0.004295996762064543,1.798687054435041,1.798687054435041,1.1801081542619725,1.5,1.0,1.0,1.5707963267948966,0,1.5707963267948966,1.5707963267948966,1,0.9825421992370722,1.0003868552396287,0.9819730723014066,0.995125977299991,1.0011168171242577,1.01953053745651,2.017457800762928,0.9996131447603712,1.0180269276985934,2.004874022700009,0.9988831828757422,0.98046946254349
2025-11-05 16:52:31.601914,0.757308304309845,0.06429135799407959,1.0122617483139038,1.9069198369979858,0.06924731284379959,0.7456817030906677,1.3321140706539154,0.06676933541893959,0.8789717257022858,1.798656229941256,0.004199527494311513,1.798656229941256,1.798656229941256,1.1801254840436552,1.5,1.0,1.0,1.5707963267948966,0,1.5707963267948966,1.5707963267948966,1,0.9825466765872928,1.000378205282369,0.9819727998436663,0.995125977299991,1.0011168171242577,1.01953053745651,2.0174533234127074,0.9996217947176309,1.0180272001563337,2.004874022700009,0.9988831828757422,0.98046946254349
2025-11-05 16:52:31.710524,0.7639304399490356,0.06324097514152527,1.0098347663879395,1.9069623947143555,0.06943923979997635,0.7456539869308472,1.3354464173316956,0.06634010747075081,0.8777443766593933,1.797930868857972,0.005283325707484629,1.797930868857972,1.797930868857972,1.173180272734741,1.5,1.0,1.0,1.5707963267948966,0,1.5707963267948966,1.5707963267948966,1,0.9828307273703805,1.0004574529291936,0.9827843915592773,0.9947951748963939,1.0010947766147629,1.0214660168075407,2.0171692726296193,0.9995425470708065,1.0172156084407227,2.0052048251036063,0.9989052233852371,0.9785339831924594
2025-11-05 16:52:31.810680,0.772207498550415,0.0635899156332016,1.0104928016662598,1.907059907913208,0.06973998993635178,0.7458216547966003,1.3396337032318115,0.06666495278477669,0.87815722823143,1.799921501183449,0.005277593193604904,1.799921501183449,1.799921501183449,1.1653234016511345,1.5,1.0,1.0,1.5707963267948966,0,1.5707963267948966,1.5707963267948966,1,0.982736833759696,1.0004362242547722,0.983553300400241,0.9947951748963939,1.0010947766147629,1.0214660168075407,2.017263166240304,0.9995637757452278,1.016446699599759,2.0052048251036063,0.9989052233852371,0.9785339831924594
2025-11-05 16:52:31.911349,0.8170406222343445,0.06409291923046112,1.003509759902954,1.9070703983306885,0.06948240101337433,0.7456950545310974,1.3620555102825165,0.06678766012191772,0.8746024072170258,1.8030489993971448,0.004811552685974043,1.8030489993971448,1.8030489993971448,1.1201171285167062,1.5,1.0,1.0,1.5707963267948966,0,1.5707963267948966,1.5707963267948966,1,0.9834787542778776,1.0002889530357797,0.9885056352633574,0.9947951748963939,1.0010947766147629,1.0214660168075407,2.0165212457221227,0.9997110469642203,1.0114943647366426,2.0052048251036063,0.9989052233852371,0.9785339831924594
2025-11-05 16:52:32.011620,0.8170406222343445,0.06409291923046112,1.003509759902954,1.9070475101470947,0.06938976794481277,0.745729923248291,1.3620440661907196,0.06674134358763695,0.8746198415756226,1.8030234079376197,0.004728982080155855,1.8030234079376197,1.8030234079376197,1.1200863879581995,1.5,1.0,1.0,1.5707963267948966,0,1.5707963267948966,1.5707963267948966,1,0.9834833948849568,1.0002839223875402,0.9885097319398108,0.9947951748963939,1.0010947766147629,1.0214660168075407,2.016516605115043,0.9997160776124598,1.0114902680601892,2.0052048251036063,0.9989052233852371,0.9785339831924594
2025-11-05 16:52:32.112996,0.8170406222343445,0.06409291923046112,1.003509759902954,1.9070388078689575,0.06937192380428314,0.7457377314567566,1.362039715051651,0.06673242151737213,0.8746237456798553,1.8030184119554897,0.004713094413304994,1.8030184119554897,1.8030184119554897,1.1200760381444226,1.5,1.0,1.0,1.5707963267948966,0,1.5707963267948966,1.5707963267948966,1,0.9834844159061922,1.0002829442606695,0.98851102349682,0.9947951748963939,1.0010947766147629,1.0214660168075407,2.016515584093808,0.9997170557393305,1.01148897650318,2.0052048251036063,0.9989052233852371,0.9785339831924594
2025-11-05 16:52:32.221736,1.0057553052902222,0.06681723892688751,0.9923482537269592,1.906864047050476,0.06806570291519165,0.7454867362976074,1.4563096761703491,0.06744147092103958,0.8689174950122833,1.8381889665110425,0.0013362390759476168,1.8381889665110425,1.8381889665110425,0.9343121169751574,1.5,1.0,1.0,1.5707963267948966,0,1.5707963267948966,1.5707963267948966,1,0.9847636073851215,0.999956112283474,1.0116339973397501,0.9947951748963939,1.0010947766147629,1.0214660168075407,2.0152363926148786,1.0000438877165259,0.9883660026602499,2.0052048251036063,0.9989052233852371,0.9785339831924594
2025-11-05 16:52:32.322546,1.0057553052902222,0.06681723892688751,0.9923482537269592,1.9070507287979126,0.06938619166612625,0.74567049741745,1.4564030170440674,0.06810171529650688,0.8690093755722046,1.8379465167567666,0.0027491744313953644,1.8379465167567666,1.8379465167567666,0.9344463362933032,1.5,1.0,1.0,1.5707963267948966,0,1.5707963267948966,1.5707963267948966,1,0.9847848539121871,0.9999098876494249,1.0116017082541444,0.9944837911249067,1.00103596195817,1.0234966830744374,2.015215146087813,1.0000901123505752,0.9883982917458556,2.0055162088750933,0.9989640380418301,0.9765033169255625
2025-11-05 16:52:32.422641,1.0057553052902222,0.06681723892688751,0.9923482537269592,1.9070433378219604,0.0693928524851799,0.7456678748130798,1.4563993215560913,0.0681050457060337,0.8690080642700195,1.8379513118086797,0.002756321481391958,1.8379513118086797,1.8379513118086797,0.9344399181922979,1.5,1.0,1.0,1.5707963267948966,0,1.5707963267948966,1.5707963267948966,1,0.9847845368700143,0.9999096445222116,1.0116028493778237,0.9944837911249067,1.00103596195817,1.0234966830744374,2.0152154631299855,1.0000903554777882,0.9883971506221763,2.0055162088750933,0.9989640380418301,0.9765033169255625
2025-11-05 16:52:32.523206,1.0082252025604248,0.06573409587144852,0.9700432419776917,1.9069015979766846,0.0672442838549614,0.7451594471931458,1.4575634002685547,0.06648918986320496,0.8576013445854187,1.8159998265790067,0.0016301906523610876,1.8159998265790067,1.8159998265790067,0.9263877511619014,1.5,1.0,1.0,1.5707963267948966,0,1.5707963267948966,1.5707963267948966,1,0.987384331254554,0.9999399983577052,1.0111977101220269,0.9944837911249067,1.00103596195817,1.0234966830744374,2.012615668745446,1.0000600016422947,0.988802289877973,2.0055162088750933,0.9989640380418301,0.9765033169255625
2025-11-05 16:52:32.623390,1.0082252025604248,0.06573409587144852,0.9700432419776917,1.907044529914856,0.06942279636859894,0.7456856966018677,1.4576348662376404,0.06757844612002373,0.8578644692897797,1.815411304427545,0.003981747200385548,1.815411304427545,1.815411304427545,0.926404931930036,1.5,1.0,1.0,1.5707963267948966,0,1.5707963267948966,1.5707963267948966,1,0.9874407911528854,0.9998534721620553,1.0111598749140895,0.9944837911249067,1.00103596195817,1.0234966830744374,2.0125592088471147,1.0001465278379447,0.9888401250859105,2.0055162088750933,0.9989640380418301,0.9765033169255625
2025-11-05 16:52:32.723503,0.9972894191741943,0.06455236673355103,0.9569159746170044,1.9070628881454468,0.0693720206618309,0.7456737160682678,1.4521761536598206,0.06696219369769096,0.8512948453426361,1.798945727660023,0.00516031617171775,1.798945727660023,1.798945727660023,0.9339883755726011,1.5,1.0,1.0,1.5707963267948966,0,1.5707963267948966,1.5707963267948966,1,0.9888536628502883,0.9998296589390231,1.0093068049650715,0.9941743838400345,1.0010195529927797,1.02565013318895,2.011146337149712,1.000170341060977,0.9906931950349285,2.0058256161599655,0.9989804470072203,0.9743498668110501
2025-11-05 16:52:32.830821,0.9972894191741943,0.06455236673355103,0.9569159746170044,1.9070416688919067,0.06939920037984848,0.7456633448600769,1.4521655440330505,0.06697578355669975,0.8512896597385406,1.7989616831222959,0.005189518293259844,1.7989616831222959,1.7989616831222959,0.9339701929087734,1.5,1.0,1.0,1.5707963267948966,0,1.5707963267948966,1.5707963267948966,1,0.9888525352448887,0.9998286475679901,1.009309753641643,0.9941743838400345,1.0010195529927797,1.02565013318895,2.011147464755111,1.00017135243201,0.9906902463583569,2.0058256161599655,0.9989804470072203,0.9743498668110501
2025-11-05 16:52:32.931425,0.9972894191741943,0.06455236673355103,0.9569159746170044,1.9070509672164917,0.06940388679504395,0.7456834316253662,1.452170193195343,0.06697812676429749,0.8512997031211853,1.798938481568692,0.005194510854382464,1.798938481568692,1.798938481568692,0.9339747313294608,1.5,1.0,1.0,1.5707963267948966,0,1.5707963267948966,1.5707963267948966,1,0.9888546423526369,0.9998284944657179,1.0093079490804087,0.9941743838400345,1.0010195529927797,1.02565013318895,2.0111453576473632,1.0001715055342821,0.9906920509195913,2.0058256161599655,0.9989804470072203,0.9743498668110501
2025-11-05 16:52:33.032595,0.9972894191741943,0.06455236673355103,0.9569159746170044,1.9070460796356201,0.06852957606315613,0.7454928755760193,1.4521677494049072,0.06654097139835358,0.8512044250965118,1.7991383999094601,0.004258226146347022,1.7991383999094601,1.7991383999094601,0.9340089540556191,1.5,1.0,1.0,1.5707963267948966,0,1.5707963267948966,1.5707963267948966,1,0.9888362595888349,0.9998594860065109,1.0093145013848714,0.9941743838400345,1.0010195529927797,1.02565013318895,2.011163740411165,1.0001405139934891,0.9906854986151286,2.0058256161599655,0.9989804470072203,0.9743498668110501
2025-11-05 16:52:33.132936,0.9972894191741943,0.06455236673355103,0.9569159746170044,1.9070649147033691,0.0684857964515686,0.7455168962478638,1.4521771669387817,0.06651908159255981,0.8512164354324341,1.7991087849923477,0.0042112955602590105,1.7991087849923477,1.7991087849923477,0.9340216777302464,1.5,1.0,1.0,1.5707963267948966,0,1.5707963267948966,1.5707963267948966,1,0.988838864570052,0.9998610616762381,1.0093113796670283,0.9938568038434942,1.0008381453875153,1.0279039418938174,2.011161135429948,1.000138938323762,0.9906886203329717,2.006143196156506,0.9991618546124847,0.9720960581061825
2025-11-05 16:52:33.233916,0.9972894191741943,0.06455236673355103,0.9569159746170044,1.907037377357483,0.06942906230688095,0.7456898093223572,1.4521633982658386,0.06699071452021599,0.8513028919696808,1.7989351207311093,0.005221547797188738,1.7989351207311093,1.7989351207311093,0.9339601824935896,1.5,1.0,1.0,1.5707963267948966,0,1.5707963267948966,1.5707963267948966,1,0.9888552854225818,0.9998275635914541,1.0093094049271571,0.9938568038434942,1.0008381453875153,1.0279039418938174,2.0111447145774184,1.0001724364085458,0.9906905950728429,2.006143196156506,0.9991618546124847,0.9720960581061825
2025-11-05 16:52:33.341261,0.9972894191741943,0.06455236673355103,0.9569159746170044,1.9070683717727661,0.06934437155723572,0.7456820607185364,1.4521788954734802,0.06694836914539337,0.8512990176677704,1.7989356967394996,0.0051306943221502335,1.7989356967394996,1.7989356967394996,0.9339916874803811,1.5,1.0,1.0,1.5707963267948966,0,1.5707963267948966,1.5707963267948966,1,0.988854604228302,0.9998306454816172,1.0093058418768333,0.9938568038434942,1.0008381453875153,1.0279039418938174,2.011145395771698,1.0001693545183827,0.9906941581231667,2.006143196156506,0.9991618546124847,0.9720960581061825
2025-11-05 16:52:33.442108,0.9972894191741943,0.06455236673355103,0.9569159746170044,1.9070359468460083,0.06934168189764023,0.7456668019294739,1.4521626830101013,0.06694702431559563,0.8512913882732391,1.7989594633079788,0.005127969076032704,1.7989594633079788,1.7989594633079788,0.9339635405688113,1.5,1.0,1.0,1.5707963267948966,0,1.5707963267948966,1.5707963267948966,1,0.9888530473560331,0.9998306632910695,1.0093103038210185,0.9938568038434942,1.0008381453875153,1.0279039418938174,2.011146952643967,1.0001693367089306,0.9906896961789815,2.006143196156506,0.9991618546124847,0.9720960581061825
2025-11-05 16:52:33.542513,0.9972894191741943,0.06455236673355103,0.9569159746170044,1.907064437866211,0.06940130889415741,0.7456843852996826,1.4521769285202026,0.06697683781385422,0.8513001799583435,1.7989342249284914,0.005191679011993068,1.7989342249284914,1.7989342249284914,0.9339876236876256,1.5,1.0,1.0,1.5707963267948966,0,1.5707963267948966,1.5707963267948966,1,0.9888547253955076,0.9998286214527398,1.0093062741603407,0.9935007264880626,1.000758208963449,1.0304023930792174,2.0111452746044924,1.0001713785472601,0.9906937258396593,2.0064992735119374,0.9992417910365509,0.9695976069207825
2025-11-05 16:52:33.642637,0.9972894191741943,0.06455236673355103,0.9569159746170044,1.9070501327514648,0.06938264518976212,0.7456846237182617,1.4521697759628296,0.06696750596165657,0.8513002991676331,1.798937440332297,0.00517177391910566,1.798937440332297,1.798937440332297,0.9339735387906323,1.5,1.0,1.0,1.5707963267948966,0,1.5707963267948966,1.5707963267948966,1,0.9888548203914621,0.9998292422632838,1.009307999202241,0.9935007264880626,1.000758208963449,1.0304023930792174,2.011145179608538,1.0001707577367163,0.9906920007977591,2.0064992735119374,0.9992417910365509,0.9695976069207825
