time_s,x,y,z
20250828_143125,1.0303914546966553,0.1147804707288742,2.979158878326416
20250828_143125,1.030405044555664,0.1147616058588028,2.9792261123657227
20250828_143125,1.0303447246551514,0.11490273475646973,2.9792566299438477
20250828_143125,1.030423641204834,0.11463266611099243,2.9791314601898193
20250828_143125,1.0304621458053589,0.11474736779928207,2.979085683822632
20250828_143125,1.0305147171020508,0.11471148580312729,2.9790914058685303
20250828_143125,1.030456304550171,0.11477549374103546,2.9792020320892334
20250828_143125,1.0303667783737183,0.11460789293050766,2.9791157245635986
20250828_143125,1.0304018259048462,0.11460927873849869,2.9791293144226074
20250828_143125,1.0304242372512817,0.11495589464902878,2.9792368412017822
20250828_143125,1.0304616689682007,0.11466489732265472,2.97910737991333
20250828_143125,1.030333399772644,0.11439378559589386,2.9790256023406982
20250828_143125,1.0303988456726074,0.11476729065179825,2.9792215824127197
20250828_143125,1.030400037765503,0.11461341381072998,2.9791367053985596
20250828_143125,1.0304040908813477,0.11465760320425034,2.9791150093078613
20250828_143125,1.030480146408081,0.11482840776443481,2.9791500568389893
20250828_143125,1.0305227041244507,0.11488965898752213,2.9792068004608154
20250828_143125,1.0304431915283203,0.11466440558433533,2.979135036468506
20250828_143125,1.030417561531067,0.11465343087911606,2.9791743755340576
20250828_143125,1.0304752588272095,0.11480720341205597,2.97930645942688
20250828_143125,1.0305615663528442,0.11465662717819214,2.979220151901245
20250828_143125,1.0306226015090942,0.11493158340454102,2.979297637939453
20250828_143125,1.0307482481002808,0.11507395654916763,2.9794304370880127
20250828_143125,1.030591368675232,0.11449799686670303,2.9792141914367676
20250828_143125,1.0306594371795654,0.11482773721218109,2.9792821407318115
20250828_143125,1.0305331945419312,0.11472157388925552,2.979365348815918
20250828_143125,1.030558466911316,0.11472950130701065,2.979395866394043
20250828_143125,1.0305134057998657,0.11458142846822739,2.9793736934661865
20250828_143125,1.0302895307540894,0.11512888967990875,2.9794135093688965
20250828_143125,1.030377745628357,0.11604253947734833,2.979546308517456
20250828_143125,1.0300847291946411,0.11612232774496078,2.979217767715454
20250828_143125,1.030023217201233,0.11719940602779388,2.9791531562805176
20250828_143125,1.0298113822937012,0.11838109791278839,2.9790351390838623
20250828_143125,1.0296478271484375,0.11993657052516937,2.9789071083068848
20250828_143125,1.0298165082931519,0.12158060073852539,2.978742837905884
20250828_143125,1.0298128128051758,0.12337087094783783,2.978403091430664
20250828_143125,1.0295252799987793,0.1262749880552292,2.9782512187957764
20250828_143125,1.0295066833496094,0.1286090910434723,2.9778549671173096
20250828_143125,1.029284119606018,0.13159160315990448,2.9776248931884766
20250828_143125,1.0290697813034058,0.13517777621746063,2.977285385131836
20250828_143125,1.0291224718093872,0.13881085813045502,2.976973295211792
20250828_143125,1.0291322469711304,0.14281104505062103,2.976741075515747
20250828_143125,1.0289841890335083,0.14739073812961578,2.976372718811035
20250828_143126,1.028983473777771,0.1517518311738968,2.976069927215576
20250828_143126,1.0287872552871704,0.1568155586719513,2.9758288860321045
20250828_143126,1.0289210081100464,0.16176922619342804,2.9755427837371826
20250828_143126,1.0288476943969727,0.16748352348804474,2.9751944541931152
20250828_143126,1.028786063194275,0.17342732846736908,2.974893569946289
20250828_143126,1.0289403200149536,0.17908944189548492,2.974484443664551
20250828_143126,1.0288342237472534,0.18548375368118286,2.9740993976593018
20250828_143126,1.0290603637695312,0.19154946506023407,2.9734933376312256
20250828_143126,1.0290625095367432,0.19825540482997894,2.973104953765869
20250828_143126,1.0291036367416382,0.20538166165351868,2.9725773334503174
20250828_143126,1.0292569398880005,0.21201784908771515,2.972064971923828
20250828_143126,1.029539942741394,0.21911415457725525,2.9714431762695312
20250828_143126,1.0295575857162476,0.22680871188640594,2.971001625061035
20250828_143126,1.0296217203140259,0.23468823730945587,2.970686674118042
20250828_143126,1.0299912691116333,0.24192170798778534,2.9701106548309326
20250828_143126,1.030362606048584,0.24923478066921234,2.969590663909912
20250828_143126,1.030470848083496,0.25709667801856995,2.9692575931549072
20250828_143126,1.0306437015533447,0.2652072608470917,2.9687774181365967
20250828_143126,1.0308946371078491,0.27353668212890625,2.968410015106201
20250828_143126,1.031325101852417,0.28155335783958435,2.9679038524627686
20250828_143126,1.0316399335861206,0.2898413836956024,2.9676012992858887
20250828_143126,1.0319020748138428,0.29815569519996643,2.967153549194336
20250828_143126,1.0322294235229492,0.30618879199028015,2.966768503189087
20250828_143126,1.0324513912200928,0.3148157596588135,2.9663240909576416
20250828_143126,1.0328497886657715,0.32358014583587646,2.9659273624420166
20250828_143126,1.033074975013733,0.3321690857410431,2.965468406677246
20250828_143126,1.0335596799850464,0.34116917848587036,2.965026617050171
20250828_143126,1.03401780128479,0.3495575785636902,2.9645512104034424
20250828_143126,1.0342051982879639,0.3582412004470825,2.9640989303588867
20250828_143126,1.0344884395599365,0.36697861552238464,2.9637532234191895
20250828_143126,1.0348461866378784,0.37602201104164124,2.96317720413208
20250828_143126,1.0353095531463623,0.3852904140949249,2.962831497192383
20250828_143126,1.0357122421264648,0.3942963182926178,2.962376832962036
20250828_143126,1.036030888557434,0.4031672477722168,2.9618518352508545
20250828_143126,1.0362671613693237,0.4119161367416382,2.961498260498047
20250828_143126,1.0365628004074097,0.4210926592350006,2.9610612392425537
20250828_143126,1.0370324850082397,0.43031781911849976,2.9606003761291504
20250828_143126,1.0374385118484497,0.43947264552116394,2.960054874420166
20250828_143126,1.0377923250198364,0.4482680559158325,2.959608793258667
20250828_143126,1.0380789041519165,0.4574848413467407,2.959152936935425
20250828_143126,1.0384248495101929,0.46660786867141724,2.9586663246154785
20250828_143126,1.038724422454834,0.4755427837371826,2.9582810401916504
20250828_143126,1.0390191078186035,0.48452645540237427,2.95780873298645
20250828_143126,1.0393211841583252,0.49346059560775757,2.9573774337768555
20250828_143126,1.0397064685821533,0.5027248859405518,2.9569313526153564
20250828_143126,1.0400470495224,0.5117584466934204,2.956488609313965
20250828_143126,1.0402644872665405,0.5206748843193054,2.9559860229492188
20250828_143126,1.040453553199768,0.5294082164764404,2.9554805755615234
20250828_143126,1.0406476259231567,0.5380896925926208,2.9550743103027344
20250828_143126,1.0407965183258057,0.5472089648246765,2.954629421234131
20250828_143126,1.0410857200622559,0.55609530210495,2.9542312622070312
20250828_143126,1.041296362876892,0.5650536417961121,2.953810691833496
20250828_143126,1.0414758920669556,0.573611855506897,2.9534785747528076
20250828_143126,1.041471004486084,0.5823869109153748,2.9530036449432373
20250828_143126,1.041687250137329,0.5909901857376099,2.9527289867401123
20250828_143126,1.0418026447296143,0.5996257066726685,2.9523212909698486
20250828_143126,1.0420002937316895,0.6081070899963379,2.9520277976989746
20250828_143126,1.042167067527771,0.6165766716003418,2.951580047607422
20250828_143126,1.042210578918457,0.6253050565719604,2.951259136199951
20250828_143126,1.042220115661621,0.6337223052978516,2.950927257537842
20250828_143126,1.0421441793441772,0.6420223116874695,2.9505155086517334
20250828_143126,1.0422171354293823,0.6502460837364197,2.9502246379852295
20250828_143126,1.0421555042266846,0.6586677432060242,2.9498655796051025
20250828_143126,1.042250156402588,0.6666027903556824,2.949545383453369
20250828_143126,1.0422221422195435,0.6749245524406433,2.949110746383667
20250828_143126,1.0422039031982422,0.6829527020454407,2.948798894882202
20250828_143126,1.0422559976577759,0.6908122897148132,2.9484617710113525
20250828_143126,1.0421886444091797,0.6985949873924255,2.9479827880859375
20250828_143126,1.0421481132507324,0.7063680291175842,2.947746753692627
20250828_143126,1.0421277284622192,0.7140909433364868,2.947460412979126
20250828_143126,1.0420639514923096,0.7217368483543396,2.947167158126831
20250828_143126,1.0419628620147705,0.729630172252655,2.9468517303466797
20250828_143126,1.0419055223464966,0.7370473742485046,2.9466564655303955
20250828_143126,1.0417832136154175,0.7443453669548035,2.946355104446411
20250828_143126,1.0416147708892822,0.7516754865646362,2.946049451828003
20250828_143126,1.0415573120117188,0.7589834928512573,2.9458134174346924
20250828_143126,1.041487693786621,0.7662914395332336,2.945446252822876
20250828_143126,1.0414538383483887,0.7732751369476318,2.9452545642852783
20250828_143126,1.0412403345108032,0.7805902361869812,2.9448211193084717
20250828_143126,1.041067361831665,0.7872816920280457,2.944648504257202
20250828_143126,1.0409098863601685,0.7941139340400696,2.9443881511688232
20250828_143126,1.0407177209854126,0.8009252548217773,2.9441092014312744
20250828_143126,1.0406866073608398,0.8075851202011108,2.943885087966919
20250828_143126,1.0405347347259521,0.8142971396446228,2.9436540603637695
20250828_143126,1.0402895212173462,0.8208544850349426,2.9432735443115234
20250828_143126,1.0400481224060059,0.8272177577018738,2.943091869354248
20250828_143126,1.0397303104400635,0.8336524963378906,2.9427449703216553
20250828_143126,1.0395374298095703,0.8398724794387817,2.942601442337036
20250828_143126,1.039298415184021,0.8462634086608887,2.94232439994812
20250828_143126,1.0390743017196655,0.8521772623062134,2.942159414291382
20250828_143126,1.0388212203979492,0.8582303524017334,2.941960096359253
20250828_143126,1.038578987121582,0.864067018032074,2.941715955734253
20250828_143126,1.0382521152496338,0.8699470162391663,2.941542625427246
20250828_143126,1.0378897190093994,0.8756618499755859,2.9413366317749023
20250828_143126,1.0374951362609863,0.881415843963623,2.9410767555236816
20250828_143126,1.037200689315796,0.8869634866714478,2.940990447998047
20250828_143126,1.0367789268493652,0.8925608992576599,2.9408304691314697
20250828_143126,1.0364270210266113,0.8979634642601013,2.940620183944702
20250828_143126,1.036028504371643,0.9030833840370178,2.9404239654541016
20250828_143126,1.0355385541915894,0.9084432721138,2.940203905105591
20250828_143127,1.035121202468872,0.9134817719459534,2.940153121948242
20250828_143127,1.034592866897583,0.9184681177139282,2.939950704574585
20250828_143127,1.0341646671295166,0.9235661029815674,2.9397528171539307
20250828_143127,1.0336544513702393,0.9284536838531494,2.939678192138672
20250828_143127,1.0330981016159058,0.933131992816925,2.9394757747650146
20250828_143127,1.032450556755066,0.9380078911781311,2.939272165298462
20250828_143127,1.0321358442306519,0.9422107934951782,2.9392895698547363
20250828_143127,1.0314502716064453,0.9468018412590027,2.9391260147094727
20250828_143127,1.0307611227035522,0.9513735175132751,2.938875675201416
20250828_143127,1.0303000211715698,0.9556799530982971,2.9387426376342773
20250828_143127,1.0296958684921265,0.9599092602729797,2.938659906387329
20250828_143127,1.0290697813034058,0.9641099572181702,2.9385712146759033
20250828_143127,1.0284310579299927,0.9681959748268127,2.938260793685913
20250828_143127,1.0277938842773438,0.9721890687942505,2.938133716583252
20250828_143127,1.0271797180175781,0.976209819316864,2.938215732574463
20250828_143127,1.0265344381332397,0.979889988899231,2.9381895065307617
20250828_143127,1.0258373022079468,0.9835419058799744,2.9378440380096436
20250828_143127,1.025098443031311,0.9878197312355042,2.9378206729888916
20250828_143127,1.024495244026184,0.9914854168891907,2.9377591609954834
20250828_143127,1.0229403972625732,0.9985376000404358,2.937577724456787
20250828_143127,1.0220811367034912,1.0019969940185547,2.9374871253967285
20250828_143127,1.0211836099624634,1.0055164098739624,2.9373555183410645
20250828_143127,1.0204354524612427,1.008724331855774,2.937304735183716
20250828_143127,1.0197041034698486,1.0121135711669922,2.937303066253662
20250828_143127,1.0190502405166626,1.0150119066238403,2.9373281002044678
20250828_143127,1.0179370641708374,1.0184332132339478,2.9370954036712646
20250828_143127,1.0171080827713013,1.0213650465011597,2.937075138092041
20250828_143127,1.0164715051651,1.023912787437439,2.9370293617248535
20250828_143127,1.0154083967208862,1.0274595022201538,2.9369280338287354
20250828_143127,1.0145272016525269,1.0304419994354248,2.9369046688079834
20250828_143127,1.013806939125061,1.0331257581710815,2.9369215965270996
20250828_143127,1.012712001800537,1.0361584424972534,2.936758279800415
20250828_143127,1.0118961334228516,1.038865327835083,2.936772108078003
20250828_143127,1.011018991470337,1.041447639465332,2.9368226528167725
20250828_143127,1.0100263357162476,1.0441147089004517,2.9367849826812744
20250828_143127,1.009002447128296,1.0469690561294556,2.9367153644561768
20250828_143127,1.0082054138183594,1.0493510961532593,2.9367167949676514
20250828_143127,1.007096529006958,1.0519860982894897,2.936762571334839
20250828_143127,1.0061149597167969,1.0542136430740356,2.936615467071533
20250828_143127,1.0050544738769531,1.056817889213562,2.936692953109741
20250828_143127,1.004165530204773,1.0588213205337524,2.9366462230682373
20250828_143127,1.0031336545944214,1.0611467361450195,2.9367668628692627
20250828_143127,1.0020921230316162,1.0634394884109497,2.936567783355713
20250828_143127,1.0010930299758911,1.0656496286392212,2.936673402786255
20250828_143127,1.0001349449157715,1.0677106380462646,2.9366183280944824
20250828_143127,0.9991503357887268,1.0695816278457642,2.9367191791534424
20250828_143127,0.9978903532028198,1.0716209411621094,2.93662166595459
20250828_143127,0.9970909953117371,1.0733803510665894,2.936582565307617
20250828_143127,0.9958436489105225,1.075575351715088,2.936785936355591
20250828_143127,0.9947784543037415,1.077225923538208,2.9366304874420166
20250828_143127,0.9935856461524963,1.0791910886764526,2.9366886615753174
20250828_143127,0.9926460981369019,1.0805821418762207,2.9367294311523438
20250828_143127,0.9916257262229919,1.0821961164474487,2.936741828918457
20250828_143127,0.9904616475105286,1.0840011835098267,2.9368860721588135
20250828_143127,0.9893838763237,1.0854182243347168,2.936718702316284
20250828_143127,0.9884324073791504,1.0868399143218994,2.9367763996124268
20250828_143127,0.9871415495872498,1.088575005531311,2.9368669986724854
20250828_143127,0.9861342906951904,1.0898516178131104,2.9368743896484375
20250828_143127,0.9850781559944153,1.0910680294036865,2.936922073364258
20250828_143127,0.9840417504310608,1.0922067165374756,2.9368209838867188
20250828_143127,0.982893168926239,1.0933594703674316,2.9368128776550293
20250828_143127,0.981869637966156,1.0950069427490234,2.9371252059936523
20250828_143127,0.9807081818580627,1.0961546897888184,2.937000036239624
20250828_143127,0.9798129200935364,1.0972607135772705,2.937039852142334
20250828_143127,0.9786700010299683,1.0984851121902466,2.937224864959717
20250828_143127,0.9774774312973022,1.0995553731918335,2.937248945236206
20250828_143127,0.9765185713768005,1.1003531217575073,2.937100410461426
20250828_143127,0.9753855466842651,1.1012213230133057,2.9371731281280518
20250828_143127,0.9742279648780823,1.102201223373413,2.9372856616973877
20250828_143127,0.9730916023254395,1.1030302047729492,2.937195062637329
20250828_143127,0.9718982577323914,1.103801965713501,2.937206506729126
20250828_143127,0.970898449420929,1.1045994758605957,2.9372174739837646
20250828_143127,0.9697275161743164,1.105393886566162,2.9374186992645264
20250828_143127,0.9686541557312012,1.1059902906417847,2.937368392944336
20250828_143127,0.9674974679946899,1.106529951095581,2.9373912811279297
20250828_143127,0.9664062261581421,1.1071467399597168,2.9374146461486816
20250828_143127,0.9653152823448181,1.1077728271484375,2.937605142593384
20250828_143127,0.9640952348709106,1.108341932296753,2.9374594688415527
20250828_143127,0.9632445573806763,1.1087405681610107,2.9375293254852295
20250828_143127,0.96205073595047,1.1091505289077759,2.9375970363616943
20250828_143127,0.9610812067985535,1.109476923942566,2.937641143798828
20250828_143127,0.9599733948707581,1.1098610162734985,2.9378085136413574
20250828_143127,0.9588331580162048,1.1101518869400024,2.9377574920654297
20250828_143127,0.9577049612998962,1.1103479862213135,2.9377331733703613
20250828_143127,0.9565485715866089,1.1109529733657837,2.937976360321045
20250828_143127,0.9555544257164001,1.1111866235733032,2.9379894733428955
20250828_143127,0.9544988870620728,1.1111855506896973,2.9380438327789307
20250828_143127,0.9534730315208435,1.1112794876098633,2.938070774078369
20250828_143127,0.9521580934524536,1.111420750617981,2.937992811203003
20250828_143127,0.9511242508888245,1.1114941835403442,2.9380526542663574
20250828_143127,0.9500515460968018,1.1115199327468872,2.938089609146118
20250828_143127,0.9490180015563965,1.1116055250167847,2.938159227371216
20250828_143127,0.9478152990341187,1.1118457317352295,2.9383792877197266
20250828_143127,0.946761429309845,1.1118043661117554,2.938429594039917
20250828_143127,0.9457650780677795,1.1116807460784912,2.9384872913360596
20250828_143127,0.9446923732757568,1.1117244958877563,2.9384052753448486
20250828_143127,0.9435882568359375,1.1116269826889038,2.938472270965576
20250828_143127,0.9425455927848816,1.1117411851882935,2.938481092453003
20250828_143127,0.941360354423523,1.1118347644805908,2.938703775405884
20250828_143128,0.9404294490814209,1.1114245653152466,2.938610076904297
20250828_143128,0.9393748641014099,1.1116349697113037,2.93876576423645
20250828_143128,0.9382795691490173,1.1115703582763672,2.9387741088867188
20250828_143128,0.9372051358222961,1.111457109451294,2.938814401626587
20250828_143128,0.9360231161117554,1.1112191677093506,2.9387764930725098
20250828_143128,0.935081958770752,1.1110621690750122,2.9388492107391357
20250828_143128,0.9339990615844727,1.1109838485717773,2.938849687576294
20250828_143128,0.9329808950424194,1.1107953786849976,2.938910484313965
20250828_143128,0.9319126605987549,1.1104916334152222,2.938995361328125
20250828_143128,0.9309279918670654,1.110312819480896,2.939051628112793
20250828_143128,0.9299154877662659,1.1102111339569092,2.939110040664673
20250828_143128,0.9287019371986389,1.1102285385131836,2.9392316341400146
20250828_143128,0.9277665019035339,1.1099309921264648,2.9392731189727783
20250828_143128,0.9267850518226624,1.1095812320709229,2.939364194869995
20250828_143128,0.9257586002349854,1.1093096733093262,2.9393181800842285
20250828_143128,0.924807608127594,1.109060525894165,2.939344644546509
20250828_143128,0.9236990809440613,1.108830451965332,2.9393515586853027
20250828_143128,0.9226597547531128,1.1085070371627808,2.93941330909729
20250828_143128,0.9218271374702454,1.1079996824264526,2.939517021179199
20250828_143128,0.9207163453102112,1.1078097820281982,2.939527988433838
20250828_143128,0.9196305871009827,1.1076369285583496,2.939499616622925
20250828_143128,0.9186858534812927,1.1072866916656494,2.939537525177002
20250828_143128,0.9177380800247192,1.1068586111068726,2.93961763381958
20250828_143128,0.916763186454773,1.106450080871582,2.939676284790039
20250828_143128,0.9157983064651489,1.10608971118927,2.9397246837615967
20250828_143128,0.9146569967269897,1.105985164642334,2.9398789405822754
20250828_143128,0.9137350916862488,1.105562448501587,2.939943313598633
20250828_143128,0.9127366542816162,1.1051136255264282,2.939995050430298
20250828_143128,0.9116944074630737,1.1047453880310059,2.9399356842041016
20250828_143128,0.9107401967048645,1.1044185161590576,2.939957618713379
20250828_143128,0.9097549915313721,1.1039692163467407,2.94002103805542
20250828_143128,0.9087752103805542,1.1034762859344482,2.9400713443756104
20250828_143128,0.9078298211097717,1.103014588356018,2.94010853767395
20250828_143128,0.9068529009819031,1.102530598640442,2.9401628971099854
20250828_143128,0.9058094024658203,1.102231740951538,2.940178632736206
20250828_143128,0.9047998785972595,1.1017701625823975,2.9402270317077637
20250828_143128,0.9038904309272766,1.1012887954711914,2.940258502960205
20250828_143128,0.902906060218811,1.100800633430481,2.9403181076049805
20250828_143128,0.9019511342048645,1.1004575490951538,2.940321207046509
20250828_143128,0.9008864164352417,1.1000115871429443,2.940333366394043
20250828_143128,0.8999608159065247,1.0995347499847412,2.940382480621338
20250828_143128,0.8990320563316345,1.0990006923675537,2.9404149055480957
20250828_143128,0.8981118202209473,1.0985562801361084,2.940432071685791
20250828_143128,0.897126317024231,1.0979230403900146,2.9404993057250977
20250828_143128,0.8961377143859863,1.0977507829666138,2.9404385089874268
20250828_143128,0.8950461745262146,1.0974003076553345,2.940620183944702
20250828_143128,0.8940399289131165,1.0971368551254272,2.94071102142334
20250828_143128,0.8931239247322083,1.0965644121170044,2.9405901432037354
20250828_143128,0.8921270370483398,1.0962212085723877,2.9406254291534424
20250828_143128,0.8911772966384888,1.0956698656082153,2.9406497478485107
20250828_143128,0.8902677297592163,1.0951828956604004,2.9406967163085938
20250828_143128,0.8893423080444336,1.0946941375732422,2.9407458305358887
20250828_143128,0.8884425163269043,1.094283938407898,2.9407589435577393
20250828_143128,0.8874044418334961,1.0938632488250732,2.9407613277435303
20250828_143128,0.8865022659301758,1.0934441089630127,2.9407877922058105
20250828_143128,0.8856412768363953,1.0930026769638062,2.9408295154571533
20250828_143128,0.8847388625144958,1.0924546718597412,2.9408624172210693
20250828_143128,0.8838453888893127,1.0920169353485107,2.9409408569335938
20250828_143128,0.8829809427261353,1.0917354822158813,2.9409806728363037
20250828_143128,0.8819248676300049,1.0913245677947998,2.9409992694854736
20250828_143128,0.8810734748840332,1.090812087059021,2.941028118133545
20250828_143128,0.8801583647727966,1.090339183807373,2.9410934448242188
20250828_143128,0.879154622554779,1.0899537801742554,2.941115617752075
20250828_143128,0.8784063458442688,1.0892974138259888,2.9411890506744385
20250828_143128,0.8774386048316956,1.0890617370605469,2.941173791885376
20250828_143128,0.8764845132827759,1.0888105630874634,2.9413440227508545
20250828_143128,0.8756462931632996,1.088393211364746,2.9413559436798096
20250828_143128,0.8746964931488037,1.0880247354507446,2.941364288330078
20250828_143128,0.873828649520874,1.0874860286712646,2.9414148330688477
20250828_143128,0.8729321956634521,1.0870072841644287,2.9414548873901367
20250828_143128,0.8721598982810974,1.086599349975586,2.941498041152954
20250828_143128,0.8712319731712341,1.0862534046173096,2.941404342651367
20250828_143128,0.8703716993331909,1.0857884883880615,2.941462993621826
20250828_143128,0.8695852756500244,1.0855101346969604,2.9414334297180176
20250828_143128,0.8685952425003052,1.0850858688354492,2.9414780139923096
20250828_143128,0.8677762746810913,1.0846459865570068,2.9415247440338135
20250828_143128,0.8669242858886719,1.084236979484558,2.94155216217041
20250828_143128,0.8661558032035828,1.083766222000122,2.941603422164917
20250828_143128,0.8653067350387573,1.0833678245544434,2.9416465759277344
20250828_143128,0.8644881844520569,1.0829312801361084,2.941713571548462
20250828_143128,0.8636983036994934,1.0825653076171875,2.9417293071746826
20250828_143128,0.8627234101295471,1.0825040340423584,2.941856622695923
20250828_143128,0.8619067668914795,1.0821242332458496,2.9419138431549072
20250828_143128,0.8610224723815918,1.0818642377853394,2.9419009685516357
20250828_143128,0.8602584004402161,1.0811641216278076,2.9420018196105957
20250828_143128,0.8594529628753662,1.081006407737732,2.9419753551483154
20250828_143128,0.8586559295654297,1.0806208848953247,2.9420342445373535
20250828_143128,0.857917845249176,1.0802403688430786,2.9420361518859863
20250828_143128,0.8571577072143555,1.0798832178115845,2.9420385360717773
20250828_143128,0.8564611673355103,1.079620361328125,2.9420342445373535
20250828_143128,0.8555558323860168,1.079239845275879,2.9420347213745117
20250828_143128,0.8547686338424683,1.0786687135696411,2.9420955181121826
20250828_143128,0.8540076613426208,1.078378438949585,2.942089557647705
20250828_143128,0.8532824516296387,1.078045129776001,2.942129135131836
20250828_143128,0.852547287940979,1.0776375532150269,2.94213604927063
20250828_143128,0.8519182205200195,1.077175498008728,2.9419779777526855
20250828_143128,0.8510247468948364,1.0769760608673096,2.9420104026794434
20250828_143128,0.850325345993042,1.0766395330429077,2.942089080810547
20250828_143128,0.8495537042617798,1.0762407779693604,2.942108392715454
20250828_143128,0.8487994074821472,1.0755064487457275,2.942213773727417
20250828_143129,0.8479893207550049,1.0754588842391968,2.942188262939453
20250828_143129,0.8472515344619751,1.0750938653945923,2.942206859588623
20250828_143129,0.8465409874916077,1.0747573375701904,2.942206621170044
20250828_143129,0.845806360244751,1.0744023323059082,2.942237377166748
20250828_143129,0.8450955152511597,1.07407808303833,2.94222354888916
20250828_143129,0.8444562554359436,1.0735567808151245,2.942244529724121
20250828_143129,0.8437735438346863,1.0731958150863647,2.942244291305542
20250828_143129,0.8431264162063599,1.072970986366272,2.942194700241089
20250828_143129,0.8422678709030151,1.0725537538528442,2.942228317260742
20250828_143129,0.8414477705955505,1.0728317499160767,2.9422860145568848
20250828_143129,0.8407496809959412,1.0725328922271729,2.942279100418091
20250828_143129,0.8401015996932983,1.0721901655197144,2.9422905445098877
20250828_143129,0.8394129872322083,1.071946144104004,2.942309617996216
20250828_143129,0.8387967944145203,1.0716568231582642,2.9423179626464844
20250828_143129,0.8381808400154114,1.0715171098709106,2.94228196144104
20250828_143129,0.8373823761940002,1.0711811780929565,2.9422900676727295
20250828_143129,0.8365833163261414,1.0709192752838135,2.94230318069458
20250828_143129,0.8359399437904358,1.0706284046173096,2.942356824874878
20250828_143129,0.8352752923965454,1.070268988609314,2.942350387573242
20250828_143129,0.8346313238143921,1.069960594177246,2.942333221435547
20250828_143129,0.8340392708778381,1.069669485092163,2.942309856414795
20250828_143129,0.8335701823234558,1.0692861080169678,2.942103862762451
20250828_143129,0.8329126238822937,1.0690371990203857,2.9420857429504395
20250828_143129,0.8322545289993286,1.0686192512512207,2.942171573638916
20250828_143129,0.831627368927002,1.068368673324585,2.942126989364624
20250828_143129,0.8308748602867126,1.0680713653564453,2.942108631134033
20250828_143129,0.8301792144775391,1.0680396556854248,2.9420011043548584
20250828_143129,0.8295543789863586,1.0678390264511108,2.941960573196411
20250828_143129,0.8289992809295654,1.067728042602539,2.941920757293701
20250828_143129,0.8283562064170837,1.0674073696136475,2.9418704509735107
20250828_143129,0.8277672529220581,1.067160964012146,2.9418764114379883
20250828_143129,0.8271913528442383,1.0669697523117065,2.941856861114502
20250828_143129,0.8265470862388611,1.0666927099227905,2.941873788833618
20250828_143129,0.8260015845298767,1.066235065460205,2.941880941390991
20250828_143129,0.8252808451652527,1.0660945177078247,2.94185733795166
20250828_143129,0.8248001337051392,1.0658024549484253,2.9418625831604004
20250828_143129,0.8241182565689087,1.0656806230545044,2.941805362701416
20250828_143129,0.823524534702301,1.0653408765792847,2.9417710304260254
20250828_143129,0.8228897452354431,1.0653501749038696,2.9416372776031494
20250828_143129,0.8223047852516174,1.065201759338379,2.9415676593780518
20250828_143129,0.821785032749176,1.0650302171707153,2.9415016174316406
20250828_143129,0.821202278137207,1.0648328065872192,2.9414262771606445
20250828_143129,0.8206411600112915,1.0646010637283325,2.9413461685180664
20250828_143129,0.8201157450675964,1.0644381046295166,2.941276788711548
20250828_143129,0.8195210695266724,1.0643192529678345,2.9411866664886475
20250828_143129,0.8190351724624634,1.0641553401947021,2.941117525100708
20250828_143129,0.818534791469574,1.0637257099151611,2.941106081008911
20250828_143129,0.8179599046707153,1.0638108253479004,2.941164493560791
20250828_143129,0.817496657371521,1.0636972188949585,2.940920829772949
20250828_143129,0.8169881701469421,1.0634262561798096,2.9408493041992188
20250828_143129,0.8164857625961304,1.0632127523422241,2.9408888816833496
20250828_143129,0.8159711956977844,1.0630879402160645,2.9408395290374756
20250828_143129,0.8154950141906738,1.0629749298095703,2.940737247467041
20250828_143129,0.8147940039634705,1.0631605386734009,2.940544366836548
20250828_143129,0.8143296837806702,1.063014030456543,2.9404749870300293
20250828_143129,0.813849925994873,1.0628653764724731,2.94034481048584
20250828_143129,0.8134058117866516,1.062694787979126,2.9402263164520264
20250828_143129,0.8129799365997314,1.0625911951065063,2.940131187438965
20250828_143129,0.8125267624855042,1.0624818801879883,2.9400391578674316
20250828_143129,0.8121373057365417,1.062328577041626,2.9399266242980957
20250828_143129,0.8116756081581116,1.0621960163116455,2.939814329147339
20250828_143129,0.8112550377845764,1.0621205568313599,2.939682960510254
20250828_143129,0.8109000325202942,1.061758279800415,2.9396026134490967
20250828_143129,0.810405969619751,1.061716079711914,2.939453601837158
20250828_143129,0.8100195527076721,1.0616005659103394,2.9393177032470703
20250828_143129,0.8096349835395813,1.0614817142486572,2.939185380935669
20250828_143129,0.8092066049575806,1.061375379562378,2.9390103816986084
20250828_143129,0.8087038397789001,1.0615766048431396,2.938843250274658
20250828_143129,0.8083239793777466,1.061468243598938,2.9386985301971436
20250828_143129,0.807990550994873,1.0614174604415894,2.938551187515259
20250828_143129,0.8076106905937195,1.0613584518432617,2.9384355545043945
20250828_143129,0.8072590827941895,1.0612579584121704,2.9382522106170654
20250828_143129,0.8068280816078186,1.061471939086914,2.9381370544433594
20250828_143129,0.8065166473388672,1.0612373352050781,2.937882661819458
20250828_143129,0.8059952855110168,1.06141197681427,2.937859296798706
20250828_143129,0.8057445883750916,1.0611754655838013,2.9376578330993652
20250828_143129,0.8054267168045044,1.0610630512237549,2.937502384185791
20250828_143129,0.805100679397583,1.061042308807373,2.937375545501709
20250828_143129,0.8046784400939941,1.0611833333969116,2.937162399291992
20250828_143129,0.8043403625488281,1.0611668825149536,2.937021255493164
20250828_143129,0.8040279746055603,1.061123013496399,2.9368386268615723
20250828_143129,0.8037002086639404,1.0610685348510742,2.9366610050201416
20250828_143129,0.8033283948898315,1.061118721961975,2.936458110809326
20250828_143129,0.8030465245246887,1.0610393285751343,2.936286211013794
20250828_143129,0.8026766777038574,1.060988187789917,2.936091184616089
20250828_143129,0.8022124171257019,1.060945987701416,2.9358911514282227
20250828_143129,0.8019025921821594,1.0608997344970703,2.935697317123413
20250828_143129,0.8015804290771484,1.060878038406372,2.9355061054229736
20250828_143129,0.8013648986816406,1.0605700016021729,2.935384511947632
20250828_143129,0.8010431528091431,1.0605189800262451,2.935209035873413
20250828_143129,0.8008024096488953,1.0605173110961914,2.9349782466888428
20250828_143129,0.8005350828170776,1.0605260133743286,2.934788942337036
20250828_143129,0.8002228736877441,1.0604740381240845,2.9346017837524414
20250828_143129,0.8000075221061707,1.0604839324951172,2.934384822845459
20250828_143129,0.7997075915336609,1.0604743957519531,2.9342126846313477
20250828_143129,0.7994750738143921,1.0604528188705444,2.934016466140747
20250828_143129,0.7991663217544556,1.0604729652404785,2.933793544769287
20250828_143129,0.798767626285553,1.0604488849639893,2.9335875511169434
20250828_143129,0.7983702421188354,1.060785174369812,2.9332921504974365
20250828_143129,0.7980525493621826,1.0607798099517822,2.933119535446167
20250828_143130,0.7978387475013733,1.060748815536499,2.932896375656128
20250828_143130,0.7975026369094849,1.060986876487732,2.9328408241271973
20250828_143130,0.7972591519355774,1.0610018968582153,2.932657241821289
20250828_143130,0.7971401810646057,1.0605559349060059,2.9324049949645996
20250828_143130,0.7968893647193909,1.0605555772781372,2.9322314262390137
20250828_143130,0.7966166734695435,1.060567021369934,2.9320311546325684
20250828_143130,0.7962546348571777,1.0607925653457642,2.9319076538085938
20250828_143130,0.7959856986999512,1.0606868267059326,2.9317102432250977
20250828_143130,0.7958173155784607,1.0609101057052612,2.9314639568328857
20250828_143130,0.7954363226890564,1.060776948928833,2.9312758445739746
20250828_143130,0.7952314019203186,1.0608412027359009,2.9310569763183594
20250828_143130,0.7949934005737305,1.0607986450195312,2.930877685546875
20250828_143130,0.7947957515716553,1.0607967376708984,2.9306957721710205
20250828_143130,0.794472873210907,1.0610824823379517,2.930457830429077
20250828_143130,0.7943050861358643,1.0611745119094849,2.930225133895874
20250828_143130,0.7940901517868042,1.0612976551055908,2.9300079345703125
20250828_143130,0.7938413023948669,1.0612704753875732,2.9298455715179443
20250828_143130,0.7936280369758606,1.0614042282104492,2.929640531539917
20250828_143130,0.7933997511863708,1.0613871812820435,2.9294772148132324
20250828_143130,0.7931811809539795,1.0613598823547363,2.929281711578369
20250828_143130,0.7929469347000122,1.0614110231399536,2.929096221923828
20250828_143130,0.7928065657615662,1.0611963272094727,2.928964853286743
20250828_143130,0.7925434708595276,1.0611034631729126,2.928776264190674
20250828_143130,0.7921672463417053,1.0610852241516113,2.928562879562378
20250828_143130,0.7920187711715698,1.0610264539718628,2.9283673763275146
20250828_143130,0.7918360829353333,1.0610456466674805,2.928220272064209
20250828_143130,0.7916538119316101,1.0610429048538208,2.928029775619507
20250828_143130,0.7915151715278625,1.0610641241073608,2.927828311920166
20250828_143130,0.7913234829902649,1.06105375289917,2.9276442527770996
20250828_143130,0.7911909818649292,1.0610270500183105,2.9274511337280273
20250828_143130,0.7909554243087769,1.0609469413757324,2.927285671234131
20250828_143130,0.790887176990509,1.0610734224319458,2.9270730018615723
20250828_143130,0.7907019257545471,1.0610747337341309,2.9268856048583984
20250828_143130,0.7904533743858337,1.0611910820007324,2.9266674518585205
20250828_143130,0.7902045845985413,1.0614879131317139,2.9264190196990967
20250828_143130,0.7899495363235474,1.061702847480774,2.9263827800750732
20250828_143130,0.7898219227790833,1.0616977214813232,2.9261960983276367
20250828_143130,0.7896744012832642,1.0615432262420654,2.9259228706359863
20250828_143130,0.7894852757453918,1.0615270137786865,2.925729990005493
20250828_143130,0.7892078757286072,1.0615360736846924,2.9255449771881104
20250828_143130,0.789004921913147,1.0615092515945435,2.9253716468811035
20250828_143130,0.7888720631599426,1.0614867210388184,2.9251863956451416
20250828_143130,0.7886360287666321,1.0616528987884521,2.9249701499938965
20250828_143130,0.7885183691978455,1.0616248846054077,2.924794912338257
20250828_143130,0.7884409427642822,1.061467170715332,2.9246346950531006
20250828_143130,0.7882715463638306,1.0616661310195923,2.924412250518799
20250828_143130,0.7881784439086914,1.0616133213043213,2.9242610931396484
20250828_143130,0.78809654712677,1.0613279342651367,2.9241533279418945
20250828_143130,0.7879828214645386,1.0616294145584106,2.923912286758423
20250828_143130,0.7879031300544739,1.0614038705825806,2.9238107204437256
20250828_143130,0.7878631353378296,1.0614322423934937,2.923637628555298
20250828_143130,0.7877396941184998,1.0614546537399292,2.9234652519226074
20250828_143130,0.7876144051551819,1.0614216327667236,2.9233081340789795
20250828_143130,0.7875136137008667,1.0614149570465088,2.923166036605835
20250828_143130,0.7873457074165344,1.0614745616912842,2.9229698181152344
20250828_143130,0.7872421145439148,1.0614216327667236,2.922814130783081
20250828_143130,0.7871291041374207,1.0614644289016724,2.922673463821411
20250828_143130,0.7869345545768738,1.0616406202316284,2.9224534034729004
20250828_143130,0.7868672013282776,1.0616546869277954,2.9222543239593506
20250828_143130,0.7867538928985596,1.0616286993026733,2.9221179485321045
20250828_143130,0.786657452583313,1.0617061853408813,2.9219038486480713
20250828_143130,0.7865413427352905,1.061763048171997,2.9217443466186523
20250828_143130,0.7864887714385986,1.061718463897705,2.921588182449341
20250828_143130,0.7864371538162231,1.0617181062698364,2.921419143676758
20250828_143130,0.7862503528594971,1.0617163181304932,2.921272039413452
20250828_143130,0.7862113118171692,1.0617070198059082,2.9210896492004395
20250828_143130,0.7861391305923462,1.0617259740829468,2.9209554195404053
20250828_143130,0.7860985398292542,1.0617256164550781,2.920814037322998
20250828_143130,0.7860308289527893,1.0617722272872925,2.920659303665161
20250828_143130,0.7859752774238586,1.0617125034332275,2.9205377101898193
20250828_143130,0.7859129905700684,1.0617057085037231,2.920400381088257
20250828_143130,0.7858496308326721,1.061719298362732,2.920297145843506
20250828_143130,0.7857421636581421,1.061648964881897,2.9201467037200928
20250828_143130,0.785554051399231,1.0621200799942017,2.920098304748535
20250828_143130,0.7856281995773315,1.0616744756698608,2.9198477268218994
20250828_143130,0.7854623794555664,1.062086820602417,2.9197580814361572
20250828_143130,0.7855246067047119,1.0617319345474243,2.9195361137390137
20250828_143130,0.785530149936676,1.0616929531097412,2.9193813800811768
20250828_143130,0.7854589819908142,1.0616536140441895,2.919273614883423
20250828_143130,0.7854735255241394,1.0617098808288574,2.9191200733184814
20250828_143130,0.7854388356208801,1.0617164373397827,2.9189696311950684
20250828_143130,0.7854352593421936,1.0618027448654175,2.918849229812622
20250828_143130,0.785435140132904,1.061686396598816,2.9187211990356445
20250828_143130,0.7853774428367615,1.061664342880249,2.918630361557007
20250828_143130,0.7854029536247253,1.061650276184082,2.9184987545013428
20250828_143130,0.7854679226875305,1.0615581274032593,2.918412208557129
20250828_143130,0.7854608297348022,1.061536192893982,2.918309450149536
20250828_143130,0.7854664921760559,1.061571717262268,2.9181933403015137
20250828_143130,0.7854381203651428,1.0615545511245728,2.918109178543091
20250828_143130,0.7854328155517578,1.0614491701126099,2.9180219173431396
20250828_143130,0.7854663729667664,1.0615745782852173,2.9179117679595947
20250828_143130,0.7854315042495728,1.0614594221115112,2.917843818664551
20250828_143130,0.7854735255241394,1.061593770980835,2.9176902770996094
20250828_143130,0.7854750752449036,1.061449408531189,2.917628049850464
20250828_143130,0.7855221033096313,1.06147301197052,2.917515277862549
20250828_143130,0.7855410575866699,1.0614975690841675,2.917412519454956
20250828_143130,0.7856320738792419,1.0614875555038452,2.9172940254211426
20250828_143130,0.7856827974319458,1.061509370803833,2.9171793460845947
20250828_143130,0.785767138004303,1.06148099899292,2.917083501815796
20250828_143130,0.7858191132545471,1.0615195035934448,2.9169669151306152
20250828_143131,0.7858997583389282,1.061480164527893,2.9168636798858643
20250828_143131,0.7860238552093506,1.061507225036621,2.916764259338379
20250828_143131,0.7861320376396179,1.0616356134414673,2.9166910648345947
20250828_143131,0.7862358093261719,1.0615729093551636,2.9165964126586914
20250828_143131,0.7863209843635559,1.061631441116333,2.916517496109009
20250828_143131,0.7864009737968445,1.0616153478622437,2.916459321975708
20250828_143131,0.7865358591079712,1.061675786972046,2.9163997173309326
20250828_143131,0.7865806818008423,1.0617135763168335,2.9163334369659424
20250828_143131,0.786716878414154,1.0617271661758423,2.9162538051605225
20250828_143131,0.7868034839630127,1.061761498451233,2.916196823120117
20250828_143131,0.7869704961776733,1.0617462396621704,2.916154384613037
20250828_143131,0.7870699763298035,1.0617475509643555,2.916074275970459
20250828_143131,0.7871774435043335,1.0617713928222656,2.9160263538360596
20250828_143131,0.7873246073722839,1.0617703199386597,2.915926218032837
20250828_143131,0.7874505519866943,1.06179940700531,2.915882110595703
20250828_143131,0.7875681519508362,1.061773419380188,2.9158194065093994
20250828_143131,0.7876821160316467,1.0620596408843994,2.9156904220581055
20250828_143131,0.7878838777542114,1.061741590499878,2.9157142639160156
20250828_143131,0.788038969039917,1.0617693662643433,2.915656089782715
20250828_143131,0.7881203889846802,1.0620930194854736,2.915565013885498
20250828_143131,0.7882928848266602,1.0621081590652466,2.915515184402466
20250828_143131,0.7884376049041748,1.0621111392974854,2.915485143661499
20250828_143131,0.7885453701019287,1.0621734857559204,2.915442943572998
20250828_143131,0.7887244820594788,1.0621110200881958,2.91544508934021
20250828_143131,0.7888391017913818,1.0621651411056519,2.9153521060943604
20250828_143131,0.7890145182609558,1.062174677848816,2.915306806564331
20250828_143131,0.7892701029777527,1.062244176864624,2.9152796268463135
20250828_143131,0.7895359992980957,1.0620297193527222,2.915243625640869
20250828_143131,0.7897226214408875,1.062029242515564,2.9152228832244873
20250828_143131,0.7898754477500916,1.0621509552001953,2.9153494834899902
20250828_143131,0.7900863885879517,1.0620629787445068,2.9153430461883545
20250828_143131,0.7902866005897522,1.062105417251587,2.9153542518615723
20250828_143131,0.7904595136642456,1.0620646476745605,2.915313959121704
20250828_143131,0.7907065749168396,1.062130331993103,2.9152884483337402
20250828_143131,0.790920078754425,1.0620983839035034,2.915285587310791
20250828_143131,0.7911233901977539,1.0621085166931152,2.915278434753418
20250828_143131,0.7912662625312805,1.0621362924575806,2.9152774810791016
20250828_143131,0.7914945483207703,1.0621310472488403,2.915235996246338
20250828_143131,0.7917532920837402,1.0620518922805786,2.9152965545654297
20250828_143131,0.79195237159729,1.0620343685150146,2.9152939319610596
20250828_143131,0.7921454310417175,1.0620704889297485,2.9152610301971436
20250828_143131,0.7923285365104675,1.0620678663253784,2.915285587310791
20250828_143131,0.7926170825958252,1.0618717670440674,2.9153051376342773
20250828_143131,0.7929309606552124,1.061576008796692,2.915191650390625
20250828_143131,0.7931395173072815,1.0615350008010864,2.9152004718780518
20250828_143131,0.7931681275367737,1.062088131904602,2.915245771408081
20250828_143131,0.7935044765472412,1.0620818138122559,2.9152588844299316
20250828_143131,0.7939339876174927,1.061545729637146,2.915168523788452
20250828_143131,0.7941291928291321,1.0614591836929321,2.915186643600464
20250828_143131,0.7943836450576782,1.0614219903945923,2.9151840209960938
20250828_143131,0.7945612072944641,1.0612456798553467,2.91521954536438
20250828_143131,0.7947865128517151,1.0615178346633911,2.9151461124420166
20250828_143131,0.7950490117073059,1.061486005783081,2.9151663780212402
20250828_143131,0.795340359210968,1.0612140893936157,2.915252685546875
20250828_143131,0.7956417798995972,1.0611612796783447,2.9152281284332275
20250828_143131,0.7958953380584717,1.06110417842865,2.915261745452881
20250828_143131,0.7961738705635071,1.0610109567642212,2.9152419567108154
20250828_143131,0.7963995933532715,1.0609949827194214,2.915238857269287
20250828_143131,0.7965450882911682,1.061254858970642,2.915156364440918
20250828_143131,0.7969287633895874,1.0610365867614746,2.915170192718506
20250828_143131,0.7971828579902649,1.0610839128494263,2.9151663780212402
20250828_143131,0.7975565195083618,1.0612244606018066,2.9153149127960205
20250828_143131,0.7979102730751038,1.0611495971679688,2.9153554439544678
20250828_143131,0.7982349395751953,1.0609146356582642,2.9154231548309326
20250828_143131,0.7984639406204224,1.0611045360565186,2.915356397628784
20250828_143131,0.7987506985664368,1.0608738660812378,2.9154293537139893
20250828_143131,0.7989770770072937,1.0607115030288696,2.915475606918335
20250828_143131,0.7992059588432312,1.0606787204742432,2.9154622554779053
20250828_143131,0.7995694875717163,1.0605779886245728,2.91532826423645
20250828_143131,0.7998749017715454,1.0602113008499146,2.915393829345703
20250828_143131,0.8001368641853333,1.0601619482040405,2.9154016971588135
20250828_143131,0.8004041910171509,1.0601146221160889,2.915419578552246
20250828_143131,0.8006875514984131,1.0600709915161133,2.9154207706451416
20250828_143131,0.8009998202323914,1.0600091218948364,2.9154210090637207
20250828_143131,0.8014011383056641,1.059961199760437,2.9154417514801025
20250828_143131,0.8017109632492065,1.0598646402359009,2.915475845336914
20250828_143131,0.8019746541976929,1.0598260164260864,2.9154915809631348
20250828_143131,0.8022149801254272,1.0600947141647339,2.915444850921631
20250828_143131,0.802508533000946,1.0600507259368896,2.915436029434204
20250828_143131,0.8027963042259216,1.059989333152771,2.9154577255249023
20250828_143131,0.8031072020530701,1.0598961114883423,2.9154703617095947
20250828_143131,0.8033925890922546,1.0598976612091064,2.9155092239379883
20250828_143131,0.8038593530654907,1.0595616102218628,2.915526866912842
20250828_143131,0.8040961027145386,1.0594229698181152,2.9155795574188232
20250828_143131,0.8042769432067871,1.059632658958435,2.9157423973083496
20250828_143131,0.8046239614486694,1.0595052242279053,2.915807008743286
20250828_143131,0.8048877716064453,1.0594793558120728,2.9158241748809814
20250828_143131,0.8052922487258911,1.0591764450073242,2.915743112564087
20250828_143131,0.8055786490440369,1.0591516494750977,2.915771961212158
20250828_143131,0.8058837056159973,1.059056043624878,2.915769338607788
20250828_143131,0.8061739206314087,1.059005618095398,2.915794610977173
20250828_143131,0.8064361810684204,1.0589679479599,2.9158172607421875
20250828_143131,0.8067488670349121,1.0588709115982056,2.9158473014831543
20250828_143131,0.8070334196090698,1.058894395828247,2.915900230407715
20250828_143131,0.8073157668113708,1.0588244199752808,2.9159255027770996
20250828_143131,0.8076115846633911,1.0587866306304932,2.915947198867798
20250828_143131,0.8079029321670532,1.0587457418441772,2.91597580909729
20250828_143131,0.8083978891372681,1.0587284564971924,2.915989398956299
20250828_143131,0.8086609840393066,1.058627724647522,2.9160830974578857
20250828_143131,0.8089568018913269,1.0585819482803345,2.9161229133605957
20250828_143132,0.809270441532135,1.058520793914795,2.9161767959594727
20250828_143132,0.8095464706420898,1.0585041046142578,2.916243076324463
20250828_143132,0.8098670244216919,1.0584981441497803,2.9162843227386475
20250828_143132,0.8101532459259033,1.058452844619751,2.9163317680358887
20250828_143132,0.8105465173721313,1.0581527948379517,2.9164390563964844
20250828_143132,0.8108475208282471,1.058188557624817,2.91648006439209
20250828_143132,0.8111484050750732,1.058287262916565,2.9166171550750732
20250828_143132,0.8116098046302795,1.05803644657135,2.91652774810791
20250828_143132,0.8118624091148376,1.0579978227615356,2.9165968894958496
20250828_143132,0.8123937845230103,1.0580228567123413,2.9165990352630615
20250828_143132,0.8126853108406067,1.0580511093139648,2.916635513305664
20250828_143132,0.81298828125,1.0580294132232666,2.9166784286499023
20250828_143132,0.8133729100227356,1.0580906867980957,2.9167041778564453
20250828_143132,0.8136423230171204,1.0580826997756958,2.9167609214782715
20250828_143132,0.8138611912727356,1.058213472366333,2.9167938232421875
20250828_143132,0.8141418099403381,1.058233380317688,2.9168429374694824
20250828_143132,0.8144717216491699,1.058153510093689,2.9168994426727295
20250828_143132,0.8147606253623962,1.0581976175308228,2.916944980621338
20250828_143132,0.8150628209114075,1.0581927299499512,2.91698956489563
20250828_143132,0.8154516816139221,1.0581554174423218,2.917038679122925
20250828_143132,0.8157495856285095,1.058166742324829,2.9170963764190674
20250828_143132,0.8160772323608398,1.058152675628662,2.917163133621216
20250828_143132,0.8165551424026489,1.0581233501434326,2.9171841144561768
20250828_143132,0.816913366317749,1.0581287145614624,2.9172401428222656
20250828_143132,0.8172785043716431,1.0581376552581787,2.917271852493286
20250828_143132,0.8176639080047607,1.0581241846084595,2.9173507690429688
20250828_143132,0.8179795145988464,1.0581035614013672,2.917403221130371
20250828_143132,0.818346381187439,1.0581247806549072,2.9174606800079346
20250828_143132,0.818701982498169,1.0581117868423462,2.9176337718963623
20250828_143132,0.8189622163772583,1.0581083297729492,2.9177086353302
20250828_143132,0.8192735314369202,1.058097004890442,2.9177801609039307
20250828_143132,0.8195963501930237,1.0581141710281372,2.917811393737793
20250828_143132,0.8201003670692444,1.0582046508789062,2.9179046154022217
20250828_143132,0.820442795753479,1.0581564903259277,2.917987585067749
20250828_143132,0.8208169341087341,1.0581923723220825,2.918057441711426
20250828_143132,0.8211787939071655,1.0580480098724365,2.9181580543518066
20250828_143132,0.8215083479881287,1.0579242706298828,2.9182558059692383
20250828_143132,0.8218442797660828,1.0579248666763306,2.918308973312378
20250828_143132,0.8222174048423767,1.0579025745391846,2.918391466140747
20250828_143132,0.8227719664573669,1.0573666095733643,2.9184465408325195
20250828_143132,0.823144793510437,1.0573012828826904,2.9185097217559814
20250828_143132,0.823512852191925,1.0573385953903198,2.918572187423706
20250828_143132,0.8240623474121094,1.0573956966400146,2.9186501502990723
20250828_143132,0.8243885040283203,1.0572152137756348,2.918795585632324
20250828_143132,0.8247479796409607,1.057389497756958,2.9188461303710938
20250828_143132,0.8251068592071533,1.057346224784851,2.918980836868286
20250828_143132,0.8254992961883545,1.0573651790618896,2.919090747833252
20250828_143132,0.8258816003799438,1.057332158088684,2.9192817211151123
20250828_143132,0.8262774348258972,1.057347059249878,2.919368267059326
20250828_143132,0.8267499804496765,1.0573434829711914,2.9195141792297363
20250828_143132,0.8271214365959167,1.057325005531311,2.919616222381592
20250828_143132,0.8275566697120667,1.0573534965515137,2.9197232723236084
20250828_143132,0.8282373547554016,1.0567647218704224,2.919787645339966
20250828_143132,0.8286305665969849,1.0570259094238281,2.919830083847046
20250828_143132,0.8290566205978394,1.0566213130950928,2.920046329498291
20250828_143132,0.8294571042060852,1.0565546751022339,2.920198917388916
20250828_143132,0.8299209475517273,1.0565403699874878,2.920330762863159
20250828_143132,0.8303163647651672,1.0564601421356201,2.9204695224761963
20250828_143132,0.8307013511657715,1.056721806526184,2.920541286468506
20250828_143132,0.8310985565185547,1.0567142963409424,2.92069149017334
20250828_143132,0.8316820859909058,1.0566219091415405,2.920846700668335
20250828_143132,0.8321837782859802,1.0566295385360718,2.9210009574890137
20250828_143132,0.8326023817062378,1.0565252304077148,2.921208620071411
20250828_143132,0.833106517791748,1.0565346479415894,2.9213573932647705
20250828_143132,0.8334898352622986,1.0567020177841187,2.9216244220733643
20250828_143132,0.8339924812316895,1.0564807653427124,2.921851634979248
20250828_143132,0.8344530463218689,1.0565322637557983,2.9220354557037354
20250828_143132,0.8349828124046326,1.0564982891082764,2.9221904277801514
20250828_143132,0.8354783654212952,1.05633544921875,2.922434091567993
20250828_143132,0.8359083533287048,1.0563429594039917,2.9226036071777344
20250828_143132,0.8364039063453674,1.0563740730285645,2.922820806503296
20250828_143132,0.836908221244812,1.0563369989395142,2.922976016998291
20250828_143132,0.8373963832855225,1.05623197555542,2.9232301712036133
20250828_143132,0.838100016117096,1.055735468864441,2.9233763217926025
20250828_143132,0.8387061953544617,1.0556713342666626,2.9235572814941406
20250828_143132,0.8392074704170227,1.0555882453918457,2.923757314682007
20250828_143132,0.8396196961402893,1.0555050373077393,2.9239745140075684
20250828_143132,0.840167760848999,1.0555113554000854,2.9241790771484375
20250828_143132,0.8406497836112976,1.05567467212677,2.9244184494018555
20250828_143132,0.8411232829093933,1.0556929111480713,2.9246459007263184
20250828_143132,0.8416831493377686,1.055441975593567,2.9247238636016846
20250828_143132,0.8423623442649841,1.055391788482666,2.9249441623687744
20250828_143132,0.8429878950119019,1.0553221702575684,2.925201416015625
20250828_143132,0.8436033725738525,1.0550376176834106,2.9254488945007324
20250828_143132,0.8440970182418823,1.0549452304840088,2.925690174102783
20250828_143132,0.8446013331413269,1.054875373840332,2.9259397983551025
20250828_143132,0.8451175093650818,1.0548194646835327,2.9262094497680664
20250828_143132,0.8457951545715332,1.0547566413879395,2.926478147506714
20250828_143132,0.8462732434272766,1.0549646615982056,2.92663836479187
20250828_143132,0.8467329740524292,1.054785132408142,2.926969528198242
20250828_143132,0.8472666144371033,1.0548983812332153,2.9273126125335693
20250828_143132,0.8479107022285461,1.0546703338623047,2.9275715351104736
20250828_143132,0.8484137058258057,1.0546702146530151,2.9278855323791504
20250828_143132,0.8490952253341675,1.0546945333480835,2.9281094074249268
20250828_143132,0.8495757579803467,1.054495930671692,2.928446054458618
20250828_143132,0.8501211404800415,1.0544416904449463,2.928679943084717
20250828_143132,0.8507794141769409,1.0541229248046875,2.928821086883545
20250828_143132,0.8513297438621521,1.053984522819519,2.9290528297424316
20250828_143132,0.8519381880760193,1.0539660453796387,2.929306983947754
20250828_143132,0.852686882019043,1.0538161993026733,2.9296114444732666
20250828_143133,0.8532970547676086,1.053693413734436,2.929924726486206
20250828_143133,0.8538687825202942,1.0535833835601807,2.930215358734131
20250828_143133,0.8543914556503296,1.0536739826202393,2.93062162399292
20250828_143133,0.854927659034729,1.0534497499465942,2.930898666381836
20250828_143133,0.8556088805198669,1.0534218549728394,2.9311885833740234
20250828_143133,0.856270968914032,1.0534175634384155,2.931471586227417
20250828_143133,0.8567588329315186,1.0532718896865845,2.931861162185669
20250828_143133,0.8573295474052429,1.0530880689620972,2.9322149753570557
20250828_143133,0.8579493761062622,1.0530110597610474,2.9325642585754395
20250828_143133,0.8586336970329285,1.0525751113891602,2.932750701904297
20250828_143133,0.8594736456871033,1.0523371696472168,2.9331390857696533
20250828_143133,0.8600344657897949,1.0521950721740723,2.9334893226623535
20250828_143133,0.8605474233627319,1.0524791479110718,2.9338955879211426
20250828_143133,0.8612176179885864,1.0523114204406738,2.934182643890381
20250828_143133,0.8619887232780457,1.0517367124557495,2.9345149993896484
20250828_143133,0.8627715706825256,1.0517432689666748,2.9348268508911133
20250828_143133,0.8633806705474854,1.0516821146011353,2.935166835784912
20250828_143133,0.8640012145042419,1.0516332387924194,2.9354946613311768
20250828_143133,0.8646149635314941,1.0515613555908203,2.935853958129883
20250828_143133,0.8652397990226746,1.0512619018554688,2.9363150596618652
20250828_143133,0.8658687472343445,1.0513124465942383,2.936602830886841
20250828_143133,0.8664541244506836,1.0511736869812012,2.937016725540161
20250828_143133,0.8671069145202637,1.0512901544570923,2.9375176429748535
20250828_143133,0.8677459359169006,1.0510677099227905,2.9379231929779053
20250828_143133,0.8684189319610596,1.0510579347610474,2.938232183456421
20250828_143133,0.8692002892494202,1.05099356174469,2.938638210296631
20250828_143133,0.8699628114700317,1.0503417253494263,2.9389753341674805
20250828_143133,0.8704476952552795,1.0504488945007324,2.939335584640503
20250828_143133,0.8711494207382202,1.0503274202346802,2.939737558364868
20250828_143133,0.8719403147697449,1.0501888990402222,2.9401419162750244
20250828_143133,0.8726121783256531,1.0501022338867188,2.9405267238616943
20250828_143133,0.8732297420501709,1.0499547719955444,2.9409520626068115
20250828_143133,0.8737329840660095,1.0499330759048462,2.9415183067321777
20250828_143133,0.8743480443954468,1.0498682260513306,2.941917657852173
20250828_143133,0.8751533031463623,1.0495725870132446,2.942347288131714
20250828_143133,0.8758882284164429,1.0494719743728638,2.942828416824341
20250828_143133,0.8764880299568176,1.0494037866592407,2.9432475566864014
20250828_143133,0.8771916627883911,1.0490522384643555,2.943498134613037
20250828_143133,0.8778079748153687,1.0489933490753174,2.9439003467559814
20250828_143133,0.878657341003418,1.048850655555725,2.9443247318267822
20250828_143133,0.8793329000473022,1.0487028360366821,2.9447715282440186
20250828_143133,0.8798818588256836,1.0485764741897583,2.9452381134033203
20250828_143133,0.8804991841316223,1.048643946647644,2.945784330368042
20250828_143133,0.8812464475631714,1.0486202239990234,2.9462504386901855
20250828_143133,0.8819156289100647,1.0482330322265625,2.9467146396636963
20250828_143133,0.882526695728302,1.0482256412506104,2.947216033935547
20250828_143133,0.883108913898468,1.0481570959091187,2.947667360305786
20250828_143133,0.8837827444076538,1.048193335533142,2.948073387145996
20250828_143133,0.8846198320388794,1.0477747917175293,2.9484081268310547
20250828_143133,0.8852042555809021,1.0475318431854248,2.9489097595214844
20250828_143133,0.8858001828193665,1.047472596168518,2.949355125427246
20250828_143133,0.8864625692367554,1.047196388244629,2.949882745742798
20250828_143133,0.8870821595191956,1.0471643209457397,2.9503448009490967
20250828_143133,0.8877705931663513,1.0473675727844238,2.9509267807006836
20250828_143133,0.8884750008583069,1.047346591949463,2.9513309001922607
20250828_143133,0.8889840841293335,1.0472553968429565,2.951908588409424
20250828_143133,0.8896107077598572,1.0471915006637573,2.952444076538086
20250828_143133,0.8905237913131714,1.0466331243515015,2.952850341796875
20250828_143133,0.8911141753196716,1.0466116666793823,2.953341484069824
20250828_143133,0.8916975855827332,1.0465458631515503,2.953786849975586
20250828_143133,0.8923347592353821,1.0464403629302979,2.9542975425720215
20250828_143133,0.8928375840187073,1.0466192960739136,2.954754114151001
20250828_143133,0.8934692740440369,1.0466320514678955,2.9552202224731445
20250828_143133,0.8941830396652222,1.046812653541565,2.955827236175537
20250828_143133,0.8947957158088684,1.0467755794525146,2.9563417434692383
20250828_143133,0.895304262638092,1.0467597246170044,2.956923723220825
20250828_143133,0.8959366679191589,1.0465898513793945,2.9574317932128906
20250828_143133,0.8964976668357849,1.0465998649597168,2.957927703857422
20250828_143133,0.8971697092056274,1.046519160270691,2.958456516265869
20250828_143133,0.8978155851364136,1.0461848974227905,2.9589133262634277
20250828_143133,0.8983632326126099,1.0462136268615723,2.9593915939331055
20250828_143133,0.8988744616508484,1.0461862087249756,2.9599533081054688
20250828_143133,0.8994268178939819,1.0461969375610352,2.960437536239624
20250828_143133,0.9001017212867737,1.046168327331543,2.960991621017456
20250828_143133,0.9005985260009766,1.046032428741455,2.961578607559204
20250828_143133,0.9010830521583557,1.0460940599441528,2.9621219635009766
20250828_143133,0.9015799760818481,1.0462095737457275,2.9628336429595947
20250828_143133,0.9021154642105103,1.0462212562561035,2.963334083557129
20250828_143133,0.9026198387145996,1.0462313890457153,2.9638702869415283
20250828_143133,0.9034851789474487,1.0458513498306274,2.9642910957336426
20250828_143133,0.9040303230285645,1.0458253622055054,2.964808464050293
20250828_143133,0.9043797254562378,1.0460082292556763,2.9655025005340576
20250828_143133,0.9048970937728882,1.0460625886917114,2.9660825729370117
20250828_143133,0.9055016040802002,1.0460519790649414,2.9666824340820312
20250828_143133,0.9060546159744263,1.0459672212600708,2.96728253364563
20250828_143133,0.9065565466880798,1.0459789037704468,2.9678592681884766
20250828_143133,0.907118022441864,1.0457079410552979,2.9682936668395996
20250828_143133,0.9077361226081848,1.045525074005127,2.968937635421753
20250828_143133,0.9080663919448853,1.04573392868042,2.9694464206695557
20250828_143133,0.9086302518844604,1.045858383178711,2.970046043395996
20250828_143133,0.9092429280281067,1.0458346605300903,2.9706342220306396
20250828_143133,0.9097415804862976,1.0459479093551636,2.9713754653930664
20250828_143133,0.9101696610450745,1.0459312200546265,2.9719982147216797
20250828_143133,0.9107344746589661,1.0457688570022583,2.9726033210754395
20250828_143133,0.9112522006034851,1.0456585884094238,2.973227024078369
20250828_143133,0.9119266867637634,1.045446515083313,2.973726749420166
20250828_143133,0.9123814702033997,1.0454765558242798,2.9743261337280273
20250828_143133,0.912828803062439,1.0457521677017212,2.9748477935791016
20250828_143133,0.9131572842597961,1.046053409576416,2.975590944290161
20250828_143133,0.913789689540863,1.0458273887634277,2.9761481285095215
20250828_143134,0.9142119884490967,1.0458310842514038,2.976771593093872
20250828_143134,0.9146502017974854,1.0458359718322754,2.9773972034454346
20250828_143134,0.9153503775596619,1.0456243753433228,2.978088855743408
20250828_143134,0.9157141447067261,1.0455355644226074,2.9787442684173584
20250828_143134,0.9161572456359863,1.0455926656723022,2.9793663024902344
20250828_143134,0.9165215492248535,1.0458800792694092,2.9799509048461914
20250828_143134,0.9169219136238098,1.0459333658218384,2.9806313514709473
20250828_143134,0.9174013137817383,1.046155333518982,2.9813714027404785
20250828_143134,0.9178900718688965,1.0460593700408936,2.982034683227539
20250828_143134,0.9183762073516846,1.0461581945419312,2.9827041625976562
20250828_143134,0.9187992215156555,1.0462424755096436,2.983339548110962
20250828_143134,0.9193198084831238,1.0461472272872925,2.983928680419922
20250828_143134,0.9196444749832153,1.0463021993637085,2.9845733642578125
20250828_143134,0.9201160073280334,1.046202301979065,2.9852242469787598
20250828_143134,0.9207426905632019,1.0462193489074707,2.985938310623169
20250828_143134,0.9211319088935852,1.0462794303894043,2.986603260040283
20250828_143134,0.9215123653411865,1.0463216304779053,2.9872350692749023
20250828_143134,0.9218894243240356,1.0464208126068115,2.9878745079040527
20250828_143134,0.9222798943519592,1.0464284420013428,2.988516092300415
20250828_143134,0.9227870106697083,1.046053409576416,2.989130735397339
20250828_143134,0.9233494400978088,1.046019196510315,2.9897665977478027
20250828_143134,0.9237396121025085,1.0459469556808472,2.990450382232666
20250828_143134,0.9241918325424194,1.0459907054901123,2.991089105606079
20250828_143134,0.9245884418487549,1.046036720275879,2.9917373657226562
20250828_143134,0.9249938726425171,1.0460656881332397,2.992391347885132
20250828_143134,0.9253629446029663,1.0460466146469116,2.992993116378784
20250828_143134,0.9258294105529785,1.0460669994354248,2.9937570095062256
20250828_143134,0.9262071847915649,1.0460903644561768,2.994394063949585
20250828_143134,0.9265291690826416,1.0460129976272583,2.9950432777404785
20250828_143134,0.9269521236419678,1.0461359024047852,2.9956347942352295
20250828_143134,0.9274464845657349,1.0459438562393188,2.996309518814087
20250828_143134,0.9278272390365601,1.045936942100525,2.9969358444213867
20250828_143134,0.928209662437439,1.045940637588501,2.9975879192352295
20250828_143134,0.9286214113235474,1.0458048582077026,2.998256206512451
20250828_143134,0.9290062785148621,1.045853614807129,2.9988605976104736
20250828_143134,0.9293313026428223,1.0457987785339355,2.9994914531707764
20250828_143134,0.9298436045646667,1.0454000234603882,2.9999918937683105
20250828_143134,0.930125892162323,1.0457518100738525,3.0007269382476807
20250828_143134,0.9306291937828064,1.0453375577926636,3.001237392425537
20250828_143134,0.9311383366584778,1.0452001094818115,3.0018436908721924
20250828_143134,0.9314681887626648,1.045106053352356,3.0024807453155518
20250828_143134,0.931811511516571,1.0450700521469116,3.0030832290649414
20250828_143134,0.9321896433830261,1.044981598854065,3.003654718399048
20250828_143134,0.932452917098999,1.0449788570404053,3.0044071674346924
20250828_143134,0.9328433275222778,1.0449291467666626,3.005023717880249
20250828_143134,0.9331739544868469,1.0448198318481445,3.005647897720337
20250828_143134,0.9336181282997131,1.0447936058044434,3.006254196166992
20250828_143134,0.9340583682060242,1.0445815324783325,3.006857395172119
20250828_143134,0.934348464012146,1.044600248336792,3.0074753761291504
20250828_143134,0.9346761703491211,1.0446228981018066,3.0080394744873047
20250828_143134,0.9349449872970581,1.0445899963378906,3.0086426734924316
20250828_143134,0.9354173541069031,1.0442123413085938,3.009117841720581
20250828_143134,0.9359902143478394,1.0437718629837036,3.0098226070404053
20250828_143134,0.936139702796936,1.0441898107528687,3.0104634761810303
20250828_143134,0.9364129304885864,1.044095754623413,3.011120319366455
20250828_143134,0.9367671608924866,1.043954610824585,3.011732339859009
20250828_143134,0.9372637271881104,1.0436255931854248,3.012204885482788
20250828_143134,0.9375675916671753,1.043440341949463,3.012824058532715
20250828_143134,0.9378759860992432,1.0433521270751953,3.013404607772827
20250828_143134,0.9381301403045654,1.0434330701828003,3.014105796813965
20250828_143134,0.9384230971336365,1.0433454513549805,3.0147206783294678
20250828_143134,0.9387045502662659,1.0433140993118286,3.015289068222046
20250828_143134,0.938990592956543,1.043241262435913,3.01582670211792
20250828_143134,0.9394237399101257,1.0430030822753906,3.016441822052002
20250828_143134,0.9397161602973938,1.0430208444595337,3.0170445442199707
20250828_143134,0.9401794672012329,1.0428680181503296,3.0176002979278564
20250828_143134,0.9404260516166687,1.042723298072815,3.0182111263275146
20250828_143134,0.9406848549842834,1.0426852703094482,3.018796682357788
20250828_143134,0.9409920573234558,1.0426520109176636,3.019364356994629
20250828_143134,0.9414855241775513,1.0421034097671509,3.019927740097046
20250828_143134,0.9415369033813477,1.0425289869308472,3.020503044128418
20250828_143134,0.9419530630111694,1.0424206256866455,3.0211379528045654
20250828_143134,0.9422625303268433,1.0423178672790527,3.021756410598755
20250828_143134,0.9426566362380981,1.041953206062317,3.0222160816192627
20250828_143134,0.9429404139518738,1.0418812036514282,3.022778272628784
20250828_143134,0.9431820511817932,1.041796326637268,3.0233514308929443
20250828_143134,0.9435189962387085,1.0414280891418457,3.02400803565979
20250828_143134,0.9437031149864197,1.041622519493103,3.024704933166504
20250828_143134,0.943981945514679,1.0415886640548706,3.0252668857574463
20250828_143134,0.944298267364502,1.0415982007980347,3.0258047580718994
20250828_143134,0.9445852041244507,1.0414727926254272,3.026381015777588
20250828_143134,0.944834291934967,1.0413784980773926,3.026926279067993
20250828_143134,0.9452217817306519,1.041150450706482,3.0275206565856934
20250828_143134,0.9455141425132751,1.0411279201507568,3.0280702114105225
20250828_143134,0.9457785487174988,1.041121244430542,3.028578281402588
20250828_143134,0.9460323452949524,1.0408693552017212,3.029179096221924
20250828_143134,0.9462829232215881,1.0409530401229858,3.029609203338623
20250828_143134,0.9467364549636841,1.0409599542617798,3.0301625728607178
20250828_143134,0.9470465183258057,1.0409168004989624,3.030768871307373
20250828_143134,0.9472594261169434,1.0407222509384155,3.031351089477539
20250828_143134,0.9475134015083313,1.0406593084335327,3.031874179840088
20250828_143134,0.9479478001594543,1.0401667356491089,3.0323269367218018
20250828_143134,0.9481003284454346,1.0403481721878052,3.0329582691192627
20250828_143134,0.9483803510665894,1.040232539176941,3.0335066318511963
20250828_143134,0.9486013650894165,1.040150761604309,3.034047842025757
20250828_143134,0.9489303827285767,1.0397851467132568,3.0344955921173096
20250828_143134,0.9491886496543884,1.039845585823059,3.035074234008789
20250828_143134,0.9494155645370483,1.039722204208374,3.035585641860962
20250828_143134,0.9497126340866089,1.0397096872329712,3.036123514175415
20250828_143134,0.9499448537826538,1.0396010875701904,3.0366344451904297
20250828_143135,0.9502286314964294,1.0394964218139648,3.0371272563934326
20250828_143135,0.9505154490470886,1.0394506454467773,3.0376360416412354
20250828_143135,0.9509507417678833,1.039104700088501,3.038160562515259
20250828_143135,0.9512397050857544,1.0390413999557495,3.038628339767456
20250828_143135,0.9515158534049988,1.0389238595962524,3.0391039848327637
20250828_143135,0.9517656564712524,1.0388134717941284,3.0396180152893066
20250828_143135,0.9520193338394165,1.0387890338897705,3.0400750637054443
20250828_143135,0.9523814916610718,1.0385713577270508,3.040553569793701
20250828_143135,0.9526671171188354,1.0385286808013916,3.041008234024048
20250828_143135,0.9529329538345337,1.0383896827697754,3.0414927005767822
20250828_143135,0.9533401727676392,1.0379598140716553,3.0418412685394287
20250828_143135,0.9536444544792175,1.0378235578536987,3.0422866344451904
20250828_143135,0.9539022445678711,1.0377013683319092,3.0427777767181396
20250828_143135,0.9542093276977539,1.037603735923767,3.0432164669036865
20250828_143135,0.9544435143470764,1.0375757217407227,3.043785333633423
20250828_143135,0.9547602534294128,1.037394642829895,3.0442864894866943
20250828_143135,0.9550480842590332,1.0373027324676514,3.0447452068328857
20250828_143135,0.9553402066230774,1.0371488332748413,3.0452280044555664
20250828_143135,0.9556112289428711,1.0369499921798706,3.0456342697143555
20250828_143135,0.955855131149292,1.0368504524230957,3.0460586547851562
20250828_143135,0.9562793374061584,1.0366514921188354,3.046495199203491
20250828_143135,0.9566304683685303,1.0365487337112427,3.0469367504119873
20250828_143135,0.9569081664085388,1.0364055633544922,3.0473616123199463
20250828_143135,0.9573037028312683,1.036158800125122,3.0477945804595947
20250828_143135,0.9575908780097961,1.0359766483306885,3.048173189163208
20250828_143135,0.9579231142997742,1.035779595375061,3.048557996749878
20250828_143135,0.9582176208496094,1.0355751514434814,3.0489978790283203
20250828_143135,0.9585559368133545,1.0353572368621826,3.0494046211242676
20250828_143135,0.9590063691139221,1.0349198579788208,3.049685478210449
20250828_143135,0.959295392036438,1.0348585844039917,3.0502161979675293
20250828_143135,0.959618091583252,1.0347073078155518,3.050598621368408
20250828_143135,0.9599375128746033,1.0345674753189087,3.0509891510009766
20250828_143135,0.9602774977684021,1.0343360900878906,3.051386594772339
20250828_143135,0.960620641708374,1.0342481136322021,3.0517570972442627
20250828_143135,0.9610267877578735,1.0338993072509766,3.0521292686462402
20250828_143135,0.9613834023475647,1.03374183177948,3.052494525909424
20250828_143135,0.9616921544075012,1.0335984230041504,3.0528414249420166
20250828_143135,0.9623216986656189,1.0328500270843506,3.053159236907959
20250828_143135,0.9626843333244324,1.0325956344604492,3.053502082824707
20250828_143135,0.9630938768386841,1.0323798656463623,3.0538904666900635
20250828_143135,0.9633579850196838,1.032297968864441,3.054197072982788
20250828_143135,0.9636790752410889,1.0321658849716187,3.0545153617858887
20250828_143135,0.9641435742378235,1.0320526361465454,3.0549428462982178
20250828_143135,0.9645494818687439,1.0319801568984985,3.0552470684051514
20250828_143135,0.9649339318275452,1.0319013595581055,3.0555663108825684
20250828_143135,0.9653189182281494,1.0317541360855103,3.055837869644165
20250828_143135,0.9656575918197632,1.0316359996795654,3.056149959564209
20250828_143135,0.9660686254501343,1.0313670635223389,3.0564115047454834
20250828_143135,0.9664834141731262,1.031241536140442,3.0567028522491455
20250828_143135,0.9668381810188293,1.0308361053466797,3.0570685863494873
20250828_143135,0.9673341512680054,1.030924916267395,3.057279109954834
20250828_143135,0.9677579402923584,1.030337929725647,3.0575344562530518
20250828_143135,0.9681728482246399,1.0300830602645874,3.0578227043151855
20250828_143135,0.9685578942298889,1.0299564599990845,3.058091163635254
20250828_143135,0.968928873538971,1.0297976732254028,3.0583555698394775
20250828_143135,0.9693049788475037,1.0298347473144531,3.0586605072021484
20250828_143135,0.9697145819664001,1.029654860496521,3.058936834335327
20250828_143135,0.970091700553894,1.0295602083206177,3.05918550491333
20250828_143135,0.9704877138137817,1.029458999633789,3.059403419494629
20250828_143135,0.9708795547485352,1.029293179512024,3.0596656799316406
20250828_143135,0.9713833332061768,1.0291860103607178,3.0598626136779785
20250828_143135,0.9717692136764526,1.029110312461853,3.0600244998931885
20250828_143135,0.9721307754516602,1.028946042060852,3.0602307319641113
20250828_143135,0.9726816415786743,1.0288509130477905,3.0604538917541504
20250828_143135,0.9731070399284363,1.0284779071807861,3.0606298446655273
20250828_143135,0.9735521674156189,1.0283392667770386,3.0608057975769043
20250828_143135,0.9739729166030884,1.0281842947006226,3.060967206954956
20250828_143135,0.9744467735290527,1.0281962156295776,3.061227560043335
20250828_143135,0.974881112575531,1.028131127357483,3.061410665512085
20250828_143135,0.9753161668777466,1.027902364730835,3.061633348464966
20250828_143135,0.975752055644989,1.0276529788970947,3.061842441558838
20250828_143135,0.9762105345726013,1.0275331735610962,3.062033176422119
20250828_143135,0.9766876697540283,1.0274423360824585,3.0621910095214844
20250828_143135,0.9772354364395142,1.0274056196212769,3.0622963905334473
20250828_143135,0.9777135848999023,1.0272563695907593,3.062436103820801
20250828_143135,0.978149950504303,1.027172327041626,3.06260085105896
20250828_143135,0.9785634875297546,1.0270777940750122,3.062765121459961
20250828_143135,0.9790080189704895,1.0269660949707031,3.062941074371338
20250828_143135,0.9795421957969666,1.0266557931900024,3.063035249710083
20250828_143135,0.9799827933311462,1.0265145301818848,3.063178300857544
20250828_143135,0.9804297089576721,1.026492953300476,3.063394546508789
20250828_143135,0.980866014957428,1.0264623165130615,3.063530683517456
20250828_143135,0.9813593029975891,1.0263481140136719,3.0636560916900635
20250828_143135,0.9818480014801025,1.0262054204940796,3.063829183578491
20250828_143135,0.9822396636009216,1.0262744426727295,3.0639255046844482
20250828_143135,0.9827896356582642,1.0261070728302002,3.0640616416931152
20250828_143135,0.9833307862281799,1.025842308998108,3.064183235168457
20250828_143135,0.9838134050369263,1.0258073806762695,3.064293146133423
20250828_143135,0.9842865467071533,1.0258145332336426,3.064377546310425
20250828_143135,0.9847675561904907,1.0255967378616333,3.064495801925659
20250828_143135,0.9852457642555237,1.0255141258239746,3.0645880699157715
20250828_143135,0.985711395740509,1.02532958984375,3.064716339111328
20250828_143135,0.9863219857215881,1.0250383615493774,3.064790725708008
20250828_143135,0.9868119359016418,1.0250157117843628,3.0649666786193848
20250828_143135,0.987250030040741,1.0249507427215576,3.0650811195373535
20250828_143135,0.9877640008926392,1.0248912572860718,3.0652050971984863
20250828_143135,0.9883142709732056,1.0247950553894043,3.06531023979187
20250828_143135,0.9887802004814148,1.0247492790222168,3.0654191970825195
20250828_143135,0.9892101287841797,1.0247160196304321,3.0654983520507812
20250828_143135,0.9897443056106567,1.0245215892791748,3.065574884414673
20250828_143136,0.990268886089325,1.024620771408081,3.06564998626709
20250828_143136,0.9907031655311584,1.0245729684829712,3.065751075744629
20250828_143136,0.9912649393081665,1.0242947340011597,3.0658833980560303
20250828_143136,0.9918105602264404,1.0239890813827515,3.065937042236328
20250828_143136,0.9923136234283447,1.0238456726074219,3.06606388092041
20250828_143136,0.9928099513053894,1.0238162279129028,3.0661566257476807
20250828_143136,0.9931590557098389,1.023895502090454,3.066256046295166
20250828_143136,0.9936350584030151,1.0239157676696777,3.066336154937744
20250828_143136,0.9941214323043823,1.023967981338501,3.0664002895355225
20250828_143136,0.9945974946022034,1.0239089727401733,3.0664772987365723
20250828_143136,0.9950650334358215,1.0239149332046509,3.0665504932403564
20250828_143136,0.9955095052719116,1.0238620042800903,3.0666275024414062
20250828_143136,0.9960810542106628,1.0237500667572021,3.0666801929473877
20250828_143136,0.9966842532157898,1.0236963033676147,3.066709041595459
20250828_143136,0.9971395134925842,1.0235599279403687,3.066819906234741
20250828_143136,0.9975556135177612,1.023688793182373,3.0668346881866455
20250828_143136,0.998047947883606,1.0236051082611084,3.0669350624084473
20250828_143136,0.9986990094184875,1.0234655141830444,3.0670664310455322
20250828_143136,0.9991791248321533,1.0234202146530151,3.0671496391296387
20250828_143136,0.9997618794441223,1.023244857788086,3.067115068435669
20250828_143136,1.0002477169036865,1.0233075618743896,3.0672566890716553
20250828_143136,1.0007073879241943,1.023283839225769,3.06734299659729
20250828_143136,1.0011837482452393,1.0233285427093506,3.0674123764038086
20250828_143136,1.0016487836837769,1.023290753364563,3.067497491836548
20250828_143136,1.0022221803665161,1.0232199430465698,3.067565679550171
20250828_143136,1.002819538116455,1.0232213735580444,3.0676586627960205
20250828_143136,1.0031360387802124,1.0232954025268555,3.067631721496582
20250828_143136,1.0037147998809814,1.0232197046279907,3.0676751136779785
20250828_143136,1.0043604373931885,1.0231802463531494,3.0677857398986816
20250828_143136,1.0048788785934448,1.0231781005859375,3.0678231716156006
20250828_143136,1.0054149627685547,1.023162603378296,3.06788969039917
20250828_143136,1.0059165954589844,1.0230997800827026,3.067953109741211
20250828_143136,1.0065782070159912,1.02284574508667,3.0679707527160645
20250828_143136,1.006996750831604,1.0230549573898315,3.068086624145508
20250828_143136,1.0076121091842651,1.0228636264801025,3.0681464672088623
20250828_143136,1.0081428289413452,1.0228757858276367,3.0681989192962646
20250828_143136,1.0086472034454346,1.0229077339172363,3.0682480335235596
20250828_143136,1.0091713666915894,1.022922158241272,3.068277359008789
20250828_143136,1.0096672773361206,1.0229295492172241,3.068330764770508
20250828_143136,1.0101368427276611,1.0230756998062134,3.0682878494262695
20250828_143136,1.010680913925171,1.0231297016143799,3.068317413330078
20250828_143136,1.0114340782165527,1.0228081941604614,3.068463087081909
20250828_143136,1.011979103088379,1.022937536239624,3.0684762001037598
20250828_143136,1.0124655961990356,1.0229295492172241,3.0685324668884277
20250828_143136,1.0129632949829102,1.0229448080062866,3.0685641765594482
20250828_143136,1.0135310888290405,1.0227251052856445,3.068521738052368
20250828_143136,1.0140068531036377,1.0227614641189575,3.068577527999878
20250828_143136,1.0145397186279297,1.0227848291397095,3.0685644149780273
20250828_143136,1.0150889158248901,1.0228602886199951,3.068732738494873
20250828_143136,1.015596866607666,1.0229113101959229,3.0687716007232666
20250828_143136,1.016175627708435,1.0228490829467773,3.0688130855560303
20250828_143136,1.0166823863983154,1.0228229761123657,3.0688631534576416
20250828_143136,1.0171006917953491,1.022918939590454,3.0688223838806152
20250828_143136,1.0175601243972778,1.0229663848876953,3.0688576698303223
20250828_143136,1.0182255506515503,1.023191213607788,3.068880319595337
20250828_143136,1.0188603401184082,1.0228978395462036,3.06897234916687
20250828_143136,1.019317626953125,1.0231341123580933,3.0689356327056885
20250828_143136,1.0198047161102295,1.0231927633285522,3.0689620971679688
20250828_143136,1.0202550888061523,1.0231724977493286,3.0689759254455566
20250828_143136,1.020832896232605,1.0232070684432983,3.069035768508911
20250828_143136,1.0212880373001099,1.0229740142822266,3.0689752101898193
20250828_143136,1.0218210220336914,1.0230470895767212,3.0690271854400635
20250828_143136,1.0222338438034058,1.0231486558914185,3.0690295696258545
20250828_143136,1.0226590633392334,1.0233423709869385,3.069040298461914
20250828_143136,1.0230481624603271,1.023450493812561,3.0691347122192383
20250828_143136,1.0235705375671387,1.0235285758972168,3.0692033767700195
20250828_143136,1.0240919589996338,1.0235414505004883,3.0692572593688965
20250828_143136,1.0244532823562622,1.023745059967041,3.0692334175109863
20250828_143136,1.0249541997909546,1.023685336112976,3.069338083267212
20250828_143136,1.025425910949707,1.0238666534423828,3.069380044937134
20250828_143136,1.0260405540466309,1.0236926078796387,3.069401264190674
20250828_143136,1.0264562368392944,1.0237548351287842,3.0694308280944824
20250828_143136,1.0269262790679932,1.0238425731658936,3.0694503784179688
20250828_143136,1.0273826122283936,1.023758053779602,3.069497585296631
20250828_143136,1.027841567993164,1.0238691568374634,3.069507598876953
20250828_143136,1.0282678604125977,1.0239589214324951,3.069546937942505
20250828_143136,1.0286706686019897,1.0240025520324707,3.0695836544036865
20250828_143136,1.029168725013733,1.0237805843353271,3.069603681564331
20250828_143136,1.0294528007507324,1.0241403579711914,3.069662094116211
20250828_143136,1.0298902988433838,1.0242183208465576,3.069680690765381
20250828_143136,1.0302391052246094,1.0242623090744019,3.0695905685424805
20250828_143136,1.0306631326675415,1.0244306325912476,3.0697181224823
20250828_143136,1.031065821647644,1.0245112180709839,3.0697569847106934
20250828_143136,1.031496524810791,1.0243957042694092,3.0697455406188965
20250828_143136,1.0320137739181519,1.0244107246398926,3.069836139678955
20250828_143136,1.0323946475982666,1.0245344638824463,3.0699262619018555
20250828_143136,1.0328078269958496,1.0246609449386597,3.069974660873413
20250828_143136,1.0332118272781372,1.0248231887817383,3.0699760913848877
20250828_143136,1.0335566997528076,1.0248569250106812,3.070035457611084
20250828_143136,1.0340105295181274,1.0249290466308594,3.0700793266296387
20250828_143136,1.0343618392944336,1.02495276927948,3.0701310634613037
20250828_143136,1.0346810817718506,1.0251210927963257,3.070148468017578
20250828_143136,1.0351554155349731,1.0251878499984741,3.0701675415039062
20250828_143136,1.0353643894195557,1.0252257585525513,3.0702178478240967
20250828_143136,1.0358225107192993,1.0252333879470825,3.070270299911499
20250828_143136,1.0361469984054565,1.0252437591552734,3.0703160762786865
20250828_143136,1.036540150642395,1.025206446647644,3.0703284740448
20250828_143136,1.0369055271148682,1.0252063274383545,3.0703883171081543
20250828_143136,1.0371167659759521,1.0252995491027832,3.0703511238098145
20250828_143136,1.0375171899795532,1.0253013372421265,3.070375680923462
20250828_143137,1.0378587245941162,1.0253288745880127,3.0704026222229004
20250828_143137,1.0382061004638672,1.0253418684005737,3.0704147815704346
20250828_143137,1.0385758876800537,1.025357723236084,3.070436477661133
20250828_143137,1.0389090776443481,1.0253286361694336,3.0704591274261475
20250828_143137,1.0394172668457031,1.0249273777008057,3.0705363750457764
20250828_143137,1.039746642112732,1.0248721837997437,3.0705513954162598
20250828_143137,1.0400960445404053,1.0249686241149902,3.0705435276031494
20250828_143137,1.0404447317123413,1.0250178575515747,3.0706286430358887
20250828_143137,1.0407593250274658,1.0249872207641602,3.0706660747528076
20250828_143137,1.0411068201065063,1.024967074394226,3.0706677436828613
20250828_143137,1.0414215326309204,1.0249130725860596,3.070697069168091
20250828_143137,1.0417685508728027,1.0249254703521729,3.0707128047943115
20250828_143137,1.0420572757720947,1.0250773429870605,3.0706398487091064
20250828_143137,1.0424418449401855,1.0249528884887695,3.070725440979004
20250828_143137,1.0427225828170776,1.0250532627105713,3.070657968521118
20250828_143137,1.0430177450180054,1.0249911546707153,3.0706770420074463
20250828_143137,1.0434225797653198,1.0248907804489136,3.070734977722168
20250828_143137,1.0436906814575195,1.024855136871338,3.07070255279541
20250828_143137,1.044047474861145,1.0247180461883545,3.0706958770751953
20250828_143137,1.044425368309021,1.0246682167053223,3.0706894397735596
20250828_143137,1.0447626113891602,1.0245747566223145,3.070721387863159
20250828_143137,1.045297622680664,1.0244383811950684,3.0707690715789795
20250828_143137,1.0457000732421875,1.024154782295227,3.070728063583374
20250828_143137,1.0460407733917236,1.024020791053772,3.070744276046753
20250828_143137,1.0464178323745728,1.0239531993865967,3.0707311630249023
20250828_143137,1.0467264652252197,1.0238813161849976,3.0708131790161133
20250828_143137,1.0470783710479736,1.0237324237823486,3.07082200050354
20250828_143137,1.0474220514297485,1.0237301588058472,3.0707931518554688
20250828_143137,1.04777193069458,1.0236306190490723,3.070780038833618
20250828_143137,1.0481553077697754,1.0235387086868286,3.0707595348358154
20250828_143137,1.0484896898269653,1.0233930349349976,3.0707335472106934
20250828_143137,1.0488520860671997,1.023307204246521,3.0707123279571533
20250828_143137,1.049204707145691,1.023173451423645,3.0706892013549805
20250828_143137,1.0495421886444092,1.022887945175171,3.0706517696380615
20250828_143137,1.0499674081802368,1.022700309753418,3.0706491470336914
20250828_143137,1.050325870513916,1.022546648979187,3.0706160068511963
20250828_143137,1.0506998300552368,1.0223888158798218,3.0705883502960205
20250828_143137,1.0510647296905518,1.0222100019454956,3.0705862045288086
20250828_143137,1.0514899492263794,1.0219193696975708,3.0705068111419678
20250828_143137,1.0519965887069702,1.02187180519104,3.0705506801605225
20250828_143137,1.0523613691329956,1.0216779708862305,3.0705406665802
20250828_143137,1.05271315574646,1.0216057300567627,3.070476531982422
20250828_143137,1.0530873537063599,1.0214908123016357,3.0704128742218018
20250828_143137,1.0534398555755615,1.0213353633880615,3.070373773574829
20250828_143137,1.053798794746399,1.021185278892517,3.0702898502349854
20250828_143137,1.0541573762893677,1.0210493803024292,3.070250988006592
20250828_143137,1.0545297861099243,1.0209126472473145,3.070169687271118
20250828_143137,1.05488121509552,1.0207009315490723,3.070077896118164
20250828_143137,1.0553483963012695,1.0204455852508545,3.070078134536743
20250828_143137,1.0557398796081543,1.0201148986816406,3.0699291229248047
20250828_143137,1.0560648441314697,1.0200018882751465,3.06978702545166
20250828_143137,1.0565468072891235,1.0195236206054688,3.069702386856079
20250828_143137,1.0568795204162598,1.0193240642547607,3.0696194171905518
20250828_143137,1.0572092533111572,1.0193179845809937,3.0696113109588623
20250828_143137,1.0576071739196777,1.0191847085952759,3.069509506225586
20250828_143137,1.0579638481140137,1.0190471410751343,3.0694243907928467
20250828_143137,1.0583770275115967,1.0189539194107056,3.0693001747131348
20250828_143137,1.0587774515151978,1.0186617374420166,3.069265127182007
20250828_143137,1.0591261386871338,1.018450140953064,3.069174289703369
20250828_143137,1.0594515800476074,1.0184286832809448,3.069014072418213
20250828_143137,1.0599322319030762,1.0180591344833374,3.068927049636841
20250828_143137,1.0603179931640625,1.0179393291473389,3.0688247680664062
20250828_143137,1.0606536865234375,1.0177732706069946,3.0686943531036377
20250828_143137,1.061068058013916,1.0174371004104614,3.068596363067627
20250828_143137,1.0614372491836548,1.017121434211731,3.068436622619629
20250828_143137,1.0617715120315552,1.0170284509658813,3.0684211254119873
20250828_143137,1.0621371269226074,1.0168801546096802,3.0682640075683594
20250828_143137,1.0624842643737793,1.0167651176452637,3.068129777908325
20250828_143137,1.0628126859664917,1.0167524814605713,3.06791090965271
20250828_143137,1.0631376504898071,1.0165982246398926,3.067765474319458
20250828_143137,1.063456416130066,1.016410231590271,3.0676300525665283
20250828_143137,1.0637949705123901,1.016248106956482,3.0674967765808105
20250828_143137,1.0641201734542847,1.0161027908325195,3.0673632621765137
20250828_143137,1.0645211935043335,1.0159107446670532,3.0672109127044678
20250828_143137,1.0648800134658813,1.0157932043075562,3.0670409202575684
20250828_143137,1.065299153327942,1.0154658555984497,3.066990852355957
20250828_143137,1.0656174421310425,1.0152562856674194,3.0668258666992188
20250828_143137,1.0659475326538086,1.014925479888916,3.066641330718994
20250828_143137,1.0662916898727417,1.0147502422332764,3.0665106773376465
20250828_143137,1.066581130027771,1.0148338079452515,3.066375732421875
20250828_143137,1.0669399499893188,1.01472008228302,3.066216230392456
20250828_143137,1.067333459854126,1.0144731998443604,3.066129446029663
20250828_143137,1.0675773620605469,1.0142831802368164,3.0659825801849365
20250828_143137,1.0678502321243286,1.014139175415039,3.0657942295074463
20250828_143137,1.0681190490722656,1.014186978340149,3.0655462741851807
20250828_143137,1.0684348344802856,1.0141016244888306,3.0653676986694336
20250828_143137,1.068747878074646,1.0140612125396729,3.0652177333831787
20250828_143137,1.0692098140716553,1.013695478439331,3.0651450157165527
20250828_143137,1.0696074962615967,1.0135400295257568,3.0649664402008057
20250828_143137,1.0698095560073853,1.013441562652588,3.0647664070129395
20250828_143137,1.0700292587280273,1.0131975412368774,3.0645952224731445
20250828_143137,1.0703381299972534,1.0131030082702637,3.064424991607666
20250828_143137,1.0706297159194946,1.0129547119140625,3.064281940460205
20250828_143137,1.070984125137329,1.0127419233322144,3.0640721321105957
20250828_143137,1.0712063312530518,1.012631893157959,3.0639050006866455
20250828_143137,1.0714744329452515,1.0124781131744385,3.0637400150299072
20250828_143137,1.0717195272445679,1.0123653411865234,3.0635406970977783
20250828_143137,1.0719397068023682,1.0123463869094849,3.0634424686431885
20250828_143137,1.0722172260284424,1.0122778415679932,3.063239574432373
20250828_143137,1.0724538564682007,1.012223482131958,3.0630571842193604
20250828_143138,1.0726982355117798,1.012142300605774,3.0628771781921387
20250828_143138,1.0729379653930664,1.012044072151184,3.0626602172851562
20250828_143138,1.0731838941574097,1.0119385719299316,3.0624804496765137
20250828_143138,1.0734302997589111,1.0118427276611328,3.0622997283935547
20250828_143138,1.073618769645691,1.0117706060409546,3.0620925426483154
20250828_143138,1.073870301246643,1.011669635772705,3.061915397644043
20250828_143138,1.0740835666656494,1.0116097927093506,3.0616886615753174
20250828_143138,1.0742987394332886,1.0114901065826416,3.0614869594573975
20250828_143138,1.0745631456375122,1.0113800764083862,3.0612542629241943
20250828_143138,1.07485830783844,1.0111395120620728,3.061084747314453
20250828_143138,1.075019121170044,1.010957956314087,3.0607879161834717
20250828_143138,1.0753204822540283,1.0108243227005005,3.0605947971343994
20250828_143138,1.0755890607833862,1.0106453895568848,3.0603363513946533
20250828_143138,1.0758140087127686,1.0106641054153442,3.0601887702941895
20250828_143138,1.0759916305541992,1.0104159116744995,3.0599358081817627
20250828_143138,1.0761760473251343,1.0102471113204956,3.0597171783447266
20250828_143138,1.0763280391693115,1.010115385055542,3.059512138366699
20250828_143138,1.0764979124069214,1.0099785327911377,3.0592873096466064
20250828_143138,1.0766949653625488,1.0099338293075562,3.0590696334838867
20250828_143138,1.076841950416565,1.009917974472046,3.0589098930358887
20250828_143138,1.0770263671875,1.0098216533660889,3.0586814880371094
20250828_143138,1.0771533250808716,1.0097328424453735,3.0584278106689453
20250828_143138,1.0772746801376343,1.009625792503357,3.0582094192504883
20250828_143138,1.0774370431900024,1.00957190990448,3.0579440593719482
20250828_143138,1.0775576829910278,1.0095101594924927,3.0576961040496826
20250828_143138,1.077742099761963,1.0095314979553223,3.057401657104492
20250828_143138,1.0778777599334717,1.0095875263214111,3.0571463108062744
20250828_143138,1.0779850482940674,1.0097105503082275,3.056858539581299
20250828_143138,1.07810378074646,1.0096967220306396,3.0565903186798096
20250828_143138,1.078221321105957,1.0095943212509155,3.0563673973083496
20250828_143138,1.0782840251922607,1.009804129600525,3.0560073852539062
20250828_143138,1.078403115272522,1.009863257408142,3.055715560913086
20250828_143138,1.0785778760910034,1.010033369064331,3.055412769317627
20250828_143138,1.0787252187728882,1.0101277828216553,3.055163860321045
20250828_143138,1.0787971019744873,1.0101600885391235,3.0549123287200928
20250828_143138,1.0789434909820557,1.0100945234298706,3.0546915531158447
20250828_143138,1.0790104866027832,1.0102529525756836,3.0543766021728516
20250828_143138,1.0791209936141968,1.010323405265808,3.054110288619995
20250828_143138,1.0793516635894775,1.0104235410690308,3.053860664367676
20250828_143138,1.0794800519943237,1.0105358362197876,3.053575277328491
20250828_143138,1.0796263217926025,1.0105687379837036,3.0533103942871094
20250828_143138,1.0796620845794678,1.010568380355835,3.0530316829681396
20250828_143138,1.0797648429870605,1.0105323791503906,3.0527455806732178
20250828_143138,1.0798650979995728,1.0106127262115479,3.052464723587036
20250828_143138,1.0799689292907715,1.010664463043213,3.0522043704986572
20250828_143138,1.0801000595092773,1.0107017755508423,3.0518999099731445
20250828_143138,1.0801602602005005,1.0107166767120361,3.051609992980957
20250828_143138,1.0802321434020996,1.0106782913208008,3.051332950592041
20250828_143138,1.0802891254425049,1.01065993309021,3.051025390625
20250828_143138,1.080373764038086,1.0106598138809204,3.0507102012634277
20250828_143138,1.0805435180664062,1.0106210708618164,3.050447702407837
20250828_143138,1.080508828163147,1.010642647743225,3.050123929977417
20250828_143138,1.0806151628494263,1.0106148719787598,3.0498151779174805
20250828_143138,1.080719232559204,1.0106816291809082,3.0495147705078125
20250828_143138,1.0807242393493652,1.010550856590271,3.049189567565918
20250828_143138,1.0808162689208984,1.0105831623077393,3.0488905906677246
20250828_143138,1.0808650255203247,1.010416865348816,3.0486316680908203
20250828_143138,1.080895185470581,1.0104272365570068,3.048290729522705
20250828_143138,1.0809969902038574,1.0104566812515259,3.0480101108551025
20250828_143138,1.0811060667037964,1.010347604751587,3.0476856231689453
20250828_143138,1.0812119245529175,1.0102014541625977,3.047454833984375
20250828_143138,1.0812093019485474,1.01011061668396,3.047147512435913
20250828_143138,1.0812408924102783,1.0100232362747192,3.046841621398926
20250828_143138,1.0812703371047974,1.009997010231018,3.046480178833008
20250828_143138,1.081251621246338,1.0099918842315674,3.0460941791534424
20250828_143138,1.0813885927200317,1.0098732709884644,3.045828342437744
20250828_143138,1.0813839435577393,1.0098004341125488,3.0454978942871094
20250828_143138,1.0814378261566162,1.0096960067749023,3.0451815128326416
20250828_143138,1.081418514251709,1.0097095966339111,3.0447998046875
20250828_143138,1.0814058780670166,1.0096386671066284,3.0445055961608887
20250828_143138,1.081465482711792,1.009658932685852,3.0441479682922363
20250828_143138,1.0814682245254517,1.0096662044525146,3.0438408851623535
20250828_143138,1.0815211534500122,1.0096807479858398,3.0435147285461426
20250828_143138,1.0814275741577148,1.009779930114746,3.0431363582611084
20250828_143138,1.081519603729248,1.009582757949829,3.0429153442382812
20250828_143138,1.0814820528030396,1.009691834449768,3.0425186157226562
20250828_143138,1.081466555595398,1.009745478630066,3.042179584503174
20250828_143138,1.0814439058303833,1.0098885297775269,3.041814088821411
20250828_143138,1.0814107656478882,1.0099271535873413,3.041476011276245
20250828_143138,1.0814000368118286,1.009942889213562,3.041158437728882
20250828_143138,1.0814037322998047,1.0099942684173584,3.040803909301758
20250828_143138,1.08135187625885,1.010087013244629,3.0404505729675293
20250828_143138,1.081344723701477,1.0101240873336792,3.040102243423462
20250828_143138,1.0813595056533813,1.010151982307434,3.0398025512695312
20250828_143138,1.081285834312439,1.0102728605270386,3.0393927097320557
20250828_143138,1.081270456314087,1.010343313217163,3.03903865814209
20250828_143138,1.0812020301818848,1.0104211568832397,3.0386977195739746
20250828_143138,1.0812257528305054,1.0103858709335327,3.038374900817871
20250828_143138,1.0811231136322021,1.0105279684066772,3.038004159927368
20250828_143138,1.081067681312561,1.0105644464492798,3.037639617919922
20250828_143138,1.0809780359268188,1.0106472969055176,3.0372655391693115
20250828_143138,1.080904483795166,1.0106500387191772,3.0369062423706055
20250828_143138,1.0808554887771606,1.0106667280197144,3.0365655422210693
20250828_143138,1.0807667970657349,1.0107171535491943,3.036198616027832
20250828_143138,1.0808193683624268,1.0107145309448242,3.035843849182129
20250828_143138,1.080693006515503,1.0106741189956665,3.0354106426239014
20250828_143138,1.0805219411849976,1.0106662511825562,3.0350193977355957
20250828_143138,1.0804277658462524,1.0106347799301147,3.034672975540161
20250828_143138,1.0803335905075073,1.0105667114257812,3.0343310832977295
20250828_143138,1.0802545547485352,1.0105485916137695,3.0339794158935547
20250828_143139,1.0802096128463745,1.010466456413269,3.033642292022705
20250828_143139,1.0800819396972656,1.0104001760482788,3.0332748889923096
20250828_143139,1.0799586772918701,1.01027512550354,3.0328805446624756
20250828_143139,1.0797687768936157,1.01010262966156,3.0325088500976562
20250828_143139,1.0796645879745483,1.009996771812439,3.0321261882781982
20250828_143139,1.0795365571975708,1.0100796222686768,3.031663656234741
20250828_143139,1.079420804977417,1.01002037525177,3.0312976837158203
20250828_143139,1.0793442726135254,1.0098129510879517,3.030930519104004
20250828_143139,1.0791138410568237,1.0097659826278687,3.030508279800415
20250828_143139,1.078920602798462,1.0095007419586182,3.0301685333251953
20250828_143139,1.0787363052368164,1.0095837116241455,3.029726266860962
20250828_143139,1.0786285400390625,1.0095924139022827,3.029359817504883
20250828_143139,1.0784987211227417,1.0096533298492432,3.0289700031280518
20250828_143139,1.078312873840332,1.0096673965454102,3.0285708904266357
20250828_143139,1.0781424045562744,1.0096802711486816,3.0281782150268555
20250828_143139,1.0778969526290894,1.0097211599349976,3.027770519256592
20250828_143139,1.0776737928390503,1.0097346305847168,3.027390956878662
20250828_143139,1.0775320529937744,1.0098891258239746,3.026993989944458
20250828_143139,1.0773735046386719,1.009940266609192,3.0266997814178467
20250828_143139,1.077211856842041,1.0101211071014404,3.0263381004333496
20250828_143139,1.0770338773727417,1.0102680921554565,3.0259745121002197
20250828_143139,1.076760172843933,1.010291576385498,3.0255982875823975
20250828_143139,1.0765680074691772,1.0103362798690796,3.0251693725585938
20250828_143139,1.0763819217681885,1.0105807781219482,3.0247750282287598
20250828_143139,1.0760557651519775,1.0109800100326538,3.0243587493896484
20250828_143139,1.0758389234542847,1.011150598526001,3.023956775665283
20250828_143139,1.0756518840789795,1.011194109916687,3.0236892700195312
20250828_143139,1.0752898454666138,1.0114256143569946,3.0231900215148926
20250828_143139,1.0749855041503906,1.0114386081695557,3.022836208343506
20250828_143139,1.0747355222702026,1.0115944147109985,3.0224297046661377
20250828_143139,1.0744727849960327,1.0118569135665894,3.022014617919922
20250828_143139,1.074253797531128,1.0119564533233643,3.0216407775878906
20250828_143139,1.074102759361267,1.01210355758667,3.0212819576263428
20250828_143139,1.073818325996399,1.0122300386428833,3.020812749862671
20250828_143139,1.073581576347351,1.0122787952423096,3.020402193069458
20250828_143139,1.073256254196167,1.012416124343872,3.01999568939209
20250828_143139,1.0730340480804443,1.012360692024231,3.019672155380249
20250828_143139,1.0727388858795166,1.0125787258148193,3.0192408561706543
20250828_143139,1.0724799633026123,1.0126937627792358,3.0188851356506348
20250828_143139,1.0721533298492432,1.0128360986709595,3.018450975418091
20250828_143139,1.0718990564346313,1.0126012563705444,3.0180699825286865
20250828_143139,1.0716009140014648,1.0125842094421387,3.017707347869873
20250828_143139,1.0713136196136475,1.0126084089279175,3.0172955989837646
20250828_143139,1.0709704160690308,1.012856125831604,3.016963005065918
20250828_143139,1.0706716775894165,1.0131219625473022,3.0165059566497803
20250828_143139,1.070467472076416,1.0131629705429077,3.0161378383636475
20250828_143139,1.070235013961792,1.013032078742981,3.015846014022827
20250828_143139,1.0698570013046265,1.013085126876831,3.015443801879883
20250828_143139,1.0694725513458252,1.013174057006836,3.0150017738342285
20250828_143139,1.069210410118103,1.0131841897964478,3.0146336555480957
20250828_143139,1.0688456296920776,1.0133163928985596,3.0141868591308594
20250828_143139,1.068495273590088,1.013371467590332,3.0137507915496826
20250828_143139,1.0682348012924194,1.0132631063461304,3.0134246349334717
20250828_143139,1.0678576231002808,1.0131621360778809,3.013063907623291
20250828_143139,1.0675371885299683,1.0130934715270996,3.012683391571045
20250828_143139,1.0671617984771729,1.0130460262298584,3.0123097896575928
20250828_143139,1.0669310092926025,1.013017177581787,3.012003183364868
20250828_143139,1.0665874481201172,1.0131605863571167,3.01157283782959
20250828_143139,1.0662287473678589,1.013229250907898,3.0111258029937744
20250828_143139,1.0659234523773193,1.013222336769104,3.0107645988464355
20250828_143139,1.0655442476272583,1.0130919218063354,3.010392904281616
20250828_143139,1.0652083158493042,1.013054370880127,3.0100038051605225
20250828_143139,1.0647449493408203,1.0131044387817383,3.009531259536743
20250828_143139,1.0643770694732666,1.0132410526275635,3.0091192722320557
20250828_143139,1.064085602760315,1.0133055448532104,3.008742570877075
20250828_143139,1.0637266635894775,1.0132508277893066,3.0083658695220947
20250828_143139,1.0633271932601929,1.0132378339767456,3.0079879760742188
20250828_143139,1.06292724609375,1.013104796409607,3.0076229572296143
20250828_143139,1.0625240802764893,1.0130623579025269,3.0072691440582275
20250828_143139,1.0622278451919556,1.0130871534347534,3.0068745613098145
20250828_143139,1.0618624687194824,1.0131028890609741,3.006530523300171
20250828_143139,1.061505675315857,1.0130873918533325,3.006162643432617
20250828_143139,1.0610878467559814,1.013055682182312,3.005794048309326
20250828_143139,1.0606480836868286,1.012871265411377,3.0054666996002197
20250828_143139,1.060299038887024,1.0128364562988281,3.005075216293335
20250828_143139,1.0599586963653564,1.0128321647644043,3.004722833633423
20250828_143139,1.0595954656600952,1.0128965377807617,3.0043270587921143
20250828_143139,1.0591992139816284,1.0128439664840698,3.0039587020874023
20250828_143139,1.0588303804397583,1.0126190185546875,3.003688335418701
20250828_143139,1.058441400527954,1.0124982595443726,3.0033252239227295
20250828_143139,1.0580899715423584,1.0124365091323853,3.002976417541504
20250828_143139,1.057755470275879,1.012424111366272,3.0026326179504395
20250828_143139,1.0573830604553223,1.0124155282974243,3.0022406578063965
20250828_143139,1.0569947957992554,1.0122953653335571,3.0018699169158936
20250828_143139,1.0565903186798096,1.0122185945510864,3.001508951187134
20250828_143139,1.0560903549194336,1.0121442079544067,3.0010180473327637
20250828_143139,1.0557364225387573,1.0121357440948486,3.000671863555908
20250828_143139,1.0552490949630737,1.0122536420822144,3.000372886657715
20250828_143139,1.0547864437103271,1.012237787246704,2.9999840259552
20250828_143139,1.0544712543487549,1.0121121406555176,2.9996628761291504
20250828_143139,1.0540528297424316,1.0120302438735962,2.999295234680176
20250828_143139,1.0537229776382446,1.011892557144165,2.998976230621338
20250828_143139,1.0532530546188354,1.0120666027069092,2.998507261276245
20250828_143139,1.0528194904327393,1.0120714902877808,2.9981112480163574
20250828_143139,1.052390456199646,1.0120071172714233,2.9976937770843506
20250828_143139,1.051862120628357,1.011909008026123,2.997292995452881
20250828_143139,1.0514700412750244,1.0118401050567627,2.9969074726104736
20250828_143139,1.0511289834976196,1.0118025541305542,2.9964849948883057
20250828_143139,1.0507398843765259,1.011792540550232,2.9961209297180176
20250828_143139,1.0503841638565063,1.011696219444275,2.9957032203674316
20250828_143140,1.0499241352081299,1.0117380619049072,2.9952635765075684
20250828_143140,1.0495936870574951,1.0117267370224,2.9948763847351074
20250828_143140,1.0491764545440674,1.0116565227508545,2.994497776031494
20250828_143140,1.048814296722412,1.0115959644317627,2.9940590858459473
20250828_143140,1.048439860343933,1.011535882949829,2.9936635494232178
20250828_143140,1.047957181930542,1.0115169286727905,2.993187665939331
20250828_143140,1.047570824623108,1.011431336402893,2.9926655292510986
20250828_143140,1.0471760034561157,1.0113434791564941,2.992250680923462
20250828_143140,1.0467766523361206,1.011305332183838,2.991856098175049
20250828_143140,1.046286940574646,1.0114160776138306,2.99147629737854
20250828_143140,1.0458961725234985,1.0113941431045532,2.9910366535186768
20250828_143140,1.045558214187622,1.011441707611084,2.9905829429626465
20250828_143140,1.0451587438583374,1.0114096403121948,2.9901294708251953
20250828_143140,1.0448483228683472,1.0112043619155884,2.9897513389587402
20250828_143140,1.0443187952041626,1.011344075202942,2.989173173904419
20250828_143140,1.0439022779464722,1.0113483667373657,2.9887032508850098
20250828_143140,1.0435893535614014,1.0113476514816284,2.9882352352142334
20250828_143140,1.0432487726211548,1.011311650276184,2.987783908843994
20250828_143140,1.0429376363754272,1.0113184452056885,2.9873931407928467
20250828_143140,1.0425639152526855,1.0112345218658447,2.9869842529296875
20250828_143140,1.042212724685669,1.0109567642211914,2.986654281616211
20250828_143140,1.041907787322998,1.010945200920105,2.9862358570098877
20250828_143140,1.041561245918274,1.0109020471572876,2.9858195781707764
20250828_143140,1.0412631034851074,1.0109344720840454,2.9853734970092773
20250828_143140,1.040966272354126,1.0108635425567627,2.9849188327789307
20250828_143140,1.0405536890029907,1.0107500553131104,2.9844911098480225
20250828_143140,1.0401238203048706,1.0107746124267578,2.9839582443237305
20250828_143140,1.0396875143051147,1.010723352432251,2.983497142791748
20250828_143140,1.0393835306167603,1.0107245445251465,2.982929229736328
20250828_143140,1.039047122001648,1.010731816291809,2.9824507236480713
20250828_143140,1.0387531518936157,1.0106236934661865,2.982053279876709
20250828_143140,1.038356065750122,1.0107065439224243,2.9816598892211914
20250828_143140,1.0379719734191895,1.0105899572372437,2.9812655448913574
20250828_143140,1.0376336574554443,1.0107215642929077,2.9807727336883545
20250828_143140,1.0373115539550781,1.0106754302978516,2.9803473949432373
20250828_143140,1.0369919538497925,1.0106427669525146,2.979945421218872
20250828_143140,1.0366579294204712,1.0106068849563599,2.9795238971710205
20250828_143140,1.0363149642944336,1.0105299949645996,2.97912335395813
20250828_143140,1.0359156131744385,1.0106297731399536,2.978623390197754
20250828_143140,1.0355757474899292,1.0106695890426636,2.9782214164733887
20250828_143140,1.0352585315704346,1.0106171369552612,2.9778292179107666
20250828_143140,1.0349591970443726,1.0105880498886108,2.9774060249328613
20250828_143140,1.0346341133117676,1.010547161102295,2.9770073890686035
20250828_143140,1.034371256828308,1.0104132890701294,2.9766347408294678
20250828_143140,1.0340876579284668,1.0104091167449951,2.9762136936187744
20250828_143140,1.0337952375411987,1.0103811025619507,2.975794553756714
20250828_143140,1.0334160327911377,1.0104681253433228,2.9753329753875732
20250828_143140,1.0330506563186646,1.010382056236267,2.9749255180358887
20250828_143140,1.0326687097549438,1.0104132890701294,2.974468469619751
20250828_143140,1.0323631763458252,1.010372519493103,2.9740278720855713
20250828_143140,1.0320568084716797,1.0103557109832764,2.973609685897827
20250828_143140,1.0317840576171875,1.0103486776351929,2.973212242126465
20250828_143140,1.0314399003982544,1.0103646516799927,2.972815752029419
20250828_143140,1.0313106775283813,1.0098905563354492,2.9723803997039795
20250828_143140,1.0309486389160156,1.0099730491638184,2.9719157218933105
20250828_143140,1.0307680368423462,1.009853720664978,2.9715874195098877
20250828_143140,1.0303914546966553,1.0101395845413208,2.9711432456970215
20250828_143140,1.0301142930984497,1.0101852416992188,2.970743417739868
20250828_143140,1.0299193859100342,1.0102148056030273,2.970308542251587
20250828_143140,1.029521107673645,1.0103365182876587,2.9699270725250244
20250828_143140,1.0293045043945312,1.0103521347045898,2.9695193767547607
20250828_143140,1.02885901927948,1.0105113983154297,2.9690654277801514
20250828_143140,1.0285985469818115,1.010567307472229,2.96862530708313
20250828_143140,1.0283575057983398,1.0106546878814697,2.9683096408843994
20250828_143140,1.0281485319137573,1.0107347965240479,2.9679059982299805
20250828_143140,1.0279420614242554,1.0108891725540161,2.967559576034546
20250828_143140,1.0276426076889038,1.0109816789627075,2.9671072959899902
20250828_143140,1.027392029762268,1.0110241174697876,2.966759443283081
20250828_143140,1.027033805847168,1.0111756324768066,2.9663033485412598
20250828_143140,1.0268163681030273,1.0113972425460815,2.965886354446411
20250828_143140,1.0265690088272095,1.0115957260131836,2.9654455184936523
20250828_143140,1.0264110565185547,1.0117040872573853,2.9651107788085938
20250828_143140,1.0260848999023438,1.0118194818496704,2.964674949645996
20250828_143140,1.0256329774856567,1.0123008489608765,2.9642345905303955
20250828_143140,1.0253419876098633,1.0123578310012817,2.9638280868530273
20250828_143140,1.0252028703689575,1.0123748779296875,2.9633798599243164
20250828_143140,1.0249654054641724,1.0125401020050049,2.962996482849121
20250828_143140,1.0248701572418213,1.012442946434021,2.962749719619751
20250828_143140,1.0245147943496704,1.0127570629119873,2.9623894691467285
20250828_143140,1.0241918563842773,1.0129700899124146,2.9619429111480713
20250828_143140,1.0239242315292358,1.0130548477172852,2.9615278244018555
20250828_143140,1.0236608982086182,1.0131409168243408,2.9611480236053467
20250828_143140,1.0233339071273804,1.0133732557296753,2.960766315460205
20250828_143140,1.0230519771575928,1.0135931968688965,2.9603281021118164
20250828_143140,1.022688388824463,1.0137298107147217,2.9598731994628906
20250828_143140,1.0224488973617554,1.0137925148010254,2.9594831466674805
20250828_143140,1.0222033262252808,1.0138388872146606,2.9591259956359863
20250828_143140,1.0219398736953735,1.0138581991195679,2.958726644515991
20250828_143140,1.0216996669769287,1.0138911008834839,2.9583585262298584
20250828_143140,1.0215250253677368,1.0138050317764282,2.958076238632202
20250828_143140,1.0213812589645386,1.013732671737671,2.9577643871307373
20250828_143140,1.0211249589920044,1.0137885808944702,2.957399845123291
20250828_143140,1.0209296941757202,1.0136452913284302,2.9569404125213623
20250828_143140,1.0206758975982666,1.0137196779251099,2.9564099311828613
20250828_143140,1.0204055309295654,1.0136802196502686,2.956061363220215
20250828_143140,1.0201913118362427,1.0137078762054443,2.955681324005127
20250828_143140,1.0198988914489746,1.0139042139053345,2.9553794860839844
20250828_143140,1.0195653438568115,1.0141254663467407,2.9549436569213867
20250828_143140,1.0193285942077637,1.014148235321045,2.954582691192627
20250828_143140,1.0190486907958984,1.0140900611877441,2.954200267791748
20250828_143141,1.0187922716140747,1.0140434503555298,2.953866720199585
20250828_143141,1.0185327529907227,1.0140219926834106,2.953488349914551
20250828_143141,1.018560528755188,1.013670802116394,2.9532203674316406
20250828_143141,1.0182785987854004,1.0142149925231934,2.9527711868286133
20250828_143141,1.0181214809417725,1.0140124559402466,2.952540397644043
20250828_143141,1.0178451538085938,1.0139158964157104,2.95222544670105
20250828_143141,1.0174789428710938,1.0138118267059326,2.9518117904663086
20250828_143141,1.0172706842422485,1.0137280225753784,2.9514660835266113
20250828_143141,1.0171070098876953,1.0137786865234375,2.951122283935547
20250828_143141,1.0169463157653809,1.013782024383545,2.9507932662963867
20250828_143141,1.0167434215545654,1.0137444734573364,2.950443744659424
20250828_143141,1.0163687467575073,1.013730525970459,2.9501137733459473
20250828_143141,1.016005277633667,1.0136744976043701,2.9497315883636475
20250828_143141,1.0157862901687622,1.0136191844940186,2.949408769607544
20250828_143141,1.0156031847000122,1.0136191844940186,2.9491043090820312
20250828_143141,1.0154436826705933,1.0136531591415405,2.9487640857696533
20250828_143141,1.0152630805969238,1.0136420726776123,2.948478937149048
20250828_143141,1.0150768756866455,1.0134525299072266,2.9482228755950928
20250828_143141,1.0147595405578613,1.0133918523788452,2.9478769302368164
20250828_143141,1.0145742893218994,1.0133424997329712,2.947697162628174
20250828_143141,1.0143893957138062,1.0133079290390015,2.9473836421966553
20250828_143141,1.014207124710083,1.0132982730865479,2.9470622539520264
20250828_143141,1.0140695571899414,1.0131397247314453,2.9467005729675293
20250828_143141,1.0138893127441406,1.0130857229232788,2.9463932514190674
20250828_143141,1.0136505365371704,1.0131566524505615,2.946166515350342
20250828_143141,1.013431429862976,1.0130274295806885,2.9458513259887695
20250828_143141,1.0132195949554443,1.012915015220642,2.9455103874206543
20250828_143141,1.013075828552246,1.0128973722457886,2.94518780708313
20250828_143141,1.0128967761993408,1.0129262208938599,2.944866180419922
20250828_143141,1.0125972032546997,1.012791633605957,2.9443767070770264
20250828_143141,1.0123543739318848,1.0128204822540283,2.944045305252075
20250828_143141,1.0121592283248901,1.012621521949768,2.9438188076019287
20250828_143141,1.0118529796600342,1.012935996055603,2.943533182144165
20250828_143141,1.0117088556289673,1.0126159191131592,2.9432504177093506
20250828_143141,1.011548399925232,1.0126049518585205,2.9429595470428467
20250828_143141,1.0114983320236206,1.0126063823699951,2.942732334136963
20250828_143141,1.0113221406936646,1.0124638080596924,2.9423482418060303
20250828_143141,1.0111408233642578,1.0124363899230957,2.942070960998535
20250828_143141,1.010910987854004,1.0123363733291626,2.9418017864227295
20250828_143141,1.0106053352355957,1.0126216411590576,2.941499710083008
20250828_143141,1.010425329208374,1.0126174688339233,2.941213607788086
20250828_143141,1.0102522373199463,1.012604832649231,2.940925121307373
20250828_143141,1.0100935697555542,1.0125975608825684,2.9406063556671143
20250828_143141,1.009867787361145,1.0126920938491821,2.9404306411743164
20250828_143141,1.0097148418426514,1.0126689672470093,2.940122365951538
20250828_143141,1.0095250606536865,1.0126482248306274,2.9398036003112793
20250828_143141,1.0092146396636963,1.012614369392395,2.9394984245300293
20250828_143141,1.00905179977417,1.0125856399536133,2.9392011165618896
20250828_143141,1.008960485458374,1.0125592947006226,2.938948631286621
20250828_143141,1.0087999105453491,1.0125224590301514,2.938506603240967
20250828_143141,1.0087305307388306,1.0125418901443481,2.9382364749908447
20250828_143141,1.0086073875427246,1.0124872922897339,2.937995195388794
20250828_143141,1.0084487199783325,1.012359857559204,2.9377102851867676
20250828_143141,1.0082837343215942,1.0122584104537964,2.937443971633911
20250828_143141,1.0082671642303467,1.0121471881866455,2.9372096061706543
20250828_143141,1.0080779790878296,1.0122768878936768,2.9368736743927
20250828_143141,1.0079888105392456,1.012300729751587,2.936570405960083
20250828_143141,1.0078051090240479,1.0124043226242065,2.9363651275634766
20250828_143141,1.007750153541565,1.0123180150985718,2.9361705780029297
20250828_143141,1.007459282875061,1.0123333930969238,2.9358460903167725
20250828_143141,1.0074130296707153,1.0122370719909668,2.93562912940979
20250828_143141,1.0073357820510864,1.0121890306472778,2.9353809356689453
20250828_143141,1.0072885751724243,1.0120723247528076,2.935011625289917
20250828_143141,1.0070726871490479,1.0121078491210938,2.934666872024536
20250828_143141,1.0071349143981934,1.0120372772216797,2.934506416320801
20250828_143141,1.0068589448928833,1.012138843536377,2.9342310428619385
20250828_143141,1.006791591644287,1.0120879411697388,2.9339842796325684
20250828_143141,1.0067799091339111,1.0121028423309326,2.9337916374206543
20250828_143141,1.006723403930664,1.0120855569839478,2.9334864616394043
20250828_143141,1.0066616535186768,1.0122939348220825,2.933176279067993
20250828_143141,1.006788969039917,1.0119264125823975,2.932910919189453
20250828_143141,1.0065383911132812,1.012218713760376,2.932644844055176
20250828_143141,1.006374478340149,1.0120817422866821,2.9323694705963135
20250828_143141,1.0062943696975708,1.012013554573059,2.9320871829986572
20250828_143141,1.006242036819458,1.0120388269424438,2.931809425354004
20250828_143141,1.0062503814697266,1.0119953155517578,2.931565046310425
20250828_143141,1.0062899589538574,1.0119314193725586,2.931337356567383
20250828_143141,1.0061569213867188,1.0120009183883667,2.9310009479522705
20250828_143141,1.0060666799545288,1.0117541551589966,2.930830478668213
20250828_143141,1.0059804916381836,1.0116021633148193,2.9305074214935303
20250828_143141,1.0060731172561646,1.0115888118743896,2.9303014278411865
20250828_143141,1.0061192512512207,1.0116904973983765,2.9300363063812256
20250828_143141,1.0061461925506592,1.0116881132125854,2.9297780990600586
20250828_143141,1.0061326026916504,1.0117213726043701,2.929485559463501
20250828_143141,1.0060538053512573,1.011627435684204,2.9292211532592773
20250828_143141,1.005976915359497,1.0116809606552124,2.928910970687866
20250828_143141,1.005935549736023,1.0116933584213257,2.928600549697876
20250828_143141,1.0059609413146973,1.0117247104644775,2.928325891494751
20250828_143141,1.005995750427246,1.0118446350097656,2.9280335903167725
20250828_143141,1.0059682130813599,1.0118600130081177,2.9277589321136475
20250828_143141,1.0059477090835571,1.0118640661239624,2.927504062652588
20250828_143141,1.0058631896972656,1.0120034217834473,2.9272608757019043
20250828_143141,1.0058337450027466,1.0119495391845703,2.927008628845215
20250828_143141,1.0058213472366333,1.0119783878326416,2.9267184734344482
20250828_143141,1.0057460069656372,1.0119553804397583,2.9264230728149414
20250828_143141,1.0058246850967407,1.011864185333252,2.926088571548462
20250828_143141,1.0058058500289917,1.0119044780731201,2.925798177719116
20250828_143141,1.0058358907699585,1.0119092464447021,2.9255259037017822
20250828_143141,1.0057382583618164,1.0118712186813354,2.925267457962036
20250828_143142,1.0056861639022827,1.0119516849517822,2.925088405609131
20250828_143142,1.0056869983673096,1.0119891166687012,2.9248149394989014
20250828_143142,1.005758285522461,1.0120481252670288,2.9245107173919678
20250828_143142,1.005881905555725,1.011979103088379,2.9242007732391357
20250828_143142,1.0058863162994385,1.012107491493225,2.9239120483398438
20250828_143142,1.0058531761169434,1.012016773223877,2.9236178398132324
20250828_143142,1.0057052373886108,1.012209177017212,2.9233627319335938
20250828_143142,1.0056663751602173,1.0122421979904175,2.923177719116211
20250828_143142,1.0057415962219238,1.0123388767242432,2.922886371612549
20250828_143142,1.0058469772338867,1.012310266494751,2.9225411415100098
20250828_143142,1.0059359073638916,1.0124174356460571,2.922283172607422
20250828_143142,1.0059562921524048,1.0121901035308838,2.92199444770813
20250828_143142,1.0058552026748657,1.012040138244629,2.9217443466186523
20250828_143142,1.0058019161224365,1.0121113061904907,2.921440362930298
20250828_143142,1.0058412551879883,1.0121504068374634,2.921166181564331
20250828_143142,1.0060145854949951,1.0123602151870728,2.920905828475952
20250828_143142,1.006105661392212,1.0124967098236084,2.920660972595215
20250828_143142,1.0061739683151245,1.012507438659668,2.9204328060150146
20250828_143142,1.0061575174331665,1.0124282836914062,2.9201786518096924
20250828_143142,1.0061237812042236,1.012309193611145,2.919963836669922
20250828_143142,1.006221055984497,1.012365698814392,2.9197542667388916
20250828_143142,1.006285309791565,1.0125659704208374,2.919597625732422
20250828_143142,1.0064491033554077,1.012686014175415,2.919395685195923
20250828_143142,1.0066046714782715,1.0126920938491821,2.919246196746826
20250828_143142,1.0065982341766357,1.0126926898956299,2.9188995361328125
20250828_143142,1.0066391229629517,1.0126501321792603,2.918701171875
20250828_143142,1.0066319704055786,1.0126261711120605,2.9184930324554443
20250828_143142,1.0067265033721924,1.0127801895141602,2.9183785915374756
20250828_143142,1.0068581104278564,1.0129404067993164,2.918180465698242
20250828_143142,1.0069639682769775,1.013037919998169,2.9179844856262207
20250828_143142,1.0070772171020508,1.0131303071975708,2.917757987976074
20250828_143142,1.0070974826812744,1.0129436254501343,2.9174954891204834
20250828_143142,1.0071280002593994,1.0131171941757202,2.9173941612243652
20250828_143142,1.0072966814041138,1.0131560564041138,2.917295455932617
20250828_143142,1.0074262619018555,1.0130372047424316,2.9170634746551514
20250828_143142,1.0075949430465698,1.0132451057434082,2.916905641555786
20250828_143142,1.0077004432678223,1.013313889503479,2.916748046875
20250828_143142,1.0077643394470215,1.0133532285690308,2.916585683822632
20250828_143142,1.0077942609786987,1.0135024785995483,2.91650390625
20250828_143142,1.0078589916229248,1.013511300086975,2.916375160217285
20250828_143142,1.0079697370529175,1.013735055923462,2.916303873062134
20250828_143142,1.0081909894943237,1.013614296913147,2.9161221981048584
20250828_143142,1.0083842277526855,1.013637900352478,2.9160640239715576
20250828_143142,1.008414387702942,1.0137205123901367,2.9159228801727295
20250828_143142,1.008448600769043,1.013921856880188,2.915724277496338
20250828_143142,1.0085957050323486,1.0139718055725098,2.9157402515411377
20250828_143142,1.008744716644287,1.0139447450637817,2.9155304431915283
20250828_143142,1.0089037418365479,1.014076590538025,2.9153900146484375
20250828_143142,1.0090163946151733,1.0142230987548828,2.915379285812378
20250828_143142,1.009124755859375,1.0143038034439087,2.9152629375457764
20250828_143142,1.0092097520828247,1.0143712759017944,2.915168285369873
20250828_143142,1.0093700885772705,1.0144190788269043,2.9150733947753906
20250828_143142,1.0095053911209106,1.0145066976547241,2.9149725437164307
20250828_143142,1.0096403360366821,1.0145561695098877,2.914888381958008
20250828_143142,1.00982666015625,1.0146890878677368,2.914766550064087
20250828_143142,1.0099679231643677,1.0147804021835327,2.914677619934082
20250828_143142,1.0101995468139648,1.0146167278289795,2.914400815963745
20250828_143142,1.0103329420089722,1.0146915912628174,2.914306640625
20250828_143142,1.0105518102645874,1.014544129371643,2.9142215251922607
20250828_143142,1.0106691122055054,1.0146030187606812,2.914146661758423
20250828_143142,1.0107462406158447,1.0149410963058472,2.914093494415283
20250828_143142,1.010953664779663,1.0150803327560425,2.914003610610962
20250828_143142,1.0110108852386475,1.015372633934021,2.9138500690460205
20250828_143142,1.0111440420150757,1.0153095722198486,2.9136829376220703
20250828_143142,1.0112318992614746,1.0153048038482666,2.9136030673980713
20250828_143142,1.0112950801849365,1.015407681465149,2.9136478900909424
20250828_143142,1.0114458799362183,1.0155160427093506,2.9135706424713135
20250828_143142,1.0116143226623535,1.0155924558639526,2.913503885269165
20250828_143142,1.0118227005004883,1.0156642198562622,2.913452625274658
20250828_143142,1.012026309967041,1.0155861377716064,2.9134697914123535
20250828_143142,1.0120713710784912,1.015692949295044,2.9133620262145996
20250828_143142,1.0122679471969604,1.0156060457229614,2.913362979888916
20250828_143142,1.0123496055603027,1.0157544612884521,2.9132509231567383
20250828_143142,1.012572169303894,1.0156738758087158,2.913267135620117
20250828_143142,1.0127168893814087,1.0157253742218018,2.913198471069336
20250828_143142,1.0128992795944214,1.0157248973846436,2.91316819190979
20250828_143142,1.0130304098129272,1.0157930850982666,2.9131174087524414
20250828_143142,1.0131036043167114,1.015772819519043,2.9130513668060303
20250828_143142,1.0131665468215942,1.015971302986145,2.912935733795166
20250828_143142,1.0132637023925781,1.0158427953720093,2.9129676818847656
20250828_143142,1.0133155584335327,1.0160845518112183,2.91286039352417
20250828_143142,1.0134531259536743,1.0162473917007446,2.912804126739502
20250828_143142,1.0137159824371338,1.0159226655960083,2.9127092361450195
20250828_143142,1.0136901140213013,1.0164393186569214,2.9127800464630127
20250828_143142,1.0137135982513428,1.0164084434509277,2.912767171859741
20250828_143142,1.0139397382736206,1.0159835815429688,2.9126667976379395
20250828_143142,1.0140352249145508,1.016057014465332,2.9126408100128174
20250828_143142,1.0140117406845093,1.0166411399841309,2.9127001762390137
20250828_143142,1.0141961574554443,1.0168592929840088,2.912679672241211
20250828_143142,1.0142760276794434,1.0169388055801392,2.9126899242401123
20250828_143142,1.014330267906189,1.016957402229309,2.9126813411712646
20250828_143142,1.0143309831619263,1.016930103302002,2.912696599960327
20250828_143142,1.0144047737121582,1.0169684886932373,2.912693738937378
20250828_143142,1.0145049095153809,1.017127513885498,2.9127037525177
20250828_143142,1.0146269798278809,1.0172597169876099,2.9126970767974854
20250828_143142,1.0147759914398193,1.0174607038497925,2.912681818008423
20250828_143142,1.0147758722305298,1.0174552202224731,2.912684202194214
20250828_143142,1.0147720575332642,1.0174031257629395,2.9127066135406494
20250828_143142,1.014791488647461,1.017467975616455,2.9127116203308105
20250828_143142,1.0148950815200806,1.0175278186798096,2.912721872329712
20250828_143142,1.0150172710418701,1.0176916122436523,2.9127309322357178
20250828_143143,1.0150846242904663,1.0177826881408691,2.9127299785614014
20250828_143143,1.0151718854904175,1.0178196430206299,2.912761688232422
20250828_143143,1.0151997804641724,1.0178399085998535,2.912778854370117
20250828_143143,1.0152249336242676,1.0178133249282837,2.9128258228302
20250828_143143,1.0153093338012695,1.0178723335266113,2.912844657897949
20250828_143143,1.0155164003372192,1.0176327228546143,2.912731409072876
20250828_143143,1.0156179666519165,1.0177439451217651,2.9127442836761475
20250828_143143,1.0156736373901367,1.0177817344665527,2.9127964973449707
20250828_143143,1.0157407522201538,1.0177973508834839,2.9128384590148926
20250828_143143,1.0156662464141846,1.0180789232254028,2.913032054901123
20250828_143143,1.0156917572021484,1.0180281400680542,2.9131014347076416
20250828_143143,1.015790581703186,1.0180913209915161,2.913137912750244
20250828_143143,1.0158848762512207,1.0181221961975098,2.9131991863250732
20250828_143143,1.0159833431243896,1.0182247161865234,2.91325044631958
20250828_143143,1.0161086320877075,1.0181516408920288,2.913384199142456
20250828_143143,1.0161546468734741,1.0181108713150024,2.9134325981140137
20250828_143143,1.0161633491516113,1.018109917640686,2.9135053157806396
20250828_143143,1.0161961317062378,1.0181041955947876,2.91357159614563
20250828_143143,1.0163049697875977,1.0181859731674194,2.913618564605713
20250828_143143,1.016399621963501,1.0182584524154663,2.9136815071105957
20250828_143143,1.0164988040924072,1.0183130502700806,2.913755178451538
20250828_143143,1.0165278911590576,1.0183402299880981,2.9138128757476807
20250828_143143,1.0165706872940063,1.0182888507843018,2.9139010906219482
20250828_143143,1.0166281461715698,1.018323540687561,2.9139950275421143
20250828_143143,1.01668381690979,1.0183378458023071,2.9140422344207764
20250828_143143,1.0168218612670898,1.0183926820755005,2.914130687713623
20250828_143143,1.016879916191101,1.0186898708343506,2.914280652999878
20250828_143143,1.0169275999069214,1.0186741352081299,2.9143424034118652
20250828_143143,1.0169909000396729,1.0187034606933594,2.9144351482391357
20250828_143143,1.0170338153839111,1.0187007188796997,2.914525032043457
20250828_143143,1.0171252489089966,1.0187444686889648,2.9146182537078857
20250828_143143,1.0171780586242676,1.018776535987854,2.914724111557007
20250828_143143,1.017285943031311,1.0187839269638062,2.914822816848755
20250828_143143,1.0173516273498535,1.0188487768173218,2.9149329662323
20250828_143143,1.0174247026443481,1.0188865661621094,2.91502046585083
20250828_143143,1.0175724029541016,1.0187299251556396,2.915053367614746
20250828_143143,1.0176211595535278,1.018702745437622,2.9151411056518555
20250828_143143,1.017601728439331,1.01902174949646,2.915231943130493
20250828_143143,1.0177090167999268,1.0189049243927002,2.9154014587402344
20250828_143143,1.0177195072174072,1.0190595388412476,2.9154417514801025
20250828_143143,1.0179084539413452,1.018851399421692,2.915555477142334
20250828_143143,1.0179221630096436,1.0190130472183228,2.915571689605713
20250828_143143,1.0180143117904663,1.019024133682251,2.915682077407837
20250828_143143,1.0180246829986572,1.0189707279205322,2.9158082008361816
20250828_143143,1.018074631690979,1.0189024209976196,2.915914297103882
20250828_143143,1.0181655883789062,1.0189498662948608,2.9160289764404297
20250828_143143,1.0182632207870483,1.0189906358718872,2.9161205291748047
20250828_143143,1.0183799266815186,1.0190287828445435,2.9162333011627197
20250828_143143,1.0184154510498047,1.0190043449401855,2.9163520336151123
20250828_143143,1.0184977054595947,1.018932580947876,2.9164459705352783
20250828_143143,1.0185445547103882,1.0188864469528198,2.916611671447754
20250828_143143,1.0187309980392456,1.0185127258300781,2.9165682792663574
20250828_143143,1.0189082622528076,1.0184499025344849,2.9167633056640625
20250828_143143,1.0189073085784912,1.0186731815338135,2.916969060897827
20250828_143143,1.019046425819397,1.0185754299163818,2.917166233062744
20250828_143143,1.0190271139144897,1.0186235904693604,2.917191505432129
20250828_143143,1.01910400390625,1.0185679197311401,2.917334794998169
20250828_143143,1.0191763639450073,1.0187292098999023,2.917541742324829
20250828_143143,1.01924467086792,1.018569827079773,2.917603015899658
20250828_143143,1.019365668296814,1.018683671951294,2.917820453643799
20250828_143143,1.0194568634033203,1.0184882879257202,2.9179115295410156
20250828_143143,1.019554853439331,1.0184413194656372,2.9180073738098145
20250828_143143,1.0195746421813965,1.0182770490646362,2.9180550575256348
20250828_143143,1.0196112394332886,1.0184191465377808,2.918315887451172
20250828_143143,1.019700288772583,1.0184218883514404,2.9184441566467285
20250828_143143,1.0197575092315674,1.018386960029602,2.918576240539551
20250828_143143,1.0199477672576904,1.0183141231536865,2.918773889541626
20250828_143143,1.0199670791625977,1.0181925296783447,2.9187657833099365
20250828_143143,1.0200848579406738,1.0181742906570435,2.919020414352417
20250828_143143,1.0201570987701416,1.01813805103302,2.9191172122955322
20250828_143143,1.020243525505066,1.0180140733718872,2.9192655086517334
20250828_143143,1.0203583240509033,1.0180097818374634,2.919419050216675
20250828_143143,1.0204271078109741,1.0179388523101807,2.9195401668548584
20250828_143143,1.020554780960083,1.0176211595535278,2.919661521911621
20250828_143143,1.0206363201141357,1.0177323818206787,2.9198367595672607
20250828_143143,1.020715594291687,1.01760995388031,2.919985294342041
20250828_143143,1.020832896232605,1.017379879951477,2.920050621032715
20250828_143143,1.0209449529647827,1.0172715187072754,2.92021107673645
20250828_143143,1.021125078201294,1.017094612121582,2.920351505279541
20250828_143143,1.0210893154144287,1.017335057258606,2.920459032058716
20250828_143143,1.0212923288345337,1.01716947555542,2.9206748008728027
20250828_143143,1.0213241577148438,1.0170769691467285,2.920673370361328
20250828_143143,1.021391749382019,1.0170458555221558,2.9207723140716553
20250828_143143,1.0214897394180298,1.0171343088150024,2.921020746231079
20250828_143143,1.0215078592300415,1.0170351266860962,2.9211432933807373
20250828_143143,1.0215781927108765,1.0169763565063477,2.921272039413452
20250828_143143,1.0216732025146484,1.0169974565505981,2.9214000701904297
20250828_143143,1.0218110084533691,1.016752004623413,2.921470880508423
20250828_143143,1.0219067335128784,1.0168043375015259,2.9216089248657227
20250828_143143,1.0219954252243042,1.016619086265564,2.921780586242676
20250828_143143,1.0220707654953003,1.0167198181152344,2.9219696521759033
20250828_143143,1.022143006324768,1.016688346862793,2.922133684158325
20250828_143143,1.0222584009170532,1.0166351795196533,2.922260046005249
20250828_143143,1.0224056243896484,1.0165162086486816,2.9223480224609375
20250828_143143,1.0226155519485474,1.016229510307312,2.9223361015319824
20250828_143143,1.022781491279602,1.0161687135696411,2.922649383544922
20250828_143143,1.0228296518325806,1.016262412071228,2.9228618144989014
20250828_143143,1.022944450378418,1.0162192583084106,2.9230268001556396
20250828_143143,1.0230687856674194,1.0161006450653076,2.9230408668518066
20250828_143144,1.0231760740280151,1.0160636901855469,2.923206090927124
20250828_143144,1.0232956409454346,1.015883445739746,2.923285961151123
20250828_143144,1.0233997106552124,1.015841007232666,2.9234461784362793
20250828_143144,1.0234806537628174,1.0159364938735962,2.9236276149749756
20250828_143144,1.0235568284988403,1.0159028768539429,2.9237611293792725
20250828_143144,1.0236691236495972,1.015857219696045,2.9239702224731445
20250828_143144,1.0237832069396973,1.015815019607544,2.9241161346435547
20250828_143144,1.0238853693008423,1.015809416770935,2.924248456954956
20250828_143144,1.0240299701690674,1.0158770084381104,2.9244024753570557
20250828_143144,1.024163007736206,1.0157278776168823,2.924591064453125
20250828_143144,1.0242431163787842,1.015602469444275,2.9246578216552734
20250828_143144,1.024243950843811,1.0156723260879517,2.9246978759765625
20250828_143144,1.0244026184082031,1.0156843662261963,2.924861431121826
20250828_143144,1.024573802947998,1.0158008337020874,2.9249730110168457
20250828_143144,1.0247132778167725,1.0158905982971191,2.9251017570495605
20250828_143144,1.024854302406311,1.0159236192703247,2.9252166748046875
20250828_143144,1.0248501300811768,1.0160146951675415,2.92527437210083
20250828_143144,1.024880290031433,1.016016960144043,2.925461530685425
20250828_143144,1.025024175643921,1.0161232948303223,2.9255833625793457
20250828_143144,1.0251587629318237,1.0161995887756348,2.9256930351257324
20250828_143144,1.025321125984192,1.016301155090332,2.925804853439331
20250828_143144,1.0254167318344116,1.0163466930389404,2.925889015197754
20250828_143144,1.0255471467971802,1.016433596611023,2.926010847091675
20250828_143144,1.025662899017334,1.0164155960083008,2.9261460304260254
20250828_143144,1.0257624387741089,1.0164463520050049,2.926304578781128
20250828_143144,1.025895595550537,1.0165177583694458,2.92638897895813
20250828_143144,1.0260049104690552,1.0165472030639648,2.9265315532684326
20250828_143144,1.0261263847351074,1.0165915489196777,2.926633358001709
20250828_143144,1.0262264013290405,1.0166493654251099,2.926738739013672
20250828_143144,1.0263559818267822,1.016669511795044,2.926840305328369
20250828_143144,1.0265085697174072,1.0167704820632935,2.9269509315490723
20250828_143144,1.0266005992889404,1.0167802572250366,2.9270639419555664
20250828_143144,1.026723027229309,1.0167675018310547,2.9271671772003174
20250828_143144,1.026798129081726,1.016778588294983,2.927269697189331
20250828_143144,1.0269649028778076,1.016776204109192,2.9273929595947266
20250828_143144,1.0271344184875488,1.0169041156768799,2.9274778366088867
20250828_143144,1.0272853374481201,1.0169223546981812,2.9275741577148438
20250828_143144,1.0273772478103638,1.0169495344161987,2.9276392459869385
20250828_143144,1.0274817943572998,1.01679265499115,2.92781138420105
20250828_143144,1.0275158882141113,1.016875982284546,2.927828311920166
20250828_143144,1.0276648998260498,1.016955018043518,2.9279277324676514
20250828_143144,1.0278993844985962,1.0168863534927368,2.9280643463134766
20250828_143144,1.027974009513855,1.0171425342559814,2.9281017780303955
20250828_143144,1.0280405282974243,1.017054796218872,2.9281821250915527
20250828_143144,1.0281716585159302,1.0168780088424683,2.928361654281616
20250828_143144,1.028196930885315,1.0170164108276367,2.928389072418213
20250828_143144,1.0284184217453003,1.016932487487793,2.928555727005005
20250828_143144,1.0285428762435913,1.0171911716461182,2.9285755157470703
20250828_143144,1.0286405086517334,1.0171961784362793,2.928670883178711
20250828_143144,1.028727650642395,1.0171953439712524,2.9287631511688232
20250828_143144,1.0288323163986206,1.0170748233795166,2.9288575649261475
20250828_143144,1.028921127319336,1.0170494318008423,2.9289510250091553
20250828_143144,1.029048204421997,1.0171210765838623,2.929029941558838
20250828_143144,1.0291848182678223,1.017154574394226,2.929104804992676
20250828_143144,1.0293595790863037,1.0172628164291382,2.929187536239624
20250828_143144,1.0294338464736938,1.0172457695007324,2.9292564392089844
20250828_143144,1.029585361480713,1.0172481536865234,2.9293594360351562
20250828_143144,1.0296785831451416,1.0172227621078491,2.9294357299804688
20250828_143144,1.0297750234603882,1.0171916484832764,2.929534673690796
20250828_143144,1.0299017429351807,1.017251968383789,2.9295883178710938
20250828_143144,1.03021240234375,1.0173039436340332,2.9297423362731934
20250828_143144,1.030286431312561,1.0174821615219116,2.9297678470611572
20250828_143144,1.030524730682373,1.0174483060836792,2.9298899173736572
20250828_143144,1.0305438041687012,1.0174399614334106,2.9299278259277344
20250828_143144,1.030703067779541,1.0173956155776978,2.9300782680511475
20250828_143144,1.0306607484817505,1.0173596143722534,2.930112838745117
20250828_143144,1.0309313535690308,1.0174814462661743,2.93025803565979
20250828_143144,1.030998945236206,1.0175904035568237,2.9302802085876465
20250828_143144,1.0312495231628418,1.0176365375518799,2.930420160293579
20250828_143144,1.0312223434448242,1.0176749229431152,2.9304568767547607
20250828_143144,1.0313771963119507,1.0175668001174927,2.9306039810180664
20250828_143144,1.0314223766326904,1.0174601078033447,2.930699586868286
20250828_143144,1.0315996408462524,1.0174615383148193,2.9308390617370605
20250828_143144,1.0318435430526733,1.0175622701644897,2.9309449195861816
20250828_143144,1.032029151916504,1.0176228284835815,2.9310383796691895
20250828_143144,1.0319545269012451,1.017759919166565,2.9309463500976562
20250828_143144,1.0321707725524902,1.0176938772201538,2.9311373233795166
20250828_143144,1.0322163105010986,1.0176222324371338,2.931183338165283
20250828_143144,1.032375693321228,1.0176687240600586,2.9312775135040283
20250828_143144,1.0323325395584106,1.0178087949752808,2.931245803833008
20250828_143144,1.0326424837112427,1.0178179740905762,2.931401252746582
20250828_143144,1.0327322483062744,1.0178476572036743,2.931445837020874
20250828_143144,1.0328179597854614,1.0178093910217285,2.9315576553344727
20250828_143144,1.0328834056854248,1.0177935361862183,2.9316139221191406
20250828_143144,1.0329700708389282,1.017770528793335,2.931736946105957
20250828_143144,1.0331000089645386,1.0178189277648926,2.9317939281463623
20250828_143144,1.0332094430923462,1.0178985595703125,2.9319021701812744
20250828_143144,1.0333623886108398,1.0179455280303955,2.931985378265381
20250828_143144,1.0334490537643433,1.017987608909607,2.9320905208587646
20250828_143144,1.0336586236953735,1.0174810886383057,2.9321165084838867
20250828_143144,1.0337284803390503,1.0174636840820312,2.932239055633545
20250828_143144,1.0337542295455933,1.0175443887710571,2.9324541091918945
20250828_143144,1.0338168144226074,1.0177158117294312,2.932495594024658
20250828_143144,1.0338679552078247,1.0178951025009155,2.9324793815612793
20250828_143144,1.034095048904419,1.0177537202835083,2.9326319694519043
20250828_143144,1.0341097116470337,1.0177000761032104,2.9326813220977783
20250828_143144,1.0341969728469849,1.0175307989120483,2.93290114402771
20250828_143144,1.0341986417770386,1.0177571773529053,2.9329493045806885
20250828_143144,1.0343146324157715,1.0176206827163696,2.933016061782837
20250828_143144,1.034458875656128,1.0179636478424072,2.933218240737915
20250828_143145,1.0346027612686157,1.017783284187317,2.933171272277832
20250828_143145,1.0346537828445435,1.0177894830703735,2.9333114624023438
20250828_143145,1.034690022468567,1.0179133415222168,2.9334986209869385
20250828_143145,1.0347235202789307,1.0178698301315308,2.9335479736328125
20250828_143145,1.0348458290100098,1.018080472946167,2.9336135387420654
20250828_143145,1.035003423690796,1.0181958675384521,2.9336514472961426
20250828_143145,1.0351334810256958,1.0180399417877197,2.9336702823638916
20250828_143145,1.03522527217865,1.0180470943450928,2.9337191581726074
20250828_143145,1.0351985692977905,1.0181256532669067,2.9339194297790527
20250828_143145,1.0352388620376587,1.0180295705795288,2.9340133666992188
20250828_143145,1.035292148590088,1.0180798768997192,2.934145450592041
20250828_143145,1.0354233980178833,1.0181950330734253,2.9343085289001465
20250828_143145,1.0355119705200195,1.018330693244934,2.9344582557678223
20250828_143145,1.035583734512329,1.0183137655258179,2.93452525138855
20250828_143145,1.0356587171554565,1.0183849334716797,2.9346392154693604
20250828_143145,1.035697340965271,1.0183563232421875,2.9347426891326904
20250828_143145,1.035778284072876,1.0182220935821533,2.9347715377807617
20250828_143145,1.0359050035476685,1.0181909799575806,2.934896945953369
20250828_143145,1.0359035730361938,1.0183610916137695,2.9350380897521973
20250828_143145,1.036076545715332,1.0183817148208618,2.9351718425750732
20250828_143145,1.0360641479492188,1.0184805393218994,2.9351963996887207
20250828_143145,1.0361909866333008,1.0183632373809814,2.9353280067443848
20250828_143145,1.036230206489563,1.0183265209197998,2.9354419708251953
20250828_143145,1.0362673997879028,1.0182771682739258,2.935530662536621
20250828_143145,1.0364582538604736,1.0183440446853638,2.935602903366089
20250828_143145,1.0364482402801514,1.0181807279586792,2.9356141090393066
20250828_143145,1.0366648435592651,1.0182054042816162,2.9357285499572754
20250828_143145,1.0367017984390259,1.0180833339691162,2.9357399940490723
20250828_143145,1.0367188453674316,1.0183511972427368,2.935962200164795
20250828_143145,1.0367530584335327,1.018323302268982,2.9360556602478027
20250828_143145,1.0367990732192993,1.0183160305023193,2.9361510276794434
20250828_143145,1.036872148513794,1.018109679222107,2.9361889362335205
20250828_143145,1.0369755029678345,1.0181900262832642,2.9362716674804688
20250828_143145,1.0370291471481323,1.018204927444458,2.9363558292388916
20250828_143145,1.0369867086410522,1.0181171894073486,2.9364542961120605
20250828_143145,1.0370086431503296,1.0180270671844482,2.936544179916382
20250828_143145,1.0370906591415405,1.0182790756225586,2.9366819858551025
20250828_143145,1.0371595621109009,1.0181211233139038,2.9366633892059326
20250828_143145,1.0372745990753174,1.0182273387908936,2.936768054962158
20250828_143145,1.0373190641403198,1.0182123184204102,2.936836004257202
20250828_143145,1.0373351573944092,1.0181939601898193,2.9369258880615234
20250828_143145,1.0373427867889404,1.0183582305908203,2.9370741844177246
20250828_143145,1.037398338317871,1.018335223197937,2.9371447563171387
20250828_143145,1.0374692678451538,1.0181939601898193,2.9371564388275146
20250828_143145,1.0374469757080078,1.0183650255203247,2.9371862411499023
20250828_143145,1.0375969409942627,1.0183099508285522,2.9373080730438232
20250828_143145,1.0376356840133667,1.0183300971984863,2.937394857406616
20250828_143145,1.0376403331756592,1.0182963609695435,2.9374680519104004
20250828_143145,1.0376743078231812,1.0184839963912964,2.9376235008239746
20250828_143145,1.0377275943756104,1.0184731483459473,2.9377007484436035
20250828_143145,1.0377274751663208,1.0184050798416138,2.937666177749634
20250828_143145,1.0377881526947021,1.0184985399246216,2.9377453327178955
20250828_143145,1.037913203239441,1.0184102058410645,2.937882900238037
20250828_143145,1.037935733795166,1.0184476375579834,2.9379472732543945
20250828_143145,1.037909984588623,1.0185507535934448,2.9380404949188232
20250828_143145,1.0379481315612793,1.0184721946716309,2.9380486011505127
20250828_143145,1.0379855632781982,1.0184686183929443,2.9381368160247803
20250828_143145,1.038080096244812,1.0184327363967896,2.93820858001709
20250828_143145,1.0381126403808594,1.0184818506240845,2.9382705688476562
20250828_143145,1.0381364822387695,1.0184497833251953,2.9383463859558105
20250828_143145,1.0382301807403564,1.0184444189071655,2.9384512901306152
20250828_143145,1.038601040840149,1.0182431936264038,2.9389405250549316
20250828_143145,1.0387805700302124,1.0180326700210571,2.9389843940734863
20250828_143145,1.03824782371521,1.017564296722412,2.9394540786743164
20250828_143145,1.0391793251037598,1.0162205696105957,2.9402706623077393
20250828_143145,1.040220022201538,1.0151489973068237,2.9414122104644775
20250828_143145,1.0412994623184204,1.0131717920303345,2.9427690505981445
20250828_143145,1.0430192947387695,1.0112926959991455,2.944593906402588
20250828_143145,1.0451862812042236,1.0081039667129517,2.946967840194702
20250828_143145,1.0476809740066528,1.0041418075561523,2.9492084980010986
20250828_143145,1.050595760345459,0.999363899230957,2.951935052871704
20250828_143145,1.0537309646606445,0.993380069732666,2.954967737197876
20250828_143145,1.057299256324768,0.9861451387405396,2.9580905437469482
20250828_143145,1.0606803894042969,0.9774338006973267,2.961582899093628
20250828_143145,1.064450979232788,0.9677996635437012,2.9646553993225098
20250828_143145,1.067825436592102,0.956063985824585,2.9680893421173096
20250828_143145,1.0706679821014404,0.9430130124092102,2.9706289768218994
20250828_143145,1.0756871700286865,0.913146436214447,2.9755802154541016
20250828_143145,1.076520562171936,0.8970666527748108,2.976266622543335
20250828_143145,1.0765148401260376,0.8806440830230713,2.976925849914551
20250828_143145,1.0760282278060913,0.86285799741745,2.976290225982666
20250828_143145,1.074158787727356,0.846161961555481,2.975374937057495
20250828_143145,1.0719339847564697,0.8299052119255066,2.973881721496582
20250828_143145,1.069586157798767,0.8153563737869263,2.972475528717041
20250828_143145,1.0672649145126343,0.8010868430137634,2.9710638523101807
20250828_143145,1.0661817789077759,0.7882530689239502,2.9703142642974854
20250828_143145,1.0672742128372192,0.7770244479179382,2.971543788909912
20250828_143145,1.0697160959243774,0.76612788438797,2.974348783493042
20250828_143145,1.0756492614746094,0.7543977499008179,2.979206085205078
20250828_143145,1.0841418504714966,0.7402586340904236,2.986102819442749
20250828_143145,1.1261249780654907,0.6325952410697937,3.0183422565460205
20250828_143145,1.1332937479019165,0.5953792333602905,3.02339243888855
20250828_143145,1.137359380722046,0.5560368299484253,3.0246188640594482
20250828_143145,1.137024164199829,0.516842246055603,3.02313494682312
20250828_143145,1.1339870691299438,0.4785992503166199,3.0209128856658936
20250828_143145,1.1294234991073608,0.4431951642036438,3.016489267349243
20250828_143146,1.123216986656189,0.41276320815086365,3.0118603706359863
20250828_143146,1.1176520586013794,0.3842349350452423,3.009330987930298
20250828_143146,1.1147284507751465,0.3569398522377014,3.0079376697540283
20250828_143146,1.112783432006836,0.33184167742729187,3.009521484375
20250828_143146,1.1135228872299194,0.3066593110561371,3.0138869285583496
20250828_143146,1.1172902584075928,0.2817470133304596,3.020158529281616
20250828_143146,1.12506902217865,0.2525186836719513,3.0294034481048584
20250828_143146,1.136483073234558,0.21842840313911438,3.039306163787842
20250828_143146,1.1487667560577393,0.17863602936267853,3.0493268966674805
20250828_143146,1.1622977256774902,0.13375508785247803,3.056835889816284
20250828_143146,1.152396321296692,0.12682566046714783,3.0461361408233643
20250828_143146,1.157822608947754,0.1298903226852417,3.0470967292785645
20250828_143146,1.160780906677246,0.12911266088485718,3.0463595390319824
20250828_143146,1.1643339395523071,0.12743565440177917,3.0395047664642334
20250828_143146,1.1661872863769531,0.12564043700695038,3.0358388423919678
20250828_143146,1.1660168170928955,0.1235806867480278,3.033485174179077
20250828_143146,1.1676877737045288,0.1244405210018158,3.032512903213501
20250828_143146,1.1692146062850952,0.12396032363176346,3.0310332775115967
20250828_143146,1.1703877449035645,0.12272794544696808,3.0291671752929688
20250828_143146,1.1734411716461182,0.12322631478309631,3.0256638526916504
20250828_143146,1.1754300594329834,0.12326954305171967,3.024162769317627
20250828_143146,1.1779426336288452,0.12206581234931946,3.0234153270721436
20250828_143146,1.1811319589614868,0.12063546478748322,3.0217344760894775
20250828_143146,1.1840888261795044,0.11817825585603714,3.020352840423584
20250828_143146,1.1905333995819092,0.11352436989545822,3.0156846046447754
20250828_143146,1.1923303604125977,0.10963901877403259,3.0128042697906494
20250828_143146,1.1955488920211792,0.10413561016321182,3.008946657180786
20250828_143146,1.2053829431533813,0.09674133360385895,2.9975385665893555
20250828_143146,1.2079124450683594,0.09468963742256165,2.99455189704895
20250828_143146,1.2097047567367554,0.09180541336536407,2.9923095703125
20250828_143146,1.21094810962677,0.08806004375219345,2.990208387374878
20250828_143146,1.211229920387268,0.08552458882331848,2.989062786102295
20250828_143146,1.2145291566848755,0.08430402725934982,2.987251043319702
20250828_143146,1.2166310548782349,0.08410339802503586,2.985013008117676
20250828_143146,1.2198385000228882,0.08391338586807251,2.983616828918457
20250828_143146,1.2222483158111572,0.08142975717782974,2.981672763824463
20250828_143146,1.2239879369735718,0.08030112832784653,2.981351852416992
20250828_143146,1.2273386716842651,0.07914265245199203,2.9808766841888428
20250828_143146,1.230953574180603,0.07744085043668747,2.9804201126098633
20250828_143146,1.2353394031524658,0.07618466019630432,2.980137586593628
20250828_143146,1.240553617477417,0.07379964739084244,2.9800209999084473
20250828_143146,1.2460764646530151,0.07091780751943588,2.979891538619995
20250828_143146,1.2598927021026611,0.07710111886262894,2.9760630130767822
20250828_143146,1.2640488147735596,0.08173146843910217,2.9751152992248535
20250828_143146,1.2672213315963745,0.089448943734169,2.9730265140533447
20250828_143146,1.2703874111175537,0.09437136352062225,2.969625473022461
20250828_143146,1.2736377716064453,0.0980881080031395,2.9653754234313965
20250828_143146,1.2770209312438965,0.10068179666996002,2.9619011878967285
20250828_143146,1.2796539068222046,0.10272533446550369,2.957972764968872
20250828_143146,1.2830034494400024,0.10322065651416779,2.954284429550171
20250828_143146,1.2859995365142822,0.1027560606598854,2.950963258743286
20250828_143146,1.2933158874511719,0.09891905635595322,2.943852424621582
20250828_143146,1.2966161966323853,0.09634063392877579,2.940511465072632
20250828_143146,1.2986414432525635,0.09180280566215515,2.934839963912964
20250828_143146,1.3000452518463135,0.08558423072099686,2.9280967712402344
20250828_143146,1.3000295162200928,0.08077041804790497,2.9216856956481934
20250828_143146,1.3001041412353516,0.07613411545753479,2.9159698486328125
20250828_143146,1.2980425357818604,0.07089750468730927,2.910456895828247
20250828_143150,1.288343906402588,0.09822095930576324,2.88797926902771
20250828_143150,1.278279423713684,0.10790576785802841,2.8876101970672607
20250828_143150,1.2741243839263916,0.11494755744934082,2.888381242752075
20250828_143150,1.2692830562591553,0.12023421376943588,2.888700008392334
20250828_143150,1.2659398317337036,0.1272442638874054,2.889812707901001
20250828_143150,1.263712763786316,0.1369212567806244,2.8924953937530518
