time_s,x,y,z
20251022_133854.599396,1.00277578830719,0.06713047623634338,0.9919890761375427
20251022_133854.600235,1.002785086631775,0.06712210923433304,0.9919777512550354
20251022_133854.600927,1.0027838945388794,0.06706569343805313,0.9919734597206116
20251022_133854.602076,1.002772331237793,0.06706573069095612,0.9919908046722412
20251022_133854.603535,1.0027797222137451,0.06711193919181824,0.9919878244400024
20251022_133854.605197,1.002785325050354,0.06711501628160477,0.9919909238815308
20251022_133854.606872,1.0027973651885986,0.06712538748979568,0.9919835329055786
20251022_133854.608477,1.0027846097946167,0.06711801141500473,0.9919797778129578
20251022_133854.610290,1.002781629562378,0.06711101531982422,0.9919846057891846
20251022_133854.612555,1.0027722120285034,0.06704742461442947,0.9919927716255188
20251022_133854.614769,1.0027767419815063,0.06709881126880646,0.9920074343681335
20251022_133854.616578,1.0027949810028076,0.06717049330472946,0.9919798374176025
20251022_133854.628805,1.0027912855148315,0.06715937703847885,0.9919944405555725
20251022_133854.634263,1.0027811527252197,0.06710594147443771,0.9919834136962891
20251022_133854.643712,1.0028356313705444,0.06701549142599106,0.992009699344635
20251022_133854.653891,1.0028190612792969,0.066978819668293,0.9920220375061035
20251022_133854.667325,1.0028423070907593,0.0670238584280014,0.9919582009315491
20251022_133854.673701,1.0028151273727417,0.06710080057382584,0.9919882416725159
20251022_133854.684000,1.002806305885315,0.06716801226139069,0.9920198917388916
20251022_133854.693564,1.0028271675109863,0.0671071857213974,0.992029070854187
20251022_133854.703558,1.00285005569458,0.06705306470394135,0.9920152425765991
20251022_133854.714274,1.0028252601623535,0.06707952916622162,0.9920688271522522
20251022_133854.724297,1.0028835535049438,0.06710800528526306,0.9920897483825684
20251022_133854.734277,1.0028785467147827,0.06723073124885559,0.9921647906303406
20251022_133854.743975,1.002915382385254,0.06733782589435577,0.9924982190132141
20251022_133854.754111,1.0028586387634277,0.06740713119506836,0.9926435947418213
20251022_133854.756104,1.0029349327087402,0.06775041669607162,0.9928267598152161
20251022_133854.774317,1.0029093027114868,0.06782004982233047,0.9930447340011597
20251022_133854.784384,1.0028791427612305,0.06786692887544632,0.9931995272636414
20251022_133854.794217,1.002884864807129,0.06805912405252457,0.9933761954307556
20251022_133854.803514,1.002940058708191,0.06819789856672287,0.9935310482978821
20251022_133854.814059,1.0029549598693848,0.06836248189210892,0.9936689138412476
20251022_133854.824135,1.0030138492584229,0.06848421692848206,0.9937910437583923
20251022_133854.833531,1.0030570030212402,0.06868845969438553,0.9938637018203735
20251022_133854.843676,1.00304114818573,0.0691804364323616,0.9940003752708435
20251022_133854.853530,1.0030627250671387,0.06989142298698425,0.9939307570457458
20251022_133854.864232,1.0032581090927124,0.07080024480819702,0.9938878417015076
20251022_133854.865676,1.003239631652832,0.07168541103601456,0.9939584136009216
20251022_133854.883659,1.0033035278320312,0.07241664081811905,0.9939683079719543
20251022_133854.894480,1.0034297704696655,0.07355789840221405,0.9939780235290527
20251022_133854.904372,1.0034624338150024,0.07502354681491852,0.9939723014831543
20251022_133854.913449,1.003553032875061,0.07689116150140762,0.9940634369850159
20251022_133854.924353,1.0036982297897339,0.07887633144855499,0.9940229058265686
20251022_133854.934268,1.0038034915924072,0.08053586632013321,0.9940036535263062
20251022_133854.944466,1.0038927793502808,0.08263891190290451,0.993976354598999
20251022_133854.953919,1.0039514303207397,0.08474738895893097,0.9938740134239197
20251022_133854.963573,1.0039807558059692,0.08734715729951859,0.9939333200454712
20251022_133854.974491,1.0041608810424805,0.08996429294347763,0.9938732981681824
20251022_133854.984245,1.004379153251648,0.09312888979911804,0.9937499761581421
20251022_133854.994009,1.004376769065857,0.09616164863109589,0.9936221837997437
20251022_133855.004093,1.0045310258865356,0.09900227934122086,0.9935360550880432
20251022_133855.013435,1.004372000694275,0.101983942091465,0.9933531284332275
20251022_133855.023813,1.004493236541748,0.10568062961101532,0.9932337999343872
20251022_133855.033943,1.004517912864685,0.1089092567563057,0.9931142330169678
20251022_133855.044081,1.0045596361160278,0.11249980330467224,0.9928833842277527
20251022_133855.054087,1.0047112703323364,0.11634888499975204,0.9925426840782166
20251022_133855.064289,1.0045851469039917,0.12040713429450989,0.9922270178794861
20251022_133855.066745,1.0047329664230347,0.12413615733385086,0.9921106696128845
20251022_133855.083601,1.0044748783111572,0.12837360799312592,0.9919265508651733
20251022_133855.093381,1.0046943426132202,0.13312551379203796,0.9916457533836365
20251022_133855.103482,1.004494547843933,0.1369539052248001,0.99117511510849
20251022_133855.116581,1.004439115524292,0.1412467360496521,0.9910386204719543
20251022_133855.123676,1.004496693611145,0.1455310732126236,0.9906479120254517
20251022_133855.133972,1.0045487880706787,0.15052685141563416,0.9904182553291321
20251022_133855.144277,1.0043752193450928,0.15467077493667603,0.9902394413948059
20251022_133855.154298,1.0042167901992798,0.1594647765159607,0.9898493885993958
20251022_133855.163806,1.0041992664337158,0.16432008147239685,0.9895129203796387
20251022_133855.174009,1.004020094871521,0.16891014575958252,0.9892827272415161
20251022_133855.184038,1.0040208101272583,0.17353130877017975,0.9888637065887451
20251022_133855.194110,1.0040924549102783,0.17921863496303558,0.9883586168289185
20251022_133855.203928,1.003913402557373,0.18376711010932922,0.9879477620124817
20251022_133855.214320,1.0036524534225464,0.1891162395477295,0.9874483346939087
20251022_133855.224283,1.0035688877105713,0.19438894093036652,0.9871264100074768
20251022_133855.234273,1.003419041633606,0.199318528175354,0.9867475032806396
20251022_133855.243899,1.0033544301986694,0.20469675958156586,0.98626708984375
20251022_133855.253608,1.003260850906372,0.2100154608488083,0.9859017133712769
20251022_133855.264251,1.0028533935546875,0.2155681848526001,0.9853049516677856
20251022_133855.274015,1.002671480178833,0.22125117480754852,0.984987735748291
20251022_133855.284281,1.0025814771652222,0.22701609134674072,0.9843289256095886
20251022_133855.293954,1.0023547410964966,0.232808455824852,0.9839133024215698
20251022_133855.303964,1.0020511150360107,0.2381773740053177,0.9834936857223511
20251022_133855.313806,1.0017598867416382,0.2439609169960022,0.9828401207923889
20251022_133855.324163,1.0016010999679565,0.2503093183040619,0.9821582436561584
20251022_133855.333650,1.00136137008667,0.25608447194099426,0.9819692969322205
20251022_133855.343907,1.001107096672058,0.26232367753982544,0.981227695941925
20251022_133855.345056,1.0006102323532104,0.2681904733181,0.9807254076004028
20251022_133855.364073,1.000486135482788,0.2742394804954529,0.9803821444511414
20251022_133855.374217,1.0003801584243774,0.28053680062294006,0.9797343015670776
20251022_133855.383894,0.9998937845230103,0.28677600622177124,0.9791264533996582
20251022_133855.394303,0.9996142387390137,0.29286277294158936,0.9790140390396118
20251022_133855.404219,0.9992624521255493,0.2991912066936493,0.9786099791526794
20251022_133855.414398,0.9988618493080139,0.3060489296913147,0.9776461720466614
20251022_133855.423841,0.9987447261810303,0.31232672929763794,0.9773179888725281
20251022_133855.434341,0.9983653426170349,0.31889864802360535,0.9767064452171326
20251022_133855.444406,0.9978743195533752,0.32559752464294434,0.9762944579124451
20251022_133855.453412,0.9976875185966492,0.33224618434906006,0.9756631851196289
20251022_133855.463863,0.9971910119056702,0.33905652165412903,0.9747472405433655
20251022_133855.473901,0.9968404769897461,0.3457448184490204,0.9743343591690063
20251022_133855.484337,0.9967041611671448,0.35262057185173035,0.9735079407691956
20251022_133855.493948,0.996206521987915,0.3597044348716736,0.9728891849517822
20251022_133855.503317,0.9956414103507996,0.3668064475059509,0.9723536372184753
20251022_133855.514044,0.9953636527061462,0.37390685081481934,0.9717788100242615
20251022_133855.524122,0.9950557351112366,0.3811456263065338,0.9712512493133545
20251022_133855.534075,0.9946503043174744,0.3880447745323181,0.9706361889839172
20251022_133855.543592,0.9941936731338501,0.3951498866081238,0.970209002494812
20251022_133855.554154,0.9936715364456177,0.4027367830276489,0.9694327116012573
20251022_133855.564434,0.9933340549468994,0.410360187292099,0.968689501285553
20251022_133855.574361,0.9929298162460327,0.4174402356147766,0.9680482149124146
20251022_133855.584414,0.9925520420074463,0.42476344108581543,0.9677159786224365
20251022_133855.594830,0.9920384883880615,0.43211328983306885,0.966793417930603
20251022_133855.603487,0.991508424282074,0.4396875500679016,0.9661712646484375
20251022_133855.613908,0.9912064671516418,0.4475683271884918,0.9655541181564331
20251022_133855.623878,0.990655779838562,0.4551316201686859,0.9648013114929199
20251022_133855.634260,0.990176260471344,0.46279680728912354,0.9643043279647827
20251022_133855.643878,0.9896597266197205,0.4705640971660614,0.9636185765266418
20251022_133855.654069,0.9893308281898499,0.4783226251602173,0.9630023241043091
20251022_133855.663838,0.9887601733207703,0.48615938425064087,0.9622371196746826
20251022_133855.674099,0.9882075786590576,0.49398645758628845,0.9616680145263672
20251022_133855.683912,0.9878975749015808,0.5020638108253479,0.9609918594360352
20251022_133855.694268,0.9874314665794373,0.5102058053016663,0.9605535268783569
20251022_133855.703847,0.9869104623794556,0.5182474851608276,0.959523618221283
20251022_133855.713473,0.9864711165428162,0.5262571573257446,0.9591196775436401
20251022_133855.724005,0.9858953952789307,0.5343524217605591,0.9581423997879028
20251022_133855.734458,0.9852368831634521,0.5428985357284546,0.9575366973876953
20251022_133855.744300,0.9847232699394226,0.5508713722229004,0.956874430179596
20251022_133855.754249,0.9841310381889343,0.5588727593421936,0.9562950134277344
20251022_133855.764274,0.9839335083961487,0.566641092300415,0.9556503891944885
20251022_133855.774211,0.9833081364631653,0.5746256113052368,0.9548851251602173
20251022_133855.783934,0.982881486415863,0.5827769041061401,0.9542787075042725
20251022_133855.794582,0.9822331070899963,0.5913035273551941,0.9534868001937866
20251022_133855.804398,0.9816133379936218,0.5995025634765625,0.9528622627258301
20251022_133855.814285,0.9812111258506775,0.6078200340270996,0.9524813890457153
20251022_133855.824367,0.980623185634613,0.6160567998886108,0.951444685459137
20251022_133855.834215,0.9801669716835022,0.6238152980804443,0.9509928226470947
20251022_133855.843764,0.9797805547714233,0.6317297220230103,0.9503599405288696
20251022_133855.854070,0.9791567921638489,0.639487087726593,0.9494248032569885
20251022_133855.864143,0.9786463379859924,0.647470235824585,0.9487412571907043
20251022_133855.873498,0.9779255390167236,0.6556413769721985,0.9480443596839905
20251022_133855.883810,0.977299690246582,0.6635193824768066,0.9473633766174316
20251022_133855.894504,0.9768787026405334,0.671284556388855,0.9466152191162109
20251022_133855.904238,0.9762702584266663,0.678988516330719,0.9459183812141418
20251022_133855.914412,0.975802481174469,0.6866354942321777,0.9451839327812195
20251022_133855.924060,0.9753074645996094,0.6937735676765442,0.9445178508758545
20251022_133855.933864,0.974675714969635,0.701861560344696,0.9437366724014282
20251022_133855.944481,0.9741315245628357,0.709184467792511,0.9430323839187622
20251022_133855.953838,0.973508358001709,0.7165845632553101,0.9424235820770264
20251022_133855.964297,0.9730209708213806,0.7241714596748352,0.9417216181755066
20251022_133855.974026,0.9726467132568359,0.7306361794471741,0.9412143230438232
20251022_133855.984257,0.9720538854598999,0.7377539277076721,0.9404641389846802
20251022_133855.994142,0.9713613986968994,0.7453189492225647,0.9396775364875793
20251022_133856.003865,0.9709530472755432,0.7515817284584045,0.9390400052070618
20251022_133856.014044,0.970343291759491,0.7584338784217834,0.9383127093315125
20251022_133856.024566,0.9697780609130859,0.7651112079620361,0.9376589059829712
20251022_133856.034307,0.9691686630249023,0.771988570690155,0.9368867874145508
20251022_133856.044189,0.9685794115066528,0.7787241339683533,0.9362083077430725
20251022_133856.054450,0.9679507613182068,0.7848292589187622,0.9355074763298035
20251022_133856.064277,0.9675631523132324,0.7907975912094116,0.9347764849662781
20251022_133856.073889,0.9668626189231873,0.7972416281700134,0.9340372681617737
20251022_133856.084429,0.9662714004516602,0.8037543892860413,0.933345377445221
20251022_133856.094113,0.9658190011978149,0.809423565864563,0.9326189756393433
20251022_133856.104032,0.9651411175727844,0.8154268264770508,0.9320242404937744
20251022_133856.114165,0.9644980430603027,0.8211175203323364,0.9313033223152161
20251022_133856.124377,0.9640743732452393,0.8263190984725952,0.9307904839515686
20251022_133856.134158,0.9632871747016907,0.8319990038871765,0.9300901293754578
20251022_133856.143582,0.9628390073776245,0.8374220132827759,0.9294806122779846
20251022_133856.154303,0.9622647166252136,0.8428725600242615,0.9287319183349609
20251022_133856.163420,0.961591899394989,0.8486785888671875,0.9280299544334412
20251022_133856.174163,0.9610781073570251,0.8531979918479919,0.9273368120193481
20251022_133856.183476,0.9606180191040039,0.8587470650672913,0.9266179800033569
20251022_133856.194217,0.9599160552024841,0.8632983565330505,0.9259161353111267
20251022_133856.203471,0.9592419266700745,0.8685231804847717,0.9251575469970703
20251022_133856.214654,0.9586718082427979,0.8729984760284424,0.9245202541351318
20251022_133856.224068,0.9580725431442261,0.8774946331977844,0.9238606691360474
20251022_133856.233896,0.9574378132820129,0.8819882273674011,0.9232502579689026
20251022_133856.244213,0.9567286372184753,0.8867132663726807,0.9224741458892822
20251022_133856.253867,0.9561929106712341,0.8910980224609375,0.9216670393943787
20251022_133856.264277,0.9556872844696045,0.895408570766449,0.9209687113761902
20251022_133856.274243,0.9549418091773987,0.8995565176010132,0.920110285282135
20251022_133856.283833,0.9543005228042603,0.9034292101860046,0.9195414185523987
20251022_133856.294314,0.9537035226821899,0.9074805378913879,0.9188167452812195
20251022_133856.304248,0.9530208706855774,0.9112588763237,0.9181721210479736
20251022_133856.314205,0.9523974061012268,0.9149340987205505,0.9175663590431213
20251022_133856.324448,0.9517684578895569,0.9187254309654236,0.9167927503585815
20251022_133856.334368,0.9510961771011353,0.9223840236663818,0.9160118699073792
20251022_133856.344192,0.9504430294036865,0.9259891510009766,0.915270209312439
20251022_133856.354193,0.9497366547584534,0.9296124577522278,0.9144444465637207
20251022_133856.363871,0.9490587115287781,0.9328706860542297,0.9138381481170654
20251022_133856.374083,0.9484114050865173,0.9362770318984985,0.9130979180335999
20251022_133856.384194,0.9476922154426575,0.9394904375076294,0.9124166369438171
20251022_133856.394316,0.9470697641372681,0.9426065683364868,0.9117082357406616
20251022_133856.404296,0.946333646774292,0.9459199905395508,0.9109947681427002
20251022_133856.414062,0.9457584023475647,0.9484769701957703,0.9103941321372986
20251022_133856.424263,0.9450382590293884,0.951474666595459,0.9096819758415222
20251022_133856.434195,0.9444155097007751,0.9543479681015015,0.9089236259460449
20251022_133856.444255,0.943657636642456,0.9576503038406372,0.9081694483757019
20251022_133856.454173,0.9431590437889099,0.9601419568061829,0.9074868559837341
20251022_133856.464110,0.9424423575401306,0.9629113078117371,0.9067763686180115
20251022_133856.473815,0.9418120384216309,0.9655070304870605,0.9059433341026306
20251022_133856.483967,0.9409641623497009,0.9683290123939514,0.9052943587303162
20251022_133856.493958,0.9404441714286804,0.9704336524009705,0.9046327471733093
20251022_133856.503984,0.9397884607315063,0.9727562069892883,0.9040147066116333
20251022_133856.514058,0.9391250014305115,0.9751691222190857,0.9032039046287537
20251022_133856.523965,0.9385029673576355,0.9775545001029968,0.90249103307724
20251022_133856.534359,0.9378145933151245,0.9799013137817383,0.9017923474311829
20251022_133856.544112,0.9371680021286011,0.9820327162742615,0.9010676741600037
20251022_133856.554244,0.9365418553352356,0.9842538237571716,0.9002962708473206
20251022_133856.564293,0.9359369874000549,0.986392617225647,0.899564266204834
20251022_133856.574066,0.9353276491165161,0.9886369109153748,0.8989936113357544
20251022_133856.584253,0.934624969959259,0.9904960989952087,0.8981514573097229
20251022_133856.594166,0.9339921474456787,0.9925426840782166,0.8975518941879272
20251022_133856.603744,0.9333272576332092,0.9946866035461426,0.8968022465705872
20251022_133856.614365,0.9327926635742188,0.9965150356292725,0.8961275815963745
20251022_133856.624319,0.9321978688240051,0.9983303546905518,0.8953531384468079
20251022_133856.634311,0.9315823912620544,1.0002312660217285,0.8945896029472351
20251022_133856.643958,0.9309713840484619,1.0019370317459106,0.8940117359161377
20251022_133856.654073,0.9303845167160034,1.0036219358444214,0.8933708667755127
20251022_133856.663711,0.9297723174095154,1.0053813457489014,0.8924820423126221
20251022_133856.673778,0.9291889071464539,1.0072673559188843,0.8917726874351501
20251022_133856.683779,0.9285750985145569,1.0089390277862549,0.8911676406860352
20251022_133856.693703,0.9279922246932983,1.0103684663772583,0.8904357552528381
20251022_133856.703736,0.9274063110351562,1.0118612051010132,0.8896681666374207
20251022_133856.713765,0.9268637299537659,1.0132018327713013,0.8890607953071594
20251022_133856.723798,0.9263345003128052,1.0146129131317139,0.8883823752403259
20251022_133856.733694,0.9257886409759521,1.0160337686538696,0.887768030166626
20251022_133856.743737,0.9252758622169495,1.0173687934875488,0.8871376514434814
20251022_133856.753763,0.924740731716156,1.018896222114563,0.8862491846084595
20251022_133856.763747,0.9242914915084839,1.0201036930084229,0.8856469988822937
20251022_133856.773802,0.9237821102142334,1.021315574645996,0.8850893378257751
20251022_133856.783838,0.9233201146125793,1.022621750831604,0.8842864036560059
20251022_133856.793758,0.9227793216705322,1.023949384689331,0.8836475610733032
20251022_133856.803767,0.9223631620407104,1.0250996351242065,0.8830744028091431
20251022_133856.813710,0.921872615814209,1.0262266397476196,0.8824197053909302
20251022_133856.823693,0.921409547328949,1.0274019241333008,0.881790280342102
20251022_133856.833833,0.9209467172622681,1.028717279434204,0.8809418678283691
20251022_133856.844283,0.9205577373504639,1.029793620109558,0.8802948594093323
20251022_133856.853402,0.9201254844665527,1.0308948755264282,0.8797774314880371
20251022_133856.863762,0.9196475148200989,1.0320335626602173,0.8791317939758301
20251022_133856.873808,0.9191939830780029,1.0332387685775757,0.878337025642395
20251022_133856.883824,0.9187861680984497,1.0341556072235107,0.8777379393577576
20251022_133856.894010,0.918369472026825,1.035103440284729,0.8771705031394958
20251022_133856.903704,0.9179415702819824,1.0360889434814453,0.8764888644218445
20251022_133856.913744,0.9175669550895691,1.0369911193847656,0.8758624792098999
20251022_133856.923891,0.9171836972236633,1.0380345582962036,0.8751119375228882
20251022_133856.933799,0.916828989982605,1.038944959640503,0.8745766878128052
20251022_133856.943838,0.9164369106292725,1.0398765802383423,0.8738924860954285
20251022_133856.953752,0.9160882234573364,1.0407626628875732,0.8732910752296448
20251022_133856.963471,0.9156896471977234,1.0416468381881714,0.872694194316864
20251022_133856.973699,0.9153162240982056,1.0425400733947754,0.8721224665641785
20251022_133856.983728,0.915014386177063,1.043308138847351,0.8714856505393982
20251022_133856.994083,0.9146959781646729,1.0440552234649658,0.870901882648468
20251022_133857.003882,0.9143626093864441,1.0447791814804077,0.8703070878982544
20251022_133857.013809,0.9140687584877014,1.0455653667449951,0.8696866035461426
20251022_133857.023480,0.9137152433395386,1.0464308261871338,0.8690329194068909
20251022_133857.034041,0.9134363532066345,1.0472356081008911,0.8683830499649048
20251022_133857.044014,0.9131711721420288,1.0479000806808472,0.8679282069206238
20251022_133857.054251,0.9128845930099487,1.0485994815826416,0.8672815561294556
20251022_133857.063484,0.9126207232475281,1.049270510673523,0.866704523563385
20251022_133857.073507,0.912328839302063,1.0499171018600464,0.8661407828330994
20251022_133857.083859,0.9120517373085022,1.050592303276062,0.8655460476875305
20251022_133857.094259,0.91180819272995,1.0511726140975952,0.865009605884552
20251022_133857.104116,0.9115305542945862,1.0517946481704712,0.864462673664093
20251022_133857.113669,0.9112834930419922,1.0524710416793823,0.8638264536857605
20251022_133857.124109,0.9110433459281921,1.0530834197998047,0.8633148670196533
20251022_133857.133803,0.9107807874679565,1.0537290573120117,0.8627153635025024
20251022_133857.143853,0.9105567336082458,1.054381012916565,0.8621367812156677
20251022_133857.153740,0.9104229211807251,1.0552973747253418,0.8614982962608337
20251022_133857.164175,0.9102290272712708,1.0558269023895264,0.8609954714775085
20251022_133857.173793,0.9100382924079895,1.0563580989837646,0.8604581356048584
20251022_133857.183770,0.9098107218742371,1.0568875074386597,0.859897255897522
20251022_133857.194016,0.9096011519432068,1.0574078559875488,0.8594182133674622
20251022_133857.203701,0.9093194603919983,1.057673454284668,0.8588284254074097
20251022_133857.213703,0.909124493598938,1.0582698583602905,0.858279824256897
20251022_133857.224058,0.908982515335083,1.058824062347412,0.85776686668396
20251022_133857.234392,0.9088343381881714,1.0593799352645874,0.8572112917900085
20251022_133857.243828,0.9087031483650208,1.0598088502883911,0.8567272424697876
20251022_133857.253605,0.9084761738777161,1.0602084398269653,0.8562453389167786
20251022_133857.263479,0.9083181023597717,1.0607028007507324,0.855657696723938
20251022_133857.273722,0.9081803560256958,1.0610138177871704,0.8552048206329346
20251022_133857.283719,0.9080442786216736,1.061393141746521,0.8547326922416687
20251022_133857.293838,0.9079145193099976,1.0618685483932495,0.8542627096176147
20251022_133857.303675,0.9077792167663574,1.0623446702957153,0.8537667393684387
20251022_133857.313475,0.9076456427574158,1.0628682374954224,0.8532096743583679
20251022_133857.323537,0.9075356721878052,1.0632132291793823,0.8527928590774536
20251022_133857.334340,0.9074145555496216,1.063523530960083,0.8523238897323608
20251022_133857.343921,0.9072921872138977,1.0638880729675293,0.8518487811088562
20251022_133857.353847,0.9071969389915466,1.0642465353012085,0.8513690829277039
20251022_133857.363450,0.9070953726768494,1.0645596981048584,0.8509065508842468
20251022_133857.373691,0.9069828987121582,1.0648798942565918,0.8504835963249207
20251022_133857.383373,0.9068827033042908,1.0651589632034302,0.8500759601593018
20251022_133857.394254,0.9068454504013062,1.0655032396316528,0.8495122790336609
20251022_133857.403895,0.906777560710907,1.0658152103424072,0.8490957617759705
20251022_133857.414223,0.9067134857177734,1.0661157369613647,0.8486629128456116
20251022_133857.424447,0.9066357612609863,1.0664311647415161,0.8482546210289001
20251022_133857.433460,0.9065808057785034,1.0667119026184082,0.8478516936302185
20251022_133857.444112,0.9065455794334412,1.0669896602630615,0.8473533987998962
20251022_133857.453431,0.9064919352531433,1.0672264099121094,0.8469226360321045
20251022_133857.463449,0.9064369201660156,1.067404866218567,0.8465386629104614
20251022_133857.473777,0.9063869714736938,1.067664623260498,0.8461098670959473
20251022_133857.483506,0.9063636064529419,1.0679779052734375,0.8456488251686096
20251022_133857.493563,0.9063594937324524,1.0682883262634277,0.8451990485191345
20251022_133857.503556,0.906324565410614,1.0685558319091797,0.8447601199150085
20251022_133857.513905,0.9063071608543396,1.068814754486084,0.8443416357040405
20251022_133857.523581,0.9063049554824829,1.0690823793411255,0.8439030647277832
20251022_133857.533855,0.9062978625297546,1.0693116188049316,0.843540608882904
20251022_133857.543800,0.9062973856925964,1.0695418119430542,0.8431299328804016
20251022_133857.553662,0.9063188433647156,1.069787859916687,0.842752993106842
20251022_133857.563810,0.9063297510147095,1.0699660778045654,0.8423467874526978
20251022_133857.573962,0.9063920974731445,1.0701490640640259,0.8418623208999634
20251022_133857.584308,0.906434178352356,1.0703556537628174,0.8414878845214844
20251022_133857.594336,0.9062409400939941,1.0719099044799805,0.8406826257705688
20251022_133857.603487,0.9064993262290955,1.0708706378936768,0.8407514095306396
20251022_133857.613932,0.9065192937850952,1.0711010694503784,0.8403319120407104
20251022_133857.624057,0.9065781235694885,1.071185827255249,0.8399785757064819
20251022_133857.633903,0.9066260457038879,1.071278691291809,0.8395453691482544
20251022_133857.644525,0.9066904783248901,1.071378231048584,0.8392117023468018
20251022_133857.654044,0.9067556262016296,1.0714839696884155,0.8388742208480835
20251022_133857.664305,0.9068270921707153,1.0716383457183838,0.8384509086608887
20251022_133857.674280,0.90679532289505,1.0717359781265259,0.8379935026168823
20251022_133857.683607,0.9070765972137451,1.0720512866973877,0.8376628160476685
20251022_133857.693797,0.9072590470314026,1.0721280574798584,0.8373546004295349
20251022_133857.703530,0.9073511958122253,1.0722286701202393,0.8370201587677002
20251022_133857.713851,0.9071623682975769,1.0720402002334595,0.8366060853004456
20251022_133857.723748,0.9073619842529297,1.0721452236175537,0.8362733125686646
20251022_133857.733773,0.9074308276176453,1.0721737146377563,0.8359352350234985
20251022_133857.743936,0.9075500965118408,1.0721365213394165,0.8356077075004578
20251022_133857.753672,0.9076986312866211,1.0721585750579834,0.8352689743041992
20251022_133857.763801,0.907825231552124,1.0722309350967407,0.8349072933197021
20251022_133857.773728,0.9079881906509399,1.0722697973251343,0.8345584869384766
20251022_133857.783823,0.9081284403800964,1.0723216533660889,0.8342600464820862
20251022_133857.794097,0.9082359075546265,1.0723588466644287,0.8339729905128479
20251022_133857.803496,0.9083545804023743,1.0723823308944702,0.8336509466171265
20251022_133857.813530,0.9085063934326172,1.0724799633026123,0.833284854888916
20251022_133857.823701,0.9086286425590515,1.0725783109664917,0.8329861164093018
20251022_133857.833793,0.90876305103302,1.0726310014724731,0.8326544761657715
20251022_133857.844025,0.9089052081108093,1.0726473331451416,0.8323554992675781
20251022_133857.853743,0.9090649485588074,1.0725914239883423,0.8320613503456116
20251022_133857.863754,0.9092166423797607,1.0725570917129517,0.831757128238678
20251022_133857.874115,0.9093952775001526,1.0725429058074951,0.8314247727394104
20251022_133857.884031,0.9095911383628845,1.0726017951965332,0.8311265110969543
20251022_133857.894203,0.90976482629776,1.072701334953308,0.8308167457580566
20251022_133857.904093,0.9099502563476562,1.0726937055587769,0.8305251002311707
20251022_133857.914024,0.910117506980896,1.0726866722106934,0.8302515745162964
20251022_133857.923768,0.9103152751922607,1.0726646184921265,0.830000102519989
20251022_133857.933814,0.9104864001274109,1.0726958513259888,0.8296915888786316
20251022_133857.944010,0.9106689691543579,1.0727078914642334,0.8293969035148621
20251022_133857.953515,0.9108416438102722,1.072743535041809,0.8291659355163574
20251022_133857.963764,0.9110246300697327,1.072721242904663,0.8289298415184021
20251022_133857.974170,0.9112583994865417,1.0726810693740845,0.8286851644515991
20251022_133857.984120,0.91145920753479,1.0726232528686523,0.8283864855766296
20251022_133857.994303,0.9116567969322205,1.0725699663162231,0.8281304836273193
20251022_133858.004333,0.9118247628211975,1.072585105895996,0.8278579115867615
20251022_133858.014125,0.911867082118988,1.0725525617599487,0.8275712132453918
20251022_133858.024291,0.9120704531669617,1.0725669860839844,0.8273075222969055
20251022_133858.034205,0.9124417901039124,1.072532296180725,0.8271692395210266
20251022_133858.044436,0.9126331806182861,1.0724934339523315,0.8269379734992981
20251022_133858.054261,0.9128414988517761,1.072471022605896,0.8266596794128418
20251022_133858.064130,0.9130016565322876,1.0724636316299438,0.8264679908752441
20251022_133858.074175,0.9131810665130615,1.0724563598632812,0.8262227177619934
20251022_133858.084084,0.9133904576301575,1.0723953247070312,0.8260223269462585
20251022_133858.094338,0.9135993123054504,1.0723387002944946,0.8258066773414612
20251022_133858.104286,0.9138265252113342,1.0722984075546265,0.8255410194396973
20251022_133858.114120,0.9140536785125732,1.0721887350082397,0.825359582901001
20251022_133858.124448,0.9142493605613708,1.0720912218093872,0.825179398059845
20251022_133858.133944,0.914553165435791,1.0722839832305908,0.8249679207801819
20251022_133858.144123,0.914801836013794,1.0722399950027466,0.8247251510620117
20251022_133858.154302,0.9150288105010986,1.0721617937088013,0.8245493173599243
20251022_133858.164368,0.9151630997657776,1.0718618631362915,0.8243328928947449
20251022_133858.173848,0.9153424501419067,1.0718439817428589,0.824099600315094
20251022_133858.184073,0.9155845642089844,1.0717618465423584,0.823944091796875
20251022_133858.194140,0.915800929069519,1.0716437101364136,0.8237935304641724
20251022_133858.204132,0.916043221950531,1.071465253829956,0.8236364126205444
20251022_133858.214140,0.9162688851356506,1.071313738822937,0.8234915733337402
20251022_133858.224094,0.916496217250824,1.0712271928787231,0.8233226537704468
20251022_133858.233771,0.9166626930236816,1.0711575746536255,0.8231076002120972
20251022_133858.243738,0.9169221520423889,1.0710618495941162,0.8229997158050537
20251022_133858.253726,0.9171246886253357,1.0709398984909058,0.8228379487991333
20251022_133858.264207,0.9173337817192078,1.070837140083313,0.8226590156555176
20251022_133858.273703,0.9175596237182617,1.0707107782363892,0.8225120306015015
20251022_133858.283615,0.9177988767623901,1.0705959796905518,0.8223769068717957
20251022_133858.293638,0.9180458784103394,1.0705077648162842,0.8222318291664124
20251022_133858.303749,0.9183923006057739,1.0707826614379883,0.8220239877700806
20251022_133858.313777,0.9186128973960876,1.0707451105117798,0.8219020962715149
20251022_133858.323629,0.918728768825531,1.0703848600387573,0.8217300176620483
20251022_133858.333845,0.918994128704071,1.070257306098938,0.8215880990028381
20251022_133858.343840,0.9192320108413696,1.0701547861099243,0.8214014768600464
20251022_133858.353606,0.9194526672363281,1.0700550079345703,0.821317732334137
20251022_133858.363840,0.9196685552597046,1.069968581199646,0.8212223052978516
20251022_133858.373792,0.9199446439743042,1.0698968172073364,0.821132481098175
20251022_133858.383841,0.9201802015304565,1.0698091983795166,0.821027934551239
20251022_133858.394008,0.9204438924789429,1.0696922540664673,0.8209181427955627
20251022_133858.403787,0.9206709265708923,1.0696128606796265,0.8208135962486267
20251022_133858.413927,0.920886754989624,1.069558024406433,0.8207329511642456
20251022_133858.423656,0.9210930466651917,1.0695116519927979,0.8206546902656555
20251022_133858.433464,0.9213482737541199,1.0694831609725952,0.8205915689468384
20251022_133858.444539,0.9215710163116455,1.0694500207901,0.8204919695854187
20251022_133858.454025,0.9218414425849915,1.0693774223327637,0.8203238844871521
20251022_133858.463879,0.9220817685127258,1.0692856311798096,0.8202406167984009
20251022_133858.473779,0.9223474264144897,1.069166660308838,0.8201771378517151
20251022_133858.483883,0.9226295351982117,1.0691075325012207,0.8201300501823425
20251022_133858.493739,0.9228765368461609,1.0690157413482666,0.8200448751449585
20251022_133858.503666,0.9231306910514832,1.0689178705215454,0.8199670314788818
20251022_133858.513810,0.9233832359313965,1.0688375234603882,0.8198838829994202
20251022_133858.523676,0.9236316084861755,1.0687766075134277,0.8198113441467285
20251022_133858.533903,0.9238666296005249,1.068782925605774,0.8197289705276489
20251022_133858.544336,0.9242749810218811,1.069061040878296,0.8196493983268738
20251022_133858.553809,0.9245515465736389,1.0690456628799438,0.8195450305938721
20251022_133858.563906,0.9248032569885254,1.0689798593521118,0.819439172744751
20251022_133858.574184,0.9250599145889282,1.068960428237915,0.8193074464797974
20251022_133858.584116,0.924913763999939,1.0698089599609375,0.8192957043647766
20251022_133858.594030,0.925586462020874,1.068885087966919,0.8192312121391296
20251022_133858.604137,0.9258366823196411,1.0688618421554565,0.819196879863739
20251022_133858.614062,0.926022469997406,1.0685263872146606,0.8191456198692322
20251022_133858.624295,0.9264441132545471,1.0686876773834229,0.8191474080085754
20251022_133858.634138,0.926607072353363,1.0683023929595947,0.8190979957580566
20251022_133858.644471,0.9268590807914734,1.0682498216629028,0.8189980387687683
20251022_133858.653550,0.9271076321601868,1.068183183670044,0.8189605474472046
20251022_133858.663739,0.9274083971977234,1.0681352615356445,0.8188962936401367
20251022_133858.673723,0.9277113676071167,1.068062663078308,0.8188644647598267
20251022_133858.684128,0.9279726147651672,1.0679680109024048,0.8188291788101196
20251022_133858.694706,0.9282361268997192,1.0679023265838623,0.8187665343284607
20251022_133858.704212,0.9285240173339844,1.0678390264511108,0.8187311887741089
20251022_133858.713972,0.9287632703781128,1.067791223526001,0.8187260031700134
20251022_133858.724059,0.9290279150009155,1.067731499671936,0.8186837434768677
20251022_133858.733885,0.9293404221534729,1.0675996541976929,0.8186942338943481
20251022_133858.744209,0.9296438097953796,1.0674775838851929,0.8186608552932739
20251022_133858.753681,0.9299318194389343,1.0673497915267944,0.8186490535736084
20251022_133858.763790,0.9302108883857727,1.0672532320022583,0.818623423576355
20251022_133858.773789,0.9305295348167419,1.0671852827072144,0.8185933232307434
20251022_133858.783767,0.9308010339736938,1.067086100578308,0.8185833096504211
20251022_133858.793695,0.9311012029647827,1.06698477268219,0.818580150604248
20251022_133858.804050,0.9313646554946899,1.0668996572494507,0.8185669183731079
20251022_133858.813810,0.9316364526748657,1.0668467283248901,0.8185322880744934
20251022_133858.823737,0.9318779110908508,1.0668319463729858,0.8184992074966431
20251022_133858.833718,0.9321881532669067,1.0667892694473267,0.8184821605682373
20251022_133858.844015,0.9324926137924194,1.0667022466659546,0.8185158967971802
20251022_133858.853851,0.9327986240386963,1.0665943622589111,0.8185179233551025
20251022_133858.863735,0.9331588745117188,1.0664383172988892,0.8185536861419678
20251022_133858.873725,0.9334535598754883,1.0662885904312134,0.8185718059539795
20251022_133858.883814,0.9337273836135864,1.066219449043274,0.8185672760009766
20251022_133858.893701,0.9339993000030518,1.0661671161651611,0.8185399174690247
20251022_133858.903750,0.9342889785766602,1.0660957098007202,0.8185073733329773
20251022_133858.913718,0.9345855712890625,1.0660059452056885,0.8185153007507324
20251022_133858.923710,0.9348447918891907,1.0659615993499756,0.8185052871704102
20251022_133858.933651,0.9351922273635864,1.0661526918411255,0.8184806704521179
20251022_133858.943919,0.9354683756828308,1.06614089012146,0.8184816837310791
20251022_133858.953814,0.9357149004936218,1.0661643743515015,0.8184733986854553
20251022_133858.963852,0.9360990524291992,1.0661572217941284,0.8184921741485596
20251022_133858.973784,0.9364005327224731,1.0660451650619507,0.8184784054756165
20251022_133858.983905,0.9366843104362488,1.0659453868865967,0.8184697031974792
20251022_133858.993698,0.9369526505470276,1.0659011602401733,0.8184846043586731
20251022_133859.003836,0.9373115301132202,1.0658966302871704,0.8185816407203674
20251022_133859.013676,0.9375811219215393,1.0658639669418335,0.818569004535675
20251022_133859.024246,0.9378666281700134,1.065828800201416,0.8185797929763794
20251022_133859.034383,0.9381362199783325,1.0657728910446167,0.8185964822769165
20251022_133859.044372,0.9384031891822815,1.0657159090042114,0.8186337351799011
20251022_133859.053882,0.9385820031166077,1.0654627084732056,0.8186317086219788
20251022_133859.063827,0.9384940266609192,1.06679105758667,0.8185304403305054
20251022_133859.073869,0.9387665390968323,1.0668110847473145,0.8185532689094543
20251022_133859.083841,0.9389764666557312,1.0665802955627441,0.818564236164093
20251022_133859.093712,0.9392576813697815,1.0665794610977173,0.818557620048523
20251022_133859.103911,0.939591646194458,1.0665003061294556,0.8186002373695374
20251022_133859.113774,0.9398541450500488,1.066434383392334,0.8186343312263489
20251022_133859.123825,0.9401074051856995,1.0663602352142334,0.8186517953872681
20251022_133859.133853,0.9408482313156128,1.0653070211410522,0.8187864422798157
20251022_133859.143972,0.9411238431930542,1.0651925802230835,0.8188382983207703
20251022_133859.153530,0.9414021372795105,1.0651164054870605,0.8188754320144653
20251022_133859.163753,0.9416574239730835,1.0650715827941895,0.8188867568969727
20251022_133859.173775,0.9419008493423462,1.0649752616882324,0.8189301490783691
20251022_133859.183758,0.9421395659446716,1.0648999214172363,0.8190001845359802
20251022_133859.193907,0.9424427151679993,1.0648746490478516,0.8189796209335327
20251022_133859.203781,0.9427070021629333,1.0648127794265747,0.8190439343452454
20251022_133859.213819,0.9430022835731506,1.064763069152832,0.8191043734550476
20251022_133859.223960,0.9432904720306396,1.0647064447402954,0.8191487193107605
20251022_133859.234175,0.9435781240463257,1.0646456480026245,0.8191764950752258
20251022_133859.244277,0.9438971281051636,1.0645962953567505,0.8192432522773743
20251022_133859.253757,0.9441627264022827,1.0645068883895874,0.8192577362060547
20251022_133859.263821,0.9444209337234497,1.0644121170043945,0.819305956363678
20251022_133859.274191,0.9447510838508606,1.0643244981765747,0.8193925023078918
20251022_133859.284132,0.9450027346611023,1.0642765760421753,0.8194253444671631
20251022_133859.294090,0.9448407292366028,1.065185308456421,0.8194471597671509
20251022_133859.304115,0.9455042481422424,1.064195156097412,0.819528341293335
20251022_133859.313432,0.945761501789093,1.0641134977340698,0.8196130394935608
20251022_133859.324236,0.9460221529006958,1.0640285015106201,0.8196324706077576
20251022_133859.333938,0.946300745010376,1.0639207363128662,0.8196974396705627
20251022_133859.344095,0.9465569853782654,1.0638132095336914,0.8197469711303711
20251022_133859.353688,0.946834921836853,1.063769817352295,0.8198283910751343
20251022_133859.364085,0.9471036195755005,1.063740849494934,0.8198652267456055
20251022_133859.373911,0.9473671317100525,1.063687801361084,0.8199257850646973
20251022_133859.384269,0.9476811289787292,1.0635919570922852,0.8199505805969238
20251022_133859.394105,0.9479391574859619,1.0634952783584595,0.8199903964996338
20251022_133859.403945,0.9481549859046936,1.0634077787399292,0.8200315833091736
20251022_133859.413934,0.9484414458274841,1.0633325576782227,0.8200956583023071
20251022_133859.423992,0.9487649202346802,1.063288688659668,0.8201929330825806
20251022_133859.433511,0.9490259885787964,1.0631918907165527,0.8202640414237976
20251022_133859.444581,0.949259340763092,1.0631160736083984,0.8202781081199646
20251022_133859.454307,0.9495171308517456,1.0630261898040771,0.8203560709953308
20251022_133859.463967,0.949774444103241,1.0629569292068481,0.8203915953636169
20251022_133859.473603,0.9500167369842529,1.0629231929779053,0.8204439878463745
20251022_133859.484312,0.9502585530281067,1.0628776550292969,0.8205205202102661
20251022_133859.494390,0.9505624771118164,1.0628337860107422,0.8205628991127014
20251022_133859.504415,0.950812041759491,1.0627720355987549,0.8206092119216919
20251022_133859.513369,0.951076865196228,1.0626790523529053,0.8206667304039001
20251022_133859.523623,0.9513179063796997,1.0626140832901,0.8207026720046997
20251022_133859.533923,0.9516136646270752,1.0625969171524048,0.8207449316978455
20251022_133859.544075,0.9518698453903198,1.0625519752502441,0.8208732008934021
20251022_133859.554535,0.9521231651306152,1.0624912977218628,0.8209037184715271
20251022_133859.564277,0.9523718953132629,1.0624139308929443,0.8209002614021301
20251022_133859.574628,0.9526488780975342,1.0623595714569092,0.8210645914077759
20251022_133859.583480,0.952869713306427,1.062351107597351,0.8211050629615784
20251022_133859.594284,0.9530969858169556,1.0622889995574951,0.82117760181427
20251022_133859.604280,0.9533248543739319,1.0622494220733643,0.8211752772331238
20251022_133859.614469,0.9535525441169739,1.0621775388717651,0.8212579488754272
20251022_133859.624154,0.9538369178771973,1.0621004104614258,0.821256160736084
20251022_133859.634196,0.9540866613388062,1.0620330572128296,0.8213582634925842
20251022_133859.643898,0.9543285965919495,1.0619933605194092,0.8214058876037598
20251022_133859.653968,0.9545643925666809,1.0619899034500122,0.8214561343193054
20251022_133859.663806,0.9547865986824036,1.0619421005249023,0.8215020895004272
20251022_133859.673529,0.9550107717514038,1.0618510246276855,0.8215453624725342
20251022_133859.683370,0.9552364349365234,1.061728835105896,0.8215802907943726
20251022_133859.693947,0.9555269479751587,1.0616326332092285,0.8216598033905029
20251022_133859.703692,0.9557523131370544,1.0615944862365723,0.8216942548751831
20251022_133859.713731,0.9559874534606934,1.0615613460540771,0.821783721446991
20251022_133859.723698,0.9562346339225769,1.0615166425704956,0.8218398690223694
20251022_133859.733900,0.9564842581748962,1.0613880157470703,0.8219025731086731
20251022_133859.743790,0.9566951394081116,1.0613188743591309,0.8219510316848755
20251022_133859.753843,0.9569160342216492,1.0612549781799316,0.8220016360282898
20251022_133859.763822,0.9571785926818848,1.0612068176269531,0.8220348358154297
20251022_133859.774007,0.9573796391487122,1.061182975769043,0.8220944404602051
20251022_133859.783892,0.9576042294502258,1.0611990690231323,0.8221579790115356
20251022_133859.793885,0.9578360915184021,1.061147928237915,0.822208046913147
20251022_133859.803737,0.9580353498458862,1.0610672235488892,0.8222708702087402
20251022_133859.813789,0.9582403302192688,1.0610332489013672,0.8223291039466858
20251022_133859.823875,0.9584786891937256,1.0610371828079224,0.8224045634269714
20251022_133859.833528,0.9586906433105469,1.060990810394287,0.8224823474884033
20251022_133859.843768,0.9588835835456848,1.06093168258667,0.8225418329238892
20251022_133859.853757,0.9590767621994019,1.0608806610107422,0.8226179480552673
20251022_133859.863742,0.9593421816825867,1.060827374458313,0.8227269649505615
20251022_133859.873737,0.9595532417297363,1.0608264207839966,0.8227807283401489
20251022_133859.883888,0.9597783088684082,1.060829520225525,0.8228487968444824
20251022_133859.893915,0.9599736928939819,1.0608417987823486,0.8229148387908936
20251022_133859.903771,0.9602086544036865,1.0608081817626953,0.8230060935020447
20251022_133859.913705,0.9603883624076843,1.0607857704162598,0.8230745792388916
20251022_133859.923806,0.9605948328971863,1.0607620477676392,0.8231711983680725
20251022_133859.933804,0.960790753364563,1.0607579946517944,0.8232805728912354
20251022_133859.943931,0.9609767198562622,1.060760498046875,0.8233602643013
20251022_133859.954323,0.9611546993255615,1.0607521533966064,0.8234571814537048
20251022_133859.964175,0.9613816738128662,1.060719609260559,0.8235555291175842
20251022_133859.974150,0.9613320231437683,1.0619622468948364,0.8232225775718689
20251022_133859.983435,0.9617315530776978,1.0606539249420166,0.8237929940223694
20251022_133859.994093,0.9616672992706299,1.0619508028030396,0.8234623074531555
20251022_133900.004341,0.9620855450630188,1.0606989860534668,0.8239937424659729
20251022_133900.014378,0.9622633457183838,1.060703158378601,0.8240726590156555
20251022_133900.024218,0.9624547958374023,1.0606917142868042,0.8241685032844543
20251022_133900.034031,0.9624314904212952,1.0619349479675293,0.8238089084625244
20251022_133900.044033,0.9624539017677307,1.061867594718933,0.8238269090652466
20251022_133900.054075,0.9626279473304749,1.0618126392364502,0.8240107297897339
20251022_133900.064123,0.9627940058708191,1.0617470741271973,0.8241503238677979
20251022_133900.074016,0.9632070660591125,1.0604225397109985,0.8246618509292603
20251022_133900.084076,0.9635156989097595,1.0603185892105103,0.8249333500862122
20251022_133900.093354,0.9637224078178406,1.0602328777313232,0.8250499367713928
20251022_133900.103915,0.9638547897338867,1.0602563619613647,0.8250783681869507
20251022_133900.114260,0.9640540480613708,1.0601030588150024,0.8253374695777893
20251022_133900.124033,0.9641690254211426,1.060189127922058,0.8253464698791504
20251022_133900.134129,0.9643866419792175,1.0599918365478516,0.8256100416183472
20251022_133900.144312,0.9645419716835022,1.059955358505249,0.825720489025116
20251022_133900.154461,0.9646890163421631,1.0599228143692017,0.825831949710846
20251022_133900.164072,0.964834451675415,1.059873104095459,0.8259679079055786
20251022_133900.174211,0.9649656414985657,1.0598458051681519,0.8260816931724548
20251022_133900.184523,0.9650994539260864,1.059820294380188,0.8261889815330505
20251022_133900.194048,0.9652256369590759,1.059747576713562,0.8263159394264221
20251022_133900.204067,0.9649933576583862,1.0607061386108398,0.8263275623321533
20251022_133900.214133,0.96555495262146,1.059651494026184,0.8266018629074097
20251022_133900.224429,0.9657018780708313,1.0596075057983398,0.8267253041267395
20251022_133900.234144,0.9658509492874146,1.0595382452011108,0.8268505930900574
20251022_133900.244269,0.9659959673881531,1.0594875812530518,0.8269754648208618
20251022_133900.253881,0.9661229252815247,1.0594487190246582,0.8271239995956421
20251022_133900.264469,0.9662390947341919,1.0594063997268677,0.8272442817687988
20251022_133900.274086,0.9664976000785828,1.0596257448196411,0.8273798227310181
20251022_133900.284208,0.9665363430976868,1.059599757194519,0.8274760842323303
20251022_133900.293885,0.9667616486549377,1.0596544742584229,0.8276594877243042
20251022_133900.304249,0.9668735265731812,1.0596407651901245,0.8277879357337952
20251022_133900.314028,0.9668118357658386,1.0595402717590332,0.8278619647026062
20251022_133900.323921,0.966923713684082,1.0594853162765503,0.8279983997344971
20251022_133900.334116,0.9672183394432068,1.059454083442688,0.8282549977302551
20251022_133900.344288,0.9671543836593628,1.059415578842163,0.8282730579376221
20251022_133900.353344,0.967374861240387,1.059191346168518,0.8285050988197327
20251022_133900.364269,0.9674649238586426,1.0591171979904175,0.8286901116371155
20251022_133900.373924,0.967551589012146,1.0590429306030273,0.8288300633430481
20251022_133900.384127,0.9676194787025452,1.058944582939148,0.8289762735366821
20251022_133900.394294,0.9677014946937561,1.0588626861572266,0.8291732668876648
20251022_133900.403666,0.9678025245666504,1.0588346719741821,0.8293527364730835
20251022_133900.414130,0.9679129719734192,1.0589369535446167,0.8292811512947083
20251022_133900.424262,0.96798175573349,1.0587682723999023,0.8296158313751221
20251022_133900.434180,0.9680681824684143,1.0587159395217896,0.8297613263130188
20251022_133900.444476,0.9681436419487,1.058678150177002,0.829885721206665
20251022_133900.453339,0.9682063460350037,1.0586470365524292,0.8299925327301025
20251022_133900.464298,0.9682696461677551,1.0586389303207397,0.8301481604576111
20251022_133900.474393,0.9682924151420593,1.0587024688720703,0.8302000164985657
20251022_133900.484008,0.9684053063392639,1.0585530996322632,0.8304380178451538
20251022_133900.494227,0.9684411287307739,1.0585730075836182,0.8305004835128784
20251022_133900.503610,0.9684872031211853,1.0585435628890991,0.8306385278701782
20251022_133900.514114,0.9685946702957153,1.0583996772766113,0.8308576941490173
20251022_133900.524211,0.9686269164085388,1.058373212814331,0.8310045599937439
20251022_133900.534162,0.968673586845398,1.058319330215454,0.8311358094215393
20251022_133900.544222,0.9687324166297913,1.0582222938537598,0.8312574625015259
20251022_133900.554248,0.9687971472740173,1.0581142902374268,0.8313643336296082
20251022_133900.564289,0.9688505530357361,1.0580308437347412,0.8315096497535706
20251022_133900.574152,0.9688705205917358,1.057969093322754,0.8317376375198364
20251022_133900.584099,0.9689202904701233,1.057938575744629,0.8318783044815063
20251022_133900.594458,0.9689480066299438,1.0579144954681396,0.8319959044456482
20251022_133900.604293,0.9689877033233643,1.0578194856643677,0.8321186304092407
20251022_133900.614260,0.9690296649932861,1.0577164888381958,0.8322363495826721
20251022_133900.624305,0.9690787196159363,1.0576306581497192,0.8323399424552917
20251022_133900.634094,0.9691251516342163,1.0575591325759888,0.8325318098068237
20251022_133900.643924,0.9691706299781799,1.0575281381607056,0.8326486945152283
20251022_133900.653349,0.9691813588142395,1.0574508905410767,0.8328360319137573
20251022_133900.663457,0.9691979885101318,1.0574043989181519,0.8329688310623169
20251022_133900.674307,0.9692258834838867,1.0573261976242065,0.8330965042114258
20251022_133900.684217,0.9692389369010925,1.0572350025177002,0.8332059979438782
20251022_133900.693896,0.9692524671554565,1.0571279525756836,0.8333113789558411
20251022_133900.703896,0.9692619442939758,1.0570534467697144,0.8334359526634216
20251022_133900.714149,0.9692686200141907,1.0569943189620972,0.8335558772087097
20251022_133900.723973,0.9692772030830383,1.0568805932998657,0.8336945176124573
20251022_133900.733991,0.969298779964447,1.0567651987075806,0.833827555179596
20251022_133900.744055,0.9691723585128784,1.0573683977127075,0.8338265419006348
20251022_133900.753885,0.9691904783248901,1.0572839975357056,0.8339278101921082
20251022_133900.763955,0.9691964983940125,1.0572415590286255,0.8340699076652527
20251022_133900.773938,0.9693901538848877,1.0567654371261597,0.8342717885971069
20251022_133900.784397,0.969181478023529,1.0570639371871948,0.8343095779418945
20251022_133900.793610,0.9693624377250671,1.0565519332885742,0.8345101475715637
20251022_133900.803721,0.9693655371665955,1.0564723014831543,0.834599494934082
20251022_133900.814427,0.9693669676780701,1.056422233581543,0.8346901535987854
20251022_133900.824350,0.9693698883056641,1.056353211402893,0.8347895741462708
20251022_133900.834007,0.9693638682365417,1.056274175643921,0.8348656892776489
20251022_133900.843788,0.9693654179573059,1.056185007095337,0.8349413871765137
20251022_133900.853667,0.9693625569343567,1.0560563802719116,0.8350209593772888
20251022_133900.863723,0.9693556427955627,1.055952548980713,0.8350965976715088
20251022_133900.873867,0.9693508148193359,1.05588960647583,0.8351660966873169
20251022_133900.883798,0.9693671464920044,1.0557914972305298,0.8352618217468262
20251022_133900.893758,0.9693092107772827,1.0553699731826782,0.8353700041770935
20251022_133900.904338,0.9693145155906677,1.0554407835006714,0.8354199528694153
20251022_133900.914283,0.9693069458007812,1.055309772491455,0.8354860544204712
20251022_133900.924269,0.9688684344291687,1.0560739040374756,0.8355409502983093
20251022_133900.934384,0.9689310193061829,1.055957317352295,0.8357071280479431
20251022_133900.944523,0.96892249584198,1.0558801889419556,0.8357199430465698
20251022_133900.954069,0.9689124226570129,1.0557869672775269,0.8357720971107483
20251022_133900.964066,0.9689120650291443,1.0556542873382568,0.835819661617279
20251022_133900.974285,0.9688786864280701,1.0555498600006104,0.8358581066131592
20251022_133900.984460,0.9693252444267273,1.0544553995132446,0.8360068798065186
20251022_133900.994275,0.9693143367767334,1.0543891191482544,0.8360537886619568
20251022_133901.004178,0.9692866206169128,1.054312825202942,0.8360826969146729
20251022_133901.014343,0.9692774415016174,1.0542186498641968,0.8361122608184814
20251022_133901.024210,0.9692803025245667,1.0540416240692139,0.8361796140670776
20251022_133901.034360,0.9692667722702026,1.0538970232009888,0.8362131714820862
20251022_133901.044069,0.9692069292068481,1.0537687540054321,0.8362821936607361
20251022_133901.054342,0.9691650867462158,1.0536302328109741,0.8363092541694641
20251022_133901.063956,0.9691351652145386,1.0534332990646362,0.836418628692627
20251022_133901.074332,0.9691120982170105,1.0533037185668945,0.836485743522644
20251022_133901.084217,0.9690783023834229,1.0531986951828003,0.8365333676338196
20251022_133901.094190,0.96905916929245,1.0530909299850464,0.8365768790245056
20251022_133901.104117,0.9690300226211548,1.0529781579971313,0.8366134166717529
20251022_133901.114199,0.9689947962760925,1.0528934001922607,0.8366580605506897
20251022_133901.124289,0.9689613580703735,1.0527732372283936,0.8366881608963013
20251022_133901.134166,0.9689328074455261,1.0526835918426514,0.8367159962654114
20251022_133901.144408,0.96889328956604,1.0526264905929565,0.8367487192153931
20251022_133901.154076,0.9688537120819092,1.0525906085968018,0.8367823362350464
20251022_133901.163929,0.9688217043876648,1.0524715185165405,0.8368800282478333
20251022_133901.174010,0.9687907099723816,1.0524238348007202,0.8368932008743286
20251022_133901.184169,0.9687447547912598,1.0523500442504883,0.8369072675704956
20251022_133901.194131,0.9686976075172424,1.0522313117980957,0.8369455337524414
20251022_133901.204299,0.9686525464057922,1.0521267652511597,0.8369777798652649
20251022_133901.214276,0.9686013460159302,1.0520533323287964,0.837007999420166
20251022_133901.224318,0.9685611724853516,1.0519956350326538,0.8370160460472107
20251022_133901.233888,0.968537449836731,1.0518773794174194,0.8370190858840942
20251022_133901.244134,0.968224823474884,1.0514615774154663,0.8369396924972534
20251022_133901.253567,0.9683163166046143,1.0516053438186646,0.837049126625061
20251022_133901.264193,0.9682563543319702,1.0515217781066895,0.8370240926742554
20251022_133901.274356,0.9682290554046631,1.0514634847640991,0.8369686007499695
20251022_133901.284156,0.9680940508842468,1.0511491298675537,0.837013840675354
20251022_133901.293942,0.9680044651031494,1.0510731935501099,0.8370084762573242
20251022_133901.304225,0.9679256677627563,1.0509445667266846,0.8370060920715332
20251022_133901.314101,0.9678450226783752,1.050816297531128,0.8370091319084167
20251022_133901.324259,0.9677715301513672,1.0507465600967407,0.837009608745575
20251022_133901.334081,0.9676982164382935,1.0506854057312012,0.8369826674461365
20251022_133901.344270,0.9675878286361694,1.050634741783142,0.8369621634483337
20251022_133901.354345,0.9675235748291016,1.0505903959274292,0.8368972539901733
20251022_133901.364172,0.9674105048179626,1.0505123138427734,0.8368847370147705
20251022_133901.373873,0.9673122763633728,1.0504364967346191,0.8367893099784851
20251022_133901.383571,0.9672234654426575,1.0503888130187988,0.8367469906806946
20251022_133901.394249,0.9671251177787781,1.0503417253494263,0.8367280960083008
20251022_133901.404222,0.9670136570930481,1.0502817630767822,0.8366835117340088
20251022_133901.414279,0.9669157862663269,1.0502054691314697,0.8366311192512512
20251022_133901.424323,0.9668074250221252,1.0501585006713867,0.8365811109542847
20251022_133901.434271,0.9666544198989868,1.0502787828445435,0.8363727331161499
20251022_133901.444294,0.9665294289588928,1.050234079360962,0.8363131880760193
20251022_133901.454135,0.966447114944458,1.0500683784484863,0.836409330368042
20251022_133901.464196,0.9662754535675049,1.0501505136489868,0.8362307548522949
20251022_133901.474589,0.9661411046981812,1.0500928163528442,0.8361385464668274
20251022_133901.484239,0.9658636450767517,1.0499731302261353,0.8359649181365967
20251022_133901.493799,0.9656943082809448,1.0499590635299683,0.8358715176582336
20251022_133901.504104,0.9655531048774719,1.0499310493469238,0.8358148336410522
20251022_133901.514011,0.9654136300086975,1.0499132871627808,0.8357427716255188
20251022_133901.524014,0.9652648568153381,1.0499006509780884,0.8356645107269287
20251022_133901.534321,0.9651078581809998,1.0498610734939575,0.8355880975723267
20251022_133901.543561,0.9649624824523926,1.049765944480896,0.8355170488357544
20251022_133901.554272,0.9648993611335754,1.0497868061065674,0.8354740738868713
20251022_133901.564025,0.9647538065910339,1.049794316291809,0.8353598117828369
20251022_133901.574059,0.9645521640777588,1.0497410297393799,0.8353073596954346
20251022_133901.583637,0.9644092321395874,1.0497121810913086,0.8352137804031372
20251022_133901.594275,0.9642553925514221,1.0497024059295654,0.8351201415061951
20251022_133901.604343,0.9641267657279968,1.0496985912322998,0.8350349068641663
20251022_133901.614028,0.9639638662338257,1.04964017868042,0.8349802494049072
20251022_133901.624197,0.9637937545776367,1.0496197938919067,0.834879994392395
20251022_133901.634098,0.9636206030845642,1.0495811700820923,0.8347958922386169
20251022_133901.644508,0.9634419083595276,1.0495233535766602,0.834696352481842
20251022_133901.654365,0.9632636308670044,1.049534559249878,0.8345712423324585
20251022_133901.663999,0.9630531072616577,1.049580693244934,0.8344290256500244
20251022_133901.674218,0.9628474712371826,1.0496318340301514,0.8342686891555786
20251022_133901.684157,0.9626429080963135,1.0496958494186401,0.8341097235679626
20251022_133901.694079,0.9624239206314087,1.049736499786377,0.833955705165863
20251022_133901.703532,0.9621970057487488,1.0497606992721558,0.8337568640708923
20251022_133901.713953,0.9620263576507568,1.0497475862503052,0.8336348533630371
20251022_133901.724143,0.9618419408798218,1.049824595451355,0.8334882855415344
20251022_133901.734100,0.9615920186042786,1.0498889684677124,0.8333280086517334
20251022_133901.744258,0.9613988995552063,1.0499316453933716,0.8331995606422424
20251022_133901.754141,0.9612131118774414,1.049903154373169,0.833024799823761
20251022_133901.764164,0.9609877467155457,1.0498420000076294,0.8329007625579834
20251022_133901.773777,0.9607720375061035,1.0497887134552002,0.8327593207359314
20251022_133901.783844,0.9605607390403748,1.0498325824737549,0.8325586318969727
20251022_133901.793781,0.9603397250175476,1.049885869026184,0.8323833346366882
20251022_133901.803970,0.9602208137512207,1.050201654434204,0.8322404026985168
20251022_133901.813741,0.9600162506103516,1.0502055883407593,0.8320833444595337
20251022_133901.823782,0.9598034620285034,1.0501452684402466,0.8319066166877747
20251022_133901.834348,0.9596065282821655,1.0501359701156616,0.8317221999168396
20251022_133901.844252,0.9593402147293091,1.0501891374588013,0.8314801454544067
20251022_133901.854333,0.9591193199157715,1.0502382516860962,0.8311910629272461
20251022_133901.864221,0.9589123129844666,1.05024254322052,0.8310355544090271
20251022_133901.873854,0.9586832523345947,1.0502005815505981,0.8309832215309143
20251022_133901.884140,0.9583832621574402,1.049983263015747,0.8305960297584534
20251022_133901.894169,0.958145022392273,1.0498812198638916,0.8304261565208435
20251022_133901.904123,0.9579483866691589,1.0498442649841309,0.8302859663963318
20251022_133901.913711,0.9576889276504517,1.0497257709503174,0.8302692770957947
20251022_133901.924153,0.9574760794639587,1.0496907234191895,0.8301130533218384
20251022_133901.934182,0.9572658538818359,1.0496526956558228,0.8299288153648376
20251022_133901.943829,0.957046627998352,1.0496054887771606,0.8297253847122192
20251022_133901.954179,0.9568390846252441,1.0494993925094604,0.8295583128929138
20251022_133901.963927,0.9566385746002197,1.0494530200958252,0.8293759822845459
20251022_133901.974117,0.9564117789268494,1.0494292974472046,0.8291745185852051
20251022_133901.984043,0.956203043460846,1.049406886100769,0.8289539217948914
20251022_133901.994179,0.9559950828552246,1.049372673034668,0.8287279009819031
20251022_133902.003587,0.955608069896698,1.0493242740631104,0.8284658193588257
20251022_133902.014126,0.9554125070571899,1.0493141412734985,0.8282830715179443
20251022_133902.024014,0.9552344679832458,1.049322485923767,0.8280994296073914
20251022_133902.034017,0.9550278782844543,1.0493459701538086,0.8278505802154541
20251022_133902.044000,0.9549546837806702,1.0493383407592773,0.8277394771575928
20251022_133902.053885,0.9547634720802307,1.0492719411849976,0.8274850249290466
20251022_133902.064151,0.954565703868866,1.0491936206817627,0.8272846341133118
20251022_133902.073970,0.954373300075531,1.0491210222244263,0.8271161317825317
20251022_133902.083655,0.954176664352417,1.049126148223877,0.8269460201263428
20251022_133902.093480,0.954005777835846,1.0493779182434082,0.8267402648925781
20251022_133902.104094,0.953826367855072,1.0493237972259521,0.826603353023529
20251022_133902.114088,0.9536694884300232,1.0492440462112427,0.8264203071594238
20251022_133902.123618,0.9534893035888672,1.0491080284118652,0.8262389302253723
20251022_133902.134027,0.9533237218856812,1.0490288734436035,0.8260225057601929
20251022_133902.143877,0.95313560962677,1.0490467548370361,0.8257608413696289
20251022_133902.154496,0.9528598785400391,1.048812747001648,0.8255605101585388
20251022_133902.164349,0.9526926875114441,1.0488240718841553,0.8253567218780518
20251022_133902.173876,0.9524478912353516,1.0487933158874512,0.8251447677612305
20251022_133902.183564,0.9522897601127625,1.048702359199524,0.8249273896217346
20251022_133902.193602,0.9519729614257812,1.048586130142212,0.8246556520462036
20251022_133902.203548,0.9518129825592041,1.0485583543777466,0.8244541883468628
20251022_133902.213674,0.9517699480056763,1.0485765933990479,0.824272632598877
20251022_133902.223697,0.9516056776046753,1.0485464334487915,0.824073314666748
20251022_133902.233665,0.9514464139938354,1.0484737157821655,0.8237649202346802
20251022_133902.243702,0.9512977004051208,1.048366665840149,0.823613703250885
20251022_133902.253721,0.9511311650276184,1.0482968091964722,0.8233892917633057
20251022_133902.263532,0.9509625434875488,1.048225998878479,0.8232225179672241
20251022_133902.273662,0.9507758617401123,1.048166275024414,0.8230636119842529
20251022_133902.283778,0.9506160020828247,1.0481289625167847,0.8228928446769714
20251022_133902.293536,0.9504609107971191,1.0480250120162964,0.822704553604126
20251022_133902.303728,0.9503245949745178,1.0479072332382202,0.8224920034408569
20251022_133902.313571,0.9501628279685974,1.047825574874878,0.8223121166229248
20251022_133902.323907,0.9501176476478577,1.0480526685714722,0.8220638036727905
20251022_133902.333393,0.9498496651649475,1.0477025508880615,0.8218035101890564
20251022_133902.343771,0.9496423006057739,1.0476751327514648,0.8215835094451904
20251022_133902.353688,0.9494889974594116,1.047615647315979,0.8214077949523926
20251022_133902.363676,0.9493861794471741,1.0475554466247559,0.8211426138877869
20251022_133902.373778,0.949087917804718,1.047541856765747,0.8208354115486145
20251022_133902.384140,0.9489520192146301,1.047519326210022,0.8206279277801514
20251022_133902.393629,0.948801577091217,1.0474767684936523,0.8204091787338257
20251022_133902.403599,0.9486410021781921,1.047417163848877,0.8201594352722168
20251022_133902.413574,0.9486402869224548,1.0473393201828003,0.8199672102928162
20251022_133902.424200,0.9484907388687134,1.047226905822754,0.8197660446166992
20251022_133902.434040,0.9482569098472595,1.047408938407898,0.8196004033088684
20251022_133902.444090,0.9481817483901978,1.0471631288528442,0.819313645362854
20251022_133902.453957,0.948053777217865,1.0471643209457397,0.8191277980804443
20251022_133902.463668,0.9479053020477295,1.0470682382583618,0.8189433217048645
20251022_133902.474307,0.9477949738502502,1.0469392538070679,0.8187460899353027
20251022_133902.484030,0.9476558566093445,1.0468504428863525,0.8185328841209412
20251022_133902.494290,0.9475294351577759,1.0468018054962158,0.8182663321495056
20251022_133902.503524,0.9474031329154968,1.0467534065246582,0.8180180191993713
20251022_133902.514283,0.9472855925559998,1.0467092990875244,0.8177764415740967
20251022_133902.523720,0.9472563862800598,1.046911358833313,0.8175700306892395
20251022_133902.533793,0.947102427482605,1.0468568801879883,0.8172978758811951
20251022_133902.543668,0.946991503238678,1.0468379259109497,0.8170070052146912
20251022_133902.553743,0.9465982913970947,1.0465749502182007,0.816650390625
20251022_133902.563735,0.9466399550437927,1.0465532541275024,0.8164657950401306
20251022_133902.573839,0.9465159773826599,1.0465151071548462,0.816265881061554
20251022_133902.584298,0.9464008212089539,1.046492338180542,0.815985918045044
20251022_133902.593445,0.9463026523590088,1.0464189052581787,0.8157812356948853
20251022_133902.604237,0.9461858868598938,1.0463402271270752,0.8155197501182556
20251022_133902.614244,0.9460312128067017,1.0463144779205322,0.8152415752410889
20251022_133902.624184,0.9459205269813538,1.0463240146636963,0.8150025010108948
20251022_133902.634094,0.9458279609680176,1.0462933778762817,0.8147894740104675
20251022_133902.644491,0.9457045197486877,1.0462448596954346,0.814531683921814
20251022_133902.653834,0.9456053376197815,1.0461735725402832,0.8143316507339478
20251022_133902.664034,0.9455179572105408,1.0461031198501587,0.8141173124313354
20251022_133902.674272,0.9454330205917358,1.0459825992584229,0.813875675201416
20251022_133902.683944,0.9453626275062561,1.0458699464797974,0.8135926723480225
20251022_133902.693694,0.945275604724884,1.0458033084869385,0.8133041262626648
20251022_133902.703591,0.9452092051506042,1.0457075834274292,0.8130213618278503
20251022_133902.713539,0.9451501369476318,1.0459257364273071,0.8126380443572998
20251022_133902.723555,0.9450870156288147,1.045899510383606,0.8124448657035828
20251022_133902.733903,0.9449951648712158,1.045529842376709,0.8122208714485168
20251022_133902.743573,0.9449223875999451,1.0453965663909912,0.812043309211731
20251022_133902.753566,0.9448534846305847,1.0453131198883057,0.8117952346801758
20251022_133902.763556,0.9447951912879944,1.0452178716659546,0.8115668296813965
20251022_133902.773574,0.9447313547134399,1.0451420545578003,0.8113277554512024
20251022_133902.783751,0.9446539282798767,1.0451161861419678,0.8110529780387878
20251022_133902.793542,0.9445816278457642,1.0450536012649536,0.8107919096946716
20251022_133902.803792,0.9445070028305054,1.0449873208999634,0.8104995489120483
20251022_133902.813752,0.9445040225982666,1.0448226928710938,0.8102505207061768
20251022_133902.823646,0.9444566965103149,1.044688105583191,0.8099717497825623
20251022_133902.833653,0.9444224238395691,1.044540286064148,0.8097563982009888
20251022_133902.844038,0.9443886280059814,1.044430136680603,0.8094387054443359
20251022_133902.854352,0.9442987442016602,1.0443449020385742,0.8090963363647461
20251022_133902.863628,0.9442473649978638,1.0442209243774414,0.8088818788528442
20251022_133902.873687,0.9442802667617798,1.044396162033081,0.8086249828338623
20251022_133902.883647,0.9441419839859009,1.044020414352417,0.808377206325531
20251022_133902.893495,0.9440819621086121,1.0439292192459106,0.8080962896347046
20251022_133902.903885,0.944020688533783,1.0438299179077148,0.8078551292419434
20251022_133902.913945,0.9439928531646729,1.043713927268982,0.8076463937759399
20251022_133902.923698,0.9438995718955994,1.0435749292373657,0.8073418140411377
20251022_133902.933376,0.9438697099685669,1.043473243713379,0.8071189522743225
20251022_133902.944443,0.9438053965568542,1.0433557033538818,0.8068341016769409
20251022_133902.953461,0.9437975883483887,1.043272614479065,0.8065465092658997
20251022_133902.964212,0.9437766075134277,1.043166995048523,0.806209146976471
20251022_133902.973841,0.9437581896781921,1.0430561304092407,0.8059654235839844
20251022_133902.984283,0.9437336325645447,1.0429357290267944,0.8057018518447876
20251022_133902.993604,0.943705677986145,1.0428591966629028,0.8053461313247681
20251022_133903.003490,0.9436952471733093,1.0428013801574707,0.8051055073738098
20251022_133903.013490,0.9436924457550049,1.0427289009094238,0.8048712611198425
20251022_133903.023495,0.9436652660369873,1.042637825012207,0.8046548366546631
20251022_133903.033321,0.9436820149421692,1.0425199270248413,0.8044328689575195
20251022_133903.043602,0.9437069296836853,1.0426113605499268,0.8041814565658569
20251022_133903.053516,0.9436395764350891,1.0422446727752686,0.803898811340332
20251022_133903.063984,0.9432262778282166,1.0431236028671265,0.8035719394683838
20251022_133903.073986,0.9432120323181152,1.043059229850769,0.8033668398857117
20251022_133903.084028,0.943182647228241,1.0430142879486084,0.8031022548675537
20251022_133903.093877,0.9435968399047852,1.0420608520507812,0.8028895854949951
20251022_133903.104046,0.9431821703910828,1.0428191423416138,0.8026872277259827
20251022_133903.114138,0.9436327219009399,1.0417619943618774,0.8023940324783325
20251022_133903.123913,0.9436459541320801,1.0416594743728638,0.8021188974380493
20251022_133903.133647,0.9434588551521301,1.041861891746521,0.8019129633903503
20251022_133903.143573,0.9434799551963806,1.0418205261230469,0.8016878962516785
20251022_133903.154050,0.9436715841293335,1.0414811372756958,0.8014661073684692
20251022_133903.163829,0.9436795711517334,1.041358232498169,0.8012511134147644
20251022_133903.173818,0.9437639713287354,1.0415089130401611,0.8010262846946716
20251022_133903.183745,0.9437752366065979,1.0414255857467651,0.8008071780204773
20251022_133903.194156,0.9437941312789917,1.041405439376831,0.800549328327179
20251022_133903.203895,0.9435853958129883,1.04267156124115,0.8000038862228394
20251022_133903.213672,0.9437607526779175,1.0410596132278442,0.8001238107681274
20251022_133903.223700,0.9437630772590637,1.040998101234436,0.7998218536376953
20251022_133903.233739,0.9437931180000305,1.0409038066864014,0.7995991110801697
20251022_133903.244082,0.9437986016273499,1.0408408641815186,0.7993550300598145
20251022_133903.253975,0.943830132484436,1.04078209400177,0.7991154193878174
20251022_133903.264271,0.9438498020172119,1.040756106376648,0.7989197373390198
20251022_133903.274221,0.9438756704330444,1.0407458543777466,0.7986540794372559
20251022_133903.284126,0.9439062476158142,1.0407075881958008,0.798492968082428
20251022_133903.293929,0.9439449310302734,1.0406185388565063,0.7983071208000183
20251022_133903.303596,0.9439794421195984,1.0406014919281006,0.7981313467025757
20251022_133903.314167,0.9440276622772217,1.0405880212783813,0.7979380488395691
20251022_133903.323863,0.9440677165985107,1.0405324697494507,0.7977692484855652
20251022_133903.333898,0.9441153407096863,1.0404590368270874,0.7975686192512512
20251022_133903.343826,0.9441676735877991,1.0404061079025269,0.7973949909210205
20251022_133903.354411,0.9442155957221985,1.040373682975769,0.7971810102462769
20251022_133903.364387,0.9442896246910095,1.0403287410736084,0.7970165610313416
20251022_133903.373845,0.9443529844284058,1.04031503200531,0.7968441843986511
20251022_133903.383627,0.9444239735603333,1.040300965309143,0.7966514229774475
20251022_133903.393447,0.9444838166236877,1.0402919054031372,0.7964024543762207
20251022_133903.404454,0.9445715546607971,1.0402190685272217,0.7962338328361511
20251022_133903.413574,0.9446407556533813,1.0402106046676636,0.7960833311080933
20251022_133903.424244,0.9447062611579895,1.0401890277862549,0.7959182262420654
20251022_133903.434020,0.9447711110115051,1.04022216796875,0.795726478099823
20251022_133903.444343,0.9448303580284119,1.040210485458374,0.7955881953239441
20251022_133903.454072,0.9449114799499512,1.040177583694458,0.7954593896865845
20251022_133903.463586,0.944986879825592,1.0402153730392456,0.7952207326889038
20251022_133903.474093,0.9450575113296509,1.0401755571365356,0.7951391935348511
20251022_133903.483891,0.9451348185539246,1.0402469635009766,0.7949175834655762
20251022_133903.494374,0.9452083706855774,1.0402698516845703,0.794797420501709
20251022_133903.504209,0.9453278183937073,1.040308952331543,0.7946622371673584
20251022_133903.514246,0.9454034566879272,1.0403567552566528,0.7945275902748108
20251022_133903.524110,0.9455041885375977,1.0403801202774048,0.7943862080574036
20251022_133903.534317,0.9456166625022888,1.0403414964675903,0.7942439317703247
20251022_133903.544212,0.9457142353057861,1.0403411388397217,0.7941092252731323
20251022_133903.554215,0.9458150267601013,1.040354609489441,0.7940006852149963
20251022_133903.564506,0.9459371566772461,1.040400743484497,0.7938656210899353
20251022_133903.574099,0.9460183382034302,1.040452480316162,0.793674647808075
20251022_133903.583877,0.9461249709129333,1.0404834747314453,0.7935546636581421
20251022_133903.593770,0.9462560415267944,1.0404661893844604,0.7934445738792419
20251022_133903.603722,0.9464519619941711,1.0404584407806396,0.7933290004730225
20251022_133903.614311,0.9465987682342529,1.0405021905899048,0.7931749224662781
20251022_133903.623843,0.9467141628265381,1.0404949188232422,0.7930695414543152
20251022_133903.634288,0.9468190670013428,1.040452480316162,0.792970597743988
20251022_133903.644123,0.9469366669654846,1.040479063987732,0.79286128282547
20251022_133903.654259,0.947066605091095,1.040510654449463,0.792730450630188
20251022_133903.663425,0.9471862316131592,1.0405163764953613,0.7926429510116577
20251022_133903.673798,0.9474272131919861,1.0407756567001343,0.7925412058830261
20251022_133903.683865,0.9475595951080322,1.0407848358154297,0.7924176454544067
20251022_133903.694375,0.947687566280365,1.0407534837722778,0.7923519611358643
20251022_133903.703907,0.947762668132782,1.0405042171478271,0.7921791076660156
20251022_133903.713909,0.9479275941848755,1.0405210256576538,0.7920998930931091
20251022_133903.724312,0.9480699300765991,1.0405865907669067,0.7920000553131104
20251022_133903.734354,0.9482311606407166,1.040635585784912,0.7919093370437622
20251022_133903.744284,0.948356032371521,1.0406337976455688,0.7918066382408142
20251022_133903.754289,0.9484984278678894,1.0406160354614258,0.7916505336761475
20251022_133903.763840,0.9486793875694275,1.040561556816101,0.7915705442428589
20251022_133903.774062,0.9488200545310974,1.040534257888794,0.7915017008781433
20251022_133903.783631,0.9489927887916565,1.0405999422073364,0.791429877281189
20251022_133903.794176,0.949161171913147,1.0405834913253784,0.7913835048675537
20251022_133903.804108,0.9493293762207031,1.0405353307724,0.7913175225257874
20251022_133903.813393,0.9495006799697876,1.0404973030090332,0.7912725806236267
20251022_133903.823933,0.9496949911117554,1.0404995679855347,0.7912225127220154
20251022_133903.834305,0.9498947858810425,1.040485143661499,0.7911695241928101
20251022_133903.843702,0.9501305818557739,1.0404731035232544,0.7911291718482971
20251022_133903.854263,0.9503253102302551,1.040456771850586,0.7910881638526917
20251022_133903.864244,0.9505549669265747,1.0404374599456787,0.7910590767860413
20251022_133903.873644,0.9507718086242676,1.0403761863708496,0.7910256385803223
20251022_133903.884508,0.9509826898574829,1.0403658151626587,0.7909977436065674
20251022_133903.894258,0.9511955976486206,1.0403813123703003,0.7909395098686218
20251022_133903.903601,0.9514284729957581,1.040366530418396,0.7909164428710938
20251022_133903.913763,0.9516487121582031,1.040305733680725,0.7909252047538757
20251022_133903.924195,0.9518819451332092,1.0402125120162964,0.7909361720085144
20251022_133903.934160,0.952089250087738,1.040148377418518,0.7909317016601562
20251022_133903.944498,0.9523199796676636,1.040143609046936,0.7909359931945801
20251022_133903.953994,0.9525724649429321,1.0401517152786255,0.7909375429153442
20251022_133903.963794,0.9527904987335205,1.040115475654602,0.7909594774246216
20251022_133903.973938,0.9530377388000488,1.040055751800537,0.790966808795929
20251022_133903.983645,0.9532555341720581,1.0400409698486328,0.7909625172615051
20251022_133903.994126,0.9535061120986938,1.0400376319885254,0.790963888168335
20251022_133904.004198,0.9537333846092224,1.0401132106781006,0.7909393310546875
20251022_133904.014464,0.9541122913360596,1.0401930809020996,0.7910265922546387
20251022_133904.023439,0.9543566703796387,1.0402357578277588,0.7910915017127991
20251022_133904.033988,0.9546259641647339,1.0402286052703857,0.7911240458488464
20251022_133904.044136,0.95489501953125,1.0401451587677002,0.7911558747291565
20251022_133904.053931,0.9551447629928589,1.0401042699813843,0.7911966443061829
20251022_133904.063899,0.9554369449615479,1.0401954650878906,0.7912598848342896
20251022_133904.074065,0.9556863903999329,1.0402274131774902,0.7913264632225037
20251022_133904.084420,0.9559381008148193,1.040259838104248,0.7913830280303955
20251022_133904.094318,0.956207275390625,1.0402131080627441,0.7914438843727112
20251022_133904.103944,0.956497311592102,1.0401396751403809,0.7914993166923523
20251022_133904.114313,0.9567657113075256,1.0400959253311157,0.7915645837783813
20251022_133904.124051,0.9570004940032959,1.0401313304901123,0.7916510105133057
20251022_133904.134248,0.9572755694389343,1.0401978492736816,0.7917549014091492
20251022_133904.143957,0.9575949907302856,1.0402250289916992,0.7918827533721924
20251022_133904.154030,0.9579028487205505,1.0402737855911255,0.7919579148292542
20251022_133904.163974,0.9581637382507324,1.040265679359436,0.7920396327972412
20251022_133904.174321,0.9584553241729736,1.0402276515960693,0.792191207408905
20251022_133904.183647,0.9587234258651733,1.040188193321228,0.7922983169555664
20251022_133904.194144,0.9589845538139343,1.0401960611343384,0.7924090027809143
20251022_133904.203927,0.9592530727386475,1.0401976108551025,0.7925282716751099
20251022_133904.214339,0.9595014452934265,1.0401875972747803,0.7926262021064758
20251022_133904.224029,0.959760308265686,1.040178894996643,0.792707085609436
20251022_133904.234075,0.960004448890686,1.0401636362075806,0.7928223609924316
20251022_133904.244085,0.960262656211853,1.040225863456726,0.7929235100746155
20251022_133904.254141,0.9605125188827515,1.0403177738189697,0.7930208444595337
20251022_133904.263839,0.9607968926429749,1.0403753519058228,0.7932131290435791
20251022_133904.274122,0.9609614014625549,1.0404016971588135,0.7933462262153625
20251022_133904.284194,0.9614076614379883,1.0404932498931885,0.79352867603302
20251022_133904.294193,0.9616835713386536,1.0405629873275757,0.7936910390853882
20251022_133904.304221,0.9619065523147583,1.040613055229187,0.7938446402549744
20251022_133904.314313,0.9621247053146362,1.0406835079193115,0.7939571142196655
20251022_133904.324315,0.9623543620109558,1.0407031774520874,0.7941118478775024
20251022_133904.333995,0.9625986814498901,1.0407824516296387,0.7942588329315186
20251022_133904.344116,0.9628952145576477,1.0411081314086914,0.7944396734237671
20251022_133904.354509,0.9631553292274475,1.0411409139633179,0.7946400046348572
20251022_133904.364300,0.9633747339248657,1.0411889553070068,0.7947921752929688
20251022_133904.374341,0.9635223746299744,1.0409696102142334,0.7950059175491333
20251022_133904.383769,0.9637548327445984,1.0412274599075317,0.7949046492576599
20251022_133904.394731,0.9639840722084045,1.0412013530731201,0.7950592041015625
20251022_133904.404326,0.9641950130462646,1.0409212112426758,0.7955319881439209
20251022_133904.414349,0.9645513296127319,1.040938138961792,0.7957881689071655
20251022_133904.424259,0.9647823572158813,1.0409846305847168,0.7960075736045837
20251022_133904.433761,0.9649941325187683,1.041011095046997,0.7961871027946472
20251022_133904.444256,0.9652569890022278,1.040961503982544,0.7964264154434204
20251022_133904.454515,0.9655228853225708,1.0409536361694336,0.7966223955154419
20251022_133904.464327,0.9657512903213501,1.0409280061721802,0.7968097925186157
20251022_133904.474434,0.9659748673439026,1.0409584045410156,0.7970059514045715
20251022_133904.484154,0.9661917090415955,1.0410486459732056,0.7971423864364624
20251022_133904.494148,0.9663986563682556,1.0410913228988647,0.7973469495773315
20251022_133904.504260,0.9665977954864502,1.0410993099212646,0.7975980639457703
20251022_133904.514172,0.9668613076210022,1.0411193370819092,0.7977995276451111
20251022_133904.524130,0.9670809507369995,1.041165828704834,0.7980154156684875
20251022_133904.533971,0.9672936201095581,1.0412486791610718,0.7981954216957092
20251022_133904.543917,0.9674938917160034,1.041322946548462,0.7984335422515869
20251022_133904.553663,0.9677861928939819,1.0413565635681152,0.7986965775489807
20251022_133904.564099,0.9680460691452026,1.0413062572479248,0.7989341616630554
20251022_133904.573637,0.9682413339614868,1.0412461757659912,0.7991665601730347
20251022_133904.583814,0.9684391617774963,1.0412598848342896,0.7993786334991455
20251022_133904.594178,0.9686496257781982,1.0412249565124512,0.7996148467063904
20251022_133904.604208,0.9688659906387329,1.0412013530731201,0.7998575568199158
20251022_133904.613930,0.9691702723503113,1.0414831638336182,0.8001502752304077
20251022_133904.624410,0.9693673849105835,1.0413869619369507,0.8003898859024048
20251022_133904.633661,0.9695407748222351,1.0413424968719482,0.8005999326705933
20251022_133904.644390,0.9697264432907104,1.041356086730957,0.800803542137146
20251022_133904.654314,0.9698686003684998,1.041143774986267,0.8009921312332153
20251022_133904.663732,0.9700473546981812,1.0411721467971802,0.801199197769165
20251022_133904.673779,0.970267117023468,1.0411925315856934,0.8014141917228699
20251022_133904.683633,0.9704613089561462,1.0411393642425537,0.801702082157135
20251022_133904.693768,0.9706770777702332,1.0411216020584106,0.8019344210624695
20251022_133904.703604,0.9708783030509949,1.0411272048950195,0.80214923620224
20251022_133904.713834,0.9710897207260132,1.041151762008667,0.8024382591247559
20251022_133904.723730,0.9713689684867859,1.041182041168213,0.8026910424232483
20251022_133904.734210,0.97159343957901,1.0411394834518433,0.8029300570487976
20251022_133904.743706,0.9717631340026855,1.0410889387130737,0.8032009601593018
20251022_133904.754237,0.971940279006958,1.0410016775131226,0.8034850358963013
20251022_133904.764240,0.9721484780311584,1.040930151939392,0.8037518858909607
20251022_133904.774183,0.9723590016365051,1.040913462638855,0.8040657043457031
20251022_133904.784176,0.9725065231323242,1.0409806966781616,0.8042969107627869
20251022_133904.794075,0.9727001786231995,1.0409458875656128,0.804559051990509
20251022_133904.804099,0.9728835821151733,1.0409270524978638,0.8047932386398315
20251022_133904.814105,0.9730770587921143,1.040911078453064,0.8050002455711365
20251022_133904.823827,0.9732407331466675,1.040868878364563,0.8052696585655212
20251022_133904.834113,0.9734371304512024,1.0408203601837158,0.8056082129478455
20251022_133904.843541,0.9736155271530151,1.040865182876587,0.8058424592018127
20251022_133904.854480,0.9738326072692871,1.0408369302749634,0.8061456084251404
20251022_133904.864268,0.9740724563598633,1.0410648584365845,0.8064070343971252
20251022_133904.874261,0.974216878414154,1.0410197973251343,0.8067300915718079
20251022_133904.883934,0.9744037389755249,1.0410135984420776,0.8069865107536316
20251022_133904.894369,0.9745740294456482,1.0407346487045288,0.8073433041572571
20251022_133904.904277,0.9747112393379211,1.0407427549362183,0.8075775504112244
20251022_133904.914337,0.9749377369880676,1.0407475233078003,0.807963490486145
20251022_133904.924309,0.9750930666923523,1.0407476425170898,0.808218240737915
20251022_133904.934361,0.9752926826477051,1.0407601594924927,0.8085189461708069
20251022_133904.944403,0.975443959236145,1.0408350229263306,0.8087560534477234
20251022_133904.954385,0.9751529097557068,1.0418355464935303,0.8089601993560791
20251022_133904.963734,0.9752729535102844,1.0419219732284546,0.8091908693313599
20251022_133904.973602,0.9754312038421631,1.041914463043213,0.8095065355300903
20251022_133904.983940,0.9755616188049316,1.0419069528579712,0.8097646832466125
20251022_133904.993700,0.9757053256034851,1.0419865846633911,0.8100785613059998
20251022_133905.003763,0.9758608341217041,1.042054295539856,0.8103694319725037
20251022_133905.013739,0.9759979844093323,1.0421053171157837,0.810644805431366
20251022_133905.023818,0.9766239523887634,1.0412890911102295,0.8110685348510742
20251022_133905.033809,0.9767493009567261,1.0412118434906006,0.8113614320755005
20251022_133905.044556,0.9768937826156616,1.0411709547042847,0.8116275072097778
20251022_133905.054373,0.9770128726959229,1.0411192178726196,0.8119111657142639
20251022_133905.064300,0.9771191477775574,1.0410815477371216,0.8121538758277893
20251022_133905.074304,0.9771671295166016,1.040771722793579,0.8124637603759766
20251022_133905.084293,0.9772623181343079,1.0406900644302368,0.8127469420433044
20251022_133905.093527,0.9773716926574707,1.0405755043029785,0.813071072101593
20251022_133905.103714,0.9775524735450745,1.0404775142669678,0.8133070468902588
20251022_133905.114114,0.97747403383255,1.040351390838623,0.813627302646637
20251022_133905.124320,0.9776030778884888,1.0403341054916382,0.8139247894287109
20251022_133905.133954,0.9776782989501953,1.0403003692626953,0.8142844438552856
20251022_133905.144072,0.9779416918754578,1.0403048992156982,0.814606249332428
20251022_133905.153920,0.978005588054657,1.0402287244796753,0.814887285232544
20251022_133905.164044,0.9780694842338562,1.0402050018310547,0.815122663974762
20251022_133905.174036,0.9781350493431091,1.040409803390503,0.8155260682106018
20251022_133905.184137,0.9782351851463318,1.0404058694839478,0.8157981038093567
20251022_133905.193939,0.978416383266449,1.0401976108551025,0.8160090446472168
20251022_133905.203962,0.9785057902336121,1.0401694774627686,0.8162621855735779
20251022_133905.213365,0.9785814881324768,1.0401195287704468,0.8165125250816345
20251022_133905.223904,0.9787291884422302,1.040350079536438,0.8167626261711121
20251022_133905.234016,0.9788124561309814,1.0402934551239014,0.8170375823974609
20251022_133905.243415,0.9789327383041382,1.0402579307556152,0.8173717856407166
20251022_133905.253480,0.9789658784866333,1.040215015411377,0.8177067637443542
20251022_133905.263349,0.978918194770813,1.0399092435836792,0.8179850578308105
20251022_133905.273913,0.9789528250694275,1.0399521589279175,0.818199634552002
20251022_133905.284358,0.979026198387146,1.0399287939071655,0.8184657692909241
20251022_133905.294322,0.9791232347488403,1.0398002862930298,0.8188034296035767
20251022_133905.304274,0.9791427850723267,1.0398614406585693,0.8190298676490784
20251022_133905.314368,0.9791972041130066,1.0397908687591553,0.8192774057388306
20251022_133905.324296,0.979241669178009,1.039711356163025,0.8195080757141113
20251022_133905.333742,0.9793065190315247,1.0395838022232056,0.81976717710495
20251022_133905.343977,0.9793411493301392,1.0394665002822876,0.8200390338897705
20251022_133905.354268,0.9793635606765747,1.0393868684768677,0.8203062415122986
20251022_133905.364193,0.9794124960899353,1.0391978025436401,0.8207037448883057
20251022_133905.373716,0.9794440269470215,1.0391004085540771,0.8209993839263916
20251022_133905.383446,0.9794759154319763,1.038944125175476,0.821355402469635
20251022_133905.393769,0.9794928431510925,1.0388346910476685,0.8215910792350769
20251022_133905.403766,0.9794617295265198,1.0389200448989868,0.8219828605651855
20251022_133905.413879,0.979573130607605,1.0386091470718384,0.8221900463104248
20251022_133905.423764,0.9795815348625183,1.0385634899139404,0.822464108467102
20251022_133905.433749,0.9796854257583618,1.0387638807296753,0.8227334022521973
20251022_133905.443694,0.979738712310791,1.038662314414978,0.8230297565460205
20251022_133905.454485,0.9797694683074951,1.0385864973068237,0.8232619166374207
20251022_133905.464077,0.9797155261039734,1.038238286972046,0.8235484957695007
20251022_133905.474407,0.979739785194397,1.0381700992584229,0.8237842321395874
20251022_133905.484570,0.9797881245613098,1.0381150245666504,0.8240119218826294
20251022_133905.494410,0.9798139929771423,1.0380620956420898,0.8242464661598206
20251022_133905.504481,0.9798350930213928,1.038001537322998,0.8244867920875549
20251022_133905.514345,0.9798421859741211,1.0378738641738892,0.8247899413108826
20251022_133905.524264,0.9798548221588135,1.0377718210220337,0.8250662088394165
20251022_133905.533698,0.9798372387886047,1.0377116203308105,0.825313925743103
20251022_133905.543977,0.9798761010169983,1.0376414060592651,0.8255819082260132
20251022_133905.561809,0.9798719882965088,1.0375224351882935,0.8258774876594543
20251022_133905.563574,0.9798699617385864,1.0374915599822998,0.8261061310768127
20251022_133905.573518,0.9794841408729553,1.0382155179977417,0.8263328671455383
20251022_133905.583745,0.9799104332923889,1.037327527999878,0.8265987038612366
20251022_133905.593835,0.9799232482910156,1.037255048751831,0.8268501162528992
20251022_133905.604187,0.9799050092697144,1.0371817350387573,0.8270748853683472
20251022_133905.614089,0.9799032807350159,1.0370607376098633,0.8272854089736938
20251022_133905.624136,0.9799010157585144,1.0369420051574707,0.8274956345558167
20251022_133905.634068,0.9799039959907532,1.03684401512146,0.8276906609535217
20251022_133905.644229,0.9799144864082336,1.0367447137832642,0.8278968334197998
20251022_133905.654261,0.9799487590789795,1.0369105339050293,0.8281176090240479
20251022_133905.663869,0.9799371361732483,1.0367863178253174,0.8284846544265747
20251022_133905.673490,0.9799022078514099,1.0366703271865845,0.8286844491958618
20251022_133905.683645,0.9798774123191833,1.036487102508545,0.8288970589637756
20251022_133905.693749,0.9798358678817749,1.0363521575927734,0.8291001915931702
20251022_133905.703920,0.9798016548156738,1.036293625831604,0.8292232751846313
20251022_133905.713815,0.9796795845031738,1.0360039472579956,0.8294488191604614
20251022_133905.723718,0.9796637892723083,1.0358511209487915,0.8297706842422485
20251022_133905.733901,0.9796192049980164,1.035842776298523,0.829839825630188
20251022_133905.743717,0.979572057723999,1.0357524156570435,0.830037534236908
20251022_133905.753880,0.9795418977737427,1.0356123447418213,0.830268383026123
20251022_133905.763790,0.9795161485671997,1.0353922843933105,0.8306280970573425
20251022_133905.773868,0.9794678092002869,1.0353142023086548,0.8308091759681702
20251022_133905.783862,0.9789562225341797,1.036349892616272,0.8307814598083496
20251022_133905.793809,0.9788928627967834,1.0361971855163574,0.8310905694961548
20251022_133905.803892,0.9793078899383545,1.0351276397705078,0.831284761428833
20251022_133905.813762,0.9792532920837402,1.035164475440979,0.8312727808952332
20251022_133905.823899,0.9792057275772095,1.034949779510498,0.8316146731376648
20251022_133905.833846,0.9791519641876221,1.034897804260254,0.8317603468894958
20251022_133905.843545,0.978935956954956,1.0348116159439087,0.8319586515426636
20251022_133905.853693,0.9790356159210205,1.0347795486450195,0.8321769833564758
20251022_133905.864123,0.9788233041763306,1.034690499305725,0.8322564959526062
20251022_133905.873801,0.978911280632019,1.034627914428711,0.8324952721595764
20251022_133905.883512,0.9785606265068054,1.0359302759170532,0.8321738839149475
20251022_133905.894256,0.9785563945770264,1.0357626676559448,0.8324121236801147
20251022_133905.904102,0.9786941409111023,1.0347706079483032,0.8326514363288879
20251022_133905.914461,0.9785520434379578,1.0344983339309692,0.8330458402633667
20251022_133905.924198,0.9784811735153198,1.0344488620758057,0.8331790566444397
20251022_133905.934230,0.9783446788787842,1.0343650579452515,0.8332890272140503
20251022_133905.944163,0.9782822132110596,1.0343106985092163,0.8334502577781677
20251022_133905.954171,0.9781574010848999,1.0342326164245605,0.8336051106452942
20251022_133905.963844,0.9780889749526978,1.034019112586975,0.8338855504989624
20251022_133905.974303,0.978070855140686,1.0342451333999634,0.833932638168335
20251022_133905.983675,0.9780776500701904,1.0342241525650024,0.8340654969215393
20251022_133905.994349,0.977901816368103,1.0340871810913086,0.8341556787490845
20251022_133906.004419,0.9777814149856567,1.0339860916137695,0.8342943787574768
20251022_133906.013756,0.9776719808578491,1.033861517906189,0.8344706892967224
20251022_133906.024297,0.9775484800338745,1.0337660312652588,0.8346042633056641
20251022_133906.034222,0.9774631857872009,1.0336012840270996,0.8348134160041809
20251022_133906.044224,0.9773555397987366,1.0334962606430054,0.8349225521087646
20251022_133906.054009,0.9772230386734009,1.0333659648895264,0.8350543975830078
20251022_133906.064023,0.9771235585212708,1.0332698822021484,0.8351401090621948
20251022_133906.074344,0.9769217371940613,1.0327975749969482,0.8354164361953735
20251022_133906.084248,0.9767934083938599,1.0326648950576782,0.8355558514595032
20251022_133906.093533,0.9766667485237122,1.0325376987457275,0.8357035517692566
20251022_133906.104332,0.9765329360961914,1.032440185546875,0.83580082654953
20251022_133906.113607,0.9764130115509033,1.032347559928894,0.8359275460243225
20251022_133906.124066,0.976255476474762,1.0322444438934326,0.8360186219215393
20251022_133906.134199,0.9761231541633606,1.0321528911590576,0.8361415863037109
20251022_133906.144220,0.9759728312492371,1.0320535898208618,0.8362703919410706
20251022_133906.153874,0.9758215546607971,1.0320231914520264,0.8363964557647705
20251022_133906.164156,0.9756703972816467,1.0318973064422607,0.8365378975868225
20251022_133906.174304,0.9755446910858154,1.0317755937576294,0.8366341590881348
20251022_133906.184189,0.9753877520561218,1.0316553115844727,0.8367571830749512
20251022_133906.194240,0.9751363396644592,1.0316097736358643,0.8367897868156433
20251022_133906.204002,0.9749757647514343,1.0314991474151611,0.8368915319442749
20251022_133906.214190,0.9747890830039978,1.031404972076416,0.8370299935340881
20251022_133906.224318,0.9746351838111877,1.0312871932983398,0.8371666669845581
20251022_133906.234146,0.9744643568992615,1.0311449766159058,0.8372922539710999
20251022_133906.243575,0.9743177890777588,1.0309923887252808,0.8374675512313843
20251022_133906.253763,0.9741194844245911,1.0308204889297485,0.8375890851020813
20251022_133906.263675,0.9739651083946228,1.0307316780090332,0.8376871943473816
20251022_133906.274321,0.9737971425056458,1.0306276082992554,0.8378168344497681
20251022_133906.283863,0.9736189842224121,1.0305818319320679,0.8379523754119873
20251022_133906.294260,0.9734625816345215,1.030487298965454,0.8380756974220276
20251022_133906.304230,0.9733019471168518,1.0303654670715332,0.8382180333137512
20251022_133906.314266,0.9731245636940002,1.0302191972732544,0.8383538722991943
20251022_133906.324089,0.9729514718055725,1.0300829410552979,0.8385440111160278
20251022_133906.334330,0.9727983474731445,1.0299415588378906,0.8386750817298889
20251022_133906.344273,0.972625732421875,1.029865026473999,0.8387963771820068
20251022_133906.354240,0.9724641442298889,1.0297905206680298,0.8389293551445007
20251022_133906.364140,0.9722981452941895,1.0296789407730103,0.8391058444976807
20251022_133906.374690,0.9721405506134033,1.0295591354370117,0.8392671346664429
20251022_133906.384189,0.9719200134277344,1.0294889211654663,0.8393793106079102
20251022_133906.394218,0.9717402458190918,1.0292731523513794,0.8397239446640015
20251022_133906.404091,0.9714488983154297,1.0291414260864258,0.8398870229721069
20251022_133906.414410,0.9712753295898438,1.0290403366088867,0.8400464057922363
20251022_133906.424265,0.9710970520973206,1.0291624069213867,0.8402382731437683
20251022_133906.434304,0.9709030389785767,1.0290818214416504,0.8403893113136292
20251022_133906.444135,0.9706569910049438,1.0287972688674927,0.8405338525772095
20251022_133906.453871,0.9705061912536621,1.0286973714828491,0.8407476544380188
20251022_133906.464186,0.9704081416130066,1.0288259983062744,0.8409168124198914
20251022_133906.474388,0.9701403379440308,1.0285203456878662,0.8410859704017639
20251022_133906.484169,0.9699617028236389,1.0284382104873657,0.8412433862686157
20251022_133906.493964,0.9697999358177185,1.0283687114715576,0.841418981552124
20251022_133906.504172,0.9696033000946045,1.0282739400863647,0.8416528701782227
20251022_133906.514121,0.9694365859031677,1.0282032489776611,0.8418093323707581
20251022_133906.524324,0.9692434668540955,1.0282236337661743,0.8419640064239502
20251022_133906.534403,0.969058096408844,1.0281680822372437,0.8421468734741211
20251022_133906.544212,0.9688720107078552,1.028093695640564,0.8423036932945251
20251022_133906.554261,0.9686537981033325,1.0280120372772217,0.8424752950668335
20251022_133906.564100,0.9684649705886841,1.0279664993286133,0.8426642417907715
20251022_133906.574272,0.9682564735412598,1.027921199798584,0.8428480625152588
20251022_133906.584215,0.9680057764053345,1.0278414487838745,0.8432119488716125
20251022_133906.594176,0.9677245616912842,1.02782142162323,0.8433706760406494
20251022_133906.603644,0.9675098657608032,1.027773141860962,0.8435907959938049
20251022_133906.613732,0.9672916531562805,1.027708888053894,0.8437820672988892
20251022_133906.624380,0.9670892357826233,1.0277161598205566,0.8439508676528931
20251022_133906.634355,0.966908872127533,1.0277204513549805,0.8441880941390991
20251022_133906.644173,0.9666961431503296,1.0277941226959229,0.8443399667739868
20251022_133906.654135,0.9664795994758606,1.0278210639953613,0.8445342183113098
20251022_133906.664124,0.9662851095199585,1.0278306007385254,0.8447099328041077
20251022_133906.674317,0.9660900235176086,1.0278273820877075,0.8448817133903503
20251022_133906.684011,0.9659109115600586,1.0277999639511108,0.8451335430145264
20251022_133906.693778,0.965688169002533,1.0278409719467163,0.8453212976455688
20251022_133906.703832,0.9654855132102966,1.0278761386871338,0.8455068469047546
20251022_133906.713768,0.9652836322784424,1.0278494358062744,0.8457536101341248
20251022_133906.723817,0.9650788307189941,1.0278844833374023,0.8459188938140869
20251022_133906.733845,0.9648709893226624,1.0278823375701904,0.8461138606071472
20251022_133906.743755,0.9646183848381042,1.027882695198059,0.8462893962860107
20251022_133906.754235,0.9643732309341431,1.0279370546340942,0.8464483022689819
20251022_133906.764044,0.9641894698143005,1.0279948711395264,0.846647322177887
20251022_133906.774351,0.9639554023742676,1.0280258655548096,0.8468589782714844
20251022_133906.784171,0.9637120366096497,1.0280073881149292,0.8471271395683289
20251022_133906.794251,0.963470458984375,1.0280094146728516,0.847307562828064
20251022_133906.803899,0.9632338285446167,1.0280474424362183,0.8475089073181152
20251022_133906.813741,0.9630541801452637,1.0280568599700928,0.8477272391319275
20251022_133906.823903,0.9628276824951172,1.0281025171279907,0.8478955626487732
20251022_133906.833789,0.9626384973526001,1.0281033515930176,0.8480793833732605
20251022_133906.843808,0.9624596238136292,1.028038501739502,0.8483506441116333
20251022_133906.853793,0.9622153639793396,1.0281459093093872,0.848421573638916
20251022_133906.863821,0.962014377117157,1.028143048286438,0.8485890626907349
20251022_133906.873929,0.9619258046150208,1.028285026550293,0.8488581776618958
20251022_133906.883857,0.9617554545402527,1.0282536745071411,0.8490132093429565
20251022_133906.893917,0.9614570140838623,1.028009295463562,0.8491613268852234
20251022_133906.903678,0.9612586498260498,1.027988314628601,0.8493002653121948
20251022_133906.913717,0.9610545635223389,1.0279117822647095,0.8495117425918579
20251022_133906.924268,0.9608812928199768,1.0278794765472412,0.8496984243392944
20251022_133906.934231,0.960673987865448,1.027903437614441,0.8498870730400085
20251022_133906.944420,0.9604359865188599,1.0278431177139282,0.8501765131950378
20251022_133906.954213,0.9602688550949097,1.0278133153915405,0.8503282070159912
20251022_133906.964304,0.9600442051887512,1.0277421474456787,0.8504851460456848
20251022_133906.974390,0.9598878026008606,1.0276960134506226,0.8506476283073425
20251022_133906.984364,0.9597134590148926,1.0276577472686768,0.8508361577987671
20251022_133906.994162,0.9595239758491516,1.0276176929473877,0.8510035872459412
20251022_133907.004186,0.9593455791473389,1.0275987386703491,0.851182758808136
20251022_133907.014121,0.9591554999351501,1.0274741649627686,0.8515221476554871
20251022_133907.024599,0.9590198397636414,1.0273994207382202,0.8517196178436279
20251022_133907.034226,0.9588791728019714,1.0273551940917969,0.8518577218055725
20251022_133907.043767,0.9587180018424988,1.0273100137710571,0.8520485162734985
20251022_133907.053802,0.9585634469985962,1.0272655487060547,0.852249264717102
20251022_133907.063701,0.9583961963653564,1.0271939039230347,0.8524256348609924
20251022_133907.073847,0.9580461978912354,1.0283656120300293,0.8521909117698669
20251022_133907.083781,0.9579210877418518,1.0283113718032837,0.8523446917533875
20251022_133907.094073,0.9578158259391785,1.0282323360443115,0.8524953126907349
20251022_133907.103856,0.9576831459999084,1.0281885862350464,0.8526127934455872
20251022_133907.113814,0.9577760696411133,1.0272318124771118,0.8528530597686768
20251022_133907.123719,0.9576935172080994,1.0270038843154907,0.8534074425697327
20251022_133907.133828,0.957542896270752,1.0268959999084473,0.8535459637641907
20251022_133907.143885,0.9574389457702637,1.0267919301986694,0.853740394115448
20251022_133907.154003,0.9573185443878174,1.0266836881637573,0.8538998365402222
20251022_133907.163721,0.9571279883384705,1.0263690948486328,0.8540261387825012
20251022_133907.173777,0.9569824934005737,1.026314616203308,0.8540951609611511
20251022_133907.183845,0.956855833530426,1.026289939880371,0.8542552590370178
20251022_133907.193873,0.9567763805389404,1.0261659622192383,0.854370653629303
20251022_133907.203797,0.9566633105278015,1.0260975360870361,0.854494571685791
20251022_133907.213764,0.9565747380256653,1.0260257720947266,0.8546266555786133
20251022_133907.223912,0.9564908742904663,1.0259919166564941,0.8547340035438538
20251022_133907.233874,0.956402599811554,1.0259759426116943,0.8548088669776917
20251022_133907.243788,0.9563026428222656,1.0258984565734863,0.8549222350120544
20251022_133907.253811,0.9562414288520813,1.0257459878921509,0.8550264835357666
20251022_133907.263775,0.9561293721199036,1.0255565643310547,0.8551350235939026
20251022_133907.273812,0.9560648798942566,1.0253888368606567,0.8553169369697571
20251022_133907.283841,0.9560189247131348,1.025347113609314,0.8554286956787109
20251022_133907.293779,0.9559594988822937,1.025225043296814,0.8555281162261963
20251022_133907.303768,0.955919086933136,1.0250707864761353,0.8556510806083679
20251022_133907.313825,0.9559018611907959,1.0250251293182373,0.8555604219436646
20251022_133907.323732,0.9558655619621277,1.0247443914413452,0.8558622598648071
20251022_133907.333713,0.9558793902397156,1.0246723890304565,0.8558043241500854
20251022_133907.343787,0.9558020830154419,1.024496078491211,0.8560833930969238
20251022_133907.353803,0.9558072090148926,1.024363398551941,0.8561829328536987
20251022_133907.364522,0.9556007385253906,1.0254758596420288,0.8558690547943115
20251022_133907.374063,0.9558127522468567,1.0240708589553833,0.8563460111618042
20251022_133907.384483,0.9558552503585815,1.0238986015319824,0.8564027547836304
20251022_133907.394183,0.9555985927581787,1.0251275300979614,0.8560293912887573
20251022_133907.404241,0.9558506011962891,1.0237516164779663,0.8565459251403809
20251022_133907.414615,0.9558311700820923,1.023787498474121,0.8565865159034729
20251022_133907.424378,0.9558659195899963,1.0237188339233398,0.8566486835479736
20251022_133907.434246,0.9559518098831177,1.0234863758087158,0.8567531108856201
20251022_133907.444303,0.9559618830680847,1.0234706401824951,0.856758177280426
20251022_133907.454439,0.9560383558273315,1.023301362991333,0.8568949699401855
20251022_133907.464380,0.9561057686805725,1.0231785774230957,0.8569918870925903
20251022_133907.474502,0.956174910068512,1.023112177848816,0.8570467233657837
20251022_133907.484048,0.9562620520591736,1.023017406463623,0.8571096658706665
20251022_133907.494180,0.956355631351471,1.0229358673095703,0.8571493625640869
20251022_133907.504480,0.9564388990402222,1.0228042602539062,0.8571845293045044
20251022_133907.514269,0.9564945101737976,1.0227049589157104,0.8572544455528259
20251022_133907.524523,0.9565427899360657,1.0226151943206787,0.8573510050773621
20251022_133907.533952,0.9566230177879333,1.0224719047546387,0.8573974967002869
20251022_133907.544022,0.9567133188247681,1.0222792625427246,0.8574892282485962
20251022_133907.554258,0.9568064212799072,1.0221917629241943,0.8575217127799988
20251022_133907.564175,0.9564641714096069,1.0229737758636475,0.857640266418457
20251022_133907.574242,0.9570298194885254,1.0220322608947754,0.8576139807701111
20251022_133907.584114,0.9571166634559631,1.021958351135254,0.8577306866645813
20251022_133907.593755,0.9572304487228394,1.0218706130981445,0.8577478528022766
20251022_133907.604112,0.9573952555656433,1.0217978954315186,0.8577808737754822
20251022_133907.614119,0.9574623107910156,1.0217623710632324,0.8577688932418823
20251022_133907.623820,0.9576476216316223,1.0217832326889038,0.8577554225921631
20251022_133907.633858,0.9575325846672058,1.0230344533920288,0.8573973178863525
20251022_133907.643784,0.9578421115875244,1.021790862083435,0.8578593134880066
20251022_133907.654280,0.9579493999481201,1.021774411201477,0.8578971028327942
20251022_133907.664201,0.9580731987953186,1.0216838121414185,0.8579421043395996
20251022_133907.674064,0.9582450985908508,1.0215849876403809,0.8579636812210083
20251022_133907.684108,0.9583913087844849,1.021554708480835,0.8579492568969727
20251022_133907.694194,0.9585017561912537,1.021620273590088,0.8579230308532715
20251022_133907.704220,0.9586275815963745,1.0215914249420166,0.8579556941986084
20251022_133907.714088,0.9587542414665222,1.0214931964874268,0.8580090403556824
20251022_133907.724159,0.9588832855224609,1.0213754177093506,0.8580266237258911
20251022_133907.734139,0.9590226411819458,1.0211975574493408,0.8580586910247803
20251022_133907.744146,0.9591656923294067,1.0211174488067627,0.8580508232116699
20251022_133907.754251,0.9593039155006409,1.0210821628570557,0.8580666780471802
20251022_133907.764318,0.9594220519065857,1.0210845470428467,0.8580874800682068
20251022_133907.773997,0.9595693349838257,1.0210416316986084,0.8580968379974365
20251022_133907.784241,0.9597028493881226,1.0210472345352173,0.8580853939056396
20251022_133907.794337,0.9598426818847656,1.021019697189331,0.8580729961395264
20251022_133907.804146,0.959976077079773,1.0210524797439575,0.8580644130706787
20251022_133907.814101,0.9601106643676758,1.021115779876709,0.8579709529876709
20251022_133907.824112,0.9602639675140381,1.0211340188980103,0.8580340147018433
20251022_133907.834423,0.9604466557502747,1.0210484266281128,0.8580788969993591
20251022_133907.844310,0.9606071710586548,1.0210453271865845,0.8580169081687927
20251022_133907.854197,0.9607705473899841,1.0210202932357788,0.8579997420310974
20251022_133907.864340,0.960915207862854,1.021038293838501,0.8579820990562439
20251022_133907.874234,0.9611192345619202,1.0212572813034058,0.8579832315444946
20251022_133907.884192,0.9614074230194092,1.021302342414856,0.8580122590065002
20251022_133907.893909,0.9614906907081604,1.0210567712783813,0.8580132126808167
20251022_133907.903825,0.9617558717727661,1.0216124057769775,0.857719898223877
20251022_133907.913943,0.9619342684745789,1.0215165615081787,0.8576915860176086
20251022_133907.923545,0.9620789885520935,1.021514654159546,0.8576621413230896
20251022_133907.933897,0.9622937440872192,1.0214804410934448,0.8577070236206055
20251022_133907.943792,0.962488055229187,1.0214767456054688,0.8576827645301819
20251022_133907.953768,0.9626862406730652,1.021452784538269,0.8576619029045105
20251022_133907.963794,0.9628547430038452,1.0215014219284058,0.8576021194458008
20251022_133907.973789,0.9628255367279053,1.0224257707595825,0.8574924468994141
20251022_133907.984391,0.9629911780357361,1.0224603414535522,0.857470691204071
20251022_133907.994180,0.963140606880188,1.022480845451355,0.8574705719947815
20251022_133908.004170,0.9633047580718994,1.0225131511688232,0.8574609756469727
20251022_133908.014209,0.9634153246879578,1.0222519636154175,0.8574213981628418
20251022_133908.024280,0.9636115431785583,1.02223801612854,0.8573798537254333
20251022_133908.034329,0.9637754559516907,1.022231101989746,0.8573710918426514
20251022_133908.044252,0.9639557600021362,1.0221619606018066,0.8573903441429138
20251022_133908.054218,0.9643313884735107,1.0208269357681274,0.8577911853790283
20251022_133908.063524,0.9645006060600281,1.0207278728485107,0.8578032851219177
20251022_133908.073817,0.964698076248169,1.0206559896469116,0.8578032851219177
20251022_133908.083610,0.9649101495742798,1.0205641984939575,0.8577893376350403
20251022_133908.093777,0.9650871157646179,1.0205142498016357,0.8575222492218018
20251022_133908.103734,0.9652759432792664,1.0204709768295288,0.8575268387794495
20251022_133908.113775,0.9656094908714294,1.0205153226852417,0.8575930595397949
20251022_133908.123814,0.9658105373382568,1.0205249786376953,0.8575534224510193
20251022_133908.133911,0.9660269618034363,1.0205343961715698,0.8575499057769775
20251022_133908.143828,0.9662412405014038,1.0205308198928833,0.8575270771980286
20251022_133908.153706,0.9664462208747864,1.0205684900283813,0.8574721217155457
20251022_133908.163721,0.9666497707366943,1.0205389261245728,0.8574508428573608
20251022_133908.173487,0.9668793082237244,1.0205177068710327,0.8574228286743164
20251022_133908.183570,0.9670740365982056,1.0204881429672241,0.8574013113975525
20251022_133908.193576,0.9672684073448181,1.0204761028289795,0.8573864698410034
20251022_133908.203840,0.9674656391143799,1.0204830169677734,0.8573103547096252
20251022_133908.213845,0.9677215218544006,1.0202853679656982,0.8575083613395691
20251022_133908.223835,0.9679303765296936,1.0202745199203491,0.8573988676071167
20251022_133908.233844,0.9681558609008789,1.0201971530914307,0.8573629856109619
20251022_133908.243844,0.9680009484291077,1.0210431814193726,0.8572988510131836
20251022_133908.253784,0.9682203531265259,1.0209763050079346,0.8572509288787842
20251022_133908.264360,0.9683989882469177,1.0209897756576538,0.8571632504463196
20251022_133908.274424,0.9686992168426514,1.0210938453674316,0.8571617007255554
20251022_133908.284612,0.968951940536499,1.0211925506591797,0.8571396470069885
20251022_133908.294243,0.9691680669784546,1.0212082862854004,0.8571207523345947
20251022_133908.304323,0.9698269367218018,1.020262598991394,0.8571925759315491
20251022_133908.314173,0.9700647592544556,1.0201691389083862,0.8571884036064148
20251022_133908.324248,0.970295786857605,1.0200762748718262,0.8571845293045044
20251022_133908.334314,0.9705687761306763,1.0199869871139526,0.8571174144744873
20251022_133908.344457,0.9708116054534912,1.0199065208435059,0.85711669921875
20251022_133908.353758,0.971051812171936,1.0198506116867065,0.8570841550827026
20251022_133908.363770,0.9712816476821899,1.01982581615448,0.8570505976676941
20251022_133908.373866,0.9714985489845276,1.019761085510254,0.857049822807312
20251022_133908.383853,0.9717314839363098,1.019604206085205,0.8570793271064758
20251022_133908.394161,0.9719427227973938,1.0194776058197021,0.857077956199646
20251022_133908.404215,0.9721605181694031,1.0194008350372314,0.8570706248283386
20251022_133908.414142,0.9723795056343079,1.0194275379180908,0.8570602536201477
20251022_133908.424295,0.9726377725601196,1.019467830657959,0.8570106625556946
20251022_133908.434141,0.9728626012802124,1.0194590091705322,0.8569694757461548
20251022_133908.444157,0.9731215238571167,1.0194696187973022,0.8569414615631104
20251022_133908.454212,0.9734586477279663,1.0195062160491943,0.8569000959396362
20251022_133908.464178,0.9737426042556763,1.0194599628448486,0.8569107055664062
20251022_133908.474305,0.9740543961524963,1.019276738166809,0.8569927215576172
20251022_133908.483834,0.9742958545684814,1.0192371606826782,0.8569760918617249
20251022_133908.494232,0.9745623469352722,1.0190904140472412,0.8569921851158142
20251022_133908.504185,0.9748091101646423,1.018990397453308,0.856971025466919
20251022_133908.514186,0.9750497341156006,1.0189287662506104,0.8569537997245789
20251022_133908.524569,0.9752885103225708,1.0188653469085693,0.8569274544715881
20251022_133908.534259,0.9755356311798096,1.0188192129135132,0.856877863407135
20251022_133908.544238,0.9758041501045227,1.0188422203063965,0.8568576574325562
20251022_133908.554293,0.9760503172874451,1.0188783407211304,0.8568298816680908
20251022_133908.563383,0.9761881828308105,1.01957368850708,0.8566804528236389
20251022_133908.573447,0.9765790104866028,1.0189305543899536,0.8567302823066711
20251022_133908.584001,0.9768143892288208,1.0188419818878174,0.8566722869873047
20251022_133908.593957,0.9769684672355652,1.0199708938598633,0.8562770485877991
20251022_133908.604043,0.9772568345069885,1.0199342966079712,0.8562454581260681
20251022_133908.614076,0.9775821566581726,1.0199054479599,0.8561954498291016
20251022_133908.624101,0.9778366088867188,1.0198581218719482,0.8562126755714417
20251022_133908.634013,0.9781082272529602,1.0197887420654297,0.8561827540397644
20251022_133908.644007,0.9783596992492676,1.0197069644927979,0.8561323881149292
20251022_133908.654203,0.9788365960121155,1.0183886289596558,0.8564176559448242
20251022_133908.663931,0.9790824055671692,1.0183149576187134,0.8564079999923706
20251022_133908.674165,0.9793462753295898,1.0183093547821045,0.8563510179519653
20251022_133908.684143,0.9796277284622192,1.0181571245193481,0.8565087914466858
20251022_133908.693970,0.9798915982246399,1.0181233882904053,0.8564863801002502
20251022_133908.704153,0.9801549315452576,1.0181093215942383,0.8564431667327881
20251022_133908.714014,0.9804325699806213,1.0180509090423584,0.8564364314079285
20251022_133908.723923,0.9807104468345642,1.0179191827774048,0.8564593195915222
20251022_133908.734145,0.9809938669204712,1.017829418182373,0.8564344048500061
20251022_133908.744123,0.9811800718307495,1.0177356004714966,0.8563783168792725
20251022_133908.753943,0.9814828634262085,1.0176142454147339,0.8563652634620667
20251022_133908.763988,0.9817345142364502,1.0174773931503296,0.8563694357872009
20251022_133908.774066,0.982161819934845,1.0174270868301392,0.8564261198043823
20251022_133908.784035,0.9821125864982605,1.0187116861343384,0.8560879230499268
20251022_133908.794006,0.9823700785636902,1.0188249349594116,0.8559104204177856
20251022_133908.804161,0.9829144477844238,1.017601728439331,0.8561934232711792
20251022_133908.813881,0.9827960729598999,1.018586277961731,0.8560420870780945
20251022_133908.824488,0.9830529093742371,1.0185312032699585,0.8560212850570679
20251022_133908.833987,0.9835132360458374,1.0186855792999268,0.85577392578125
20251022_133908.844345,0.9839795827865601,1.0173461437225342,0.8561586141586304
20251022_133908.853958,0.9842255115509033,1.0172367095947266,0.8561552166938782
20251022_133908.863901,0.98448246717453,1.0171095132827759,0.8561620712280273
20251022_133908.874102,0.9847418069839478,1.0169516801834106,0.8561710715293884
20251022_133908.883921,0.9849762320518494,1.0168488025665283,0.856164276599884
20251022_133908.894188,0.9852398633956909,1.016832709312439,0.8561205863952637
20251022_133908.903994,0.9854057431221008,1.016780972480774,0.8560080528259277
20251022_133908.914003,0.9856929183006287,1.016842246055603,0.8559360504150391
20251022_133908.924018,0.9861761927604675,1.016646146774292,0.8562153577804565
20251022_133908.934258,0.9864511489868164,1.016638994216919,0.8561379313468933
20251022_133908.944078,0.9867017865180969,1.016545295715332,0.8561298251152039
20251022_133908.954006,0.9869576692581177,1.0164450407028198,0.8561012744903564
20251022_133908.963920,0.9872069954872131,1.0162774324417114,0.8561103940010071
20251022_133908.973917,0.9874420762062073,1.0161536931991577,0.8561090230941772
20251022_133908.984300,0.9876844882965088,1.016053557395935,0.8561058640480042
20251022_133908.994158,0.9879322648048401,1.0160455703735352,0.8560454249382019
20251022_133909.004235,0.9881670475006104,1.0160044431686401,0.8560247421264648
20251022_133909.014367,0.9883967638015747,1.0159974098205566,0.855980634689331
20251022_133909.024139,0.9886136651039124,1.0160281658172607,0.8559407591819763
20251022_133909.033743,0.9889162182807922,1.0161972045898438,0.8559381365776062
20251022_133909.044188,0.9891048669815063,1.0159684419631958,0.8559173941612244
20251022_133909.054407,0.9892916083335876,1.015908122062683,0.855922520160675
20251022_133909.064019,0.9896659851074219,1.0160279273986816,0.855940043926239
20251022_133909.074042,0.9897717237472534,1.0156993865966797,0.8559100031852722
20251022_133909.083737,0.9899620413780212,1.0156402587890625,0.8558844327926636
20251022_133909.094102,0.990175724029541,1.0155837535858154,0.8558862209320068
20251022_133909.104157,0.9903870224952698,1.0160127878189087,0.8558682203292847
20251022_133909.114397,0.9905557036399841,1.0160150527954102,0.855842113494873
20251022_133909.124279,0.9907210469245911,1.0160378217697144,0.8558164238929749
20251022_133909.134209,0.9909090399742126,1.0155566930770874,0.855808436870575
20251022_133909.144124,0.9911226630210876,1.0155613422393799,0.8557444214820862
20251022_133909.154228,0.991401195526123,1.0153952836990356,0.8557754755020142
20251022_133909.164196,0.9915839433670044,1.0153952836990356,0.8557590246200562
20251022_133909.174236,0.9918012619018555,1.015265703201294,0.8557848930358887
20251022_133909.184244,0.9919698238372803,1.0151020288467407,0.8557623624801636
20251022_133909.194545,0.9921431541442871,1.0150161981582642,0.8557119965553284
20251022_133909.204316,0.9923193454742432,1.0149139165878296,0.8556927442550659
20251022_133909.214281,0.9924805760383606,1.0148240327835083,0.8556516766548157
20251022_133909.224197,0.9926170110702515,1.0147966146469116,0.8556185364723206
20251022_133909.234259,0.992775022983551,1.0148385763168335,0.8555541038513184
20251022_133909.244429,0.992935836315155,1.014843225479126,0.8554521203041077
20251022_133909.254279,0.9930688738822937,1.014849305152893,0.8553596138954163
20251022_133909.264664,0.9932408332824707,1.0148504972457886,0.8553158640861511
20251022_133909.274492,0.9933699369430542,1.0148826837539673,0.8553047776222229
20251022_133909.284349,0.9934807419776917,1.0148751735687256,0.8552436232566833
20251022_133909.293822,0.9936102032661438,1.014830470085144,0.8551974892616272
20251022_133909.304394,0.9937900900840759,1.0147494077682495,0.8551856875419617
20251022_133909.314251,0.9939274787902832,1.0146867036819458,0.8551246523857117
20251022_133909.323744,0.9941126704216003,1.0145903825759888,0.855121910572052
20251022_133909.334176,0.9942428469657898,1.0146393775939941,0.8549726009368896
20251022_133909.344388,0.9943878054618835,1.0147122144699097,0.8548355102539062
20251022_133909.354275,0.994494616985321,1.0147186517715454,0.8548513054847717
20251022_133909.364273,0.9946338534355164,1.0147953033447266,0.8547070026397705
20251022_133909.373558,0.994735062122345,1.0147470235824585,0.8547224998474121
20251022_133909.384270,0.9948745965957642,1.0147680044174194,0.8545888662338257
20251022_133909.394229,0.9949584603309631,1.0147318840026855,0.8546150326728821
20251022_133909.404141,0.9950991272926331,1.0146795511245728,0.8545154929161072
20251022_133909.414009,0.9950560927391052,1.0149269104003906,0.8544939160346985
20251022_133909.424298,0.9953066110610962,1.0145213603973389,0.8544287085533142
20251022_133909.434327,0.9953953623771667,1.014471411705017,0.8543844819068909
20251022_133909.444183,0.9954911470413208,1.0144449472427368,0.8543209433555603
20251022_133909.453925,0.9955629110336304,1.0144068002700806,0.8542640209197998
20251022_133909.464204,0.9955628514289856,1.0146554708480835,0.854152262210846
20251022_133909.474623,0.9956464171409607,1.0146796703338623,0.8540995121002197
20251022_133909.484281,0.9957533478736877,1.0146498680114746,0.8540569543838501
20251022_133909.493978,0.9958435297012329,1.0146592855453491,0.8539712429046631
20251022_133909.504389,0.9959329962730408,1.0146362781524658,0.8539136052131653
20251022_133909.514179,0.996004045009613,1.0146028995513916,0.8538807034492493
20251022_133909.524166,0.9960986375808716,1.0145244598388672,0.8537765741348267
20251022_133909.533902,0.9961945414543152,1.0144213438034058,0.8537189364433289
20251022_133909.543753,0.9962825179100037,1.0143173933029175,0.8536758422851562
20251022_133909.554706,0.996435284614563,1.014452338218689,0.8536133170127869
20251022_133909.564228,0.9964995980262756,1.0143613815307617,0.8535730838775635
20251022_133909.574636,0.9965556859970093,1.0143276453018188,0.8535236120223999
20251022_133909.584355,0.9966199994087219,1.014275074005127,0.8534722924232483
20251022_133909.593963,0.99669349193573,1.0142219066619873,0.8534024357795715
20251022_133909.603727,0.9967722296714783,1.0142089128494263,0.8533413410186768
20251022_133909.613788,0.9968487024307251,1.0141761302947998,0.8533075451850891
20251022_133909.623848,0.9969403743743896,1.014143466949463,0.8532354831695557
20251022_133909.633938,0.9970247149467468,1.013675332069397,0.8532041311264038
20251022_133909.643740,0.9971686005592346,1.0133849382400513,0.8532832264900208
20251022_133909.653600,0.997236967086792,1.013257622718811,0.8532466888427734
20251022_133909.663645,0.9972999095916748,1.013145923614502,0.8531941175460815
20251022_133909.673853,0.9973611235618591,1.013081431388855,0.8531330823898315
20251022_133909.683935,0.997417151927948,1.0130220651626587,0.8530831336975098
20251022_133909.693767,0.9974624514579773,1.0129384994506836,0.853039562702179
20251022_133909.703725,0.997520923614502,1.0129398107528687,0.8529406189918518
20251022_133909.713764,0.9975918531417847,1.0129231214523315,0.852895200252533
20251022_133909.723780,0.9976670145988464,1.0128810405731201,0.8528401255607605
20251022_133909.733843,0.9977568984031677,1.0128545761108398,0.8527754545211792
20251022_133909.743651,0.9978907704353333,1.012925624847412,0.8526260852813721
20251022_133909.753835,0.997954785823822,1.012912631034851,0.8525705337524414
20251022_133909.764398,0.9977821111679077,1.0141339302062988,0.852048397064209
20251022_133909.774489,0.9978201389312744,1.014054536819458,0.8520605564117432
20251022_133909.783949,0.9981114268302917,1.0131815671920776,0.8520645499229431
20251022_133909.793943,0.9981687068939209,1.012779951095581,0.8523482084274292
20251022_133909.804139,0.9982393980026245,1.0126862525939941,0.8522965312004089
20251022_133909.814047,0.9983020424842834,1.0125981569290161,0.8522560000419617
20251022_133909.824361,0.9983700513839722,1.0125590562820435,0.852199912071228
20251022_133909.834307,0.998481810092926,1.0126066207885742,0.8521628975868225
20251022_133909.844188,0.9985347986221313,1.0126802921295166,0.8520963191986084
20251022_133909.854043,0.9986706376075745,1.0127592086791992,0.8520686626434326
20251022_133909.864249,0.998759388923645,1.0127629041671753,0.8520117402076721
20251022_133909.874275,0.998831033706665,1.0127792358398438,0.8519505858421326
20251022_133909.884338,0.9989058971405029,1.0127655267715454,0.8518984317779541
20251022_133909.894165,0.998991847038269,1.012685775756836,0.851847231388092
20251022_133909.904142,0.9990785717964172,1.0126608610153198,0.8517966866493225
20251022_133909.914143,0.9991562962532043,1.0126564502716064,0.8517419695854187
20251022_133909.923945,0.9992199540138245,1.012609839439392,0.8517045378684998
20251022_133909.934323,0.9992898106575012,1.0125646591186523,0.8516443967819214
20251022_133909.944009,0.999334454536438,1.0125635862350464,0.8515806198120117
20251022_133909.954174,0.9993962049484253,1.0126384496688843,0.8515096306800842
20251022_133909.963939,0.9994724988937378,1.0127081871032715,0.8514156937599182
20251022_133909.973929,0.9995357394218445,1.012779712677002,0.8513475656509399
20251022_133909.983834,0.9996124505996704,1.0129483938217163,0.851069450378418
20251022_133909.993810,0.9996569156646729,1.012916922569275,0.8511579036712646
20251022_133910.003626,0.9997250437736511,1.0129693746566772,0.8510826826095581
20251022_133910.014007,0.9997906684875488,1.0129822492599487,0.851040244102478
20251022_133910.023878,0.9998462796211243,1.0130175352096558,0.8509883284568787
20251022_133910.033914,0.9999097585678101,1.0130459070205688,0.8509108424186707
20251022_133910.043812,0.9999595880508423,1.0130770206451416,0.8508278131484985
20251022_133910.053859,1.0000094175338745,1.0130925178527832,0.850772500038147
20251022_133910.063936,1.0000501871109009,1.0131089687347412,0.8506934642791748
20251022_133910.073874,1.0000814199447632,1.0131362676620483,0.8506437540054321
20251022_133910.083872,1.0001306533813477,1.0133256912231445,0.8504000306129456
20251022_133910.093867,1.0001643896102905,1.0133874416351318,0.8503567576408386
20251022_133910.103896,1.0002061128616333,1.0133960247039795,0.8502447009086609
20251022_133910.113827,1.0002175569534302,1.0133469104766846,0.850307285785675
20251022_133910.124221,1.0002591609954834,1.0134718418121338,0.8501308560371399
20251022_133910.133862,1.0002825260162354,1.0134856700897217,0.850203812122345
20251022_133910.143834,1.0003126859664917,1.01353120803833,0.8501200675964355
20251022_133910.153844,1.0003525018692017,1.0135772228240967,0.8500719666481018
20251022_133910.163801,1.000369906425476,1.013659119606018,0.8499947786331177
20251022_133910.174046,1.000378966331482,1.013717770576477,0.8499125242233276
20251022_133910.184484,1.00041663646698,1.0137437582015991,0.8498579263687134
20251022_133910.194436,1.0004003047943115,1.0138336420059204,0.8498067259788513
20251022_133910.204349,1.0004382133483887,1.0139756202697754,0.8496319651603699
20251022_133910.214550,1.0004477500915527,1.0140345096588135,0.8495638966560364
20251022_133910.224064,1.0004478693008423,1.0139272212982178,0.8496341109275818
20251022_133910.233935,1.0004565715789795,1.0138782262802124,0.849598228931427
20251022_133910.243940,1.0004740953445435,1.0138614177703857,0.8495367765426636
20251022_133910.254082,1.0004804134368896,1.0139223337173462,0.8494825959205627
20251022_133910.264081,1.0004827976226807,1.0140050649642944,0.8494267463684082
20251022_133910.274212,1.000471830368042,1.014138102531433,0.8493555784225464
20251022_133910.284241,1.000435709953308,1.0142821073532104,0.8492192625999451
20251022_133910.294163,1.0004479885101318,1.014421820640564,0.8490911722183228
20251022_133910.304546,1.0004665851593018,1.0145007371902466,0.8490028381347656
20251022_133910.314289,1.000476598739624,1.014517068862915,0.8489991426467896
20251022_133910.324185,1.0004595518112183,1.0146225690841675,0.8488947749137878
20251022_133910.334156,1.000443696975708,1.0146660804748535,0.8488571047782898
20251022_133910.344253,1.0004358291625977,1.0146185159683228,0.8488281965255737
20251022_133910.354114,1.0004281997680664,1.014588713645935,0.8487773537635803
20251022_133910.364053,1.0004161596298218,1.014580249786377,0.8487297892570496
20251022_133910.374245,1.0003777742385864,1.0145783424377441,0.8486579060554504
20251022_133910.384040,1.0003567934036255,1.0146256685256958,0.848613440990448
20251022_133910.394034,1.0003352165222168,1.0146901607513428,0.8485504984855652
20251022_133910.403994,1.00032639503479,1.0147058963775635,0.848476231098175
20251022_133910.414005,1.0003056526184082,1.0147621631622314,0.8484069108963013
20251022_133910.424067,1.0002738237380981,1.014837384223938,0.8483304381370544
20251022_133910.433974,1.0002384185791016,1.0149098634719849,0.8482891321182251
20251022_133910.444418,1.0002098083496094,1.0149680376052856,0.848236083984375
20251022_133910.454155,1.0001840591430664,1.0149389505386353,0.848185658454895
20251022_133910.464162,1.0001585483551025,1.0149081945419312,0.8481605648994446
20251022_133910.474592,1.000133752822876,1.0148608684539795,0.848124086856842
20251022_133910.484396,1.00010347366333,1.014869213104248,0.8480640649795532
20251022_133910.494253,1.0000206232070923,1.0149465799331665,0.8480082154273987
20251022_133910.504326,0.9999715089797974,1.0149942636489868,0.8479655981063843
20251022_133910.514395,0.999923586845398,1.0149950981140137,0.8479117751121521
20251022_133910.524264,0.9998645186424255,1.0149937868118286,0.8478608131408691
20251022_133910.534116,0.9998133778572083,1.014962911605835,0.8478162884712219
20251022_133910.544217,0.9997448325157166,1.0149714946746826,0.8477689623832703
20251022_133910.554205,0.9996644854545593,1.0149623155593872,0.8477662205696106
20251022_133910.564266,0.9995921850204468,1.0149741172790527,0.8477293252944946
20251022_133910.574543,0.9995217323303223,1.0149812698364258,0.8477157950401306
20251022_133910.584327,0.9994626641273499,1.0149425268173218,0.8476612567901611
20251022_133910.594251,0.9994096755981445,1.0149104595184326,0.8476390242576599
20251022_133910.604406,0.9992384314537048,1.015097975730896,0.8475027680397034
20251022_133910.614381,0.9991544485092163,1.0151422023773193,0.8474746346473694
20251022_133910.624315,0.9990664124488831,1.0152519941329956,0.8474090695381165
20251022_133910.634410,0.9989830851554871,1.0153554677963257,0.8473824858665466
20251022_133910.644147,0.9988937377929688,1.015415072441101,0.8473384976387024
20251022_133910.653771,0.9987990856170654,1.015439748764038,0.8473032712936401
20251022_133910.664308,0.9986990094184875,1.0154893398284912,0.8472553491592407
20251022_133910.674597,0.9984622001647949,1.0158774852752686,0.8471736311912537
20251022_133910.684391,0.9983569979667664,1.015873908996582,0.8471619486808777
20251022_133910.693827,0.998393714427948,1.0154831409454346,0.847206175327301
20251022_133910.703620,0.9982638955116272,1.0154446363449097,0.8472301959991455
20251022_133910.713877,0.9981518983840942,1.0154341459274292,0.8471865057945251
20251022_133910.723795,0.9980446696281433,1.0154098272323608,0.847176730632782
20251022_133910.733860,0.9978607296943665,1.015395998954773,0.8472023010253906
20251022_133910.743814,0.9977115988731384,1.0154037475585938,0.8471038341522217
20251022_133910.753855,0.997565507888794,1.0153728723526,0.8470512628555298
20251022_133910.763818,0.9974303245544434,1.0153595209121704,0.8470891714096069
20251022_133910.774068,0.9972808957099915,1.015438437461853,0.8470565676689148
20251022_133910.784081,0.996707558631897,1.0163884162902832,0.8470281958580017
20251022_133910.793783,0.9965733289718628,1.016420841217041,0.8470544219017029
20251022_133910.804256,0.9963952898979187,1.0164153575897217,0.847038984298706
20251022_133910.813790,0.9962440729141235,1.0163792371749878,0.8470624089241028
20251022_133910.823805,0.9961047172546387,1.0163649320602417,0.8470494151115417
20251022_133910.833728,0.9959505796432495,1.0163843631744385,0.8470392823219299
20251022_133910.843752,0.9959162473678589,1.0166186094284058,0.847064733505249
20251022_133910.853822,0.9957581162452698,1.016644835472107,0.8471278548240662
20251022_133910.863975,0.9954836964607239,1.0164189338684082,0.847033679485321
20251022_133910.874024,0.9953558444976807,1.0163198709487915,0.8471167087554932
20251022_133910.883777,0.9951875805854797,1.0162919759750366,0.8471061587333679
20251022_133910.893752,0.9950403571128845,1.0162606239318848,0.847100555896759
20251022_133910.903892,0.9948586821556091,1.016276478767395,0.8470984101295471
20251022_133910.913802,0.9946459531784058,1.0162684917449951,0.8471261858940125
20251022_133910.924470,0.9941530227661133,1.0166611671447754,0.8471184372901917
20251022_133910.933856,0.993986189365387,1.0166175365447998,0.8471242785453796
20251022_133910.943900,0.9941157102584839,1.0161927938461304,0.8471148610115051
20251022_133910.953842,0.9941341280937195,1.0159260034561157,0.8470529317855835
20251022_133910.963786,0.99409019947052,1.015255093574524,0.8471628427505493
20251022_133910.974014,0.9937460422515869,1.0158995389938354,0.8470054864883423
20251022_133910.983835,0.993557870388031,1.0158565044403076,0.8470008969306946
20251022_133910.993871,0.9933618307113647,1.0157687664031982,0.8470039963722229
20251022_133911.003738,0.9931461811065674,1.0157142877578735,0.8470110893249512
20251022_133911.014041,0.9929273128509521,1.0156455039978027,0.8469763994216919
20251022_133911.023887,0.9927260279655457,1.0155690908432007,0.8469695448875427
20251022_133911.033794,0.9925600290298462,1.0155115127563477,0.8469211459159851
20251022_133911.043877,0.9923183917999268,1.0153419971466064,0.8469509482383728
20251022_133911.053876,0.9922754764556885,1.0148602724075317,0.8471025824546814
20251022_133911.063756,0.9919360280036926,1.0151342153549194,0.8469558954238892
20251022_133911.074101,0.9917412996292114,1.0150561332702637,0.8469564318656921
20251022_133911.083889,0.9916251301765442,1.014699935913086,0.8470166921615601
20251022_133911.093739,0.9913980960845947,1.0145162343978882,0.8470327854156494
20251022_133911.103911,0.9910754561424255,1.0141345262527466,0.8470200896263123
20251022_133911.114262,0.9907743334770203,1.0139522552490234,0.8470224738121033
20251022_133911.123812,0.9905328154563904,1.0138593912124634,0.8469899892807007
20251022_133911.133870,0.9903277158737183,1.013790488243103,0.8469999432563782
20251022_133911.143770,0.9900802969932556,1.0137405395507812,0.8469460606575012
20251022_133911.153785,0.9898442625999451,1.0136085748672485,0.8469433784484863
20251022_133911.163879,0.9895848035812378,1.0134791135787964,0.8468873500823975
20251022_133911.173802,0.9893646836280823,1.0133507251739502,0.8468469977378845
20251022_133911.183810,0.989130437374115,1.0133014917373657,0.8468347787857056
20251022_133911.193894,0.9888949394226074,1.0132489204406738,0.8468309044837952
20251022_133911.203827,0.988656759262085,1.013208270072937,0.8468323349952698
20251022_133911.213861,0.988398551940918,1.013146996498108,0.8468483686447144
20251022_133911.224538,0.9882696866989136,1.0131908655166626,0.8469170331954956
20251022_133911.233931,0.9880550503730774,1.0130584239959717,0.8469348549842834
20251022_133911.243832,0.9876775741577148,1.0127294063568115,0.8469148278236389
20251022_133911.253771,0.9874604940414429,1.0126515626907349,0.846906304359436
20251022_133911.263867,0.9872154593467712,1.0126135349273682,0.8468576073646545
20251022_133911.273945,0.9869877099990845,1.0125854015350342,0.8468363881111145
20251022_133911.284058,0.9867362380027771,1.0124906301498413,0.8468490242958069
20251022_133911.293838,0.986497700214386,1.0124130249023438,0.8468244075775146
20251022_133911.303904,0.9862419366836548,1.0123634338378906,0.8467867970466614
20251022_133911.313873,0.9859923720359802,1.0123248100280762,0.8467608690261841
20251022_133911.323949,0.9856125712394714,1.0125678777694702,0.8467313051223755
20251022_133911.334369,0.985486626625061,1.0120149850845337,0.8469333052635193
20251022_133911.344276,0.9852609038352966,1.0119572877883911,0.846896767616272
20251022_133911.354127,0.9850217700004578,1.0119104385375977,0.8468831777572632
20251022_133911.364160,0.9847514033317566,1.0118228197097778,0.8469037413597107
20251022_133911.374406,0.9845066070556641,1.0117288827896118,0.8469221591949463
20251022_133911.384443,0.9842051863670349,1.0115891695022583,0.8469184041023254
20251022_133911.393936,0.9839812517166138,1.0117120742797852,0.8468871116638184
20251022_133911.403573,0.9837400317192078,1.0113675594329834,0.846895158290863
20251022_133911.413805,0.9835357666015625,1.01130211353302,0.8468776941299438
20251022_133911.424222,0.9833024144172668,1.0112577676773071,0.846876859664917
20251022_133911.433947,0.9826515316963196,1.0121484994888306,0.8467570543289185
20251022_133911.443752,0.9824494123458862,1.0120326280593872,0.8467385172843933
20251022_133911.453782,0.9822336435317993,1.0119448900222778,0.8467031121253967
20251022_133911.464411,0.9819640517234802,1.011812448501587,0.8466979265213013
20251022_133911.474676,0.9817396402359009,1.0117473602294922,0.8466755747795105
20251022_133911.484211,0.9815101027488708,1.011716604232788,0.8466443419456482
20251022_133911.494322,0.9813066124916077,1.0116442441940308,0.8466377258300781
20251022_133911.504074,0.9810315370559692,1.0115586519241333,0.8466514348983765
20251022_133911.514379,0.9812260270118713,1.010802984237671,0.8464905619621277
20251022_133911.524097,0.9809564352035522,1.0103532075881958,0.8467638492584229
20251022_133911.534295,0.9807220101356506,1.0105738639831543,0.8464207053184509
20251022_133911.544280,0.9805165529251099,1.010117769241333,0.8467196226119995
20251022_133911.554199,0.9803025126457214,1.010361671447754,0.8463964462280273
20251022_133911.564326,0.9800835251808167,1.0098341703414917,0.8467279076576233
20251022_133911.574586,0.9798691272735596,1.0095804929733276,0.846762478351593
20251022_133911.584559,0.9796380400657654,1.0097254514694214,0.8464144468307495
20251022_133911.594351,0.9794171452522278,1.0092092752456665,0.8467490673065186
20251022_133911.604852,0.9791949987411499,1.0090428590774536,0.8467538952827454
20251022_133911.614342,0.9789632558822632,1.0088813304901123,0.8467152714729309
20251022_133911.624606,0.9787547588348389,1.0087014436721802,0.8467308282852173
20251022_133911.634408,0.9784685969352722,1.0086246728897095,0.8467113971710205
20251022_133911.644397,0.9782893061637878,1.0083097219467163,0.8467845916748047
20251022_133911.654213,0.9780681729316711,1.0081825256347656,0.8467822074890137
20251022_133911.664230,0.9776911735534668,1.0081684589385986,0.8467332720756531
20251022_133911.674304,0.9774937033653259,1.0080562829971313,0.8467196822166443
20251022_133911.683958,0.977268636226654,1.0079827308654785,0.8467093110084534
20251022_133911.693842,0.9770379066467285,1.0078867673873901,0.846684992313385
20251022_133911.704067,0.9768124222755432,1.0078277587890625,0.8466882705688477
20251022_133911.713820,0.976582944393158,1.007753849029541,0.846694827079773
20251022_133911.723918,0.9763249158859253,1.0077335834503174,0.8466553092002869
20251022_133911.734367,0.9760855436325073,1.007643699645996,0.8466644883155823
20251022_133911.744079,0.9758446216583252,1.0075311660766602,0.8466646075248718
20251022_133911.754337,0.9755942225456238,1.0074243545532227,0.8466970920562744
20251022_133911.763955,0.9753249287605286,1.0073410272598267,0.8467044234275818
20251022_133911.774156,0.9750703573226929,1.0072916746139526,0.8467456102371216
20251022_133911.783985,0.9748135805130005,1.007204294204712,0.8467592597007751
20251022_133911.794277,0.9744996428489685,1.0070860385894775,0.8468132019042969
20251022_133911.804137,0.9741779565811157,1.0069842338562012,0.8467825651168823
20251022_133911.813959,0.9739371538162231,1.0068721771240234,0.8467933535575867
20251022_133911.824309,0.973668098449707,1.0071384906768799,0.8464595675468445
20251022_133911.834036,0.9733890891075134,1.006683349609375,0.846929132938385
20251022_133911.844132,0.9731044769287109,1.0066711902618408,0.8468939065933228
20251022_133911.853967,0.9728148579597473,1.0065921545028687,0.8470277786254883
20251022_133911.863956,0.9724788665771484,1.0065574645996094,0.8470243811607361
20251022_133911.874375,0.9721586108207703,1.0065134763717651,0.8470243811607361
20251022_133911.884000,0.9718537330627441,1.0064408779144287,0.8470586538314819
20251022_133911.894089,0.9715204238891602,1.0063711404800415,0.8470863699913025
20251022_133911.904151,0.971226692199707,1.0062735080718994,0.8471232056617737
20251022_133911.914025,0.9706512689590454,1.0065410137176514,0.8470511436462402
20251022_133911.924057,0.9705019593238831,1.0060824155807495,0.8471733331680298
20251022_133911.934010,0.9701526761054993,1.0059791803359985,0.8472285270690918
20251022_133911.944016,0.9698273539543152,1.005894660949707,0.8472657203674316
20251022_133911.954146,0.9695038795471191,1.0058170557022095,0.847293496131897
20251022_133911.964060,0.9691836833953857,1.005738377571106,0.8473094701766968
20251022_133911.974385,0.968839704990387,1.0056928396224976,0.8473625779151917
20251022_133911.984219,0.9684375524520874,1.0057710409164429,0.8472311496734619
20251022_133911.994372,0.9680857062339783,1.0057302713394165,0.8472830653190613
20251022_133912.004062,0.9677013754844666,1.005722165107727,0.8473320007324219
20251022_133912.014199,0.9673541188240051,1.0058045387268066,0.8473798036575317
20251022_133912.024006,0.9670313000679016,1.0057249069213867,0.8474211096763611
20251022_133912.034047,0.966661274433136,1.005661129951477,0.8474843502044678
20251022_133912.044069,0.966310441493988,1.0055710077285767,0.8475507497787476
20251022_133912.053962,0.9659711122512817,1.0055186748504639,0.8476175665855408
20251022_133912.064320,0.9653645753860474,1.0058943033218384,0.847686231136322
20251022_133912.074392,0.9650236964225769,1.0058834552764893,0.8477288484573364
20251022_133912.084158,0.9647701978683472,1.005154013633728,0.8479354977607727
20251022_133912.094033,0.9643803834915161,1.0050722360610962,0.8479709625244141
20251022_133912.103964,0.9639752507209778,1.0050294399261475,0.8480158448219299
20251022_133912.114042,0.963350772857666,1.0053457021713257,0.8480252027511597
20251022_133912.124177,0.9631561636924744,1.004949927330017,0.8481616377830505
20251022_133912.134014,0.9627785086631775,1.004933476448059,0.8482262492179871
20251022_133912.143972,0.9624022841453552,1.004947543144226,0.8482999205589294
20251022_133912.153962,0.962055504322052,1.0048913955688477,0.8483808636665344
20251022_133912.163988,0.9616987705230713,1.0048528909683228,0.8484296798706055
20251022_133912.174288,0.9611314535140991,1.0060828924179077,0.8480955362319946
20251022_133912.184125,0.9607779383659363,1.0060687065124512,0.8481845259666443
20251022_133912.194093,0.9603777527809143,1.0060712099075317,0.8482705950737
20251022_133912.204150,0.9601964354515076,1.0051753520965576,0.8484389781951904
20251022_133912.214104,0.9596609473228455,1.0052204132080078,0.8483923673629761
20251022_133912.224382,0.9593597054481506,1.005072832107544,0.8485188484191895
20251022_133912.234295,0.9590221047401428,1.00491464138031,0.8487123847007751
20251022_133912.244206,0.9586966037750244,1.004541039466858,0.8491536378860474
20251022_133912.254426,0.9583765864372253,1.0044595003128052,0.8492609262466431
20251022_133912.264108,0.9580109119415283,1.0043715238571167,0.8493422865867615
20251022_133912.274377,0.9576378464698792,1.0044441223144531,0.8494291305541992
20251022_133912.284251,0.9572767615318298,1.0043531656265259,0.8496525883674622
20251022_133912.294274,0.9569188356399536,1.0042815208435059,0.8497442603111267
20251022_133912.304306,0.9563925862312317,1.0042086839675903,0.8498286008834839
20251022_133912.314198,0.9560205936431885,1.0041911602020264,0.8499433994293213
20251022_133912.324344,0.9557225704193115,1.0041340589523315,0.8501551747322083
20251022_133912.334149,0.9553586840629578,1.0041121244430542,0.8502786159515381
20251022_133912.344243,0.9550155997276306,1.00413179397583,0.8504084944725037
20251022_133912.354096,0.9546542763710022,1.0041779279708862,0.8505200743675232
20251022_133912.364093,0.9541205167770386,1.0054244995117188,0.85025554895401
20251022_133912.374479,0.9540109634399414,1.0041816234588623,0.8508016467094421
20251022_133912.384379,0.9537673592567444,1.004712462425232,0.8506272435188293
20251022_133912.394234,0.9533612728118896,1.004428744316101,0.8507264852523804
20251022_133912.404535,0.9530003666877747,1.0044093132019043,0.8508963584899902
20251022_133912.414155,0.9525852203369141,1.0045037269592285,0.8509494662284851
20251022_133912.424442,0.9521872997283936,1.0045777559280396,0.8510208129882812
20251022_133912.434367,0.9517866969108582,1.0050873756408691,0.8511022925376892
20251022_133912.444210,0.9515111446380615,1.004292368888855,0.8515783548355103
20251022_133912.454095,0.9512265920639038,1.0042729377746582,0.851733922958374
20251022_133912.464365,0.9509152173995972,1.0042372941970825,0.8519092798233032
20251022_133912.474556,0.9505913257598877,1.0042822360992432,0.8520364165306091
20251022_133912.484490,0.9502524733543396,1.0043020248413086,0.8522082567214966
20251022_133912.494270,0.9499596953392029,1.0043226480484009,0.8523316979408264
20251022_133912.503681,0.9496591687202454,1.0042917728424072,0.8524965643882751
20251022_133912.514332,0.9493573307991028,1.0041862726211548,0.8528090119361877
20251022_133912.524240,0.9490580558776855,1.0041788816452026,0.8529931306838989
20251022_133912.534167,0.9487691521644592,1.0041812658309937,0.853165864944458
20251022_133912.544189,0.948364794254303,1.0042158365249634,0.8533028364181519
20251022_133912.554026,0.94808030128479,1.0042132139205933,0.8534775376319885
20251022_133912.564204,0.9477565884590149,1.0041656494140625,0.8536767959594727
20251022_133912.574324,0.9474524259567261,1.0042140483856201,0.8538296222686768
20251022_133912.584236,0.9471805691719055,1.004254937171936,0.8540099263191223
20251022_133912.594103,0.9469165802001953,1.0043017864227295,0.8542370796203613
20251022_133912.603478,0.9466552734375,1.0042628049850464,0.854425311088562
20251022_133912.614096,0.9463827013969421,1.0042493343353271,0.8546069264411926
20251022_133912.624645,0.9461353421211243,1.0042415857315063,0.8548043966293335
20251022_133912.634303,0.9458844661712646,1.004218578338623,0.8550432920455933
20251022_133912.644293,0.9456343650817871,1.0042623281478882,0.8552698493003845
20251022_133912.654337,0.9453766345977783,1.0042767524719238,0.8554643988609314
20251022_133912.664421,0.9451233744621277,1.004231333732605,0.8556637167930603
20251022_133912.674399,0.9448735117912292,1.0041677951812744,0.855940580368042
20251022_133912.684234,0.9445999264717102,1.0041203498840332,0.8561227917671204
20251022_133912.694479,0.944277286529541,1.0041214227676392,0.8563395142555237
20251022_133912.704307,0.9440369606018066,1.0041383504867554,0.8565847873687744
20251022_133912.714173,0.9438013434410095,1.0041589736938477,0.8568090796470642
20251022_133912.724410,0.9435734748840332,1.004095435142517,0.8570355772972107
20251022_133912.734343,0.9433785080909729,1.0040078163146973,0.8572468757629395
20251022_133912.744498,0.943180501461029,1.0039587020874023,0.8574425578117371
20251022_133912.754335,0.942995011806488,1.003953456878662,0.8576501607894897
20251022_133912.764330,0.9427844882011414,1.004046082496643,0.8578741550445557
20251022_133912.773923,0.9425835609436035,1.004059076309204,0.858123242855072
20251022_133912.784156,0.9424104690551758,1.0041165351867676,0.8583659529685974
20251022_133912.794166,0.9422248005867004,1.0041041374206543,0.8585792183876038
20251022_133912.804231,0.9420590400695801,1.004077434539795,0.8587832450866699
20251022_133912.814419,0.9419129490852356,1.0040708780288696,0.8590390682220459
20251022_133912.823815,0.9417517781257629,1.0041332244873047,0.8592382669448853
20251022_133912.834392,0.9416056871414185,1.0042016506195068,0.859452486038208
20251022_133912.843783,0.9414695501327515,1.004213809967041,0.8596557378768921
20251022_133912.853961,0.941332221031189,1.0042057037353516,0.8598647117614746
20251022_133912.864085,0.9411632418632507,1.0042113065719604,0.8600748777389526
20251022_133912.874566,0.9410467147827148,1.004243016242981,0.8602780699729919
20251022_133912.884231,0.9408941268920898,1.0041930675506592,0.8606226444244385
20251022_133912.894381,0.9407697319984436,1.0041993856430054,0.8608464002609253
20251022_133912.903877,0.9406604170799255,1.0041959285736084,0.8610445261001587
20251022_133912.913894,0.9405683279037476,1.0041683912277222,0.8612755537033081
20251022_133912.924384,0.9404678344726562,1.0041630268096924,0.8615320324897766
20251022_133912.934229,0.9403757452964783,1.0041725635528564,0.8617293238639832
20251022_133912.944273,0.9403689503669739,1.0044023990631104,0.861973226070404
20251022_133912.954345,0.9402477145195007,1.004403829574585,0.8621553182601929
20251022_133912.964263,0.9402361512184143,1.0043600797653198,0.8624505996704102
20251022_133912.974568,0.9400612115859985,1.0040011405944824,0.8626549243927002
20251022_133912.984239,0.9399510025978088,1.0039664506912231,0.8628158569335938
20251022_133912.994326,0.9398850798606873,1.0040215253829956,0.8630264401435852
20251022_133913.004577,0.9398391246795654,1.0040888786315918,0.8631722927093506
20251022_133913.014457,0.9398114681243896,1.0040748119354248,0.8633866906166077
20251022_133913.024234,0.939771831035614,1.004045844078064,0.8635817766189575
20251022_133913.034006,0.9397260546684265,1.0040191411972046,0.863788902759552
20251022_133913.044273,0.9397014379501343,1.003936529159546,0.8640374541282654
20251022_133913.054490,0.9396815896034241,1.003970980644226,0.8641369938850403
20251022_133913.064306,0.9396852850914001,1.0040100812911987,0.864301860332489
20251022_133913.073938,0.9396663904190063,1.003998875617981,0.8644681572914124
20251022_133913.084345,0.9396467804908752,1.0039730072021484,0.8646109700202942
20251022_133913.094425,0.9396969079971313,1.0039277076721191,0.8647854328155518
20251022_133913.103590,0.9397201538085938,1.0039284229278564,0.8649779558181763
20251022_133913.114147,0.93974769115448,1.0039269924163818,0.8651382327079773
20251022_133913.124188,0.9397397637367249,1.0038902759552002,0.8654517531394958
20251022_133913.134216,0.939743161201477,1.0039196014404297,0.8655960559844971
20251022_133913.144356,0.9398141503334045,1.003916621208191,0.8657492399215698
20251022_133913.154012,0.9398602843284607,1.0038942098617554,0.8659742474555969
20251022_133913.164230,0.9399360418319702,1.0039288997650146,0.8661365509033203
20251022_133913.174454,0.9399983286857605,1.0040799379348755,0.8661012649536133
20251022_133913.184213,0.9399526119232178,1.0040242671966553,0.8662394285202026
20251022_133913.194193,0.9400473833084106,1.0039726495742798,0.8665253520011902
20251022_133913.204125,0.940091073513031,1.0039340257644653,0.8666962385177612
20251022_133913.214181,0.940117597579956,1.0039290189743042,0.8668288588523865
20251022_133913.223938,0.9401976466178894,1.0038892030715942,0.8669577836990356
20251022_133913.234334,0.9402619004249573,1.003908395767212,0.8670811653137207
20251022_133913.244193,0.9403120279312134,1.0039088726043701,0.8672083616256714
20251022_133913.254073,0.9404005408287048,1.0038563013076782,0.8673527836799622
20251022_133913.264051,0.9405073523521423,1.0038588047027588,0.8674635887145996
20251022_133913.274343,0.9405744075775146,1.003914475440979,0.8675971031188965
20251022_133913.284192,0.9406518340110779,1.0039498805999756,0.8677090406417847
20251022_133913.294224,0.9407298564910889,1.0040181875228882,0.8678135871887207
20251022_133913.304269,0.9408235549926758,1.004050374031067,0.8679255247116089
20251022_133913.314295,0.9409139752388,1.0040204524993896,0.8680203557014465
20251022_133913.324133,0.9410081505775452,1.0039997100830078,0.8681195974349976
20251022_133913.334254,0.9411102533340454,1.0039976835250854,0.8682336807250977
20251022_133913.343928,0.9412225484848022,1.003981590270996,0.8683618903160095
20251022_133913.353599,0.9413127303123474,1.0039595365524292,0.868477463722229
20251022_133913.364027,0.9414021968841553,1.0039585828781128,0.8685696721076965
20251022_133913.374234,0.9415102601051331,1.0039305686950684,0.8686632513999939
20251022_133913.384207,0.9416825175285339,1.0037673711776733,0.8688318729400635
20251022_133913.394066,0.9417959451675415,1.0037548542022705,0.8689128756523132
20251022_133913.404048,0.9419202208518982,1.0037845373153687,0.8690447211265564
20251022_133913.413932,0.94200599193573,1.003816843032837,0.8691979050636292
20251022_133913.424336,0.942111611366272,1.0038315057754517,0.8692708611488342
20251022_133913.434401,0.9422054886817932,1.0038292407989502,0.8693441152572632
20251022_133913.444399,0.942327082157135,1.0038493871688843,0.8694053888320923
20251022_133913.454254,0.9424552917480469,1.0038493871688843,0.8694793581962585
20251022_133913.464348,0.9425674080848694,1.0038617849349976,0.8695909976959229
20251022_133913.474647,0.9426615238189697,1.0038526058197021,0.8697018027305603
20251022_133913.484026,0.9427646398544312,1.0038343667984009,0.8697953224182129
20251022_133913.494416,0.9429096579551697,1.0037994384765625,0.8698956370353699
20251022_133913.504332,0.9430376291275024,1.0037909746170044,0.8699432611465454
20251022_133913.514143,0.9431449770927429,1.0038470029830933,0.8700155019760132
20251022_133913.524290,0.9433549046516418,1.0039423704147339,0.8701221942901611
20251022_133913.534237,0.9434643387794495,1.0039740800857544,0.8702704906463623
20251022_133913.544089,0.943538248538971,1.0040245056152344,0.8702698349952698
20251022_133913.553859,0.9436514973640442,1.0040266513824463,0.870332658290863
20251022_133913.564120,0.9437969326972961,1.0040332078933716,0.8703797459602356
20251022_133913.573898,0.9439016580581665,1.0041123628616333,0.870456337928772
20251022_133913.584204,0.944044291973114,1.0042145252227783,0.8706398606300354
20251022_133913.594103,0.9441401958465576,1.00434148311615,0.8706808686256409
20251022_133913.603689,0.9442341327667236,1.004409909248352,0.8707336783409119
20251022_133913.614160,0.9443235397338867,1.0044265985488892,0.8707919716835022
20251022_133913.624463,0.9444228410720825,1.0044631958007812,0.8708345890045166
20251022_133913.633973,0.9445162415504456,1.0045223236083984,0.8708824515342712
20251022_133913.644176,0.944598376750946,1.0046496391296387,0.8709270358085632
20251022_133913.654532,0.9446883201599121,1.0047621726989746,0.8709654808044434
20251022_133913.664360,0.9447728991508484,1.0048472881317139,0.8710156083106995
20251022_133913.674189,0.9448710680007935,1.004910945892334,0.871032178401947
20251022_133913.683956,0.9449498653411865,1.0049769878387451,0.871088445186615
20251022_133913.694594,0.9450703263282776,1.0050828456878662,0.8711208701133728
20251022_133913.704460,0.9451656341552734,1.0052227973937988,0.8711451888084412
20251022_133913.714066,0.9452688694000244,1.0053380727767944,0.8711820244789124
20251022_133913.724472,0.9453694820404053,1.0053995847702026,0.8711889982223511
20251022_133913.734202,0.9454650282859802,1.0054574012756348,0.8711920976638794
20251022_133913.743972,0.945558488368988,1.0055534839630127,0.8711841106414795
20251022_133913.754041,0.9456367492675781,1.0056685209274292,0.8711916208267212
20251022_133913.763998,0.9457070827484131,1.0057553052902222,0.8712018132209778
20251022_133913.774167,0.9457501173019409,1.0058850049972534,0.8712207078933716
20251022_133913.784146,0.9458574056625366,1.0059939622879028,0.8712031841278076
20251022_133913.794076,0.9459472894668579,1.0060149431228638,0.8712189793586731
20251022_133913.803540,0.9460883736610413,1.006064534187317,0.871242344379425
20251022_133913.813955,0.9461807608604431,1.0061262845993042,0.8712649345397949
20251022_133913.824165,0.9462321996688843,1.0062183141708374,0.8712511658668518
20251022_133913.834322,0.9463208913803101,1.0062941312789917,0.8712502121925354
20251022_133913.844287,0.9464190006256104,1.0063447952270508,0.8712267279624939
20251022_133913.853779,0.9465766549110413,1.0066739320755005,0.8712284564971924
20251022_133913.864233,0.9465925693511963,1.0064724683761597,0.8711569905281067
20251022_133913.874580,0.9466530680656433,1.0065231323242188,0.8711456060409546
20251022_133913.884161,0.9467051029205322,1.0066436529159546,0.8710755109786987
20251022_133913.894306,0.9467513561248779,1.0067335367202759,0.871042013168335
20251022_133913.904278,0.9468008875846863,1.00681734085083,0.8709965348243713
20251022_133913.914164,0.9468433260917664,1.006906509399414,0.870958149433136
20251022_133913.924341,0.9468821883201599,1.0070167779922485,0.8709084391593933
20251022_133913.934463,0.9469307661056519,1.007091999053955,0.8708704113960266
20251022_133913.944519,0.9469684958457947,1.0072071552276611,0.8707101345062256
20251022_133913.954410,0.9469921588897705,1.0072909593582153,0.8706707954406738
20251022_133913.964523,0.9470284581184387,1.0073509216308594,0.870711088180542
20251022_133913.974535,0.9470517039299011,1.007447600364685,0.8705511093139648
20251022_133913.984086,0.9471122622489929,1.0074987411499023,0.8705660104751587
20251022_133913.993891,0.9471166133880615,1.0076096057891846,0.8704060912132263
20251022_133914.003892,0.9471539855003357,1.007646918296814,0.8703547716140747
20251022_133914.013903,0.9471611380577087,1.007676362991333,0.8703081011772156
20251022_133914.023745,0.9471787810325623,1.0077524185180664,0.8702678680419922
20251022_133914.033761,0.9471778273582458,1.0078258514404297,0.8701775670051575
20251022_133914.043832,0.9472078680992126,1.0078707933425903,0.8701467514038086
20251022_133914.054008,0.947230875492096,1.0079056024551392,0.8700858354568481
20251022_133914.063755,0.9472374320030212,1.0079643726348877,0.8699922561645508
20251022_133914.073870,0.9472623467445374,1.007999062538147,0.8699331879615784
20251022_133914.083837,0.9472692608833313,1.0080446004867554,0.8698568940162659
20251022_133914.094207,0.9472842812538147,1.0081003904342651,0.8697881698608398
20251022_133914.104044,0.9472994208335876,1.008131742477417,0.869716465473175
20251022_133914.114272,0.9473115801811218,1.0081779956817627,0.8696338534355164
20251022_133914.123884,0.9473218321800232,1.0082515478134155,0.8695647120475769
20251022_133914.133900,0.947324812412262,1.008316993713379,0.8694806694984436
20251022_133914.143811,0.9473267793655396,1.008341908454895,0.8693928718566895
20251022_133914.153933,0.9473295211791992,1.0083916187286377,0.8692979216575623
20251022_133914.163916,0.9473339319229126,1.0084095001220703,0.8692055940628052
20251022_133914.174003,0.9473221898078918,1.0084120035171509,0.8691357970237732
20251022_133914.183814,0.9473230242729187,1.0084288120269775,0.8690534234046936
20251022_133914.193864,0.9473241567611694,1.0085030794143677,0.8689075708389282
20251022_133914.203803,0.9473148584365845,1.0085927248001099,0.8687646985054016
20251022_133914.213830,0.9473134875297546,1.0086493492126465,0.868643581867218
20251022_133914.224384,0.9473173022270203,1.0086208581924438,0.8685538172721863
20251022_133914.233971,0.9473121166229248,1.0085842609405518,0.8684784173965454
20251022_133914.243795,0.9472891092300415,1.0085623264312744,0.8683974742889404
20251022_133914.253813,0.9472694396972656,1.0086002349853516,0.868306577205658
20251022_133914.263894,0.9472478628158569,1.0086325407028198,0.8682303428649902
20251022_133914.273803,0.9472349286079407,1.008660912513733,0.8681505918502808
20251022_133914.283891,0.9472122192382812,1.0086567401885986,0.8680520057678223
20251022_133914.293840,0.9472010135650635,1.0086655616760254,0.867963433265686
20251022_133914.303895,0.9471674561500549,1.0086588859558105,0.8678462505340576
20251022_133914.313846,0.9471584558486938,1.0086222887039185,0.867760419845581
20251022_133914.323880,0.9471385478973389,1.0085948705673218,0.8676761984825134
20251022_133914.334071,0.9470942616462708,1.0086159706115723,0.8675722479820251
20251022_133914.343863,0.9470769166946411,1.0085948705673218,0.867472231388092
20251022_133914.353787,0.947035014629364,1.0085766315460205,0.8673800230026245
20251022_133914.364017,0.9469934105873108,1.0085376501083374,0.8672926425933838
20251022_133914.373722,0.9469677209854126,1.008533239364624,0.8671922087669373
20251022_133914.383863,0.9469560980796814,1.008499026298523,0.8671044111251831
20251022_133914.393805,0.9470064043998718,1.008791208267212,0.8669440746307373
20251022_133914.403775,0.9469293355941772,1.0087939500808716,0.8667778372764587
20251022_133914.414051,0.9469015598297119,1.0087089538574219,0.8666581511497498
20251022_133914.423807,0.9468740820884705,1.008612871170044,0.8665795922279358
20251022_133914.433834,0.9468456506729126,1.008552074432373,0.8664840459823608
20251022_133914.443847,0.9468319416046143,1.0084507465362549,0.8664020299911499
20251022_133914.453562,0.9467807412147522,1.0083659887313843,0.8662949800491333
20251022_133914.463944,0.9466957449913025,1.008078694343567,0.8662287592887878
20251022_133914.474144,0.9466701745986938,1.0079967975616455,0.866158127784729
20251022_133914.484038,0.9466701745986938,1.007891297340393,0.8660665154457092
20251022_133914.494333,0.9466617107391357,1.0077720880508423,0.8659470677375793
20251022_133914.504333,0.9466378092765808,1.0077004432678223,0.8658564686775208
20251022_133914.514343,0.9466059803962708,1.0076183080673218,0.8657673597335815
20251022_133914.523838,0.9465811252593994,1.0075169801712036,0.865664005279541
20251022_133914.534101,0.946567177772522,1.0074161291122437,0.8655102252960205
20251022_133914.543745,0.9465368986129761,1.007270097732544,0.865414023399353
20251022_133914.553898,0.946429431438446,1.0071618556976318,0.8652907609939575
20251022_133914.563661,0.9463809728622437,1.0070922374725342,0.8651752471923828
20251022_133914.573836,0.9463667869567871,1.0069645643234253,0.8651020526885986
20251022_133914.583876,0.9463250041007996,1.006848692893982,0.8650015592575073
20251022_133914.593823,0.9463093876838684,1.006707787513733,0.8649196028709412
