time_s,x,y,z,x_error,y_error,z_error,yaw,pitch,roll,yaw_command,pitch_command,roll_command,thrust_command,pitch_cmd_p,pitch_cmd_i,pitch_cmd_d,roll_cmd_p,roll_cmd_i,roll_cmd_d,thrust_cmd_p,thrust_cmd_i,thrust_cmd_d
20251024_150256.995514,1.0108039379119873,0.06559181213378906,0.9875108003616333,-0.010803937911987305,0.9344081878662109,0.0124891996383667,0.4841461777687073,-179.7924346923828,-178.08555603027344,-0.4841461777687073,-0.10571041703224182,-0.07858972996473312,44000,-0.08117979764938354,-0.001865951344370842,-0.022664666175842285,-0.07022559642791748,-0.0014952978817746043,-0.006868839263916016,26163.4296875,107.4464340209961,-89.57386016845703
20251024_150256.996162,1.0108447074890137,0.0657590925693512,0.987488865852356,-0.010844707489013672,0.9342409372329712,0.012511134147644043,0.5119472146034241,-179.9414825439453,-177.9855499267578,-0.5119472146034241,-0.09760825335979462,-0.09943140298128128,44000,-0.08132237195968628,-0.002028453629463911,-0.014257431030273438,-0.07049059867858887,-0.0016251897905021906,-0.027315616607666016,26158.74609375,116.78968048095703,-267.648681640625
20251024_150256.996948,1.0108731985092163,0.0658201202750206,0.9874934554100037,-0.010873198509216309,0.9341799020767212,0.012506544589996338,0.5156351923942566,179.9257354736328,-178.04782104492188,-0.5156351923942566,-0.08050039410591125,-0.0915202721953392,44000,-0.0812925398349762,-0.002191068371757865,0.0029832124710083008,-0.070675790309906,-0.0017554971855133772,-0.0190889835357666,26157.037109375,126.13178253173828,-97.64433288574219
20251024_150256.997730,1.0108510255813599,0.06576449424028397,0.9874983429908752,-0.010851025581359863,0.9342355132102966,0.012501657009124756,0.47015076875686646,179.9721221923828,-177.94281005859375,-0.47015076875686646,-0.08043746650218964,-0.05756164714694023,44000,-0.08126077055931091,-0.0023536216467618942,0.0031769275665283203,-0.07053166627883911,-0.0018858425319194794,0.01485586166381836,26158.59375,135.47386169433594,89.00165557861328
20251024_150256.998994,1.0108410120010376,0.06561185419559479,0.9875583052635193,-0.010841012001037598,0.9343881607055664,0.012441694736480713,0.48798868060112,-179.66139221191406,-177.9608917236328,-0.48798868060112,-0.04441129043698311,-0.06577347218990326,44000,-0.08087101578712463,-0.00251575349830091,0.03897547721862793,-0.07046657800674438,-0.0020159948617219925,0.006709098815917969,26162.8671875,144.8169708251953,244.2240753173828
20251024_150257.001015,1.0108002424240112,0.06552980095148087,0.9875495433807373,-0.01080024242401123,0.9344701766967773,0.012450456619262695,0.4714815616607666,-179.8694610595703,-178.10296630859375,-0.4714815616607666,-0.0893007442355156,-0.045031800866127014,44000,-0.08092796802520752,-0.0026775526348501444,-0.005695223808288574,-0.070201575756073,-0.0021458424162119627,0.027315616607666016,26165.166015625,154.16127014160156,131.28518676757812
20251024_150257.002248,1.0108026266098022,0.06552354246377945,0.9875452518463135,-0.010802626609802246,0.9344764351844788,0.012454748153686523,0.500078558921814,-179.78109741210938,-178.19046020507812,-0.500078558921814,-0.08658479899168015,-0.07408993691205978,44000,-0.0809558629989624,-0.002839436288923025,-0.0027894973754882812,-0.0702170729637146,-0.0022754594683647156,-0.0015974044799804688,26165.33984375,163.50599670410156,10.013580322265625
20251024_150257.002969,1.0108447074890137,0.06569784134626389,0.9874973297119141,-0.010844707489013672,0.9343021512031555,0.012502670288085938,0.4645213484764099,-179.97982788085938,-178.03652954101562,-0.4645213484764099,-0.11541840434074402,-0.10109013319015503,44000,-0.0812673568725586,-0.003001659642904997,-0.03114938735961914,-0.07049059867858887,-0.0024053435772657394,-0.028194189071655273,26160.4609375,172.8498992919922,-278.8782043457031
20251024_150257.003935,1.010873556137085,0.06585101783275604,0.9874844551086426,-0.010873556137084961,0.9341489672660828,0.012515544891357422,0.4873547852039337,179.93569946289062,-177.91111755371094,-0.4873547852039337,-0.09288381040096283,-0.092542365193367,44000,-0.08135104179382324,-0.0031642778776586056,-0.008368492126464844,-0.07067811489105225,-0.002535653067752719,-0.019328594207763672,26156.171875,182.19215393066406,-245.08238220214844
20251024_150257.006042,1.0108562707901,0.06578255444765091,0.9875099658966064,-0.010856270790100098,0.9342174530029297,0.012490034103393555,0.4756925702095032,179.97885131835938,-177.9749755859375,-0.4756925702095032,-0.06793002039194107,-0.06165061146020889,44000,-0.0811852216720581,-0.003326814156025648,0.016582012176513672,-0.07056576013565063,-0.002666032174602151,0.011581182479858398,26158.087890625,191.5339813232422,109.54141235351562
20251024_150257.007027,1.0108226537704468,0.06567348539829254,0.9875153303146362,-0.010822653770446777,0.9343265295028687,0.01248466968536377,0.47368234395980835,-179.95172119140625,-178.0357208251953,-0.47368234395980835,-0.08115263283252716,-0.050619952380657196,44000,-0.0811503529548645,-0.003489149734377861,0.0034868717193603516,-0.07034724950790405,-0.0027961055748164654,0.02252340316772461,26161.142578125,200.876708984375,174.51048278808594
20251024_150257.012397,1.0107958316802979,0.06562010943889618,0.9875400066375732,-0.010795831680297852,0.9343798756599426,0.012459993362426758,0.48997730016708374,-179.78744506835938,-178.19129943847656,-0.48997730016708374,-0.06860163807868958,-0.05512792244553566,44000,-0.08098995685577393,-0.003651290200650692,0.016039609909057617,-0.07017290592193604,-0.0029258164577186108,0.017970800399780273,26162.63671875,210.22023010253906,85.40153503417969
20251024_150257.022257,1.0108023881912231,0.0655982568860054,0.9875321388244629,-0.010802388191223145,0.9344017505645752,0.01246786117553711,0.4630507230758667,-179.8336944580078,-177.87867736816406,-0.4630507230758667,-0.0899684950709343,-0.07766379415988922,44000,-0.08104109764099121,-0.0038133212365210056,-0.005114078521728516,-0.07021552324295044,-0.003055405803024769,-0.004392862319946289,26163.248046875,219.56414794921875,34.96408462524414
20251024_150257.032464,1.0108311176300049,0.06567732244729996,0.9875380396842957,-0.010831117630004883,0.9343226552009583,0.012461960315704346,0.5655122995376587,-179.76515197753906,-178.02520751953125,-0.5655122995376587,-0.08114254474639893,-0.09283619374036789,44000,-0.08100274205207825,-0.003975364845246077,0.0038355588912963867,-0.07040226459503174,-0.0031852067913860083,-0.01924872398376465,26161.03515625,228.9077606201172,-126.50489807128906
20251024_150257.042540,1.0108128786087036,0.06577993929386139,0.987485945224762,-0.010812878608703613,0.9342200756072998,0.012514054775238037,0.3429970443248749,179.81729125976562,-178.07110595703125,-0.3429970443248749,-0.11934046447277069,-0.061378639191389084,44000,-0.08134135603904724,-0.004137709271162748,-0.033861398696899414,-0.07028371095657349,-0.003315070876851678,0.012220144271850586,26158.162109375,238.25047302246094,-164.18695068359375
20251024_150257.051825,1.0108193159103394,0.06576815247535706,0.9874829649925232,-0.010819315910339355,0.9342318773269653,0.012517035007476807,0.3311656713485718,-179.8995361328125,-177.9782257080078,-0.3311656713485718,-0.0875982865691185,-0.07808341085910797,44000,-0.08136072754859924,-0.004300411324948072,-0.0019371509552001953,-0.07032555341720581,-0.003444863948971033,-0.004312992095947266,26158.4921875,247.59274291992188,18.858909606933594
20251024_150257.062326,1.0107816457748413,0.06560388952493668,0.987533450126648,-0.010781645774841309,0.9343960881233215,0.01246654987335205,0.5091267824172974,-179.82330322265625,-177.896240234375,-0.5091267824172974,-0.05268004164099693,-0.048416174948215485,44000,-0.08103257417678833,-0.0044628046452999115,0.03281533718109131,-0.0700806975364685,-0.0035744698252528906,0.025238990783691406,26163.091796875,256.9358825683594,262.8207092285156
20251024_150257.072778,1.0107581615447998,0.06554429233074188,0.9875479340553284,-0.010758161544799805,0.9344556927680969,0.01245206594467163,0.4897792637348175,-179.69630432128906,-178.1864013671875,-0.4897792637348175,-0.07614865154027939,-0.05789732560515404,44000,-0.0809384286403656,-0.0046247756108641624,0.00941455364227295,-0.06992805004119873,-0.0037037087604403496,0.015734434127807617,26164.759765625,266.2801513671875,95.35551452636719
20251024_150257.082253,1.0107741355895996,0.0655771940946579,0.9875374436378479,-0.01077413558959961,0.9344227910041809,0.0124625563621521,0.41824111342430115,-179.82034301757812,-177.91519165039062,-0.41824111342430115,-0.09261211007833481,-0.08456739038228989,44000,-0.08100661635398865,-0.004786720499396324,-0.0068187713623046875,-0.07003188133239746,-0.0038329025264829397,-0.01070261001586914,26163.837890625,275.6245422363281,-52.642822265625
20251024_150257.092714,1.010830044746399,0.06563441455364227,0.987534761428833,-0.010830044746398926,0.9343655705451965,0.012465238571166992,0.3873315155506134,-179.9669189453125,-177.8515625,-0.3873315155506134,-0.0877162367105484,-0.11181695014238358,44000,-0.08102405071258545,-0.0049487510696053505,-0.0017434358596801758,-0.07039529085159302,-0.003962527494877577,-0.03745913505554199,26162.236328125,284.9684753417969,-91.552734375
20251024_150257.102779,1.0108258724212646,0.06573827564716339,0.9874997138977051,-0.010825872421264648,0.9342617392539978,0.012500286102294922,0.5269145369529724,179.92420959472656,-177.89434814453125,-0.5269145369529724,-0.10914377868175507,-0.07166517525911331,44000,-0.08125185966491699,-0.005111027043312788,-0.022780895233154297,-0.07036817073822021,-0.0040924628265202045,0.0027954578399658203,26159.328125,294.3116149902344,-166.17774963378906
20251024_150257.112688,1.0108137130737305,0.06583871692419052,0.9874776601791382,-0.010813713073730469,0.9341613054275513,0.012522339820861816,0.4276905357837677,179.717041015625,-178.048583984375,-0.4276905357837677,-0.10100380331277847,-0.06636467576026917,44000,-0.0813952088356018,-0.00527367414906621,-0.014334917068481445,-0.07028913497924805,-0.004222300369292498,0.00814676284790039,26156.515625,303.6537170410156,-160.70603942871094
20251024_150257.122498,1.0106679201126099,0.0658566877245903,0.9875606298446655,-0.010667920112609863,0.9341433048248291,0.012439370155334473,0.6202232837677002,-179.95745849609375,-177.95526123046875,-0.6202232837677002,-0.03236154839396477,0.02398861199617386,44000,-0.08085590600967407,-0.00543592544272542,0.05393028259277344,-0.06934148073196411,-0.0043511902913451195,0.09768128395080566,26156.013671875,312.9952392578125,-28.753280639648438
20251024_150257.132685,1.0106722116470337,0.06563024967908859,0.9874926209449768,-0.010672211647033691,0.9343697428703308,0.012507379055023193,0.5112466812133789,-179.9041290283203,-178.18594360351562,-0.5112466812133789,-0.1311018317937851,-0.07672393321990967,44000,-0.08129796385765076,-0.005598078947514296,-0.04420578479766846,-0.069369375705719,-0.004479231312870979,-0.0028753280639648438,26162.353515625,322.3377990722656,362.3008728027344
20251024_150257.142680,1.010504961013794,0.06570183485746384,0.9876055121421814,-0.010504961013793945,0.9342981576919556,0.012394487857818604,0.7004661560058594,-179.83303833007812,-178.16891479492188,-0.7004661560058594,-0.012944834306836128,0.03916938230395317,44000,-0.08056417107582092,-0.005759941413998604,0.0733792781829834,-0.06828224658966064,-0.004606293980032206,0.11205792427062988,26160.34765625,331.68115234375,-114.53628540039062
20251024_150257.152464,1.0104292631149292,0.06588893383741379,0.9875864386558533,-0.0104292631149292,0.9341110587120056,0.012413561344146729,0.8675545454025269,-179.9758758544922,-177.91595458984375,-0.8675545454025269,-0.09900710731744766,-0.02180451713502407,44000,-0.08068814873695374,-0.005921193398535252,-0.01239776611328125,-0.0677902102470398,-0.004731899593025446,0.05071759223937988,26155.109375,341.023193359375,-299.3583679199219
20251024_150257.162182,1.01042902469635,0.06589549779891968,0.9875529408454895,-0.010429024696350098,0.9341045022010803,0.012447059154510498,0.7891231179237366,179.9827117919922,-177.75172424316406,-0.7891231179237366,-0.10876224935054779,-0.07248596847057343,44000,-0.08090588450431824,-0.006082787644118071,-0.021773576736450195,-0.06778866052627563,-0.004857049323618412,0.00015974044799804688,26154.92578125,350.3642883300781,-10.502338409423828
20251024_150257.172641,1.0102720260620117,0.06590881198644638,0.9876343011856079,-0.010272026062011719,0.9340912103652954,0.01236569881439209,0.9769580960273743,179.91787719726562,-177.85523986816406,-0.9769580960273743,-0.03373689204454422,0.03343965858221054,44000,-0.08037704229354858,-0.006244070362299681,0.05288422107696533,-0.06676816940307617,-0.004981255624443293,0.10518908500671387,26154.552734375,359.70526123046875,-21.30270004272461
20251024_150257.182893,1.0100771188735962,0.06609039008617401,0.9876785278320312,-0.010077118873596191,0.9339095950126648,0.01232147216796875,0.9569754600524902,179.93344116210938,-177.0336456298828,-0.9569754600524902,-0.05774678662419319,0.05998319387435913,44000,-0.08008956909179688,-0.006404537241905928,0.0287473201751709,-0.06550127267837524,-0.00510335061699152,0.13058781623840332,26149.46875,369.0452575683594,-290.52496337890625
20251024_150257.192652,1.0099133253097534,0.06593804806470871,0.9877634048461914,-0.009913325309753418,0.9340619444847107,0.012236595153808594,1.0799651145935059,179.59869384765625,-177.03311157226562,-1.0799651145935059,-0.030931973829865456,0.04008178040385246,44000,-0.07953786849975586,-0.006564164534211159,0.05517005920410156,-0.06443661451339722,-0.0052232928574085236,0.1097416877746582,26153.734375,378.3851013183594,243.7472381591797
20251024_150257.202416,1.0096914768218994,0.06594835221767426,0.9878324866294861,-0.009691476821899414,0.9340516328811646,0.012167513370513916,1.0220314264297485,179.94996643066406,-176.67466735839844,-1.0220314264297485,-0.04090847074985504,0.08030296862125397,44000,-0.07908883690834045,-0.0067227911204099655,0.04490315914154053,-0.06299459934234619,-0.005340921692550182,0.14863848686218262,26153.4453125,387.7256774902344,-16.486644744873047
20251024_150257.212405,1.009596347808838,0.06618939340114594,0.9878593683242798,-0.00959634780883789,0.9338105916976929,0.012140631675720215,1.0856949090957642,-179.70323181152344,-177.06576538085938,-1.0856949090957642,-0.06832180172204971,-0.004096470773220062,44000,-0.0789141058921814,-0.006880794186145067,0.01747310161590576,-0.06237626075744629,-0.005456648766994476,0.0637364387512207,26146.697265625,397.06500244140625,-385.6658935546875
20251024_150257.222406,1.0093703269958496,0.06628482788801193,0.987959086894989,-0.00937032699584961,0.9337151646614075,0.012040913105010986,1.220484733581543,-179.45132446289062,-177.40606689453125,-1.220484733581543,-0.02048683911561966,0.08495637029409409,44000,-0.07826593518257141,-0.007037974428385496,0.06481707096099854,-0.06090712547302246,-0.005570448935031891,0.15143394470214844,26144.025390625,406.4026184082031,-152.69517517089844
20251024_150257.232412,1.0091873407363892,0.06655997782945633,0.9878773093223572,-0.00918734073638916,0.9334400296211243,0.012122690677642822,1.1564773321151733,-178.9512481689453,-177.3992462158203,-1.1564773321151733,-0.13914795219898224,0.057201284915208817,44000,-0.07879748940467834,-0.007195037789642811,-0.05315542221069336,-0.05971771478652954,-0.005681795068085194,0.12260079383850098,26136.3203125,415.7384033203125,-440.2398986816406
20251024_150257.242437,1.0088579654693604,0.06682351231575012,0.9880251288414001,-0.008857965469360352,0.9331765174865723,0.011974871158599854,1.4246301651000977,-179.19967651367188,-177.51901245117188,-1.4246301651000977,0.010894352570176125,0.15731458365917206,44000,-0.07783666253089905,-0.007351671811193228,0.09608268737792969,-0.057576775550842285,-0.005790066905319691,0.22068142890930176,26128.94140625,425.07147216796875,-421.6551818847656
20251024_150257.252465,1.0086110830307007,0.06723622977733612,0.9881782531738281,-0.008611083030700684,0.9327637553215027,0.011821746826171875,1.4039453268051147,-179.46762084960938,-177.5027618408203,-1.4039453268051147,0.015183111652731895,0.10354430973529816,44000,-0.07684135437011719,-0.007506350055336952,0.09953081607818604,-0.05597203969955444,-0.005894881207495928,0.16541123390197754,26117.384765625,434.40118408203125,-660.3479614257812
20251024_150257.262358,1.0082589387893677,0.06772874295711517,0.9882393479347229,-0.008258938789367676,0.9322712421417236,0.0117606520652771,1.5241317749023438,-179.6532745361328,-177.60374450683594,-1.5241317749023438,-0.04439228028059006,0.1762574315071106,44000,-0.07644423842430115,-0.007659635506570339,0.039711594581604004,-0.05368310213088989,-0.0059961010701954365,0.23593664169311523,26103.595703125,443.7263488769531,-788.0211181640625
20251024_150257.272631,1.0079102516174316,0.06822843849658966,0.9883260130882263,-0.00791025161743164,0.9317715764045715,0.011673986911773682,1.4682331085205078,-179.8324432373047,-177.0762481689453,-1.4682331085205078,-0.027360524982213974,0.1761106550693512,44000,-0.07588091492652893,-0.007811960764229298,0.05633234977722168,-0.051416635513305664,-0.006093116477131844,0.23362040519714355,26089.603515625,453.04656982421875,-799.5128784179688
20251024_150257.282440,1.0074819326400757,0.06899520009756088,0.9883468747138977,-0.007481932640075684,0.9310048222541809,0.011653125286102295,86.8570785522461,-102.89655303955078,78.27127075195312,15.0,-0.07014884799718857,0.2321556806564331,44000,-0.07574531435966492,-0.00796358659863472,0.013560056686401367,-0.04863256216049194,-0.006185469217598438,0.2869737148284912,26068.134765625,462.3604431152344,-1226.818603515625
20251024_150257.292484,1.0071672201156616,0.07005180418491364,0.9883919954299927,-0.007167220115661621,0.9299482107162476,0.011608004570007324,1.446371078491211,179.1588592529297,-176.6360321044922,-1.446371078491211,-0.054238349199295044,0.15799710154533386,44000,-0.07545202970504761,-0.008114784024655819,0.029328465461730957,-0.04658693075180054,-0.006273364182561636,0.21085739135742188,26038.548828125,471.66522216796875,-1690.5665283203125
20251024_150257.302425,1.0066567659378052,0.07121340185403824,0.9883922934532166,-0.006656765937805176,0.92878657579422,0.011607706546783447,1.6358543634414673,179.1140594482422,-176.86924743652344,-1.6358543634414673,-0.08352206647396088,0.2923790216445923,44000,-0.07545009255409241,-0.008265686221420765,0.00019371509552001953,-0.04326897859573364,-0.006356308236718178,0.34200429916381836,26006.025390625,480.9588928222656,-1858.5562744140625
20251024_150257.312408,1.0062484741210938,0.07288003712892532,0.9885804057121277,-0.00624847412109375,0.9271199703216553,0.011419594287872314,86.82693481445312,-109.70219421386719,70.71105194091797,15.0,0.03963024169206619,0.22650669515132904,44000,-0.07422736287117004,-0.008415363729000092,0.12227296829223633,-0.040615081787109375,-0.006433739792555571,0.2735555171966553,25959.359375,490.2384338378906,-2666.616455078125
20251024_150257.322496,1.005841851234436,0.07422337681055069,0.9884145855903625,-0.005841851234436035,0.9257766008377075,0.011585414409637451,1.8931971788406372,-179.71331787109375,-177.30091857910156,-1.8931971788406372,-0.19165316224098206,0.2279590219259262,44000,-0.07530519366264343,-0.008564895950257778,-0.10778307914733887,-0.03797203302383423,-0.006506281439214945,0.27243733406066895,25921.74609375,499.5028991699219,-2149.343505859375
20251024_150257.332411,1.0053246021270752,0.07591096311807632,0.9884187579154968,-0.005324602127075195,0.9240890145301819,0.011581242084503174,1.7182519435882568,-178.83071899414062,-177.9019012451172,-1.7182519435882568,-0.08128154277801514,0.3053736984729767,44000,-0.07527807354927063,-0.008715479634702206,0.0027120113372802734,-0.03460991382598877,-0.006573280319571495,0.3465569019317627,25874.4921875,508.7522277832031,-2700.13818359375
20251024_150257.342392,1.0047367811203003,0.07745051383972168,0.9884299635887146,-0.004736781120300293,0.9225494861602783,0.0115700364112854,1.5060644149780273,-178.50733947753906,-177.90882873535156,-1.5060644149780273,-0.07678750902414322,0.35641735792160034,44000,-0.0752052366733551,-0.008865962736308575,0.007283687591552734,-0.030789077281951904,-0.00663364864885807,0.39384007453918457,25831.384765625,517.9854125976562,-2463.28125
20251024_150257.352771,1.00443434715271,0.08007436245679855,0.9885594248771667,-0.004434347152709961,0.9199256300926208,0.011440575122833252,86.94599151611328,-107.6930923461914,70.5113525390625,15.0,0.0007705672760494053,0.1671188324689865,44000,-0.07436373829841614,-0.009015532210469246,0.08414983749389648,-0.028823256492614746,-0.006688675377517939,0.20263075828552246,25757.91796875,527.1978149414062,-4198.15771484375
20251024_150257.362903,1.0037306547164917,0.08215838670730591,0.9884768128395081,-0.0037306547164916992,0.9178416132926941,0.011523187160491943,0.8929498791694641,-179.5690460205078,-177.20008850097656,-0.8929498791694641,-0.13776333630084991,0.44048699736595154,44000,-0.07490071654319763,-0.009164796210825443,-0.053697824478149414,-0.024249255657196045,-0.006737665273249149,0.47147393226623535,25699.564453125,536.3866577148438,-3334.438720703125
20251024_150257.372652,1.003169059753418,0.08461854606866837,0.9885630011558533,-0.0031690597534179688,0.9153814315795898,0.011436998844146729,0.6201979517936707,-178.2073211669922,-176.07200622558594,-0.6201979517936707,-0.027632124722003937,0.34889066219329834,44000,-0.07434049248695374,-0.00931403785943985,0.05602240562438965,-0.020598888397216797,-0.006779063493013382,0.3762686252593994,25630.681640625,545.552734375,-3936.2548828125
20251024_150257.383177,1.002815842628479,0.08737876266241074,0.9880828857421875,-0.002815842628479004,0.912621259689331,0.0119171142578125,1.3636789321899414,-178.9893341064453,-177.58932495117188,-1.3636789321899414,-0.3990021049976349,0.21153752505779266,44000,-0.07746124267578125,-0.009465839713811874,-0.31207501888275146,-0.018302977085113525,-0.006814972963184118,0.23665547370910645,25553.39453125,554.6927490234375,-4416.3466796875
20251024_150257.392557,1.002236247062683,0.08998434990644455,0.9882115125656128,-0.0022362470626831055,0.9100156426429749,0.011788487434387207,1.3626798391342163,-179.12367248535156,-177.11904907226562,-1.3626798391342163,-0.0026376587338745594,0.36694812774658203,44000,-0.07662516832351685,-0.00961992610245943,0.08360743522644043,-0.014535605907440186,-0.006845285650342703,0.38832902908325195,25480.4375,563.8059692382812,-4168.939453125
20251024_150257.402427,1.0016335248947144,0.09287343174219131,0.9881734848022461,-0.0016335248947143555,0.9071265459060669,0.011826515197753906,1.6538517475128174,179.88987731933594,-178.47584533691406,-1.6538517475128174,-0.11136382073163986,0.38633742928504944,44000,-0.07687234878540039,-0.009773422963917255,-0.024718046188354492,-0.01061791181564331,-0.006868504453450441,0.4038238525390625,25399.54296875,572.8916625976562,-4622.53076171875
20251024_150257.412395,1.0010312795639038,0.09589050710201263,0.9881353378295898,-0.0010312795639038086,0.9041094779968262,0.011864662170410156,1.6546804904937744,179.76380920410156,-177.65786743164062,-1.6546804904937744,-0.11184325069189072,0.3899165689945221,44000,-0.07712030410766602,-0.00992741622030735,-0.0247955322265625,-0.006703317165374756,-0.006884492933750153,0.4035043716430664,25315.06640625,581.9478149414062,-4827.32080078125
20251024_150257.422730,1.0004682540893555,0.0992896631360054,0.988065779209137,-0.00046825408935546875,0.9007103443145752,0.011934220790863037,1.1492705345153809,-179.4656524658203,-177.02806091308594,-1.1492705345153809,-0.13286764919757843,0.3672899305820465,44000,-0.07757243514060974,-0.010082108899950981,-0.04521310329437256,-0.003043651580810547,-0.006893490441143513,0.3772270679473877,25219.888671875,590.971923828125,-5438.6494140625
20251024_150257.432544,1.0000953674316406,0.10250800102949142,0.9877890944480896,-9.5367431640625e-05,0.897491991519928,0.0122109055519104,1.3321889638900757,-178.8834991455078,-177.19329833984375,-1.3321889638900757,-0.26945504546165466,0.2423173040151596,44000,-0.0793708860874176,-0.010239051654934883,-0.17984509468078613,-0.0006198883056640625,-0.0068968720734119415,0.2498340606689453,25129.775390625,599.9629516601562,-5149.3408203125
20251024_150257.442299,0.9996583461761475,0.10611721873283386,0.9876658916473389,0.00034165382385253906,0.8938827514648438,0.012334108352661133,1.3906737565994263,179.90106201171875,-177.8363037109375,-1.3906737565994263,-0.1706521213054657,0.288129597902298,44000,-0.08017170429229736,-0.010398594662547112,-0.08008182048797607,0.002220749855041504,-0.006895394530147314,0.2928042411804199,25028.71875,608.9197998046875,-5774.74853515625
20251024_150257.452615,0.9993008375167847,0.10969854891300201,0.9876818656921387,0.000699162483215332,0.8903014659881592,0.012318134307861328,87.25434112548828,-108.11730194091797,72.09833526611328,15.0,-0.08024358004331589,0.23718620836734772,44000,-0.08006787300109863,-0.010558834299445152,0.010383129119873047,0.004544556140899658,-0.00688914954662323,0.2395308017730713,24928.44140625,617.8407592773438,-5730.12841796875
20251024_150257.462369,0.9983304738998413,0.11348315328359604,0.9871990084648132,0.0016695261001586914,0.8865168690681458,0.012800991535186768,86.65477752685547,-106.29247283935547,73.3432846069336,15.0,-0.4077857434749603,0.6541206240653992,44000,-0.08320644497871399,-0.01072210818529129,-0.31385719776153564,0.010851919651031494,-0.0068749370984733105,0.6501436233520508,24822.47265625,626.724853515625,-6055.3671875
20251024_150257.472498,0.9973105788230896,0.11816274374723434,0.9867705702781677,0.0026894211769104004,0.8818372488021851,0.013229429721832275,1.3010692596435547,177.6826629638672,178.66790771484375,-1.3010692596435547,-0.3753674328327179,0.6939621567726135,44000,-0.08599129319190979,-0.010891306214034557,-0.2784848213195801,0.017481237649917603,-0.006848783697932959,0.683329701423645,24691.443359375,635.5665893554688,-7487.3447265625
20251024_150257.485493,0.996946394443512,0.12231386452913284,0.9866435527801514,0.003053605556488037,0.8776861429214478,0.013356447219848633,1.246612310409546,175.58200073242188,178.226318359375,-1.246612310409546,-0.18044239282608032,0.2570376396179199,44000,-0.08681690692901611,-0.011064114049077034,-0.08256137371063232,0.01984843611717224,-0.006814325228333473,0.2440035343170166,24575.2109375,644.3642578125,-6641.79345703125
20251024_150257.492733,0.9965224862098694,0.1263481229543686,0.9865664839744568,0.0034775137901306152,0.8736518621444702,0.013433516025543213,1.1388605833053589,175.7652587890625,178.0055694580078,-1.1388605833053589,-0.14865082502365112,0.29984721541404724,44000,-0.08731785416603088,-0.011238249018788338,-0.05009472370147705,0.022603839635849,-0.006775138899683952,0.28401851654052734,24462.251953125,653.1209106445312,-6454.8134765625
20251024_150257.502331,0.9961049556732178,0.13085415959358215,0.9865163564682007,0.0038950443267822266,0.8691458702087402,0.013483643531799316,81.95958709716797,-90.65772247314453,84.2766342163086,15.0,-0.1316397786140442,0.2983323335647583,44000,-0.08764368295669556,-0.0114132110029459,-0.032582879066467285,0.025317788124084473,-0.006730903405696154,0.2797454595565796,24336.083984375,661.8348999023438,-7209.65869140625
20251024_150257.522933,0.9953000545501709,0.13799123466014862,0.986025869846344,0.0046999454498291016,0.8620087504386902,0.013974130153656006,1.4010316133499146,178.54638671875,-179.88865661621094,-1.4010316133499146,-0.42123982310295105,0.5631540417671204,44000,-0.09083184599876404,-0.011591685935854912,-0.31881630420684814,0.03054964542388916,-0.006679333280771971,0.5392837524414062,24136.24609375,670.4906616210938,-11419.3203125
20251024_150257.533052,0.9946185350418091,0.14212049543857574,0.9861981272697449,0.005381464958190918,0.8578795194625854,0.013801872730255127,0.7103537321090698,179.7645263671875,-179.21836853027344,-0.7103537321090698,0.010482922196388245,0.48497873544692993,44000,-0.08971217274665833,-0.01177223026752472,0.11196732521057129,0.03497952222824097,-0.00661884481087327,0.456618070602417,24020.626953125,679.0901489257812,-6606.8173828125
20251024_150257.542602,0.9942470192909241,0.14702238142490387,0.9856740832328796,0.005752980709075928,0.8529776334762573,0.014325916767120361,1.3976385593414307,178.5819549560547,179.92388916015625,-1.3976385593414307,-0.44570213556289673,0.27975788712501526,44000,-0.09311845898628235,-0.011955060996115208,-0.34062862396240234,0.03739437460899353,-0.006552038248628378,0.24891555309295654,23883.373046875,687.6444091796875,-7843.017578125
20251024_150257.552624,0.9933905005455017,0.15241892635822296,0.985088050365448,0.006609499454498291,0.8475810885429382,0.014911949634552002,1.0276472568511963,177.27272033691406,177.6189727783203,-1.0276472568511963,-0.4899941384792328,0.6103514432907104,44000,-0.09692767262458801,-0.012145106680691242,-0.3809213638305664,0.04296174645423889,-0.0064778635278344154,0.5738675594329834,23732.26953125,696.147216796875,-8634.4716796875
20251024_150257.562473,0.9936652779579163,0.1563781499862671,0.9856060743331909,0.00633472204208374,0.8436218500137329,0.014393925666809082,1.9620378017425537,179.04713439941406,179.55613708496094,-1.9620378017425537,0.2308194637298584,-0.14932537078857422,44000,-0.09356051683425903,-0.012335594743490219,0.33671557903289795,0.04117569327354431,-0.006400198210030794,-0.18410086631774902,23621.412109375,704.6032104492188,-6334.7578125
20251024_150257.572364,0.9928833842277527,0.16086333990097046,0.9855561256408691,0.0071166157722473145,0.8391366600990295,0.01444387435913086,0.9672278165817261,178.63946533203125,-178.23719787597656,-0.9672278165817261,-0.1388748735189438,0.5638073086738586,44000,-0.09388518333435059,-0.012523041106760502,-0.03246665000915527,0.046258002519607544,-0.006319490261375904,0.5238687992095947,23495.826171875,713.0170288085938,-7176.3037109375
20251024_150257.582639,0.9925110340118408,0.16569370031356812,0.9849908351898193,0.00748896598815918,0.8343062996864319,0.015009164810180664,1.5037076473236084,179.85592651367188,-178.6371612548828,-1.5037076473236084,-0.47771283984184265,0.29192107915878296,44000,-0.09755957126617432,-0.012714485637843609,-0.36743879318237305,0.04867827892303467,-0.006231856532394886,0.2494746446609497,23360.576171875,721.3842163085938,-7728.57666015625
20251024_150257.602721,0.991756796836853,0.17531071603298187,0.9851548671722412,0.008243203163146973,0.8246892690658569,0.014845132827758789,1.1870522499084473,-179.11611938476562,-177.85682678222656,-1.1870522499084473,-0.002781113376840949,0.5527822375297546,44000,-0.09649336338043213,-0.012908538803458214,0.10662078857421875,0.05358082056045532,-0.006137463729828596,0.5053389072418213,23091.30078125,729.67919921875,-15387.2255859375
20251024_150257.613006,0.9914180040359497,0.18063531816005707,0.9847772717475891,0.008581995964050293,0.8193646669387817,0.015222728252410889,1.4711568355560303,179.50982666015625,-179.0437469482422,-1.4711568355560303,-0.357488751411438,0.27673763036727905,44000,-0.09894773364067078,-0.013103979639708996,-0.24543702602386475,0.055782973766326904,-0.006036512553691864,0.2269911766052246,22942.2109375,737.8994750976562,-8519.36328125
20251024_150257.623025,0.990962028503418,0.18576623499393463,0.9846556186676025,0.009037971496582031,0.8142337799072266,0.015344381332397461,0.9812089204788208,-179.49447631835938,-178.42958068847656,-0.9812089204788208,-0.1921156495809555,0.35831964015960693,44000,-0.0997384786605835,-0.013302666135132313,-0.07907450199127197,0.0587468147277832,-0.005930792540311813,0.30550360679626465,22798.544921875,746.0674438476562,-8209.466796875
20251024_150257.642951,0.9900351762771606,0.19620858132839203,0.9841387867927551,0.009964823722839355,0.8037914037704468,0.015861213207244873,1.3619868755340576,178.68820190429688,-179.05886840820312,-1.3619868755340576,-0.45254409313201904,0.6799455881118774,44000,-0.10309788584709167,-0.013505502603948116,-0.33594071865081787,0.06477135419845581,-0.005816775839775801,0.6209909915924072,22506.16015625,754.1575927734375,-16707.75390625
20251024_150257.652671,0.9890670776367188,0.2024381160736084,0.9834856986999512,0.01093292236328125,0.7975618839263916,0.016514301300048828,0.7384213805198669,177.2185821533203,-179.64927673339844,-0.7384213805198669,-0.5455661416053772,0.7139986753463745,44000,-0.10734295845031738,-0.013715943321585655,-0.4245072603225708,0.07106399536132812,-0.005691389553248882,0.6486260890960693,22331.732421875,762.1643676757812,-9967.255859375
20251024_150257.662661,0.9888903498649597,0.20663359761238098,0.9837768077850342,0.011109650135040283,0.7933664321899414,0.01622319221496582,-0.3676162362098694,179.5782470703125,-177.48995971679688,0.3676162362098694,0.0698414221405983,0.18506120145320892,44000,-0.10545074939727783,-0.013928736560046673,0.18922090530395508,0.07221272587776184,-0.0055591338314116,0.11840760707855225,22214.259765625,770.1190185546875,-6712.7705078125
20251024_150257.673164,0.9883078932762146,0.21307529509067535,0.9833599328994751,0.0116921067237854,0.7869247198104858,0.016640067100524902,0.30474740266799927,176.29412841796875,177.98876953125,-0.30474740266799927,-0.39327144622802734,0.46082228422164917,44000,-0.10816043615341187,-0.014142348431050777,-0.2709686756134033,0.0759986937046051,-0.005422323476523161,0.3902459144592285,22033.892578125,778.0204467773438,-10306.7158203125
20251024_150257.682892,0.9885836243629456,0.21784453094005585,0.9835593104362488,0.011416375637054443,0.782155454158783,0.01644068956375122,0.6947943568229675,178.9370574951172,-176.90158081054688,-0.6947943568229675,0.008373543620109558,-0.11581706255674362,44000,-0.10686448216438293,-0.014357373118400574,0.12959539890289307,0.07420644164085388,-0.005283672362565994,-0.1847398281097412,21900.353515625,785.8658447265625,-7630.77734375
20251024_150257.692914,0.9880954027175903,0.22372637689113617,0.9829744696617126,0.011904597282409668,0.7762736082077026,0.017025530338287354,85.23057556152344,-90.75548553466797,87.3960952758789,15.0,-0.5053873658180237,0.39934465289115906,44000,-0.1106659471988678,-0.014574903063476086,-0.38014650344848633,0.07737988233566284,-0.005143746733665466,0.3271085023880005,21735.662109375,793.6580200195312,-9410.953125
20251024_150257.709213,0.9874299764633179,0.22970423102378845,0.9824522733688354,0.012570023536682129,0.7702957391738892,0.01754772663116455,0.5450141429901123,176.73361206054688,178.58807373046875,-0.5450141429901123,-0.4682874381542206,0.5225438475608826,44000,-0.11406022310256958,-0.014799629338085651,-0.3394275903701782,0.08170515298843384,-0.004996899049729109,0.44583559036254883,21568.28125,801.390869140625,-9564.56640625
20251024_150257.712568,0.9876430630683899,0.23472274839878082,0.9829676151275635,0.012356936931610107,0.7652772665023804,0.017032384872436523,0.49017593264579773,178.32598876953125,-179.01101684570312,-0.49017593264579773,0.2092372477054596,-0.06729527562856674,44000,-0.1107105016708374,-0.015024400316178799,0.3349721431732178,0.0803200900554657,-0.0048473370261490345,-0.1427680253982544,21427.763671875,809.0687255859375,-8029.6279296875
20251024_150257.722825,0.9866303205490112,0.24140293896198273,0.9821622371673584,0.01336967945098877,0.7585970759391785,0.0178377628326416,0.16771797835826874,175.874267578125,178.5167694091797,-0.16771797835826874,-0.6546921730041504,0.7607474327087402,44000,-0.11594545841217041,-0.015251056291162968,-0.5234956741333008,0.086902916431427,-0.0046929772943258286,0.6785374879837036,21240.716796875,816.6881103515625,-10688.3046875
20251024_150257.732895,0.9867758750915527,0.24624358117580414,0.9827728867530823,0.013224124908447266,0.7537564039230347,0.017227113246917725,0.17180241644382477,179.03005981445312,-178.62911987304688,-0.17180241644382477,0.2694670259952545,-0.01609814539551735,44000,-0.11197623610496521,-0.015478977933526039,0.39692223072052,0.08595681190490723,-0.004533414728939533,-0.09752154350280762,21105.1796875,824.2498779296875,-7745.02734375
20251024_150257.742846,0.9863985180854797,0.2521657645702362,0.9822684526443481,0.013601481914520264,0.7478342056274414,0.017731547355651855,0.22570239007472992,178.8470458984375,-178.892333984375,-0.22570239007472992,-0.4588434398174286,0.3368663787841797,44000,-0.11525505781173706,-0.01570620946586132,-0.32788217067718506,0.08840963244438171,-0.004372460767626762,0.2528291940689087,20939.359375,831.7578125,-9475.4931640625
20251024_150257.753074,0.9855881929397583,0.25951600074768066,0.982107937335968,0.0144118070602417,0.7404839992523193,0.017892062664031982,0.2919662892818451,175.50074768066406,178.19847106933594,-0.2919662892818451,-0.23657111823558807,0.6323902010917664,44000,-0.11629840731620789,-0.015937762334942818,-0.10433495044708252,0.09367674589157104,-0.0042043812572956085,0.5429178476333618,20733.552734375,839.1994018554688,-11760.3779296875
20251024_150257.762961,0.9858123064041138,0.26423925161361694,0.982299268245697,0.01418769359588623,0.7357607483863831,0.01770073175430298,0.05044320225715637,179.3578643798828,-178.0096893310547,-0.05044320225715637,-0.0068587809801101685,-0.06196879595518112,44000,-0.11505475640296936,-0.016169115900993347,0.12436509132385254,0.0922200083732605,-0.004032784141600132,-0.15015602111816406,20601.30078125,846.5806274414062,-7557.201171875
20251024_150257.773025,0.9856399893760681,0.2703889012336731,0.982153594493866,0.014360010623931885,0.7296110987663269,0.017846405506134033,0.21643444895744324,179.33563232421875,-177.92942810058594,-0.21643444895744324,-0.2270897477865219,0.20493097603321075,44000,-0.11600163578987122,-0.01640017144382,-0.09468793869018555,0.09334006905555725,-0.003861498087644577,0.11545240879058838,20429.111328125,853.907470703125,-9839.439453125
20251024_150257.782941,0.9851936101913452,0.2768210768699646,0.9818636775016785,0.014806389808654785,0.7231789231300354,0.018136322498321533,0.36660245060920715,178.8208465576172,-178.41029357910156,-0.36660245060920715,-0.32296618819236755,0.39162909984588623,44000,-0.11788609623908997,-0.016634060069918633,-0.188446044921875,0.0962415337562561,-0.003686499549075961,0.29907405376434326,20249.009765625,861.1714477539062,-10291.4814453125
20251024_150257.792930,0.9849938154220581,0.2828039824962616,0.9818367958068848,0.015006184577941895,0.717195987701416,0.018163204193115234,-0.047528285533189774,179.94520568847656,-178.24392700195312,0.047528285533189774,-0.15240393579006195,0.22789506614208221,44000,-0.11806082725524902,-0.016870006918907166,-0.01747310161590576,0.09754019975662231,-0.0035076241474598646,0.13386249542236328,20081.48828125,868.373291015625,-9572.6494140625
20251024_150257.802902,0.9849026799201965,0.28913116455078125,0.9815943241119385,0.015097320079803467,0.7108688354492188,0.018405675888061523,0.22321389615535736,179.26283264160156,-178.0765380859375,-0.22321389615535736,-0.294351190328598,0.1558663696050644,44000,-0.1196368932723999,-0.017107704654335976,-0.1576066017150879,0.09813258051872253,-0.003327003214508295,0.06106078624725342,19904.328125,875.5136108398438,-10123.4912109375
20251024_150257.812963,0.9845694899559021,0.2955760657787323,0.9816567301750183,0.0154305100440979,0.7044239044189453,0.01834326982498169,0.43213599920272827,179.07212829589844,-178.5700225830078,-0.43213599920272827,-0.09601388871669769,0.3203917443752289,44000,-0.11923125386238098,-0.017346572130918503,0.04056394100189209,0.10029831528663635,-0.003143836045637727,0.2232372760772705,19723.87109375,882.590087890625,-10311.841796875
20251024_150257.822680,0.9842391014099121,0.30166760087013245,0.9814010858535767,0.01576089859008789,0.6983324289321899,0.01859891414642334,-0.22127693891525269,179.84910583496094,-177.71949768066406,0.22127693891525269,-0.3046484589576721,0.3208494782447815,44000,-0.12089294195175171,-0.01758669689297676,-0.16616880893707275,0.10244584083557129,-0.002956687705591321,0.22136032581329346,19553.306640625,889.6038818359375,-9746.4560546875
20251024_150257.832679,0.9840599894523621,0.3086203932762146,0.981118381023407,0.01594001054763794,0.6913796067237854,0.018881618976593018,0.21937976777553558,179.0057830810547,-178.300537109375,-0.21937976777553558,-0.3243189752101898,0.22084860503673553,44000,-0.12273052334785461,-0.017830319702625275,-0.18375813961029053,0.1036100685596466,-0.00276648229919374,0.12000501155853271,19358.62890625,896.5524291992188,-11124.4677734375
20251024_150257.842673,0.9837431311607361,0.31528812646865845,0.9810057878494263,0.016256868839263916,0.6847118735313416,0.01899421215057373,0.2297225445508957,178.59323120117188,-178.6199493408203,-0.2297225445508957,-0.21472445130348206,0.3153913915157318,44000,-0.12346237897872925,-0.018076512962579727,-0.07318556308746338,0.10566964745521545,-0.002573300851508975,0.2122950553894043,19171.931640625,903.432861328125,-10668.373046875
20251024_150257.852715,0.9837322235107422,0.321659654378891,0.98114013671875,0.016267776489257812,0.6783403158187866,0.01885986328125,-0.28446125984191895,179.9981231689453,-177.27561950683594,0.28446125984191895,-0.05358491092920303,0.11067052185535431,44000,-0.122589111328125,-0.018322564661502838,0.0873267650604248,0.10574054718017578,-0.0023781531490385532,0.0073081254959106445,18993.529296875,910.2481689453125,-10194.4443359375
20251024_150257.862815,0.9833794832229614,0.3284696042537689,0.9807600975036621,0.016620516777038574,0.6715303659439087,0.01923990249633789,0.1636696606874466,178.91970825195312,-178.72377014160156,-0.1636696606874466,-0.3906550705432892,0.3421885371208191,44000,-0.1250593662261963,-0.01857021264731884,-0.2470254898071289,0.10803335905075073,-0.0021808233577758074,0.23633599281311035,18802.8515625,916.9974975585938,-10895.919921875
20251024_150257.872708,0.9833351373672485,0.3350411057472229,0.9808727502822876,0.016664862632751465,0.6649588942527771,0.019127249717712402,85.97207641601562,-81.28666687011719,97.48796081542969,15.0,-0.06992241740226746,0.1360522210597992,44000,-0.12432712316513062,-0.018819600343704224,0.07322430610656738,0.10832160711288452,-0.0019811110105365515,0.02971172332763672,18618.849609375,923.679931640625,-10514.40234375
20251024_150257.882709,0.9828949570655823,0.3420145809650421,0.9804251790046692,0.017105042934417725,0.6579854488372803,0.01957482099533081,0.1552402526140213,179.2567596435547,-178.45855712890625,-0.1552402526140213,-0.43722882866859436,0.40432509779930115,44000,-0.12723633646965027,-0.01907116360962391,-0.29092133045196533,0.11118277907371521,-0.0017784916562959552,0.29492080211639404,18423.591796875,930.294677734375,-11157.560546875
20251024_150257.892830,0.9827994108200073,0.348893404006958,0.980158805847168,0.017200589179992676,0.651106595993042,0.01984119415283203,0.2197212129831314,179.43936157226562,-178.5980987548828,-0.2197212129831314,-0.32143768668174744,0.1742471605539322,44000,-0.1289677619934082,-0.01932736672461033,-0.17314255237579346,0.11180382966995239,-0.0015726578421890736,0.06401598453521729,18230.984375,936.8401489257812,-11006.1171875
20251024_150257.902578,0.9826999306678772,0.35576561093330383,0.9803227782249451,0.017300069332122803,0.6442344188690186,0.01967722177505493,-0.006144991144537926,179.15480041503906,-178.42848205566406,0.006144991144537926,-0.04090413451194763,0.17773650586605072,44000,-0.12790194153785706,-0.019584236666560173,0.10658204555511475,0.11245045065879822,-0.0013656538212671876,0.06665170192718506,18038.5625,943.3168334960938,-10995.53125
20251024_150257.912491,0.9825036525726318,0.3630619943141937,0.9799283742904663,0.017496347427368164,0.6369379758834839,0.02007162570953369,0.12147659063339233,178.7468719482422,-178.3671417236328,-0.12147659063339233,-0.4066707193851471,0.2440757006406784,44000,-0.130465567111969,-0.01984260417521,-0.25636255741119385,0.11372625827789307,-0.0011568753980100155,0.1315063238143921,17834.263671875,949.7227172851562,-11674.2138671875
20251024_150257.922195,0.9821987748146057,0.3700244724750519,0.9797553420066833,0.017801225185394287,0.6299755573272705,0.02024465799331665,0.24641920626163483,179.7088165283203,-177.70596313476562,-0.24641920626163483,-0.2641659080982208,0.3190309703350067,44000,-0.13159027695655823,-0.020104659721255302,-0.11247098445892334,0.11570796370506287,-0.0009450899087823927,0.20426809787750244,17639.314453125,956.0572509765625,-11139.96484375
20251024_150257.932930,0.9820002913475037,0.3767465353012085,0.9799314141273499,0.017999708652496338,0.6232534646987915,0.020068585872650146,87.42875671386719,-78.00481414794922,102.49191284179688,15.0,-0.03636562451720238,0.24925173819065094,44000,-0.13044580817222595,-0.020366696640849113,0.11444687843322754,0.1169981062412262,-0.0007302843150682747,0.13298392295837402,17451.09765625,962.3234252929688,-10755.30078125
20251024_150257.943530,0.9819899201393127,0.384011447429657,0.9794993996620178,0.018010079860687256,0.615988552570343,0.020500600337982178,0.3136043846607208,178.54718017578125,-178.41192626953125,-0.3136043846607208,-0.43469369411468506,0.12350000441074371,44000,-0.13325390219688416,-0.020630396902561188,-0.2808094024658203,0.11706551909446716,-0.0005142256268300116,0.006948709487915039,17247.6796875,968.5196533203125,-11623.859375
20251024_150257.953198,0.9818071722984314,0.3913559913635254,0.9795621037483215,0.018192827701568604,0.6086440086364746,0.020437896251678467,0.205561563372612,179.8507537841797,-178.2670135498047,-0.205561563372612,-0.11298516392707825,0.24039742350578308,44000,-0.13284632563591003,-0.02089649625122547,0.04075765609741211,0.11825338006019592,-0.0002970081695821136,0.12244105339050293,17042.033203125,974.6427612304688,-11751.2705078125
20251024_150257.962707,0.9818540215492249,0.3988897204399109,0.978976309299469,0.018145978450775146,0.6011102795600891,0.021023690700531006,0.31254372000694275,179.15708923339844,-178.5604248046875,-0.31254372000694275,-0.5385863780975342,0.08648088574409485,44000,-0.13665398955345154,-0.02116599678993225,-0.3807663917541504,0.11794885993003845,-7.897531759226695e-05,-0.03138899803161621,16831.087890625,980.6915283203125,-12053.966796875
20251024_150257.972903,0.9816769361495972,0.40599700808525085,0.978734016418457,0.018323063850402832,0.5940029621124268,0.02126598358154297,0.15435834228992462,179.6348876953125,-178.00790405273438,-0.15435834228992462,-0.31716015934944153,0.2378869652748108,44000,-0.1382288932800293,-0.021440880373120308,-0.15749037265777588,0.11909991502761841,0.00013983892858959734,0.11864721775054932,16632.083984375,986.6671142578125,-11371.66015625
20251024_150257.983042,0.9816870093345642,0.4131077527999878,0.9789862632751465,0.01831299066543579,0.5868922472000122,0.021013736724853516,-0.24582341313362122,-179.41659545898438,-177.27320861816406,0.24582341313362122,0.0056554703041911125,0.11264505982398987,44000,-0.13658928871154785,-0.021715696901082993,0.16396045684814453,0.11903443932533264,0.0003596552705857903,-0.0067490339279174805,16432.982421875,992.5715942382812,-11377.19140625
20251024_150257.993138,0.9813485741615295,0.4206755757331848,0.97847980260849,0.01865142583847046,0.5793244242668152,0.02152019739151001,0.2948101758956909,179.31082153320312,-178.49168395996094,-0.2948101758956909,-0.4910728931427002,0.34856727719306946,44000,-0.13988128304481506,-0.021992167457938194,-0.3291994333267212,0.12123426795005798,0.0005814417381770909,0.22675156593322754,16221.083984375,998.4027099609375,-12108.5166015625
20251024_150258.002970,0.9812523722648621,0.4278760552406311,0.9786002039909363,0.01874762773513794,0.5721239447593689,0.02139979600906372,0.20811490714550018,179.19680786132812,-177.98468017578125,-0.20811490714550018,-0.08310892432928085,0.1871206909418106,44000,-0.13909867405891418,-0.02227114886045456,0.07826089859008789,0.1218595802783966,0.0008058360544964671,0.06445527076721191,16019.470703125,1004.159912109375,-11520.767578125
20251024_150258.012815,0.981215238571167,0.4357777237892151,0.9781466722488403,0.018784761428833008,0.5642222762107849,0.021853327751159668,0.5799713134765625,179.2545623779297,-178.20065307617188,-0.5799713134765625,-0.45939454436302185,0.14801155030727386,43165,-0.14204663038253784,-0.02255229279398918,-0.2947956323623657,0.12210094928741455,0.001031030435115099,0.0248795747756958,15798.2236328125,1009.8416748046875,-12642.669921875
20251024_150258.022865,0.9809927344322205,0.4434221684932709,0.9780562520027161,0.01900726556777954,0.5565778017044067,0.021943747997283936,0.5227872729301453,179.01222229003906,-178.68704223632812,-0.5227872729301453,-0.22424449026584625,0.27388277649879456,43368,-0.14263436198234558,-0.022836973890662193,-0.058773159980773926,0.12354722619056702,0.001257782569155097,0.14907777309417725,15584.1796875,1015.4456787109375,-12231.111328125
20251024_150258.032845,0.9810188412666321,0.4507675766944885,0.9776913523674011,0.01898115873336792,0.5492324233055115,0.022308647632598877,0.39068251848220825,179.3809814453125,-177.8483123779297,-0.39068251848220825,-0.4053155779838562,0.10737166553735733,43646,-0.1450062096118927,-0.023124614730477333,-0.23718476295471191,0.12337753176689148,0.0014857131754979491,-0.017491579055786133,15378.5078125,1020.9747314453125,-11752.6533203125
20251024_150258.043054,0.9807052612304688,0.4583442211151123,0.9777045249938965,0.01929473876953125,0.5416557788848877,0.022295475006103516,86.4817886352539,-87.25914764404297,92.08405303955078,15.0,-0.15977291762828827,0.33722978830337524,43070,-0.14492058753967285,-0.02341454103589058,0.008562207221984863,0.12541580200195312,0.0017153684748336673,0.21009862422943115,15166.361328125,1026.42919921875,-12122.630859375
20251024_150258.052803,0.9804369807243347,0.4656979739665985,0.9776701927185059,0.019563019275665283,0.5343019962310791,0.02232980728149414,0.507698118686676,-179.5135955810547,-177.00469970703125,-0.507698118686676,-0.19116432964801788,0.3088560700416565,43226,-0.14514374732971191,-0.023704607039690018,-0.02231597900390625,0.12715962529182434,0.0019485150696709752,0.17974793910980225,14960.45703125,1031.8089599609375,-11766.0048828125
20251024_150258.062893,0.9804841876029968,0.47366049885749817,0.9771621227264404,0.019515812397003174,0.5263395309448242,0.02283787727355957,0.6419690251350403,179.88421630859375,-177.8045654296875,-0.6419690251350403,-0.5026898980140686,0.09740716218948364,42034,-0.1484462022781372,-0.0239981971681118,-0.3302454948425293,0.12685278058052063,0.0021829879842698574,-0.03162860870361328,14737.505859375,1037.1121826171875,-12740.0400390625
20251024_150258.072790,0.9802298545837402,0.48150038719177246,0.9772673845291138,0.019770145416259766,0.5184996128082275,0.02273261547088623,0.4970020055770874,179.94009399414062,-178.0133056640625,-0.4970020055770874,-0.103636234998703,0.30132776498794556,42016,-0.1477620005607605,-0.024294404312968254,0.0684201717376709,0.12850594520568848,0.002418703865259886,0.1704031229019165,14517.9892578125,1042.3363037109375,-12543.8212890625
20251024_150258.082369,0.9803071022033691,0.48957544565200806,0.9768028259277344,0.01969289779663086,0.5104245543479919,0.023197174072265625,0.6503480076789856,179.06057739257812,-178.5006866455078,-0.6503480076789856,-0.47733765840530396,0.07890341430902481,41419,-0.15078163146972656,-0.024592947214841843,-0.30196309089660645,0.12800383567810059,0.0026554821524769068,-0.05175590515136719,14291.8876953125,1047.48095703125,-12920.09375
20251024_150258.092834,0.9800535440444946,0.4972136914730072,0.9767036437988281,0.01994645595550537,0.5027862787246704,0.023296356201171875,0.5023449063301086,179.9644012451172,-177.4062042236328,-0.5023449063301086,-0.24078986048698425,0.3024292588233948,41909,-0.1514263153076172,-0.024895155802369118,-0.0644683837890625,0.1296519637107849,0.0028933181893080473,0.16988396644592285,14078.0166015625,1052.5469970703125,-12221.193359375
20251024_150258.102803,0.9800080060958862,0.505046010017395,0.9763551950454712,0.01999199390411377,0.494953989982605,0.02364480495452881,86.37772369384766,-90.80326843261719,88.68256378173828,15.0,-0.4053831994533539,0.16359134018421173,41384,-0.15369123220443726,-0.02520027384161949,-0.22649168968200684,0.1299479603767395,0.003132948884740472,0.030510425567626953,13858.7119140625,1057.5357666015625,-12531.7099609375
20251024_150258.112725,0.9798339009284973,0.512796938419342,0.9763306975364685,0.020166099071502686,0.48720306158065796,0.023669302463531494,0.5435665249824524,179.2553253173828,-177.7185516357422,-0.5435665249824524,-0.19528166949748993,0.2511039972305298,41302,-0.1538504660129547,-0.025507815182209015,-0.015923380851745605,0.13107964396476746,0.0033738974016159773,0.11665046215057373,13641.685546875,1062.446533203125,-12401.4853515625
20251024_150258.123131,0.9796732664108276,0.5207569003105164,0.9761536717414856,0.020326733589172363,0.47924309968948364,0.023846328258514404,87.02176666259766,-92.86573028564453,86.7934341430664,15.0,-0.2958845794200897,0.24336574971675873,40750,-0.15500113368034363,-0.025816665962338448,-0.1150667667388916,0.13212376832962036,0.003616854315623641,0.10762512683868408,13418.806640625,1067.2786865234375,-12735.939453125
20251024_150258.132278,0.979604959487915,0.5289323329925537,0.9757868647575378,0.02039504051208496,0.4710676670074463,0.024213135242462158,0.7505049705505371,179.95021057128906,-177.64183044433594,-0.7505049705505371,-0.4219389855861664,0.18219459056854248,40181,-0.15738537907600403,-0.02612905390560627,-0.23842453956604004,0.13256776332855225,0.0038611851632595062,0.04576563835144043,13189.89453125,1072.0302734375,-13080.6923828125
20251024_150258.143199,0.9794864058494568,0.5367518663406372,0.9757972955703735,0.020513594150543213,0.4632481336593628,0.024202704429626465,0.321232408285141,-179.25904846191406,-177.06170654296875,-0.321232408285141,-0.17698130011558533,0.21687594056129456,40536,-0.15731757879257202,-0.026443757116794586,0.006780028343200684,0.13333836197853088,0.004106637090444565,0.07943093776702881,12970.947265625,1076.701904296875,-12511.2529296875
20251024_150258.152698,0.9794092178344727,0.5449604988098145,0.9753913879394531,0.020590782165527344,0.45503950119018555,0.024608612060546875,87.210205078125,-88.2626953125,91.05266571044922,15.0,-0.4505569636821747,0.18990932404994965,39688,-0.1599559783935547,-0.02676103077828884,-0.2638399600982666,0.13384008407592773,0.004353262949734926,0.051715970039367676,12741.1064453125,1081.2933349609375,-13133.8115234375
20251024_150258.163000,0.9792390465736389,0.5526721477508545,0.9755784869194031,0.020760953426361084,0.4473278522491455,0.024421513080596924,0.3768499791622162,-179.83395385742188,-177.46115112304688,-0.3768499791622162,-0.06420522183179855,0.2535623013973236,40272,-0.15873983502388,-0.02707972563803196,0.12161433696746826,0.13494619727134705,0.004601373337209225,0.11401474475860596,12525.1796875,1085.80517578125,-12338.638671875
20251024_150258.172628,0.9791895151138306,0.5609862208366394,0.9749792218208313,0.020810484886169434,0.4390137791633606,0.0250207781791687,0.8702487945556641,179.83203125,-178.13380432128906,-0.8702487945556641,-0.5795584917068481,0.17330503463745117,39080,-0.16263505816459656,-0.02740110084414482,-0.3895223140716553,0.13526815176010132,0.004850802011787891,0.03318607807159424,12292.3857421875,1090.23681640625,-13302.5166015625
20251024_150258.182927,0.9789844751358032,0.5686167478561401,0.9751204252243042,0.021015524864196777,0.43138325214385986,0.0248795747756958,0.6371695399284363,-179.49009704589844,-178.2273712158203,-0.6371695399284363,-0.09766047447919846,0.27907946705818176,39964,-0.1617172360420227,-0.027725452557206154,0.09178221225738525,0.13660091161727905,0.0051017580553889275,0.1373767852783203,12078.7314453125,1094.5888671875,-12208.8427734375
20251024_150258.193163,0.9789977669715881,0.5768270492553711,0.9746639728546143,0.021002233028411865,0.4231729507446289,0.025336027145385742,0.8847219347953796,179.22628784179688,-178.5452117919922,-0.8847219347953796,-0.4894300699234009,0.13296285271644592,38811,-0.16468417644500732,-0.02805185504257679,-0.2966940402984619,0.13651451468467712,0.005353864748030901,-0.008905529975891113,11848.8427734375,1098.861572265625,-13136.482421875
20251024_150258.203029,0.9787366986274719,0.5847732424736023,0.97469562292099,0.021263301372528076,0.4152267575263977,0.02530437707901001,0.6430352330207825,179.59022521972656,-177.505615234375,-0.6430352330207825,-0.17228692770004272,0.31873470544815063,39015,-0.16447845101356506,-0.028381016105413437,0.020572543144226074,0.1382114589214325,0.005607457831501961,0.17491579055786133,11626.349609375,1103.0535888671875,-12713.9091796875
20251024_150258.212866,0.9788441061973572,0.5927261710166931,0.9744784235954285,0.021155893802642822,0.4072738289833069,0.025521576404571533,85.4363021850586,-95.28953552246094,84.19831848144531,15.0,-0.33578118681907654,0.07141221314668655,38786,-0.16589024662971497,-0.028711386024951935,-0.14117956161499023,0.13751330971717834,0.005861973389983177,-0.07196307182312012,11403.6669921875,1107.1661376953125,-12724.685546875
20251024_150258.222653,0.9786048531532288,0.6006371974945068,0.9743859767913818,0.02139514684677124,0.39936280250549316,0.025614023208618164,0.6901630163192749,179.0056610107422,-177.62904357910156,-0.6901630163192749,-0.25562533736228943,0.3054852783679962,38635,-0.16649115085601807,-0.029043767601251602,-0.06009042263031006,0.13906845450401306,0.006117279641330242,0.16029953956604004,11182.158203125,1111.1993408203125,-12657.642578125
20251024_150258.232650,0.9786535501480103,0.6086098551750183,0.9741609692573547,0.021346449851989746,0.3913901448249817,0.025839030742645264,86.32910919189453,-92.23123931884766,86.9539794921875,15.0,-0.343586802482605,0.11249866336584091,38317,-0.1679536998271942,-0.029378211125731468,-0.14625489711761475,0.13875192403793335,0.006373729091137648,-0.032626986503601074,10958.923828125,1115.153076171875,-12756.251953125
20251024_150258.242570,0.9784826636314392,0.6165676712989807,0.9740419387817383,0.02151733636856079,0.3834323287010193,0.02595806121826172,0.7076168656349182,179.63710021972656,-178.04408264160156,-0.7076168656349182,-0.2758120894432068,0.2609875500202179,38122,-0.16872739791870117,-0.02971489354968071,-0.0773698091506958,0.13986268639564514,0.0066309114918112755,0.1144939661026001,10736.10546875,1119.0272216796875,-12732.505859375
20251024_150258.252395,0.9784722328186035,0.6247103810310364,0.9737338423728943,0.021527767181396484,0.3752896189689636,0.026266157627105713,86.46185302734375,-94.53097534179688,84.66082763671875,15.0,-0.4010470509529114,0.15380831062793732,37602,-0.17073002457618713,-0.030054351314902306,-0.2002626657485962,0.13993048667907715,0.0068891821429133415,0.006988644599914551,10508.109375,1122.82080078125,-13028.3359375
20251024_150258.262849,0.9783567786216736,0.632499635219574,0.9736775159835815,0.021643221378326416,0.367500364780426,0.026322484016418457,0.7817012667655945,179.923583984375,-177.80516052246094,-0.7817012667655945,-0.23810447752475739,0.22518345713615417,37953,-0.17109614610671997,-0.030396176502108574,-0.03661215305328369,0.1406809389591217,0.007148208096623421,0.0773543119430542,10290.009765625,1126.5347900390625,-12462.806640625
20251024_150258.272684,0.9782535433769226,0.6402848362922668,0.9734621047973633,0.021746456623077393,0.35971516370773315,0.02653789520263672,1.0164461135864258,179.49993896484375,-177.8661651611328,-1.0164461135864258,-0.34325334429740906,0.21792812645435333,37745,-0.17249631881713867,-0.030739769339561462,-0.14001727104187012,0.14135196805000305,0.007408546283841133,0.0691676139831543,10072.0244140625,1130.1707763671875,-12456.3212890625
20251024_150258.283103,0.9782502055168152,0.6480408310890198,0.9735133051872253,0.021749794483184814,0.3519591689109802,0.026486694812774658,0.8524754047393799,179.40533447265625,-178.0050811767578,-0.8524754047393799,-0.16996769607067108,0.15127955377101898,37578,-0.17216351628303528,-0.03108442947268486,0.033280253410339355,0.1413736641407013,0.007669523824006319,0.0022363662719726562,9854.8564453125,1133.7291259765625,-12409.591796875
20251024_150258.293077,0.9782824516296387,0.6557490825653076,0.9731742739677429,0.021717548370361328,0.3442509174346924,0.02682572603225708,86.59712982177734,-96.7869644165039,82.42201232910156,15.0,-0.4261684715747833,0.12748949229717255,37443,-0.17436721920967102,-0.031430959701538086,-0.22037029266357422,0.14116406440734863,0.007930328138172626,-0.02160489559173584,9639.025390625,1137.210205078125,-12333.2021484375
20251024_150258.302978,0.9781131148338318,0.663361132144928,0.9730910062789917,0.021886885166168213,0.336638867855072,0.0269089937210083,0.7733002305030823,179.1365203857422,-178.13465881347656,-0.7733002305030823,-0.2608126997947693,0.2639123499393463,37387,-0.17490845918655396,-0.03178023546934128,-0.05412399768829346,0.14226475358009338,0.008191954344511032,0.11345565319061279,9425.888671875,1140.61474609375,-12179.279296875
20251024_150258.312852,0.9782803058624268,0.6708132028579712,0.9731689691543579,0.021719694137573242,0.3291867971420288,0.02683103084564209,86.34197235107422,-96.87492370605469,82.29159545898438,15.0,-0.15585537254810333,0.03761361539363861,37437,-0.17440170049667358,-0.032129544764757156,0.05067586898803711,0.14117801189422607,0.008453593589365482,-0.11201798915863037,9217.23046875,1143.94384765625,-11923.3134765625
20251024_150258.322656,0.9779986143112183,0.6782551407814026,0.9728484153747559,0.02200138568878174,0.3217448592185974,0.02715158462524414,0.8274126648902893,178.7019805908203,-178.27468872070312,-0.8274126648902893,-0.4173256754875183,0.3404582738876343,37248,-0.17648530006408691,-0.03248043358325958,-0.208359956741333,0.1430090069770813,0.008715920150279999,0.18873333930969238,9008.8564453125,1147.198486328125,-11907.1005859375
20251024_150258.332747,0.9779302477836609,0.685535192489624,0.9729109406471252,0.02206975221633911,0.314464807510376,0.027089059352874756,0.9075652956962585,-179.77511596679688,-177.31581115722656,-0.9075652956962585,-0.16827045381069183,0.1982393115758896,37307,-0.1760788857936859,-0.03283299505710602,0.0406414270401001,0.14345338940620422,0.008980346843600273,0.04580557346343994,8805.0146484375,1150.3795166015625,-11648.0830078125
20251024_150258.343017,0.9779316186904907,0.6930631399154663,0.9725923538208008,0.022068381309509277,0.3069368600845337,0.02740764617919922,1.2575364112854004,-179.74822998046875,-177.67958068847656,-1.2575364112854004,-0.41841834783554077,0.15177114307880402,36703,-0.17814970016479492,-0.033187225461006165,-0.20708143711090088,0.1434444785118103,0.009245175868272781,-0.0009185075759887695,8594.232421875,1153.486572265625,-12044.7158203125
20251024_150258.352436,0.9777665138244629,0.7002900242805481,0.9727081060409546,0.02223348617553711,0.2997099757194519,0.02729189395904541,1.0112290382385254,-179.35414123535156,-177.78753662109375,-1.0112290382385254,-0.13570113480091095,0.2646489143371582,36985,-0.17739731073379517,-0.03354277089238167,0.07523894309997559,0.1445176601409912,0.009510987438261509,0.11062026023864746,8391.87890625,1156.519775390625,-11563.0146484375
20251024_150258.362392,0.977879524230957,0.7073448300361633,0.9725419878959656,0.02212047576904297,0.29265516996383667,0.027458012104034424,86.0399398803711,-98.34192657470703,81.25291442871094,15.0,-0.3203525245189667,0.07784323394298553,37066,-0.17847707867622375,-0.033898647874593735,-0.10797679424285889,0.1437830924987793,0.009777111001312733,-0.07571697235107422,8194.3447265625,1159.4815673828125,-11287.689453125
20251024_150258.372454,0.9777657389640808,0.7142221331596375,0.9725443720817566,0.02223426103591919,0.28577786684036255,0.027455627918243408,1.0328459739685059,178.89813232421875,-177.59478759765625,-1.0328459739685059,-0.21116743981838226,0.23080205917358398,37160,-0.17846158146858215,-0.03425558656454086,0.0015497207641601562,0.14452269673347473,0.01004323922097683,0.07623612880706787,8001.7802734375,1162.373779296875,-11003.6845703125
20251024_150258.382483,0.9777786731719971,0.7213267683982849,0.9722633957862854,0.02222132682800293,0.2786732316017151,0.0277366042137146,85.94786071777344,-100.11248016357422,79.20799255371094,15.0,-0.39753684401512146,0.14608268439769745,36600,-0.1802879273891449,-0.034614335745573044,-0.18263459205627441,0.14443862438201904,0.010309972800314426,-0.008665919303894043,7802.8505859375,1165.196044921875,-11367.416015625
20251024_150258.392497,0.9777353405952454,0.7281771302223206,0.9721911549568176,0.02226465940475464,0.27182286977767944,0.027808845043182373,1.14594304561615,178.93153381347656,-177.89974975585938,-1.14594304561615,-0.26268941164016724,0.18433000147342682,36818,-0.18075749278068542,-0.03497537970542908,-0.046956539154052734,0.14472028613090515,0.010576888918876648,0.02903282642364502,7611.04052734375,1167.948486328125,-10960.5791015625
20251024_150258.402826,0.9776532053947449,0.7348504066467285,0.9722834825515747,0.022346794605255127,0.2651495933532715,0.027716517448425293,1.1874549388885498,-179.75827026367188,-177.17550659179688,-1.1874549388885498,-0.15548072755336761,0.2111293077468872,36917,-0.1801573634147644,-0.035336293280124664,0.06001293659210205,0.14525416493415833,0.010844557546079159,0.05503058433532715,7424.1884765625,1170.63330078125,-10677.2421875
20251024_150258.412600,0.9776877164840698,0.741642415523529,0.9720513820648193,0.022312283515930176,0.25835758447647095,0.027948617935180664,86.2973403930664,-102.84716033935547,76.56464385986328,15.0,-0.3682294487953186,0.13301992416381836,36540,-0.18166601657867432,-0.035698119550943375,-0.1508653163909912,0.14502984285354614,0.011112512089312077,-0.023122429847717285,7234.01220703125,1173.2508544921875,-10867.2138671875
20251024_150258.422957,0.9775858521461487,0.7480392456054688,0.9721224308013916,0.02241414785385132,0.25196075439453125,0.0278775691986084,1.1678115129470825,179.84561157226562,-177.25518798828125,-1.1678115129470825,-0.1710835099220276,0.2253219336271286,36995,-0.1812041997909546,-0.036060988903045654,0.046181678771972656,0.14569196105003357,0.011380870826542377,0.06824910640716553,7054.9013671875,1175.802490234375,-10234.927734375
20251024_150258.432973,0.977586567401886,0.7544718980789185,0.9720122218132019,0.022413432598114014,0.24552810192108154,0.027987778186798096,86.31915283203125,-104.3848876953125,75.23448944091797,15.0,-0.2899805009365082,0.1568579226732254,36760,-0.18192055821418762,-0.03642411157488823,-0.07163584232330322,0.1456873118877411,0.011649835854768753,-0.0004792213439941406,6874.78662109375,1178.2899169921875,-10292.244140625
20251024_150258.442088,0.9775334596633911,0.7607839703559875,0.9720503687858582,0.022466540336608887,0.23921602964401245,0.027949631214141846,1.1823768615722656,179.3795166015625,-177.9526824951172,-1.1823768615722656,-0.1936647742986679,0.19353380799293518,36779,-0.181672602891922,-0.03678770735859871,0.0247955322265625,0.14603251218795776,0.011919115670025349,0.03558218479156494,6698.048828125,1180.713623046875,-10099.3154296875
20251024_150258.452872,0.977479100227356,0.7672923803329468,0.9717416763305664,0.022520899772644043,0.23270761966705322,0.028258323669433594,87.15470123291016,-113.83972930908203,65.30464172363281,15.0,-0.42148226499557495,0.19499571621418,36285,-0.18367910385131836,-0.037153057754039764,-0.20065009593963623,0.14638584852218628,0.012189040891826153,0.03642082214355469,6515.8134765625,1183.0732421875,-10413.4560546875
20251024_150258.463024,0.977294385433197,0.7733232378959656,0.9717921614646912,0.02270561456680298,0.22667676210403442,0.028207838535308838,1.5595859289169312,179.19223022460938,-178.30357360839844,-1.5595859289169312,-0.18805570900440216,0.28380581736564636,36882,-0.18335095047950745,-0.037520088255405426,0.03281533718109131,0.14758649468421936,0.01246039941906929,0.12375891208648682,6346.94921875,1185.3702392578125,-9649.3720703125
20251024_150258.472847,0.9773688912391663,0.7791106104850769,0.9717891812324524,0.02263110876083374,0.2208893895149231,0.028210818767547607,1.4139512777328491,-179.3191375732422,-177.81100463867188,-1.4139512777328491,-0.22319428622722626,0.10991573333740234,37112,-0.18337032198905945,-0.037886809557676315,-0.0019371509552001953,0.1471022069454193,0.012732420116662979,-0.04991888999938965,6184.90283203125,1187.6080322265625,-9259.7958984375
20251024_150258.482478,0.9773662090301514,0.7851854562759399,0.9716393351554871,0.022633790969848633,0.21481454372406006,0.02836066484451294,87.25736236572266,-114.32162475585938,65.11758422851562,15.0,-0.3199988007545471,0.1619207262992859,36484,-0.1843443214893341,-0.038254525512456894,-0.09739995002746582,0.1471196413040161,0.013004009611904621,0.0017970800399780273,6014.80712890625,1189.7864990234375,-9719.7529296875
20251024_150258.492620,0.9772336483001709,0.7909882664680481,0.9716892242431641,0.0227663516998291,0.2090117335319519,0.028310775756835938,1.4579071998596191,179.92457580566406,-178.2013702392578,-1.4579071998596191,-0.19021502137184143,0.2500733733177185,36759,-0.1840200424194336,-0.038622889667749405,0.03242790699005127,0.14798128604888916,0.013276410289108753,0.08881568908691406,5852.32861328125,1191.9056396484375,-9284.49609375
20251024_150258.502529,0.9772703647613525,0.7965657114982605,0.9716262817382812,0.02272963523864746,0.2034342885017395,0.02837371826171875,1.7432609796524048,-179.59393310546875,-178.20730590820312,-1.7432609796524048,-0.2643331289291382,0.13669198751449585,36966,-0.18442916870117188,-0.03899133950471878,-0.040912628173828125,0.1477426290512085,0.013549386523663998,-0.02460002899169922,5696.16015625,1193.9678955078125,-8923.912109375
20251024_150258.512426,0.977135956287384,0.8018814325332642,0.971492350101471,0.022864043712615967,0.19811856746673584,0.028507649898529053,86.67628479003906,-113.19660186767578,66.71115112304688,15.0,-0.31171634793281555,0.25249290466308594,37238,-0.18529972434043884,-0.03936106711626053,-0.08705556392669678,0.14861628413200378,0.013822948560118675,0.09005367755889893,5547.31982421875,1195.9757080078125,-8505.1533203125
20251024_150258.522962,0.9772403836250305,0.8072391748428345,0.9715598821640015,0.022759616374969482,0.19276082515716553,0.028440117835998535,1.5924142599105835,179.4434051513672,-178.24021911621094,-1.5924142599105835,-0.18069615960121155,0.09206788241863251,37022,-0.18486076593399048,-0.0397312268614769,0.043895840644836426,0.14793750643730164,0.014096690341830254,-0.06996631622314453,5397.30322265625,1197.9300537109375,-8572.3876953125
20251024_150258.532468,0.977096438407898,0.8129361867904663,0.9711719155311584,0.02290356159210205,0.1870638132095337,0.028828084468841553,2.3585453033447266,-179.02044677734375,-178.57298278808594,-2.3585453033447266,-0.47966432571411133,0.2596871256828308,36322,-0.1873825490474701,-0.04010346904397011,-0.2521783113479614,0.14887315034866333,0.014370669610798359,0.0964432954788208,5237.78662109375,1199.8292236328125,-9115.21875
20251024_150258.542290,0.9770938158035278,0.8180027604103088,0.9713248014450073,0.022906184196472168,0.18199723958969116,0.028675198554992676,86.32938385009766,-113.42864990234375,65.81834411621094,15.0,-0.12749019265174866,0.1652928739786148,37191,-0.1863887906074524,-0.040477242320775986,0.09937584400177002,0.1488901972770691,0.014645528048276901,0.0017571449279785156,5095.9228515625,1201.6744384765625,-8106.517578125
20251024_150258.552761,0.9771887063980103,0.8226826786994934,0.9712449908256531,0.022811293601989746,0.1773173213005066,0.028755009174346924,1.8713816404342651,179.08297729492188,-178.1466522216797,-1.8713816404342651,-0.2796350121498108,0.09961654245853424,37680,-0.186907559633255,-0.04085053876042366,-0.05187690258026123,0.14827340841293335,0.014919832348823547,-0.06357669830322266,4964.884765625,1203.4710693359375,-7487.869140625
20251024_150258.562335,0.9771345853805542,0.8278863430023193,0.9710651636123657,0.0228654146194458,0.17211365699768066,0.028934836387634277,2.4854753017425537,179.72572326660156,-178.42044067382812,-2.4854753017425537,-0.3461896479129791,0.20008017122745514,36698,-0.1880764365196228,-0.04122552275657654,-0.11688768863677979,0.1486251950263977,0.015193892642855644,0.03626108169555664,4819.1826171875,1205.21826171875,-8325.86328125
20251024_150258.573086,0.9770256876945496,0.8327017426490784,0.9710822701454163,0.02297431230545044,0.16729825735092163,0.02891772985458374,86.84852600097656,-123.35658264160156,56.5561637878418,15.0,-0.21844756603240967,0.2377634048461914,37186,-0.1879652440547943,-0.04160156473517418,0.011119246482849121,0.14933302998542786,0.015468931756913662,0.07296144962310791,4684.35107421875,1206.915283203125,-7704.6396484375
20251024_150258.582460,0.9771022796630859,0.8371674418449402,0.9711056351661682,0.022897720336914062,0.16283255815505981,0.028894364833831787,2.0197622776031494,179.69760131835938,-178.48719787597656,-2.0197622776031494,-0.214603453874588,0.11326272785663605,37622,-0.18781337141990662,-0.04197734221816063,0.015187263488769531,0.1488351821899414,0.01574416272342205,-0.05131661891937256,4559.3115234375,1208.56591796875,-7145.11865234375
20251024_150258.592557,0.9770452976226807,0.8416956067085266,0.9711146950721741,0.022954702377319336,0.1583043932914734,0.028885304927825928,2.4044904708862305,-179.6368408203125,-177.84341430664062,-2.4044904708862305,-0.2242184579372406,0.2034028172492981,37397,-0.18775448203086853,-0.042352911084890366,0.005888938903808594,0.14920556545257568,0.016019277274608612,0.0381779670715332,4432.52294921875,1210.171630859375,-7245.06396484375
20251024_150258.602537,0.977038562297821,0.8462440967559814,0.9710344076156616,0.022961437702178955,0.15375590324401855,0.02896559238433838,86.73768615722656,-127.81344604492188,51.35240173339844,15.0,-0.28319212794303894,0.1700567901134491,37239,-0.18827635049819946,-0.04272894188761711,-0.05218684673309326,0.1492493450641632,0.016294775530695915,0.004512667655944824,4305.16552734375,1211.73193359375,-7277.583984375
20251024_150258.612641,0.9770243763923645,0.8505865931510925,0.9709692597389221,0.022975623607635498,0.14941340684890747,0.02903074026107788,2.4386146068573,-179.7187042236328,-177.8423614501953,-2.4386146068573,-0.27415186166763306,0.1754165142774582,37448,-0.18869981169700623,-0.043105918914079666,-0.04234611988067627,0.14934155344963074,0.016570396721363068,0.009504556655883789,4183.5751953125,1213.247802734375,-6947.994140625
20251024_150258.622420,0.9770250916481018,0.8546748757362366,0.9710226058959961,0.022974908351898193,0.14532512426376343,0.028977394104003906,2.3463611602783203,179.85813903808594,-177.769287109375,-2.3463611602783203,-0.19716103374958038,0.16570378839969635,37742,-0.1883530616760254,-0.04348297044634819,0.034675002098083496,0.14933690428733826,0.016846099868416786,-0.0004792213439941406,4069.103515625,1214.721435546875,-6541.251953125
20251024_150258.632495,0.9770422577857971,0.8586952686309814,0.9709101915359497,0.02295774221420288,0.14130473136901855,0.029089808464050293,2.581866502761841,-179.10772705078125,-177.6905059814453,-2.581866502761841,-0.3060134947299957,0.1548457145690918,37740,-0.1890837550163269,-0.043860405683517456,-0.07306933403015137,0.14922532439231873,0.017121696844697,-0.011501312255859375,3956.532470703125,1216.1546630859375,-6432.62841796875
20251024_150258.642217,0.9771048426628113,0.8627369999885559,0.9708545207977295,0.02289515733718872,0.1372630000114441,0.029145479202270508,86.43833923339844,-119.58902740478516,59.94145202636719,15.0,-0.2698705196380615,0.12428347021341324,37594,-0.1894456148147583,-0.04423893615603447,-0.03618597984313965,0.14881852269172668,0.01739681325852871,-0.041931867599487305,3843.364013671875,1217.5474853515625,-6466.77001953125
20251024_150258.652474,0.9770399928092957,0.8666034936904907,0.9707140326499939,0.022960007190704346,0.13339650630950928,0.029285967350006104,2.557213306427002,-179.28872680664062,-177.58737182617188,-2.557213306427002,-0.32629483938217163,0.21036139130592346,37767,-0.19035878777503967,-0.04461874067783356,-0.09131729602813721,0.14924004673957825,0.017671944573521614,0.04344940185546875,3735.102294921875,1218.9007568359375,-6186.39013671875
20251024_150258.662464,0.9770954847335815,0.8702987432479858,0.9708137512207031,0.022904515266418457,0.12970125675201416,0.029186248779296875,2.4758737087249756,179.58973693847656,-177.362548828125,-2.4758737087249756,-0.169892355799675,0.129646897315979,37939,-0.1897106170654297,-0.044998809695243835,0.06481707096099854,0.14887934923171997,0.017947131767868996,-0.03717958927154541,3631.63525390625,1220.2161865234375,-5912.3994140625
20251024_150258.672682,0.9770365357398987,0.8737901449203491,0.970772385597229,0.02296346426010132,0.12620985507965088,0.029227614402770996,2.645695209503174,-179.61370849609375,-177.44918823242188,-2.645695209503174,-0.26224565505981445,0.20698069036006927,38169,-0.18997949361801147,-0.04537849873304367,-0.02688765525817871,0.14926251769065857,0.01822233945131302,0.03949582576751709,3533.8759765625,1221.4957275390625,-5586.24267578125
20251024_150258.683051,0.977053701877594,0.8773855566978455,0.9706630110740662,0.022946298122406006,0.12261444330215454,0.029336988925933838,86.01869201660156,-121.77729797363281,58.180885314941406,15.0,-0.3075430393218994,0.15614742040634155,37903,-0.19069042801856995,-0.0457591712474823,-0.07109344005584717,0.14915093779563904,0.018497798591852188,-0.011501312255859375,3433.204345703125,1222.7398681640625,-5752.65869140625
20251024_150258.692506,0.9770340323448181,0.8808034658432007,0.970726728439331,0.022965967655181885,0.11919653415679932,0.029273271560668945,2.8489646911621094,179.88941955566406,-177.4696044921875,-2.8489646911621094,-0.19500011205673218,0.18123064935207367,38092,-0.19027626514434814,-0.04614013805985451,0.041416287422180176,0.14927878975868225,0.01877327263355255,0.013178586959838867,3337.5029296875,1223.948974609375,-5468.65478515625
20251024_150258.702910,0.977059543132782,0.8841322660446167,0.9706001281738281,0.022940456867218018,0.1158677339553833,0.029399871826171875,2.901982545852661,179.21759033203125,-177.516357421875,-2.901982545852661,-0.31991085410118103,0.15106944739818573,38143,-0.1910991668701172,-0.04652151092886925,-0.0822901725769043,0.14911296963691711,0.01904871128499508,-0.017092227935791016,3244.296630859375,1225.124267578125,-5326.080078125
20251024_150258.712791,0.9771025776863098,0.887092113494873,0.9706142544746399,0.022897422313690186,0.11290788650512695,0.029385745525360107,2.9484004974365234,179.54122924804688,-177.19625854492188,-2.9484004974365234,-0.22872887551784515,0.13932383060455322,38651,-0.1910073459148407,-0.046903617680072784,0.009182095527648926,0.1488332450389862,0.019323738291859627,-0.02883315086364746,3161.4208984375,1226.2681884765625,-4735.755859375
20251024_150258.723198,0.9769745469093323,0.8905537128448486,0.9703572392463684,0.023025453090667725,0.10944628715515137,0.029642760753631592,85.05331420898438,-124.28728485107422,55.030818939208984,15.0,-0.40702515840530396,0.2550453543663025,37753,-0.19267794489860535,-0.04728730395436287,-0.16705989837646484,0.1496654450893402,0.019599275663495064,0.08578062057495117,3064.49609375,1227.3798828125,-5538.55908203125
20251024_150258.733067,0.9770858883857727,0.8933431506156921,0.9704059958457947,0.022914111614227295,0.10665684938430786,0.029594004154205322,85.39892578125,-120.44378662109375,59.35408401489258,15.0,-0.208341583609581,0.09421785175800323,38751,-0.1923610270023346,-0.047672342509031296,0.031691789627075195,0.14894172549247742,0.01987491175532341,-0.07459878921508789,2986.391845703125,1228.46044921875,-4463.1005859375
20251024_150258.742721,0.9770706295967102,0.896224856376648,0.9703057408332825,0.022929370403289795,0.10377514362335205,0.02969425916671753,3.210130453109741,179.52565002441406,-177.47264099121094,-3.210130453109741,-0.3062361478805542,0.1794142723083496,38524,-0.19301268458366394,-0.048057716339826584,-0.06516575813293457,0.14904090762138367,0.020149974152445793,0.010223388671875,2905.7041015625,1229.5125732421875,-4610.72900390625
20251024_150258.752656,0.9771301746368408,0.8990040421485901,0.970284104347229,0.02286982536315918,0.10099595785140991,0.029715895652770996,84.87359619140625,-115.65386962890625,64.24707794189453,15.0,-0.25566092133522034,0.12918345630168915,38611,-0.19315332174301147,-0.048443883657455444,-0.014063715934753418,0.14865386486053467,0.020424768328666687,-0.03989517688751221,2827.88671875,1230.5364990234375,-4446.697265625
20251024_150258.762325,0.9771006107330322,0.9016525149345398,0.9702568650245667,0.022899389266967773,0.0983474850654602,0.02974313497543335,3.0095102787017822,179.01670837402344,-177.43704223632812,-3.0095102787017822,-0.25986629724502563,0.18935322761535645,38747,-0.19333037734031677,-0.048830367624759674,-0.017705559730529785,0.14884603023529053,0.020699383690953255,0.019807815551757812,2753.7294921875,1231.533203125,-4237.556640625
20251024_150258.772676,0.9770112037658691,0.9048160910606384,0.9699864983558655,0.02298879623413086,0.09518390893936157,0.03001350164413452,85.33011627197266,-130.552734375,49.124053955078125,15.0,-0.420044869184494,0.230304554104805,37835,-0.1950877606868744,-0.049218785017728806,-0.17573833465576172,0.14942717552185059,0.020974712446331978,0.05990266799926758,2665.1494140625,1232.5008544921875,-5061.7216796875
20251024_150258.782976,0.9771732091903687,0.9071629643440247,0.9700113534927368,0.022826790809631348,0.09283703565597534,0.029988646507263184,3.2905261516571045,179.0714874267578,-177.84902954101562,-3.2905261516571045,-0.22837916016578674,0.06108011305332184,39077,-0.1949262022972107,-0.04960879683494568,0.01615583896636963,0.14837414026260376,0.02124960720539093,-0.10854363441467285,2599.43701171875,1233.44091796875,-3754.997314453125
20251024_150258.793192,0.977159857749939,0.9094271659851074,0.9700707793235779,0.022840142250061035,0.09057283401489258,0.02992922067642212,3.335613489151001,178.9823760986328,-177.97479248046875,-3.335613489151001,-0.20591141283512115,0.17892999947071075,39147,-0.19453993439674377,-0.049998264759778976,0.038626790046691895,0.14846092462539673,0.02152360789477825,0.008945465087890625,2536.039306640625,1234.3580322265625,-3622.72265625
20251024_150258.802926,0.9772697687149048,0.9117159843444824,0.9699988961219788,0.022730231285095215,0.08828401565551758,0.03000110387802124,3.4826104640960693,179.3091278076172,-177.44459533691406,-3.4826104640960693,-0.2921190559864044,0.0959031879901886,39045,-0.19500717520713806,-0.05038781091570854,-0.04672408103942871,0.1477465033531189,0.021797029301524162,-0.07364034652709961,2471.952392578125,1235.2523193359375,-3662.109375
20251024_150258.812012,0.9772379398345947,0.9141242504119873,0.969916045665741,0.022762060165405273,0.0858757495880127,0.030083954334259033,3.4188497066497803,179.65963745117188,-177.5681610107422,-3.4188497066497803,-0.30017685890197754,0.19134873151779175,38787,-0.19554570317268372,-0.05077836662530899,-0.05385279655456543,0.14795339107513428,0.022069983184337616,0.021325349807739258,2404.52099609375,1236.123046875,-3853.2255859375
20251024_150258.822844,0.9772849678993225,0.91635662317276,0.9698643684387207,0.02271503210067749,0.08364337682723999,0.030135631561279297,3.4111721515655518,-179.67347717285156,-177.24850463867188,-3.4111721515655518,-0.2806415855884552,0.1384817510843277,39007,-0.19588160514831543,-0.05116979032754898,-0.03359019756317139,0.1476477086544037,0.022342845797538757,-0.031508803367614746,2342.0146484375,1236.970703125,-3571.79638671875
20251024_150258.832063,0.9773476719856262,0.9185658693313599,0.9696657061576843,0.02265232801437378,0.08143413066864014,0.030334293842315674,3.7506144046783447,179.72323608398438,-177.615234375,-3.7506144046783447,-0.3778662383556366,0.12784343957901,38983,-0.19717290997505188,-0.0515628457069397,-0.12913048267364502,0.14724013209342957,0.02261505089700222,-0.04201173782348633,2280.15576171875,1237.7960205078125,-3534.7939453125
20251024_150258.843140,0.9774025678634644,0.9206305742263794,0.9696568846702576,0.022597432136535645,0.0793694257736206,0.03034311532974243,3.628204822540283,179.17787170410156,-177.80181884765625,-3.628204822540283,-0.25492146611213684,0.13298961520195007,39157,-0.1972302496433258,-0.05195724964141846,-0.005733966827392578,0.1468833088874817,0.022886550053954124,-0.03678023815155029,2222.343994140625,1238.60009765625,-3303.52783203125
20251024_150258.852924,0.9774904251098633,0.9224425554275513,0.9696382880210876,0.02250957489013672,0.07755744457244873,0.030361711978912354,3.512620449066162,179.52001953125,-177.66058349609375,-3.512620449066162,-0.26179078221321106,0.11060507595539093,39511,-0.1973511278629303,-0.05235183238983154,-0.012087821960449219,0.14631223678588867,0.023157190531492233,-0.05886435508728027,2171.6083984375,1239.384765625,-2899.169921875
20251024_150258.862575,0.9774605631828308,0.9243975281715393,0.9695631265640259,0.02253943681716919,0.0756024718284607,0.03043687343597412,3.6302013397216797,-179.89295959472656,-177.6810760498047,-3.6302013397216797,-0.2994416356086731,0.18994131684303284,39229,-0.1978396773338318,-0.05274702236056328,-0.048854947090148926,0.14650633931159973,0.023427484557032585,0.02000749111175537,2116.869140625,1240.1505126953125,-3127.956298828125
20251024_150258.873222,0.977647602558136,0.9261351227760315,0.9695622324943542,0.022352397441864014,0.0738648772239685,0.030437767505645752,3.5247671604156494,179.8958740234375,-177.39817810058594,-3.5247671604156494,-0.25156933069229126,0.04367103800177574,39528,-0.1978454887866974,-0.05314270779490471,-0.0005811452865600586,0.1452905833721161,0.023696836084127426,-0.12531638145446777,2068.216552734375,1240.8978271484375,-2780.1513671875
20251024_150258.882582,0.9778186678886414,0.9277285933494568,0.9697129726409912,0.022181332111358643,0.07227140665054321,0.03028702735900879,3.424389600753784,-179.8762969970703,-177.24195861816406,-3.424389600753784,-0.1524219959974289,0.05352892726659775,39715,-0.19686567783355713,-0.05353741720318794,0.09798109531402588,0.14417865872383118,0.023964038118720055,-0.11461377143859863,2023.599365234375,1241.6285400390625,-2549.552978515625
20251024_150258.892957,0.9778697490692139,0.929283082485199,0.969761848449707,0.022130250930786133,0.07071691751480103,0.03023815155029297,3.3348686695098877,179.1551971435547,-177.709716796875,-3.3348686695098877,-0.2187095433473587,0.13385215401649475,39735,-0.1965479850769043,-0.05393083021044731,0.0317692756652832,0.14384663105010986,0.024229908362030983,-0.03422439098358154,1980.07373046875,1242.343505859375,-2487.1826171875
20251024_150258.902892,0.9779655337333679,0.9309414029121399,0.9696477651596069,0.02203446626663208,0.06905859708786011,0.030352234840393066,3.3696160316467285,179.91908264160156,-177.6965789794922,-3.3696160316467285,-0.3257683217525482,0.10354319959878922,39523,-0.19728952646255493,-0.054324667900800705,-0.07415413856506348,0.14322403073310852,0.024494895711541176,-0.06417572498321533,1933.6407470703125,1243.0423583984375,-2653.312744140625
20251024_150258.912896,0.9778335690498352,0.9329691529273987,0.9692836999893188,0.022166430950164795,0.06703084707260132,0.030716300010681152,4.117074012756348,179.42251586914062,-178.8107147216797,-4.117074012756348,-0.49101993441581726,0.25725823640823364,38876,-0.1996559500694275,-0.054721616208553314,-0.23664236068725586,0.14408180117607117,0.02476010099053383,0.08841633796691895,1876.86376953125,1243.7227783203125,-3244.39990234375
20251024_150258.922634,0.9780257344245911,0.9343999028205872,0.9691895842552185,0.021974265575408936,0.06560009717941284,0.030810415744781494,3.840711832046509,179.833984375,-178.83102416992188,-3.840711832046509,-0.3165644705295563,0.03910687193274498,39791,-0.2002677023410797,-0.055121537297964096,-0.06117522716522217,0.14283272624015808,0.02502494677901268,-0.12875080108642578,1836.802734375,1244.385986328125,-2289.19970703125
20251024_150258.932963,0.9781882762908936,0.9356530904769897,0.9692361950874329,0.021811723709106445,0.06434690952301025,0.03076380491256714,3.654435634613037,179.5750732421875,-178.6068115234375,-3.654435634613037,-0.2251894623041153,0.05816081538796425,40041,-0.1999647319316864,-0.05552177131175995,0.030297040939331055,0.1417762041091919,0.02528766170144081,-0.10890305042266846,1801.7135009765625,1245.03564453125,-2005.1002197265625
20251024_150258.942924,0.9783217906951904,0.936837375164032,0.9693554639816284,0.02167820930480957,0.06316262483596802,0.030644536018371582,3.5467329025268555,179.20950317382812,-178.41171264648438,-3.5467329025268555,-0.177585631608963,0.07700230926275253,40119,-0.19918948411941528,-0.05592092499136925,0.07752478122711182,0.1409083604812622,0.025548601523041725,-0.08945465087890625,1768.553466796875,1245.6732177734375,-1894.85546875
20251024_150258.952947,0.9785246849060059,0.9380801320075989,0.9693716168403625,0.02147531509399414,0.06191986799240112,0.03062838315963745,3.5440056324005127,178.97543334960938,-178.4464874267578,-3.5440056324005127,-0.2449043244123459,0.029457949101924896,39991,-0.19908449053764343,-0.05631919950246811,0.010499358177185059,0.13958954811096191,0.025807522237300873,-0.1359391212463379,1733.75634765625,1246.298583984375,-1988.410888671875
20251024_150258.962226,0.9786404967308044,0.9394767880439758,0.9693351984024048,0.021359503269195557,0.06052321195602417,0.030664801597595215,3.6759374141693115,179.67369079589844,-178.1078338623047,-3.6759374141693115,-0.2797107994556427,0.08730737864971161,39706,-0.1993212103843689,-0.05671760439872742,-0.023671984672546387,0.13883677124977112,0.02606453187763691,-0.07759392261505127,1694.64990234375,1246.910888671875,-2234.649658203125
20251024_150258.972544,0.9787653088569641,0.9407868385314941,0.9693039655685425,0.02123469114303589,0.05921316146850586,0.03069603443145752,3.5797390937805176,179.94924926757812,-178.2031707763672,-3.5797390937805176,-0.27694201469421387,0.08072146773338318,39809,-0.19952422380447388,-0.05711644887924194,-0.020301342010498047,0.13802549242973328,0.026320096105337143,-0.08362412452697754,1657.968505859375,1247.509521484375,-2096.080810546875
20251024_150258.982694,0.978866696357727,0.9420003890991211,0.9692693948745728,0.02113330364227295,0.057999610900878906,0.030730605125427246,3.6308045387268066,-179.21617126464844,-178.0745086669922,-3.6308045387268066,-0.27973559498786926,0.09601115435361862,39930,-0.1997489333152771,-0.05751572176814079,-0.022470951080322266,0.13736647367477417,0.026574304327368736,-0.06792962551116943,1623.9891357421875,1248.0955810546875,-1941.680908203125
20251024_150258.992923,0.9790627956390381,0.9431166052818298,0.9692540764808655,0.020937204360961914,0.056883394718170166,0.03074592351913452,3.599628210067749,-179.3851776123047,-177.53114318847656,-3.599628210067749,-0.2677207887172699,0.03153203800320625,40055,-0.1998485028743744,-0.05791532248258591,-0.009956955909729004,0.13609182834625244,0.026826728135347366,-0.13138651847839355,1592.735107421875,1248.6700439453125,-1785.9459228515625
20251024_150259.002127,0.9791491031646729,0.944531261920929,0.9691051244735718,0.02085089683532715,0.055468738079071045,0.030894875526428223,84.83521270751953,-132.50384521484375,46.789634704589844,15.0,-0.3559514880180359,0.10478224605321884,39538,-0.20081669092178345,-0.05831598490476608,-0.09681880474090576,0.13553082942962646,0.027077456936240196,-0.05782604217529297,1553.1246337890625,1249.2318115234375,-2263.45068359375
20251024_150259.012238,0.9794060587882996,0.9455217123031616,0.9691999554634094,0.02059394121170044,0.05447828769683838,0.030800044536590576,3.7277023792266846,178.85116577148438,-177.92449951171875,-3.7277023792266846,-0.19727714359760284,-0.010973524302244186,40190,-0.20020028948783875,-0.05871700495481491,0.061640143394470215,0.13386061787605286,0.027326125651597977,-0.17216026782989502,1525.39208984375,1249.781494140625,-1584.7205810546875
20251024_150259.023011,0.9795227646827698,0.9466031789779663,0.969169020652771,0.020477235317230225,0.05339682102203369,0.030830979347229004,3.7718276977539062,179.51329040527344,-178.0382537841797,-3.7718276977539062,-0.27962660789489746,0.08248163014650345,40015,-0.20040136575698853,-0.05911760404706001,-0.020107626914978027,0.13310202956199646,0.027572551742196083,-0.07819294929504395,1495.1109619140625,1250.3209228515625,-1730.3466796875
20251024_150259.032837,0.979693591594696,0.9476599097251892,0.9692321419715881,0.020306408405303955,0.05234009027481079,0.030767858028411865,3.723160982131958,179.93980407714844,-178.2071075439453,-3.723160982131958,-0.2184802144765854,0.045354876667261124,40025,-0.19999107718467712,-0.0595179982483387,0.04102885723114014,0.1319916546344757,0.02781725488603115,-0.11445403099060059,1465.5225830078125,1250.849609375,-1690.7691650390625
20251024_150259.043036,0.979850709438324,0.9488063454627991,0.9692093729972839,0.020149290561676025,0.05119365453720093,0.030790627002716064,3.657278537750244,-179.70579528808594,-178.4768829345703,-3.657278537750244,-0.2748570442199707,0.053761422634124756,39850,-0.20013907551765442,-0.059918127954006195,-0.014799833297729492,0.13097038865089417,0.02805998921394348,-0.10526895523071289,1433.42236328125,1251.3671875,-1834.297119140625
20251024_150259.052951,0.9801449179649353,0.9498288035392761,0.9692365527153015,0.019855082035064697,0.05017119646072388,0.030763447284698486,3.647564649581909,-179.8323516845703,-178.467529296875,-3.647564649581909,-0.24261382222175598,-0.03976166620850563,40020,-0.19996240735054016,-0.0603182278573513,0.01766681671142578,0.12905803322792053,0.02830001525580883,-0.19711971282958984,1404.79345703125,1251.8740234375,-1635.932861328125
20251024_150259.062611,0.9803965091705322,0.9506871104240417,0.9692779779434204,0.019603490829467773,0.04931288957595825,0.03072202205657959,3.555198907852173,-179.95677185058594,-178.06959533691406,-3.555198907852173,-0.23348462581634521,-0.012606651522219181,40259,-0.19969314336776733,-0.060717884451150894,0.026926398277282715,0.12742269039154053,0.02853676676750183,-0.16856610774993896,1380.7608642578125,1252.3714599609375,-1373.291015625
20251024_150259.072867,0.980652928352356,0.951447606086731,0.9694198966026306,0.019347071647644043,0.04855239391326904,0.030580103397369385,3.516031265258789,179.8096160888672,-178.00753784179688,-3.516031265258789,-0.16763989627361298,-0.017274416983127594,40395,-0.198770672082901,-0.06111634895205498,0.0922471284866333,0.12575596570968628,0.02877046912908554,-0.17180085182189941,1359.467041015625,1252.86083984375,-1216.7930908203125
20251024_150259.082940,0.9807707071304321,0.9523709416389465,0.9694553017616272,0.01922929286956787,0.04762905836105347,0.030544698238372803,3.420449733734131,179.0843505859375,-178.50596618652344,-3.420449733734131,-0.23704084753990173,0.07508055120706558,40109,-0.19854053854942322,-0.06151365861296654,0.02301335334777832,0.12499040365219116,0.029001927003264427,-0.07891178131103516,1333.6136474609375,1253.3416748046875,-1477.3369140625
20251024_150259.092886,0.9810055494308472,0.9531990885734558,0.9695194363594055,0.018994450569152832,0.04680091142654419,0.030480563640594482,3.330754280090332,179.22377014160156,-178.4488067626953,-3.330754280090332,-0.2183464914560318,-0.0046491422690451145,40239,-0.19812366366386414,-0.061910323798656464,0.0416874885559082,0.12346392869949341,0.029231270775198936,-0.15734434127807617,1310.425537109375,1253.8138427734375,-1325.03515625
20251024_150259.102708,0.9813053011894226,0.9541960954666138,0.969722330570221,0.018694698810577393,0.04580390453338623,0.030277669429779053,3.061413526535034,-179.9918212890625,-178.50045776367188,-3.061413526535034,-0.12722887098789215,-0.04986073076725006,39941,-0.19680485129356384,-0.062305252999067307,0.1318812370300293,0.12151554226875305,0.02945740520954132,-0.20083367824554443,1282.50927734375,1254.27685546875,-1595.2110595703125
20251024_150259.112664,0.9815569519996643,0.9552026391029358,0.9697762131690979,0.018443048000335693,0.04479736089706421,0.0302237868309021,3.0826802253723145,-179.44444274902344,-178.4180145263672,-3.0826802253723145,-0.22412943840026855,-0.0190459992736578,39898,-0.19645461440086365,-0.06269851326942444,0.03502368927001953,0.119879812002182,0.02968023158609867,-0.16860604286193848,1254.3260498046875,1254.7298583984375,-1610.4698486328125
20251024_150259.123074,0.9818901419639587,0.9561724066734314,0.9697676301002502,0.01810985803604126,0.043827593326568604,0.030232369899749756,3.1661534309387207,-179.47817993164062,-178.2344512939453,-3.1661534309387207,-0.26518088579177856,-0.07562364637851715,39930,-0.1965104043483734,-0.06309147924184799,-0.0055789947509765625,0.11771407723426819,0.02989954873919487,-0.2232372760772705,1227.172607421875,1255.1729736328125,-1551.628173828125
20251024_150259.132909,0.9821330308914185,0.956850528717041,0.9696886539459229,0.017866969108581543,0.043149471282958984,0.03031134605407715,3.2763783931732178,-179.82839965820312,-177.9039764404297,-3.2763783931732178,-0.31184324622154236,-0.01648487150669098,40378,-0.19702374935150146,-0.06348501145839691,-0.051334500312805176,0.11613529920578003,0.030115410685539246,-0.16273558139801025,1208.1851806640625,1255.60791015625,-1084.9952392578125
20251024_150259.142908,0.9824132919311523,0.9574782252311707,0.9700429439544678,0.017586708068847656,0.042521774768829346,0.029957056045532227,3.122131586074829,179.75001525878906,-177.76412963867188,-3.122131586074829,-0.028309114277362823,-0.04313316196203232,40442,-0.19472086429595947,-0.06387675553560257,0.23028850555419922,0.11431360244750977,0.030328132212162018,-0.1877748966217041,1190.6097412109375,1256.0362548828125,-1004.314453125
20251024_150259.152804,0.9826326966285706,0.9580860137939453,0.9699761867523193,0.017367303371429443,0.04191398620605469,0.030023813247680664,3.2291760444641113,179.70309448242188,-177.6201629638672,-3.2291760444641113,-0.3028135895729065,-0.0035758190788328648,40457,-0.19515478610992432,-0.0642666295170784,-0.043392181396484375,0.11288747191429138,0.030537856742739677,-0.14700114727020264,1173.591552734375,1256.45849609375,-972.461669921875
20251024_150259.162819,0.9827550649642944,0.9592108130455017,0.969854474067688,0.017244935035705566,0.04078918695449829,0.03014552593231201,3.4009358882904053,179.02841186523438,-178.86390686035156,-3.4009358882904053,-0.3397168815135956,0.06085082143545151,39599,-0.19594591856002808,-0.06465773284435272,-0.07911324501037598,0.11209207773208618,0.030745530501008034,-0.08198678493499756,1142.0972900390625,1256.8719482421875,-1799.6788330078125
20251024_150259.172788,0.9831250309944153,0.9601652026176453,0.9699363112449646,0.016874969005584717,0.039834797382354736,0.0300636887550354,3.4353299140930176,179.377685546875,-179.11477661132812,-3.4353299140930176,-0.20726890861988068,-0.10723969340324402,39845,-0.1954139769077301,-0.06504908949136734,0.05319416522979736,0.10968729853630066,0.03095024824142456,-0.24787724018096924,1115.374267578125,1257.2750244140625,-1527.0233154296875
20251024_150259.182853,0.9834856986999512,0.9610832333564758,0.9700526595115662,0.016514301300048828,0.03891676664352417,0.029947340488433838,3.4261415004730225,179.74908447265625,-178.63343811035156,-3.4261415004730225,-0.1844705045223236,-0.10315381735563278,39878,-0.19465771317481995,-0.06543916463851929,0.07562637329101562,0.10734295845031738,0.031150585040450096,-0.2416473627090454,1089.66943359375,1257.6688232421875,-1468.84912109375
20251024_150259.193070,0.9837879538536072,0.9618120789527893,0.9701996445655823,0.016212046146392822,0.03818792104721069,0.029800355434417725,3.3281409740448,179.9855194091797,-178.73687744140625,-3.3281409740448,-0.16398954391479492,-0.065785713493824,40161,-0.1937023103237152,-0.06582752615213394,0.09554028511047363,0.10537829995155334,0.031346943229436874,-0.20251095294952393,1069.2618408203125,1258.0543212890625,-1166.1529541015625
20251024_150259.203116,0.9840667247772217,0.9624497890472412,0.9703763127326965,0.01593327522277832,0.03755021095275879,0.029623687267303467,3.217539072036743,-179.87501525878906,-178.72181701660156,-3.217539072036743,-0.14393344521522522,-0.051670413464307785,40289,-0.19255396723747253,-0.06621377915143967,0.11483430862426758,0.10356628894805908,0.03153981640934944,-0.1867765188217163,1051.4058837890625,1258.43310546875,-1020.336181640625
20251024_150259.212704,0.9843606352806091,0.9629859328269958,0.970577597618103,0.01563936471939087,0.03701406717300415,0.029422402381896973,3.161513328552246,179.76654052734375,-178.5592498779297,-3.161513328552246,-0.12700802087783813,-0.06353491544723511,40437,-0.19124561548233032,-0.066597580909729,0.1308351755142212,0.10165587067604065,0.03172925114631653,-0.19692003726959229,1036.3939208984375,1258.805908203125,-857.830078125
20251024_150259.222937,0.9847142696380615,0.9635594487190247,0.9707967638969421,0.015285730361938477,0.03644055128097534,0.02920323610305786,3.2085299491882324,179.2797393798828,-178.32266235351562,-3.2085299491882324,-0.114341601729393,-0.10566297173500061,40361,-0.1898210346698761,-0.06697864830493927,0.14245808124542236,0.0993572473526001,0.03191480040550232,-0.23693501949310303,1020.33544921875,1259.173095703125,-917.6254272460938
20251024_150259.232762,0.9850525259971619,0.9642249345779419,0.9709793329238892,0.014947474002838135,0.035775065422058105,0.02902066707611084,3.1108181476593018,178.8519744873047,-178.05374145507812,-3.1108181476593018,-0.1373215764760971,-0.0973769798874855,40196,-0.18863433599472046,-0.06735710054636002,0.11866986751556396,0.09715858101844788,0.032096199691295624,-0.226631760597229,1001.7018432617188,1259.5341796875,-1064.77734375
20251024_150259.242725,0.9854527711868286,0.9649372696876526,0.9711011648178101,0.014547228813171387,0.03506273031234741,0.02889883518218994,3.023845672607422,178.7679901123047,-178.19862365722656,-3.023845672607422,-0.17638526856899261,-0.14133411645889282,40101,-0.18784242868423462,-0.06773357838392258,0.07919073104858398,0.09455698728561401,0.03227316960692406,-0.2681642770767212,981.7564697265625,1259.888427734375,-1139.7362060546875
20251024_150259.253069,0.9857775568962097,0.9656639099121094,0.9712616801261902,0.014222443103790283,0.034336090087890625,0.028738319873809814,3.032773494720459,178.85972595214844,-177.8719940185547,-3.032773494720459,-0.15057234466075897,-0.09271475672721863,40059,-0.1867990791797638,-0.0681082159280777,0.10433495044708252,0.09244588017463684,0.03244578838348389,-0.21760642528533936,961.4105224609375,1260.2353515625,-1162.6243896484375
20251024_150259.262765,0.9861748814582825,0.9663726687431335,0.9714465737342834,0.01382511854171753,0.033627331256866455,0.028553426265716553,3.065669059753418,179.3113555908203,-178.0947265625,-3.065669059753418,-0.13389703631401062,-0.14373011887073517,40068,-0.1855972707271576,-0.06848061829805374,0.12018084526062012,0.08986327052116394,0.03261407092213631,-0.2662074565887451,941.5652465820312,1260.5751953125,-1134.01416015625
20251024_150259.272893,0.9865455627441406,0.9670457243919373,0.9716251492500305,0.013454437255859375,0.032954275608062744,0.028374850749969482,2.9810421466827393,179.66961669921875,-178.2568817138672,-2.9810421466827393,-0.1372130960226059,-0.12812486290931702,40106,-0.18443652987480164,-0.06885065138339996,0.1160740852355957,0.08745384216308594,0.03277774900197983,-0.24835646152496338,922.7197265625,1260.9080810546875,-1076.8890380859375
20251024_150259.282737,0.9868099689483643,0.96788090467453,0.971718430519104,0.013190031051635742,0.03211909532546997,0.028281569480895996,2.958142042160034,-179.97630310058594,-178.41799926757812,-2.958142042160034,-0.19241629540920258,-0.05847933888435364,39824,-0.18383020162582397,-0.06921891868114471,0.06063282489776611,0.08573520183563232,0.03293761610984802,-0.17715215682983398,899.3346557617188,1261.2335205078125,-1336.2884521484375
20251024_150259.292489,0.9871599078178406,0.9685294032096863,0.9719074368476868,0.012840092182159424,0.03147059679031372,0.028092563152313232,2.8565049171447754,179.8439178466797,-178.00596618652344,-2.8565049171447754,-0.12933290004730225,-0.1179046481847763,40105,-0.182601660490036,-0.06958534568548203,0.12285411357879639,0.08346059918403625,0.03309379518032074,-0.2344590425491333,881.1766967773438,1261.5513916015625,-1037.59765625
20251024_150259.302572,0.9875844120979309,0.9691274166107178,0.9723649621009827,0.012415587902069092,0.030872583389282227,0.027635037899017334,2.570037841796875,179.38475036621094,-177.7281036376953,-2.570037841796875,0.047816090285778046,-0.1704712212085724,40169,-0.17962774634361267,-0.06994757801294327,0.297391414642334,0.0807013213634491,0.033245332539081573,-0.28441786766052246,864.4323120117188,1261.8631591796875,-956.8214111328125
20251024_150259.312639,0.987982451915741,0.9696831107139587,0.9724755883216858,0.012017548084259033,0.03031688928604126,0.02752441167831421,2.780759572982788,178.85055541992188,-177.79966735839844,-2.780759572982788,-0.17730773985385895,-0.1551806926727295,40221,-0.17890867590904236,-0.07030611485242844,0.07190704345703125,0.07811406254768372,0.03339193016290665,-0.26668667793273926,848.8729248046875,1262.1690673828125,-889.110595703125
20251024_150259.322422,0.9883891940116882,0.9702447056770325,0.9727059602737427,0.011610805988311768,0.02975529432296753,0.027294039726257324,2.874305248260498,178.6885528564453,-177.6697998046875,-2.874305248260498,-0.09833192080259323,-0.16351325809955597,40197,-0.1774112582206726,-0.07066243141889572,0.1497417688369751,0.07547023892402649,0.03353369981050491,-0.27251720428466797,833.1482543945312,1262.469482421875,-898.5519409179688
20251024_150259.332446,0.9887675046920776,0.9708470106124878,0.9729538559913635,0.011232495307922363,0.029152989387512207,0.027046144008636475,2.882240056991577,178.96627807617188,-177.92938232421875,-2.882240056991577,-0.08568336814641953,-0.1467861831188202,40115,-0.17579993605613708,-0.07101564854383469,0.16113221645355225,0.07301121950149536,0.033670760691165924,-0.2534681558609009,816.28369140625,1262.7640380859375,-963.6878662109375
20251024_150259.342504,0.9891912341117859,0.9715290069580078,0.9731784462928772,0.010808765888214111,0.028470993041992188,0.026821553707122803,2.7522993087768555,179.65042114257812,-177.962890625,-2.7522993087768555,-0.09972219169139862,-0.17983873188495636,39969,-0.17434009909629822,-0.07136578857898712,0.14598369598388672,0.07025697827339172,0.03380300849676132,-0.2838987112045288,797.1878051757812,1263.0521240234375,-1091.194091796875
20251024_150259.352497,0.9896205067634583,0.9722819924354553,0.9733332395553589,0.010379493236541748,0.027718007564544678,0.026666760444641113,2.7756187915802,-179.3564910888672,-178.20785522460938,-2.7756187915802,-0.14443178474903107,-0.1862158328294754,39834,-0.17333394289016724,-0.07171346247196198,0.10061562061309814,0.06746670603752136,0.03393013775348663,-0.2876126766204834,776.1041870117188,1263.3331298828125,-1204.7767333984375
20251024_150259.362394,0.9900132417678833,0.9729980230331421,0.973520040512085,0.0099867582321167,0.02700197696685791,0.02647995948791504,2.806675910949707,-178.73081970214844,-178.29412841796875,-2.806675910949707,-0.12275803089141846,-0.16416619718074799,39874,-0.17211973667144775,-0.07205891609191895,0.12142062187194824,0.06491392850875854,0.03405233472585678,-0.2631324529647827,756.0553588867188,1263.606689453125,-1145.64892578125
20251024_150259.372503,0.9904334545135498,0.9736155867576599,0.9737563133239746,0.009566545486450195,0.026384413242340088,0.02624368667602539,2.801710605621338,-178.7678680419922,-178.46800231933594,-2.801710605621338,-0.08940824866294861,-0.1851903349161148,40014,-0.17058396339416504,-0.07240161299705505,0.15357732772827148,0.06218254566192627,0.03416965529322624,-0.2815425395965576,738.7635498046875,1263.8736572265625,-988.1019287109375
20251024_150259.382408,0.9908320307731628,0.9742317795753479,0.9739940166473389,0.009167969226837158,0.0257682204246521,0.026005983352661133,2.7736093997955322,-178.98716735839844,-178.02452087402344,-2.7736093997955322,-0.08727297186851501,-0.1731722354888916,39999,-0.16903889179229736,-0.07274124026298523,0.15450716018676758,0.05959179997444153,0.03428206220269203,-0.26704609394073486,721.5101928710938,1264.1343994140625,-985.9085083007812
20251024_150259.392812,0.9912095069885254,0.9747570157051086,0.974316418170929,0.00879049301147461,0.025242984294891357,0.025683581829071045,2.8077409267425537,-179.56666564941406,-177.486083984375,-2.8077409267425537,-0.030459513887763023,-0.1613810509443283,40130,-0.1669432818889618,-0.07307722419500351,0.20956099033355713,0.05713820457458496,0.034389812499284744,-0.2529090642929077,706.8035888671875,1264.389404296875,-840.3778076171875
20251024_150259.402559,0.9916574954986572,0.9751982092857361,0.974593460559845,0.008342504501342773,0.024801790714263916,0.02540653944015503,2.7209606170654297,179.9068603515625,-177.1903839111328,-2.7209606170654297,-0.058474261313676834,-0.21143341064453125,40253,-0.1651425063610077,-0.073409304022789,0.18007755279541016,0.05422627925872803,0.0344926081597805,-0.3001523017883301,694.4501342773438,1264.6396484375,-705.9097290039062
20251024_150259.412392,0.992123544216156,0.9756479859352112,0.9749138951301575,0.007876455783843994,0.02435201406478882,0.02508610486984253,2.5669803619384766,179.635498046875,-177.20367431640625,-2.5669803619384766,-0.028514720499515533,-0.22646576166152954,40227,-0.16305968165397644,-0.07373750954866409,0.208282470703125,0.05119696259498596,0.03458992391824722,-0.31225264072418213,681.8563842773438,1264.8853759765625,-719.6426391601562
20251024_150259.422590,0.992615282535553,0.9761543273925781,0.975322425365448,0.0073847174644470215,0.023845672607421875,0.024677574634552002,2.236715316772461,179.62066650390625,-177.12474060058594,-2.236715316772461,0.031079445034265518,-0.24678252637386322,40122,-0.160404235124588,-0.07406097650527954,0.2655446529388428,0.04800066351890564,0.03468149155378342,-0.3294646739959717,667.6788330078125,1265.12646484375,-810.1463623046875
20251024_150259.432651,0.992993175983429,0.9766289591789246,0.9754221439361572,0.007006824016571045,0.02337104082107544,0.024577856063842773,2.2892398834228516,-179.97811889648438,-177.25006103515625,-2.2892398834228516,-0.16932012140750885,-0.17287641763687134,40160,-0.15975606441497803,-0.07438113540410995,0.06481707096099854,0.04554435610771179,0.034767840057611465,-0.2531886100769043,654.38916015625,1265.362548828125,-759.410888671875
20251024_150259.442402,0.9933937788009644,0.9774563312530518,0.9755502343177795,0.0066062211990356445,0.022543668746948242,0.02444976568222046,2.50986647605896,179.98709106445312,-178.33145141601562,-2.50986647605896,-0.15036454796791077,-0.19061392545700073,39573,-0.15892347693443298,-0.07469981163740158,0.0832587480545044,0.04294043779373169,0.03484951704740524,-0.26840388774871826,631.2227172851562,1265.592041015625,-1323.7952880859375
20251024_150259.452471,0.993833065032959,0.9780031442642212,0.9758756160736084,0.006166934967041016,0.02199685573577881,0.0241243839263916,2.577897310256958,-179.6553497314453,-178.2729949951172,-2.577897310256958,-0.020325899124145508,-0.21931053698062897,40006,-0.1568084955215454,-0.07501554489135742,0.21149814128875732,0.0400850772857666,0.0349261574447155,-0.29432177543640137,615.9119873046875,1265.8148193359375,-874.9008178710938
20251024_150259.462567,0.9942912459373474,0.9785872101783752,0.9761383533477783,0.005708754062652588,0.021412789821624756,0.02386164665222168,2.499812364578247,-179.51727294921875,-178.34219360351562,-2.499812364578247,-0.05964893102645874,-0.23487688601016998,39931,-0.15510070323944092,-0.07532745599746704,0.17077922821044922,0.03710690140724182,0.03499741107225418,-0.3069812059402466,599.55810546875,1266.0318603515625,-934.5054931640625
20251024_150259.472490,0.9947360157966614,0.979066789150238,0.9764421582221985,0.005263984203338623,0.020933210849761963,0.023557841777801514,2.4339041709899902,-179.57386779785156,-178.18699645996094,-2.4339041709899902,-0.03128848597407341,-0.2287166565656662,40085,-0.15312597155570984,-0.07563567906618118,0.1974731683731079,0.03421589732170105,0.0350632481276989,-0.29799580574035645,586.1298828125,1266.2435302734375,-767.3263549804688
20251024_150259.482401,0.9952004551887512,0.9794540405273438,0.9767588973045349,0.004799544811248779,0.02054595947265625,0.023241102695465088,2.427708387374878,-179.86764526367188,-178.02590942382812,-2.427708387374878,-0.021126639097929,-0.24485372006893158,40222,-0.15106716752052307,-0.07593987137079239,0.20588040351867676,0.031197041273117065,0.03512362763285637,-0.3111743927001953,575.286865234375,1266.450927734375,-619.6021728515625
20251024_150259.492626,0.9956062436103821,0.9797683358192444,0.9771038889884949,0.00439375638961792,0.020231664180755615,0.022896111011505127,2.446937322616577,179.8011016845703,-177.85499572753906,-2.446937322616577,-0.0008198933210223913,-0.208140030503273,40330,-0.14882472157478333,-0.07623976469039917,0.2242445945739746,0.02855941653251648,0.035178788006305695,-0.2718782424926758,566.486572265625,1266.65478515625,-502.8724670410156
20251024_150259.502504,0.996051013469696,0.980180561542511,0.977481484413147,0.003948986530303955,0.019819438457489014,0.022518515586853027,2.444383382797241,179.52281188964844,-177.8590087890625,-2.444383382797241,0.02253171242773533,-0.2370985448360443,40162,-0.14637035131454468,-0.07653496414422989,0.24543702602386475,0.025668412446975708,0.03522884473204613,-0.29799580574035645,554.9442749023438,1266.8551025390625,-659.5611572265625
20251024_150259.512183,0.9965335130691528,0.9806548357009888,0.97780841588974,0.003466486930847168,0.01934516429901123,0.02219158411026001,2.3169002532958984,179.57513427734375,-177.879150390625,-2.3169002532958984,-0.008565413765609264,-0.2654692232608795,40049,-0.14424529671669006,-0.0768255740404129,0.21250545978546143,0.022532165050506592,0.035273339599370956,-0.32327473163604736,541.6646118164062,1267.0509033203125,-758.838623046875
20251024_150259.522230,0.9970852732658386,0.9813238382339478,0.9780488610267639,0.002914726734161377,0.018676161766052246,0.021951138973236084,2.3063337802886963,179.80751037597656,-177.91824340820312,-2.3063337802886963,-0.06350556761026382,-0.3154219686985016,39719,-0.14268240332603455,-0.07711250334978104,0.15628933906555176,0.01894572377204895,0.03531162440776825,-0.36967933177948,522.9325561523438,1267.240966796875,-1070.404052734375
20251024_150259.532530,0.9976540803909302,0.981895387172699,0.9781632423400879,0.0023459196090698242,0.018104612827301025,0.02183675765991211,86.53492736816406,-124.21525573730469,54.81143569946289,15.0,-0.14498819410800934,-0.33050909638404846,39859,-0.1419389247894287,-0.07739712297916412,0.0743478536605835,0.015248477458953857,0.03534318879246712,-0.38110077381134033,506.9291687011719,1267.4249267578125,-914.478271484375
20251024_150259.543085,0.9980787634849548,0.9822537302970886,0.9786888957023621,0.001921236515045166,0.017746269702911377,0.02131110429763794,2.222750186920166,-179.42771911621094,-178.1410369873047,-2.222750186920166,0.12547491490840912,-0.23668085038661957,40191,-0.1385221779346466,-0.07767758518457413,0.34167468547821045,0.012488037347793579,0.035368792712688446,-0.284537672996521,496.8955383300781,1267.6041259765625,-573.3489990234375
20251024_150259.552939,0.9985231161117554,0.9825965166091919,0.97905433177948,0.001476883888244629,0.017403483390808105,0.02094566822052002,2.223348379135132,-179.36911010742188,-178.03054809570312,-2.223348379135132,0.02343435026705265,-0.25272732973098755,40206,-0.13614684343338013,-0.07795225828886032,0.23753345012664795,0.009599745273590088,0.03538918122649193,-0.29771625995635986,487.29754638671875,1267.7799072265625,-548.4581298828125
20251024_150259.562905,0.9989617466926575,0.9828893542289734,0.979430615901947,0.0010382533073425293,0.01711064577102661,0.02056938409805298,2.38167405128479,-179.50840759277344,-178.0699005126953,-2.38167405128479,0.03266157954931259,-0.2517295777797699,40278,-0.13370099663734436,-0.07822210341691971,0.24458467960357666,0.00674864649772644,0.035404272377491,-0.29388248920440674,479.09808349609375,1267.9525146484375,-468.5401916503906
20251024_150259.573002,0.9994200468063354,0.9832342267036438,0.9797842502593994,0.0005799531936645508,0.0167657732963562,0.020215749740600586,2.408581256866455,-179.77938842773438,-178.01429748535156,-2.408581256866455,0.019972750917077065,-0.26787739992141724,40185,-0.1314023733139038,-0.07848720997571945,0.22986233234405518,0.00376969575881958,0.03541398048400879,-0.3070610761642456,469.441650390625,1268.121826171875,-551.7959594726562
20251024_150259.582843,0.9998977184295654,0.9836582541465759,0.9801079034805298,0.00010228157043457031,0.016341745853424072,0.019892096519470215,2.355290651321411,-179.93572998046875,-177.80674743652344,-2.355290651321411,0.0023280580062419176,-0.2839570939540863,40047,-0.1292986273765564,-0.07874790579080582,0.2103745937347412,0.000664830207824707,0.0354180745780468,-0.3200399875640869,457.5688781738281,1268.2874755859375,-678.4439086914062
20251024_150259.592862,1.000462293624878,0.9841709733009338,0.9804763793945312,-0.0004622936248779297,0.015829026699066162,0.01952362060546875,2.431703805923462,179.64442443847656,-177.81112670898438,-2.431703805923462,0.03360170125961304,-0.34585437178611755,39891,-0.12690353393554688,-0.07900410890579224,0.23950934410095215,-0.003004908561706543,0.03541591390967369,-0.378265380859375,443.2127380371094,1268.4482421875,-820.3506469726562
20251024_150259.602856,1.0009716749191284,0.9845741391181946,0.9808635115623474,-0.000971674919128418,0.01542586088180542,0.019136488437652588,2.316532850265503,179.99078369140625,-177.9073486328125,-2.316532850265503,0.04799333214759827,-0.3121940493583679,40055,-0.12438717484474182,-0.07925540208816528,0.25163590908050537,-0.006315886974334717,0.03540731221437454,-0.34128546714782715,431.9241027832031,1268.6044921875,-645.0653076171875
20251024_150259.612893,1.0014612674713135,0.984978199005127,0.9811919331550598,-0.0014612674713134766,0.015021800994873047,0.018808066844940186,2.2607085704803467,-179.6272735595703,-177.88343811035156,-2.2607085704803467,0.011719560250639915,-0.3021325469017029,40042,-0.1222524344921112,-0.07950203865766525,0.21347403526306152,-0.009498238563537598,0.03539271280169487,-0.32802700996398926,420.61041259765625,1268.7568359375,-646.495849609375
20251024_150259.622816,1.0019769668579102,0.9853430390357971,0.9815554022789001,-0.0019769668579101562,0.01465696096420288,0.018444597721099854,2.3866453170776367,-179.34649658203125,-178.030029296875,-2.3866453170776367,0.036620862782001495,-0.3229967951774597,40095,-0.11988988518714905,-0.07974418252706528,0.23625493049621582,-0.012850284576416016,0.03537208214402199,-0.3455185890197754,410.3948974609375,1268.9051513671875,-583.7440185546875
20251024_150259.632558,1.0024826526641846,0.985733151435852,0.9819024801254272,-0.0024826526641845703,0.01426684856414795,0.018097519874572754,2.3752591609954834,-179.24778747558594,-178.07264709472656,-2.3752591609954834,0.027985014021396637,-0.3196014165878296,40044,-0.1176338791847229,-0.07998170703649521,0.22560060024261475,-0.016137242317199707,0.035345327109098434,-0.3388094902038574,399.4717712402344,1269.0498046875,-624.1798095703125
20251024_150259.642853,1.0029970407485962,0.986093282699585,0.9822759628295898,-0.0029970407485961914,0.013906717300415039,0.017724037170410156,2.242840051651001,-179.1720733642578,-178.04348754882812,-2.242840051651001,0.04734296724200249,-0.32880833745002747,40082,-0.11520624160766602,-0.08021454513072968,0.24276375770568848,-0.019480764865875244,0.03531244769692421,-0.34464001655578613,389.3880920410156,1269.190673828125,-576.2100219726562
20251024_150259.652790,1.0034831762313843,0.9863327145576477,0.9827024936676025,-0.0034831762313842773,0.013667285442352295,0.01729750633239746,2.149423360824585,-179.54090881347656,-177.8796844482422,-2.149423360824585,0.08436906337738037,-0.3130778670310974,40268,-0.1124337911605835,-0.08044219017028809,0.27724504470825195,-0.022640645503997803,0.03527356684207916,-0.3257107734680176,382.6839904785156,1269.3284912109375,-383.0909729003906
20251024_150259.662493,1.0040676593780518,0.9864134192466736,0.9832018613815308,-0.004067659378051758,0.013586580753326416,0.01679813861846924,2.1531527042388916,-179.33685302734375,-177.2655029296875,-2.1531527042388916,0.1347372978925705,-0.38281524181365967,40520,-0.10918790102005005,-0.08066380769014359,0.3245890140533447,-0.026439785957336426,0.03522825986146927,-0.3916037082672119,380.42425537109375,1269.46484375,-129.12750244140625
20251024_150259.672937,1.0045263767242432,0.9869272112846375,0.9834820032119751,-0.004526376724243164,0.013072788715362549,0.016517996788024902,2.3504343032836914,179.5331573486328,-177.780517578125,-2.3504343032836914,-0.006155152805149555,-0.3015853762626648,39813,-0.10736697912216187,-0.08088036626577377,0.18209218978881836,-0.029421448707580566,0.03517669811844826,-0.3073406219482422,366.0380859375,1269.59814453125,-822.0672607421875
20251024_150259.682428,1.005129337310791,0.9871140122413635,0.9839608669281006,-0.005129337310791016,0.012885987758636475,0.016039133071899414,2.297109603881836,179.98191833496094,-177.26007080078125,-2.297109603881836,0.125915065407753,-0.40220552682876587,40331,-0.10425436496734619,-0.0810919851064682,0.3112614154815674,-0.0333406925201416,0.03511876240372658,-0.40398359298706055,360.8076477050781,1269.7279052734375,-298.88153076171875
20251024_150259.692401,1.0056530237197876,0.9874122738838196,0.9843547940254211,-0.005653023719787598,0.01258772611618042,0.015645205974578857,2.3781001567840576,179.95346069335938,-177.2726593017578,-2.3781001567840576,0.07306084036827087,-0.35256049036979675,40145,-0.10169383883476257,-0.08129793405532837,0.2560526132583618,-0.036744654178619385,0.03505406901240349,-0.35086989402770996,352.4563293457031,1269.855224609375,-477.2186279296875
20251024_150259.702381,1.0061671733856201,0.9877342581748962,0.9847326278686523,-0.006167173385620117,0.01226574182510376,0.015267372131347656,2.4659152030944824,-179.8785858154297,-177.2088165283203,-2.4659152030944824,0.06485521793365479,-0.3495837450027466,40098,-0.09923791885375977,-0.08149886131286621,0.24559199810028076,-0.04008662700653076,0.03498314693570137,-0.3444802761077881,343.4407653808594,1269.9794921875,-515.1748657226562
20251024_150259.712815,1.0067137479782104,0.9880872368812561,0.9851441383361816,-0.006713747978210449,0.011912763118743896,0.01485586166381836,2.364150047302246,-179.46839904785156,-177.35842895507812,-2.364150047302246,0.08922404050827026,-0.3749384880065918,40038,-0.09656310081481934,-0.08169466257095337,0.26748180389404297,-0.04363936185836792,0.03490586206316948,-0.36620497703552246,333.557373046875,1270.1004638671875,-564.7659301757812
20251024_150259.722836,1.0072003602981567,0.9884260296821594,0.9855406284332275,-0.007200360298156738,0.011573970317840576,0.014459371566772461,2.326234817504883,-179.2705841064453,-177.44090270996094,-2.326234817504883,0.0818474292755127,-0.3380102217197418,40052,-0.093985915184021,-0.08188521862030029,0.257718563079834,-0.0468023419380188,0.03482237830758095,-0.32603025436401367,324.0711669921875,1270.2178955078125,-542.0684814453125
20251024_150259.732902,1.0077117681503296,0.9887652397155762,0.9858929514884949,-0.00771176815032959,0.011234760284423828,0.014107048511505127,2.252182960510254,-179.0888671875,-177.3211212158203,-2.252182960510254,0.055243272334337234,-0.3580368459224701,40042,-0.09169581532478333,-0.08207089453935623,0.2290099859237671,-0.050126492977142334,0.03473290428519249,-0.34264326095581055,314.57330322265625,1270.3319091796875,-542.736083984375
20251024_150259.742654,1.008198857307434,0.9890995025634766,0.9862958788871765,-0.008198857307434082,0.010900497436523438,0.013704121112823486,2.217698574066162,-179.1316680908203,-177.3572235107422,-2.217698574066162,0.09057435393333435,-0.3450048565864563,40040,-0.08907678723335266,-0.0822516679763794,0.2619028091430664,-0.05329257249832153,0.034637439996004105,-0.32634973526000977,305.21392822265625,1270.442626953125,-534.820556640625
20251024_150259.752406,1.0087772607803345,0.989319920539856,0.9867212772369385,-0.008777260780334473,0.010680079460144043,0.013278722763061523,2.1939826011657715,-179.95851135253906,-177.3396759033203,-2.1939826011657715,0.107770174741745,-0.41004693508148193,40216,-0.0863116979598999,-0.08242705464363098,0.2765089273452759,-0.05705219507217407,0.03453558310866356,-0.3875303268432617,299.042236328125,1270.550537109375,-352.66876220703125
20251024_150259.762927,1.0093122720718384,0.9895432591438293,0.9871246814727783,-0.009312272071838379,0.010456740856170654,0.01287531852722168,86.75255584716797,-116.5000991821289,63.66244888305664,15.0,0.09592612087726593,-0.3845602869987488,40206,-0.08368957042694092,-0.08259706199169159,0.26221275329589844,-0.06052976846694946,0.03442704677581787,-0.3584575653076172,292.78875732421875,1270.6561279296875,-357.3417663574219
20251024_150259.772704,1.009878158569336,0.9897392988204956,0.9874972701072693,-0.009878158569335938,0.010260701179504395,0.012502729892730713,2.1975114345550537,179.87313842773438,-177.3723602294922,-2.1975114345550537,0.0781528502702713,-0.40904009342193604,40244,-0.08126774430274963,-0.08276201784610748,0.24218261241912842,-0.0642080307006836,0.03431190550327301,-0.37914395332336426,287.29962158203125,1270.759765625,-313.6634826660156
20251024_150259.782911,1.010419249534607,0.9899876117706299,0.9879013299942017,-0.010419249534606934,0.010012388229370117,0.01209867000579834,2.194126844406128,-179.95751953125,-177.59634399414062,-2.194126844406128,0.10107564926147461,-0.39606595039367676,40153,-0.07864135503768921,-0.08292192220687866,0.2626389265060425,-0.06772512197494507,0.03419011831283569,-0.3625309467315674,280.34686279296875,1270.861083984375,-397.30072021484375
20251024_150259.792826,1.0109212398529053,0.9902437329292297,0.9882674813270569,-0.010921239852905273,0.009756267070770264,0.011732518672943115,2.1951417922973633,-179.849365234375,-177.8396453857422,-2.1951417922973633,0.07866016775369644,-0.3732594847679138,40134,-0.07626137137413025,-0.0830768272280693,0.237998366355896,-0.07098805904388428,0.03406207635998726,-0.3363335132598877,273.17547607421875,1270.9599609375,-409.7938537597656
20251024_150259.802918,1.0114256143569946,0.9905540347099304,0.9886263012886047,-0.011425614356994629,0.00944596529006958,0.011373698711395264,2.241194248199463,-179.673095703125,-177.7725067138672,-2.241194248199463,0.0760769173502922,-0.37826940417289734,40039,-0.07392904162406921,-0.0832270160317421,0.23323297500610352,-0.07426649332046509,0.03392799571156502,-0.33793091773986816,264.4870300292969,1271.0560302734375,-496.48284912109375
20251024_150259.813053,1.0119675397872925,0.990858256816864,0.98905348777771,-0.01196753978729248,0.009141743183135986,0.010946512222290039,2.227670669555664,-179.5481414794922,-177.76852416992188,-2.227670669555664,0.12314678728580475,-0.4070914089679718,40040,-0.07115232944488525,-0.083372101187706,0.277671217918396,-0.07778900861740112,0.03378763794898987,-0.36309003829956055,255.96881103515625,1271.14892578125,-486.75537109375
20251024_150259.823182,1.0125402212142944,0.9911167621612549,0.9894617199897766,-0.012540221214294434,0.008883237838745117,0.010538280010223389,2.00727915763855,-179.75079345703125,-177.52886962890625,-2.00727915763855,0.113340362906456,-0.43156740069389343,40106,-0.06849882006645203,-0.08351175487041473,0.26535093784332275,-0.08151143789291382,0.03364058956503868,-0.3836965560913086,248.73065185546875,1271.239013671875,-413.6085510253906
20251024_150259.832780,1.0130550861358643,0.9912742972373962,0.9898364543914795,-0.013055086135864258,0.00872570276260376,0.010163545608520508,1.9703292846679688,-179.7947998046875,-177.395751953125,-1.9703292846679688,0.09386800229549408,-0.3963305354118347,40263,-0.0660630464553833,-0.08364631235599518,0.24357736110687256,-0.08485805988311768,0.03348701819777489,-0.3449594974517822,244.31967163085938,1271.3270263671875,-252.05612182617188
20251024_150259.842810,1.013577938079834,0.9914197325706482,0.9901806712150574,-0.013577938079833984,0.008580267429351807,0.009819328784942627,2.094440460205078,179.7668914794922,-177.58917236328125,-2.094440460205078,0.07613909989595413,-0.40524017810821533,40278,-0.06382563710212708,-0.08377619832754135,0.22374093532562256,-0.0882565975189209,0.03332722187042236,-0.3503108024597168,240.2474822998047,1271.41357421875,-232.696533203125
20251024_150259.852835,1.0141890048980713,0.9915131330490112,0.990617036819458,-0.014189004898071289,0.00848686695098877,0.009382963180541992,1.9928885698318481,179.0203399658203,-177.26235961914062,-1.9928885698318481,0.13874736428260803,-0.4684826731681824,40359,-0.06098926067352295,-0.08390101790428162,0.2836376428604126,-0.09222853183746338,0.03316061943769455,-0.40941476821899414,237.6322784423828,1271.4989013671875,-149.44076538085938
20251024_150259.862857,1.0147150754928589,0.9916373491287231,0.9910386800765991,-0.014715075492858887,0.008362650871276855,0.008961319923400879,2.0712685585021973,178.87474060058594,-177.52870178222656,-2.0712685585021973,0.13179928064346313,-0.41512808203697205,40306,-0.05824857950210571,-0.08402025699615479,0.27406811714172363,-0.09564799070358276,0.032987192273139954,-0.35246729850769043,234.1542205810547,1271.583251953125,-198.7457275390625
20251024_150259.872781,1.015234112739563,0.9917645454406738,0.9914029836654663,-0.015234112739562988,0.008235454559326172,0.008597016334533691,2.0671164989471436,178.81118774414062,-177.68716430664062,-2.0671164989471436,0.09678234159946442,-0.4139691889286041,40298,-0.055880606174468994,-0.08413438498973846,0.23679733276367188,-0.09902173280715942,0.032807499170303345,-0.34775495529174805,230.5927276611328,1271.6661376953125,-203.51409912109375
20251024_150259.882765,1.0157806873321533,0.9919164180755615,0.9918040633201599,-0.01578068733215332,0.008083581924438477,0.008195936679840088,2.1592507362365723,179.03140258789062,-177.8944854736328,-2.1592507362365723,0.12318465113639832,-0.43615803122520447,40255,-0.05327358841896057,-0.0842435359954834,0.2607017755508423,-0.10257446765899658,0.03262140974402428,-0.36620497703552246,226.34030151367188,1271.747802734375,-242.9962158203125
20251024_150259.892693,1.0164375305175781,0.992033839225769,0.9921934604644775,-0.016437530517578125,0.007966160774230957,0.007806539535522461,2.027327299118042,179.70872497558594,-177.8516082763672,-2.027327299118042,0.11801808327436447,-0.5145007967948914,40307,-0.050742506980895996,-0.08434755355119705,0.2531081438064575,-0.10684394836425781,0.03242810070514679,-0.44008493423461914,223.05250549316406,1271.8280029296875,-187.87384033203125
20251024_150259.902966,1.0170073509216309,0.9921758770942688,0.9925528764724731,-0.01700735092163086,0.007824122905731201,0.0074471235275268555,2.049877643585205,-179.9158477783203,-178.1098175048828,-2.049877643585205,0.10076739639043808,-0.4601000249385834,40263,-0.04840630292892456,-0.08444670587778091,0.23362040519714355,-0.11054778099060059,0.03222743049263954,-0.38177967071533203,219.075439453125,1271.906982421875,-227.26058959960938
20251024_150259.912898,1.0175552368164062,0.9923692941665649,0.9929010272026062,-0.01755523681640625,0.007630705833435059,0.007098972797393799,2.115607500076294,-179.5809783935547,-178.15980529785156,-2.115607500076294,0.09561339765787125,-0.4491725265979767,40176,-0.04614332318305969,-0.08454125374555588,0.22629797458648682,-0.11410903930664062,0.03202005475759506,-0.3670835494995117,213.65975952148438,1271.9842529296875,-309.4673156738281
20251024_150259.922743,1.0180717706680298,0.9925770163536072,0.9932588338851929,-0.018071770668029785,0.007422983646392822,0.006741166114807129,2.097670316696167,-179.5562286376953,-177.99609375,-2.097670316696167,0.10412555187940598,-0.43173789978027344,40147,-0.04381757974624634,-0.08463121205568314,0.23257434368133545,-0.1174665093421936,0.03180629387497902,-0.34607768058776855,207.84353637695312,1272.0595703125,-332.3554992675781
20251024_150259.932738,1.0186423063278198,0.9926912784576416,0.9936489462852478,-0.018642306327819824,0.0073087215423583984,0.006351053714752197,2.0419082641601562,-179.8612060546875,-177.76702880859375,-2.0419082641601562,0.1275748908519745,-0.47184786200523376,40293,-0.04128184914588928,-0.0847163125872612,0.25357306003570557,-0.12117499113082886,0.03158601000905037,-0.38225889205932617,204.64419555664062,1272.1331787109375,-182.81936645507812
20251024_150259.942779,1.0191926956176758,0.9927687048912048,0.9940288662910461,-0.01919269561767578,0.007231295108795166,0.005971133708953857,1.9623827934265137,179.82778930664062,-177.48696899414062,-1.9623827934265137,0.1233392283320427,-0.462154358625412,40350,-0.03881236910820007,-0.08479640632867813,0.2469480037689209,-0.12475252151489258,0.0313589982688427,-0.3687608242034912,202.47625732421875,1272.2059326171875,-123.88229370117188
20251024_150259.952787,1.0197906494140625,0.9928752183914185,0.9944093227386475,-0.0197906494140625,0.007124781608581543,0.005590677261352539,2.0048625469207764,179.3351593017578,-177.7506103515625,-2.0048625469207764,0.12608572840690613,-0.49814316630363464,40301,-0.036339402198791504,-0.0848715603351593,0.24729669094085693,-0.12863922119140625,0.031125100329518318,-0.40062904357910156,199.49388122558594,1272.2777099609375,-170.42160034179688
20251024_150259.962787,1.0203341245651245,0.9929457902908325,0.9948889017105103,-0.02033412456512451,0.0070542097091674805,0.005111098289489746,2.0645387172698975,179.40077209472656,-177.90841674804688,-2.0645387172698975,0.1935630738735199,-0.4654158055782318,40356,-0.03322213888168335,-0.08494111895561218,0.31172633171081543,-0.13217180967330933,0.030884351581335068,-0.36412835121154785,197.5178680419922,1272.3485107421875,-112.9150390625
20251024_150259.972794,1.0209484100341797,0.9930054545402527,0.9953331351280212,-0.020948410034179688,0.0069945454597473145,0.00466686487197876,2.183851718902588,179.4485321044922,-178.22946166992188,-2.183851718902588,0.17341242730617523,-0.5170992612838745,40372,-0.03033462166786194,-0.08500467985868454,0.2887517213821411,-0.13616466522216797,0.030636655166745186,-0.4115712642669678,195.84727478027344,1272.4188232421875,-95.46279907226562
20251024_150259.982923,1.0215004682540894,0.9931467771530151,0.995658278465271,-0.021500468254089355,0.006853222846984863,0.004341721534729004,2.217979669570923,179.7159423828125,-178.48089599609375,-2.217979669570923,0.09805874526500702,-0.47925010323524475,40238,-0.028221189975738525,-0.08506323397159576,0.2113431692123413,-0.1397530436515808,0.030381962656974792,-0.36987900733947754,191.89024353027344,1272.488037109375,-226.11618041992188
20251024_150259.992645,1.0220633745193481,0.9932810068130493,0.9960267543792725,-0.022063374519348145,0.006718993186950684,0.003973245620727539,2.213700532913208,-179.8450927734375,-178.53524780273438,-2.213700532913208,0.1285659670829773,-0.4904385507106781,40245,-0.025826096534729004,-0.08511728048324585,0.23950934410095215,-0.14341193437576294,0.03012057952582836,-0.37714719772338867,188.13180541992188,1272.555908203125,-214.7674560546875
20251024_150300.002876,1.022665023803711,0.9933832287788391,0.9963696599006653,-0.022665023803710938,0.006616771221160889,0.003630340099334717,2.1717095375061035,-179.67202758789062,-178.59060668945312,-2.1717095375061035,0.11412467807531357,-0.5205754637718201,40294,-0.02359721064567566,-0.08516670018434525,0.22288858890533447,-0.1473226547241211,0.029852209612727165,-0.4031050205230713,185.26959228515625,1272.62255859375,-163.55514526367188
20251024_150300.012579,1.0233691930770874,0.9931939840316772,0.9968645572662354,-0.023369193077087402,0.006806015968322754,0.0031354427337646484,1.996812343597412,-178.9413604736328,-177.85910034179688,-1.996812343597412,0.21609222888946533,-0.5941171646118164,40766,-0.020380377769470215,-0.08521068096160889,0.32168328762054443,-0.15189975500106812,0.029576003551483154,-0.47179341316223145,190.56845092773438,1272.689697265625,302.7915954589844
20251024_150300.022635,1.0240294933319092,0.9930733442306519,0.9973785281181335,-0.02402949333190918,0.0069266557693481445,0.002621471881866455,1.8274768590927124,-179.17250061035156,-177.35487365722656,-1.8274768590927124,0.2317933887243271,-0.5693012475967407,40659,-0.017039567232131958,-0.08524809777736664,0.3340810537338257,-0.15619170665740967,0.029291611164808273,-0.4424011707305908,193.9463653564453,1272.75830078125,193.023681640625
20251024_150300.032872,1.0246630907058716,0.993079662322998,0.9979610443115234,-0.024663090705871582,0.006920337677001953,0.0020389556884765625,1.735108733177185,-179.63775634765625,-177.2743377685547,-1.735108733177185,0.2801039218902588,-0.555820882320404,40456,-0.013253211975097656,-0.08527839183807373,0.3786355257034302,-0.16031008958816528,0.028999455273151398,-0.42451024055480957,193.7694549560547,1272.82763671875,-10.10894775390625
20251024_150300.042814,1.0252935886383057,0.9932064414024353,0.9981369972229004,-0.025293588638305664,0.006793558597564697,0.0018630027770996094,2.0672008991241455,179.9015655517578,-177.3698272705078,-2.0672008991241455,0.016956117004156113,-0.5581422448158264,40260,-0.012109518051147461,-0.08530375361442566,0.11436939239501953,-0.16440832614898682,0.028699716553092003,-0.42243361473083496,190.21963500976562,1272.8961181640625,-202.84652709960938
20251024_150300.053117,1.0259605646133423,0.9930381774902344,0.9986129403114319,-0.025960564613342285,0.006961822509765625,0.0013870596885681152,1.822634220123291,179.3023681640625,-177.37489318847656,-1.822634220123291,0.2150222361087799,-0.5872253775596619,40737,-0.009015887975692749,-0.08532488346099854,0.3093630075454712,-0.16874366998672485,0.028392190113663673,-0.44687390327453613,194.9310302734375,1272.9649658203125,269.2222595214844
20251024_150300.062252,1.0265834331512451,0.9930151104927063,0.9989932179450989,-0.026583433151245117,0.006984889507293701,0.001006782054901123,1.7137712240219116,179.45587158203125,-177.72427368164062,-1.7137712240219116,0.1552959382534027,-0.5620372891426086,40505,-0.0065440833568573,-0.08534044027328491,0.24718046188354492,-0.17279231548309326,0.02807692624628544,-0.41732192039489746,195.576904296875,1273.03466796875,36.907196044921875
20251024_150300.072908,1.0271810293197632,0.9931326508522034,0.9993551969528198,-0.027181029319763184,0.006867349147796631,0.0006448030471801758,1.7069978713989258,-179.70828247070312,-178.09014892578125,-1.7069978713989258,0.1457439512014389,-0.5493117570877075,40277,-0.004191219806671143,-0.08535117655992508,0.23528635501861572,-0.1766766905784607,0.027754340320825577,-0.4003894329071045,192.28578186035156,1273.1038818359375,-188.0645751953125
20251024_150300.082678,1.0277791023254395,0.9933432936668396,0.9997358322143555,-0.027779102325439453,0.0066567063331604,0.00026416778564453125,1.679819941520691,-179.31117248535156,-177.88282775878906,-1.679819941520691,0.16033874452114105,-0.5538485050201416,40122,-0.0017170906066894531,-0.08535708487033844,0.24741291999816895,-0.18056416511535645,0.027424579486250877,-0.4007089138031006,186.3877716064453,1273.1715087890625,-337.02850341796875
20251024_150300.092747,1.028533935546875,0.9932961463928223,1.0001537799835205,-0.028533935546875,0.006703853607177734,-0.0001537799835205078,1.7304412126541138,-178.41273498535156,-177.45623779296875,-1.7304412126541138,0.18730781972408295,-0.6641221642494202,40536,0.0009995698928833008,-0.08535780012607574,0.2716660499572754,-0.1854705810546875,0.02708670124411583,-0.5057382583618164,187.70790100097656,1273.2384033203125,75.43563842773438
20251024_150300.102929,1.029165267944336,0.9932723045349121,1.0005161762237549,-0.029165267944335938,0.006727695465087891,-0.0005161762237548828,1.7023764848709106,-178.41543579101562,-177.8833465576172,-1.7023764848709106,0.15355925261974335,-0.5858264565467834,40499,0.0033551454544067383,-0.08535344898700714,0.23555755615234375,-0.1895742416381836,0.026740506291389465,-0.4229927062988281,188.37547302246094,1273.3055419921875,38.14697265625
20251024_150300.112309,1.0297974348068237,0.9932447075843811,1.0008996725082397,-0.02979743480682373,0.0067552924156188965,-0.0008996725082397461,1.7090449333190918,-178.80032348632812,-177.6888885498047,-1.7090449333190918,0.16977621614933014,-0.5908483862876892,40506,0.00584787130355835,-0.08534424751996994,0.24927258491516113,-0.19368332624435425,0.02638673037290573,-0.4235517978668213,189.148193359375,1273.3729248046875,44.155120849609375
20251024_150300.122739,1.0304241180419922,0.9931358098983765,1.0013854503631592,-0.030424118041992188,0.006864190101623535,-0.0013854503631591797,1.564582347869873,-179.5527801513672,-177.4097137451172,-1.564582347869873,0.23943163454532623,-0.5916091203689575,40639,0.009005427360534668,-0.08532939106225967,0.31575560569763184,-0.19775676727294922,0.026025399565696716,-0.4198777675628662,192.19732666015625,1273.4410400390625,174.23629760742188
20251024_150300.132697,1.031025767326355,0.9930688738822937,1.0017818212509155,-0.03102576732635498,0.006931126117706299,-0.0017818212509155273,1.5075335502624512,-179.9678192138672,-177.34835815429688,-1.5075335502624512,0.18391411006450653,-0.5791158080101013,40574,0.011581838130950928,-0.08530880510807037,0.257641077041626,-0.20166748762130737,0.025656701996922493,-0.4031050205230713,194.071533203125,1273.510009765625,107.09762573242188
20251024_150300.142618,1.031779170036316,0.9929584860801697,1.0023927688598633,-0.03177917003631592,0.007041513919830322,-0.0023927688598632812,1.401752233505249,179.53152465820312,-177.63023376464844,-1.401752233505249,0.327387273311615,-0.6860645413398743,40647,0.015552997589111328,-0.08528167009353638,0.39711594581604004,-0.20656460523605347,0.025279872119426727,-0.5047798156738281,197.16238403320312,1273.579833984375,176.6204833984375
20251024_150300.152798,1.032479166984558,0.9929830431938171,1.0025177001953125,-0.032479166984558105,0.007016956806182861,-0.0025177001953125,1.540602684020996,179.03224182128906,-177.6947021484375,-1.540602684020996,0.012320667505264282,-0.655218243598938,40430,0.01636505126953125,-0.08524975180625916,0.08120536804199219,-0.21111458539962769,0.024894321337342262,-0.4689979553222656,196.47479248046875,1273.650146484375,-39.2913818359375
20251024_150300.162241,1.033161997795105,0.9930928349494934,1.0028446912765503,-0.03316199779510498,0.006907165050506592,-0.002844691276550293,1.5199614763259888,179.3326873779297,-177.8843994140625,-1.5199614763259888,0.1458197981119156,-0.6485491394996643,40291,0.018490493297576904,-0.08521489799022675,0.21254420280456543,-0.21555298566818237,0.024500474333763123,-0.45749664306640625,193.40061950683594,1273.7197265625,-175.66680908203125
20251024_150300.172631,1.0338053703308105,0.9931194186210632,1.0031646490097046,-0.03380537033081055,0.006880581378936768,-0.00316464900970459,1.4100382328033447,179.74642944335938,-178.14515686035156,-1.4100382328033447,0.14336690306663513,-0.6266958117485046,40423,0.020570218563079834,-0.08517583459615707,0.20797252655029297,-0.21973490715026855,0.024098670110106468,-0.4310595989227295,192.65628051757812,1273.7886962890625,-42.53387451171875
20251024_150300.182363,1.034523606300354,0.9930632710456848,1.0035533905029297,-0.034523606300354004,0.0069367289543151855,-0.0035533905029296875,1.4056670665740967,-179.6832275390625,-178.34597778320312,-1.4056670665740967,0.19064684212207794,-0.6819328665733337,40557,0.02309703826904297,-0.0851321667432785,0.2526819705963135,-0.22440344095230103,0.023688696324825287,-0.4812180995941162,194.22840881347656,1273.8577880859375,89.83612060546875
20251024_150300.192866,1.035130500793457,0.9930613040924072,1.003920555114746,-0.03513050079345703,0.0069386959075927734,-0.003920555114746094,1.345444679260254,-179.49740600585938,-178.28656005859375,-1.345444679260254,0.1790570169687271,-0.6116967797279358,40471,0.02548360824584961,-0.08508358895778656,0.23865699768066406,-0.2283482551574707,0.02327077090740204,-0.4066193103790283,194.28347778320312,1273.9271240234375,3.147125244140625
20251024_150300.202789,1.035800814628601,0.9930160045623779,1.004331350326538,-0.035800814628601074,0.00698399543762207,-0.004331350326538086,1.4335802793502808,-179.69630432128906,-178.2599334716797,-1.4335802793502808,0.21014072000980377,-0.6589703559875488,40542,0.02815377712249756,-0.0850299522280693,0.2670168876647949,-0.23270529508590698,0.022845184430480003,-0.4491102695465088,195.5518798828125,1273.996826171875,72.479248046875
20251024_150300.212833,1.0364497900009155,0.9930605888366699,1.004716396331787,-0.03644979000091553,0.006939411163330078,-0.004716396331787109,1.4685370922088623,179.8610382080078,-177.82745361328125,-1.4685370922088623,0.19596533477306366,-0.649325430393219,40397,0.03065657615661621,-0.08497113734483719,0.25027990341186523,-0.23692363500595093,0.022411679849028587,-0.4348134994506836,194.3035125732422,1274.06640625,-71.3348388671875
20251024_150300.223052,1.0371171236038208,0.9929835200309753,1.005064845085144,-0.0371171236038208,0.007016479969024658,-0.005064845085144043,1.3668773174285889,179.52301025390625,-177.69320678710938,-1.3668773174285889,0.17450562119483948,-0.6664045453071594,40593,0.03292149305343628,-0.08490756154060364,0.22649168968200684,-0.2412613034248352,0.02197027951478958,-0.4471135139465332,196.46144104003906,1274.13623046875,123.31008911132812
20251024_150300.232757,1.0379372835159302,0.9926555752754211,1.0054668188095093,-0.037937283515930176,0.007344424724578857,-0.005466818809509277,1.3885223865509033,-179.99325561523438,-177.6920623779297,-1.3885223865509033,0.21197813749313354,-0.7745795249938965,41004,0.0355343222618103,-0.0848391056060791,0.26128292083740234,-0.24659234285354614,0.02151995152235031,-0.5495071411132812,205.64389038085938,1274.2080078125,524.7116088867188
20251024_150300.242578,1.03864586353302,0.9926981329917908,1.0057581663131714,-0.03864586353302002,0.0073018670082092285,-0.005758166313171387,1.5609996318817139,-179.8567657470703,-178.17922973632812,-1.5609996318817139,0.14203780889511108,-0.704886257648468,40410,0.037428081035614014,-0.08476614207029343,0.1893758773803711,-0.2511981129646301,0.021060453727841377,-0.4747486114501953,204.4522705078125,1274.28125,-68.09234619140625
20251024_150300.252346,1.0393092632293701,0.9928491115570068,1.0060291290283203,-0.03930926322937012,0.007150888442993164,-0.0060291290283203125,1.509987711906433,-179.3914031982422,-178.26600646972656,-1.509987711906433,0.13062557578086853,-0.6793952584266663,40233,0.03918933868408203,-0.08468952775001526,0.17612576484680176,-0.25551021099090576,0.020592723041772842,-0.44447779655456543,200.22488403320312,1274.353515625,-241.56570434570312
20251024_150300.262393,1.0400844812393188,0.992960512638092,1.0064060688018799,-0.04008448123931885,0.007039487361907959,-0.006406068801879883,1.446871042251587,-179.2721405029297,-178.4198760986328,-1.446871042251587,0.2020415961742401,-0.7598288059234619,40293,0.04163944721221924,-0.08460869640111923,0.2450108528137207,-0.2605491280555725,0.02011636085808277,-0.5193960666656494,197.10565185546875,1274.4244384765625,-178.24172973632812
20251024_150300.272411,1.0407679080963135,0.9929759502410889,1.0067213773727417,-0.04076790809631348,0.007024049758911133,-0.006721377372741699,1.3663246631622314,-179.28616333007812,-178.4480743408203,-1.3663246631622314,0.16411615908145905,-0.7032561302185059,40446,0.043688952922821045,-0.08452337235212326,0.20495057106018066,-0.2649914026260376,0.019631246104836464,-0.45789599418640137,196.67340087890625,1274.4947509765625,-24.700164794921875
20251024_150300.283182,1.041481614112854,0.992834210395813,1.0070981979370117,-0.041481614112854004,0.007165789604187012,-0.007098197937011719,1.1886670589447021,-179.8761444091797,-178.1693878173828,-1.1886670589447021,0.20663811266422272,-0.7286757826805115,40701,0.04613828659057617,-0.08443354070186615,0.2449333667755127,-0.269630491733551,0.019137749448418617,-0.4781830310821533,200.64210510253906,1274.565673828125,226.78375244140625
20251024_150300.292483,1.042179822921753,0.992624044418335,1.0075470209121704,-0.04217982292175293,0.007375955581665039,-0.00754702091217041,1.2505334615707397,179.93394470214844,-177.9296417236328,-1.2505334615707397,0.2564522325992584,-0.723332941532135,40817,0.049055635929107666,-0.08433834463357925,0.2917349338531494,-0.27416884899139404,0.01863577961921692,-0.4677999019622803,206.52676391601562,1274.638427734375,336.26556396484375
20251024_150300.302643,1.042838215827942,0.992497444152832,1.0079460144042969,-0.042838215827941895,0.007502555847167969,-0.007946014404296875,1.2159000635147095,179.68492126464844,-177.8985595703125,-1.2159000635147095,0.22675721347332,-0.701445996761322,40687,0.05164909362792969,-0.08423764258623123,0.25934576988220215,-0.2784484028816223,0.01812567189335823,-0.44112324714660645,210.07156372070312,1274.7127685546875,202.5604248046875
20251024_150300.312476,1.0435173511505127,0.9924391508102417,1.0082833766937256,-0.043517351150512695,0.007560849189758301,-0.008283376693725586,1.200435757637024,179.5123291015625,-178.1147918701172,-1.200435757637024,0.18899528682231903,-0.7202759385108948,40579,0.05384194850921631,-0.08413214981555939,0.2192854881286621,-0.2828627824783325,0.017607538029551506,-0.4550206661224365,211.7037811279297,1274.7880859375,93.26934814453125
20251024_150300.322497,1.0443031787872314,0.9925042390823364,1.008621096611023,-0.044303178787231445,0.007495760917663574,-0.00862109661102295,1.0954375267028809,179.55987548828125,-178.23020935058594,-1.0954375267028809,0.19153280556201935,-0.7973945736885071,40380,0.05603712797164917,-0.08402227610349655,0.21951794624328613,-0.2879706621170044,0.01708061620593071,-0.5265045166015625,209.8813018798828,1274.8634033203125,-104.1412353515625
20251024_150300.332876,1.044998049736023,0.9926604628562927,1.0089223384857178,-0.04499804973602295,0.007339537143707275,-0.008922338485717773,1.0093566179275513,-179.83676147460938,-178.3423309326172,-1.0093566179275513,0.16989417374134064,-0.741506040096283,40230,0.05799520015716553,-0.08390823751688004,0.19580721855163574,-0.29248732328414917,0.016544807702302933,-0.4655635356903076,205.5070343017578,1274.9376220703125,-249.95803833007812
20251024_150300.342808,1.0457327365875244,0.9929300546646118,1.0092836618423462,-0.045732736587524414,0.007069945335388184,-0.009283661842346191,1.2087643146514893,-179.76806640625,-178.47959899902344,-1.2087643146514893,0.21141408383846283,-0.77350252866745,40041,0.060343801975250244,-0.0837898999452591,0.23486018180847168,-0.2972627878189087,0.016000423580408096,-0.49224019050598145,197.95846557617188,1275.0096435546875,-431.3468933105469
20251024_150300.353303,1.046342134475708,0.9929141998291016,1.0095901489257812,-0.04634213447570801,0.0070858001708984375,-0.00959014892578125,1.2198601961135864,-179.58358764648438,-178.6230926513672,-1.2198601961135864,0.17788535356521606,-0.6940724849700928,40498,0.062335968017578125,-0.08366721868515015,0.19921660423278809,-0.30122387409210205,0.01544797420501709,-0.4082965850830078,198.40240478515625,1275.0804443359375,25.36773681640625
20251024_150300.362921,1.0471574068069458,0.9925023317337036,1.010080337524414,-0.0471574068069458,0.007497668266296387,-0.010080337524414062,1.2138323783874512,-178.89236450195312,-178.1929473876953,-1.2138323783874512,0.3006054162979126,-0.8378686308860779,41144,0.0655221939086914,-0.08353936672210693,0.3186225891113281,-0.3065231442451477,0.014886977151036263,-0.5462324619293213,209.93470764160156,1275.1533203125,658.9889526367188
20251024_150300.372886,1.0479363203048706,0.9923394918441772,1.0105398893356323,-0.047936320304870605,0.007660508155822754,-0.010539889335632324,1.049285650253296,-179.77903747558594,-177.84170532226562,-1.049285650253296,0.28381261229515076,-0.819141685962677,40750,0.06850928068161011,-0.08340533077716827,0.2987086772918701,-0.31158608198165894,0.01431641448289156,-0.5218720436096191,214.49423217773438,1275.2291259765625,260.5438232421875
20251024_150300.382723,1.0487247705459595,0.9921393990516663,1.01091468334198,-0.04872477054595947,0.00786060094833374,-0.01091468334197998,1.042083501815796,-179.92738342285156,-177.4789276123047,-1.042083501815796,0.23129567503929138,-0.8312362432479858,40815,0.07094544172286987,-0.08326587826013565,0.24361610412597656,-0.3167110085487366,0.013736448250710964,-0.528261661529541,220.09683227539062,1275.3067626953125,320.1484680175781
20251024_150300.392899,1.0494598150253296,0.9920376539230347,1.0113469362258911,-0.04945981502532959,0.007962346076965332,-0.011346936225891113,0.9429731369018555,179.62335205078125,-177.52452087402344,-0.9429731369018555,0.27159827947616577,-0.8008212447166443,40661,0.07375508546829224,-0.08312118053436279,0.28096437454223633,-0.32148879766464233,0.013147340156137943,-0.4924798011779785,222.94569396972656,1275.3858642578125,162.79220581054688
20251024_150300.402925,1.0501813888549805,0.9920540452003479,1.0118292570114136,-0.05018138885498047,0.0079459547996521,-0.011829257011413574,0.6990318298339844,179.7671661376953,-177.66615295410156,-0.6990318298339844,0.30742815136909485,-0.7970839738845825,40471,0.07689017057418823,-0.082970529794693,0.3135085105895996,-0.32617902755737305,0.012549493461847305,-0.48345446586608887,222.4867401123047,1275.46533203125,-26.226043701171875
20251024_150300.412725,1.0508317947387695,0.991997241973877,1.0119649171829224,-0.05083179473876953,0.008002758026123047,-0.011964917182922363,0.8594700694084167,-179.61227416992188,-178.09251403808594,-0.8594700694084167,0.0831352025270462,-0.7542352080345154,40590,0.07777196168899536,-0.08281587064266205,0.08817911148071289,-0.33040666580200195,0.011943413875997066,-0.4357719421386719,224.0772247314453,1275.545166015625,90.88516235351562
20251024_150300.422740,1.0515727996826172,0.9920303225517273,1.0122296810150146,-0.05157279968261719,0.007969677448272705,-0.012229681015014648,0.8758413195610046,-178.9175262451172,-178.3697509765625,-0.8758413195610046,0.1689308136701584,-0.8203675150871277,40445,0.07949292659759521,-0.08265860378742218,0.17209649085998535,-0.3352231979370117,0.01132898684591055,-0.4964733123779297,223.15097045898438,1275.625,-52.928924560546875
20251024_150300.432493,1.0524331331253052,0.9919527769088745,1.0125893354415894,-0.052433133125305176,0.008047223091125488,-0.012589335441589355,1.0065679550170898,-178.1223602294922,-178.15504455566406,-1.0065679550170898,0.2331087738275528,-0.9065338373184204,40625,0.08183068037033081,-0.08249728381633759,0.23377537727355957,-0.34081536531448364,0.01070495042949915,-0.5764234066009521,225.32225036621094,1275.705078125,124.07302856445312
20251024_150300.442783,1.0531220436096191,0.9919734001159668,1.0129142999649048,-0.05312204360961914,0.008026599884033203,-0.012914299964904785,0.9074577689170837,-178.10784912109375,-177.9033203125,-0.9074577689170837,0.21283838152885437,-0.796791672706604,40467,0.0839429497718811,-0.08233150839805603,0.2112269401550293,-0.3452932834625244,0.010071619413793087,-0.46157002449035645,224.7447967529297,1275.785400390625,-32.99713134765625
20251024_150300.452517,1.053826928138733,0.9918925166130066,1.0133050680160522,-0.05382692813873291,0.008107483386993408,-0.013305068016052246,0.7682268619537354,-178.58544921875,-177.67259216308594,-0.7682268619537354,0.2583211064338684,-0.8127177357673645,40632,0.0864829421043396,-0.082161083817482,0.2539992332458496,-0.3498750329017639,0.009429926052689552,-0.4722726345062256,227.00953674316406,1275.8660888671875,129.41360473632812
20251024_150300.462854,1.054530143737793,0.9917266964912415,1.013645887374878,-0.05453014373779297,0.008273303508758545,-0.01364588737487793,0.7397027611732483,-179.40196228027344,-177.34902954101562,-0.7397027611732483,0.22824494540691376,-0.8168206214904785,40772,0.08869826793670654,-0.08198589831590652,0.22153258323669434,-0.3544459342956543,0.008779783733189106,-0.47115445137023926,231.65249633789062,1275.947998046875,265.31219482421875
20251024_150300.473018,1.0550726652145386,0.9917343258857727,1.0139567852020264,-0.055072665214538574,0.008265674114227295,-0.013956785202026367,86.95018768310547,-88.70110321044922,91.94437408447266,15.0,0.21099621057510376,-0.7133395671844482,40495,0.09071910381317139,-0.081806480884552,0.20208358764648438,-0.35797232389450073,0.008122166618704796,-0.36348938941955566,231.43887329101562,1276.03076171875,-12.20703125
20251024_150300.482918,1.055986762046814,0.9913214445114136,1.0143316984176636,-0.055986762046813965,0.008678555488586426,-0.014331698417663574,0.6561547517776489,179.416748046875,-177.48980712890625,-0.6561547517776489,0.2552270293235779,-0.9689030051231384,41179,0.09315603971481323,-0.08162260800600052,0.24369359016418457,-0.36391395330429077,0.007455809973180294,-0.6124448776245117,242.9995574951172,1276.115478515625,660.6102294921875
20251024_150300.492734,1.056706190109253,0.9911813139915466,1.0146926641464233,-0.05670619010925293,0.00881868600845337,-0.01469266414642334,0.7445066571235657,179.89996337890625,-177.64962768554688,-0.7445066571235657,0.24869608879089355,-0.8438273668289185,40747,0.09550231695175171,-0.08143395185470581,0.23462772369384766,-0.36859023571014404,0.006779652554541826,-0.48201680183410645,246.92320251464844,1276.202880859375,224.20883178710938
20251024_150300.502728,1.057428240776062,0.9912470579147339,1.0149426460266113,-0.05742824077606201,0.008752942085266113,-0.014942646026611328,0.7046676278114319,-179.54757690429688,-177.83316040039062,-0.7046676278114319,0.17837409675121307,-0.8509626388549805,40416,0.09712719917297363,-0.08124131709337234,0.16248822212219238,-0.3732835650444031,0.0060948459431529045,-0.48377394676208496,245.08238220214844,1276.290771484375,-105.19027709960938
20251024_150300.512526,1.0580992698669434,0.9912876486778259,1.0152206420898438,-0.05809926986694336,0.008712351322174072,-0.01522064208984375,0.7769520282745361,-179.1127166748047,-177.93240356445312,-0.7769520282745361,0.1985863596200943,-0.821833074092865,40455,0.09893417358398438,-0.0810452550649643,0.18069744110107422,-0.37764525413513184,0.005401680711656809,-0.44958949089050293,243.94583129882812,1276.3780517578125,-64.94522094726562
20251024_150300.522720,1.0589475631713867,0.9911445379257202,1.0155354738235474,-0.05894756317138672,0.008855462074279785,-0.015535473823547363,0.7661832571029663,-178.2876739501953,-177.3365936279297,-0.7661832571029663,0.22477586567401886,-0.9468162655830383,40753,0.10098057985305786,-0.08084534108638763,0.20464062690734863,-0.38315916061401367,0.004699399694800377,-0.5683565139770508,247.95294189453125,1276.4659423828125,228.97720336914062
20251024_150300.532767,1.0596684217453003,0.9911558032035828,1.015810251235962,-0.05966842174530029,0.008844196796417236,-0.015810251235961914,0.818183958530426,-178.5270233154297,-177.23858642578125,-0.818183958530426,0.2007303535938263,-0.8668322563171387,40506,0.10276663303375244,-0.08064159750938416,0.178605318069458,-0.3878447413444519,0.003987703938037157,-0.4829752445220947,247.63751220703125,1276.554443359375,-18.024444580078125
20251024_150300.542706,1.0603528022766113,0.9909780025482178,1.0160905122756958,-0.06035280227661133,0.009021997451782227,-0.0160905122756958,0.8601546883583069,-178.712890625,-177.45489501953125,-0.8601546883583069,0.2063237577676773,-0.8475605845451355,40813,0.1045883297920227,-0.08043424040079117,0.18216967582702637,-0.39229321479797363,0.003267576452344656,-0.45853495597839355,252.61593627929688,1276.643798828125,284.4810485839844
20251024_150300.552671,1.0609976053237915,0.9908543229103088,1.016378402709961,-0.060997605323791504,0.009145677089691162,-0.016378402709960938,0.791158139705658,-179.3655548095703,-177.5068359375,-0.791158139705658,0.21336521208286285,-0.825963020324707,40730,0.1064596176147461,-0.0802231952548027,0.18712878227233887,-0.3964844346046448,0.0025394740514457226,-0.4320180416107178,256.0789489746094,1276.734619140625,197.88742065429688
20251024_150300.562842,1.0616565942764282,0.9907934665679932,1.0166590213775635,-0.06165659427642822,0.009206533432006836,-0.016659021377563477,0.7379224896430969,-179.6676788330078,-177.53590393066406,-0.7379224896430969,0.21067732572555542,-0.8404868841171265,40631,0.1082836389541626,-0.08000844717025757,0.1824021339416504,-0.40076786279678345,0.0018035487737506628,-0.44152259826660156,257.7829284667969,1276.826416015625,97.37014770507812
20251024_150300.572908,1.0622849464416504,0.9908605813980103,1.017173409461975,-0.06228494644165039,0.009139418601989746,-0.017173409461975098,86.56168365478516,-82.94893646240234,97.71538543701172,15.0,0.3661908805370331,-0.8247882127761841,40425,0.11162716150283813,-0.07978854328393936,0.3343522548675537,-0.40485215187072754,0.0010598995722830296,-0.42099595069885254,255.90371704101562,1276.9180908203125,-107.38372802734375
20251024_150300.582740,1.0630844831466675,0.9905721545219421,1.0173174142837524,-0.06308448314666748,0.009427845478057861,-0.01731741428375244,0.7067466974258423,179.7805633544922,-177.77012634277344,-0.7067466974258423,0.12660197913646698,-0.9454310536384583,41002,0.11256319284439087,-0.07956434786319733,0.09360313415527344,-0.4100491404533386,0.00030768298893235624,-0.5356895923614502,263.97967529296875,1277.010986328125,461.4830017089844
20251024_150300.592710,1.0635759830474854,0.9907159209251404,1.0174944400787354,-0.06357598304748535,0.00928407907485962,-0.01749444007873535,87.09367370605469,-88.57120513916016,91.64118957519531,15.0,0.14944255352020264,-0.7430011034011841,40307,0.11371386051177979,-0.07933807373046875,0.1150667667388916,-0.4132438898086548,-0.0004522798117250204,-0.32930493354797363,259.9542236328125,1277.1044921875,-230.0262451171875
20251024_150300.602792,1.0643951892852783,0.9904458522796631,1.0177900791168213,-0.06439518928527832,0.009554147720336914,-0.01779007911682129,0.8586164116859436,-179.4298095703125,-177.9098663330078,-0.8586164116859436,0.2286921590566635,-0.9686570167541504,40976,0.11563551425933838,-0.07910872250795364,0.19216537475585938,-0.4185687303543091,-0.0012201068457216024,-0.5488681793212891,267.5161437988281,1277.19873046875,432.1098327636719
20251024_150300.612926,1.0650367736816406,0.9905343651771545,1.017997145652771,-0.06503677368164062,0.009465634822845459,-0.017997145652770996,0.7526054978370667,-179.05206298828125,-177.8564453125,-0.7526054978370667,0.17269858717918396,-0.854597270488739,40400,0.11698144674301147,-0.07887610793113708,0.13459324836730957,-0.42273902893066406,-0.0019966985564678907,-0.42986154556274414,265.03778076171875,1277.2938232421875,-141.62063598632812
20251024_150300.622840,1.0656700134277344,0.9905906915664673,1.0182029008865356,-0.06567001342773438,0.009409308433532715,-0.018202900886535645,0.5632572174072266,-178.9656982421875,-177.58216857910156,-0.5632572174072266,0.17341895401477814,-0.8539066314697266,40450,0.11831885576248169,-0.07864080369472504,0.13374090194702148,-0.42685508728027344,-0.0027809394523501396,-0.4242706298828125,263.46063232421875,1277.38818359375,-90.12222290039062
20251024_150300.632946,1.0664021968841553,0.990691602230072,1.0183993577957153,-0.06640219688415527,0.009308397769927979,-0.018399357795715332,0.8183331489562988,-179.0559539794922,-177.79159545898438,-0.8183331489562988,0.16888992488384247,-0.9257505536079407,40376,0.11959582567214966,-0.07840289175510406,0.12769699096679688,-0.4316142797470093,-0.00357337249442935,-0.49056291580200195,260.6351318359375,1277.481689453125,-161.45706176757812
20251024_150300.643282,1.0671733617782593,0.9904298186302185,1.0187677145004272,-0.06717336177825928,0.009570181369781494,-0.018767714500427246,0.8233566284179688,-178.7670440673828,-177.3631134033203,-0.8233566284179688,0.283260703086853,-0.9576821327209473,40964,0.1219901442527771,-0.07816130667924881,0.23943185806274414,-0.4366268515586853,-0.004374825861304998,-0.5166804790496826,267.965087890625,1277.576171875,418.853759765625
20251024_150300.652954,1.0677568912506104,0.9903035163879395,1.0190843343734741,-0.06775689125061035,0.009696483612060547,-0.01908433437347412,0.8657339811325073,-179.29147338867188,-177.29617309570312,-0.8657339811325073,0.25193580985069275,-0.8365689516067505,40751,0.12404817342758179,-0.0779152661561966,0.20580291748046875,-0.4404197931289673,-0.0051844073459506035,-0.3909647464752197,271.50152587890625,1277.6724853515625,202.08358764648438
20251024_150300.662705,1.0683250427246094,0.9902351498603821,1.0193670988082886,-0.06832504272460938,0.00976485013961792,-0.019367098808288574,0.8177433013916016,-179.9493865966797,-176.814697265625,-0.8177433013916016,0.23201769590377808,-0.8307751417160034,40660,0.12588614225387573,-0.07766532897949219,0.18379688262939453,-0.44411277770996094,-0.006000899244099855,-0.3806614875793457,273.4158020019531,1277.769775390625,109.38644409179688
20251024_150300.673064,1.068919062614441,0.9902319312095642,1.0196160078048706,-0.06891906261444092,0.009768068790435791,-0.019616007804870605,0.7012219429016113,179.71343994140625,-176.78355407714844,-0.7012219429016113,0.21188294887542725,-0.8527916073799133,40556,0.12750405073165894,-0.0774119421839714,0.1617908477783203,-0.44797390699386597,-0.006824363488703966,-0.3979933261871338,273.50592041015625,1277.867431640625,5.14984130859375
20251024_150300.682725,1.0695993900299072,0.9900919198989868,1.019850492477417,-0.06959939002990723,0.009908080101013184,-0.019850492477416992,0.5988352298736572,179.46380615234375,-177.05670166015625,-0.5988352298736572,0.2042878270149231,-0.9158709049224854,40779,0.12902820110321045,-0.07715541124343872,0.15241503715515137,-0.452396035194397,-0.007655474357306957,-0.45581936836242676,277.4262390136719,1277.9658203125,224.01809692382812
20251024_150300.692646,1.070198893547058,0.9901409149169922,1.0199918746948242,-0.0701988935470581,0.009859085083007812,-0.01999187469482422,0.6953651905059814,179.88189697265625,-177.25326538085938,-0.6953651905059814,0.14494919776916504,-0.8664544224739075,40475,0.12994718551635742,-0.07689643651247025,0.09189844131469727,-0.4562928080558777,-0.00849426444619894,-0.40166735649108887,276.05438232421875,1278.064697265625,-78.39202880859375
20251024_150300.702911,1.0708156824111938,0.9902774095535278,1.020097255706787,-0.07081568241119385,0.009722590446472168,-0.02009725570678711,0.7496435642242432,-179.14439392089844,-177.65013122558594,-0.7496435642242432,0.12249396741390228,-0.8828908205032349,40332,0.1306321620941162,-0.07663585245609283,0.0684976577758789,-0.46030193567276,-0.009340351447463036,-0.41324853897094727,272.2325439453125,1278.16259765625,-218.39141845703125
20251024_150300.712622,1.0714030265808105,0.9902912378311157,1.020340085029602,-0.07140302658081055,0.009708762168884277,-0.02034008502960205,0.7961539030075073,-178.94683837890625,-177.79574584960938,-0.7961539030075073,0.2136766016483307,-0.8678339123725891,40527,0.13221055269241333,-0.07637301087379456,0.15783905982971191,-0.46411967277526855,-0.010193663649260998,-0.3935205936431885,271.8453369140625,1278.259765625,-22.125244140625
20251024_150300.722745,1.0719246864318848,0.9903249144554138,1.0204845666885376,-0.07192468643188477,0.009675085544586182,-0.020484566688537598,0.7344301342964172,-178.82847595214844,-177.67010498046875,-0.7344301342964172,0.15095511078834534,-0.828076183795929,40495,0.13314968347549438,-0.07610765099525452,0.09391307830810547,-0.467510461807251,-0.011053630150854588,-0.34951210021972656,270.90240478515625,1278.356689453125,-53.882598876953125
20251024_150300.732701,1.072511076927185,0.9902976155281067,1.0206716060638428,-0.07251107692718506,0.00970238447189331,-0.020671606063842773,0.7744299173355103,-178.8671112060547,-177.28048706054688,-0.7744299173355103,0.18010090291500092,-0.8761239051818848,40593,0.13436543941497803,-0.07584013789892197,0.12157559394836426,-0.4713220000267029,-0.011920244432985783,-0.3928816318511963,271.6667785644531,1278.4534912109375,43.67828369140625
20251024_150300.742657,1.0731217861175537,0.9902860522270203,1.0209115743637085,-0.07312178611755371,0.009713947772979736,-0.020911574363708496,0.9036222696304321,-179.8595733642578,-177.2244415283203,-0.9036222696304321,0.2163347750902176,-0.8972607851028442,40569,0.13592523336410522,-0.07556984573602676,0.15597939491271973,-0.4752916097640991,-0.012794042006134987,-0.40917515754699707,271.99053955078125,1278.5506591796875,18.50128173828125
20251024_150300.752528,1.0736870765686035,0.9901739358901978,1.0210943222045898,-0.07368707656860352,0.009826064109802246,-0.021094322204589844,0.901729941368103,179.6892852783203,-177.23960876464844,-0.901729941368103,0.18060238659381866,-0.8713855147361755,40733,0.13711309432983398,-0.0752968117594719,0.11878609657287598,-0.47896599769592285,-0.013674895279109478,-0.37874460220336914,275.1297912597656,1278.6483154296875,179.38613891601562
20251024_150300.762617,1.0742658376693726,0.9900928139686584,1.021234154701233,-0.07426583766937256,0.009907186031341553,-0.02123415470123291,0.994489848613739,179.4525909423828,-177.30128479003906,-0.994489848613739,0.153891459107399,-0.8850604891777039,40685,0.13802200555801392,-0.07502167671918869,0.09089112281799316,-0.48272794485092163,-0.014562612399458885,-0.3877699375152588,277.4012145996094,1278.7469482421875,129.79507446289062
20251024_150300.772511,1.074918508529663,0.9898994565010071,1.0214482545852661,-0.07491850852966309,0.01010054349899292,-0.021448254585266113,0.8862472176551819,-179.942138671875,-176.9640655517578,-0.8862472176551819,0.20383433997631073,-0.9397174715995789,40871,0.13941365480422974,-0.07474423944950104,0.13916492462158203,-0.48697030544281006,-0.015457718633115292,-0.4372894763946533,282.8152160644531,1278.8470458984375,309.3719482421875
20251024_150300.782451,1.0754598379135132,0.9899301528930664,1.0215345621109009,-0.07545983791351318,0.010069847106933594,-0.02153456211090088,0.8852779865264893,-179.55345153808594,-177.24961853027344,-0.8852779865264893,0.12160969525575638,-0.8695396184921265,40511,0.1399746537208557,-0.07446485012769699,0.056099891662597656,-0.4904889464378357,-0.01635998860001564,-0.36269068717956543,281.9557189941406,1278.9478759765625,-49.114227294921875
20251024_150300.792439,1.0759841203689575,0.9900617003440857,1.021610140800476,-0.07598412036895752,0.009938299655914307,-0.021610140800476074,0.7603632211685181,-178.94224548339844,-177.4833984375,-0.7603632211685181,0.11540765315294266,-0.8624346852302551,40346,0.14046591520309448,-0.07418441027402878,0.04912614822387695,-0.4938967823982239,-0.017268652096390724,-0.3512692451477051,278.27239990234375,1279.0479736328125,-210.47592163085938
20251024_150300.802731,1.0765124559402466,0.9901748895645142,1.021752953529358,-0.07651245594024658,0.00982511043548584,-0.02175295352935791,0.7983117699623108,-178.5204315185547,-177.71725463867188,-0.7983117699623108,0.16031992435455322,-0.8694994449615479,40373,0.14139419794082642,-0.07390254735946655,0.09282827377319336,-0.4973309636116028,-0.01818363182246685,-0.3539848327636719,275.10308837890625,1279.146728515625,-181.10275268554688
20251024_150300.812724,1.076974868774414,0.9902649521827698,1.0218355655670166,-0.07697486877441406,0.009735047817230225,-0.0218355655670166,0.8148529529571533,-178.28863525390625,-177.7404022216797,-0.8148529529571533,0.12200977653265,-0.8292577862739563,40407,0.1419311761856079,-0.07361922413110733,0.053697824478149414,-0.5003366470336914,-0.019104555249214172,-0.3098165988922119,272.5813293457031,1279.2445068359375,-144.10018920898438
20251024_150300.822475,1.0774774551391602,0.9902016520500183,1.0219478607177734,-0.07747745513916016,0.00979834794998169,-0.021947860717773438,0.6575477123260498,-178.6957550048828,-177.26194763183594,-0.6575477123260498,0.14231830835342407,-0.8603675961494446,40654,0.14266109466552734,-0.07333463430404663,0.07299184799194336,-0.503603458404541,-0.020031269639730453,-0.3367328643798828,274.3537292480469,1279.3421630859375,101.28021240234375
20251024_150300.832478,1.0779169797897339,0.9902744293212891,1.0220845937728882,-0.07791697978973389,0.009725570678710938,-0.022084593772888184,87.38497924804688,-82.57013702392578,98.53688049316406,15.0,0.15937793254852295,-0.8219054937362671,40435,0.1435498595237732,-0.0730484202504158,0.08887648582458496,-0.5064603686332703,-0.02096363715827465,-0.2944815158843994,272.31597900390625,1279.4398193359375,-116.44363403320312
20251024_150300.842564,1.078574776649475,0.9899857640266418,1.022235631942749,-0.0785747766494751,0.010014235973358154,-0.022235631942749023,0.5541676878929138,-179.86622619628906,-176.9873504638672,-0.5541676878929138,0.1699460744857788,-0.9733625054359436,41021,0.14453160762786865,-0.07276033610105515,0.0981748104095459,-0.5107360482215881,-0.02190258726477623,-0.44072389602661133,280.39862060546875,1279.53857421875,461.8644714355469
20251024_150300.852427,1.078891396522522,0.9901736974716187,1.022294044494629,-0.07889139652252197,0.009826302528381348,-0.022294044494628906,87.05290985107422,-85.80719757080078,95.38610076904297,15.0,0.11040855199098587,-0.7477767467498779,40254,0.1449112892150879,-0.07247089594602585,0.03796815872192383,-0.5127940773963928,-0.022847384214401245,-0.21213531494140625,275.136474609375,1279.6376953125,-300.6935119628906
20251024_150300.862434,1.0796310901641846,0.9900152087211609,1.0223578214645386,-0.07963109016418457,0.009984791278839111,-0.022357821464538574,0.6004093885421753,179.9650115966797,-176.9335174560547,-0.6004093885421753,0.11460021138191223,-1.0369952917099,40812,0.14532583951950073,-0.07218065857887268,0.04145503044128418,-0.5176020860671997,-0.023798519745469093,-0.49559473991394043,279.57415771484375,1279.73681640625,253.58200073242188
20251024_150300.872565,1.080112338066101,0.9900259971618652,1.0223560333251953,-0.08011233806610107,0.009974002838134766,-0.022356033325195312,0.6162149310112,-179.68893432617188,-177.04051208496094,-0.6162149310112,0.07226190716028214,-0.8679232597351074,40541,0.14531421661376953,-0.07189001888036728,-0.0011622905731201172,-0.520730197429657,-0.024756979197263718,-0.3224360942840576,279.2720947265625,1279.8365478515625,-17.261505126953125
20251024_150300.882376,1.0805829763412476,0.990096926689148,1.0224127769470215,-0.08058297634124756,0.00990307331085205,-0.022412776947021484,0.6187059879302979,-179.30862426757812,-177.2037811279297,-0.6187059879302979,0.11096738278865814,-0.8648381233215332,40443,0.14568305015563965,-0.07159902155399323,0.03688335418701172,-0.5237893462181091,-0.025721151381731033,-0.31532764434814453,277.2860412597656,1279.9359130859375,-113.48724365234375
20251024_150300.892447,1.0810412168502808,0.9900935292243958,1.0224305391311646,-0.08104121685028076,0.009906470775604248,-0.02243053913116455,0.578429102897644,-179.09335327148438,-177.3912353515625,-0.578429102897644,0.08603638410568237,-0.8604799509048462,40562,0.14579850435256958,-0.07130753993988037,0.011545419692993164,-0.526767909526825,-0.026690896600484848,-0.3070211410522461,277.3811950683594,1280.0350341796875,5.435943603515625
20251024_150300.902429,1.0815073251724243,0.9900184869766235,1.0225253105163574,-0.08150732517242432,0.009981513023376465,-0.022525310516357422,0.5472928285598755,-179.2688751220703,-177.46661376953125,-0.5472928285598755,0.13700059056282043,-0.8697564005851746,40679,0.14641451835632324,-0.07101532816886902,0.06160140037536621,-0.5297976136207581,-0.027666186913847923,-0.31229257583618164,279.48236083984375,1280.1343994140625,120.06759643554688
20251024_150300.912384,1.082133412361145,0.9897173643112183,1.0226854085922241,-0.08213341236114502,0.010282635688781738,-0.02268540859222412,0.6780571341514587,-179.08615112304688,-176.8297576904297,-0.6780571341514587,0.18079744279384613,-0.9819936156272888,41049,0.1474551558494568,-0.07072145491838455,0.10406374931335449,-0.5338671803474426,-0.028648031875491142,-0.4194784164428711,287.9137878417969,1280.2357177734375,481.7962646484375
20251024_150300.922343,1.0824898481369019,0.9896613955497742,1.0227206945419312,-0.08248984813690186,0.01033860445022583,-0.022720694541931152,0.8011732697486877,-179.31736755371094,-176.8481903076172,-0.8011732697486877,0.1001940667629242,-0.804631769657135,40659,0.1476845145225525,-0.07042631506919861,0.022935867309570312,-0.5361840128898621,-0.029635772109031677,-0.23881196975708008,289.4809265136719,1280.3388671875,89.55001831054688
20251024_150300.932438,1.0828754901885986,0.9896907806396484,1.022748351097107,-0.08287549018859863,0.010309219360351562,-0.022748351097106934,0.8157930970191956,-179.61669921875,-176.50599670410156,-0.8157930970191956,0.09571027755737305,-0.827698826789856,40522,0.14786428213119507,-0.07013076543807983,0.017976760864257812,-0.5386906862258911,-0.030627964064478874,-0.2583801746368408,288.65814208984375,1280.442138671875,-47.016143798828125
20251024_150300.942516,1.0833258628845215,0.9897310137748718,1.0226356983184814,-0.08332586288452148,0.010268986225128174,-0.022635698318481445,87.54051971435547,-84.63802337646484,96.4698257446289,15.0,0.004071961157023907,-0.8749929666519165,40503,0.1471320390701294,-0.06983577460050583,-0.07322430610656738,-0.5416181087493896,-0.0316251702606678,-0.30174970626831055,287.5316162109375,1280.5450439453125,-64.37301635742188
20251024_150300.952433,1.0837090015411377,0.9899046421051025,1.0225307941436768,-0.0837090015411377,0.010095357894897461,-0.022530794143676758,0.3814680576324463,-178.87844848632812,-176.4210205078125,-0.3814680576324463,0.008720258250832558,-0.8334388136863708,40285,0.14645016193389893,-0.06954219192266464,-0.06818771362304688,-0.544108510017395,-0.03262738138437271,-0.25670289993286133,282.6700134277344,1280.6468505859375,-277.8053283691406
20251024_150300.962388,1.0841917991638184,0.9899429678916931,1.0225311517715454,-0.08419179916381836,0.010057032108306885,-0.02253115177154541,0.3276160955429077,-178.86465454101562,-176.44970703125,-0.3276160955429077,0.07743565738201141,-0.9043558835983276,40501,0.14645248651504517,-0.06924928724765778,0.00023245811462402344,-0.5472466945648193,-0.03363478556275368,-0.3234744071960449,281.5968933105469,1280.74755859375,-61.321258544921875
20251024_150300.972499,1.0847110748291016,0.9899555444717407,1.0225178003311157,-0.08471107482910156,0.010044455528259277,-0.022517800331115723,0.7279959321022034,-178.49085998535156,-177.4755401611328,-0.7279959321022034,0.06873079389333725,-0.9331848621368408,40541,0.1463657021522522,-0.06895647197961807,-0.008678436279296875,-0.5506219863891602,-0.03464820235967636,-0.3479146957397461,281.2447509765625,1280.84814453125,-20.122528076171875
20251024_150300.982499,1.0851777791976929,0.9898176789283752,1.0225821733474731,-0.08517777919769287,0.010182321071624756,-0.022582173347473145,0.701447606086731,-178.797607421875,-177.03390502929688,-0.701447606086731,0.11996326595544815,-0.9020150303840637,40786,0.14678412675857544,-0.06866332143545151,0.04184246063232422,-0.5536555647850037,-0.035667534917593,-0.31269192695617676,285.10498046875,1280.94921875,220.58486938476562
20251024_150300.992625,1.0856194496154785,0.989728569984436,1.0225828886032104,-0.08561944961547852,0.010271430015563965,-0.02258288860321045,0.7449740171432495,-179.45082092285156,-176.7949676513672,-0.7449740171432495,0.07888394594192505,-0.8891379237174988,40711,0.14678877592086792,-0.06836974620819092,0.0004649162292480469,-0.5565264225006104,-0.03669232130050659,-0.29591917991638184,287.60003662109375,1281.051513671875,142.57431030273438
20251024_150301.002397,1.0859490633010864,0.9897729158401489,1.0225368738174438,-0.08594906330108643,0.010227084159851074,-0.022536873817443848,0.8468680381774902,179.8498992919922,-177.12254333496094,-0.8468680381774902,0.04850360006093979,-0.8172318339347839,40496,0.146489679813385,-0.0680764690041542,-0.029909610748291016,-0.5586689114570618,-0.03772173076868057,-0.2208411693572998,286.3583679199219,1281.1539306640625,-70.953369140625
20251024_150301.012582,1.0863651037216187,0.9898324608802795,1.0225498676300049,-0.08636510372161865,0.010167539119720459,-0.022549867630004883,0.7690680027008057,-179.97265625,-177.27130126953125,-0.7690680027008057,0.08723671734333038,-0.8788758516311646,40470,0.14657413959503174,-0.0677834004163742,0.008445978164672852,-0.5613731741905212,-0.038755614310503006,-0.2787470817565918,284.69110107421875,1281.2559814453125,-95.27206420898438
20251024_150301.022344,1.0868864059448242,0.9898677468299866,1.0225050449371338,-0.08688640594482422,0.010132253170013428,-0.02250504493713379,0.5690494775772095,-179.6127166748047,-177.075927734375,-0.5690494775772095,0.04965749382972717,-0.9538292288780212,40508,0.14628279209136963,-0.06749054789543152,-0.029134750366210938,-0.5647616386413574,-0.03979512304067612,-0.3492724895477295,283.7030944824219,1281.357421875,-56.45751953125
20251024_150301.032410,1.087318778038025,0.9900128245353699,1.022473931312561,-0.0873187780380249,0.009987175464630127,-0.022473931312561035,0.5657694935798645,-179.06451416015625,-177.26283264160156,-0.5657694935798645,0.05865851417183876,-0.8981016874313354,40328,0.14608055353164673,-0.06719818711280823,-0.02022385597229004,-0.5675720572471619,-0.040840357542037964,-0.289689302444458,279.6408996582031,1281.4580078125,-232.12432861328125
20251024_150301.042533,1.0876846313476562,0.9901430606842041,1.0223145484924316,-0.08768463134765625,0.009856939315795898,-0.02231454849243164,0.6529909372329712,-179.1844024658203,-177.51275634765625,-0.6529909372329712,-0.02546132728457451,-0.8569622039794922,40349,0.14504456520080566,-0.06690705567598343,-0.10359883308410645,-0.5699501037597656,-0.041890375316143036,-0.24512171745300293,275.9942932128906,1281.5572509765625,-208.37783813476562
20251024_150301.052359,1.088058352470398,0.9901155233383179,1.0222997665405273,-0.08805835247039795,0.009884476661682129,-0.022299766540527344,0.6759322285652161,-179.4672088623047,-177.28916931152344,-0.6759322285652161,0.0687231495976448,-0.8657172918319702,40602,0.14494848251342773,-0.06661706417798996,-0.009608268737792969,-0.5723792910575867,-0.042944833636283875,-0.2503931522369385,276.7653503417969,1281.656005859375,44.05975341796875
20251024_150301.062268,1.0884063243865967,0.9900647401809692,1.0222856998443604,-0.08840632438659668,0.009935259819030762,-0.02228569984436035,0.6947577595710754,-179.98646545410156,-177.02647399902344,-0.6947577595710754,0.06938643753528595,-0.8517858982086182,40641,0.14485704898834229,-0.06632725894451141,-0.009143352508544922,-0.5746411085128784,-0.044003620743751526,-0.23314118385314941,278.1872863769531,1281.755126953125,81.2530517578125
20251024_150301.072535,1.088760495185852,0.990106999874115,1.022236943244934,-0.08876049518585205,0.00989300012588501,-0.022236943244934082,0.6420095562934875,179.7521209716797,-176.95960998535156,-0.6420095562934875,0.04681047797203064,-0.8593042492866516,40491,0.14454013109207153,-0.0660378634929657,-0.031691789627075195,-0.5769432187080383,-0.045066624879837036,-0.23729443550109863,277.0039978027344,1281.854248046875,-67.61550903320312
20251024_150301.082913,1.089154601097107,0.9901893734931946,1.0221737623214722,-0.08915460109710693,0.00981062650680542,-0.022173762321472168,0.6338678598403931,179.7442169189453,-177.1848907470703,-0.6338678598403931,0.03731266036629677,-0.8896899819374084,40424,0.1441294550895691,-0.06574919074773788,-0.04106760025024414,-0.5795049071311951,-0.046134114265441895,-0.2640509605407715,274.6975402832031,1281.9527587890625,-131.79779052734375
20251024_150301.092902,1.0896124839782715,0.9903677105903625,1.0220695734024048,-0.08961248397827148,0.009632289409637451,-0.022069573402404785,0.6749146580696106,179.9010009765625,-177.45986938476562,-0.6749146580696106,0.010267818346619606,-0.9364693760871887,40266,0.1434522271156311,-0.06546161323785782,-0.06772279739379883,-0.5824811458587646,-0.04720671474933624,-0.306781530380249,269.7041015625,1282.0499267578125,-285.33935546875
20251024_150301.103098,1.0900020599365234,0.9904981851577759,1.0219651460647583,-0.09000205993652344,0.009501814842224121,-0.0219651460647583,0.632404625415802,-179.6393280029297,-177.67681884765625,-0.632404625415802,0.009720293805003166,-0.8943136930465698,40339,0.14277344942092896,-0.0651753842830658,-0.06787776947021484,-0.5850133895874023,-0.04828440397977829,-0.2610158920288086,266.0508117675781,1282.1456298828125,-208.75930786132812
20251024_150301.112044,1.0904202461242676,0.9904966354370117,1.021868348121643,-0.09042024612426758,0.009503364562988281,-0.021868348121643066,0.5889560580253601,-179.29608154296875,-178.12705993652344,-0.5889560580253601,0.014335131272673607,-0.917283296585083,40550,0.14214426279067993,-0.06489046663045883,-0.06291866302490234,-0.5877315998077393,-0.04936693608760834,-0.2801847457885742,266.0942077636719,1282.2406005859375,2.47955322265625
20251024_150301.122648,1.090667486190796,0.9907037019729614,1.0218092203140259,-0.0906674861907959,0.009296298027038574,-0.02180922031402588,0.5085702538490295,-179.5434112548828,-177.39646911621094,-0.5085702538490295,0.03872029483318329,-0.8054429888725281,40211,0.1417599320411682,-0.06460656225681305,-0.038433074951171875,-0.5893386602401733,-0.050453465431928635,-0.1656508445739746,260.2963562011719,1282.3345947265625,-331.30645751953125
20251024_150301.132561,1.0911178588867188,0.9905959367752075,1.0218052864074707,-0.09111785888671875,0.00940406322479248,-0.021805286407470703,0.5578290820121765,-179.94895935058594,-177.65484619140625,-0.5578290820121765,0.07485425472259521,-0.9455599784851074,40718,0.14173436164855957,-0.0643230676651001,-0.002557039260864258,-0.5922660827636719,-0.051544174551963806,-0.30174970626831055,263.31378173828125,1282.4281005859375,172.42431640625
20251024_150301.142533,1.0916067361831665,0.990403413772583,1.0218275785446167,-0.0916067361831665,0.009596586227416992,-0.0218275785446167,0.6008220911026001,-179.9380645751953,-177.04025268554688,-0.6008220911026001,0.09232969582080841,-0.9756320714950562,40859,0.14187926054000854,-0.0640394538640976,0.014489889144897461,-0.5954437851905823,-0.05264052376151085,-0.3275477886199951,268.70440673828125,1282.523193359375,308.03680419921875
20251024_150301.152584,1.0920429229736328,0.9904364943504333,1.0217742919921875,-0.09204292297363281,0.00956350564956665,-0.0217742919921875,0.48590803146362305,179.83863830566406,-176.91006469726562,-0.48590803146362305,0.04314059391617775,-0.9442665576934814,40497,0.14153289794921875,-0.06375604122877121,-0.03463625907897949,-0.5982789993286133,-0.0537424199283123,-0.29224514961242676,267.7781677246094,1282.618896484375,-52.928924560546875
20251024_150301.162585,1.0924450159072876,0.9905518889427185,1.0216177701950073,-0.0924450159072876,0.009448111057281494,-0.021617770195007324,0.3812158405780792,-179.77415466308594,-177.1830596923828,-0.3812158405780792,-0.02469765767455101,-0.9251441955566406,40362,0.1405155062675476,-0.06347399204969406,-0.10173916816711426,-0.6008926033973694,-0.054849348962306976,-0.26940226554870605,264.547119140625,1282.7139892578125,-184.63134765625
20251024_150301.172638,1.0928131341934204,0.9906713366508484,1.021484613418579,-0.09281313419342041,0.009328663349151611,-0.0214846134185791,0.39290639758110046,-179.28375244140625,-177.4481201171875,-0.39290639758110046,-0.01009574718773365,-0.9058855175971985,40352,0.13964998722076416,-0.06319382786750793,-0.08655190467834473,-0.6032853722572327,-0.055960897356271744,-0.24663925170898438,261.20257568359375,1282.807861328125,-191.1163330078125
20251024_150301.182479,1.093163013458252,0.9908587336540222,1.021417498588562,-0.09316301345825195,0.009141266345977783,-0.02141749858856201,0.40277376770973206,-178.8643035888672,-177.4551544189453,-0.40277376770973206,0.03267413377761841,-0.897055447101593,40239,0.13921374082565308,-0.06291496753692627,-0.0436246395111084,-0.6055595874786377,-0.05707675591111183,-0.2344191074371338,255.95545959472656,1282.9002685546875,-299.835205078125
20251024_150301.192442,1.0934983491897583,0.9910622239112854,1.021351933479309,-0.0934983491897583,0.0089377760887146,-0.021351933479309082,0.4182135760784149,-178.70382690429688,-177.31521606445312,-0.4182135760784149,0.033533282577991486,-0.890610933303833,40207,0.13878756761550903,-0.06263696402311325,-0.0426173210144043,-0.607739269733429,-0.05819672346115112,-0.22467494010925293,250.2577362060547,1282.9906005859375,-325.58441162109375
20251024_150301.203075,1.0938751697540283,0.9911313056945801,1.021315336227417,-0.09387516975402832,0.008868694305419922,-0.021315336227416992,0.3208991289138794,-179.1086883544922,-176.8513641357422,-0.3208991289138794,0.052401844412088394,-0.9219793677330017,40420,0.13854968547821045,-0.06235962733626366,-0.0237882137298584,-0.6101886034011841,-0.05932096391916275,-0.2524697780609131,248.3234405517578,1283.0797119140625,-110.53085327148438
20251024_150301.212738,1.0942957401275635,0.9912384748458862,1.0212324857711792,-0.09429574012756348,0.00876152515411377,-0.0212324857711792,0.42658600211143494,-179.743408203125,-176.958740234375,-0.42658600211143494,0.022075293585658073,-0.9551544785499573,40357,0.1380111575126648,-0.06208306550979614,-0.05385279655456543,-0.6129223108291626,-0.0604499913752079,-0.2817821502685547,245.3227081298828,1283.1678466796875,-171.47064208984375
20251024_150301.222782,1.0947126150131226,0.9912844300270081,1.0213450193405151,-0.09471261501312256,0.008715569972991943,-0.021345019340515137,0.23847021162509918,179.77044677734375,-176.99386596679688,-0.23847021162509918,0.15008313953876495,-0.9565222263336182,40453,0.1387426257133484,-0.06180631369352341,0.07314682006835938,-0.6156319975852966,-0.06158404052257538,-0.27930617332458496,244.0359649658203,1283.2552490234375,-73.52828979492188
20251024_150301.232714,1.0950653553009033,0.9913526177406311,1.0212721824645996,-0.09506535530090332,0.008647382259368896,-0.02127218246459961,0.20357459783554077,179.72946166992188,-177.15696716308594,-0.20357459783554077,0.02939591556787491,-0.9169834852218628,40416,0.13826918601989746,-0.06152930110692978,-0.04734396934509277,-0.6179248094558716,-0.06272270530462265,-0.23633599281311035,242.126708984375,1283.342041015625,-109.100341796875
20251024_150301.242715,1.0954715013504028,0.9914915561676025,1.0211145877838135,-0.09547150135040283,0.008508443832397461,-0.021114587783813477,0.23712429404258728,-179.48570251464844,-177.1409912109375,-0.23712429404258728,-0.026445509865880013,-0.9565485119819641,40299,0.1372448205947876,-0.06125378608703613,-0.10243654251098633,-0.6205647587776184,-0.06386592984199524,-0.27211785316467285,238.23641967773438,1283.4278564453125,-222.30148315429688
20251024_150301.252492,1.0958213806152344,0.9918817281723022,1.0209248065948486,-0.09582138061523438,0.008118271827697754,-0.020924806594848633,0.25183311104774475,-179.46316528320312,-177.6032257080078,-0.25183311104774475,-0.04832706227898598,-0.9222717881202698,39886,0.1360112428665161,-0.06098053231835365,-0.12335777282714844,-0.6228389739990234,-0.06501368433237076,-0.2344191074371338,227.31161499023438,1283.510986328125,-624.2752075195312
20251024_150301.262574,1.09609055519104,0.9921135306358337,1.020703673362732,-0.09609055519104004,0.00788646936416626,-0.020703673362731934,0.3362083435058594,-179.10818481445312,-177.51329040527344,-0.3362083435058594,-0.0698726698756218,-0.8711007237434387,40133,0.13457387685775757,-0.06070994585752487,-0.1437366008758545,-0.6245886087417603,-0.06616515666246414,-0.18034696578979492,220.82113647460938,1283.5909423828125,-370.8839416503906
20251024_150301.272559,1.096555471420288,0.992141842842102,1.0208282470703125,-0.09655547142028809,0.00785815715789795,-0.0208282470703125,-0.0042456225492060184,-179.7018585205078,-177.37945556640625,0.0042456225492060184,0.15591652691364288,-1.0064254999160767,40458,0.13538360595703125,-0.06043998897075653,0.08097290992736816,-0.6276105642318726,-0.06732103228569031,-0.3114938735961914,220.0283966064453,1283.669677734375,-45.299530029296875
20251024_150301.282139,1.0968421697616577,0.9923068881034851,1.0205051898956299,-0.09684216976165771,0.007693111896514893,-0.020505189895629883,0.2929602265357971,179.7986297607422,-177.48797607421875,-0.2929602265357971,-0.1368747502565384,-0.8900434374809265,40235,0.13328373432159424,-0.06017132103443146,-0.20998716354370117,-0.6294741034507751,-0.06848142296075821,-0.19208788871765137,215.40713500976562,1283.7474365234375,-264.0724182128906
20251024_150301.292414,1.0972188711166382,0.9923501014709473,1.0205029249191284,-0.09721887111663818,0.007649898529052734,-0.020502924919128418,86.7335433959961,-81.57691955566406,98.20975494384766,15.0,0.07189200818538666,-0.9539583325386047,40428,0.13326901197433472,-0.05990476906299591,-0.0014722347259521484,-0.6319226622581482,-0.06964578479528427,-0.25238990783691406,214.19715881347656,1283.8240966796875,-69.14138793945312
20251024_150301.302454,1.0975234508514404,0.9924608469009399,1.0203747749328613,-0.09752345085144043,0.007539153099060059,-0.020374774932861328,0.3618825674057007,179.50259399414062,-177.71194458007812,-0.3618825674057007,-0.010500517673790455,-0.9087851047515869,40317,0.13243603706359863,-0.059639062732458115,-0.0832974910736084,-0.6339024305343628,-0.07081423699855804,-0.20406842231750488,211.09628295898438,1283.900146484375,-177.19268798828125
20251024_150301.312129,1.0979264974594116,0.9926258325576782,1.020279884338379,-0.09792649745941162,0.007374167442321777,-0.020279884338378906,0.31177201867103577,179.80686950683594,-177.81761169433594,-0.31177201867103577,0.010765553452074528,-0.978550374507904,40226,0.1318192481994629,-0.05937480926513672,-0.06167888641357422,-0.6365222334861755,-0.07198693603277206,-0.27004122734069824,206.4766845703125,1283.974609375,-263.97705078125
20251024_150301.322825,1.0984183549880981,0.9929325580596924,1.0201764106750488,-0.09841835498809814,0.007067441940307617,-0.020176410675048828,0.26588794589042664,179.59671020507812,-177.7317657470703,-0.26588794589042664,0.004776946268975735,-1.0424288511276245,39991,0.13114666938781738,-0.05911184102296829,-0.06725788116455078,-0.6397193074226379,-0.07316500693559647,-0.3295445442199707,197.88836669921875,1284.046875,-490.76080322265625
20251024_150301.332495,1.0987765789031982,0.9931943416595459,1.020143985748291,-0.09877657890319824,0.0068056583404541016,-0.020143985748291016,0.28690531849861145,179.89988708496094,-177.65065002441406,-0.28690531849861145,0.05100994557142258,-0.9564059376716614,40055,0.1309359073638916,-0.0588497593998909,-0.021076202392578125,-0.6420477628707886,-0.07434818148612976,-0.24001002311706543,190.55844116210938,1284.1162109375,-418.853759765625
20251024_150301.342538,1.0991005897521973,0.9933215975761414,1.020060420036316,-0.09910058975219727,0.006678402423858643,-0.020060420036315918,0.2608537971973419,179.96365356445312,-177.714599609375,-0.2608537971973419,0.017486587166786194,-0.9367765188217163,40267,0.13039273023605347,-0.058588430285453796,-0.05431771278381348,-0.6441538333892822,-0.07553543895483017,-0.2170872688293457,186.99526977539062,1284.1837158203125,-203.60946655273438
20251024_150301.352374,1.0994479656219482,0.9934375882148743,1.0199750661849976,-0.09944796562194824,0.006562411785125732,-0.01997506618499756,0.2202264964580536,179.73593139648438,-177.69589233398438,-0.2202264964580536,0.016029726713895798,-0.955880343914032,40282,0.12983793020248413,-0.05832820013165474,-0.055480003356933594,-0.6464117765426636,-0.07672673463821411,-0.2327418327331543,183.74752807617188,1284.2498779296875,-185.58502197265625
20251024_150301.362458,1.099825382232666,0.9935047626495361,1.019960641860962,-0.09982538223266602,0.006495237350463867,-0.019960641860961914,0.2123330980539322,179.47755432128906,-177.86660766601562,-0.2123330980539322,0.06229974329471588,-0.979656457901001,40358,0.12974417209625244,-0.058068618178367615,-0.009375810623168945,-0.6488649845123291,-0.07792237401008606,-0.2528691291809082,181.86663818359375,1284.315185546875,-107.47909545898438
20251024_150301.372411,1.099991798400879,0.9938918948173523,1.0198240280151367,-0.0999917984008789,0.006108105182647705,-0.01982402801513672,0.11341119557619095,179.43116760253906,-177.16848754882812,-0.11341119557619095,-0.017752835527062416,-0.8405668139457703,39835,0.12885618209838867,-0.057810015976428986,-0.08879899978637695,-0.6499466896057129,-0.07912127673625946,-0.11149883270263672,171.02694702148438,1284.378173828125,-619.4114990234375
20251024_150301.382468,1.1004905700683594,0.9939413070678711,1.0197268724441528,-0.10049057006835938,0.006058692932128906,-0.019726872444152832,-0.023629212751984596,179.59669494628906,-177.5176239013672,0.023629212751984596,0.007520612794905901,-1.0676898956298828,40375,0.1282246708869934,-0.05755293741822243,-0.06315112113952637,-0.6531887054443359,-0.08032417297363281,-0.33417701721191406,169.64340209960938,1284.43896484375,-79.05960083007812
20251024_150301.392543,1.1008943319320679,0.9940946102142334,1.0197099447250366,-0.10089433193206787,0.0059053897857666016,-0.01970994472503662,-0.09096921980381012,179.99356079101562,-177.16343688964844,0.09096921980381012,0.05981502681970596,-1.0078661441802979,40204,0.12811464071273804,-0.057296596467494965,-0.01100301742553711,-0.6558131575584412,-0.08153247833251953,-0.2705204486846924,165.35092163085938,1284.498779296875,-245.2850341796875
20251024_150301.402638,1.101181983947754,0.9943970441818237,1.0197025537490845,-0.1011819839477539,0.0056029558181762695,-0.019702553749084473,-0.1177588552236557,179.97593688964844,-176.5847625732422,0.1177588552236557,0.06622204929590225,-0.9331547021865845,39957,0.12806659936904907,-0.057040415704250336,-0.004804134368896484,-0.6576828956604004,-0.08274493366479874,-0.19272685050964355,156.8827667236328,1284.556396484375,-483.89434814453125
20251024_150301.412545,1.1015170812606812,0.9944970011711121,1.019635558128357,-0.10151708126068115,0.0055029988288879395,-0.019635558128356934,-0.20298299193382263,179.870361328125,-176.4571990966797,0.20298299193382263,0.02729925513267517,-0.96833735704422,40278,0.12763112783432007,-0.05678471922874451,-0.04354715347290039,-0.6598610281944275,-0.0839611291885376,-0.22451519966125488,154.08396911621094,1284.6119384765625,-159.93118286132812
20251024_150301.422376,1.1019247770309448,0.9945904016494751,1.0196415185928345,-0.10192477703094482,0.005409598350524902,-0.019641518592834473,-0.21272119879722595,179.6352081298828,-176.4986114501953,0.21272119879722595,0.07501475512981415,-1.0208489894866943,40286,0.12766987085342407,-0.056529417634010315,0.0038743019104003906,-0.6625110507011414,-0.08518178015947342,-0.27315616607666016,151.46875,1284.66650390625,-149.44076538085938
20251024_150301.432340,1.1025192737579346,0.9945603013038635,1.0195826292037964,-0.10251927375793457,0.005439698696136475,-0.019582629203796387,-0.010407008230686188,179.65164184570312,-177.7107391357422,0.010407008230686188,0.032734524458646774,-1.1510965824127197,40485,0.1272870898246765,-0.05627446249127388,-0.03827810287475586,-0.6663752794265747,-0.08640844374895096,-0.3983128070831299,152.3115692138672,1284.720703125,48.160552978515625
20251024_150301.442480,1.1028542518615723,0.9947047233581543,1.0195060968399048,-0.10285425186157227,0.005295276641845703,-0.019506096839904785,0.0284403208643198,179.9208221435547,-177.7031707763672,-0.0284403208643198,0.021023208275437355,-0.9806286692619324,40201,0.1267896294593811,-0.056020382791757584,-0.049746036529541016,-0.6685526371002197,-0.0876406878232956,-0.22443532943725586,148.2677459716797,1284.7744140625,-231.07528686523438
20251024_150301.452530,1.1032497882843018,0.9948926568031311,1.0193971395492554,-0.10324978828430176,0.0051073431968688965,-0.01939713954925537,0.07313138246536255,-179.79147338867188,-177.66146850585938,-0.07313138246536255,-0.0005083448486402631,-1.025010347366333,40127,0.1260814070701599,-0.05576751381158829,-0.07082223892211914,-0.6711236238479614,-0.08887731283903122,-0.26500940322875977,143.005615234375,1284.826416015625,-300.6935119628906
20251024_150301.462425,1.103543758392334,0.9951130747795105,1.019322395324707,-0.10354375839233398,0.004886925220489502,-0.01932239532470703,0.12177938967943192,-179.41888427734375,-177.54037475585938,-0.12177938967943192,0.021495986729860306,-0.960112452507019,40069,0.1255955696105957,-0.0555158369243145,-0.0485837459564209,-0.6730344295501709,-0.09011807292699814,-0.1969599723815918,136.8339080810547,1284.8763427734375,-352.66876220703125
20251024_150301.472521,1.103857159614563,0.9951610565185547,1.0192897319793701,-0.10385715961456299,0.0048389434814453125,-0.019289731979370117,0.10684388130903244,-179.74072265625,-177.2841796875,-0.10684388130903244,0.0488872267305851,-0.976412832736969,40343,0.12538325786590576,-0.05526485666632652,-0.02123117446899414,-0.6750715374946594,-0.09136247634887695,-0.20997881889343262,135.49041748046875,1284.925048828125,-76.77078247070312
20251024_150301.482485,1.1042015552520752,0.9951838850975037,1.0192290544509888,-0.1042015552520752,0.004816114902496338,-0.01922905445098877,0.06919264793395996,179.7802276611328,-177.3855743408203,-0.06919264793395996,0.03053397499024868,-1.0006660223007202,40383,0.124988853931427,-0.055014483630657196,-0.03944039344787598,-0.6773101091384888,-0.09261082857847214,-0.2307450771331787,134.85121154785156,1284.9732666015625,-36.525726318359375
20251024_150301.492528,1.104586124420166,0.9952180981636047,1.0192192792892456,-0.10458612442016602,0.004781901836395264,-0.019219279289245605,-0.05490749701857567,179.61273193359375,-177.4914093017578,0.05490749701857567,0.06380689144134521,-1.0313347578048706,40364,0.12492531538009644,-0.05476457253098488,-0.006353855133056641,-0.6798098087310791,-0.09386355429887772,-0.2576613426208496,133.89324951171875,1285.021240234375,-54.74090576171875
20251024_150301.502379,1.1049089431762695,0.9954395890235901,1.0190808773040771,-0.10490894317626953,0.004560410976409912,-0.01908087730407715,0.03299650922417641,179.8628692626953,-177.92515563964844,-0.03299650922417641,-0.02045120857656002,-0.9933172464370728,40058,0.12402570247650146,-0.054515618830919266,-0.08996129035949707,-0.681908130645752,-0.09512052685022354,-0.21628856658935547,127.6915054321289,1285.0679931640625,-354.3853759765625
20251024_150301.512423,1.1052618026733398,0.995659351348877,1.0189874172210693,-0.10526180267333984,0.004340648651123047,-0.018987417221069336,0.05102720856666565,-179.48155212402344,-178.2198028564453,-0.05102720856666565,0.00840098224580288,-1.0169991254806519,40055,0.12341821193695068,-0.05426817759871483,-0.060749053955078125,-0.684201717376709,-0.09638155251741409,-0.23641586303710938,121.53816223144531,1285.1124267578125,-351.6197204589844
20251024_150301.522540,1.1055976152420044,0.9958645105361938,1.0189228057861328,-0.1055976152420044,0.004135489463806152,-0.018922805786132812,-0.03832442685961723,-179.04441833496094,-178.14566040039062,0.03832442685961723,0.026979045942425728,-1.0090255737304688,40072,0.12299823760986328,-0.05402176082134247,-0.041997432708740234,-0.6863844990730286,-0.09764670580625534,-0.22499442100524902,115.793701171875,1285.1549072265625,-328.25469970703125
20251024_150301.532907,1.1059119701385498,0.9959706664085388,1.0188825130462646,-0.1059119701385498,0.004029333591461182,-0.01888251304626465,-0.1310013234615326,-179.40110778808594,-177.74948120117188,0.1310013234615326,0.04277002811431885,-0.9979613423347473,40228,0.12273633480072021,-0.05377602577209473,-0.02619028091430664,-0.6884278059005737,-0.09891576319932938,-0.2106177806854248,112.82134246826172,1285.1956787109375,-169.84939575195312
20251024_150301.542858,1.1062570810317993,0.9958685636520386,1.018877625465393,-0.10625708103179932,0.004131436347961426,-0.018877625465393066,-0.19436967372894287,179.89617919921875,-177.5004119873047,0.19436967372894287,0.06599705666303635,-1.02208411693573,40564,0.12270456552505493,-0.05353058502078056,-0.0031769275665283203,-0.6906710267066956,-0.10018878430128098,-0.23122429847717285,115.68022155761719,1285.2364501953125,163.36441040039062
20251024_150301.552851,1.106605887413025,0.9957926273345947,1.018875002861023,-0.1066058874130249,0.0042073726654052734,-0.01887500286102295,-0.06786088645458221,179.51075744628906,-177.52000427246094,0.06786088645458221,0.06769763678312302,-1.028104543685913,40524,0.12268751859664917,-0.05328519269824028,-0.0017046928405761719,-0.6929382681846619,-0.10146595537662506,-0.23370027542114258,117.80643463134766,1285.2781982421875,121.49810791015625
20251024_150301.562704,1.107032299041748,0.9956134557723999,1.0189244747161865,-0.10703229904174805,0.004386544227600098,-0.018924474716186523,-0.021430552005767822,179.92388916015625,-177.10675048828125,0.021430552005767822,0.10212629288434982,-1.0841535329818726,40694,0.1230090856552124,-0.05303949490189552,0.03215670585632324,-0.6957099437713623,-0.10274779051542282,-0.28569579124450684,122.8232421875,1285.3211669921875,286.67449951171875
20251024_150301.572918,1.107329249382019,0.9957988262176514,1.0188634395599365,-0.10732924938201904,0.004201173782348633,-0.018863439559936523,-0.03426332771778107,-179.58810424804688,-177.23878479003906,0.03426332771778107,0.030145632103085518,-1.0006308555603027,40106,0.1226123571395874,-0.052793875336647034,-0.0396728515625,-0.6976401209831238,-0.1040339544415474,-0.19895672798156738,117.63286590576172,1285.3641357421875,-296.59271240234375
20251024_150301.582451,1.10765540599823,0.9960204362869263,1.018811821937561,-0.10765540599822998,0.0039795637130737305,-0.018811821937561035,0.03930044546723366,-179.26939392089844,-177.6205596923828,-0.03930044546723366,0.0361764021217823,-1.023608922958374,40042,0.12227684259414673,-0.05254898592829704,-0.03355145454406738,-0.6997601389884949,-0.10532386600971222,-0.21852493286132812,111.42778015136719,1285.405029296875,-354.57611083984375
20251024_150301.592532,1.107993245124817,0.9959518313407898,1.018836259841919,-0.1079932451248169,0.004048168659210205,-0.018836259841918945,-0.10890815407037735,-179.95123291015625,-177.3525848388672,0.10890815407037735,0.08601605147123337,-1.0349260568618774,40508,0.12243568897247314,-0.05230427160859108,0.0158846378326416,-0.7019560933113098,-0.1066177561879158,-0.22635221481323242,113.34872436523438,1285.4451904296875,109.76791381835938
20251024_150301.602453,1.1082415580749512,0.9959635734558105,1.0187846422195435,-0.10824155807495117,0.004036426544189453,-0.018784642219543457,0.016001252457499504,179.84536743164062,-177.1711883544922,-0.016001252457499504,0.036488983780145645,-0.9778549671173096,40379,0.12210017442703247,-0.05205973610281944,-0.03355145454406738,-0.7035701274871826,-0.10791516304016113,-0.16636967658996582,113.01994323730469,1285.485595703125,-18.787384033203125
20251024_150301.612396,1.1085034608840942,0.9958541989326477,1.0187798738479614,-0.10850346088409424,0.004145801067352295,-0.018779873847961426,-0.0046453289687633514,179.406982421875,-177.15745544433594,0.0046453289687633514,0.0671541690826416,-0.9899629950523376,40576,0.12206918001174927,-0.051815565675497055,-0.0030994415283203125,-0.7052724957466125,-0.1092156320810318,-0.1754748821258545,116.08242797851562,1285.5264892578125,174.99923706054688
20251024_150301.622428,1.1088415384292603,0.9957390427589417,1.018803358078003,-0.10884153842926025,0.00426095724105835,-0.01880335807800293,-0.18341632187366486,178.94775390625,-177.19735717773438,0.18341632187366486,0.08591530472040176,-1.0445016622543335,40589,0.12222182750701904,-0.05157127603888512,0.015264749526977539,-0.7074699997901917,-0.11051970720291138,-0.22651195526123047,119.30680084228516,1285.5684814453125,184.2498779296875
20251024_150301.632462,1.1089049577713013,0.9962078332901001,1.0186212062835693,-0.10890495777130127,0.0037921667098999023,-0.018621206283569336,-0.2971450090408325,179.87762451171875,-176.54891967773438,0.2971450090408325,-0.04868884012103081,-0.8621993660926819,39641,0.12103784084320068,-0.051328014582395554,-0.11839866638183594,-0.7078822255134583,-0.11182618141174316,-0.04249095916748047,106.1806640625,1285.6087646484375,-750.0648193359375
20251024_150301.642667,1.1091848611831665,0.996322512626648,1.018598198890686,-0.1091848611831665,0.0036774873733520508,-0.018598198890686035,-0.4787047803401947,-179.6288604736328,-176.7241668701172,0.4787047803401947,0.05484739691019058,-1.0103715658187866,40205,0.12088829278945923,-0.05108609050512314,-0.014954805374145508,-0.7097015976905823,-0.1131347268819809,-0.18753528594970703,102.96965026855469,1285.6461181640625,-183.4869384765625
20251024_150301.652420,1.1094328165054321,0.9963508248329163,1.018599271774292,-0.10943281650543213,0.0036491751670837402,-0.018599271774291992,-0.3758738338947296,-179.51295471191406,-176.7251434326172,0.3758738338947296,0.07074833661317825,-0.9918897747993469,40342,0.12089526653289795,-0.050844307988882065,0.0006973743438720703,-0.7113133072853088,-0.11444643139839172,-0.16613006591796875,102.1769027709961,1285.6827392578125,-45.299530029296875
20251024_150301.662612,1.109706997871399,0.9962136149406433,1.0186588764190674,-0.10970699787139893,0.0037863850593566895,-0.018658876419067383,-0.4663057327270508,179.56809997558594,-176.3802032470703,0.4663057327270508,0.10942358523607254,-1.0125582218170166,40611,0.12128269672393799,-0.050602126866579056,0.038743019104003906,-0.713095486164093,-0.11576126515865326,-0.1837015151977539,106.01878356933594,1285.719970703125,219.53582763671875
20251024_150301.672471,1.109927773475647,0.99615877866745,1.0186609029769897,-0.10992777347564697,0.003841221332550049,-0.018660902976989746,86.22984313964844,-70.73794555664062,110.29902648925781,15.0,0.07225358486175537,-0.9795292615890503,40481,0.12129586935043335,-0.05035955086350441,0.0013172626495361328,-0.7145305275917053,-0.11707907915115356,-0.1479196548461914,107.55419921875,1285.758056640625,87.738037109375
20251024_150301.682638,1.1101593971252441,0.9960845708847046,1.018630027770996,-0.11015939712524414,0.00391542911529541,-0.018630027770996094,86.2958984375,-70.46907043457031,110.52912139892578,15.0,0.0509091392159462,-0.9896235466003418,40514,0.12109518051147461,-0.05011715739965439,-0.020068883895874023,-0.7160360813140869,-0.11839959770441055,-0.15518784523010254,109.63201904296875,1285.796875,118.73245239257812
20251024_150301.692742,1.110369086265564,0.9962153434753418,1.0185387134552002,-0.11036908626556396,0.003784656524658203,-0.018538713455200195,-0.4000076949596405,179.8826141357422,-176.54727172851562,0.4000076949596405,0.011271770112216473,-0.9776135683059692,40182,0.12050163745880127,-0.04987556114792824,-0.059354305267333984,-0.7173990607261658,-0.11972276866436005,-0.14049172401428223,105.97038269042969,1285.8353271484375,-209.23614501953125
20251024_150301.702813,1.1105974912643433,0.9962984919548035,1.018448829650879,-0.11059749126434326,0.003701508045196533,-0.018448829650878906,-0.527912974357605,-179.4794464111328,-176.94154357910156,0.527912974357605,0.011857776902616024,-0.9929636120796204,40256,0.11991739273071289,-0.0496351420879364,-0.05842447280883789,-0.7188836932182312,-0.12104856967926025,-0.1530313491821289,103.64222717285156,1285.872802734375,-133.03756713867188
20251024_150301.712607,1.1108660697937012,0.996250331401825,1.0185484886169434,-0.11086606979370117,0.003749668598175049,-0.01854848861694336,-0.27659690380096436,-179.28079223632812,-177.33106994628906,0.27659690380096436,0.13594883680343628,-1.0229544639587402,40467,0.12056517601013184,-0.04939465969800949,0.06477832794189453,-0.7206294536590576,-0.12237735092639923,-0.1799476146697998,104.99072265625,1285.9100341796875,77.056884765625
20251024_150301.722600,1.1109875440597534,0.9962831735610962,1.0184392929077148,-0.11098754405975342,0.0037168264389038086,-0.018439292907714844,-0.523999035358429,179.9050750732422,-176.6798858642578,0.523999035358429,-0.00027604709612205625,-0.9265152812004089,40337,0.11985540390014648,-0.049154240638017654,-0.07097721099853516,-0.7214190363883972,-0.12370847165584564,-0.08138775825500488,104.07113647460938,1285.9473876953125,-52.547454833984375
20251024_150301.732700,1.1113715171813965,0.9959074854850769,1.0186163187026978,-0.11137151718139648,0.004092514514923096,-0.018616318702697754,-0.24655196070671082,179.4904327392578,-176.99549865722656,0.24655196070671082,0.187159463763237,-1.1062195301055908,41001,0.1210060715675354,-0.0489133782684803,0.1150667667388916,-0.7239148616790771,-0.1250426322221756,-0.2572619915008545,114.59040832519531,1285.9864501953125,601.1009521484375
20251024_150301.742994,1.11154305934906,0.9959057569503784,1.0185356140136719,-0.11154305934906006,0.004094243049621582,-0.018535614013671875,-0.1745052933692932,179.7759246826172,-177.24546813964844,0.1745052933692932,0.019351553171873093,-0.9663432240486145,40403,0.12048149108886719,-0.048671890050172806,-0.05245804786682129,-0.7250298857688904,-0.12638011574745178,-0.11493325233459473,114.63880920410156,1286.02734375,2.765655517578125
20251024_150301.752810,1.1117206811904907,0.9959564805030823,1.018512487411499,-0.11172068119049072,0.004043519496917725,-0.018512487411499023,-0.13763295114040375,-179.66571044921875,-177.5379180908203,0.13763295114040375,0.056867796927690506,-0.9729107618331909,40318,0.12033116817474365,-0.04843107983469963,-0.015032291412353516,-0.7261844277381897,-0.1277197003364563,-0.11900663375854492,113.21854400634766,1286.0679931640625,-81.15768432617188
20251024_150301.762872,1.1118587255477905,0.9960607290267944,1.0184687376022339,-0.11185872554779053,0.003939270973205566,-0.018468737602233887,-0.28435373306274414,-179.1212921142578,-177.4038848876953,0.28435373306274414,0.04341871663928032,-0.9486325979232788,40229,0.12004679441452026,-0.04819070175290108,-0.028437376022338867,-0.7270817160606384,-0.12906117737293243,-0.09248971939086914,110.29959106445312,1286.10791015625,-166.79763793945312
20251024_150301.772788,1.1120532751083374,0.9960989356040955,1.018489122390747,-0.1120532751083374,0.003901064395904541,-0.01848912239074707,-0.21902941167354584,-179.1167449951172,-177.3955841064453,0.21902941167354584,0.08547893166542053,-0.9890991449356079,40334,0.12017929553985596,-0.04795047268271446,0.013250112533569336,-0.7283462882041931,-0.13040465116500854,-0.13034820556640625,109.22980499267578,1286.1470947265625,-61.130523681640625
20251024_150301.783013,1.1122037172317505,0.9960652589797974,1.0185227394104004,-0.11220371723175049,0.003934741020202637,-0.01852273941040039,-0.14518357813358307,-179.62815856933594,-177.19241333007812,0.14518357813358307,0.09453897178173065,-0.961870551109314,40450,0.12039780616760254,-0.04770989716053009,0.021851062774658203,-0.7293241620063782,-0.1317501813173294,-0.10079622268676758,110.17274475097656,1286.186279296875,53.882598876953125
20251024_150301.792600,1.112382411956787,0.9961034059524536,1.0184580087661743,-0.11238241195678711,0.0038965940475463867,-0.018458008766174316,-0.02023232914507389,179.81275939941406,-177.2919921875,0.02023232914507389,0.03043261542916298,-0.9833088517189026,40334,0.11997705698013306,-0.047469522804021835,-0.04207491874694824,-0.7304856777191162,-0.13309770822525024,-0.11972546577453613,109.10462951660156,1286.2254638671875,-61.03515625
20251024_150301.802523,1.1125192642211914,0.9961615204811096,1.018418312072754,-0.1125192642211914,0.003838479518890381,-0.018418312072753906,0.0021164233330637217,-179.87094116210938,-177.32330322265625,-0.0021164233330637217,0.04668635129928589,-0.9575133323669434,40300,0.11971902847290039,-0.0472298264503479,-0.0258028507232666,-0.7313752174377441,-0.1344471126794815,-0.0916910171508789,107.47742462158203,1286.26416015625,-92.98324584960938
20251024_150301.812537,1.1126242876052856,0.9962500333786011,1.0184048414230347,-0.11262428760528564,0.0037499666213989258,-0.018404841423034668,0.013172023929655552,-179.27285766601562,-177.49826049804688,-0.013172023929655552,0.06388507038354874,-0.9382215142250061,40249,0.11963146924972534,-0.04699047654867172,-0.008755922317504883,-0.7320578694343567,-0.13579797744750977,-0.07036566734313965,104.99906921386719,1286.3021240234375,-141.62063598632812
20251024_150301.822493,1.1127256155014038,0.9962891340255737,1.0183591842651367,-0.11272561550140381,0.0037108659744262695,-0.01835918426513672,0.0073288725689053535,-178.90597534179688,-177.6381378173828,-0.0073288725689053535,0.042906034737825394,-0.9377562403678894,40327,0.11933469772338867,-0.046751510351896286,-0.029677152633666992,-0.7327165007591248,-0.13715007901191711,-0.06788969039916992,103.90425109863281,1286.33935546875,-62.56103515625
20251024_150301.832806,1.112844705581665,0.9962568283081055,1.0183860063552856,-0.11284470558166504,0.0037431716918945312,-0.018386006355285645,-0.016086749732494354,-179.24888610839844,-177.45541381835938,0.016086749732494354,0.09043073654174805,-0.9517844319343567,40442,0.11950904130935669,-0.0465126670897007,0.017434358596801758,-0.7334905862808228,-0.13850349187850952,-0.07979035377502441,104.80880737304688,1286.376708984375,51.68914794921875
20251024_150301.843023,1.1129730939865112,0.9962042570114136,1.018430471420288,-0.11297309398651123,0.0037957429885864258,-0.018430471420288086,0.039155177772045135,-179.9930877685547,-177.119140625,-0.039155177772045135,0.10242699831724167,-0.9602037668228149,40476,0.11979806423187256,-0.046273358166217804,0.028902292251586914,-0.734325110912323,-0.1398584097623825,-0.08602023124694824,106.28080749511719,1286.4144287109375,84.11407470703125
20251024_150301.852775,1.1130712032318115,0.9961587190628052,1.0184211730957031,-0.11307120323181152,0.0038412809371948242,-0.018421173095703125,0.045191843062639236,179.536865234375,-177.05018615722656,-0.045191843062639236,0.067659892141819,-0.9419106841087341,40466,0.11973762512207031,-0.0460338220000267,-0.006043910980224609,-0.7349628210067749,-0.14121466875076294,-0.06573319435119629,107.55586242675781,1286.4525146484375,72.8607177734375
20251024_150301.862292,1.1132272481918335,0.9961989521980286,1.018566370010376,-0.1132272481918335,0.0038010478019714355,-0.018566370010375977,-0.12634409964084625,179.5452423095703,-177.22601318359375,0.12634409964084625,0.1692660003900528,-0.9830996990203857,40328,0.12068140506744385,-0.045793402940034866,0.09437799453735352,-0.7359771132469177,-0.14257246255874634,-0.10455012321472168,106.42933654785156,1286.49072265625,-64.37301635742188
20251024_150301.872866,1.1132171154022217,0.9963153600692749,1.0183513164520264,-0.11321711540222168,0.0036846399307250977,-0.018351316452026367,0.0662209540605545,-179.83763122558594,-177.32553100585938,-0.0662209540605545,-0.06605469435453415,-0.8730534315109253,40203,0.11928355693817139,-0.04555343836545944,-0.1397848129272461,-0.7359112501144409,-0.14393112063407898,0.006788969039916992,103.169921875,1286.5281982421875,-186.25259399414062
20251024_150301.883038,1.1134699583053589,0.9962278008460999,1.0185303688049316,-0.11346995830535889,0.0037721991539001465,-0.01853036880493164,-0.045580942183732986,-178.7423858642578,-176.87985229492188,0.045580942183732986,0.19151772558689117,-1.0522507429122925,40532,0.12044739723205566,-0.04531370848417282,0.11638402938842773,-0.7375547289848328,-0.1452912539243698,-0.1694047451019287,105.62157440185547,1286.5654296875,140.09475708007812
20251024_150301.892958,1.1135131120681763,0.9962669610977173,1.0185242891311646,-0.11351311206817627,0.003733038902282715,-0.01852428913116455,-0.009093407541513443,-178.7275390625,-176.97023010253906,0.009093407541513443,0.07138323783874512,-0.9134014248847961,40328,0.12040787935256958,-0.045072853565216064,-0.0039517879486083984,-0.7378352284431458,-0.14665314555168152,-0.028913021087646484,104.52508544921875,1286.60302734375,-62.656402587890625
20251024_150301.902922,1.1134430170059204,0.9964591860771179,1.0184838771820068,-0.11344301700592041,0.00354081392288208,-0.018483877182006836,-0.07319557666778564,-179.94273376464844,-177.36376953125,0.07319557666778564,0.0490451343357563,-0.8384308218955994,40078,0.12014520168304443,-0.04483230039477348,-0.02626776695251465,-0.7373796105384827,-0.1480148881673813,0.04696369171142578,99.14279174804688,1286.639404296875,-307.5599670410156
20251024_150301.912067,1.1134984493255615,0.9964300394058228,1.0184825658798218,-0.11349844932556152,0.003569960594177246,-0.018482565879821777,-0.08297615498304367,179.593505859375,-177.23143005371094,0.08297615498304367,0.07469231635332108,-0.9242560863494873,40433,0.12013667821884155,-0.04459201917052269,-0.0008523464202880859,-0.7377399206161499,-0.1493765264749527,-0.0371396541595459,99.95889282226562,1286.6749267578125,46.634674072265625
20251024_150301.922058,1.113542079925537,0.9964631199836731,1.018452525138855,-0.11354207992553711,0.0035368800163269043,-0.01845252513885498,-0.04596715047955513,179.6352996826172,-177.2926025390625,0.04596715047955513,0.05606299266219139,-0.9179947972297668,40332,0.11994141340255737,-0.04435193911194801,-0.01952648162841797,-0.7380235195159912,-0.15073877573013306,-0.029232501983642578,99.03263854980469,1286.71044921875,-52.928924560546875
20251024_150301.933016,1.1135649681091309,0.9966123104095459,1.018422245979309,-0.11356496810913086,0.0033876895904541016,-0.018422245979309082,-0.04094473645091057,-179.786865234375,-177.47665405273438,0.04094473645091057,0.055950891226530075,-0.9056087732315063,40142,0.11974459886550903,-0.044112253934144974,-0.019681453704833984,-0.7381722927093506,-0.15210141241550446,-0.0153350830078125,94.85530853271484,1286.7451171875,-238.70468139648438
20251024_150301.943041,1.1135731935501099,0.9967871904373169,1.0183593034744263,-0.11357319355010986,0.0032128095626831055,-0.01835930347442627,-0.0019013689598068595,-179.09681701660156,-177.5981903076172,0.0019013689598068595,0.03454967215657234,-0.8972010612487793,40096,0.11933547258377075,-0.043873172253370285,-0.040912628173828125,-0.7382257580757141,-0.15346424281597137,-0.005511045455932617,89.95866394042969,1286.778076171875,-279.80804443359375
20251024_150301.952924,1.1135789155960083,0.9968433380126953,1.0183461904525757,-0.1135789155960083,0.0031566619873046875,-0.018346190452575684,-0.039991024881601334,-179.02401733398438,-177.52017211914062,0.039991024881601334,0.06709218770265579,-0.8969238996505737,40285,0.11925023794174194,-0.04363458976149559,-0.00852346420288086,-0.738262951374054,-0.15482716262340546,-0.003833770751953125,88.38653564453125,1286.8099365234375,-89.83612060546875
20251024_150301.962905,1.1135971546173096,0.9968262910842896,1.0183404684066772,-0.11359715461730957,0.0031737089157104492,-0.018340468406677246,-0.04332780838012695,-179.56997680664062,-177.30259704589844,0.04332780838012695,0.07209759205579758,-0.9067918658256531,40402,0.1192130446434021,-0.043396126478910446,-0.003719329833984375,-0.7383815050125122,-0.15619021654129028,-0.012220144271850586,88.86384582519531,1286.841552734375,27.27508544921875
20251024_150301.972968,1.1136113405227661,0.9967927932739258,1.0183429718017578,-0.11361134052276611,0.0032072067260742188,-0.018342971801757812,-0.025096075609326363,179.80966186523438,-177.08465576171875,0.025096075609326363,0.07769884169101715,-0.9055317640304565,40430,0.11922931671142578,-0.043157681822776794,0.001627206802368164,-0.7384737133979797,-0.15755346417427063,-0.009504556655883789,89.80178833007812,1286.87353515625,53.59649658203125
20251024_150301.982878,1.1136131286621094,0.9968138337135315,1.0183374881744385,-0.11361312866210938,0.003186166286468506,-0.018337488174438477,-0.021734679117798805,179.56658935546875,-177.06198120117188,0.021734679117798805,0.0727100595831871,-0.8986002206802368,40342,0.1191936731338501,-0.042919259518384933,-0.0035643577575683594,-0.7384853363037109,-0.15891681611537933,-0.0011980533599853516,89.21265411376953,1286.905517578125,-33.664703369140625
20251024_150301.992746,1.113608956336975,0.9969180822372437,1.0182875394821167,-0.1136089563369751,0.0030819177627563477,-0.0182875394821167,-0.02346138097345829,179.92721557617188,-177.2240447998047,0.02346138097345829,0.04372116178274155,-0.8959429264068604,40206,0.11886900663375854,-0.042681194841861725,-0.03246665000915527,-0.7384582161903381,-0.16028015315532684,0.0027954578399658203,86.293701171875,1286.936767578125,-166.79763793945312
20251024_150302.003095,1.1135704517364502,0.9970898628234863,1.018266201019287,-0.1135704517364502,0.002910137176513672,-0.01826620101928711,0.04139992594718933,-179.4286346435547,-177.3895263671875,-0.04139992594718933,0.06241670995950699,-0.8740530610084534,40093,0.11873030662536621,-0.042443595826625824,-0.013870000839233398,-0.7382079362869263,-0.16164322197437286,0.02579808235168457,81.48384094238281,1286.966796875,-274.84893798828125
20251024_150302.012241,1.1135605573654175,0.9971749186515808,1.018217921257019,-0.11356055736541748,0.0028250813484191895,-0.018217921257019043,0.018733326345682144,-179.15362548828125,-177.42105102539062,-0.018733326345682144,0.04482819139957428,-0.8945204019546509,40230,0.11841648817062378,-0.042206451296806335,-0.031381845474243164,-0.7381436228752136,-0.1630060076713562,0.006629228591918945,79.10227966308594,1286.9954833984375,-136.08932495117188
20251024_150302.022875,1.1135156154632568,0.9972207546234131,1.0181928873062134,-0.11351561546325684,0.002779245376586914,-0.01819288730621338,0.061776526272296906,-179.2871551513672,-177.33004760742188,-0.061776526272296906,0.06001191958785057,-0.8721088767051697,40291,0.11825376749038696,-0.04196977987885475,-0.01627206802368164,-0.7378515005111694,-0.16436846554279327,0.030111074447631836,77.8188705444336,1287.0234375,-73.33755493164062
20251024_150302.032780,1.113524079322815,0.9971760511398315,1.018173336982727,-0.11352407932281494,0.002823948860168457,-0.01817333698272705,0.04159761965274811,-179.960205078125,-177.1414794921875,-0.04159761965274811,0.0636855810880661,-0.9093080163002014,40437,0.11812669038772583,-0.04173339903354645,-0.012707710266113281,-0.7379065155982971,-0.16573069989681244,-0.005670785903930664,79.07057189941406,1287.051513671875,71.52557373046875
20251024_150302.042742,1.1135045289993286,0.9971675276756287,1.018167495727539,-0.11350452899932861,0.002832472324371338,-0.018167495727539062,0.026709390804171562,179.62277221679688,-177.09486389160156,-0.026709390804171562,0.07279472053050995,-0.8917735815048218,40380,0.1180887222290039,-0.041497185826301575,-0.003796815872192383,-0.737779438495636,-0.16709287464618683,0.013098716735839844,79.3092269897461,1287.0797119140625,13.637542724609375
20251024_150302.053034,1.113446593284607,0.9972543716430664,1.01813805103302,-0.11344659328460693,0.0027456283569335938,-0.01813805103302002,0.062333784997463226,179.90211486816406,-177.22789001464844,-0.062333784997463226,0.05749708041548729,-0.8670405149459839,40225,0.11789733171463013,-0.04126119986176491,-0.01913905143737793,-0.7374028563499451,-0.1684545874595642,0.03881692886352539,76.87759399414062,1287.107666015625,-138.95034790039062
20251024_150302.063037,1.1133908033370972,0.9974499344825745,1.0180271863937378,-0.11339080333709717,0.002550065517425537,-0.018027186393737793,0.16836987435817719,-179.32266235351562,-177.5489959716797,-0.16836987435817719,0.004088571760803461,-0.8694765567779541,40045,0.11717671155929565,-0.041026122868061066,-0.07206201553344727,-0.7370402216911316,-0.16981561481952667,0.03737926483154297,71.4018325805664,1287.1341552734375,-312.9005432128906
20251024_150302.072764,1.1133219003677368,0.9976056814193726,1.017987847328186,-0.11332190036773682,0.0023943185806274414,-0.017987847328186035,0.15897220373153687,-178.87442016601562,-177.63516235351562,-0.15897220373153687,0.05055858939886093,-0.8616032600402832,40105,0.11692100763320923,-0.04079202562570572,-0.025570392608642578,-0.7365923523902893,-0.17117588222026825,0.04616498947143555,67.04092407226562,1287.1588134765625,-249.19509887695312
20251024_150302.082634,1.1131783723831177,0.9977424740791321,1.0177375078201294,-0.11317837238311768,0.00225752592086792,-0.017737507820129395,0.39125970005989075,-178.90966796875,-177.54782104492188,-0.39125970005989075,-0.08798669278621674,-0.812030553817749,40131,0.11529380083084106,-0.040559813380241394,-0.1627206802368164,-0.7356594204902649,-0.17253488302230835,0.09616374969482422,63.210723876953125,1287.18212890625,-218.86825561523438
20251024_150302.092943,1.1131212711334229,0.997724711894989,1.0177149772644043,-0.11312127113342285,0.0022752881050109863,-0.017714977264404297,0.4333042800426483,-179.3628387451172,-177.3521728515625,-0.4333042800426483,0.060173120349645615,-0.8709231019020081,40379,0.11514735221862793,-0.04032937064766884,-0.014644861221313477,-0.7352882623672485,-0.17389267683029175,0.03825783729553223,63.70806884765625,1287.2047119140625,28.41949462890625
20251024_150302.102734,1.1130142211914062,0.9977716207504272,1.017664909362793,-0.11301422119140625,0.002228379249572754,-0.01766490936279297,0.4208560585975647,-179.91685485839844,-176.8268280029297,-0.4208560585975647,0.04217837378382683,-0.8381184935569763,40274,0.1148219108581543,-0.04009940102696419,-0.03254413604736328,-0.7345924377441406,-0.17524950206279755,0.07172346115112305,62.39461898803711,1287.227294921875,-75.05416870117188
20251024_150302.112633,1.1129544973373413,0.9977892637252808,1.0176348686218262,-0.11295449733734131,0.0022107362747192383,-0.017634868621826172,0.4198508858680725,-179.9796142578125,-176.88827514648438,-0.4198508858680725,0.05523021146655083,-0.8707945346832275,40320,0.11462664604187012,-0.03986995294690132,-0.01952648162841797,-0.7342042326927185,-0.17660531401634216,0.04001498222351074,61.90061569213867,1287.24951171875,-28.228759765625
20251024_150302.122702,1.112863302230835,0.9979090690612793,1.0175666809082031,-0.11286330223083496,0.002090930938720703,-0.017566680908203125,0.41292446851730347,-179.6135711669922,-176.9441375732422,-0.41292446851730347,0.03022027015686035,-0.8504709601402283,40154,0.11418342590332031,-0.03964114189147949,-0.04432201385498047,-0.7336114645004272,-0.17796021699905396,0.06110072135925293,58.54606628417969,1287.27099609375,-191.68853759765625
20251024_150302.132955,1.112725853919983,0.9981051683425903,1.0174843072891235,-0.11272585391998291,0.001894831657409668,-0.017484307289123535,0.334977388381958,-179.31597900390625,-176.6370391845703,-0.334977388381958,0.02069183439016342,-0.8199414610862732,40026,0.11364799737930298,-0.03941331058740616,-0.0535428524017334,-0.7327180504798889,-0.1793137490749359,0.09209036827087402,53.0552864074707,1287.2908935546875,-313.75885009765625
20251024_150302.142840,1.1126166582107544,0.9981849193572998,1.0174269676208496,-0.1126166582107544,0.0018150806427001953,-0.01742696762084961,0.35138964653015137,-179.18490600585938,-176.55322265625,-0.35138964653015137,0.036818116903305054,-0.8395129442214966,40210,0.11327528953552246,-0.03918638825416565,-0.03727078437805176,-0.7320082783699036,-0.18066580593585968,0.07316112518310547,50.82225799560547,1287.3094482421875,-127.60162353515625
20251024_150302.152899,1.1124953031539917,0.9982039928436279,1.0173858404159546,-0.1124953031539917,0.0017960071563720703,-0.01738584041595459,0.40311309695243835,-179.45877075195312,-176.3449249267578,-0.40311309695243835,0.04731517657637596,-0.8319280743598938,40307,0.11300796270370483,-0.03896010294556618,-0.026732683181762695,-0.731219470500946,-0.18201647698879242,0.08130788803100586,50.28820037841797,1287.3275146484375,-30.517578125
20251024_150302.162705,1.1124142408370972,0.9981191754341125,1.01736319065094,-0.11241424083709717,0.0018808245658874512,-0.01736319065093994,0.4363827109336853,-179.98590087890625,-176.1827850341797,-0.4363827109336853,0.059404157102108,-0.8597467541694641,40475,0.11286073923110962,-0.03873423486948013,-0.014722347259521484,-0.7306925654411316,-0.18336594104766846,0.05431175231933594,52.6630859375,1287.345947265625,135.70785522460938
20251024_150302.172828,1.112320899963379,0.9980645775794983,1.0172983407974243,-0.1123208999633789,0.001935422420501709,-0.017298340797424316,0.4341045320034027,179.6727294921875,-176.12596130371094,-0.4341045320034027,0.03177787363529205,-0.8522617816925049,40428,0.11243921518325806,-0.03850893676280975,-0.04215240478515625,-0.7300858497619629,-0.18471434712409973,0.06253838539123535,54.19182586669922,1287.364990234375,87.3565673828125
20251024_150302.182757,1.1122084856033325,0.9980518221855164,1.0172319412231445,-0.11220848560333252,0.0019481778144836426,-0.01723194122314453,0.4603719413280487,179.77455139160156,-176.37060546875,-0.4603719413280487,0.03056340478360653,-0.840099036693573,40362,0.11200761795043945,-0.03828448802232742,-0.04315972328186035,-0.7293551564216614,-0.18606151640415192,0.0753176212310791,54.548980712890625,1287.3843994140625,20.40863037109375
20251024_150302.192701,1.1120388507843018,0.9981778264045715,1.0170804262161255,-0.11203885078430176,0.0018221735954284668,-0.01708042621612549,0.4472097158432007,-179.82823181152344,-176.78103637695312,-0.4472097158432007,-0.025523442775011063,-0.8020042181015015,40136,0.11102277040481567,-0.03806145861744881,-0.09848475456237793,-0.7282525300979614,-0.1874070018529892,0.11365532875061035,51.02085876464844,1287.4033203125,-201.60675048828125
20251024_150302.202753,1.1119199991226196,0.9982354640960693,1.0169857740402222,-0.11191999912261963,0.001764535903930664,-0.016985774040222168,0.5128324627876282,-179.3345489501953,-176.96856689453125,-0.5128324627876282,0.011043588630855083,-0.836600124835968,40244,0.11040753126144409,-0.03784002736210823,-0.0615239143371582,-0.7274799942970276,-0.188750758767128,0.07963061332702637,49.407005310058594,1287.421142578125,-92.22030639648438
20251024_150302.212694,1.1117660999298096,0.9982782006263733,1.016908049583435,-0.11176609992980957,0.001721799373626709,-0.01690804958343506,0.5177547931671143,-179.10943603515625,-176.9512176513672,-0.5177547931671143,0.021761706098914146,-0.8134600520133972,40267,0.10990232229232788,-0.03761971741914749,-0.050520896911621094,-0.7264796495437622,-0.19009287655353546,0.10311245918273926,48.21038055419922,1287.4385986328125,-68.37844848632812
20251024_150302.222720,1.1115952730178833,0.998218297958374,1.0168427228927612,-0.1115952730178833,0.0017817020416259766,-0.01684272289276123,0.5525267124176025,-179.41183471679688,-176.71669006347656,-0.5525267124176025,0.02961501106619835,-0.8023483157157898,40433,0.109477698802948,-0.03740033879876137,-0.04246234893798828,-0.7253692746162415,-0.19143304228782654,0.11445403099060059,49.887657165527344,1287.4561767578125,95.84426879882812
20251024_150302.232633,1.1114522218704224,0.9980483651161194,1.0167841911315918,-0.11145222187042236,0.0019516348838806152,-0.016784191131591797,0.6403422355651855,-179.955810546875,-176.51870727539062,-0.6403422355651855,0.03386983275413513,-0.8213664889335632,40614,0.10909724235534668,-0.03718176484107971,-0.038045644760131836,-0.7244394421577454,-0.1927713304758072,0.09584426879882812,54.645774841308594,1287.474853515625,271.8925476074219
20251024_150302.242900,1.1112972497940063,0.9979326128959656,1.0167138576507568,-0.11129724979400635,0.002067387104034424,-0.016713857650756836,0.6421674489974976,179.61668395996094,-176.4040069580078,-0.6421674489974976,0.025959284976124763,-0.8137086629867554,40530,0.10864007472991943,-0.03696402534842491,-0.04571676254272461,-0.7234321236610413,-0.19410783052444458,0.10383129119873047,57.8868408203125,1287.494873046875,185.20355224609375
20251024_150302.252727,1.1111202239990234,0.997830867767334,1.016618013381958,-0.11112022399902344,0.0021691322326660156,-0.016618013381958008,0.6671453714370728,179.5870361328125,-176.52439880371094,-0.6671453714370728,0.00897094327956438,-0.7991164922714233,40511,0.10801708698272705,-0.036747369915246964,-0.06229877471923828,-0.7222814559936523,-0.195442333817482,0.1186072826385498,60.73570251464844,1287.51611328125,162.79220581054688
20251024_150302.262869,1.1108797788619995,0.997917115688324,1.0164576768875122,-0.11087977886199951,0.0020828843116760254,-0.016457676887512207,0.8021326065063477,-179.6212615966797,-176.89524841308594,-0.8021326065063477,-0.03377619758248329,-0.756394624710083,40207,0.10697489976882935,-0.03653237596154213,-0.10421872138977051,-0.7207185626029968,-0.19677433371543884,0.16109824180603027,58.320762634277344,1287.537353515625,-137.99667358398438
20251024_150302.272698,1.1106791496276855,0.9979312419891357,1.0163211822509766,-0.11067914962768555,0.002068758010864258,-0.016321182250976562,0.7746124863624573,-179.2357635498047,-177.0889129638672,-0.7746124863624573,-0.018953144550323486,-0.7830965518951416,40322,0.10608768463134766,-0.0363193154335022,-0.08872151374816895,-0.719414472579956,-0.19810368120670319,0.13442158699035645,57.92522430419922,1287.55810546875,-22.602081298828125
20251024_150302.282134,1.1104763746261597,0.9979449510574341,1.0162043571472168,-0.11047637462615967,0.002055048942565918,-0.016204357147216797,0.7760109901428223,-179.04739379882812,-177.07159423828125,-0.7760109901428223,-0.006715894676744938,-0.7816678285598755,40323,0.10532832145690918,-0.03610789775848389,-0.07593631744384766,-0.7180964350700378,-0.19943061470985413,0.13585925102233887,57.5413703918457,1287.5787353515625,-21.93450927734375
20251024_150302.292789,1.1102476119995117,0.9979874491691589,1.0160439014434814,-0.11024761199951172,0.0020125508308410645,-0.016043901443481445,0.9325933456420898,-179.3876190185547,-177.2152099609375,-0.9325933456420898,-0.03590913489460945,-0.7640934586524963,40275,0.1042853593826294,-0.03589828684926033,-0.10429620742797852,-0.7166094779968262,-0.20075495541095734,0.15327095985412598,56.35142517089844,1287.59912109375,-67.99697875976562
20251024_150302.302888,1.1100835800170898,0.9977721571922302,1.0159375667572021,-0.11008358001708984,0.0022278428077697754,-0.01593756675720215,0.9993610978126526,-179.626953125,-177.32244873046875,-0.9993610978126526,-0.0012137676822021604,-0.807718813419342,40694,0.10359418392181396,-0.03569040447473526,-0.06911754608154297,-0.715543270111084,-0.20207694172859192,0.10990142822265625,62.379600524902344,1287.6202392578125,344.4671630859375
20251024_150302.312387,1.1099013090133667,0.9975996017456055,1.0158330202102661,-0.1099013090133667,0.0024003982543945312,-0.015833020210266113,1.0477906465530396,-179.9866180419922,-177.21743774414062,-1.0477906465530396,-0.0005245208158157766,-0.7956337928771973,40630,0.10291463136672974,-0.03548389673233032,-0.06795525550842285,-0.7143585085868835,-0.20339685678482056,0.12212157249450684,67.21115112304688,1287.6434326171875,276.0887145996094
20251024_150302.322739,1.109646201133728,0.9974063038825989,1.0157756805419922,-0.10964620113372803,0.002593696117401123,-0.015775680541992188,0.8660861849784851,-179.94725036621094,-177.15386962890625,-0.8660861849784851,0.02999269962310791,-0.7464921474456787,40669,0.10254192352294922,-0.03527843952178955,-0.03727078437805176,-0.7127003073692322,-0.20471414923667908,0.17092227935791016,72.62348937988281,1287.6683349609375,309.2765808105469
20251024_150302.333152,1.1093817949295044,0.9972464442253113,1.0156519412994385,-0.1093817949295044,0.0027535557746887207,-0.015651941299438477,0.9981186389923096,-179.89041137695312,-177.64776611328125,-0.9981186389923096,-0.01376704964786768,-0.7398577928543091,40620,0.1017376184463501,-0.03507415950298309,-0.08043050765991211,-0.7109816670417786,-0.2060283124446869,0.17715215682983398,77.09956359863281,1287.695068359375,255.77545166015625
20251024_150302.342873,1.1091386079788208,0.9972659349441528,1.0155013799667358,-0.1091386079788208,0.002734065055847168,-0.01550137996673584,1.0947909355163574,-179.2576904296875,-177.96612548828125,-1.0947909355163574,-0.03197756037116051,-0.7538051009178162,40333,0.10075896978378296,-0.0348716638982296,-0.09786486625671387,-0.7094009518623352,-0.20733943581581116,0.1629352569580078,76.55381774902344,1287.7225341796875,-31.185150146484375
20251024_150302.353036,1.1088076829910278,0.9974297285079956,1.0153224468231201,-0.10880768299102783,0.0025702714920043945,-0.015322446823120117,1.0068342685699463,-179.34010314941406,-178.53379821777344,-1.0068342685699463,-0.051381949335336685,-0.6941773295402527,40097,0.09959590435028076,-0.03467131033539772,-0.11630654335021973,-0.7072499394416809,-0.20864711701869965,0.22171974182128906,71.96760559082031,1287.7490234375,-262.0697021484375
20251024_150302.362466,1.108572244644165,0.9974313378334045,1.0152028799057007,-0.10857224464416504,0.002568662166595459,-0.015202879905700684,1.0011379718780518,-179.1377716064453,-178.55291748046875,-1.0011379718780518,-0.013372671790421009,-0.7579272985458374,40357,0.09881871938705444,-0.03447289392352104,-0.07771849632263184,-0.7057195901870728,-0.20995138585567474,0.1577436923980713,71.92253875732422,1287.7747802734375,-2.574920654296875
20251024_150302.372695,1.1083234548568726,0.997378408908844,1.015087604522705,-0.10832345485687256,0.002621591091156006,-0.015087604522705078,1.053196907043457,-179.1776123046875,-178.32144165039062,-1.053196907043457,-0.011135576292872429,-0.7486660480499268,40445,0.09806942939758301,-0.03427600488066673,-0.07492899894714355,-0.7041024565696716,-0.21125276386737823,0.16668915748596191,73.40454864501953,1287.80078125,84.686279296875
20251024_150302.382710,1.1080724000930786,0.9971906542778015,1.014999508857727,-0.10807240009307861,0.0028093457221984863,-0.01499950885772705,1.1380629539489746,-179.72120666503906,-178.14820861816406,-1.1380629539489746,0.00615418516099453,-0.746815025806427,40666,0.09749680757522583,-0.03408043831586838,-0.05726218223571777,-0.702470600605011,-0.21255114674568176,0.16820669174194336,78.66168212890625,1287.827880859375,300.40740966796875
20251024_150302.392810,1.1077978610992432,0.9970229268074036,1.014937162399292,-0.10779786109924316,0.0029770731925964355,-0.014937162399291992,1.1478664875030518,179.76223754882812,-177.92674255371094,-1.1478664875030518,0.022680506110191345,-0.730591356754303,40639,0.09709155559539795,-0.03388585150241852,-0.040525197982788086,-0.7006860971450806,-0.213846355676651,0.18394112586975098,83.35804748535156,1287.8568115234375,268.36395263671875
20251024_150302.402647,1.1075390577316284,0.996785044670105,1.014819860458374,-0.10753905773162842,0.0032149553298950195,-0.014819860458374023,1.1922574043273926,179.37657165527344,-177.86553955078125,-1.1922574043273926,-0.013609599322080612,-0.7407439947128296,40758,0.09632909297943115,-0.03369243070483208,-0.07624626159667969,-0.6990038752555847,-0.21513837575912476,0.17339825630187988,90.01875305175781,1287.8878173828125,380.6114196777344
20251024_150302.412273,1.1072845458984375,0.9967193007469177,1.0147475004196167,-0.1072845458984375,0.0032806992530822754,-0.0147475004196167,1.2421596050262451,179.36798095703125,-177.81080627441406,-1.2421596050262451,0.015324484556913376,-0.7432539463043213,40484,0.09585875272750854,-0.03350024297833443,-0.04703402519226074,-0.6973495483398438,-0.21642732620239258,0.17052292823791504,91.85958099365234,1287.9202880859375,105.19027709960938
20251024_150302.422734,1.1070163249969482,0.9967467784881592,1.0146244764328003,-0.10701632499694824,0.0032532215118408203,-0.014624476432800293,1.2136719226837158,179.7156982421875,-177.8408660888672,-1.2136719226837158,-0.01821582019329071,-0.7336112260818481,40335,0.0950590968132019,-0.03330932557582855,-0.07996559143066406,-0.6956061124801636,-0.2177131325006485,0.17970800399780273,91.09020233154297,1287.952880859375,-43.964385986328125
20251024_150302.432805,1.1067689657211304,0.9967595934867859,1.014507532119751,-0.10676896572113037,0.0032404065132141113,-0.014507532119750977,1.2150321006774902,-179.8881072998047,-177.88641357421875,-1.2150321006774902,-0.0148348119109869,-0.7472634315490723,40358,0.09429895877838135,-0.03311996906995773,-0.07601380348205566,-0.6939982771873474,-0.2189958393573761,0.16573071479797363,90.73138427734375,1287.9853515625,-20.503997802734375
20251024_150302.442887,1.1064882278442383,0.9967431426048279,1.0143790245056152,-0.10648822784423828,0.003256857395172119,-0.014379024505615234,1.217813491821289,-179.6819610595703,-177.95957946777344,-1.217813491821289,-0.022998495027422905,-0.7243545055389404,40405,0.09346365928649902,-0.03293220326304436,-0.08352994918823242,-0.6921734809875488,-0.2202753871679306,0.1880943775177002,91.19200897216797,1288.017822265625,26.3214111328125
20251024_150302.452780,1.106196403503418,0.9967170357704163,1.0143176317214966,-0.10619640350341797,0.0032829642295837402,-0.014317631721496582,1.2495508193969727,-179.5904083251953,-177.8740692138672,-1.2495508193969727,0.02041362039744854,-0.7163057923316956,40421,0.09306460618972778,-0.03274567797780037,-0.03990530967712402,-0.6902766227722168,-0.22155149281024933,0.19552230834960938,91.9229965209961,1288.050537109375,41.77093505859375
20251024_150302.462710,1.1059242486953735,0.9966635704040527,1.0142712593078613,-0.10592424869537354,0.0033364295959472656,-0.014271259307861328,1.298142671585083,-179.66551208496094,-177.8116455078125,-1.298142671585083,0.0300612673163414,-0.7289881110191345,40467,0.09276318550109863,-0.032559849321842194,-0.03014206886291504,-0.688507616519928,-0.22282421588897705,0.1823437213897705,93.42002868652344,1288.0836181640625,85.54458618164062
20251024_150302.472593,1.1056385040283203,0.996505618095398,1.014223575592041,-0.10563850402832031,0.0034943819046020508,-0.014223575592041016,1.3589682579040527,179.91748046875,-177.650146484375,-1.3589682579040527,0.02908419445157051,-0.7192949652671814,40638,0.0924532413482666,-0.032374631613492966,-0.030994415283203125,-0.686650276184082,-0.22409358620643616,0.19144892692565918,97.84269714355469,1288.1177978515625,252.72369384765625
20251024_150302.482266,1.105364441871643,0.9963642954826355,1.0141816139221191,-0.10536444187164307,0.003635704517364502,-0.01418161392211914,1.4418028593063354,179.48138427734375,-177.62474060058594,-1.4418028593063354,0.03271540626883507,-0.7266068458557129,40616,0.09218049049377441,-0.032189998775720596,-0.02727508544921875,-0.6848688721656799,-0.22535960376262665,0.18362164497375488,101.79972839355469,1288.1534423828125,226.11618041992188
20251024_150302.492186,1.1051150560379028,0.9961769580841064,1.014198899269104,-0.10511505603790283,0.0038230419158935547,-0.014198899269104004,1.4486908912658691,178.9485626220703,-177.64622497558594,-1.4486908912658691,0.0715227946639061,-0.7427818179130554,40694,0.09229284524917603,-0.03200552612543106,0.011235475540161133,-0.6832478642463684,-0.22662249207496643,0.16708850860595703,107.04517364501953,1288.1907958984375,299.7398376464844
20251024_150302.502477,1.1047945022583008,0.9959670305252075,1.014176368713379,-0.10479450225830078,0.0040329694747924805,-0.014176368713378906,1.3825916051864624,179.06613159179688,-177.59780883789062,-1.3825916051864624,0.0456804484128952,-0.6942752003669739,40737,0.09214639663696289,-0.03182108700275421,-0.014644861221313477,-0.6811642646789551,-0.22788193821907043,0.21477103233337402,112.92314147949219,1288.2301025390625,335.88409423828125
20251024_150302.512385,1.1045286655426025,0.9959684014320374,1.0141102075576782,-0.10452866554260254,0.0040315985679626465,-0.014110207557678223,1.502123475074768,179.31253051757812,-177.9662322998047,-1.502123475074768,0.017074374482035637,-0.7304636240005493,40398,0.09171634912490845,-0.031637221574783325,-0.043004751205444336,-0.6794363260269165,-0.22913788259029388,0.17811059951782227,112.88475799560547,1288.2703857421875,-2.193450927734375
20251024_150302.522333,1.1042181253433228,0.9959539175033569,1.0141066312789917,-0.10421812534332275,0.004046082496643066,-0.0141066312789917,1.4697264432907104,-179.83792114257812,-178.03619384765625,-1.4697264432907104,0.05791470780968666,-0.6997462511062622,40424,0.09169310331344604,-0.03145381435751915,-0.0023245811462402344,-0.6774178147315979,-0.23039036989212036,0.20806193351745605,113.29031372070312,1288.310791015625,23.174285888671875
20251024_150302.532323,1.1039024591445923,0.995984673500061,1.0139926671981812,-0.10390245914459229,0.004015326499938965,-0.013992667198181152,1.6081739664077759,-179.1965789794922,-178.14283752441406,-1.6081739664077759,-0.014395483769476414,-0.6955087184906006,40351,0.09095233678817749,-0.03127116709947586,-0.07407665252685547,-0.6753659844398499,-0.2316390872001648,0.21149635314941406,112.42913818359375,1288.35107421875,-49.2095947265625
20251024_150302.542448,1.1036020517349243,0.9959930777549744,1.0139269828796387,-0.10360205173492432,0.004006922245025635,-0.013926982879638672,1.5012843608856201,-178.9370880126953,-178.20025634765625,-1.5012843608856201,0.016740890219807625,-0.7050244808197021,40387,0.09052538871765137,-0.031089691445231438,-0.042694807052612305,-0.6734133362770081,-0.23288410902023315,0.20127296447753906,112.1938247680664,1288.3912353515625,-13.446807861328125
20251024_150302.552344,1.103337287902832,0.9959334135055542,1.0141406059265137,-0.10333728790283203,0.004066586494445801,-0.014140605926513672,1.2662383317947388,-179.39878845214844,-177.83819580078125,-1.2662383317947388,0.19986166059970856,-0.7284263372421265,40497,0.09191393852233887,-0.030907250940799713,0.13885498046875,-0.6716923713684082,-0.2341257482767105,0.17739176750183105,113.86442565917969,1288.4315185546875,95.46279907226562
20251024_150302.562171,1.1029319763183594,0.9958290457725525,1.014016032218933,-0.10293197631835938,0.00417095422744751,-0.014016032218933105,1.2508143186569214,-179.55902099609375,-177.3732147216797,-1.2508143186569214,-0.020592933520674706,-0.6328624486923218,40572,0.09110420942306519,-0.030724233016371727,-0.08097290992736816,-0.6690578460693359,-0.23536336421966553,0.2715587615966797,116.7867202758789,1288.4727783203125,166.98837280273438
20251024_150302.572383,1.1026986837387085,0.9956837296485901,1.0142326354980469,-0.1026986837387085,0.004316270351409912,-0.014232635498046875,1.0062118768692017,179.6197509765625,-177.12840270996094,-1.0062118768692017,0.2027636468410492,-0.7478325963020325,40641,0.09251213073730469,-0.030540617182850838,0.1407921314239502,-0.6675414443016052,-0.23659715056419373,0.15630602836608887,120.8555679321289,1288.51513671875,232.50579833984375
20251024_150302.582472,1.1024141311645508,0.995623767375946,1.014237642288208,-0.10241413116455078,0.004376232624053955,-0.014237642288208008,1.0459016561508179,179.2566680908203,-177.05575561523438,-1.0459016561508179,0.06544353067874908,-0.7128694653511047,40507,0.09254467487335205,-0.030355559661984444,0.003254413604736328,-0.6656918525695801,-0.2378278225660324,0.19065022468566895,122.53451538085938,1288.55859375,95.93963623046875
20251024_150302.592623,1.1020312309265137,0.9955888986587524,1.0140948295593262,-0.10203123092651367,0.004411101341247559,-0.014094829559326172,1.3506098985671997,179.25836181640625,-177.10508728027344,-1.3506098985671997,-0.03138327971100807,-0.6457143425941467,40467,0.09161639213562012,-0.03017139807343483,-0.09282827377319336,-0.6632030010223389,-0.23905450105667114,0.2565431594848633,123.51083374023438,1288.6025390625,55.789947509765625
20251024_150302.602507,1.1017088890075684,0.9955931305885315,1.0141147375106812,-0.10170888900756836,0.004406869411468506,-0.014114737510681152,1.414034128189087,179.430908203125,-177.2265167236328,-1.414034128189087,0.07469792664051056,-0.6854156255722046,40405,0.09174579381942749,-0.029988037422299385,0.012940168380737305,-0.6611077785491943,-0.24027694761753082,0.21596908569335938,123.39234161376953,1288.6466064453125,-6.771087646484375
20251024_150302.612729,1.1013833284378052,0.9956129789352417,1.0140959024429321,-0.10138332843780518,0.004387021064758301,-0.014095902442932129,1.466050386428833,179.73927307128906,-177.4919891357422,-1.466050386428833,0.04957590252161026,-0.6823615431785583,40379,0.09162336587905884,-0.029804667457938194,-0.012242794036865234,-0.6589916348457336,-0.24149549007415771,0.218125581741333,122.83659362792969,1288.690673828125,-31.757354736328125
20251024_150302.622871,1.100948691368103,0.9959067106246948,1.0142234563827515,-0.10094869136810303,0.004093289375305176,-0.014223456382751465,1.3194023370742798,-179.78671264648438,-176.99205017089844,-1.3194023370742798,0.14574193954467773,-0.6076691150665283,39933,0.09245246648788452,-0.029620591551065445,0.08291006088256836,-0.6561664938926697,-0.24270948767662048,0.29120683670043945,114.61210632324219,1288.7330322265625,-469.970703125
20251024_150302.632651,1.1005444526672363,0.9960162043571472,1.0140917301177979,-0.10054445266723633,0.003983795642852783,-0.014091730117797852,1.6171517372131348,-179.6712188720703,-177.2232666015625,-1.6171517372131348,-0.023462370038032532,-0.626617431640625,40225,0.09159624576568604,-0.029436543583869934,-0.08562207221984863,-0.6535389423370361,-0.24391844868659973,0.2708399295806885,111.54627990722656,1288.7734375,-175.18997192382812
20251024_150302.642769,1.100192666053772,0.9961409568786621,1.014117956161499,-0.10019266605377197,0.0038590431213378906,-0.014117956161499023,1.6105338335037231,-179.50218200683594,-177.01296997070312,-1.6105338335037231,0.07956046611070633,-0.6606781482696533,40197,0.09176671504974365,-0.02925317920744419,0.01704692840576172,-0.6512523293495178,-0.24512286484241486,0.23569703102111816,108.05320739746094,1288.8126220703125,-199.60403442382812
20251024_150302.652581,1.099895715713501,0.9961316585540771,1.014174222946167,-0.09989571571350098,0.0038683414459228516,-0.014174222946166992,1.6015067100524902,-179.57232666015625,-176.90191650390625,-1.6015067100524902,0.09963657706975937,-0.6966888308525085,40412,0.09213244915008545,-0.02906928025186062,0.03657341003417969,-0.6493221521377563,-0.2463233917951584,0.19895672798156738,108.31356048583984,1288.851318359375,14.8773193359375
20251024_150302.662632,1.0995652675628662,0.9960843324661255,1.0142290592193604,-0.09956526756286621,0.003915667533874512,-0.014229059219360352,1.603746771812439,-179.78746032714844,-176.64617919921875,-1.603746771812439,0.09924780577421188,-0.6732941269874573,40474,0.09248888492584229,-0.028884660452604294,0.035643577575683594,-0.6471742391586304,-0.24752016365528107,0.22140026092529297,109.63868713378906,1288.89013671875,75.72174072265625
20251024_150302.672406,1.0992695093154907,0.9958617687225342,1.014362096786499,-0.09926950931549072,0.00413823127746582,-0.014362096786499023,1.6628620624542236,-179.87081909179688,-177.12355041503906,-1.6628620624542236,0.15112923085689545,-0.6958069801330566,40760,0.09335362911224365,-0.028698816895484924,0.08647441864013672,-0.6452518105506897,-0.2487131655216217,0.19815802574157715,115.87047576904297,1288.930419921875,356.10198974609375
20251024_150302.682516,1.09884512424469,0.9955763220787048,1.0144848823547363,-0.09884512424468994,0.004423677921295166,-0.014484882354736328,1.5326849222183228,179.85794067382812,-176.8912811279297,-1.5326849222183228,0.14545103907585144,-0.6080571413040161,40869,0.09415173530578613,-0.02851131185889244,0.07981061935424805,-0.6424933075904846,-0.24990186095237732,0.28433799743652344,123.86298370361328,1288.9732666015625,456.7146301269531
20251024_150302.692612,1.098483681678772,0.9955532550811768,1.0145622491836548,-0.09848368167877197,0.004446744918823242,-0.014562249183654785,1.5151907205581665,179.7410125732422,-176.9711151123047,-1.5151907205581665,0.11662055552005768,-0.649063229560852,40450,0.0946546196937561,-0.028322504833340645,0.05028843879699707,-0.6401439309120178,-0.2510858476161957,0.24216651916503906,124.50885772705078,1289.017578125,36.907196044921875
20251024_150302.702509,1.0981085300445557,0.9956068396568298,1.014590859413147,-0.09810853004455566,0.004393160343170166,-0.014590859413146973,1.5762147903442383,-179.94015502929688,-177.10165405273438,-1.5762147903442383,0.08530422300100327,-0.6386192440986633,40326,0.09484058618545532,-0.028133010491728783,0.018596649169921875,-0.6377054452896118,-0.25226539373397827,0.25135159492492676,123.00849151611328,1289.061767578125,-85.73532104492188
20251024_150302.712436,1.097703456878662,0.9957612156867981,1.014564871788025,-0.09770345687866211,0.004238784313201904,-0.014564871788024902,87.19806671142578,-105.63934326171875,75.06855773925781,15.0,0.049836210906505585,-0.6171137094497681,40160,0.09467166662216187,-0.027943497523665428,-0.016891956329345703,-0.6350724697113037,-0.253440260887146,0.27139902114868164,118.68595886230469,1289.10498046875,-247.00164794921875
20251024_150302.722330,1.097459077835083,0.995641827583313,1.0146692991256714,-0.09745907783508301,0.004358172416687012,-0.014669299125671387,1.6403414011001587,-179.5322723388672,-177.4105987548828,-1.6403414011001587,0.13547474145889282,-0.7243613004684448,40602,0.09535044431686401,-0.027753476053476334,0.06787776947021484,-0.6334840059280396,-0.25461122393608093,0.16373395919799805,122.02882385253906,1289.14794921875,191.02096557617188
20251024_150302.732392,1.0970534086227417,0.9957435727119446,1.014651894569397,-0.0970534086227417,0.00425642728805542,-0.014651894569396973,87.62001037597656,-110.30416107177734,69.94486236572266,15.0,0.05636146664619446,-0.6148270964622498,40245,0.09523731470108032,-0.027562888339161873,-0.01131296157836914,-0.630847156047821,-0.25577831268310547,0.27179837226867676,119.17996215820312,1289.1910400390625,-162.79220581054688
20251024_150302.742422,1.096597671508789,0.9957379102706909,1.0147414207458496,-0.09659767150878906,0.004262089729309082,-0.01474142074584961,1.7026740312576294,-179.76217651367188,-178.1460418701172,-1.7026740312576294,0.12663941085338593,-0.5794811844825745,40417,0.09581923484802246,-0.027371831238269806,0.05819201469421387,-0.6278848648071289,-0.25694021582603455,0.3053438663482666,119.33851623535156,1289.233642578125,9.059906005859375
20251024_150302.752440,1.0962568521499634,0.9957121014595032,1.0148379802703857,-0.09625685214996338,0.004287898540496826,-0.014837980270385742,1.718618392944336,-179.7501983642578,-178.08441162109375,-1.718618392944336,0.13203099370002747,-0.6554179191589355,40450,0.09644687175750732,-0.027179565280675888,0.06276369094848633,-0.625669538974762,-0.2580973505973816,0.228348970413208,120.0611572265625,1289.2763671875,41.294097900390625
20251024_150302.762421,1.0959141254425049,0.9957135915756226,1.014971375465393,-0.09591412544250488,0.004286408424377441,-0.014971375465393066,1.791100263595581,-179.759033203125,-177.95851135253906,-1.791100263595581,0.1570350080728531,-0.6530652642250061,40406,0.09731394052505493,-0.026985803619027138,0.08670687675476074,-0.6234418153762817,-0.25925037264823914,0.22962689399719238,120.01943969726562,1289.3192138671875,-2.384185791015625
20251024_150302.772472,1.0955250263214111,0.9957597255706787,1.0150679349899292,-0.09552502632141113,0.004240274429321289,-0.0150679349899292,1.7997543811798096,-179.98001098632812,-177.37071228027344,-1.7997543811798096,0.13391472399234772,-0.6206152439117432,40334,0.0979415774345398,-0.026790548115968704,0.06276369094848633,-0.6209126710891724,-0.2603990137577057,0.2606964111328125,118.7276840209961,1289.3619384765625,-73.81439208984375
20251024_150302.782510,1.0951365232467651,0.9957232475280762,1.0151352882385254,-0.09513652324676514,0.004276752471923828,-0.01513528823852539,1.8371716737747192,179.7994842529297,-177.1531524658203,-1.8371716737747192,0.1155647560954094,-0.6196333169937134,40467,0.09837937355041504,-0.02659422717988491,0.043779611587524414,-0.6183874011039734,-0.2615429759025574,0.2602970600128174,119.74906921386719,1289.4044189453125,58.3648681640625
20251024_150302.794563,1.0947661399841309,0.9956053495407104,1.015219807624817,-0.09476613998413086,0.004394650459289551,-0.015219807624816895,1.8056602478027344,179.59072875976562,-177.0011444091797,-1.8056602478027344,0.12746943533420563,-0.6305055022239685,40601,0.09892874956130981,-0.026396919041872025,0.05493760108947754,-0.6159799098968506,-0.26268237829208374,0.24815678596496582,123.05021667480469,1289.4478759765625,188.63677978515625
20251024_150302.802466,1.0943727493286133,0.9954792261123657,1.015316128730774,-0.09437274932861328,0.004520773887634277,-0.015316128730773926,1.860795021057129,179.47824096679688,-177.0988006591797,-1.860795021057129,0.13596512377262115,-0.6136683821678162,40617,0.09955483675003052,-0.026198435574769974,0.06260871887207031,-0.6134228706359863,-0.2638172209262848,0.26357173919677734,126.5816650390625,1289.492431640625,201.7974853515625
20251024_150302.812403,1.0939241647720337,0.9952117800712585,1.015458106994629,-0.09392416477203369,0.004788219928741455,-0.015458106994628906,1.9054144620895386,179.8647918701172,-177.33624267578125,-1.9054144620895386,0.16676516830921173,-0.5749024152755737,40851,0.10047769546508789,-0.025998404249548912,0.0922858715057373,-0.610507071018219,-0.26494699716567993,0.3005516529083252,134.07015991210938,1289.5389404296875,427.9136657714844
20251024_150302.822414,1.0934370756149292,0.9952221512794495,1.0155531167984009,-0.0934370756149292,0.004777848720550537,-0.015553116798400879,86.76448059082031,-112.09697723388672,68.24158477783203,15.0,0.13705480098724365,-0.5470623970031738,40406,0.10109525918960571,-0.025796830654144287,0.06175637245178223,-0.6073409914970398,-0.2660711705684662,0.32634973526000977,133.77976989746094,1289.5867919921875,-16.59393310546875
20251024_150302.832605,1.0932196378707886,0.9950003623962402,1.015740990638733,-0.09321963787078857,0.004999637603759766,-0.01574099063873291,1.8644260168075562,-179.6068878173828,-177.40176391601562,-1.8644260168075562,0.19884102046489716,-0.7274354696273804,40784,0.10231643915176392,-0.02559341862797737,0.12211799621582031,-0.6059276461601257,-0.2671911120414734,0.14568328857421875,139.98985290527344,1289.6356201171875,354.8622131347656
20251024_150302.842341,1.0926649570465088,0.9951762557029724,1.0157828330993652,-0.09266495704650879,0.004823744297027588,-0.015782833099365234,87.67818450927734,-121.22319030761719,58.98038101196289,15.0,0.1043974980711937,-0.4989924728870392,40143,0.10258841514587402,-0.02538851462304592,0.027197599411010742,-0.6023222208023071,-0.2683064043521881,0.37163615226745605,135.06483459472656,1289.684814453125,-281.4292907714844
20251024_150302.853003,1.0924437046051025,0.9948856830596924,1.0159204006195068,-0.09244370460510254,0.005114316940307617,-0.015920400619506836,1.9625868797302246,-178.66444396972656,-177.9869384765625,-1.9625868797302246,0.1677190512418747,-0.7220619916915894,40897,0.10348260402679443,-0.025182442739605904,0.08941888809204102,-0.6008840799331665,-0.26941707730293274,0.1482391357421875,143.20086669921875,1289.7344970703125,464.9162292480469
20251024_150302.862611,1.092097520828247,0.9947736859321594,1.016197681427002,-0.09209752082824707,0.005226314067840576,-0.016197681427001953,1.7529709339141846,-178.7890625,-177.83229064941406,-1.7529709339141846,0.2605437636375427,-0.6372150778770447,40615,0.1052849292755127,-0.02497367560863495,0.18023252487182617,-0.598633885383606,-0.2705243229866028,0.23194313049316406,146.3367919921875,1289.7861328125,179.19540405273438
20251024_150302.872942,1.0915673971176147,0.9948107004165649,1.0162726640701294,-0.09156739711761475,0.005189299583435059,-0.016272664070129395,1.7222552299499512,-179.07118225097656,-177.07656860351562,-1.7222552299499512,0.1297484189271927,-0.5116314888000488,40375,0.10577231645584106,-0.02476261928677559,0.048738718032836914,-0.5951880812644958,-0.2716262936592102,0.3551828861236572,145.30038452148438,1289.8382568359375,-59.223175048828125
20251024_150302.882848,1.091172695159912,0.9946689605712891,1.0163377523422241,-0.09117269515991211,0.0053310394287109375,-0.01633775234222412,1.7860140800476074,-179.24244689941406,-176.958984375,-1.7860140800476074,0.12395211309194565,-0.6008949279785156,40665,0.10619539022445679,-0.024550650268793106,0.042307376861572266,-0.5926225185394287,-0.2727227509021759,0.2644503116607666,149.26910400390625,1289.890869140625,226.78375244140625
20251024_150302.892859,1.0908106565475464,0.9944430589675903,1.0162639617919922,-0.09081065654754639,0.005556941032409668,-0.016263961791992188,2.0540547370910645,-179.3764190673828,-177.7178192138672,-2.0540547370910645,0.033413153141736984,-0.6215180158615112,40806,0.10571575164794922,-0.02433873899281025,-0.047963857650756836,-0.5902692675590515,-0.2738146483898163,0.24256587028503418,155.59434509277344,1289.9453125,361.44256591796875
20251024_150302.902926,1.090256929397583,0.9945586919784546,1.0163308382034302,-0.09025692939758301,0.00544130802154541,-0.016330838203430176,87.0291519165039,-115.25053405761719,65.5543441772461,15.0,0.12549324333667755,-0.490573912858963,40257,0.10615044832229614,-0.024126874282956123,0.04346966743469238,-0.5866700410842896,-0.27490106225013733,0.37099719047546387,152.35662841796875,1290.000244140625,-185.0128173828125
20251024_150302.912897,1.0899956226348877,0.9941275119781494,1.016523838043213,-0.0899956226348877,0.005872488021850586,-0.01652383804321289,2.168067455291748,179.8577880859375,-177.4647216796875,-2.168067455291748,0.2089415192604065,-0.685878574848175,41144,0.10740494728088379,-0.023913318291306496,0.12544989585876465,-0.58497154712677,-0.2759825587272644,0.17507553100585938,164.42965698242188,1290.056884765625,689.8880004882812
20251024_150302.922872,1.0895682573318481,0.9938120245933533,1.0166629552841187,-0.08956825733184814,0.0061879754066467285,-0.016662955284118652,2.083170175552368,179.8020782470703,-177.50453186035156,-2.083170175552368,0.17503781616687775,-0.5729188919067383,40968,0.10830920934677124,-0.02369760349392891,0.09042620658874512,-0.5821936726570129,-0.277059942483902,0.286334753036499,173.2633056640625,1290.1171875,504.7798156738281
20251024_150302.932727,1.089184284210205,0.9936121106147766,1.0167876482009888,-0.08918428421020508,0.006387889385223389,-0.01678764820098877,2.148656129837036,179.8472900390625,-177.6736297607422,-2.148656129837036,0.166689932346344,-0.6005682945251465,40788,0.109119713306427,-0.02348017506301403,0.08105039596557617,-0.579697847366333,-0.27813246846199036,0.2572619915008545,178.86090087890625,1290.1800537109375,319.86236572265625
20251024_150302.942913,1.0886861085891724,0.9936441779136658,1.016830325126648,-0.08868610858917236,0.0063558220863342285,-0.01683032512664795,86.85118103027344,-116.2025146484375,63.9252815246582,15.0,0.11387545615434647,-0.5218816995620728,40416,0.10939711332321167,-0.023261658847332,0.027740001678466797,-0.5764597058296204,-0.2791996896266937,0.33377766609191895,177.9630126953125,1290.2437744140625,-51.30767822265625
20251024_150302.952735,1.0883512496948242,0.9935518503189087,1.0168863534927368,-0.08835124969482422,0.006448149681091309,-0.016886353492736816,2.049619674682617,-179.99429321289062,-177.3474884033203,-2.049619674682617,0.12313723564147949,-0.6301895976066589,40618,0.1097612977027893,-0.023042500019073486,0.03641843795776367,-0.5742831230163574,-0.28026190400123596,0.22435545921325684,180.54818725585938,1290.3077392578125,147.72415161132812
20251024_150302.962744,1.088093638420105,0.9933423399925232,1.0171128511428833,-0.08809363842010498,0.006657660007476807,-0.0171128511428833,2.22847843170166,-179.5712432861328,-178.10829162597656,-2.22847843170166,0.23563550412654877,-0.6813296675682068,40812,0.11123353242874146,-0.02282150462269783,0.14722347259521484,-0.5726086497306824,-0.28132057189941406,0.17259955406188965,186.4144744873047,1290.373291015625,335.2165222167969
20251024_150302.972952,1.0876356363296509,0.9934502243995667,1.0171245336532593,-0.08763563632965088,0.00654977560043335,-0.017124533653259277,2.099440336227417,-179.53195190429688,-177.60037231445312,-2.099440336227417,0.09630414098501205,-0.5451452136039734,40301,0.1113094687461853,-0.022598961368203163,0.007593631744384766,-0.5696316361427307,-0.28237494826316833,0.30686140060424805,183.3937225341797,1290.4393310546875,-172.61505126953125
20251024_150302.982940,1.0872461795806885,0.9933687448501587,1.017227053642273,-0.08724617958068848,0.006631255149841309,-0.01722705364227295,2.1259567737579346,-179.3133544921875,-177.73129272460938,-2.1259567737579346,0.15623816847801208,-0.5895884037017822,40606,0.11197584867477417,-0.022375676780939102,0.06663799285888672,-0.5671001672744751,-0.2834242582321167,0.26093602180480957,185.67514038085938,1290.5052490234375,130.36727905273438
20251024_150302.992899,1.0868638753890991,0.9932722449302673,1.017303466796875,-0.08686387538909912,0.006727755069732666,-0.017303466796875,2.131878137588501,-179.21559143066406,-177.6475372314453,-2.131878137588501,0.13998985290527344,-0.5929402709007263,40633,0.1124725341796875,-0.022151228040456772,0.04966855049133301,-0.5646151900291443,-0.2844689190387726,0.25614380836486816,188.37713623046875,1290.572021484375,154.39987182617188
20251024_150303.002570,1.0864522457122803,0.9932819604873657,1.0174320936203003,-0.08645224571228027,0.006718039512634277,-0.017432093620300293,2.2299444675445557,-179.67530822753906,-178.45712280273438,-2.2299444675445557,0.17499059438705444,-0.5716565251350403,40463,0.1133086085319519,-0.02192544750869274,0.08360743522644043,-0.5619395971298218,-0.28550881147384644,0.27579188346862793,188.1051025390625,1290.6392822265625,-15.544891357421875
20251024_150303.012560,1.0860869884490967,0.9931257963180542,1.017622709274292,-0.08608698844909668,0.006874203681945801,-0.017622709274291992,2.3170480728149414,-179.78326416015625,-178.5870361328125,-2.3170480728149414,0.21675018966197968,-0.601387083530426,40733,0.11454761028289795,-0.02169759012758732,0.12390017509460449,-0.5595654249191284,-0.2865440547466278,0.2447223663330078,192.4777069091797,1290.707275390625,249.8626708984375
20251024_150303.022531,1.0856776237487793,0.9930439591407776,1.017791509628296,-0.0856776237487793,0.006956040859222412,-0.0177915096282959,2.443622350692749,-179.95733642578125,-178.64634704589844,-2.443622350692749,0.2038976401090622,-0.5702048540115356,40616,0.11564481258392334,-0.02146739885210991,0.10972023010253906,-0.5569045543670654,-0.2875746190547943,0.2742743492126465,194.76914978027344,1290.7763671875,130.93948364257812
20251024_150303.032507,1.085320234298706,0.99282306432724,1.0180188417434692,-0.08532023429870605,0.00717693567276001,-0.01801884174346924,2.29461669921875,179.78402709960938,-178.23703002929688,-2.29461669921875,0.24365371465682983,-0.6037312150001526,40845,0.11712247133255005,-0.021234631538391113,0.1477658748626709,-0.5545815229415894,-0.2886006236076355,0.23945093154907227,200.95419311523438,1290.8470458984375,353.43170166015625
20251024_150303.042699,1.084999918937683,0.9926351308822632,1.018239974975586,-0.0849999189376831,0.007364869117736816,-0.018239974975585938,2.20910906791687,179.7979278564453,-178.03599548339844,-2.20910906791687,0.24129748344421387,-0.6275107264518738,40797,0.1185598373413086,-0.02099894918501377,0.1437366008758545,-0.5524994730949402,-0.28962254524230957,0.21461129188537598,206.21633911132812,1290.9197998046875,300.6935119628906
20251024_150303.052644,1.0846960544586182,0.9924593567848206,1.0183794498443604,-0.08469605445861816,0.007540643215179443,-0.01837944984436035,2.257279872894287,179.66175842285156,-178.16046142578125,-2.257279872894287,0.18936416506767273,-0.6375758647918701,40783,0.11946642398834229,-0.020760921761393547,0.09065866470336914,-0.5505243539810181,-0.2906407117843628,0.20358920097351074,211.1380157470703,1290.9942626953125,281.2385559082031
20251024_150303.062639,1.0843819379806519,0.9923168420791626,1.0185656547546387,-0.08438193798065186,0.007683157920837402,-0.018565654754638672,2.234809398651123,179.76724243164062,-178.13037109375,-2.234809398651123,0.22118917107582092,-0.6296797394752502,40734,0.12067675590515137,-0.020520780235528946,0.1210331916809082,-0.5484825968742371,-0.29165518283843994,0.21045804023742676,215.12841796875,1291.0704345703125,228.02352905273438
20251024_150303.072546,1.0840753316879272,0.9922505021095276,1.0187084674835205,-0.08407533168792725,0.007749497890472412,-0.018708467483520508,2.1773855686187744,179.73660278320312,-178.196044921875,-2.1773855686187744,0.19415481388568878,-0.6337293386459351,40614,0.1216050386428833,-0.02027849666774273,0.09282827377319336,-0.5464896559715271,-0.29266592860221863,0.20542621612548828,216.98594665527344,1291.1475830078125,106.14395141601562
20251024_150303.082537,1.0837477445602417,0.9922402501106262,1.0188817977905273,-0.0837477445602417,0.007759749889373779,-0.018881797790527344,2.2229554653167725,179.9214630126953,-178.28848266601562,-2.2229554653167725,0.21536222100257874,-0.6185498237609863,40524,0.12273168563842773,-0.02003416046500206,0.11266469955444336,-0.544360339641571,-0.2936728596687317,0.2194833755493164,217.2729949951172,1291.22509765625,16.4031982421875
20251024_150303.092696,1.083458423614502,0.9922582507133484,1.0189958810806274,-0.08345842361450195,0.007741749286651611,-0.01899588108062744,2.249269723892212,-179.9247589111328,-178.3954315185547,-2.249269723892212,0.17783941328525543,-0.6433108448982239,40479,0.12347322702407837,-0.019787956029176712,0.07415413856506348,-0.5424797534942627,-0.2946760952472687,0.19384503364562988,216.76898193359375,1291.3026123046875,-28.80096435546875
20251024_150303.102513,1.0831496715545654,0.9923036098480225,1.0191447734832764,-0.08314967155456543,0.007696390151977539,-0.019144773483276367,2.234600782394409,-179.73377990722656,-178.33740234375,-2.234600782394409,0.20168104767799377,-0.6292847394943237,40434,0.12444102764129639,-0.01954004168510437,0.09678006172180176,-0.5404728651046753,-0.29567575454711914,0.2068638801574707,215.49893188476562,1291.3797607421875,-72.57461547851562
20251024_150303.112243,1.082850456237793,0.9923463463783264,1.019301414489746,-0.08285045623779297,0.007653653621673584,-0.019301414489746094,2.2200229167938232,-179.6329345703125,-178.17857360839844,-2.2200229167938232,0.20798571407794952,-0.6347254514694214,40437,0.1254591941833496,-0.019290141761302948,0.10181665420532227,-0.5385279655456543,-0.2966717481613159,0.20047426223754883,214.30230712890625,1291.45654296875,-68.37844848632812
20251024_150303.122218,1.0825515985488892,0.9923625588417053,1.0194426774978638,-0.08255159854888916,0.007637441158294678,-0.01944267749786377,2.1911044120788574,-179.6259765625,-178.17430114746094,-2.1911044120788574,0.19916005432605743,-0.634014904499054,40479,0.1263774037361145,-0.019038304686546326,0.09182095527648926,-0.5365853905677795,-0.29766416549682617,0.20023465156555176,213.84835815429688,1291.532958984375,-25.93994140625
20251024_150303.132256,1.08222496509552,0.9923797845840454,1.019599199295044,-0.08222496509552002,0.00762021541595459,-0.019599199295043945,2.1536128520965576,179.87538146972656,-178.15475463867188,-2.1536128520965576,0.2103494256734848,-0.6142706871032715,40477,0.12739479541778564,-0.018784532323479652,0.10173916816711426,-0.5344622731208801,-0.2986528277397156,0.21884441375732422,213.36602783203125,1291.6092529296875,-27.561187744140625
20251024_150303.142608,1.081966757774353,0.9924193620681763,1.0197418928146362,-0.08196675777435303,0.0075806379318237305,-0.01974189281463623,2.1306042671203613,179.77256774902344,-178.07833862304688,-2.1306042671203613,0.20254427194595337,-0.6594229936599731,40440,0.1283223032951355,-0.018528815358877182,0.09275078773498535,-0.5327839255332947,-0.29963797330856323,0.17299890518188477,212.2578582763672,1291.685302734375,-63.323974609375
20251024_150303.152967,1.0816749334335327,0.9924536943435669,1.0198863744735718,-0.08167493343353271,0.0075463056564331055,-0.019886374473571777,2.1512539386749268,179.64205932617188,-178.1461639404297,-2.1512539386749268,0.2049032747745514,-0.6359845995903015,40448,0.12926143407821655,-0.018271232023835182,0.09391307830810547,-0.5308870673179626,-0.30061981081962585,0.19552230834960938,211.2965545654297,1291.760986328125,-54.931640625
20251024_150303.162869,1.0814019441604614,0.9924591183662415,1.0201061964035034,-0.08140194416046143,0.007540881633758545,-0.020106196403503418,86.51471710205078,-113.68655395507812,65.54918670654297,15.0,0.25556325912475586,-0.6478081345558167,40494,0.13069027662277222,-0.01801127940416336,0.1428842544555664,-0.5291126370429993,-0.30159828066825867,0.18290281295776367,211.14468383789062,1291.83642578125,-8.678436279296875
20251024_150303.172732,1.081142783164978,0.9924412965774536,1.0202932357788086,-0.08114278316497803,0.007558703422546387,-0.020293235778808594,86.32479858398438,-112.85702514648438,66.4061508178711,15.0,0.23573294281959534,-0.6563637852668762,40532,0.13190603256225586,-0.01774868369102478,0.12157559394836426,-0.5274280905723572,-0.302573561668396,0.17363786697387695,211.64369201660156,1291.911865234375,28.514862060546875
20251024_150303.182630,1.080767273902893,0.9924068450927734,1.0205234289169312,-0.08076727390289307,0.0075931549072265625,-0.020523428916931152,2.2809274196624756,-179.98805236816406,-178.27886962890625,-2.2809274196624756,0.26554444432258606,-0.5769410729408264,40559,0.1334022879600525,-0.01748337596654892,0.14962553977966309,-0.5249872803688049,-0.3035449981689453,0.25159120559692383,212.60833740234375,1291.9876708984375,55.12237548828125
20251024_150303.192802,1.0805087089538574,0.9924307465553284,1.0206788778305054,-0.08050870895385742,0.007569253444671631,-0.02067887783050537,2.2511565685272217,-179.99420166015625,-178.329833984375,-2.2511565685272217,0.2182389348745346,-0.6545807719230652,40465,0.1344127058982849,-0.017215561121702194,0.10104179382324219,-0.5233066082000732,-0.3045126795768738,0.17323851585388184,211.93910217285156,1292.0634765625,-38.242340087890625
20251024_150303.202777,1.08021879196167,0.9926214814186096,1.0208375453948975,-0.08021879196166992,0.007378518581390381,-0.02083754539489746,2.2317965030670166,-179.8682403564453,-177.9965362548828,-2.2317965030670166,0.22163225710391998,-0.6326547861099243,40193,0.1354440450668335,-0.016945702955126762,0.1031339168548584,-0.5214221477508545,-0.3054770231246948,0.194244384765625,206.59852600097656,1292.13818359375,-305.17578125
20251024_150303.212356,1.0800105333328247,0.9927145838737488,1.021046757698059,-0.08001053333282471,0.007285416126251221,-0.021046757698059082,2.2754456996917725,-179.90780639648438,-178.02149963378906,-2.2754456996917725,0.2561184763908386,-0.6869735717773438,40347,0.13680392503738403,-0.016673455014824867,0.1359879970550537,-0.5200684666633606,-0.3064384162425995,0.13953328132629395,203.9916534423828,1292.2115478515625,-148.96392822265625
20251024_150303.222397,1.079782247543335,0.9928274154663086,1.0212064981460571,-0.07978224754333496,0.007172584533691406,-0.02120649814605713,2.249845266342163,-179.79718017578125,-177.98825073242188,-2.249845266342163,0.2252747267484665,-0.6730303168296814,40312,0.13784223794937134,-0.016398809850215912,0.10383129119873047,-0.5185846090316772,-0.30739715695381165,0.15295147895812988,200.83236694335938,1292.2838134765625,-180.53054809570312
20251024_150303.232569,1.0794812440872192,0.9930847883224487,1.0212910175323486,-0.07948124408721924,0.0069152116775512695,-0.021291017532348633,2.1733756065368652,179.82223510742188,-178.46041870117188,-2.1733756065368652,0.1772066354751587,-0.623308539390564,40074,0.1383916139602661,-0.016122575849294662,0.05493760108947754,-0.516628086566925,-0.3083527386188507,0.20167231559753418,193.6259307861328,1292.354248046875,-411.79656982421875
20251024_150303.242516,1.0793728828430176,0.9929418563842773,1.0216797590255737,-0.07937288284301758,0.007058143615722656,-0.02167975902557373,2.1576178073883057,-179.00135803222656,-177.72775268554688,-2.1576178073883057,0.37775713205337524,-0.7526275515556335,40718,0.14091843366622925,-0.015843266621232033,0.2526819705963135,-0.5159237384796143,-0.309305876493454,0.0726020336151123,197.62802124023438,1292.424072265625,228.69110107421875
20251024_150303.252467,1.0791912078857422,0.9929662346839905,1.021899700164795,-0.07919120788574219,0.0070337653160095215,-0.021899700164794922,2.0817461013793945,-179.1019744873047,-177.68629455566406,-2.0817461013793945,0.26974979043006897,-0.7032778859138489,40450,0.142348051071167,-0.015559999272227287,0.14296174049377441,-0.5147428512573242,-0.3102572560310364,0.12172222137451172,196.9454345703125,1292.4945068359375,-39.005279541015625
20251024_150303.262047,1.078938603401184,0.9930055141448975,1.0221178531646729,-0.07893860340118408,0.006994485855102539,-0.02211785316467285,2.0648036003112793,-179.06884765625,-177.8041229248047,-2.0648036003112793,0.27029159665107727,-0.6550619602203369,40425,0.14376604557037354,-0.015273884870111942,0.1417994499206543,-0.5131009221076965,-0.31120604276657104,0.16924500465393066,195.84561157226562,1292.564697265625,-62.847137451171875
20251024_150303.272755,1.0787450075149536,0.9930583238601685,1.0223388671875,-0.07874500751495361,0.006941676139831543,-0.0223388671875,2.0648040771484375,-179.21658325195312,-177.71405029296875,-2.0648040771484375,0.2738768458366394,-0.6942854523658752,40402,0.14520263671875,-0.014984916895627975,0.14365911483764648,-0.5118425488471985,-0.3121521472930908,0.12970924377441406,194.36692810058594,1292.6343994140625,-84.49554443359375
20251024_150303.282768,1.0785763263702393,0.9930391311645508,1.0225822925567627,-0.07857632637023926,0.006960868835449219,-0.022582292556762695,2.045915365219116,-179.36138916015625,-177.50518798828125,-2.045915365219116,0.29031845927238464,-0.7108258008956909,40518,0.14678490161895752,-0.01469292864203453,0.15822649002075195,-0.5107461214065552,-0.3130960762500763,0.11301636695861816,194.90432739257812,1292.703857421875,30.70831298828125
20251024_150303.292688,1.0784766674041748,0.9930847883224487,1.0229231119155884,-0.0784766674041748,0.0069152116775512695,-0.02292311191558838,1.8427094221115112,-179.546142578125,-177.4832000732422,-1.8427094221115112,0.35613566637039185,-0.7573652267456055,40413,0.14900022745132446,-0.014397143386304379,0.22153258323669434,-0.5100983381271362,-0.31403839588165283,0.0667715072631836,193.6259307861328,1292.7733154296875,-73.05145263671875
20251024_150303.302533,1.0783056020736694,0.9931175112724304,1.023118495941162,-0.07830560207366943,0.00688248872756958,-0.02311849594116211,1.8108160495758057,-179.60867309570312,-177.5039825439453,-1.8108160495758057,0.2631719708442688,-0.7093517184257507,40433,0.1502702236175537,-0.014097873121500015,0.1269996166229248,-0.5089864134788513,-0.31497907638549805,0.11461377143859863,192.70968627929688,1292.84228515625,-52.356719970703125
20251024_150303.312346,1.0781047344207764,0.9932060241699219,1.0231937170028687,-0.07810473442077637,0.006793975830078125,-0.023193717002868652,1.9552130699157715,-179.6382598876953,-177.53623962402344,-1.9552130699157715,0.18585599958896637,-0.6890169978141785,40341,0.15075916051864624,-0.013796843588352203,0.04889369010925293,-0.5076807737350464,-0.3159175515174866,0.1345813274383545,190.2313232421875,1292.91064453125,-141.62063598632812
20251024_150303.322578,1.0778493881225586,0.9933362007141113,1.0233937501907349,-0.0778493881225586,0.006663799285888672,-0.023393750190734863,1.8378571271896362,-179.62188720703125,-177.59109497070312,-1.8378571271896362,0.2685869336128235,-0.6517922878265381,40271,0.1520593762397766,-0.013494024984538555,0.1300215721130371,-0.5060210227966309,-0.31685325503349304,0.1710820198059082,186.5863800048828,1292.9779052734375,-208.282470703125
20251024_150303.332764,1.0775598287582397,0.9936528205871582,1.0234570503234863,-0.07755982875823975,0.006347179412841797,-0.023457050323486328,1.7836103439331055,-179.82554626464844,-178.1959228515625,-1.7836103439331055,0.18042641878128052,-0.6279198527336121,39964,0.15247082710266113,-0.013189495541155338,0.04114508628845215,-0.5041388869285583,-0.31778571009635925,0.19400477409362793,177.7210235595703,1293.04296875,-506.591796875
20251024_150303.342679,1.0774338245391846,0.9938555359840393,1.0236343145370483,-0.07743382453918457,0.006144464015960693,-0.02363431453704834,1.7625163793563843,-179.53616333007812,-178.34060668945312,-1.7625163793563843,0.2559613883495331,-0.7376127243041992,40140,0.1536230444908142,-0.012883401475846767,0.11522173881530762,-0.5033198595046997,-0.3187156915664673,0.08442282676696777,172.0449981689453,1293.10546875,-324.3446350097656
20251024_150303.352140,1.0772881507873535,0.9940611720085144,1.0238131284713745,-0.07728815078735352,0.005938827991485596,-0.02381312847137451,1.741335153579712,-179.2943115234375,-178.31716918945312,-1.741335153579712,0.25843939185142517,-0.7244156002998352,40130,0.15478533506393433,-0.012574993073940277,0.11622905731201172,-0.5023729801177979,-0.3196440041065216,0.09760141372680664,166.2871856689453,1293.1658935546875,-329.01763916015625
20251024_150303.362077,1.077152967453003,0.9941148161888123,1.0240755081176758,-0.07715296745300293,0.005885183811187744,-0.02407550811767578,1.7461585998535156,-179.54086303710938,-178.38900756835938,-1.7461585998535156,0.3147738575935364,-0.7314921021461487,40372,0.15649080276489258,-0.012263717129826546,0.1705467700958252,-0.501494288444519,-0.3205706477165222,0.09057283401489258,164.78514099121094,1293.2249755859375,-85.8306884765625
20251024_150303.372253,1.0769681930541992,0.9942018389701843,1.0242931842803955,-0.07696819305419922,0.005798161029815674,-0.024293184280395508,1.6926958560943604,-179.87619018554688,-178.23626708984375,-1.6926958560943604,0.28744587302207947,-0.697989821434021,40316,0.1579056978225708,-0.011949320323765278,0.14148950576782227,-0.5002932548522949,-0.32149538397789,0.12379884719848633,162.3485107421875,1293.283447265625,-139.2364501953125
20251024_150303.382239,1.076770544052124,0.994286060333252,1.0245119333267212,-0.07677054405212402,0.005713939666748047,-0.02451193332672119,86.47749328613281,-106.23896789550781,72.8226089477539,15.0,0.2898823618888855,-0.6890015006065369,40318,0.15932756662368774,-0.011632086709141731,0.14218688011169434,-0.49900853633880615,-0.32241782546043396,0.13242483139038086,159.9903106689453,1293.3409423828125,-134.75418090820312
20251024_150303.392419,1.076635718345642,0.9943434596061707,1.0247842073440552,-0.07663571834564209,0.005656540393829346,-0.024784207344055176,1.7369048595428467,178.9654998779297,-178.3244171142578,-1.7369048595428467,0.3267638087272644,-0.731137216091156,40359,0.16109734773635864,-0.011311662383377552,0.17697811126708984,-0.4981321692466736,-0.32333827018737793,0.09033322334289551,158.3831329345703,1293.3978271484375,-91.83883666992188
20251024_150303.402379,1.0765488147735596,0.9944374561309814,1.0249812602996826,-0.07654881477355957,0.005562543869018555,-0.024981260299682617,1.6614872217178345,178.74191284179688,-178.21923828125,-1.6614872217178345,0.2794744372367859,-0.7635992765426636,40298,0.162378191947937,-0.010988187044858932,0.12808442115783691,-0.4975672960281372,-0.32425737380981445,0.058225393295288086,155.751220703125,1293.453857421875,-150.39443969726562
20251024_150303.412325,1.0764507055282593,0.9946075081825256,1.0251445770263672,-0.07645070552825928,0.005392491817474365,-0.025144577026367188,1.6522513628005981,178.98202514648438,-178.2306365966797,-1.6522513628005981,0.25893324613571167,-0.7563717365264893,40172,0.16343975067138672,-0.01066236849874258,0.1061558723449707,-0.4969295859336853,-0.32517534494400024,0.06573319435119629,150.98977661132812,1293.5086669921875,-272.0832824707031
20251024_150303.422480,1.0763612985610962,0.9948846697807312,1.0253669023513794,-0.07636129856109619,0.005115330219268799,-0.025366902351379395,1.6854987144470215,179.58038330078125,-178.4501953125,-1.6854987144470215,0.2990622818470001,-0.7625380158424377,39993,0.16488486528396606,-0.010334043763577938,0.14451146125793457,-0.49634844064712524,-0.3260922431945801,0.05990266799926758,143.229248046875,1293.561279296875,-443.45855712890625
20251024_150303.432384,1.07626473903656,0.995124101638794,1.0255478620529175,-0.07626473903656006,0.004875898361206055,-0.02554786205291748,1.6311421394348145,-179.9183349609375,-178.5016326904297,-1.6311421394348145,0.2736818194389343,-0.7580339312553406,40047,0.16606110334396362,-0.010003098286688328,0.11762380599975586,-0.4957208037376404,-0.3270079791545868,0.06469488143920898,136.525146484375,1293.6112060546875,-383.0909729003906
20251024_150303.442400,1.0760875940322876,0.9953861236572266,1.0257046222686768,-0.0760875940322876,0.0046138763427734375,-0.025704622268676758,1.7184364795684814,-179.30072021484375,-178.61924743652344,-1.7184364795684814,0.2593042254447937,-0.7038043141365051,40003,0.16708004474639893,-0.009669956751167774,0.10189414024353027,-0.4945693612098694,-0.32792210578918457,0.11868715286254883,129.18853759765625,1293.6585693359375,-419.2352294921875
20251024_150303.452379,1.0759011507034302,0.9955319762229919,1.0258978605270386,-0.07590115070343018,0.004468023777008057,-0.025897860527038574,1.8180094957351685,-179.02554321289062,-178.66189575195312,-1.8180094957351685,0.2846064269542694,-0.6972745060920715,40185,0.16833609342575073,-0.00933454092592001,0.12560486793518066,-0.49335747957229614,-0.32883402705192566,0.12491703033447266,125.10466766357422,1293.7039794921875,-233.36410522460938
20251024_150303.462268,1.0757901668548584,0.9955793619155884,1.0261495113372803,-0.0757901668548584,0.004420638084411621,-0.026149511337280273,1.8054181337356567,-179.2922821044922,-178.52798461914062,-1.8054181337356567,0.3245486319065094,-0.7480210661888123,40341,0.16997182369232178,-0.00899623241275549,0.1635730266571045,-0.4926360845565796,-0.3297441899776459,0.07435917854309082,123.77786254882812,1293.74853515625,-75.81710815429688
20251024_150303.472351,1.0757609605789185,0.9955248832702637,1.0264121294021606,-0.07576096057891846,0.004475116729736328,-0.026412129402160645,1.6773203611373901,-179.9351806640625,-178.1669158935547,-1.6773203611373901,0.3337259888648987,-0.8035315275192261,40506,0.1716788411140442,-0.008654582314193249,0.1707017421722412,-0.49244624376296997,-0.33065348863601685,0.019568204879760742,125.30326843261719,1293.79296875,87.16583251953125
20251024_150303.482337,1.0756962299346924,0.995614230632782,1.026618480682373,-0.07569622993469238,0.004385769367218018,-0.026618480682373047,1.6358827352523804,179.7931671142578,-178.00071716308594,-1.6358827352523804,0.2988385856151581,-0.7802181839942932,40273,0.1730201244354248,-0.008309883065521717,0.13412833213806152,-0.4920254945755005,-0.33156222105026245,0.04336953163146973,122.80154418945312,1293.8372802734375,-142.95578002929688
20251024_150303.492387,1.0756195783615112,0.9956320524215698,1.0268831253051758,-0.07561957836151123,0.004367947578430176,-0.02688312530517578,1.5132874250411987,-179.9579620361328,-177.59535217285156,-1.5132874250411987,0.3387971818447113,-0.7726408243179321,40387,0.17474031448364258,-0.007962122559547424,0.17201900482177734,-0.491527259349823,-0.3324701189994812,0.05135655403137207,122.30253601074219,1293.8809814453125,-28.514862060546875
20251024_150303.502825,1.0754942893981934,0.9958596229553223,1.0269635915756226,-0.07549428939819336,0.004140377044677734,-0.02696359157562256,1.6604646444320679,-179.2228546142578,-177.79266357421875,-1.6604646444320679,0.21995429694652557,-0.7401461005210876,40045,0.17526334524154663,-0.00761211896315217,0.05230307579040527,-0.49071288108825684,-0.33337682485580444,0.08394360542297363,115.93055725097656,1293.923583984375,-364.11285400390625
20251024_150303.512605,1.0754363536834717,0.9960004687309265,1.0271480083465576,-0.07543635368347168,0.003999531269073486,-0.027148008346557617,1.6345902681350708,-178.73312377929688,-177.92520141601562,-1.6345902681350708,0.28907257318496704,-0.7858017683029175,40180,0.1764620542526245,-0.007260393816977739,0.11987090110778809,-0.4903362989425659,-0.33428239822387695,0.03881692886352539,111.98687744140625,1293.9642333984375,-225.35324096679688
20251024_150303.522506,1.0753575563430786,0.9960833191871643,1.0274286270141602,-0.07535755634307861,0.003916680812835693,-0.027428627014160156,1.6069530248641968,-178.5763397216797,-178.11404418945312,-1.6069530248641968,0.3537825644016266,-0.7722170352935791,40271,0.17828607559204102,-0.006905645597726107,0.1824021339416504,-0.489824116230011,-0.335187166929245,0.05279421806335449,109.66706085205078,1294.00390625,-132.56072998046875
20251024_150303.532851,1.075149655342102,0.9961424469947815,1.0276678800582886,-0.07514965534210205,0.003857553005218506,-0.027667880058288574,1.3337334394454956,-178.60731506347656,-177.47023010253906,-1.3337334394454956,0.3288081884384155,-0.685269296169281,40307,0.17984122037887573,-0.006547518540173769,0.15551447868347168,-0.48847275972366333,-0.33609020709991455,0.13929367065429688,108.01148223876953,1294.042724609375,-94.6044921875
20251024_150303.542791,1.075128197669983,0.9961550831794739,1.0279313325881958,-0.07512819766998291,0.003844916820526123,-0.0279313325881958,1.213480830192566,-178.65415954589844,-177.3067626953125,-1.213480830192566,0.3466116786003113,-0.8109484910964966,40381,0.1815536618232727,-0.006186123471707106,0.17124414443969727,-0.4883332848548889,-0.3369918763637543,0.014376640319824219,107.65766906738281,1294.081298828125,-20.2178955078125
20251024_150303.552749,1.0750999450683594,0.9962217211723328,1.0281578302383423,-0.07509994506835938,0.0037782788276672363,-0.028157830238342285,1.1549338102340698,-179.0428009033203,-177.23162841796875,-1.1549338102340698,0.3244278132915497,-0.8071136474609375,40293,0.18302589654922485,-0.005821543745696545,0.14722347259521484,-0.48814964294433594,-0.3378932476043701,0.018929243087768555,105.79180908203125,1294.119384765625,-106.62078857421875
20251024_150303.562681,1.0751726627349854,0.9962108731269836,1.0283554792404175,-0.07517266273498535,0.0037891268730163574,-0.02835547924041748,1.2986606359481812,-179.38003540039062,-177.77699279785156,-1.2986606359481812,0.3073282539844513,-0.8761380314826965,40417,0.18431061506271362,-0.005454207304865122,0.12847185134887695,-0.4886223077774048,-0.33879488706588745,-0.0487208366394043,106.09555053710938,1294.1572265625,17.35687255859375
20251024_150303.572520,1.0750175714492798,0.9962579011917114,1.0286743640899658,-0.07501757144927979,0.0037420988082885742,-0.02867436408996582,0.792019248008728,-179.336669921875,-177.0116424560547,-0.792019248008728,0.38857501745224,-0.7233990430831909,40323,0.18638336658477783,-0.00508351344615221,0.2072751522064209,-0.4876142144203186,-0.3396960198879242,0.10391116142272949,104.77876281738281,1294.19482421875,-75.24490356445312
20251024_150303.581999,1.0749562978744507,0.9963226318359375,1.0288201570510864,-0.07495629787445068,0.0036773681640625,-0.028820157051086426,0.8023768663406372,-179.19036865234375,-176.9785919189453,-0.8023768663406372,0.2773866355419159,-0.7867584824562073,40293,0.18733102083206177,-0.004709798842668533,0.09476542472839355,-0.48721593618392944,-0.34059587121009827,0.04105329513549805,102.96630859375,1294.23193359375,-103.56903076171875
20251024_150303.592899,1.0749335289001465,0.9962985515594482,1.0290415287017822,-0.07493352890014648,0.003701448440551758,-0.029041528701782227,1.039868712425232,-178.7017822265625,-177.61895751953125,-1.039868712425232,0.32832780480384827,-0.8133079409599304,40436,0.18876993656158447,-0.0043336981907486916,0.1438915729522705,-0.48706793785095215,-0.34149518609046936,0.015255212783813477,103.64055633544922,1294.268798828125,38.5284423828125
20251024_150303.602754,1.0747616291046143,0.9964812994003296,1.0290462970733643,-0.07476162910461426,0.00351870059967041,-0.029046297073364258,1.027178406715393,-178.58265686035156,-177.20108032226562,-1.027178406715393,0.18794424831867218,-0.7131710648536682,40100,0.18880093097686768,-0.003956126980483532,0.0030994415283203125,-0.4859505891799927,-0.3423933684825897,0.1151728630065918,98.52362060546875,1294.304931640625,-292.39654541015625
20251024_150303.612889,1.0747716426849365,0.9963384866714478,1.0292896032333374,-0.07477164268493652,0.003661513328552246,-0.029289603233337402,1.0841132402420044,-178.8948516845703,-177.6768035888672,-1.0841132402420044,0.3449544906616211,-0.8360153436660767,40625,0.19038242101669312,-0.0035769438836723566,0.15814900398254395,-0.4860156774520874,-0.3432905673980713,-0.006709098815917969,102.52236938476562,1294.3408203125,228.5003662109375
20251024_150303.622779,1.0746642351150513,0.996475875377655,1.0293827056884766,-0.07466423511505127,0.0035241246223449707,-0.029382705688476562,0.9271367192268372,-179.05645751953125,-177.2427215576172,-0.9271367192268372,0.24830861389636993,-0.7575416564941406,40173,0.19098758697509766,-0.0031955738086253405,0.0605165958404541,-0.48531752824783325,-0.3441871702671051,0.07196307182312012,98.67549133300781,1294.376708984375,-219.82192993164062
20251024_150303.632737,1.0746749639511108,0.9962590336799622,1.0296868085861206,-0.07467496395111084,0.003740966320037842,-0.029686808586120605,1.047748327255249,-179.22531127929688,-177.72683715820312,-1.047748327255249,0.3878195285797119,-0.8376588225364685,40746,0.19296425580978394,-0.0028116218745708466,0.19766688346862793,-0.48538726568222046,-0.34508320689201355,-0.007188320159912109,104.74705505371094,1294.4130859375,346.94671630859375
20251024_150303.642459,1.0746350288391113,0.9962326288223267,1.0298078060150146,-0.07463502883911133,0.00376737117767334,-0.02980780601501465,1.0406564474105835,-178.98977661132812,-177.83323669433594,-1.0406564474105835,0.2699741721153259,-0.8043502569198608,40442,0.19375073909759521,-0.002424906939268112,0.07864832878112793,-0.48512768745422363,-0.34597906470298767,0.02675652503967285,105.48638916015625,1294.45068359375,42.247772216796875
20251024_150303.652575,1.0745843648910522,0.9962776303291321,1.0299071073532104,-0.07458436489105225,0.00372236967086792,-0.02990710735321045,1.0199989080429077,-178.5101318359375,-177.89242553710938,-1.0199989080429077,0.25690531730651855,-0.7977279424667358,40326,0.19439619779586792,-0.0020367600955069065,0.06454586982727051,-0.4847983717918396,-0.3468743860721588,0.03394484519958496,104.22634887695312,1294.488037109375,-72.00241088867188
20251024_150303.662342,1.0745223760604858,0.9962911009788513,1.0300451517105103,-0.07452237606048584,0.0037088990211486816,-0.030045151710510254,0.9358504414558411,-178.2039794921875,-177.94969177246094,-0.9358504414558411,0.28337523341178894,-0.7906319499015808,40376,0.19529348611831665,-0.0016470703994855285,0.08972883224487305,-0.48439544439315796,-0.34776902198791504,0.04153251647949219,103.84917449951172,1294.5252685546875,-21.55303955078125
20251024_150303.672413,1.0744754076004028,0.9962573647499084,1.030172348022461,-0.07447540760040283,0.0037426352500915527,-0.030172348022460938,0.9710979461669922,-178.28573608398438,-177.76214599609375,-0.9710979461669922,0.27754220366477966,-0.8012843132019043,40453,0.1961202621459961,-0.0012556565925478935,0.08267760276794434,-0.4840901494026184,-0.3486630320549011,0.031468868255615234,104.79378509521484,1294.5625,53.97796630859375
20251024_150303.682318,1.0743956565856934,0.9961574673652649,1.0303130149841309,-0.07439565658569336,0.0038425326347351074,-0.03031301498413086,1.0518909692764282,-178.65771484375,-177.571044921875,-1.0518909692764282,0.2876056134700775,-0.7796948552131653,40562,0.19703459739685059,-0.0008625017362646759,0.09143352508544922,-0.48357176780700684,-0.34955623745918274,0.05343317985534668,107.59091186523438,1294.6004638671875,159.8358154296875
20251024_150303.692634,1.074359655380249,0.9959594011306763,1.0304614305496216,-0.07435965538024902,0.0040405988693237305,-0.030461430549621582,1.123283863067627,-179.29391479492188,-177.39385986328125,-1.123283863067627,0.2940019369125366,-0.8096657395362854,40724,0.19799929857254028,-0.0004674678493756801,0.09647011756896973,-0.48333775997161865,-0.3504487872123718,0.024120807647705078,113.13676452636719,1294.639892578125,316.9059753417969
20251024_150303.702630,1.074367642402649,0.9957614541053772,1.0306066274642944,-0.07436764240264893,0.004238545894622803,-0.030606627464294434,1.0146187543869019,-179.83628845214844,-177.3402862548828,-1.0146187543869019,0.29325056076049805,-0.8400821089744568,40730,0.19894307851791382,-7.052546425256878e-05,0.09437799453735352,-0.483389675617218,-0.3513411283493042,-0.00535130500793457,118.67928314208984,1294.6812744140625,316.7152404785156
20251024_150303.712407,1.0743060111999512,0.995691180229187,1.0306172370910645,-0.07430601119995117,0.004308819770812988,-0.030617237091064453,1.1130452156066895,-179.33616638183594,-177.64874267578125,-1.1130452156066895,0.20623572170734406,-0.7939293384552002,40527,0.19901204109191895,0.0003274296468589455,0.006896257400512695,-0.4829890727996826,-0.3522331714630127,0.04129290580749512,120.64695739746094,1294.7239990234375,112.43820190429688
20251024_150303.722503,1.0742899179458618,0.9957005977630615,1.0306798219680786,-0.07428991794586182,0.0042994022369384766,-0.030679821968078613,1.0822850465774536,-178.67291259765625,-177.92526245117188,-1.0822850465774536,0.2408248782157898,-0.8252267241477966,40400,0.199418842792511,0.0007258605328388512,0.0406801700592041,-0.4828844666481018,-0.3531247675418854,0.010782480239868164,120.38326263427734,1294.7669677734375,-15.06805419921875
20251024_150303.732395,1.0742565393447876,0.9956854581832886,1.03078293800354,-0.0742565393447876,0.004314541816711426,-0.03078293800354004,1.0866975784301758,-178.12570190429688,-178.19284057617188,-1.0866975784301758,0.2682398855686188,-0.814319908618927,40439,0.20008909702301025,0.0011253685224801302,0.06702542304992676,-0.4826675057411194,-0.3540160357952118,0.022363662719726562,120.80717468261719,1294.81005859375,24.22332763671875
20251024_150303.742320,1.0742284059524536,0.9955509305000305,1.0308878421783447,-0.07422840595245361,0.004449069499969482,-0.030887842178344727,1.0180186033248901,-178.22789001464844,-178.17686462402344,-1.0180186033248901,0.27048492431640625,-0.8185422420501709,40634,0.20077097415924072,0.0015262285014614463,0.06818771362304688,-0.4824846386909485,-0.35490694642066956,0.01884937286376953,124.57394409179688,1294.8538818359375,215.24429321289062
20251024_150303.752242,1.0740612745285034,0.9956023097038269,1.030864953994751,-0.07406127452850342,0.004397690296173096,-0.030864953994750977,0.9926023483276367,-178.8272705078125,-178.55657958984375,-0.9926023483276367,0.18767251074314117,-0.7252169251441956,40335,0.20062220096588135,0.0019276217790320516,-0.0148773193359375,-0.4813982844352722,-0.3557966947555542,0.11197805404663086,123.13533020019531,1294.898193359375,-82.20672607421875
20251024_150303.762214,1.0740798711776733,0.9953608512878418,1.031029462814331,-0.07407987117767334,0.004639148712158203,-0.031029462814331055,1.100595235824585,-179.3281707763672,-178.44178771972656,-1.100595235824585,0.31095218658447266,-0.8506644368171692,40811,0.20169150829315186,0.0023299353197216988,0.10693073272705078,-0.4815191626548767,-0.3566855192184448,-0.012459754943847656,129.8961639404297,1294.943359375,386.3334655761719
20251024_150303.772443,1.0740917921066284,0.9950303435325623,1.0311644077301025,-0.07409179210662842,0.004969656467437744,-0.03116440773010254,0.9975791573524475,179.87515258789062,-178.2377471923828,-0.9975791573524475,0.29301702976226807,-0.8471582531929016,40962,0.2025686502456665,0.002734195673838258,0.08771419525146484,-0.4815966486930847,-0.35757455229759216,-0.007987022399902344,139.15037536621094,1294.9913330078125,528.8123779296875
20251024_150303.782435,1.074101448059082,0.994800329208374,1.0312230587005615,-0.07410144805908203,0.0051996707916259766,-0.031223058700561523,0.8413252830505371,179.48435974121094,-178.05657958984375,-0.8413252830505371,0.24421273171901703,-0.8465926051139832,40808,0.2029498815536499,0.0031397140119224787,0.038123130798339844,-0.4816594123840332,-0.35846373438835144,-0.0064694881439208984,145.59078979492188,1295.042236328125,368.0229187011719
20251024_150303.792481,1.0741933584213257,0.9944119453430176,1.0314114093780518,-0.07419335842132568,0.005588054656982422,-0.03141140937805176,0.743729829788208,-179.60824584960938,-177.44236755371094,-0.743729829788208,0.33014893531799316,-0.9031902551651001,41072,0.20417416095733643,0.0035468381829559803,0.12242794036865234,-0.48225682973861694,-0.3593534827232361,-0.06157994270324707,156.4655303955078,1295.09619140625,621.4141845703125
20251024_150303.802251,1.0741626024246216,0.9943684339523315,1.0314723253250122,-0.07416260242462158,0.005631566047668457,-0.03147232532501221,0.8388679623603821,-178.92471313476562,-177.830078125,-0.8388679623603821,0.24812106788158417,-0.821694016456604,40522,0.20457011461257935,0.003955582622438669,0.03959536552429199,-0.4820569157600403,-0.36024361848831177,0.020606517791748047,157.68385314941406,1295.1522216796875,69.61822509765625
20251024_150303.812350,1.0741602182388306,0.9943033456802368,1.031505823135376,-0.07416021823883057,0.005696654319763184,-0.03150582313537598,0.7878303527832031,-178.4948272705078,-178.0365447998047,-0.7878303527832031,0.23092636466026306,-0.8415775895118713,40558,0.20478785037994385,0.004364940337836742,0.021773576736450195,-0.4820414185523987,-0.3611335754394531,0.0015974044799804688,159.50631713867188,1295.2088623046875,104.1412353515625
20251024_150303.822314,1.0741640329360962,0.9941215515136719,1.0315561294555664,-0.07416403293609619,0.005878448486328125,-0.031556129455566406,0.6367434859275818,-178.6716766357422,-178.09193420410156,-0.6367434859275818,0.24258878827095032,-0.8466455936431885,40750,0.20511484146118164,0.004774842876940966,0.0326991081237793,-0.48206621408462524,-0.3620235025882721,-0.00255584716796875,164.5965576171875,1295.2667236328125,290.87066650390625
20251024_150303.832236,1.074150800704956,0.9939031600952148,1.031632423400879,-0.07415080070495605,0.006096839904785156,-0.031632423400878906,0.6318398118019104,-178.83987426757812,-178.03895568847656,-0.6318398118019104,0.2603873908519745,-0.836027979850769,40815,0.2056107521057129,0.005185568705201149,0.049591064453125,-0.48198020458221436,-0.3629133999347687,0.008865594863891602,170.71151733398438,1295.32666015625,349.42626953125
20251024_150303.842530,1.074164867401123,0.9934887290000916,1.0317524671554565,-0.07416486740112305,0.006511270999908447,-0.03175246715545654,0.5588676929473877,-179.04803466796875,-177.7522735595703,-0.5588676929473877,0.2900170385837555,-0.8552995920181274,41140,0.20639103651046753,0.0055975704453885555,0.07802844047546387,-0.4820716381072998,-0.36380329728126526,-0.009424686431884766,182.31558227539062,1295.3896484375,663.0897216796875
20251024_150303.852353,1.0741719007492065,0.9932509064674377,1.0318164825439453,-0.07417190074920654,0.006749093532562256,-0.03181648254394531,0.5196487903594971,-179.47500610351562,-177.5856475830078,-0.5196487903594971,0.2544279098510742,-0.8515229821205139,40864,0.20680713653564453,0.006010768469423056,0.041610002517700195,-0.48211735486984253,-0.3646933138370514,-0.004712343215942383,188.97462463378906,1295.4559326171875,380.51605224609375
20251024_150303.862166,1.0741596221923828,0.9930754899978638,1.0318546295166016,-0.07415962219238281,0.0069245100021362305,-0.03185462951660156,0.5053365230560303,-179.48016357421875,-177.46615600585938,-0.5053365230560303,0.23827525973320007,-0.839394211769104,40770,0.20705509185791016,0.006424630992114544,0.0247955322265625,-0.4820375442504883,-0.36558330059051514,0.008226633071899414,193.8862762451172,1295.5242919921875,280.6663513183594
20251024_150303.872430,1.074185848236084,0.9929286241531372,1.0318965911865234,-0.07418584823608398,0.007071375846862793,-0.03189659118652344,0.4508333206176758,-179.36851501464844,-177.47567749023438,-0.4508333206176758,0.24144193530082703,-0.8662528395652771,40728,0.20732784271240234,0.006839013658463955,0.02727508544921875,-0.4822080135345459,-0.36647337675094604,-0.017571449279785156,197.99851989746094,1295.5943603515625,234.9853515625
20251024_150303.882211,1.0742038488388062,0.9929267764091492,1.031842589378357,-0.07420384883880615,0.00707322359085083,-0.031842589378356934,0.45866894721984863,-178.70350646972656,-177.70176696777344,-0.45866894721984863,0.1791289746761322,-0.8617491126060486,40496,0.20697683095932007,0.0072533185593783855,-0.03510117530822754,-0.48232501745224,-0.36736372113227844,-0.012060403823852539,198.05026245117188,1295.6650390625,2.956390380859375
20251024_150303.892315,1.0742226839065552,0.992821216583252,1.03188955783844,-0.07422268390655518,0.007178783416748047,-0.03188955783843994,0.4361376464366913,-178.3961639404297,-177.88778686523438,-0.4361376464366913,0.24547919631004333,-0.8633211851119995,40665,0.20728212594985962,0.007667577359825373,0.030529499053955078,-0.48244744539260864,-0.36825427412986755,-0.012619495391845703,201.0059356689453,1295.736328125,168.89572143554688
20251024_150303.902474,1.0742247104644775,0.9925792217254639,1.0319513082504272,-0.07422471046447754,0.007420778274536133,-0.031951308250427246,0.362716406583786,-178.58682250976562,-177.94985961914062,-0.362716406583786,0.25590381026268005,-0.852963387966156,40890,0.2076835036277771,0.00808254349976778,0.04013776779174805,-0.482460618019104,-0.3691449463367462,-0.0013577938079833984,207.78179931640625,1295.809326171875,387.1917724609375
20251024_150303.912428,1.0742853879928589,0.9922139644622803,1.032022476196289,-0.07428538799285889,0.0077860355377197266,-0.03202247619628906,0.24469849467277527,-179.30825805664062,-177.81256103515625,-0.24469849467277527,0.26290363073349,-0.8935449719429016,41098,0.2081460952758789,0.00849837251007557,0.046259164810180664,-0.48285502195358276,-0.3700360059738159,-0.04065394401550293,218.00900268554688,1295.8853759765625,584.41162109375
20251024_150303.922519,1.0743227005004883,0.9919638633728027,1.032078742980957,-0.07432270050048828,0.008036136627197266,-0.03207874298095703,0.22147098183631897,-179.77589416503906,-177.64962768554688,-0.22147098183631897,0.2540002763271332,-0.8790246248245239,40921,0.2085118293762207,0.008915030397474766,0.03657341003417969,-0.48309755325317383,-0.3709276616573334,-0.024999380111694336,225.01182556152344,1295.9644775390625,400.1617431640625
20251024_150303.932845,1.0743305683135986,0.9917936325073242,1.0320953130722046,-0.07433056831359863,0.008206367492675781,-0.03209531307220459,0.1568692922592163,179.93287658691406,-177.4668426513672,-0.1568692922592163,0.22872225940227509,-0.8602397441864014,40798,0.20861953496932983,0.009332162328064442,0.010770559310913086,-0.4831486940383911,-0.3718195855617523,-0.005271434783935547,229.77828979492188,1296.045654296875,272.369384765625
20251024_150303.942890,1.074378490447998,0.9916654825210571,1.032059669494629,-0.07437849044799805,0.008334517478942871,-0.032059669494628906,0.14144086837768555,179.98651123046875,-177.51026916503906,-0.14144086837768555,0.19496870040893555,-0.8882798552513123,40734,0.2083878517150879,0.009749169461429119,-0.023168325424194336,-0.4834601879119873,-0.37271183729171753,-0.03210783004760742,233.36648559570312,1296.12841796875,205.03997802734375
20251024_150303.952949,1.0743118524551392,0.9916570782661438,1.0320441722869873,-0.07431185245513916,0.008342921733856201,-0.032044172286987305,87.44828033447266,-75.34571838378906,104.6664047241211,15.0,0.20837977528572083,-0.811983585357666,40543,0.20828711986541748,0.010165844112634659,-0.010073184967041016,-0.48302704095840454,-0.3736039698123932,0.0446474552154541,233.601806640625,1296.2117919921875,13.446807861328125
20251024_150303.962363,1.0744057893753052,0.991421639919281,1.032073736190796,-0.07440578937530518,0.008578360080718994,-0.0320737361907959,-0.06015796586871147,-178.86598205566406,-177.742431640625,0.06015796586871147,0.23827843368053436,-0.9210716485977173,40913,0.20847928524017334,0.010582610964775085,0.019216537475585938,-0.48363763093948364,-0.3744962811470032,-0.06293773651123047,240.19407653808594,1296.29638671875,376.70135498046875
20251024_150303.972604,1.0744054317474365,0.9913043975830078,1.03207528591156,-0.07440543174743652,0.008695602416992188,-0.03207528591156006,-0.062249042093753815,-178.65541076660156,-178.00747680664062,0.062249042093753815,0.2204962521791458,-0.8587848544120789,40727,0.20848935842514038,0.010999578982591629,0.0010073184967041016,-0.4836353063583374,-0.3753891587257385,0.0002396106719970703,243.47686767578125,1296.3826904296875,187.58773803710938
20251024_150303.982589,1.0744125843048096,0.9911435842514038,1.0320793390274048,-0.07441258430480957,0.008856415748596191,-0.032079339027404785,-0.031538158655166626,-178.89718627929688,-177.91152954101562,0.031538158655166626,0.22256681323051453,-0.8647560477256775,40801,0.2085157036781311,0.011416584253311157,0.0026345252990722656,-0.4836817979812622,-0.37628206610679626,-0.004792213439941406,247.97964477539062,1296.470458984375,257.30133056640625
20251024_150303.992596,1.0744682550430298,0.9909379482269287,1.0320261716842651,-0.07446825504302979,0.009062051773071289,-0.03202617168426514,-0.12298080325126648,-179.5511016845703,-177.38450622558594,0.12298080325126648,0.18544460833072662,-0.8985183835029602,40879,0.2081701159477234,0.011833270080387592,-0.034558773040771484,-0.4840436577796936,-0.37717536091804504,-0.037299394607543945,253.73745727539062,1296.56005859375,329.01763916015625
20251024_150304.002918,1.0744949579238892,0.9908275008201599,1.0319724082946777,-0.07449495792388916,0.009172499179840088,-0.031972408294677734,-0.06579792499542236,-179.73806762695312,-177.36785888671875,0.06579792499542236,0.18512371182441711,-0.8801772594451904,40730,0.20782065391540527,0.012249261140823364,-0.03494620323181152,-0.48421722650527954,-0.378069132566452,-0.01789093017578125,256.8299865722656,1296.6512451171875,176.71585083007812
20251024_150304.012627,1.074580430984497,0.990591287612915,1.032039761543274,-0.07458043098449707,0.009408712387084961,-0.032039761543273926,-0.16387934982776642,179.75729370117188,-177.4081573486328,0.16387934982776642,0.2647033929824829,-0.9210033416748047,40938,0.20825845003128052,0.01266533974558115,0.043779611587524414,-0.48477280139923096,-0.3789635896682739,-0.057266950607299805,263.4439392089844,1296.744140625,377.9411315917969
20251024_150304.022754,1.074572205543518,0.9905285835266113,1.0319464206695557,-0.07457220554351807,0.009471416473388672,-0.031946420669555664,-0.0865897685289383,-179.70458984375,-177.74166870117188,0.0865897685289383,0.16006141901016235,-0.8590667843818665,40662,0.20765173435211182,0.013081250712275505,-0.06067156791687012,-0.48471933603286743,-0.37985849380493164,0.005511045455932617,265.19964599609375,1296.838623046875,100.3265380859375
20251024_150304.033294,1.0746296644210815,0.9904962778091431,1.0319269895553589,-0.07462966442108154,0.009503722190856934,-0.03192698955535889,-0.019656477496027946,-179.43914794921875,-177.96060180664062,0.019656477496027946,0.20839163661003113,-0.9043439626693726,40614,0.20752543210983276,0.013496427796781063,-0.012630224227905273,-0.48509281873703003,-0.38075369596481323,-0.0384974479675293,266.1042175292969,1296.9334716796875,51.68914794921875
20251024_150304.042881,1.0747894048690796,0.9903353452682495,1.0319547653198242,-0.07478940486907959,0.009664654731750488,-0.03195476531982422,-0.033746909350156784,-178.44448852539062,-177.15184020996094,0.033746909350156784,0.23967188596725464,-0.9748074412345886,40825,0.20770597457885742,0.013911658897995949,0.01805424690246582,-0.48613113164901733,-0.3816502094268799,-0.1070261001586914,270.6103210449219,1297.029296875,257.4920654296875
20251024_150304.052656,1.074829339981079,0.9903361797332764,1.0318981409072876,-0.0748293399810791,0.009663820266723633,-0.0318981409072876,-0.0744839459657669,-178.2958984375,-177.07835388183594,0.0744839459657669,0.1848587542772293,-0.895695149898529,40566,0.20733791589736938,0.014326702803373337,-0.03680586814880371,-0.48639070987701416,-0.38254794478416443,-0.02675652503967285,270.58697509765625,1297.1259765625,-1.33514404296875
20251024_150304.062609,1.0749105215072632,0.9903329610824585,1.031837821006775,-0.07491052150726318,0.009667038917541504,-0.0318378210067749,-0.14456535875797272,-178.37506103515625,-177.022216796875,0.14456535875797272,0.1824788898229599,-0.9247564077377319,40573,0.20694583654403687,0.014740986749529839,-0.03920793533325195,-0.4869183897972107,-0.3834463655948639,-0.05439162254333496,270.6770935058594,1297.2225341796875,5.14984130859375
20251024_150304.072463,1.0749783515930176,0.9902169108390808,1.0318334102630615,-0.07497835159301758,0.00978308916091919,-0.03183341026306152,-0.13562951982021332,-178.65029907226562,-176.96304321289062,0.13562951982021332,0.21920503675937653,-0.917151153087616,40756,0.2069171667098999,0.015154849737882614,-0.002866983413696289,-0.48735928535461426,-0.3843457102775574,-0.045446157455444336,273.9264831542969,1297.31982421875,185.68038940429688
20251024_150304.082528,1.0750582218170166,0.990092396736145,1.0318180322647095,-0.0750582218170166,0.00990760326385498,-0.03181803226470947,-0.11229720711708069,-179.04318237304688,-177.0517578125,0.11229720711708069,0.21239009499549866,-0.9266374111175537,40774,0.20681720972061157,0.015568584203720093,-0.009995698928833008,-0.4878784418106079,-0.3852459192276001,-0.0535130500793457,277.41290283203125,1297.4183349609375,199.22256469726562
20251024_150304.092778,1.0751208066940308,0.9900110363960266,1.0317918062210083,-0.07512080669403076,0.009988963603973389,-0.0317918062210083,-0.10942938178777695,-179.25062561035156,-177.02975463867188,0.10942938178777695,0.20558185875415802,-0.9163641333580017,40707,0.20664674043655396,0.015982048586010933,-0.01704692840576172,-0.48828524351119995,-0.38614699244499207,-0.041931867599487305,279.69097900390625,1297.517822265625,130.17654418945312
20251024_150304.102521,1.0751925706863403,0.9900175333023071,1.0317261219024658,-0.07519257068634033,0.009982466697692871,-0.03172612190246582,-0.15513283014297485,-179.08030700683594,-177.0081024169922,0.15513283014297485,0.17991989850997925,-0.9238824844360352,40566,0.20621979236602783,0.01639491505920887,-0.042694807052612305,-0.48875170946121216,-0.3870488703250885,-0.04808187484741211,279.5090637207031,1297.61767578125,-10.395050048828125
20251024_150304.112463,1.0752925872802734,0.9901608824729919,1.031618356704712,-0.07529258728027344,0.009839117527008057,-0.031618356704711914,-0.13798728585243225,-178.57337951660156,-177.28199768066406,0.13798728585243225,0.1522785872220993,-0.9443647265434265,40343,0.20551931858062744,0.016806652769446373,-0.07004737854003906,-0.48940181732177734,-0.3879517912864685,-0.06701111793518066,275.49530029296875,1297.7166748046875,-229.35867309570312
20251024_150304.122920,1.0753930807113647,0.9902818202972412,1.0315502882003784,-0.07539308071136475,0.009718179702758789,-0.03155028820037842,-0.18477115035057068,-178.03146362304688,-177.46742248535156,0.18477115035057068,0.17804959416389465,-0.946241557598114,40376,0.20507687330245972,0.017217250540852547,-0.04424452781677246,-0.49005502462387085,-0.388855904340744,-0.06733059883117676,272.1090393066406,1297.8145751953125,-193.50051879882812
20251024_150304.133099,1.0755090713500977,0.990354597568512,1.031468391418457,-0.07550907135009766,0.009645402431488037,-0.03146839141845703,-0.19012801349163055,-177.83851623535156,-177.5070037841797,0.19012801349163055,0.1689385026693344,-0.9582840204238892,40451,0.2045445442199707,0.017626870423555374,-0.05323290824890137,-0.49080896377563477,-0.3897613286972046,-0.0777137279510498,270.0712585449219,1297.911376953125,-116.44363403320312
20251024_150304.142562,1.0755960941314697,0.9903296828269958,1.031427264213562,-0.07559609413146973,0.00967031717300415,-0.03142726421356201,-0.15065667033195496,-178.1970977783203,-177.31289672851562,0.15065667033195496,0.19558022916316986,-0.9403478503227234,40608,0.20427721738815308,0.01803569309413433,-0.026732683181762695,-0.4913746118545532,-0.39066794514656067,-0.05830526351928711,270.7688903808594,1298.0079345703125,39.86358642578125
20251024_150304.152485,1.0756875276565552,0.9902764558792114,1.031370997428894,-0.07568752765655518,0.009723544120788574,-0.03137099742889404,-0.10985592752695084,-178.7507781982422,-177.10044860839844,0.10985592752695084,0.18578195571899414,-0.9448050260543823,40655,0.20391148328781128,0.01844388246536255,-0.03657341003417969,-0.49196892976760864,-0.3915756642818451,-0.06126046180725098,272.2592468261719,1298.1048583984375,85.16311645507812
20251024_150304.162818,1.0758156776428223,0.9902958273887634,1.0312925577163696,-0.07581567764282227,0.009704172611236572,-0.03129255771636963,-0.17760725319385529,-178.95033264160156,-177.03150939941406,0.17760725319385529,0.17126700282096863,-0.9711470603942871,40538,0.2034016251564026,0.01885119453072548,-0.05098581314086914,-0.4928019046783447,-0.3924846649169922,-0.0858604907989502,271.7168273925781,1298.2020263671875,-30.994415283203125
20251024_150304.172788,1.0759882926940918,0.9903678297996521,1.0311551094055176,-0.0759882926940918,0.0096321702003479,-0.031155109405517578,-0.024071939289569855,-178.6951904296875,-177.86569213867188,0.024071939289569855,0.13242390751838684,-1.0029715299606323,40452,0.20250821113586426,0.01925710402429104,-0.08934140205383301,-0.4939239025115967,-0.39339548349380493,-0.11565208435058594,269.7007751464844,1298.2987060546875,-115.203857421875
20251024_150304.182800,1.0761181116104126,0.9904480576515198,1.0310505628585815,-0.0761181116104126,0.009551942348480225,-0.031050562858581543,-0.044804178178310394,-178.5380096435547,-178.02456665039062,0.044804178178310394,0.15353484451770782,-0.9760545492172241,40437,0.20182865858078003,0.019661441445350647,-0.06795525550842285,-0.4947677254676819,-0.3943081200122833,-0.08697867393493652,267.4543762207031,1298.3946533203125,-128.36456298828125
20251024_150304.192641,1.0762673616409302,0.9906370639801025,1.0308774709701538,-0.07626736164093018,0.009362936019897461,-0.03087747097015381,-0.010870608501136303,-178.41566467285156,-178.1310272216797,0.010870608501136303,0.10825780779123306,-0.9909577965736389,40258,0.20070356130599976,0.02006397396326065,-0.11250972747802734,-0.49573785066604614,-0.3952224552631378,-0.09999752044677734,262.1622009277344,1298.4892578125,-302.4101257324219
20251024_150304.202784,1.0762864351272583,0.9909641146659851,1.0306758880615234,-0.0762864351272583,0.009035885334014893,-0.030675888061523438,-0.08161997050046921,-178.36068725585938,-177.24105834960938,0.08161997050046921,0.08882845193147659,-0.9047788381576538,40028,0.19939327239990234,0.02046407014131546,-0.1310288906097412,-0.49586182832717896,-0.3961377739906311,-0.01277923583984375,253.00479125976562,1298.5811767578125,-523.2811279296875
20251024_150304.212787,1.076417088508606,0.9909882545471191,1.0305895805358887,-0.07641708850860596,0.00901174545288086,-0.030589580535888672,-0.030077846720814705,-178.4265899658203,-176.90687561035156,0.030077846720814705,0.16359467804431915,-0.9813028573989868,40512,0.19883227348327637,0.020862296223640442,-0.056099891662597656,-0.4967110753059387,-0.397053986787796,-0.08753776550292969,252.32887268066406,1298.67138671875,-38.623809814453125
20251024_150304.222873,1.0764504671096802,0.9911012053489685,1.0303012132644653,-0.07645046710968018,0.008898794651031494,-0.030301213264465332,-0.038667693734169006,-179.90753173828125,-177.7483673095703,0.038667693734169006,0.03077724575996399,-0.9172629117965698,40367,0.19695788621902466,0.02125808596611023,-0.1874387264251709,-0.49692803621292114,-0.39797118306159973,-0.022363662719726562,249.16624450683594,1298.760986328125,-180.72128295898438
20251024_150304.232566,1.0766044855117798,0.9911672472953796,1.0302141904830933,-0.07660448551177979,0.008832752704620361,-0.03021419048309326,0.08708122372627258,-179.873046875,-177.82266235351562,-0.08708122372627258,0.16147886216640472,-1.0000109672546387,40440,0.1963922381401062,0.021651435643434525,-0.0565648078918457,-0.4979291558265686,-0.3988895118236542,-0.10319232940673828,247.31707763671875,1298.849609375,-105.6671142578125
20251024_150304.242595,1.0768153667449951,0.9911438822746277,1.0301082134246826,-0.07681536674499512,0.008856117725372314,-0.030108213424682617,87.13732147216797,-74.85120391845703,104.47406005859375,15.0,0.148861825466156,-1.0404003858566284,40584,0.195703387260437,0.022043531760573387,-0.06888508796691895,-0.49929988384246826,-0.3998100459575653,-0.14129042625427246,247.97129821777344,1298.9381103515625,37.384033203125
20251024_150304.252314,1.0769439935684204,0.991217315196991,1.0299636125564575,-0.07694399356842041,0.008782684803009033,-0.02996361255645752,-0.015877701342105865,-179.8295135498047,-178.09027099609375,0.015877701342105865,0.12320691347122192,-0.9870485067367554,40427,0.19476348161697388,0.022433998063206673,-0.09399056434631348,-0.5001359581947327,-0.4007326066493988,-0.08617997169494629,245.91517639160156,1299.0262451171875,-117.49267578125
20251024_150304.262568,1.0771267414093018,0.9913631677627563,1.0298137664794922,-0.07712674140930176,0.008636832237243652,-0.029813766479492188,-0.0250368844717741,-179.54811096191406,-177.94552612304688,0.0250368844717741,0.1192120835185051,-1.0254218578338623,40307,0.19378948211669922,0.022822551429271698,-0.09739995002746582,-0.5013238191604614,-0.40165701508522034,-0.12244105339050293,241.831298828125,1299.1134033203125,-233.36410522460938
20251024_150304.272965,1.0772939920425415,0.9914979934692383,1.0296800136566162,-0.0772939920425415,0.008502006530761719,-0.02968001365661621,87.68900299072266,-73.11763763427734,106.3497085571289,15.0,0.12919001281261444,-1.017052412033081,40321,0.19292008876800537,0.023209260776638985,-0.08693933486938477,-0.5024109482765198,-0.4025835394859314,-0.11205792427062988,238.05618286132812,1299.1990966796875,-215.72113037109375
20251024_150304.283050,1.0775424242019653,0.9913800358772278,1.0296165943145752,-0.07754242420196533,0.008619964122772217,-0.029616594314575195,88.0565185546875,-72.92791748046875,107.10163116455078,15.0,0.1748799830675125,-1.0739878416061401,40729,0.19250786304473877,0.0235946886241436,-0.041222572326660156,-0.5040257573127747,-0.403512567281723,-0.16644954681396484,241.35899353027344,1299.28466796875,188.73214721679688
20251024_150304.293046,1.0776747465133667,0.99135822057724,1.0294733047485352,-0.0776747465133667,0.00864177942276001,-0.029473304748535156,87.84967041015625,-76.31084442138672,103.79302978515625,15.0,0.12241704016923904,-0.9979856610298157,40576,0.19157648086547852,0.02397877350449562,-0.09313821792602539,-0.5048858523368835,-0.4044438600540161,-0.08865594863891602,241.96981811523438,1299.3709716796875,34.90447998046875
20251024_150304.302929,1.077920913696289,0.9912417531013489,1.029412865638733,-0.07792091369628906,0.008758246898651123,-0.02941286563873291,87.2706527709961,-77.15511322021484,102.9530029296875,15.0,0.17625974118709564,-1.0767953395843506,40731,0.19118362665176392,0.024361534044146538,-0.03928542137145996,-0.5064859390258789,-0.40537744760513306,-0.1649320125579834,245.2309112548828,1299.4580078125,186.34796142578125
20251024_150304.312837,1.0780811309814453,0.99123215675354,1.0292803049087524,-0.07808113098144531,0.008767843246459961,-0.02928030490875244,87.17522430419922,-76.88215637207031,103.02156829833984,15.0,0.12890054285526276,-1.021186351776123,40560,0.19032198190689087,0.024743039160966873,-0.08616447448730469,-0.5075273513793945,-0.4063134491443634,-0.1073455810546875,245.49960327148438,1299.545654296875,15.354156494140625
20251024_150304.322691,1.0783636569976807,0.9911630153656006,1.0291457176208496,-0.07836365699768066,0.008836984634399414,-0.02914571762084961,0.2591150999069214,-179.76077270507812,-177.9488525390625,-0.2591150999069214,0.12708823382854462,-1.1059082746505737,40657,0.18944716453552246,0.025122808292508125,-0.08748173713684082,-0.5093637704849243,-0.40725213289260864,-0.18929243087768555,247.43557739257812,1299.6336669921875,110.626220703125
20251024_150304.333018,1.078456997871399,0.991540789604187,1.0288612842559814,-0.07845699787139893,0.008459210395812988,-0.028861284255981445,0.1096419021487236,-179.3599395751953,-177.1473388671875,-0.1096419021487236,0.028216514736413956,-0.9807019233703613,39932,0.1875983476638794,0.025499854236841202,-0.18488168716430664,-0.509970486164093,-0.40819305181503296,-0.06253838539123535,236.85789489746094,1299.7200927734375,-604.4387817382812
20251024_150304.343031,1.0786209106445312,0.9916799068450928,1.0287123918533325,-0.07862091064453125,0.008320093154907227,-0.02871239185333252,0.12135083973407745,-179.13304138183594,-177.12350463867188,-0.12135083973407745,0.11572457104921341,-1.029992938041687,40310,0.18663054704666138,0.025874081999063492,-0.09678006172180176,-0.5110359191894531,-0.40913552045822144,-0.10982155799865723,232.96261596679688,1299.8040771484375,-222.58758544921875
20251024_150304.352962,1.0788851976394653,0.9916875958442688,1.028541088104248,-0.07888519763946533,0.008312404155731201,-0.028541088104248047,0.281732976436615,-179.14938354492188,-177.6204071044922,-0.281732976436615,0.10041586309671402,-1.0999066829681396,40520,0.1855170726776123,0.02624623104929924,-0.11134743690490723,-0.5127537846565247,-0.41008055210113525,-0.17707228660583496,232.747314453125,1299.88720703125,-12.302398681640625
20251024_150304.362614,1.0789281129837036,0.9918151497840881,1.0284113883972168,-0.07892811298370361,0.008184850215911865,-0.028411388397216797,87.41925048828125,-80.5356216430664,99.8498764038086,15.0,0.12698563933372498,-0.952813446521759,40325,0.18467402458190918,0.026616422459483147,-0.0843048095703125,-0.5130327343940735,-0.4110274314880371,-0.028753280639648438,229.17581176757812,1299.9697265625,-204.0863037109375
20251024_150304.372846,1.079111933708191,0.9917909502983093,1.0282856225967407,-0.07911193370819092,0.008209049701690674,-0.028285622596740723,87.12538146972656,-82.34478759765625,97.97347259521484,15.0,0.1290937215089798,-1.049363136291504,40568,0.1838565468788147,0.02698495239019394,-0.08174777030944824,-0.514227569103241,-0.4119756817817688,-0.12315988540649414,229.8533935546875,1300.0516357421875,38.71917724609375
20251024_150304.382747,1.0793125629425049,0.9918211102485657,1.0281325578689575,-0.07931256294250488,0.008178889751434326,-0.02813255786895752,87.19402313232422,-82.9589614868164,97.34728240966797,15.0,0.11072122305631638,-1.0628794431686401,40480,0.18286162614822388,0.02735166996717453,-0.09949207305908203,-0.5155316591262817,-0.41292622685432434,-0.13442158699035645,229.0089111328125,1300.133544921875,-48.25592041015625
20251024_150304.392848,1.0796788930892944,0.9917751550674438,1.0279650688171387,-0.07967889308929443,0.008224844932556152,-0.027965068817138672,0.5022881031036377,-179.469970703125,-177.56080627441406,-0.5022881031036377,0.10062136501073837,-1.177234172821045,40604,0.18177294731140137,0.02771630510687828,-0.10886788368225098,-0.5179128050804138,-0.4138801693916321,-0.24544119834899902,230.295654296875,1300.215576171875,73.52828979492188
20251024_150304.402665,1.079852819442749,0.9919489026069641,1.0277714729309082,-0.07985281944274902,0.008051097393035889,-0.027771472930908203,0.5094329714775085,-179.1980438232422,-177.3949432373047,-0.5094329714775085,0.08275584131479263,-1.050411343574524,40247,0.18051457405090332,0.028078593313694,-0.1258373260498047,-0.5190433263778687,-0.4148373603820801,-0.1165306568145752,225.43072509765625,1300.2969970703125,-277.9960632324219
20251024_150304.412945,1.0800700187683105,0.9919984936714172,1.0275732278823853,-0.08007001876831055,0.008001506328582764,-0.027573227882385254,0.6361143589019775,-178.60511779785156,-177.361083984375,-0.6361143589019775,0.07880502939224243,-1.0817755460739136,40445,0.17922598123550415,0.028438333421945572,-0.128859281539917,-0.5204551219940186,-0.4157969057559967,-0.1455235481262207,224.04217529296875,1300.377197265625,-79.345703125
20251024_150304.422500,1.0801984071731567,0.9920762181282043,1.0272465944290161,-0.08019840717315674,0.007923781871795654,-0.027246594429016113,0.7675670385360718,-179.33775329589844,-177.69619750976562,-0.7675670385360718,-0.00641421927139163,-1.0240683555603027,40397,0.17710286378860474,0.028794661164283752,-0.2123117446899414,-0.5212896466255188,-0.4167585074901581,-0.08602023124694824,221.8658905029297,1300.4569091796875,-124.359130859375
20251024_150304.432452,1.0804013013839722,0.9920185208320618,1.027103304862976,-0.08040130138397217,0.007981479167938232,-0.027103304862976074,0.9146057963371277,-179.68756103515625,-177.8349609375,-0.9146057963371277,0.11218120157718658,-1.0762696266174316,40616,0.17617148160934448,0.029147936031222343,-0.09313821792602539,-0.5226084589958191,-0.41772210597991943,-0.1359391212463379,223.48141479492188,1300.536376953125,92.315673828125
20251024_150304.442458,1.080586314201355,0.9920144081115723,1.0269299745559692,-0.08058631420135498,0.007985591888427734,-0.02692997455596924,0.9854748249053955,-179.7723846435547,-177.89894104003906,-0.9854748249053955,0.09187928587198257,-1.0664576292037964,40530,0.17504483461380005,0.029499152675271034,-0.11266469955444336,-0.5238110423088074,-0.418688029050827,-0.12395858764648438,223.59657287597656,1300.6162109375,6.580352783203125
20251024_150304.452460,1.0808130502700806,0.9922321438789368,1.0266470909118652,-0.08081305027008057,0.007767856121063232,-0.026647090911865234,1.134569764137268,-179.71286010742188,-178.261474609375,-1.134569764137268,0.019179126247763634,-1.0968544483184814,40169,0.17320609092712402,0.02984740398824215,-0.18387436866760254,-0.5252848267555237,-0.4196564257144928,-0.15191316604614258,217.49996948242188,1300.6949462890625,-348.3772277832031
20251024_150304.462614,1.081018328666687,0.9923555850982666,1.0264579057693481,-0.08101832866668701,0.0076444149017333984,-0.026457905769348145,1.0677931308746338,-179.64305114746094,-178.03590393066406,-1.0677931308746338,0.07919862866401672,-1.0847830772399902,40317,0.17197638750076294,0.030192585662007332,-0.1229703426361084,-0.5266191363334656,-0.4206274151802063,-0.13753652572631836,214.04360961914062,1300.7720947265625,-197.50595092773438
20251024_150304.472711,1.0812104940414429,0.9924347400665283,1.0263258218765259,-0.08121049404144287,0.00756525993347168,-0.02632582187652588,1.136094093322754,-179.68692016601562,-177.9425811767578,-1.136094093322754,0.11579899489879608,-1.0782197713851929,40386,0.1711178421974182,0.030535679310560226,-0.08585453033447266,-0.5278682112693787,-0.4216007888317108,-0.12875080108642578,211.8272705078125,1300.84814453125,-126.64794921875
20251024_150304.483041,1.0813788175582886,0.9924299120903015,1.0261369943618774,-0.08137881755828857,0.007570087909698486,-0.02613699436187744,1.1260466575622559,-179.97702026367188,-177.8715362548828,-1.1260466575622559,0.07802926748991013,-1.0643154382705688,40520,0.16989046335220337,0.03087668865919113,-0.12273788452148438,-0.5289623141288757,-0.42257633805274963,-0.1127767562866211,211.96246337890625,1300.923828125,7.724761962890625
20251024_150304.492741,1.0816024541854858,0.9923470616340637,1.0259857177734375,-0.08160245418548584,0.007652938365936279,-0.0259857177734375,1.2099448442459106,179.76513671875,-177.9678192138672,-1.2099448442459106,0.10179287195205688,-1.103806734085083,40647,0.16890716552734375,0.03121548518538475,-0.09832978248596191,-0.530415952205658,-0.4235542118549347,-0.14983654022216797,214.2822723388672,1300.9998779296875,132.56072998046875
20251024_150304.502752,1.0817984342575073,0.9923548698425293,1.0257961750030518,-0.08179843425750732,0.007645130157470703,-0.025796175003051758,1.2329250574111938,179.72244262695312,-178.0273895263672,-1.2329250574111938,0.07602440565824509,-1.0875310897827148,40502,0.16767513751983643,0.03155206888914108,-0.12320280075073242,-0.5316898226737976,-0.4245346188545227,-0.13130664825439453,214.0636444091797,1301.076416015625,-12.493133544921875
20251024_150304.512721,1.0819836854934692,0.9924522042274475,1.0255460739135742,-0.08198368549346924,0.00754779577255249,-0.02554607391357422,1.2337125539779663,-179.94557189941406,-177.962890625,-1.2337125539779663,0.03536956384778023,-1.0825295448303223,40356,0.16604948043823242,0.031885791569948196,-0.1625657081604004,-0.53289395570755,-0.42551732063293457,-0.12411832809448242,211.33828735351562,1301.15234375,-155.73501586914062
20251024_150304.522751,1.0822196006774902,0.9926453232765198,1.0253325700759888,-0.08221960067749023,0.007354676723480225,-0.02533257007598877,1.2050952911376953,-179.5674591064453,-177.83522033691406,-1.2050952911376953,0.05810071527957916,-1.1189931631088257,40198,0.164661705493927,0.03221650421619415,-0.138777494430542,-0.5344274044036865,-0.426502525806427,-0.15806317329406738,205.9309539794922,1301.2269287109375,-308.990478515625
20251024_150304.532652,1.0823776721954346,0.9928537011146545,1.0250715017318726,-0.08237767219543457,0.007146298885345459,-0.02507150173187256,1.2460628747940063,-179.1687469482422,-177.66461181640625,-1.2460628747940063,0.025814468041062355,-1.0688529014587402,40167,0.16296476125717163,0.03254413232207298,-0.1696944236755371,-0.5354548692703247,-0.42749011516571045,-0.10590791702270508,200.09637451171875,1301.29931640625,-333.404541015625
20251024_150304.542744,1.0825104713439941,0.9930686950683594,1.0248607397079468,-0.08251047134399414,0.006931304931640625,-0.024860739707946777,87.48554229736328,-101.69245147705078,78.96190643310547,15.0,0.05746818333864212,-1.0537729263305664,40151,0.16159480810165405,0.03286869078874588,-0.1369953155517578,-0.5363180637359619,-0.4284794330596924,-0.08897542953491211,194.0765380859375,1301.3697509765625,-343.9903259277344
20251024_150304.552778,1.0828688144683838,0.9928545355796814,1.0247102975845337,-0.08286881446838379,0.0071454644203186035,-0.02471029758453369,1.3384552001953125,-179.74684143066406,-177.39248657226562,-1.3384552001953125,0.09602045267820358,-1.2082089185714722,40844,0.160616934299469,0.033190902322530746,-0.09778738021850586,-0.5386472940444946,-0.4294717311859131,-0.24008989334106445,200.072998046875,1301.440185546875,342.6551818847656
20251024_150304.562784,1.0830812454223633,0.9927932024002075,1.0245308876037598,-0.08308124542236328,0.0072067975997924805,-0.024530887603759766,1.3780468702316284,-179.927490234375,-177.59422302246094,-1.3780468702316284,0.07634525001049042,-1.1128242015838623,40601,0.15945076942443848,0.0335109680891037,-0.11661648750305176,-0.5400280952453613,-0.430467426776886,-0.14232873916625977,201.7903289794922,1301.511962890625,98.13308715820312
20251024_150304.572464,1.0832895040512085,0.9928192496299744,1.0243383646011353,-0.0832895040512085,0.007180750370025635,-0.024338364601135254,1.3972865343093872,-179.77088928222656,-177.7156982421875,-1.3972865343093872,0.06688803434371948,-1.1123807430267334,40460,0.15819936990737915,0.03382861986756325,-0.12513995170593262,-0.5413817763328552,-0.43146565556526184,-0.13953328132629395,201.06100463867188,1301.5838623046875,-41.675567626953125
20251024_150304.582418,1.0833569765090942,0.9931326508522034,1.0240727663040161,-0.08335697650909424,0.006867349147796631,-0.024072766304016113,87.34440612792969,-104.9557876586914,75.35774993896484,15.0,0.017977379262447357,-1.0194923877716064,39992,0.15647298097610474,0.03414329141378403,-0.1726388931274414,-0.5418203473091125,-0.432465523481369,-0.045206546783447266,192.28578186035156,1301.654052734375,-501.44195556640625
20251024_150304.593048,1.0837563276290894,0.9930996298789978,1.0237624645233154,-0.08375632762908936,0.006900370121002197,-0.02376246452331543,1.5727249383926392,-179.21444702148438,-177.7723846435547,-1.5727249383926392,-0.012785917147994041,-1.2454495429992676,40547,0.1544560194015503,0.03445422276854515,-0.20169615745544434,-0.5444161295890808,-0.43346819281578064,-0.2675652503967285,193.21035766601562,1301.722900390625,52.83355712890625
20251024_150304.602456,1.083937168121338,0.9932560920715332,1.0235216617584229,-0.08393716812133789,0.006743907928466797,-0.02352166175842285,1.675166368484497,-179.36520385742188,-177.6718292236328,-1.675166368484497,0.03113057278096676,-1.1012290716171265,40240,0.15289080142974854,0.034761566668748856,-0.15652179718017578,-0.5455915927886963,-0.4344743490219116,-0.12116312980651855,188.8294219970703,1301.7911376953125,-250.33950805664062
20251024_150304.612417,1.0841906070709229,0.9932511448860168,1.0234934091567993,-0.08419060707092285,0.006748855113983154,-0.023493409156799316,1.5525444746017456,-179.7019500732422,-177.56964111328125,-1.5525444746017456,0.16941013932228088,-1.1525261402130127,40498,0.15270715951919556,0.03506716713309288,-0.01836419105529785,-0.5472389459609985,-0.4354831278324127,-0.16980409622192383,188.9679412841797,1301.858642578125,7.915496826171875
20251024_150304.622638,1.0843640565872192,0.993248462677002,1.0230296850204468,-0.08436405658721924,0.006751537322998047,-0.023029685020446777,1.8518593311309814,179.76853942871094,-177.84774780273438,-1.8518593311309814,-0.11635816842317581,-1.1010719537734985,40495,0.14969295263290405,0.035369567573070526,-0.3014206886291504,-0.548366367816925,-0.43649446964263916,-0.1162111759185791,189.0430450439453,1301.9261474609375,4.291534423828125
20251024_150304.632600,1.084558367729187,0.9932510852813721,1.022767186164856,-0.08455836772918701,0.00674891471862793,-0.022767186164855957,1.7833305597305298,179.67112731933594,-178.05874633789062,-1.7833305597305298,0.013029699213802814,-1.1173259019851685,40486,0.14798671007156372,0.03566724434494972,-0.1706242561340332,-0.5496293902397156,-0.4375079870223999,-0.1301884651184082,188.9696044921875,1301.99365234375,-4.1961669921875
20251024_150304.642769,1.084750771522522,0.9933388829231262,1.0225410461425781,-0.08475077152252197,0.006661117076873779,-0.022541046142578125,1.7950328588485718,179.96485900878906,-178.20481872558594,-1.7950328588485718,0.03548753634095192,-1.1183143854141235,40348,0.1465167999267578,0.03596175089478493,-0.14699101448059082,-0.5508800148963928,-0.4385238587856293,-0.12891054153442383,186.5112762451172,1302.0606689453125,-140.47622680664062
20251024_150304.652124,1.0849627256393433,0.9935005307197571,1.022299885749817,-0.08496272563934326,0.00649946928024292,-0.022299885749816895,1.7190806865692139,-179.5187225341797,-178.36404418945312,-1.7190806865692139,0.024448217824101448,-1.1338090896606445,40225,0.14494925737380981,0.03625321388244629,-0.1567542552947998,-0.5522577166557312,-0.43954211473464966,-0.14200925827026367,181.98513793945312,1302.12646484375,-258.636474609375
20251024_150304.662949,1.0851365327835083,0.9935740828514099,1.0220437049865723,-0.0851365327835083,0.006425917148590088,-0.022043704986572266,1.6870496273040771,-179.16940307617188,-178.2610321044922,-1.6870496273040771,0.013308035209774971,-1.110400915145874,40364,0.14328408241271973,0.036541447043418884,-0.1665174961090088,-0.553387463092804,-0.44056272506713867,-0.11645078659057617,179.92567443847656,1302.1910400390625,-117.68341064453125
20251024_150304.672597,1.085373878479004,0.9936210513114929,1.0217435359954834,-0.0853738784790039,0.00637894868850708,-0.0217435359954834,1.6872711181640625,-179.44256591796875,-177.8876190185547,-1.6872711181640625,-0.01695079542696476,-1.1555376052856445,40405,0.1413329839706421,0.03682606667280197,-0.19510984420776367,-0.5549302101135254,-0.4415857791900635,-0.15902161598205566,178.61056518554688,1302.255126953125,-75.1495361328125
20251024_150304.682633,1.0856307744979858,0.9936002492904663,1.0215342044830322,-0.08563077449798584,0.006399750709533691,-0.021534204483032227,1.751351237297058,-179.84414672851562,-177.60418701171875,-1.751351237297058,0.04101421684026718,-1.1713321208953857,40514,0.13997232913970947,0.03710737079381943,-0.13606548309326172,-0.556600034236908,-0.44261181354522705,-0.1721203327178955,179.19302368164062,1302.3189697265625,33.283233642578125
20251024_150304.692576,1.0859094858169556,0.9935163855552673,1.0212455987930298,-0.08590948581695557,0.006483614444732666,-0.021245598793029785,1.6372625827789307,179.5728302001953,-177.1297149658203,-1.6372625827789307,-0.012111866846680641,-1.1887892484664917,40618,0.1380963921546936,0.03738544136285782,-0.18759369850158691,-0.5584116578102112,-0.4436410665512085,-0.1867365837097168,181.54119873046875,1302.3834228515625,134.18197631835938
20251024_150304.702562,1.0862970352172852,0.9934164881706238,1.0210683345794678,-0.08629703521728516,0.006583511829376221,-0.021068334579467773,86.8983154296875,-109.72565460205078,70.7260513305664,15.0,0.05938291549682617,-1.2652630805969238,40646,0.13694417476654053,0.03766047954559326,-0.11522173881530762,-0.5609307289123535,-0.4446742832660675,-0.2596580982208252,184.3383331298828,1302.44873046875,159.8358154296875
20251024_150304.712158,1.0865031480789185,0.9934557676315308,1.0208168029785156,-0.08650314807891846,0.006544232368469238,-0.020816802978515625,87.32917022705078,-113.70944213867188,66.42791748046875,15.0,0.009746412746608257,-1.1460771560668945,40422,0.13530921936035156,0.037932734936475754,-0.16349554061889648,-0.56227046251297,-0.4457111060619354,-0.13809561729431152,183.23851013183594,1302.514404296875,-62.847137451171875
20251024_150304.723020,1.0867664813995361,0.9936241507530212,1.0205118656158447,-0.08676648139953613,0.00637584924697876,-0.020511865615844727,1.7811074256896973,-178.8548126220703,-177.32498168945312,-1.7811074256896973,-0.02668078988790512,-1.1871662139892578,40211,0.13332712650299072,0.03820136934518814,-0.19820928573608398,-0.5639821290969849,-0.4467507004737854,-0.17643332481384277,178.52377319335938,1302.5789794921875,-269.4129943847656
20251024_150304.733187,1.086943507194519,0.9937542676925659,1.0202518701553345,-0.08694350719451904,0.006245732307434082,-0.020251870155334473,1.7621233463287354,-178.6734619140625,-177.1383514404297,-1.7621233463287354,0.0011064409045502543,-1.1315330266952515,40269,0.13163715600967407,0.03846633434295654,-0.16899704933166504,-0.5651327967643738,-0.44779297709465027,-0.1186072826385498,174.88050842285156,1302.64208984375,-208.18710327148438
20251024_150304.742933,1.087294340133667,0.9937570095062256,1.020180106163025,-0.08729434013366699,0.006242990493774414,-0.020180106163024902,1.6172075271606445,-178.95608520507812,-177.13681030273438,-1.6172075271606445,0.123253233730793,-1.2513096332550049,40473,0.13117069005966187,0.038729142397642136,-0.0466465950012207,-0.5674132108688354,-0.44883841276168823,-0.23505806922912598,174.80374145507812,1302.70458984375,-4.38690185546875
20251024_150304.752914,1.0874693393707275,0.993794322013855,1.019905686378479,-0.08746933937072754,0.0062056779861450195,-0.019905686378479004,1.8491604328155518,-179.54183959960938,-177.17149353027344,-1.8491604328155518,-0.009996199049055576,-1.135687232017517,40416,0.12938696146011353,0.03898970037698746,-0.17837285995483398,-0.568550705909729,-0.4498869776725769,-0.1172494888305664,173.7589874267578,1302.766845703125,-59.70001220703125
20251024_150304.763284,1.0876293182373047,0.9937298893928528,1.019512414932251,-0.08762931823730469,0.006270110607147217,-0.019512414932250977,2.066802740097046,-179.87490844726562,-177.12477111816406,-2.066802740097046,-0.08954982459545135,-1.1277140378952026,40581,0.12683069705963135,0.03924591839313507,-0.2556264400482178,-0.5695905685424805,-0.45093756914138794,-0.10718584060668945,175.56309509277344,1302.8292236328125,103.09219360351562
20251024_150304.772694,1.087861180305481,0.9937368035316467,1.0192477703094482,-0.08786118030548096,0.0062631964683532715,-0.019247770309448242,2.110269784927368,-179.6425018310547,-177.12445068359375,-2.110269784927368,-0.007410638965666294,-1.1784358024597168,40467,0.12511050701141357,0.03949785977602005,-0.17201900482177734,-0.5710976719856262,-0.4519905149936676,-0.15534758567810059,175.3695068359375,1302.891845703125,-11.0626220703125
20251024_150304.782554,1.088011384010315,0.9940375089645386,1.018845796585083,-0.08801138401031494,0.005962491035461426,-0.018845796585083008,2.2257120609283447,-179.5892333984375,-178.5224151611328,-2.2257120609283447,-0.09903977811336517,-1.1257562637329102,39988,0.12249767780303955,0.03974546864628792,-0.26128292083740234,-0.5720739960670471,-0.4530457556247711,-0.10063648223876953,166.9497528076172,1302.9530029296875,-481.1286926269531
20251024_150304.792936,1.0882494449615479,0.9941083788871765,1.0186153650283813,-0.08824944496154785,0.005891621112823486,-0.018615365028381348,2.1466000080108643,-179.38685607910156,-178.61557006835938,-2.1466000080108643,0.011208325624465942,-1.187225580215454,40354,0.12099987268447876,0.039988964796066284,-0.1497805118560791,-0.573621392250061,-0.4541033208370209,-0.1595008373260498,164.96539306640625,1303.01220703125,-113.39187622070312
20251024_150304.802462,1.0885440111160278,0.9939943552017212,1.0184440612792969,-0.08854401111602783,0.006005644798278809,-0.018444061279296875,2.269474744796753,-178.9932098388672,-177.97120666503906,-2.269474744796753,0.04876881092786789,-1.2280595302581787,40653,0.11988639831542969,0.04022984951734543,-0.11134743690490723,-0.5755360722541809,-0.4551640748977661,-0.19735932350158691,168.15805053710938,1303.07177734375,182.43789672851562
20251024_150304.812036,1.0888038873672485,0.9939616918563843,1.0182541608810425,-0.08880388736724854,0.006038308143615723,-0.01825416088104248,2.249506950378418,-179.57371520996094,-177.6880340576172,-2.249506950378418,0.03568517416715622,-1.2075705528259277,40524,0.11865204572677612,0.04046838730573654,-0.12343525886535645,-0.5772252678871155,-0.4562281668186188,-0.1741170883178711,169.0726318359375,1303.1319580078125,52.2613525390625
20251024_150304.822559,1.0889276266098022,0.9940662384033203,1.0179976224899292,-0.08892762660980225,0.0059337615966796875,-0.0179976224899292,86.81656646728516,-113.45407104492188,66.92575073242188,15.0,-0.00906138215214014,-1.1182293891906738,40302,0.1169845461845398,0.04070402681827545,-0.1667499542236328,-0.5780295729637146,-0.4572945535182953,-0.08290529251098633,166.14532470703125,1303.1917724609375,-167.27447509765625
20251024_150304.832998,1.089295744895935,0.9938475489616394,1.0177515745162964,-0.08929574489593506,0.006152451038360596,-0.017751574516296387,2.095540761947632,179.96409606933594,-177.68910217285156,-2.095540761947632,-0.0036095529794692993,-1.2854255437850952,40825,0.11538523435592651,0.04093639552593231,-0.15993118286132812,-0.5804223418235779,-0.4583638906478882,-0.24663925170898438,172.2686309814453,1303.252197265625,349.9031066894531
20251024_150304.842688,1.0895739793777466,0.9939286708831787,1.0174676179885864,-0.08957397937774658,0.006071329116821289,-0.017467617988586426,2.0411574840545654,-179.44284057617188,-177.871337890625,-2.0411574840545654,-0.029866905882954597,-1.2280850410461426,40343,0.11353951692581177,0.041165322065353394,-0.1845717430114746,-0.5822308659553528,-0.4594371020793915,-0.1864171028137207,169.99722290039062,1303.3133544921875,-129.79507446289062
20251024_150304.852759,1.0898284912109375,0.9940323233604431,1.017261028289795,-0.0898284912109375,0.005967676639556885,-0.017261028289794922,1.98233962059021,-179.01553344726562,-177.90003967285156,-1.98233962059021,0.019304435700178146,-1.2149215936660767,40304,0.11219668388366699,0.04139105603098869,-0.13428330421447754,-0.5838851928710938,-0.46051353216171265,-0.17052292823791504,167.09494018554688,1303.37353515625,-165.84396362304688
20251024_150304.862857,1.0900322198867798,0.9940797686576843,1.0169553756713867,-0.09003221988677979,0.005920231342315674,-0.01695537567138672,1.9299263954162598,-178.78407287597656,-177.62680053710938,-1.9299263954162598,-0.04685079678893089,-1.1833003759384155,40393,0.11020994186401367,0.041613463312387466,-0.19867420196533203,-0.5852094292640686,-0.4615927040576935,-0.13649821281433105,165.7664794921875,1303.4329833984375,-75.9124755859375
20251024_150304.872771,1.0903924703598022,0.9941250681877136,1.0168633460998535,-0.09039247035980225,0.005874931812286377,-0.016863346099853516,1.9760322570800781,-179.23406982421875,-177.78237915039062,-1.9760322570800781,0.09162580966949463,-1.29159414768219,40395,0.10961174964904785,0.04183328524231911,-0.05981922149658203,-0.5875510573387146,-0.4626752436161041,-0.24136781692504883,164.4980926513672,1303.491943359375,-72.479248046875
20251024_150304.882879,1.0904994010925293,0.9941173195838928,1.0165581703186035,-0.0904994010925293,0.005882680416107178,-0.016558170318603516,86.5538101196289,-110.93390655517578,69.8426742553711,15.0,-0.048685625195503235,-1.123650312423706,40480,0.10762810707092285,0.042050525546073914,-0.1983642578125,-0.5882461071014404,-0.4637605845928192,-0.07164359092712402,164.71505737304688,1303.55078125,12.39776611328125
20251024_150304.892806,1.090717077255249,0.994031548500061,1.0163500308990479,-0.09071707725524902,0.005968451499938965,-0.01635003089904785,86.25251770019531,-109.19567108154297,71.62670135498047,15.0,0.013249006122350693,-1.2003519535064697,40607,0.10627520084381104,0.0422644279897213,-0.13529062271118164,-0.5896610021591187,-0.4648478925228119,-0.1458430290222168,167.11663818359375,1303.6099853515625,137.23373413085938
20251024_150304.902804,1.0910897254943848,0.9938889741897583,1.0162559747695923,-0.09108972549438477,0.006111025810241699,-0.016255974769592285,86.79457092285156,-109.40931701660156,71.31613159179688,15.0,0.08700371533632278,-1.3076962232589722,40702,0.10566383600234985,0.04247636720538139,-0.061136484146118164,-0.592083215713501,-0.4659387171268463,-0.24967432022094727,171.1087188720703,1303.67041015625,228.118896484375
20251024_150304.912101,1.0914119482040405,0.9939074516296387,1.0158060789108276,-0.09141194820404053,0.006092548370361328,-0.015806078910827637,2.0942816734313965,-179.0874481201172,-177.72242736816406,-2.0942816734313965,-0.1470080316066742,-1.2771005630493164,40444,0.10273951292037964,0.04268477112054825,-0.2924323081970215,-0.5941776633262634,-0.4670337438583374,-0.21588921546936035,170.5913543701172,1303.7314453125,-29.56390380859375
20251024_150304.922149,1.0916632413864136,0.9939987063407898,1.0155478715896606,-0.09166324138641357,0.006001293659210205,-0.015547871589660645,2.0883262157440186,-178.61981201171875,-177.8040008544922,-2.0883262157440186,-0.023885022848844528,-1.2323096990585327,40325,0.10106116533279419,0.042888570576906204,-0.16783475875854492,-0.5958110690116882,-0.4681321978569031,-0.1683664321899414,168.03622436523438,1303.7918701171875,-146.00753784179688
20251024_150304.932769,1.0918755531311035,0.9939954280853271,1.0152794122695923,-0.09187555313110352,0.0060045719146728516,-0.015279412269592285,2.1810495853424072,-178.46353149414062,-177.9167022705078,-2.1810495853424072,-0.03209343180060387,-1.208673357963562,40477,0.09931617975234985,0.043088946491479874,-0.1744985580444336,-0.5971910953521729,-0.4692334234714508,-0.14224886894226074,168.12802124023438,1303.8519287109375,5.245208740234375
20251024_150304.942747,1.092175006866455,0.9938241839408875,1.0150829553604126,-0.09217500686645508,0.006175816059112549,-0.015082955360412598,2.1697194576263428,-179.6613311767578,-177.67051696777344,-2.1697194576263428,0.013628522865474224,-1.2701092958450317,40750,0.09803920984268188,0.04328630492091179,-0.12769699096679688,-0.599137544631958,-0.47033771872520447,-0.20063400268554688,172.9228515625,1303.912841796875,273.9906311035156
20251024_150304.953009,1.0923926830291748,0.9937509894371033,1.0148327350616455,-0.0923926830291748,0.0062490105628967285,-0.014832735061645508,2.3419957160949707,179.58265686035156,-177.74295043945312,-2.3419957160949707,-0.022749660536646843,-1.217840552330017,40596,0.0964127779006958,0.043480753898620605,-0.1626431941986084,-0.6005524396896362,-0.47144514322280884,-0.1458430290222168,174.9722900390625,1303.9749755859375,117.1112060546875
20251024_150304.962334,1.0925812721252441,0.9937224984169006,1.0145646333694458,-0.09258127212524414,0.006277501583099365,-0.0145646333694458,2.31252384185791,179.4962615966797,-177.5498809814453,-2.31252384185791,-0.035924144089221954,-1.2006878852844238,40525,0.0946701169013977,0.04367183893918991,-0.17426609992980957,-0.6017782688140869,-0.4725549817085266,-0.12635469436645508,175.77005004882812,1304.03759765625,45.58563232421875
20251024_150304.972849,1.0928332805633545,0.9937711358070374,1.0142731666564941,-0.09283328056335449,0.0062288641929626465,-0.01427316665649414,2.348038673400879,179.89244079589844,-177.67176818847656,-2.348038673400879,-0.05281849578022957,-1.245929479598999,40400,0.09277558326721191,0.04385928437113762,-0.1894533634185791,-0.6034163236618042,-0.4736674726009369,-0.16884565353393555,174.408203125,1304.10009765625,-77.81982421875
20251024_150304.982497,1.0930522680282593,0.993847131729126,1.014012336730957,-0.09305226802825928,0.0061528682708740234,-0.014012336730957031,2.2477598190307617,-179.55929565429688,-177.78253173828125,-2.2477598190307617,-0.03441612422466278,-1.226344108581543,40354,0.0910801887512207,0.04404313862323761,-0.1695394515991211,-0.6048397421836853,-0.4747827649116516,-0.14672160148620605,172.28030395507812,1304.1619873046875,-121.59347534179688
20251024_150304.992792,1.0932492017745972,0.9937877058982849,1.0137362480163574,-0.09324920177459717,0.006212294101715088,-0.013736248016357422,2.338009834289551,-179.47047424316406,-177.8190460205078,-2.338009834289551,-0.04594854637980461,-1.2139660120010376,40573,0.08928561210632324,0.04422350600361824,-0.1794576644897461,-0.6061198115348816,-0.4759005904197693,-0.13194561004638672,173.94422912597656,1304.223876953125,95.08132934570312
20251024_150305.002656,1.093481421470642,0.9936168789863586,1.0135034322738647,-0.09348142147064209,0.006383121013641357,-0.013503432273864746,2.3827426433563232,179.9843292236328,-177.739501953125,-2.3827426433563232,-0.01915735937654972,-1.2402373552322388,40756,0.08777230978012085,0.04440056532621384,-0.15133023262023926,-0.6076292395591736,-0.4770209789276123,-0.15558719635009766,178.72738647460938,1304.286865234375,273.32305908203125
20251024_150305.012532,1.0937060117721558,0.9934808611869812,1.0132944583892822,-0.09370601177215576,0.006519138813018799,-0.013294458389282227,2.4129929542541504,179.4925537109375,-177.44918823242188,-2.4129929542541504,-0.00484429532662034,-1.2377086877822876,40704,0.08641397953033447,0.04457474872469902,-0.1358330249786377,-0.6090890765190125,-0.478144109249115,-0.15047550201416016,182.535888671875,1304.351318359375,217.62847900390625
20251024_150305.022754,1.0940701961517334,0.9933021664619446,1.0131199359893799,-0.0940701961517334,0.00669783353805542,-0.013119935989379883,2.4531142711639404,-179.76522827148438,-176.8214874267578,-2.4531142711639404,0.016586467623710632,-1.3347305059432983,40777,0.08527958393096924,0.04474644362926483,-0.11343955993652344,-0.6114562749862671,-0.4792707562446594,-0.2440035343170166,187.53933715820312,1304.41748046875,285.91156005859375
20251024_150305.032829,1.0942918062210083,0.9933680295944214,1.0128682851791382,-0.0942918062210083,0.006631970405578613,-0.012868285179138184,2.394477128982544,-179.4189910888672,-176.7665557861328,-2.394477128982544,-0.03501380607485771,-1.241776466369629,40384,0.0836438536643982,0.04491536691784859,-0.1635730266571045,-0.612896740436554,-0.4804009199142456,-0.14847874641418457,185.69517517089844,1304.484130859375,-105.38101196289062
20251024_150305.042833,1.0945147275924683,0.9934238791465759,1.0126171112060547,-0.09451472759246826,0.006576120853424072,-0.012617111206054688,2.3642451763153076,-178.9827117919922,-177.01025390625,-2.3642451763153076,-0.0361708365380764,-1.2452367544174194,40399,0.08201122283935547,0.04508102312684059,-0.16326308250427246,-0.6143457293510437,-0.4815337657928467,-0.14935731887817383,184.13137817382812,1304.5501708984375,-89.35928344726562
20251024_150305.052881,1.0948020219802856,0.9934753775596619,1.0123496055603027,-0.09480202198028564,0.006524622440338135,-0.012349605560302734,2.392106294631958,-178.9236297607422,-177.2520751953125,-2.392106294631958,-0.04836292937397957,-1.2913700342178345,40404,0.08027243614196777,0.04524330422282219,-0.17387866973876953,-0.6162131428718567,-0.4826696515083313,-0.19248723983764648,182.68942260742188,1304.6156005859375,-82.3974609375
20251024_150305.062879,1.0950804948806763,0.9933493733406067,1.012115240097046,-0.09508049488067627,0.0066506266593933105,-0.012115240097045898,2.343991756439209,-179.3325653076172,-177.26400756835938,-2.343991756439209,-0.028186162933707237,-1.2884089946746826,40692,0.07874906063079834,0.04540232568979263,-0.15233755111694336,-0.6180232167243958,-0.4838089644908905,-0.18657684326171875,186.21754455566406,1304.6815185546875,201.60675048828125
20251024_150305.072842,1.0953494310379028,0.9931410551071167,1.0119520425796509,-0.09534943103790283,0.006858944892883301,-0.011952042579650879,2.3165130615234375,179.94912719726562,-177.17214965820312,-2.3165130615234375,0.01716865599155426,-1.2849100828170776,40830,0.07768827676773071,0.04555876553058624,-0.1060783863067627,-0.6197713017463684,-0.48495152592658997,-0.18018722534179688,192.0504608154297,1304.7490234375,333.3091735839844
20251024_150305.082780,1.0955698490142822,0.9931322336196899,1.011703372001648,-0.09556984901428223,0.006867766380310059,-0.01170337200164795,2.2749087810516357,179.7400665283203,-176.7632293701172,-2.2749087810516357,-0.03985143452882767,-1.2549811601638794,40511,0.07607191801071167,0.04571252316236496,-0.1616358757019043,-0.6212040185928345,-0.4860970675945282,-0.14768004417419434,192.29745483398438,1304.817626953125,14.1143798828125
20251024_150305.092949,1.0958775281906128,0.9932151436805725,1.0113732814788818,-0.09587752819061279,0.00678485631942749,-0.011373281478881836,2.265218496322632,-179.5261688232422,-177.0863800048828,-2.265218496322632,-0.09476998448371887,-1.3165947198867798,40362,0.07392632961273193,0.04586252197623253,-0.21455883979797363,-0.6232039332389832,-0.48724573850631714,-0.2061450481414795,189.97598266601562,1304.885986328125,-132.65609741210938
20251024_150305.102761,1.0961031913757324,0.993380606174469,1.0110924243927002,-0.09610319137573242,0.006619393825531006,-0.011092424392700195,2.3024775981903076,-179.0605926513672,-177.5194854736328,-2.3024775981903076,-0.0644477978348732,-1.2642626762390137,40225,0.07210075855255127,0.04600854963064194,-0.1825571060180664,-0.6246707439422607,-0.48839762806892395,-0.15119433403015137,185.34303283691406,1304.9530029296875,-264.739990234375
20251024_150305.112736,1.0963184833526611,0.9934417009353638,1.0108171701431274,-0.09631848335266113,0.0065582990646362305,-0.010817170143127441,2.2668673992156982,-178.84567260742188,-177.67164611816406,-2.2668673992156982,-0.06245269253849983,-1.2598679065704346,40390,0.07031160593032837,0.04615096375346184,-0.17891526222229004,-0.6260701417922974,-0.4895521402359009,-0.14424562454223633,183.6323699951172,1305.018798828125,-97.75161743164062
20251024_150305.122805,1.0965381860733032,0.9934198260307312,1.0105620622634888,-0.09653818607330322,0.006580173969268799,-0.01056206226348877,2.341517210006714,-178.85336303710938,-177.89230346679688,-2.341517210006714,-0.050876788794994354,-1.2654082775115967,40524,0.068653404712677,0.04628992825746536,-0.16582012176513672,-0.627498209476471,-0.4907093048095703,-0.1472008228302002,184.244873046875,1305.0845947265625,34.999847412109375
20251024_150305.132996,1.096803903579712,0.9933817982673645,1.0102730989456177,-0.09680390357971191,0.006618201732635498,-0.010273098945617676,2.5243890285491943,-179.73605346679688,-178.21102905273438,-2.5243890285491943,-0.0746256560087204,-1.2991254329681396,40551,0.06677514314651489,0.04642535746097565,-0.18782615661621094,-0.6292253732681274,-0.49186936020851135,-0.17803072929382324,185.3096466064453,1305.1505126953125,60.84442138671875
20251024_150305.143023,1.0970531702041626,0.993309736251831,1.0100609064102173,-0.0970531702041626,0.006690263748168945,-0.010060906410217285,2.4724974632263184,179.83058166503906,-177.9137725830078,-2.4724974632263184,-0.025971729308366776,-1.2908867597579956,40607,0.06539589166641235,0.04655752703547478,-0.1379251480102539,-0.6308456063270569,-0.4930324852466583,-0.167008638381958,187.327392578125,1305.217041015625,115.29922485351562
20251024_150305.152976,1.097288727760315,0.9933805465698242,1.0097802877426147,-0.09728872776031494,0.006619453430175781,-0.009780287742614746,2.395474672317505,179.8680877685547,-177.57806396484375,-2.395474672317505,-0.07214377075433731,-1.2843987941741943,40377,0.06357187032699585,0.04668649658560753,-0.1824021339416504,-0.6323767304420471,-0.4941985309123993,-0.1578235626220703,185.34469604492188,1305.2835693359375,-113.2965087890625
20251024_150305.162246,1.0975148677825928,0.9934561848640442,1.0095914602279663,-0.09751486778259277,0.0065438151359558105,-0.009591460227966309,2.304988145828247,-179.7820587158203,-177.52908325195312,-2.304988145828247,-0.013580981642007828,-1.2807278633117676,40367,0.062344491481781006,0.04681241139769554,-0.12273788452148438,-0.633846640586853,-0.4953673481941223,-0.15151381492614746,183.22682189941406,1305.3494873046875,-121.02127075195312
20251024_150305.172731,1.09772527217865,0.9934602975845337,1.0093839168548584,-0.0977252721786499,0.006539702415466309,-0.009383916854858398,2.2797274589538574,-179.61248779296875,-177.6929168701172,-2.2797274589538574,-0.026971980929374695,-1.2727240324020386,40481,0.06099545955657959,0.04693575203418732,-0.1349031925201416,-0.6352142691612244,-0.49653878808021545,-0.14097094535827637,183.11166381835938,1305.4149169921875,-6.580352783203125
20251024_150305.182764,1.0980315208435059,0.9932355284690857,1.0092660188674927,-0.09803152084350586,0.006764471530914307,-0.009266018867492676,2.1731677055358887,179.6763916015625,-177.72586059570312,-2.1731677055358887,0.030652407556772232,-1.3401048183441162,40854,0.06022912263870239,0.047056976705789566,-0.07663369178771973,-0.6372048854827881,-0.4977133572101593,-0.2051866054534912,189.4051971435547,1305.4813232421875,359.6305847167969
20251024_150305.192764,1.0982967615127563,0.9931527972221375,1.0090701580047607,-0.09829676151275635,0.006847202777862549,-0.009070158004760742,2.120091199874878,179.58445739746094,-177.84243774414062,-2.120091199874878,-0.021177371963858604,-1.3155314922332764,40629,0.058956027030944824,0.04717615991830826,-0.12730956077575684,-0.6389289498329163,-0.49889132380485535,-0.17771124839782715,191.7216796875,1305.5494384765625,132.3699951171875
20251024_150305.202737,1.0985745191574097,0.9931894540786743,1.0088557004928589,-0.09857451915740967,0.006810545921325684,-0.008855700492858887,2.0716586112976074,179.70745849609375,-177.8126220703125,-2.0716586112976074,-0.03454264998435974,-1.326904535293579,40437,0.057562053203582764,0.04729267954826355,-0.13939738273620605,-0.6407343745231628,-0.5000725388526917,-0.1860976219177246,190.69528198242188,1305.61767578125,-58.650970458984375
20251024_150305.235090,1.0988255739212036,0.9933203458786011,1.0085928440093994,-0.09882557392120361,0.006679654121398926,-0.008592844009399414,1.9733747243881226,-179.89805603027344,-177.5590362548828,-1.9733747243881226,-0.06759713590145111,-1.3118298053741455,40283,0.05585348606109619,0.04740609601140022,-0.17085671424865723,-0.6423662304878235,-0.5012569427490234,-0.16820669174194336,187.0303192138672,1305.6851806640625,-209.4268798828125
20251024_150305.236382,1.0990570783615112,0.9933972954750061,1.0083541870117188,-0.09905707836151123,0.0066027045249938965,-0.00835418701171875,1.8998171091079712,-179.67605590820312,-177.429931640625,-1.8998171091079712,-0.05330858379602432,-1.301423192024231,40367,0.054302215576171875,0.04751624912023544,-0.15512704849243164,-0.643871009349823,-0.5024442076683044,-0.15510797500610352,184.875732421875,1305.7515869140625,-123.11935424804688
20251024_150305.264491,1.0993497371673584,0.993332028388977,1.0081758499145508,-0.0993497371673584,0.006667971611022949,-0.008175849914550781,1.8909356594085693,-179.38478088378906,-177.28834533691406,-1.8909356594085693,-0.015152392908930779,-1.3454893827438354,40596,0.05314302444458008,0.04762369394302368,-0.11591911315917969,-0.6457732915878296,-0.5036346912384033,-0.19608139991760254,186.7032012939453,1305.8179931640625,104.42733764648438
20251024_150305.267775,1.099675178527832,0.9932330846786499,1.008013367652893,-0.09967517852783203,0.006766915321350098,-0.008013367652893066,1.994110345840454,-179.9135284423828,-177.63633728027344,-1.994110345840454,-0.00579765485599637,-1.3707631826400757,40653,0.05208688974380493,0.047728925943374634,-0.10561347007751465,-0.6478886604309082,-0.5048288106918335,-0.21804571151733398,189.4736328125,1305.8851318359375,158.3099365234375
20251024_150305.276866,1.1000441312789917,0.9932548403739929,1.007951021194458,-0.1000441312789917,0.00674515962600708,-0.007951021194458008,1.8497390747070312,-179.9724578857422,-177.50924682617188,-1.8497390747070312,0.058989133685827255,-1.4035123586654663,40460,0.05168163776397705,0.04783269390463829,-0.040525197982788086,-0.650286853313446,-0.5060271620750427,-0.24719834327697754,188.86447143554688,1305.95263671875,-34.809112548828125
20251024_150305.286709,1.100232481956482,0.9933350682258606,1.0075232982635498,-0.10023248195648193,0.006664931774139404,-0.007523298263549805,2.0083253383636475,-179.60906982421875,-177.4121551513672,-2.0083253383636475,-0.18118518590927124,-1.2849348783493042,40364,0.04890143871307373,0.04793327674269676,-0.27801990509033203,-0.6515111327171326,-0.5072287917137146,-0.12619495391845703,186.6180877685547,1306.019775390625,-128.36456298828125
20251024_150305.292181,1.100462555885315,0.993450403213501,1.0073199272155762,-0.10046255588531494,0.0065495967864990234,-0.007319927215576172,1.9922845363616943,-179.32852172851562,-177.24220275878906,-1.9922845363616943,-0.036581896245479584,-1.3155890703201294,40304,0.04757952690124512,0.04802975803613663,-0.13219118118286133,-0.6530066132545471,-0.5084329843521118,-0.15414953231811523,183.38870239257812,1306.0858154296875,-184.53598022460938
20251024_150305.294792,1.1006706953048706,0.9934507608413696,1.0070972442626953,-0.1006706953048706,0.006549239158630371,-0.0070972442626953125,1.8797775506973267,-179.35787963867188,-177.1035919189453,-1.8797775506973267,-0.05048836022615433,-1.303452730178833,40488,0.04613208770751953,0.048123471438884735,-0.1447439193725586,-0.6543595194816589,-0.5096397995948792,-0.13945341110229492,183.37869262695312,1306.1512451171875,-0.57220458984375
20251024_150305.299144,1.1009736061096191,0.9934117197990417,1.0071263313293457,-0.10097360610961914,0.006588280200958252,-0.007126331329345703,1.6521811485290527,-179.5000457763672,-177.26853942871094,-1.6521811485290527,0.11344367265701294,-1.3701282739639282,40553,0.04632115364074707,0.048215921968221664,0.018906593322753906,-0.6563284397125244,-0.51084965467453,-0.20295023918151855,184.4718475341797,1306.217041015625,62.465667724609375
20251024_150305.302659,1.1012078523635864,0.9934223294258118,1.0069161653518677,-0.10120785236358643,0.006577670574188232,-0.006916165351867676,1.764336109161377,-179.84332275390625,-177.6201934814453,-1.764336109161377,-0.0433456115424633,-1.3268587589263916,40473,0.04495507478713989,0.04830719903111458,-0.13660788536071777,-0.6578510403633118,-0.5120627284049988,-0.15694499015808105,184.17477416992188,1306.2828369140625,-16.97540283203125
20251024_150305.312683,1.1013805866241455,0.9936212301254272,1.006377935409546,-0.10138058662414551,0.006378769874572754,-0.0063779354095458984,2.0724053382873535,-179.7906036376953,-177.89913940429688,-2.0724053382873535,-0.25999927520751953,-1.287984013557434,40166,0.04145658016204834,0.0483936108648777,-0.3498494625091553,-0.6589738130569458,-0.5132782459259033,-0.11573195457458496,178.60556030273438,1306.3475341796875,-318.2411193847656
20251024_150305.322681,1.1016287803649902,0.9937390089035034,1.0061748027801514,-0.10162878036499023,0.006260991096496582,-0.006174802780151367,2.034342050552368,-179.56105041503906,-177.81610107421875,-2.034342050552368,-0.04342478886246681,-1.3413732051849365,40293,0.04013621807098389,0.048475202172994614,-0.1320362091064453,-0.6605870723724365,-0.5144963264465332,-0.1662898063659668,175.30775451660156,1306.4107666015625,-188.446044921875
20251024_150305.332615,1.1018675565719604,0.9938532710075378,1.0059906244277954,-0.10186755657196045,0.006146728992462158,-0.00599062442779541,1.9053572416305542,-179.38375854492188,-177.7456512451172,-1.9053572416305542,-0.03222259134054184,-1.337836503982544,40295,0.038939058780670166,0.048554278910160065,-0.11971592903137207,-0.6621391177177429,-0.5157172679901123,-0.15998005867004395,172.10841369628906,1306.4727783203125,-182.81936645507812
20251024_150305.342488,1.1020593643188477,0.9938274621963501,1.0057964324951172,-0.10205936431884766,0.006172537803649902,-0.0057964324951171875,1.800294280052185,-179.60728454589844,-177.59254455566406,-1.800294280052185,-0.039917051792144775,-1.308837890625,40520,0.03767681121826172,0.04863089323043823,-0.12622475624084473,-0.6633858680725098,-0.5169408321380615,-0.1285111904144287,172.8310546875,1306.534423828125,41.294097900390625
20251024_150305.352588,1.1022063493728638,0.993765115737915,1.0056076049804688,-0.10220634937286377,0.006234884262084961,-0.00560760498046875,1.7665915489196777,-179.99710083007812,-177.4454803466797,-1.7665915489196777,-0.03758343309164047,-1.2809877395629883,40580,0.036449432373046875,0.04870501905679703,-0.12273788452148438,-0.6643412709236145,-0.5181664228439331,-0.0984799861907959,174.57675170898438,1306.596435546875,99.75433349609375
20251024_150305.362425,1.102477788925171,0.9937041401863098,1.0054000616073608,-0.1024777889251709,0.0062958598136901855,-0.00540006160736084,1.639018177986145,179.84596252441406,-177.52842712402344,-1.639018177986145,-0.05102622136473656,-1.3673646450042725,40580,0.03510040044784546,0.048776570707559586,-0.1349031925201416,-0.6661056280136108,-0.51939457654953,-0.18186450004577637,176.28407287597656,1306.6590576171875,97.56088256835938
20251024_150305.372464,1.1027183532714844,0.9938042163848877,1.0051928758621216,-0.10271835327148438,0.006195783615112305,-0.005192875862121582,1.639289140701294,-179.9435577392578,-177.62533569335938,-1.639289140701294,-0.05207161605358124,-1.3494731187820435,40320,0.03375369310379028,0.04884542524814606,-0.13467073440551758,-0.6676692962646484,-0.5206257104873657,-0.1611781120300293,173.48193359375,1306.7215576171875,-160.12191772460938
20251024_150305.382410,1.10306978225708,0.9938498735427856,1.0050197839736938,-0.10306978225708008,0.0061501264572143555,-0.005019783973693848,1.7050354480743408,-178.94969177246094,-177.04319763183594,-1.7050354480743408,-0.030969325453042984,-1.4272714853286743,40405,0.03262859582901001,0.04891180619597435,-0.11250972747802734,-0.6699535846710205,-0.5218604803085327,-0.2354574203491211,172.2035369873047,1306.7833251953125,-73.05145263671875
20251024_150305.392541,1.103362798690796,0.9938621520996094,1.0048110485076904,-0.1033627986907959,0.006137847900390625,-0.00481104850769043,1.5885676145553589,-178.88160705566406,-176.9393768310547,-1.5885676145553589,-0.05543053150177002,-1.3912782669067383,40459,0.03127181529998779,0.04897570610046387,-0.13567805290222168,-0.6718581914901733,-0.5230990648269653,-0.1963210105895996,171.8597412109375,1306.8447265625,-19.64569091796875
20251024_150305.402617,1.1035786867141724,0.9938190579414368,1.0046712160110474,-0.10357868671417236,0.006180942058563232,-0.004671216011047363,1.5335882902145386,-179.18072509765625,-176.90707397460938,-1.5335882902145386,-0.011490876786410809,-1.3422471284866333,40548,0.03036290407180786,0.04903734102845192,-0.09089112281799316,-0.6732614636421204,-0.5243406891822815,-0.14464497566223145,173.06637573242188,1306.9063720703125,68.95065307617188
20251024_150305.412247,1.1037836074829102,0.9937130212783813,1.0044455528259277,-0.10378360748291016,0.006286978721618652,-0.004445552825927734,1.5286765098571777,-179.1396484375,-176.86627197265625,-1.5286765098571777,-0.06868837773799896,-1.337475299835205,40652,0.028896093368530273,0.04909660294651985,-0.1466810703277588,-0.674593448638916,-0.525584876537323,-0.1372969150543213,176.035400390625,1306.9686279296875,169.65866088867188
20251024_150305.422672,1.1041045188903809,0.9937260150909424,1.0041524171829224,-0.10410451889038086,0.006273984909057617,-0.004152417182922363,1.6556391716003418,-179.13037109375,-177.6648406982422,-1.6556391716003418,-0.11439497023820877,-1.4185222387313843,40461,0.02699071168899536,0.04915248975157738,-0.1905381679534912,-0.6766793727874756,-0.5268322229385376,-0.2150106430053711,175.67156982421875,1307.031494140625,-20.79010009765625
20251024_150305.432838,1.104373574256897,0.9938817024230957,1.00392484664917,-0.10437357425689697,0.006118297576904297,-0.003924846649169922,1.6124681234359741,-178.89157104492188,-177.52719116210938,-1.6124681234359741,-0.07320435345172882,-1.3867783546447754,40229,0.025511503219604492,0.0492049902677536,-0.14792084693908691,-0.6784282326698303,-0.528083086013794,-0.1802670955657959,171.3123321533203,1307.093505859375,-249.0997314453125
20251024_150305.442899,1.1045823097229004,0.9940913319587708,1.0037635564804077,-0.10458230972290039,0.005908668041229248,-0.003763556480407715,1.5257071256637573,-178.71780395507812,-177.1472625732422,-1.5257071256637573,-0.031120527535676956,-1.348974585533142,40137,0.024463117122650146,0.04925496503710747,-0.10483860969543457,-0.6797850131988525,-0.5293368101119995,-0.13985276222229004,165.4427032470703,1307.153564453125,-335.4072570800781
20251024_150305.452816,1.1048715114593506,0.9940327405929565,1.0036100149154663,-0.10487151145935059,0.005967259407043457,-0.0036100149154663086,1.3837779760360718,-179.2381134033203,-176.99807739257812,-1.3837779760360718,-0.027034027501940727,-1.4060235023498535,40568,0.023465096950531006,0.04930289462208748,-0.09980201721191406,-0.6816648244857788,-0.5305935144424438,-0.19376516342163086,167.08326721191406,1307.2130126953125,93.74618530273438
20251024_150305.462804,1.1051173210144043,0.9940129518508911,1.0036239624023438,-0.1051173210144043,0.005987048149108887,-0.00362396240234375,1.2211906909942627,-179.61167907714844,-177.05587768554688,-1.2211906909942627,0.08197153359651566,-1.3798084259033203,40506,0.023555755615234375,0.049349915236234665,0.009065866470336914,-0.6832625865936279,-0.531853437423706,-0.16469240188598633,167.63734436035156,1307.272705078125,31.6619873046875
20251024_150305.472829,1.1053589582443237,0.9939925670623779,1.0034760236740112,-0.10535895824432373,0.00600743293762207,-0.0034760236740112305,1.1460292339324951,-179.52664184570312,-177.3702850341797,-1.1460292339324951,-0.024169955402612686,-1.379846453666687,40508,0.022594153881072998,0.04939606413245201,-0.0961601734161377,-0.6848332285881042,-0.533116340637207,-0.1618969440460205,168.2081298828125,1307.332763671875,32.61566162109375
20251024_150305.482977,1.105479121208191,0.9941439032554626,1.003048300743103,-0.10547912120819092,0.0058560967445373535,-0.0030483007431030273,1.4016412496566772,-178.82789611816406,-177.60610961914062,-1.4016412496566772,-0.20876747369766235,-1.3005048036575317,40229,0.019813954830169678,0.0494384728372097,-0.27801990509033203,-0.685614287853241,-0.5343813300132751,-0.08050918579101562,163.970703125,1307.3919677734375,-242.13790893554688
20251024_150305.493140,1.105692744255066,0.9943951368331909,1.0027648210525513,-0.10569274425506592,0.005604863166809082,-0.0027648210525512695,1.3724772930145264,-178.4443359375,-177.72430419921875,-1.3724772930145264,-0.11681420356035233,-1.3657786846160889,40062,0.017971336841583252,0.049476258456707,-0.18426179885864258,-0.6870028376579285,-0.5356484055519104,-0.14312744140625,156.93617248535156,1307.4493408203125,-401.9737243652344
20251024_150305.502977,1.105912208557129,0.9945569038391113,1.002578616142273,-0.1059122085571289,0.005443096160888672,-0.0025786161422729492,1.2877790927886963,-178.64279174804688,-177.37954711914062,-1.2877790927886963,-0.05476119741797447,-1.372388482093811,40201,0.01676100492477417,0.04951098933815956,-0.1210331916809082,-0.6884293556213379,-0.5369179844856262,-0.14704108238220215,152.4066925048828,1307.5045166015625,-258.82720947265625
20251024_150305.512823,1.1061792373657227,0.9944944977760315,1.0024610757827759,-0.10617923736572266,0.005505502223968506,-0.002461075782775879,1.1531085968017578,-179.3568878173828,-177.15670776367188,-1.1531085968017578,-0.010860493406653404,-1.4072649478912354,40561,0.015996992588043213,0.04954374581575394,-0.0764012336730957,-0.6901650428771973,-0.5381905436515808,-0.1789093017578125,154.15406799316406,1307.559326171875,99.84970092773438
20251024_150305.522905,1.1062694787979126,0.9946659207344055,1.0021824836730957,-0.1062694787979126,0.005334079265594482,-0.002182483673095703,1.1961692571640015,179.3962860107422,-177.98846435546875,-1.1961692571640015,-0.11732479929924011,-1.29067862033844,40182,0.01418614387512207,0.049573931843042374,-0.18108487129211426,-0.6907516121864319,-0.5394652485847473,-0.06046175956726074,149.35421752929688,1307.613525390625,-274.2767333984375
20251024_150305.533238,1.1065919399261475,0.9945546388626099,1.0020569562911987,-0.10659193992614746,0.005445361137390137,-0.0020569562911987305,1.2810393571853638,-179.98489379882812,-177.70947265625,-1.2810393571853638,-0.018621094524860382,-1.4496389627456665,40638,0.013370215892791748,0.049601487815380096,-0.08159279823303223,-0.6928476095199585,-0.5407423973083496,-0.2160489559173584,152.47010803222656,1307.6673583984375,178.05099487304688
20251024_150305.542970,1.106805443763733,0.9947019219398499,1.0018779039382935,-0.10680544376373291,0.0052980780601501465,-0.001877903938293457,1.2329437732696533,-179.6051025390625,-177.7355194091797,-1.2329437732696533,-0.054550591856241226,-1.3793057203292847,40220,0.01220637559890747,0.04962706193327904,-0.11638402938842773,-0.6942353844642639,-0.5420228242874146,-0.14304757118225098,148.34619140625,1307.7210693359375,-235.65292358398438
20251024_150305.552823,1.107020616531372,0.9949244260787964,1.0016862154006958,-0.10702061653137207,0.005075573921203613,-0.0016862154006958008,1.0938364267349243,-179.3976593017578,-177.52366638183594,-1.0938364267349243,-0.06398691982030869,-1.3831055164337158,40093,0.010960400104522705,0.04965022951364517,-0.12459754943847656,-0.6956340074539185,-0.5433057546615601,-0.1441657543182373,142.11607360839844,1307.77294921875,-356.0066223144531
20251024_150305.562102,1.1073042154312134,0.994911789894104,1.0015770196914673,-0.10730421543121338,0.005088210105895996,-0.0015770196914672852,0.9250662326812744,-179.99241638183594,-177.3411407470703,-0.9250662326812744,-0.011055141687393188,-1.4320803880691528,40470,0.010250627994537354,0.049671441316604614,-0.07097721099853516,-0.697477400302887,-0.5445917248725891,-0.19001126289367676,142.46987915039062,1307.8238525390625,20.2178955078125
20251024_150305.572933,1.1075414419174194,0.9949146509170532,1.0014854669570923,-0.10754144191741943,0.005085349082946777,-0.0014854669570922852,0.8678122758865356,179.56141662597656,-177.34744262695312,-0.8678122758865356,-0.0001623944699531421,-1.4038418531417847,40445,0.009655535221099854,0.049691349267959595,-0.05950927734375,-0.6990193724632263,-0.5458807945251465,-0.15894174575805664,142.3897705078125,1307.8746337890625,-4.57763671875
20251024_150305.582548,1.1077841520309448,0.9949495792388916,1.0013244152069092,-0.10778415203094482,0.0050504207611083984,-0.0013244152069091797,0.931877851486206,179.4429473876953,-177.7410888671875,-0.931877851486206,-0.04636532813310623,-1.4103854894638062,40393,0.008608698844909668,0.049709610641002655,-0.10468363761901855,-0.7005969882011414,-0.5471727252006531,-0.16261577606201172,141.41177368164062,1307.9254150390625,-55.88531494140625
20251024_150305.592853,1.1080131530761719,0.9951319098472595,1.0011565685272217,-0.10801315307617188,0.0048680901527404785,-0.0011565685272216797,0.9004085063934326,179.67630004882812,-177.5993194580078,-0.9004085063934326,-0.051856908947229385,-1.40398371219635,40152,0.007517695426940918,0.0497257374227047,-0.109100341796875,-0.7020854949951172,-0.5484675168991089,-0.15343070030212402,136.3065185546875,1307.9749755859375,-291.7289733886719
20251024_150305.602933,1.108030915260315,0.9954918622970581,1.0009640455245972,-0.10803091526031494,0.0045081377029418945,-0.000964045524597168,86.95236206054688,-90.00811004638672,90.73495483398438,15.0,-0.06913413107395172,-1.263865351676941,39858,0.006266295909881592,0.049739520996809006,-0.12513995170593262,-0.7022009491920471,-0.5497637987136841,-0.011900663375854492,126.22785949707031,1308.0218505859375,-575.9239501953125
20251024_150305.612321,1.1082539558410645,0.9955552220344543,1.0008254051208496,-0.10825395584106445,0.004444777965545654,-0.0008254051208496094,86.66445922851562,-89.5362548828125,91.36754608154297,15.0,-0.03499997407197952,-1.4041494131088257,40331,0.005365133285522461,0.0497511550784111,-0.09011626243591309,-0.703650712966919,-0.5510615110397339,-0.14943718910217285,124.45378112792969,1308.066650390625,-101.37557983398438
20251024_150305.622823,1.1085150241851807,0.9955266118049622,1.0006335973739624,-0.10851502418518066,0.004473388195037842,-0.0006335973739624023,86.23355865478516,-89.20320892333984,91.70520782470703,15.0,-0.07079601287841797,-1.4326255321502686,40479,0.004118382930755615,0.04976063594222069,-0.12467503547668457,-0.7053476572036743,-0.5523620843887329,-0.17491579055786133,125.25486755371094,1308.1112060546875,45.7763671875
20251024_150305.633056,1.1087372303009033,0.9956550598144531,1.000437617301941,-0.10873723030090332,0.004344940185546875,-0.00043761730194091797,86.68328094482422,-90.30529022216797,90.32731628417969,15.0,-0.07477493584156036,-1.409335732460022,40224,0.002844512462615967,0.04976759850978851,-0.12738704681396484,-0.7067919969558716,-0.5536656379699707,-0.1488780975341797,121.6583251953125,1308.1552734375,-205.51681518554688
20251024_150305.643091,1.1091299057006836,0.995669960975647,1.0002809762954712,-0.1091299057006836,0.004330039024353027,-0.0002809762954711914,0.755836009979248,-179.64785766601562,-177.647705078125,-0.755836009979248,-0.05021803826093674,-1.5274096727371216,40405,0.0018263459205627441,0.049772270023822784,-0.10181665420532227,-0.7093443870544434,-0.5549728274345398,-0.2630925178527832,121.2410888671875,1308.1986083984375,-23.84185791015625
20251024_150305.653162,1.1093236207962036,0.9957764744758606,1.0001577138900757,-0.10932362079620361,0.004223525524139404,-0.0001577138900756836,0.7208417057991028,-179.2082977294922,-177.72422790527344,-0.7208417057991028,-0.029320301488041878,-1.3966761827468872,40256,0.0010251402854919434,0.049775123596191406,-0.08012056350708008,-0.7106035351753235,-0.5562835335731506,-0.12978911399841309,118.25871276855469,1308.241455078125,-170.42160034179688
20251024_150305.662409,1.1096224784851074,0.9957866668701172,1.0002350807189941,-0.10962247848510742,0.0042133331298828125,-0.00023508071899414062,0.523430585861206,-179.3671112060547,-177.2683563232422,-0.523430585861206,0.10159414261579514,-1.470378041267395,40409,0.001528024673461914,0.04977767542004585,0.05028843879699707,-0.7125461101531982,-0.5575972199440002,-0.20023465156555176,117.97332763671875,1308.2835693359375,-16.307830810546875
20251024_150305.672506,1.1098442077636719,0.9958178400993347,1.000131607055664,-0.10984420776367188,0.004182159900665283,-0.0001316070556640625,0.4902952313423157,-179.83670043945312,-177.05551147460938,-0.4902952313423157,-0.016622375696897507,-1.4214600324630737,40375,0.0008554458618164062,0.04978005960583687,-0.06725788116455078,-0.7139873504638672,-0.5589140057563782,-0.1485586166381836,117.10047912597656,1308.3255615234375,-49.877166748046875
20251024_150305.682670,1.110061526298523,0.995826780796051,0.999983549118042,-0.11006152629852295,0.004173219203948975,1.6450881958007812e-05,0.501225471496582,-179.92904663085938,-177.15158081054688,-0.501225471496582,-0.046563781797885895,-1.4212367534637451,40410,-0.00010693073272705078,0.04978080838918686,-0.0962376594543457,-0.7153999209403992,-0.560233473777771,-0.14560341835021973,116.85013580322266,1308.3673095703125,-14.30511474609375
20251024_150305.692824,1.1102341413497925,0.9960782527923584,0.9997413158416748,-0.11023414134979248,0.0039217472076416016,0.0002586841583251953,0.5874651670455933,-178.9228515625,-177.5762939453125,-0.5874651670455933,-0.10935405641794205,-1.3937292098999023,40015,-0.0016814470291137695,0.0497790202498436,-0.15745162963867188,-0.7165219187736511,-0.5615552067756653,-0.11565208435058594,109.80892181396484,1308.4078369140625,-402.3551940917969
20251024_150305.702509,1.1105046272277832,0.9961364269256592,0.9996384382247925,-0.1105046272277832,0.0038635730743408203,0.00036156177520751953,0.42692792415618896,-178.81822204589844,-177.56040954589844,-0.42692792415618896,-0.019445614889264107,-1.4623852968215942,40323,-0.002350151538848877,0.04977498948574066,-0.06687045097351074,-0.7182800769805908,-0.5628796815872192,-0.18122553825378418,108.18004608154297,1308.44677734375,-93.07861328125
20251024_150305.712737,1.1104997396469116,0.9963804483413696,0.9995064735412598,-0.11049973964691162,0.003619551658630371,0.0004935264587402344,0.28781232237815857,-179.4596710205078,-176.41831970214844,-0.28781232237815857,-0.039215534925460815,-1.279179334640503,40019,-0.0032079219818115234,0.049769431352615356,-0.08577704429626465,-0.7182483077049255,-0.5642057061195374,0.003274679183959961,101.34744262695312,1308.484130859375,-390.43426513671875
20251024_150305.722756,1.1107985973358154,0.996129035949707,0.9992708563804626,-0.11079859733581543,0.0038709640502929688,0.0007291436195373535,0.6766063570976257,-179.7290496826172,-177.19171142578125,-0.6766063570976257,-0.1081291064620018,-1.4859590530395508,40819,-0.004739433526992798,0.04976148158311844,-0.15315115451812744,-0.7201908826828003,-0.565533459186554,-0.20023465156555176,108.38699340820312,1308.5216064453125,402.25982666015625
20251024_150305.732850,1.1110188961029053,0.9962045550346375,0.9990859627723694,-0.11101889610290527,0.003795444965362549,0.0009140372276306152,0.7511407732963562,-179.98068237304688,-177.31764221191406,-0.7511407732963562,-0.07637128233909607,-1.4360873699188232,40294,-0.005941241979598999,0.04975080117583275,-0.12018084526062012,-0.7216228246688843,-0.5668643712997437,-0.1476001739501953,106.2724609375,1308.5599365234375,-120.83053588867188
20251024_150305.742890,1.1112277507781982,0.9964578747749329,0.9988277554512024,-0.11122775077819824,0.0035421252250671387,0.0011722445487976074,0.8683202862739563,-179.75491333007812,-177.68931579589844,-0.8683202862739563,-0.12571710348129272,-1.4311108589172363,40002,-0.007619589567184448,0.04973724111914635,-0.16783475875854492,-0.7229803800582886,-0.5681978464126587,-0.13993263244628906,99.17950439453125,1308.5966796875,-405.31158447265625
20251024_150305.752804,1.1113988161087036,0.9966387152671814,0.9986812472343445,-0.11139881610870361,0.0033612847328186035,0.0013187527656555176,0.7776243090629578,-179.3666534423828,-177.48463439941406,-0.7776243090629578,-0.054081182926893234,-1.408239722251892,40113,-0.008571892976760864,0.04972105100750923,-0.0952303409576416,-0.7240923047065735,-0.56953364610672,-0.11461377143859863,94.11597442626953,1308.631103515625,-289.34478759765625
20251024_150305.763033,1.111588954925537,0.9966707825660706,0.998559832572937,-0.11158895492553711,0.0033292174339294434,0.0014401674270629883,0.8583410978317261,-179.64297485351562,-177.3888702392578,-0.8583410978317261,-0.038577500730752945,-1.4235928058624268,40350,-0.009361088275909424,0.049703117460012436,-0.07891952991485596,-0.7253282070159912,-0.5708715319633484,-0.12739300727844238,93.21808624267578,1308.6646728515625,-51.30767822265625
20251024_150305.772826,1.1118113994598389,0.9966904520988464,0.9984544515609741,-0.11181139945983887,0.0033095479011535645,0.001545548439025879,0.9139758944511414,179.71348571777344,-177.4652099609375,-0.9139758944511414,-0.02886001393198967,-1.4480239152908325,40369,-0.010046064853668213,0.04968370869755745,-0.0684976577758789,-0.7267740964889526,-0.5722119808197021,-0.14903783798217773,92.66734313964844,1308.69775390625,-31.47125244140625
20251024_150305.782664,1.112017035484314,0.9967817068099976,0.9982712268829346,-0.11201703548431396,0.0032182931900024414,0.0017287731170654297,0.7610452771186829,179.80496215820312,-177.4678192138672,-0.7610452771186829,-0.08067063987255096,-1.4394418001174927,40252,-0.011237025260925293,0.049662426114082336,-0.11909604072570801,-0.7281107306480408,-0.5735549330711365,-0.13777613639831543,90.11221313476562,1308.73046875,-146.00753784179688
20251024_150305.793063,1.1122127771377563,0.9970067739486694,0.9981409311294556,-0.11221277713775635,0.0029932260513305664,0.0018590688705444336,0.7666571140289307,-179.53079223632812,-177.7882080078125,-0.7666571140289307,-0.04713708162307739,-1.4354302883148193,40032,-0.012083947658538818,0.049639105796813965,-0.08469223976135254,-0.7293830513954163,-0.5749003291130066,-0.13114690780639648,83.81033325195312,1308.761474609375,-360.107421875
20251024_150305.802815,1.112396478652954,0.9971538186073303,0.9980008602142334,-0.1123964786529541,0.0028461813926696777,0.0019991397857666016,0.7041658163070679,-179.20729064941406,-177.90196228027344,-0.7041658163070679,-0.05442647635936737,-1.4299050569534302,40153,-0.01299440860748291,0.04961402714252472,-0.09104609489440918,-0.7305771112442017,-0.5762479305267334,-0.12308001518249512,79.69307708740234,1308.7906494140625,-235.27145385742188
20251024_150305.812684,1.112597942352295,0.9970995187759399,0.9979574084281921,-0.11259794235229492,0.0029004812240600586,0.0020425915718078613,0.6941161751747131,-179.652587890625,-177.70201110839844,-0.6941161751747131,0.008067249320447445,-1.4444652795791626,40476,-0.013276845216751099,0.049587756395339966,-0.028243660926818848,-0.731886625289917,-0.5775979161262512,-0.1349806785583496,81.21347045898438,1308.8194580078125,86.87973022460938
20251024_150305.822569,1.1127766370773315,0.9970123171806335,0.997867226600647,-0.11277663707733154,0.002987682819366455,0.0021327733993530273,0.6893025636672974,179.75721740722656,-177.52914428710938,-0.6893025636672974,-0.022920599207282066,-1.4317238330841064,40532,-0.013863027095794678,0.04956061393022537,-0.05861818790435791,-0.733048141002655,-0.5789501667022705,-0.11972546577453613,83.65512084960938,1308.848876953125,139.52255249023438
20251024_150305.832755,1.1129698753356934,0.9970774054527283,0.9977145791053772,-0.11296987533569336,0.0029225945472717285,0.0022854208946228027,0.6113674640655518,179.8187713623047,-177.51821899414062,-0.6113674640655518,-0.0645442083477974,-1.4440784454345703,40286,-0.014855235815048218,0.04953189566731453,-0.099220871925354,-0.7343041896820068,-0.5803046822547913,-0.129469633102417,81.83264923095703,1308.87841796875,-104.1412353515625
20251024_150305.842578,1.113176941871643,0.9972660541534424,0.9975711107254028,-0.11317694187164307,0.002733945846557617,0.002428889274597168,0.5448330044746399,-179.5159912109375,-177.6964569091797,-0.5448330044746399,-0.059540972113609314,-1.456046223640442,40083,-0.015787780284881592,0.04950125515460968,-0.0932544469833374,-0.7356501221656799,-0.5816615223884583,-0.1387345790863037,76.55048370361328,1308.90673828125,-301.8379211425781
20251024_150305.852701,1.113379955291748,0.9974208474159241,0.9973574876785278,-0.11337995529174805,0.0025791525840759277,0.002642512321472168,0.6163586378097534,-178.88133239746094,-177.93209838867188,-0.6163586378097534,-0.1065630167722702,-1.4560096263885498,40133,-0.017176330089569092,0.04946829006075859,-0.13885498046875,-0.7369697093963623,-0.5830208659172058,-0.13601899147033691,72.21627044677734,1308.9332275390625,-247.66921997070312
20251024_150305.862416,1.1135884523391724,0.9974023699760437,0.9973006844520569,-0.11358845233917236,0.002597630023956299,0.0026993155479431152,0.6652231216430664,-179.32485961914062,-177.65570068359375,-0.6652231216430664,-0.005034079775214195,-1.4624006748199463,40411,-0.01754555106163025,0.04943356662988663,-0.03692209720611572,-0.7383249402046204,-0.5843827128410339,-0.139693021774292,72.733642578125,1308.9591064453125,29.56390380859375
20251024_150305.872715,1.1137912273406982,0.9972915053367615,0.9972323775291443,-0.11379122734069824,0.0027084946632385254,0.002767622470855713,0.5702229142189026,179.90675354003906,-177.4425811767578,-0.5702229142189026,-0.012991013005375862,-1.4612492322921753,40562,-0.017989546060562134,0.0493980348110199,-0.04439949989318848,-0.7396429777145386,-0.5857469439506531,-0.13585925102233887,75.83785247802734,1308.9857177734375,177.3834228515625
20251024_150305.882670,1.1139532327651978,0.9973896145820618,0.997033417224884,-0.11395323276519775,0.0026103854179382324,0.002966582775115967,0.6007896065711975,-179.71946716308594,-177.32037353515625,-0.6007896065711975,-0.09924622625112534,-1.436353087425232,40225,-0.019282788038253784,0.04936075955629349,-0.12932419776916504,-0.7406960129737854,-0.5871134400367737,-0.10854363441467285,73.09078979492188,1309.0123291015625,-156.97479248046875
20251024_150305.892792,1.1141555309295654,0.9974890351295471,0.996925413608551,-0.11415553092956543,0.002510964870452881,0.0030745863914489746,0.5503823161125183,-179.31370544433594,-177.41354370117188,-0.5503823161125183,-0.040865667164325714,-1.466032862663269,40220,-0.019984811544418335,0.0493214949965477,-0.07020235061645508,-0.7420109510421753,-0.5884820818901062,-0.13553977012634277,70.30701446533203,1309.037841796875,-159.0728759765625
20251024_150305.902829,1.1144689321517944,0.9973097443580627,0.9968802332878113,-0.11446893215179443,0.002690255641937256,0.0031197667121887207,0.6388391256332397,-178.55032348632812,-176.94638061523438,-0.6388391256332397,-0.00036446217563934624,-1.5438807010650635,40671,-0.020278483629226685,0.049281228333711624,-0.02936720848083496,-0.7440480589866638,-0.589853823184967,-0.20997881889343262,75.32715606689453,1309.0638427734375,286.865234375
20251024_150305.912480,1.1146230697631836,0.9972978830337524,0.9967924952507019,-0.1146230697631836,0.0027021169662475586,0.0032075047492980957,0.769450306892395,-178.82083129882812,-176.9181365966797,-0.769450306892395,-0.028638402000069618,-1.439550518989563,40403,-0.020848780870437622,0.049240101128816605,-0.05702972412109375,-0.7450499534606934,-0.5912283658981323,-0.1032721996307373,75.65927124023438,1309.0908203125,18.978118896484375
20251024_150305.922617,1.1148940324783325,0.997202455997467,0.9968903064727783,-0.11489403247833252,0.002797544002532959,0.0031096935272216797,0.5170294642448425,-179.4618682861328,-176.75363159179688,-0.5170294642448425,0.09256332367658615,-1.5209617614746094,40540,-0.020213007926940918,0.04919904097914696,0.06357729434967041,-0.7468112111091614,-0.592605471611023,-0.18154501914978027,78.33123016357422,1309.118408203125,152.68325805664062
20251024_150305.932537,1.115037202835083,0.9973228573799133,0.9967020153999329,-0.11503720283508301,0.00267714262008667,0.0032979846000671387,0.6027141809463501,-178.69589233398438,-177.08843994140625,-0.6027141809463501,-0.09466870874166489,-1.4376510381698608,40191,-0.0214368999004364,0.04915739223361015,-0.12238919734954834,-0.7477418184280396,-0.5939850807189941,-0.09592413902282715,74.95999145507812,1309.145751953125,-192.6422119140625
20251024_150305.942404,1.1152409315109253,0.9974245429039001,0.9965828061103821,-0.11524093151092529,0.0025754570960998535,0.00341719388961792,0.4568134844303131,-178.23892211914062,-177.21929931640625,-0.4568134844303131,-0.05058405548334122,-1.480931043624878,40218,-0.02221176028251648,0.049113743007183075,-0.07748603820800781,-0.7490660548210144,-0.5953667163848877,-0.13649821281433105,72.11280059814453,1309.1719970703125,-162.69683837890625
20251024_150305.952529,1.1154248714447021,0.9974270462989807,0.9964704513549805,-0.11542487144470215,0.002572953701019287,0.0035295486450195312,0.410118967294693,-178.2611083984375,-177.3052978515625,-0.410118967294693,-0.0469040684401989,-1.4702521562576294,40377,-0.022942066192626953,0.04906858876347542,-0.07303059101104736,-0.750261664390564,-0.5967507362365723,-0.12323975563049316,72.0427017211914,1309.19775390625,-4.00543212890625
20251024_150305.962485,1.1156160831451416,0.9973658323287964,0.9963943958282471,-0.1156160831451416,0.0026341676712036133,0.0036056041717529297,0.4203287661075592,-178.9556121826172,-177.02603149414062,-0.4203287661075592,-0.02385030873119831,-1.4777534008026123,40480,-0.023436427116394043,0.04902220889925957,-0.049436092376708984,-0.7515045404434204,-0.5981369614601135,-0.1281118392944336,73.75669860839844,1309.2237548828125,97.94235229492188
20251024_150305.972612,1.1157938241958618,0.9975181221961975,0.9961521625518799,-0.11579382419586182,0.0024818778038024902,0.003847837448120117,0.537912130355835,-179.63487243652344,-176.92010498046875,-0.537912130355835,-0.13348880410194397,-1.4712717533111572,40135,-0.02501094341278076,0.04897376149892807,-0.15745162963867188,-0.7526598572731018,-0.5995254516601562,-0.11908650398254395,69.4925765991211,1309.2493896484375,-243.66378784179688
20251024_150305.982513,1.1159244775772095,0.9977016448974609,0.9959765076637268,-0.11592447757720947,0.0022983551025390625,0.004023492336273193,0.5435827374458313,-178.9574432373047,-176.989013671875,-0.5435827374458313,-0.09140577912330627,-1.4419625997543335,40079,-0.026152700185775757,0.048922598361968994,-0.11417567729949951,-0.7535091042518616,-0.6009157299995422,-0.08753776550292969,64.35394287109375,1309.2733154296875,-293.6363220214844
20251024_150305.992592,1.116066336631775,0.9977454543113708,0.9958351254463196,-0.1160663366317749,0.0022545456886291504,0.00416487455368042,0.5827429890632629,-178.4420928955078,-177.23739624023438,-0.5827429890632629,-0.07010075449943542,-1.4517844915390015,40302,-0.02707168459892273,0.04886937513947487,-0.09189844131469727,-0.7544311881065369,-0.6023076772689819,-0.09504556655883789,63.127281188964844,1309.2960205078125,-70.09506225585938
20251024_150306.002436,1.1162220239639282,0.9976260662078857,0.9955074191093445,-0.11622202396392822,0.002373933792114258,0.004492580890655518,0.7081422805786133,-178.67897033691406,-177.36563110351562,-0.7081422805786133,-0.19339779019355774,-1.463455080986023,40566,-0.029201775789260864,0.0488131009042263,-0.21300911903381348,-0.7554431557655334,-0.6037014126777649,-0.10431051254272461,66.47014617919922,1309.3192138671875,191.02096557617188
20251024_150306.012443,1.1162824630737305,0.9978199601173401,0.9952760934829712,-0.11628246307373047,0.002180039882659912,0.004723906517028809,0.7074117660522461,179.9130859375,-177.97535705566406,-0.7074117660522461,-0.13231386244297028,-1.4014266729354858,40060,-0.030705392360687256,0.04875319451093674,-0.15036165714263916,-0.755836009979248,-0.6050964593887329,-0.04049420356750488,61.041114807128906,1309.3419189453125,-310.2302551269531
20251024_150306.022537,1.1164631843566895,0.997830331325531,0.9950873255729675,-0.11646318435668945,0.002169668674468994,0.004912674427032471,0.5387673377990723,179.5062713623047,-177.57118225097656,-0.5387673377990723,-0.10594096779823303,-1.4845868349075317,40353,-0.03193238377571106,0.0486905574798584,-0.12269914150238037,-0.7570106983184814,-0.6064929366111755,-0.12108325958251953,60.75072479248047,1309.3636474609375,-16.59393310546875
20251024_150306.032476,1.1166139841079712,0.9979087710380554,0.9949373006820679,-0.11661398410797119,0.00209122896194458,0.005062699317932129,0.4955689013004303,179.847900390625,-177.6177215576172,-0.4955689013004303,-0.0817980095744133,-1.4669181108474731,40242,-0.03290754556655884,0.04862571507692337,-0.09751617908477783,-0.7579908967018127,-0.6078913807868958,-0.10103583335876465,58.554412841796875,1309.385009765625,-125.5035400390625
20251024_150306.042382,1.116721749305725,0.9979605078697205,0.9948036670684814,-0.1167217493057251,0.002039492130279541,0.005196332931518555,0.5079817771911621,-179.865966796875,-177.7808074951172,-0.5079817771911621,-0.07207898050546646,-1.4401854276657104,40283,-0.033776164054870605,0.0485590323805809,-0.08686184883117676,-0.7586913704872131,-0.6092913746833801,-0.07220268249511719,57.10578155517578,1309.4056396484375,-82.7789306640625
20251024_150306.052381,1.1170753240585327,0.99753338098526,0.9948689937591553,-0.11707532405853271,0.0024666190147399902,0.0051310062408447266,0.7927969098091125,-179.55503845214844,-177.7543487548828,-0.7927969098091125,0.057602714747190475,-1.6085789203643799,41061,-0.03335154056549072,0.04849190637469292,0.04246234893798828,-0.7609896063804626,-0.610694169998169,-0.23689508438110352,69.0653305053711,1309.42822265625,683.4030151367188
20251024_150306.062770,1.1172600984573364,0.997351884841919,0.9947989583015442,-0.11726009845733643,0.0026481151580810547,0.0052010416984558105,0.739389181137085,179.64572143554688,-177.5432586669922,-0.739389181137085,-0.030905071645975113,-1.4980896711349487,40673,-0.03380677103996277,0.048424746841192245,-0.04552304744720459,-0.7621906399726868,-0.6121001839637756,-0.12379884719848633,74.14722442626953,1309.4537353515625,290.3938293457031
20251024_150306.072701,1.117437481880188,0.997316837310791,0.9946043491363525,-0.11743748188018799,0.0026831626892089844,0.005395650863647461,0.4259244203567505,178.93556213378906,-176.95941162109375,-0.4259244203567505,-0.11321181803941727,-1.4956989288330078,40440,-0.035071730613708496,0.048355866223573685,-0.12649595737457275,-0.7633436322212219,-0.613508403301239,-0.11884689331054688,75.12855529785156,1309.4803466796875,56.0760498046875
20251024_150306.082600,1.1175190210342407,0.9975599646568298,0.9944909811019897,-0.11751902103424072,0.002440035343170166,0.005509018898010254,0.6577518582344055,-179.8419952392578,-177.3230438232422,-0.6577518582344055,-0.06121285632252693,-1.4334230422973633,39988,-0.03580862283706665,0.04828498885035515,-0.07368922233581543,-0.7638736367225647,-0.6149181127548218,-0.05463123321533203,68.32099151611328,1309.5059814453125,-389.0037536621094
20251024_150306.092580,1.1176406145095825,0.9976053237915039,0.994394838809967,-0.11764061450958252,0.0023946762084960938,0.005605161190032959,0.6798045039176941,-179.7220001220703,-177.4678955078125,-0.6798045039176941,-0.05071329325437546,-1.4624607563018799,40304,-0.03643354773521423,0.048212744295597076,-0.0624924898147583,-0.7646639943122864,-0.6163290739059448,-0.0814676284790039,67.05093383789062,1309.5301513671875,-72.57461547851562
20251024_150306.102702,1.1178796291351318,0.9972473978996277,0.9943598508834839,-0.11787962913513184,0.0027526021003723145,0.005640149116516113,0.5435600280761719,179.06790161132812,-177.21376037597656,-0.5435600280761719,-0.0112634701654315,-1.5440995693206787,40959,-0.036660969257354736,0.048139650374650955,-0.022742152214050293,-0.7662175893783569,-0.6177421808242798,-0.160139799118042,77.07286071777344,1309.555908203125,572.681396484375
20251024_150306.112590,1.1179925203323364,0.9971463680267334,0.9941988587379456,-0.11799252033233643,0.0028536319732666016,0.005801141262054443,0.5637601017951965,178.87562561035156,-177.1267547607422,-0.5637601017951965,-0.09428703039884567,-1.4617459774017334,40551,-0.03770741820335388,0.04806528240442276,-0.10464489459991455,-0.7669513821601868,-0.6191574335098267,-0.0756371021270752,79.90169525146484,1309.583984375,161.64779663085938
20251024_150306.122584,1.1181153059005737,0.9971984028816223,0.9941040277481079,-0.11811530590057373,0.0028015971183776855,0.00589597225189209,0.58749920129776,179.2081756591797,-176.93431091308594,-0.58749920129776,-0.05197471007704735,-1.4705898761749268,40304,-0.038323819637298584,0.04798925295472145,-0.061640143394470215,-0.7677494883537292,-0.6205740571022034,-0.08226633071899414,78.44471740722656,1309.6121826171875,-83.25576782226562
20251024_150306.132627,1.1182152032852173,0.9972895383834839,0.9939436912536621,-0.11821520328521729,0.0027104616165161133,0.006056308746337891,0.5139575004577637,179.6087188720703,-176.9436492919922,-0.5139575004577637,-0.09567316621541977,-1.457322120666504,40239,-0.03936600685119629,0.04791156202554703,-0.10421872138977051,-0.7683988213539124,-0.6219920516014099,-0.06693124771118164,75.89292907714844,1309.6397705078125,-145.81680297851562
20251024_150306.142628,1.1182278394699097,0.9974155426025391,0.99383544921875,-0.11822783946990967,0.0025844573974609375,0.00616455078125,0.46163132786750793,179.60858154296875,-176.5420379638672,-0.46163132786750793,-0.06259477883577347,-1.400357961654663,40180,-0.040069580078125,0.047832127660512924,-0.0703573226928711,-0.7684809565544128,-0.623410701751709,-0.008466243743896484,72.36480712890625,1309.666259765625,-201.60675048828125
20251024_150306.152636,1.1183397769927979,0.9973338842391968,0.9937565922737122,-0.11833977699279785,0.0026661157608032227,0.006243407726287842,0.5422273874282837,179.38697814941406,-176.65036010742188,-0.5422273874282837,-0.044087689369916916,-1.4690368175506592,40514,-0.04058215022087097,0.047751475125551224,-0.05125701427459717,-0.769208550453186,-0.6248301267623901,-0.07499814033508301,74.6512451171875,1309.6925048828125,130.65338134765625
20251024_150306.162247,1.1184388399124146,0.9973320960998535,0.9936156868934631,-0.11843883991241455,0.0026679039001464844,0.006384313106536865,0.5659550428390503,179.40501403808594,-176.52691650390625,-0.5659550428390503,-0.08541713654994965,-1.4624754190444946,40387,-0.041498035192489624,0.04766939580440521,-0.09158849716186523,-0.7698524594306946,-0.6262508034706116,-0.06637215614318848,74.70130920410156,1309.71923828125,2.86102294921875
20251024_150306.172756,1.1185073852539062,0.9974097013473511,0.9934407472610474,-0.11850738525390625,0.0025902986526489258,0.006559252738952637,0.5746374130249023,179.79971313476562,-176.3240203857422,-0.5746374130249023,-0.10876064002513885,-1.4438958168029785,40258,-0.04263514280319214,0.04758526012301445,-0.11371076107025146,-0.7702980041503906,-0.6276724934577942,-0.04592537879943848,72.52836608886719,1309.7454833984375,-124.16839599609375
20251024_150306.182217,1.1186453104019165,0.997406542301178,0.9934913516044617,-0.1186453104019165,0.0025934576988220215,0.00650864839553833,0.452269583940506,179.67442321777344,-176.27587890625,-0.452269583940506,0.03808692842721939,-1.4926997423171997,40387,-0.042306214570999146,0.04750031977891922,0.032892823219299316,-0.7711945176124573,-0.6290953755378723,-0.09240984916687012,72.61681365966797,1309.7713623046875,5.054473876953125
20251024_150306.192605,1.118735671043396,0.9972871541976929,0.9934178590774536,-0.118735671043396,0.002712845802307129,0.006582140922546387,0.45327916741371155,179.32835388183594,-176.20257568359375,-0.45327916741371155,-0.04313882812857628,-1.4628431797027588,40576,-0.042783915996551514,0.04741523042321205,-0.047770142555236816,-0.771781861782074,-0.630519688129425,-0.060541629791259766,75.95968627929688,1309.7979736328125,191.02096557617188
20251024_150306.202596,1.1187635660171509,0.997249186038971,0.9933269023895264,-0.11876356601715088,0.0027508139610290527,0.006673097610473633,0.5748401284217834,179.56399536132812,-176.6092529296875,-0.5748401284217834,-0.05516790971159935,-1.4225975275039673,40447,-0.04337513446807861,0.047329071909189224,-0.05912184715270996,-0.7719631791114807,-0.6319446563720703,-0.018689632415771484,77.02278900146484,1309.8251953125,60.749053955078125
20251024_150306.212058,1.1189327239990234,0.9971171021461487,0.9931995868682861,-0.11893272399902344,0.0028828978538513184,0.006800413131713867,0.5555693507194519,-179.99905395507812,-177.20423889160156,-0.5555693507194519,-0.0797162801027298,-1.5197694301605225,40601,-0.04420268535614014,0.04724149405956268,-0.08275508880615234,-0.7730627059936523,-0.6333708763122559,-0.11333584785461426,80.72113800048828,1309.8533935546875,211.334228515625
20251024_150306.223086,1.118918776512146,0.9970743656158447,0.9929152131080627,-0.118918776512146,0.0029256343841552734,0.007084786891937256,0.6521528363227844,-179.88368225097656,-176.92076110839844,-0.6521528363227844,-0.18374282121658325,-1.3984252214431763,40460,-0.04605111479759216,0.04715123772621155,-0.18484294414520264,-0.772972047328949,-0.634797990322113,0.009344816207885742,81.91776275634766,1309.8824462890625,68.37844848632812
20251024_150306.232903,1.1189122200012207,0.9970574975013733,0.9928203821182251,-0.1189122200012207,0.002942502498626709,0.007179617881774902,0.7334930896759033,-179.70872497558594,-176.8457489013672,-0.7334930896759033,-0.06124914065003395,-1.404761552810669,40419,-0.046667516231536865,0.04705851897597313,-0.061640143394470215,-0.7729294300079346,-0.6362249255180359,0.004392862319946289,82.39006805419922,1309.9117431640625,26.988983154296875
20251024_150306.242909,1.1189733743667603,0.9968867301940918,0.9927323460578918,-0.11897337436676025,0.003113269805908203,0.007267653942108154,0.6997877359390259,179.71340942382812,-176.75335693359375,-0.6997877359390259,-0.05749857798218727,-1.451952576637268,40670,-0.047239750623703,0.0469646118581295,-0.05722343921661377,-0.7733269333839417,-0.6376522779464722,-0.04097342491149902,87.17155456542969,1309.942138671875,273.2276916503906
20251024_150306.252865,1.1190645694732666,0.9966848492622375,0.9926640391349792,-0.1190645694732666,0.003315150737762451,0.007335960865020752,0.7143174409866333,179.7451629638672,-176.56080627441406,-0.7143174409866333,-0.04521355777978897,-1.474100947380066,40725,-0.04768374562263489,0.04686968773603439,-0.04439949989318848,-0.7739197015762329,-0.6390804648399353,-0.06110072135925293,92.82421875,1309.9742431640625,323.0094909667969
20251024_150306.262496,1.1190979480743408,0.99668949842453,0.9925249218940735,-0.11909794807434082,0.0033105015754699707,0.007475078105926514,0.7678926587104797,-179.7254180908203,-176.81918334960938,-0.7678926587104797,-0.09224079549312592,-1.4370098114013672,40395,-0.04858800768852234,0.04677341878414154,-0.09042620658874512,-0.7741366624832153,-0.6405094861984253,-0.022363662719726562,92.69404602050781,1310.00732421875,-7.43865966796875
20251024_150306.272476,1.119097352027893,0.9966710209846497,0.9924137592315674,-0.11909735202789307,0.003328979015350342,0.007586240768432617,0.7357953190803528,-179.254150390625,-176.9222869873047,-0.7357953190803528,-0.07489077746868134,-1.4156720638275146,40432,-0.04931056499481201,0.04667551815509796,-0.07225573062896729,-0.7741327881813049,-0.6419386267662048,0.0003993511199951172,93.21141052246094,1310.04052734375,29.56390380859375
20251024_150306.282416,1.1190026998519897,0.9966377019882202,0.9923317432403564,-0.11900269985198975,0.003362298011779785,0.007668256759643555,0.7126712203025818,-179.6483612060547,-176.40406799316406,-0.7126712203025818,-0.05657769739627838,-1.3534678220748901,40457,-0.049843668937683105,0.0465763658285141,-0.053310394287109375,-0.7735175490379333,-0.6433672308921814,0.06341695785522461,94.14434814453125,1310.073974609375,53.310394287109375
20251024_150306.292450,1.1191362142562866,0.996254563331604,0.9922242164611816,-0.11913621425628662,0.003745436668395996,0.007775783538818359,0.6812537908554077,-179.96827697753906,-176.84324645996094,-0.6812537908554077,-0.07395902276039124,-1.5086361169815063,41028,-0.050542593002319336,0.04647597670555115,-0.06989240646362305,-0.774385392665863,-0.6447960734367371,-0.08945465087890625,104.87222290039062,1310.1094970703125,613.0218505859375
20251024_150306.302531,1.11916184425354,0.9961613416671753,0.9920933246612549,-0.11916184425354004,0.003838658332824707,0.007906675338745117,0.7052703499794006,-179.93844604492188,-176.8219757080078,-0.7052703499794006,-0.09009901434183121,-1.4379498958587646,40566,-0.05139338970184326,0.046374041587114334,-0.08507966995239258,-0.7745519876480103,-0.6462258696556091,-0.01717209815979004,107.48243713378906,1310.1474609375,149.1546630859375
20251024_150306.312861,1.119165301322937,0.9962207674980164,0.9919210076332092,-0.11916530132293701,0.0037792325019836426,0.008078992366790771,0.6072682738304138,-179.4271240234375,-176.89215087890625,-0.6072682738304138,-0.11824938654899597,-1.424546480178833,40320,-0.052513450384140015,0.046270135790109634,-0.11200606822967529,-0.7745744585990906,-0.6476558446884155,-0.0023162364959716797,105.81851196289062,1310.185546875,-95.08132934570312
20251024_150306.322445,1.119122862815857,0.9961662292480469,0.9918010830879211,-0.11912286281585693,0.003833770751953125,0.008198916912078857,0.5520133972167969,-179.04794311523438,-177.0891571044922,-0.5520133972167969,-0.08507958799600601,-1.3949503898620605,40504,-0.05329295992851257,0.04616433009505272,-0.07795095443725586,-0.7742986083030701,-0.649085521697998,0.028433799743652344,107.3455810546875,1310.2236328125,87.26119995117188
20251024_150306.332493,1.1191198825836182,0.9959182143211365,0.9916827082633972,-0.11911988258361816,0.004081785678863525,0.008317291736602783,0.6475737690925598,-179.48463439941406,-177.13046264648438,-0.6475737690925598,-0.0849490612745285,-1.422797441482544,40821,-0.05406239628791809,0.046056974679231644,-0.07694363594055176,-0.7742792367935181,-0.6505150198936462,0.001996755599975586,114.29000091552734,1310.26318359375,396.8238830566406
20251024_150306.342432,1.1190849542617798,0.9956616759300232,0.9916159510612488,-0.11908495426177979,0.004338324069976807,0.00838404893875122,0.6849401593208313,179.97695922851562,-177.0545654296875,-0.6849401593208313,-0.051940083503723145,-1.4025944471359253,40842,-0.054496318101882935,0.045948415994644165,-0.043392181396484375,-0.7740522027015686,-0.6519442200660706,0.023401975631713867,121.47307586669922,1310.3052978515625,410.46142578125
20251024_150306.352488,1.119066834449768,0.9955505132675171,0.9914848804473877,-0.11906683444976807,0.00444948673248291,0.008515119552612305,0.6516686081886292,179.87509155273438,-176.97129821777344,-0.6516686081886292,-0.09470560401678085,-1.4151673316955566,40612,-0.05534827709197998,0.04583857208490372,-0.08519589900970459,-0.7739344239234924,-0.653373122215271,0.012140274047851562,124.58563232421875,1310.3492431640625,177.86026000976562
20251024_150306.363008,1.1190569400787354,0.9955796003341675,0.9913991689682007,-0.11905694007873535,0.0044203996658325195,0.008600831031799316,0.6814373135566711,-179.58018493652344,-177.09217834472656,-0.6814373135566711,-0.06589054316282272,-1.422042727470398,40387,-0.05590540170669556,0.04572731629014015,-0.05571246147155762,-0.7738701105117798,-0.6548019051551819,0.006629228591918945,123.77119445800781,1310.3935546875,-46.539306640625
20251024_150306.372798,1.1189604997634888,0.9956479668617249,0.9912437796592712,-0.11896049976348877,0.0043520331382751465,0.00875622034072876,0.5342070460319519,-179.31748962402344,-176.94569396972656,-0.5342070460319519,-0.11230398714542389,-1.3648582696914673,40322,-0.05691543221473694,0.04561449587345123,-0.10100305080413818,-0.773243248462677,-0.6562299728393555,0.06461501121520996,121.85692596435547,1310.4375,-109.38644409179688
20251024_150306.382450,1.1189539432525635,0.9954026341438293,0.9911953210830688,-0.11895394325256348,0.004597365856170654,0.008804678916931152,0.6994214653968811,-179.48800659179688,-177.158447265625,-0.6994214653968811,-0.043228138238191605,-1.4264652729034424,40831,-0.05723041296005249,0.04550034925341606,-0.031498074531555176,-0.7732006311416626,-0.6576575040817261,0.004392862319946289,128.7262420654297,1310.482177734375,392.5323486328125
20251024_150306.392474,1.1188856363296509,0.9952303171157837,0.9911197423934937,-0.11888563632965088,0.004769682884216309,0.008880257606506348,0.6534325480461121,179.7655029296875,-176.69625854492188,-0.6534325480461121,-0.06146242469549179,-1.386075496673584,40719,-0.05772167444229126,0.04538539797067642,-0.04912614822387695,-0.7727566361427307,-0.6590844988822937,0.04576563835144043,133.55111694335938,1310.529052734375,275.7072448730469
20251024_150306.402431,1.1188592910766602,0.9950324296951294,0.9910154342651367,-0.11885929107666016,0.0049675703048706055,0.008984565734863281,0.7754903435707092,179.63841247558594,-176.78468322753906,-0.7754903435707092,-0.0809306874871254,-1.41544508934021,40766,-0.05839967727661133,0.045269276946783066,-0.06780028343200684,-0.772585391998291,-0.6605110168457031,0.01765131950378418,139.0919647216797,1310.5777587890625,316.619873046875
20251024_150306.412394,1.1188092231750488,0.9950436949729919,0.9909123182296753,-0.11880922317504883,0.004956305027008057,0.009087681770324707,0.7503535747528076,-179.91342163085938,-176.9146270751953,-0.7503535747528076,-0.08094354718923569,-1.400651454925537,40431,-0.059069931507110596,0.045151807367801666,-0.06702542304992676,-0.7722599506378174,-0.6619369983673096,0.033545494079589844,138.7765350341797,1310.6273193359375,-18.024444580078125
20251024_150306.422538,1.1187291145324707,0.9950685501098633,0.9908232092857361,-0.1187291145324707,0.004931449890136719,0.009176790714263916,0.7190178036689758,-179.38156127929688,-177.22642517089844,-0.7190178036689758,-0.07253686338663101,-1.3814287185668945,40408,-0.059649139642715454,0.04503308981657028,-0.05792081356048584,-0.7717392444610596,-0.6633622050285339,0.05367279052734375,138.08059692382812,1310.6767578125,-39.768218994140625
20251024_150306.432259,1.1186509132385254,0.9949639439582825,0.9907693266868591,-0.11865091323852539,0.005036056041717529,0.00923067331314087,0.7628307938575745,-179.45574951171875,-177.40858459472656,-0.7628307938575745,-0.0501096248626709,-1.3836225271224976,40619,-0.05999937653541565,0.04491344094276428,-0.03502368927001953,-0.771230936050415,-0.6647865176200867,0.052394866943359375,141.0095672607422,1310.7265625,167.36984252929688
20251024_150306.442447,1.1185847520828247,0.9947731494903564,0.9907301664352417,-0.11858475208282471,0.005226850509643555,0.0092698335647583,0.7761642932891846,179.870361328125,-177.21856689453125,-0.7761642932891846,-0.04091489687561989,-1.3926827907562256,40762,-0.060253918170928955,0.04479318484663963,-0.025454163551330566,-0.7708008885383606,-0.6662099361419678,0.04432797431945801,146.351806640625,1310.7779541015625,305.2711486816406
20251024_150306.452715,1.1185121536254883,0.9946619272232056,0.9906387329101562,-0.11851215362548828,0.005338072776794434,0.00936126708984375,0.7689226865768433,179.61019897460938,-176.88389587402344,-0.7689226865768433,-0.07560794055461884,-1.3893204927444458,40638,-0.060848236083984375,0.04467208310961723,-0.05943179130554199,-0.7703289985656738,-0.667632520198822,0.04864096641540527,149.46603393554688,1310.830810546875,177.95562744140625
20251024_150306.462352,1.1184321641921997,0.994669497013092,0.9905536770820618,-0.11843216419219971,0.005330502986907959,0.009446322917938232,0.7460992932319641,179.87466430664062,-176.75350952148438,-0.7460992932319641,-0.07213754951953888,-1.385270357131958,40448,-0.06140109896659851,0.04454983398318291,-0.055286288261413574,-0.7698090672492981,-0.6690541505813599,0.05359292030334473,149.25408935546875,1310.884033203125,-12.111663818359375
20251024_150306.472788,1.1183093786239624,0.9946982860565186,0.9904588460922241,-0.1183093786239624,0.005301713943481445,0.009541153907775879,0.7459976673126221,-179.72389221191406,-176.85227966308594,-0.7459976673126221,-0.07923122495412827,-1.3572192192077637,40413,-0.06201750040054321,0.044426415115594864,-0.061640143394470215,-0.7690109610557556,-0.670474648475647,0.08226633071899414,148.447998046875,1310.937255859375,-46.062469482421875
20251024_150306.482931,1.1182258129119873,0.9946199655532837,0.990414559841156,-0.1182258129119873,0.005380034446716309,0.009585440158843994,0.7812536954879761,-179.68023681640625,-177.05953979492188,-0.7812536954879761,-0.04678932949900627,-1.384372591972351,40586,-0.06230536103248596,0.04430209472775459,-0.028786063194274902,-0.7684677839279175,-0.671893835067749,0.05598902702331543,150.64096069335938,1310.99072265625,125.31280517578125
20251024_150306.492584,1.1181468963623047,0.9945349097251892,0.9903994798660278,-0.11814689636230469,0.005465090274810791,0.009600520133972168,0.7676282525062561,179.9283905029297,-177.11297607421875,-0.7676282525062561,-0.028027979657053947,-1.3883928060531616,40600,-0.06240338087081909,0.04417738318443298,-0.009801983833312988,-0.7679548263549805,-0.6733120679855347,0.052874088287353516,153.02252197265625,1311.044921875,136.08932495117188
20251024_150306.502500,1.1180410385131836,0.9944205284118652,0.9903758764266968,-0.1180410385131836,0.005579471588134766,0.009624123573303223,0.7663182616233826,179.53582763671875,-176.99334716796875,-0.7663182616233826,-0.03384661301970482,-1.371071219444275,40650,-0.06255680322647095,0.044052425771951675,-0.015342235565185547,-0.7672667503356934,-0.6747291684150696,0.07092475891113281,156.22520446777344,1311.10009765625,183.01010131835938
20251024_150306.512818,1.1179577112197876,0.9943065643310547,0.990286111831665,-0.1179577112197876,0.0056934356689453125,0.009713888168334961,0.6792594790458679,179.16929626464844,-176.6400146484375,-0.6792594790458679,-0.07756052911281586,-1.3870409727096558,40652,-0.06314027309417725,0.043926727026700974,-0.05834698677062988,-0.7667251229286194,-0.6761451959609985,0.05582928657531738,159.41619873046875,1311.156494140625,182.342529296875
20251024_150306.523123,1.1178398132324219,0.994365930557251,0.9902205467224121,-0.11783981323242188,0.0056340694427490234,0.00977945327758789,0.6210445165634155,179.62173461914062,-176.8190460205078,-0.6210445165634155,-0.0623837448656559,-1.3645271062850952,40373,-0.06356644630432129,0.04380002245306969,-0.0426173210144043,-0.7659587860107422,-0.6775599718093872,0.07899165153503418,157.75393676757812,1311.213134765625,-94.9859619140625
20251024_150306.533147,1.1177071332931519,0.9944154024124146,0.9901625514030457,-0.11770713329315186,0.005584597587585449,0.009837448596954346,0.5727231502532959,179.97183227539062,-176.94561767578125,-0.5727231502532959,-0.057967863976955414,-1.3551740646362305,40388,-0.06394341588020325,0.043672509491443634,-0.0376969575881958,-0.7650963664054871,-0.6789732575416565,0.08889555931091309,156.3687286376953,1311.2691650390625,-79.15496826171875
20251024_150306.542796,1.11760675907135,0.9943528771400452,0.9901573061943054,-0.1176067590713501,0.005647122859954834,0.00984269380569458,0.602485179901123,179.8656005859375,-177.23475646972656,-0.602485179901123,-0.023842304944992065,-1.3775783777236938,40569,-0.06397750973701477,0.04354459047317505,-0.0034093856811523438,-0.7644439339637756,-0.6803851127624512,0.06725072860717773,158.11944580078125,1311.3253173828125,100.04043579101562
20251024_150306.552842,1.1174867153167725,0.9942709803581238,0.9901841878890991,-0.11748671531677246,0.005729019641876221,0.009815812110900879,0.5909950137138367,179.3726043701172,-177.07879638671875,-0.5909950137138367,-0.002912867581471801,-1.36503005027771,40602,-0.06380277872085571,0.04341680929064751,0.01747310161590576,-0.763663649559021,-0.6817957162857056,0.0804293155670166,160.4125518798828,1311.3822021484375,131.03485107421875
20251024_150306.563123,1.1173192262649536,0.9942513704299927,0.9901672005653381,-0.11731922626495361,0.005748629570007324,0.009832799434661865,0.6025181412696838,179.17660522460938,-176.9230194091797,-0.6025181412696838,-0.0316658616065979,-1.333561897277832,40503,-0.06391319632530212,0.04328909516334534,-0.011041760444641113,-0.7625749707221985,-0.6832045316696167,0.11221766471862793,160.9616241455078,1311.4395751953125,31.375885009765625
20251024_150306.573177,1.1171834468841553,0.9943627119064331,0.9901358485221863,-0.11718344688415527,0.0056372880935668945,0.00986415147781372,0.6140838265419006,179.6024932861328,-176.91030883789062,-0.6140838265419006,-0.04133474826812744,-1.3553317785263062,40291,-0.06411698460578918,0.0431610643863678,-0.020378828048706055,-0.7616924047470093,-0.6846115589141846,0.0909721851348877,157.8440704345703,1311.49658203125,-178.1463623046875
20251024_150306.582664,1.1170423030853271,0.9945057034492493,0.9900679588317871,-0.11704230308532715,0.005494296550750732,0.00993204116821289,0.6373634338378906,-179.73519897460938,-177.20889282226562,-0.6373634338378906,-0.06565418094396591,-1.3522255420684814,40236,-0.06455826759338379,0.043032389134168625,-0.04412829875946045,-0.7607749700546265,-0.6860169172286987,0.09456634521484375,153.84030151367188,1311.55224609375,-228.78646850585938
20251024_150306.592702,1.1168415546417236,0.9945552349090576,0.9900312423706055,-0.11684155464172363,0.005444765090942383,0.009968757629394531,0.6172832250595093,-179.7222900390625,-177.20094299316406,-0.6172832250595093,-0.045759592205286026,-1.3123888969421387,40384,-0.06479692459106445,0.04290303215384483,-0.023865699768066406,-0.7594701051712036,-0.6874201893806458,0.13450145721435547,152.45343017578125,1311.60693359375,-79.25033569335938
20251024_150306.602727,1.1165597438812256,0.9946663975715637,0.990092396736145,-0.11655974388122559,0.005333602428436279,0.00990760326385498,0.5289342403411865,179.61810302734375,-176.38406372070312,-0.5289342403411865,0.01812475360929966,-1.2576457262039185,40283,-0.06439942121505737,0.042773835361003876,0.03975033760070801,-0.7576383352279663,-0.6888206005096436,0.1888132095336914,149.3408660888672,1311.6607666015625,-177.86026000976562
20251024_150306.612889,1.1165167093276978,0.9945154786109924,0.9901231527328491,-0.11651670932769775,0.005484521389007568,0.009876847267150879,0.6337977647781372,179.4782257080078,-176.9017333984375,-0.6337977647781372,-0.0015628717374056578,-1.4187445640563965,40706,-0.06419950723648071,0.04264523833990097,0.019991397857666016,-0.7573586106300354,-0.6902190446853638,0.02883315086364746,153.5666046142578,1311.71484375,241.4703369140625
20251024_150306.622621,1.1163699626922607,0.9945937395095825,0.9900946617126465,-0.11636996269226074,0.0054062604904174805,0.009905338287353516,0.6082950830459595,179.71412658691406,-176.95469665527344,-0.6082950830459595,-0.04038720950484276,-1.349700927734375,40337,-0.06438469886779785,0.04251665249466896,-0.018519163131713867,-0.7564047574996948,-0.691616415977478,0.09832024574279785,151.3752899169922,1311.7694091796875,-125.21743774414062
20251024_150306.632443,1.1161060333251953,0.99480801820755,0.9900949001312256,-0.11610603332519531,0.005191981792449951,0.009905099868774414,0.6540302038192749,-178.8372344970703,-177.27256774902344,-0.6540302038192749,-0.0218402910977602,-1.2708678245544434,40114,-0.06438314914703369,0.042387884110212326,0.00015497207641601562,-0.7546892166137695,-0.6930112242698669,0.1768326759338379,145.37548828125,1311.8223876953125,-342.8459167480469
20251024_150306.642622,1.1159075498580933,0.9949539303779602,0.9900788068771362,-0.11590754985809326,0.005046069622039795,0.00992119312286377,0.6026387214660645,-178.7630615234375,-177.57992553710938,-0.6026387214660645,-0.032689355313777924,-1.3148185014724731,40219,-0.0644877552986145,0.04225901514291763,-0.010460615158081055,-0.7533990740776062,-0.694403350353241,0.13298392295837402,141.28994750976562,1311.87353515625,-233.45947265625
20251024_150306.652796,1.1157761812210083,0.9949653744697571,0.9901151061058044,-0.1157761812210083,0.00503462553024292,0.009884893894195557,0.6917710304260254,-179.38693237304688,-177.32931518554688,-0.6917710304260254,0.001472963485866785,-1.3603216409683228,40434,-0.06425181031227112,0.042130276560783386,0.02359449863433838,-0.752545177936554,-0.6957934498786926,0.08801698684692383,140.96951293945312,1311.9239501953125,-18.310546875
20251024_150306.662944,1.1156402826309204,0.9949054718017578,0.9902459979057312,-0.11564028263092041,0.0050945281982421875,0.009754002094268799,0.5790499448776245,179.42344665527344,-176.63673400878906,-0.5790499448776245,0.06368128210306168,-1.3577916622161865,40550,-0.06340101361274719,0.04200262203812599,0.08507966995239258,-0.7516618371009827,-0.6971819400787354,0.09105205535888672,142.64678955078125,1311.974609375,95.84426879882812
20251024_150306.672952,1.1154749393463135,0.9949452877044678,0.9902638792991638,-0.11547493934631348,0.0050547122955322266,0.009736120700836182,0.5538924336433411,179.32672119140625,-176.55911254882812,-0.5538924336433411,-0.009785942733287811,-1.3383756875991821,40389,-0.06328478455543518,0.0418759360909462,0.011622905731201172,-0.7505871057510376,-0.6985686421394348,0.11078000068664551,141.53195190429688,1312.025390625,-63.7054443359375
20251024_150306.682667,1.1152498722076416,0.995123028755188,0.9902448058128357,-0.1152498722076416,0.004876971244812012,0.009755194187164307,0.6423861980438232,-179.6348114013672,-177.03318786621094,-0.6423861980438232,-0.03405728563666344,-1.2982821464538574,40164,-0.063408762216568,0.041749242693185806,-0.01239776611328125,-0.7491241693496704,-0.6999529600143433,0.15079498291015625,136.55519104003906,1312.074951171875,-284.38568115234375
20251024_150306.692689,1.1150542497634888,0.9952994585037231,0.9902780652046204,-0.11505424976348877,0.0047005414962768555,0.009721934795379639,0.646684467792511,-178.99368286132812,-177.25799560546875,-0.646684467792511,4.8670142859919e-05,-1.3181203603744507,40161,-0.06319257616996765,0.04162264242768288,0.02161860466003418,-0.747852623462677,-0.7013347744941711,0.13106703758239746,131.6151580810547,1312.1229248046875,-282.28759765625
20251024_150306.702726,1.114803433418274,0.9954375624656677,0.9903366565704346,-0.11480343341827393,0.004562437534332275,0.00966334342956543,0.6285932660102844,-179.1981201171875,-176.7761688232422,-0.6285932660102844,0.016769293695688248,-1.2808892726898193,40218,-0.06281173229217529,0.0414966382086277,0.03808438777923584,-0.7462223172187805,-0.7027139663696289,0.1680469512939453,127.74825286865234,1312.169189453125,-220.96633911132812
20251024_150306.712828,1.1147671937942505,0.9952682852745056,0.9904401898384094,-0.11476719379425049,0.004731714725494385,0.009559810161590576,0.7127872109413147,-179.73602294921875,-176.89537048339844,-0.7127872109413147,0.04652954638004303,-1.4257975816726685,40715,-0.062138766050338745,0.04137168824672699,0.06729662418365479,-0.7459867596626282,-0.7040913701057434,0.024280548095703125,132.48800659179688,1312.2156982421875,270.843505859375
20251024_150306.722822,1.1145715713500977,0.9953239560127258,0.9904361367225647,-0.11457157135009766,0.00467604398727417,0.009563863277435303,0.5686208605766296,179.60488891601562,-176.25433349609375,-0.5686208605766296,-0.02355225384235382,-1.3191155195236206,40354,-0.06216511130332947,0.04124738276004791,-0.0026345252990722656,-0.7447152137756348,-0.7054674029350281,0.13106703758239746,130.92922973632812,1312.2626953125,-89.07318115234375
20251024_150306.732896,1.1144148111343384,0.9953066110610962,0.990561306476593,-0.11441481113433838,0.004693388938903809,0.009438693523406982,0.665543258190155,179.82211303710938,-176.7061767578125,-0.665543258190155,0.06113269925117493,-1.3455082178115845,40471,-0.061351507902145386,0.04112386703491211,0.0813603401184082,-0.7436962723731995,-0.7068412899971008,0.10502934455871582,131.41488647460938,1312.3095703125,27.751922607421875
20251024_150306.742955,1.1141715049743652,0.9955253005027771,0.9904879927635193,-0.11417150497436523,0.0044746994972229,0.009512007236480713,0.5443122982978821,-179.67431640625,-176.61187744140625,-0.5443122982978821,-0.06848127394914627,-1.2873125076293945,40087,-0.061828047037124634,0.04100068658590317,-0.047653913497924805,-0.742114782333374,-0.7082128524780273,0.16301512718200684,125.29158782958984,1312.3553466796875,-349.9031066894531
20251024_150306.753005,1.114001750946045,0.9955000281333923,0.990593671798706,-0.11400175094604492,0.004499971866607666,0.009406328201293945,0.6321787238121033,-179.1849822998047,-177.06253051757812,-0.6321787238121033,0.04842795804142952,-1.3368580341339111,40478,-0.061141133308410645,0.04087771847844124,0.06869137287139893,-0.741011381149292,-0.7095818519592285,0.11373519897460938,125.99921417236328,1312.4002685546875,40.435791015625
20251024_150306.763344,1.1138041019439697,0.9954942464828491,0.9907109141349792,-0.11380410194396973,0.004505753517150879,0.009289085865020752,0.7545081973075867,-179.50953674316406,-176.82823181152344,-0.7545081973075867,0.05658465623855591,-1.3182505369186401,40447,-0.06037905812263489,0.04075619578361511,0.07620751857757568,-0.7397266626358032,-0.7109487056732178,0.13242483139038086,126.16110229492188,1312.4453125,9.250640869140625
20251024_150306.772718,1.1136317253112793,0.9953793883323669,0.9908745288848877,-0.1136317253112793,0.004620611667633057,0.009125471115112305,0.745884358882904,179.58480834960938,-176.5575408935547,-0.745884358882904,0.08767052739858627,-1.335427165031433,40625,-0.05931556224822998,0.04063650220632553,0.10634958744049072,-0.7386062145233154,-0.7123133540153503,0.11549234390258789,129.3771209716797,1312.490966796875,183.77304077148438
20251024_150306.782889,1.1135574579238892,0.9953603744506836,0.9908909201622009,-0.11355745792388916,0.004639625549316406,0.009109079837799072,0.6556198000907898,179.1663055419922,-176.46726989746094,-0.6556198000907898,-0.008036710321903229,-1.4020408391952515,40472,-0.05920901894569397,0.04051797837018967,0.010654330253601074,-0.7381234765052795,-0.7136764526367188,0.0497591495513916,129.90951538085938,1312.5372314453125,30.422210693359375
20251024_150306.792876,1.1132352352142334,0.9956101775169373,0.99092036485672,-0.1132352352142334,0.004389822483062744,0.00907963514328003,0.9180318713188171,-179.6952362060547,-176.8518524169922,-0.9180318713188171,0.0005211745738051832,-1.2351770401000977,40035,-0.05901762843132019,0.04039975255727768,0.01913905143737793,-0.7360290288925171,-0.7150372266769409,0.21588921546936035,122.91503143310547,1312.5823974609375,-399.6849060058594
20251024_150306.803563,1.1128877401351929,0.9959746599197388,0.9909707307815552,-0.11288774013519287,0.0040253400802612305,0.009029269218444824,0.8740267753601074,-179.6100311279297,-177.65403747558594,-0.8740267753601074,0.014329644851386547,-1.2173426151275635,39842,-0.05869024991989136,0.04028204455971718,0.0327378511428833,-0.7337703108787537,-0.7163939476013184,0.23282170295715332,112.70951843261719,1312.6243896484375,-583.171875
20251024_150306.812943,1.1126856803894043,0.9960044622421265,0.9910473227500916,-0.1126856803894043,0.003995537757873535,0.008952677249908447,0.9070098400115967,-179.5685272216797,-177.7484588623047,-0.9070098400115967,0.03175753727555275,-1.3148243427276611,40376,-0.05819240212440491,0.04016515985131264,0.04978477954864502,-0.7324569225311279,-0.7177473902702332,0.13538002967834473,111.87506103515625,1312.66455078125,-47.6837158203125
20251024_150306.822728,1.1124759912490845,0.9959797859191895,0.9911741614341736,-0.11247599124908447,0.004020214080810547,0.008825838565826416,0.9857066869735718,179.89154052734375,-177.59844970703125,-0.9857066869735718,0.06512679159641266,-1.309700608253479,40464,-0.057367950677871704,0.04004960134625435,0.08244514465332031,-0.7310939431190491,-0.7190983891487122,0.14049172401428223,112.56599426269531,1312.70458984375,39.48211669921875
20251024_150306.832641,1.1122822761535645,0.9959411025047302,0.9913161993026733,-0.11228227615356445,0.004058897495269775,0.00868380069732666,1.0218058824539185,179.52618408203125,-177.48434448242188,-1.0218058824539185,0.07581569999456406,-1.3204926252365112,40488,-0.05644470453262329,0.03993578627705574,0.09232461452484131,-0.729834794998169,-0.7204469442367554,0.12978911399841309,113.64913177490234,1312.7449951171875,61.893463134765625
20251024_150306.842647,1.1120808124542236,0.9959824681282043,0.9914137125015259,-0.11208081245422363,0.004017531871795654,0.008586287498474121,1.0299768447875977,179.5758514404297,-177.64537048339844,-1.0299768447875977,0.04739624261856079,-1.3153376579284668,40359,-0.05581086874008179,0.03982353210449219,0.06338357925415039,-0.7285252809524536,-0.7217931151390076,0.1349806785583496,112.49089050292969,1312.785400390625,-66.18499755859375
20251024_150306.852698,1.1118359565734863,0.9961773157119751,0.9914478063583374,-0.11183595657348633,0.0038226842880249023,0.008552193641662598,1.0010656118392944,-179.99127197265625,-177.60269165039062,-1.0010656118392944,0.006283880677074194,-1.286016821861267,40108,-0.055589258670806885,0.03971213102340698,0.022161006927490234,-0.7269337177276611,-0.7231366038322449,0.16405344009399414,107.03515625,1312.8245849609375,-311.7561340332031
20251024_150306.862677,1.1116347312927246,0.9962832927703857,0.9915380477905273,-0.11163473129272461,0.003716707229614258,0.008461952209472656,1.0223371982574463,-179.66781616210938,-177.66921997070312,-1.0223371982574463,0.04325578361749649,-1.3152822256088257,40247,-0.055002689361572266,0.03960154205560684,0.058656930923461914,-0.72562575340271,-0.7244774103164673,0.13482093811035156,104.06780242919922,1312.8623046875,-169.56329345703125
20251024_150306.872656,1.1114132404327393,0.9963725805282593,0.9916317462921143,-0.11141324043273926,0.0036274194717407227,0.008368253707885742,0.9720351696014404,-179.65603637695312,-177.4222412109375,-0.9720351696014404,0.046002522110939026,-1.301602840423584,40271,-0.054393649101257324,0.03949214518070221,0.06090402603149414,-0.7241860628128052,-0.7258157134056091,0.14839887619018555,101.5677490234375,1312.8990478515625,-142.86041259765625
20251024_150306.882569,1.1111867427825928,0.9963654279708862,0.9917510151863098,-0.11118674278259277,0.0036345720291137695,0.008248984813690186,1.0511530637741089,179.8961639404297,-177.28977966308594,-1.0511530637741089,0.06329051405191422,-1.2981116771697998,40426,-0.053618401288986206,0.039384130388498306,0.07752478122711182,-0.722713828086853,-0.7271513342857361,0.15175342559814453,101.76802062988281,1312.935302734375,11.444091796875
20251024_150306.892590,1.1109261512756348,0.9963765144348145,0.9918456673622131,-0.11092615127563477,0.003623485565185547,0.008154332637786865,1.0702296495437622,179.3463134765625,-177.46566772460938,-1.0702296495437622,0.04779826104640961,-1.2749077081680298,40396,-0.053003162145614624,0.03927750885486603,0.0615239143371582,-0.721019983291626,-0.7284839749336243,0.17459630966186523,101.45759582519531,1312.9716796875,-17.73834228515625
20251024_150306.902593,1.1107314825057983,0.9963924288749695,0.991942822933197,-0.11073148250579834,0.0036075711250305176,0.008057177066802979,1.0367518663406372,179.3251190185547,-177.61337280273438,-1.0367518663406372,0.04995160549879074,-1.3191404342651367,40388,-0.05237165093421936,0.039172135293483734,0.06315112113952637,-0.7197546362876892,-0.7298139333724976,0.13042807579040527,101.01199340820312,1313.0078125,-25.463104248046875
20251024_150306.912550,1.1104897260665894,0.9965137243270874,0.9920071363449097,-0.11048972606658936,0.0034862756729125977,0.007992863655090332,1.0852911472320557,179.87899780273438,-177.90707397460938,-1.0852911472320557,0.028917914256453514,-1.287347674369812,40216,-0.05195361375808716,0.03906780853867531,0.041803717613220215,-0.7181832194328308,-0.7311412692070007,0.16197681427001953,97.61572265625,1313.043212890625,-194.07272338867188
20251024_150306.922166,1.110234260559082,0.9966161847114563,0.9921010732650757,-0.11023426055908203,0.003383815288543701,0.007898926734924316,1.088087558746338,-179.4567108154297,-178.32968139648438,-1.088087558746338,0.048680488020181656,-1.2778264284133911,40243,-0.05134302377700806,0.038964513689279556,0.061058998107910156,-0.7165226936340332,-0.7324656248092651,0.17116189002990723,94.746826171875,1313.07763671875,-163.93661499023438
20251024_150306.932825,1.1099882125854492,0.9967926740646362,0.9921608567237854,-0.10998821258544922,0.0032073259353637695,0.0078391432762146,1.0513520240783691,-179.4844970703125,-177.8048858642578,-1.0513520240783691,0.026767032220959663,-1.2838581800460815,40120,-0.0509544312953949,0.03886221721768379,0.03885924816131592,-0.7149233818054199,-0.733786940574646,0.16485214233398438,89.80513000488281,1313.110595703125,-282.3829650878906
20251024_150306.943046,1.109743595123291,0.996825098991394,0.9922786951065063,-0.10974359512329102,0.003174901008605957,0.007721304893493652,1.0738420486450195,-179.98617553710938,-177.35728454589844,-1.0738420486450195,0.06516753882169724,-1.2845449447631836,40350,-0.05018848180770874,0.03876107186079025,0.07659494876861572,-0.7133333683013916,-0.7351053357124329,0.1638936996459961,88.89723205566406,1313.1424560546875,-51.8798828125
20251024_150306.952885,1.109466791152954,0.9966695308685303,0.9924519658088684,-0.1094667911529541,0.0033304691314697266,0.007548034191131592,0.9444087743759155,179.63958740234375,-176.85107421875,-0.9444087743759155,0.10222555696964264,-1.2624961137771606,40655,-0.04906222224235535,0.03866182267665863,0.11262595653533936,-0.7115341424942017,-0.7364205718040466,0.18545866012573242,93.25313568115234,1313.175048828125,248.90899658203125
20251024_150306.962359,1.1090494394302368,0.9968112111091614,0.9924986958503723,-0.10904943943023682,0.003188788890838623,0.0075013041496276855,1.0717761516571045,179.3611602783203,-177.6298828125,-1.0717761516571045,0.020180052146315575,-1.1669273376464844,40175,-0.048758476972579956,0.03856400027871132,0.030374526977539062,-0.7088213562965393,-0.7377316951751709,0.27962565422058105,89.28608703613281,1313.2076416015625,-226.68838500976562
20251024_150306.972802,1.1088014841079712,0.9967314600944519,0.9927376508712769,-0.10880148410797119,0.0032685399055480957,0.0072623491287231445,0.9580012559890747,-179.69955444335938,-176.6396484375,-0.9580012559890747,0.14658352732658386,-1.2801183462142944,40532,-0.04720526933670044,0.03846803680062294,0.15532076358795166,-0.7072096467018127,-0.7390387654304504,0.16613006591796875,91.51911926269531,1313.2398681640625,127.60162353515625
20251024_150306.982262,1.1085596084594727,0.9968144297599792,0.9928411245346069,-0.10855960845947266,0.003185570240020752,0.007158875465393066,0.925582230091095,-179.1166229248047,-176.854248046875,-0.925582230091095,0.05909949168562889,-1.2839237451553345,40269,-0.04653269052505493,0.03837430104613304,0.06725788116455078,-0.7056374549865723,-0.7403429746627808,0.16205668449401855,89.19596862792969,1313.2720947265625,-132.75146484375
20251024_150306.992702,1.1082898378372192,0.9970259070396423,0.9928972721099854,-0.10828983783721924,0.002974092960357666,0.0071027278900146484,0.9698976278305054,-178.4742431640625,-176.9553985595703,-0.9698976278305054,0.02860979177057743,-1.2647817134857178,40058,-0.046167731285095215,0.038281600922346115,0.03649592399597168,-0.703883945941925,-0.7416440844535828,0.18074631690979004,83.27460479736328,1313.302978515625,-338.3636474609375
20251024_150307.002502,1.1081171035766602,0.9969844818115234,0.9930896162986755,-0.10811710357666016,0.0030155181884765625,0.006910383701324463,1.1317975521087646,-178.46798706054688,-177.26156616210938,-1.1317975521087646,0.11829674243927002,-1.3299716711044312,40464,-0.04491749405860901,0.03819051384925842,0.1250237226486206,-0.702761173248291,-0.7429425120353699,0.11573195457458496,84.43450927734375,1313.3328857421875,66.28036499023438
20251024_150307.012511,1.1078885793685913,0.9968612790107727,0.9933288097381592,-0.10788857936859131,0.003138720989227295,0.00667119026184082,1.034432291984558,-179.11898803710938,-176.81007385253906,-1.034432291984558,0.1502152383327484,-1.2924031019210815,40598,-0.04336273670196533,0.03810223564505577,0.15547573566436768,-0.7012757658958435,-0.744238555431366,0.15311121940612793,87.88418579101562,1313.3636474609375,197.12448120117188
20251024_150307.022628,1.1076442003250122,0.9966607093811035,0.9935430884361267,-0.10764420032501221,0.0033392906188964844,0.006456911563873291,0.9330990314483643,-179.98866271972656,-176.6775360107422,-0.9330990314483643,0.13532812893390656,-1.2814850807189941,40727,-0.04196992516517639,0.038016900420188904,0.13928115367889404,-0.6996873021125793,-0.7455317378044128,0.16373395919799805,93.50013732910156,1313.39599609375,320.9114074707031
20251024_150307.032574,1.1073652505874634,0.9966241121292114,0.9936470985412598,-0.10736525058746338,0.0033758878707885742,0.006352901458740234,1.0108070373535156,-179.9691925048828,-176.74302673339844,-1.0108070373535156,0.06424634903669357,-1.2577996253967285,40466,-0.04129385948181152,0.03793363645672798,0.06760656833648682,-0.697874128818512,-0.7468217611312866,0.18689632415771484,94.52485656738281,1313.4296875,58.55560302734375
20251024_150307.042575,1.1070834398269653,0.9967748522758484,0.993707537651062,-0.10708343982696533,0.0032251477241516113,0.006292462348937988,1.0504262447357178,-179.37051391601562,-176.91651916503906,-1.0504262447357178,0.036235857754945755,-1.2553375959396362,40162,-0.040901005268096924,0.03785144165158272,0.03928542137145996,-0.6960423588752747,-0.748108446598053,0.1888132095336914,90.30413818359375,1313.462646484375,-241.18423461914062
20251024_150307.052632,1.1068267822265625,0.996941328048706,0.9938010573387146,-0.1068267822265625,0.0030586719512939453,0.0061989426612854,1.0498631000518799,-178.9678497314453,-176.92514038085938,-1.0498631000518799,0.05826491862535477,-1.2718054056167603,40132,-0.0402931272983551,0.03777024894952774,0.06078779697418213,-0.6943740844726562,-0.7493919134140015,0.17196059226989746,85.64281463623047,1313.4940185546875,-266.3612365722656
20251024_150307.062553,1.1065791845321655,0.9970512390136719,0.993955135345459,-0.10657918453216553,0.002948760986328125,0.006044864654541016,1.05010986328125,-178.96775817871094,-176.68116760253906,-1.05010986328125,0.0985497459769249,-1.2775466442108154,40220,-0.0392916202545166,0.0376906655728817,0.1001507043838501,-0.6927646994590759,-0.7506723999977112,0.16589045524597168,82.5653076171875,1313.5240478515625,-175.8575439453125
20251024_150307.072437,1.106278657913208,0.9971349835395813,0.9940927624702454,-0.10627865791320801,0.002865016460418701,0.005907237529754639,1.1010240316390991,-179.20468139648438,-176.6129150390625,-1.1010240316390991,0.08867356181144714,-1.2414079904556274,40259,-0.03839704394340515,0.037612974643707275,0.08945763111114502,-0.690811276435852,-0.7519495487213135,0.20135283470153809,80.220458984375,1313.55322265625,-133.99124145507812
20251024_150307.082440,1.105838418006897,0.997283399105072,0.9942044019699097,-0.10583841800689697,0.0027166008949279785,0.005795598030090332,1.0628957748413086,179.84378051757812,-177.25196838378906,-1.0628957748413086,0.07243119180202484,-1.1462111473083496,40152,-0.03767138719558716,0.03753690794110298,0.07256567478179932,-0.6879497170448303,-0.7532222270965576,0.29496073722839355,76.06482696533203,1313.5810546875,-237.46490478515625
20251024_150307.092404,1.1055389642715454,0.9972465634346008,0.9943441152572632,-0.10553896427154541,0.00275343656539917,0.005655884742736816,1.1578583717346191,179.84722900390625,-177.5153045654297,-1.1578583717346191,0.09151285886764526,-1.239859700202942,40449,-0.03676325082778931,0.037462472915649414,0.09081363677978516,-0.6860032677650452,-0.7544904947280884,0.20063400268554688,77.09622192382812,1313.6083984375,58.93707275390625
20251024_150307.102367,1.1051822900772095,0.997329592704773,0.9944444298744202,-0.10518229007720947,0.0026704072952270508,0.005555570125579834,1.2589229345321655,-179.77879333496094,-177.6172332763672,-1.2589229345321655,0.06648289412260056,-1.2004679441452026,40255,-0.03611120581626892,0.0373895987868309,0.06520450115203857,-0.6836848855018616,-0.755754828453064,0.23897171020507812,74.77140808105469,1313.635498046875,-132.84683227539062
20251024_150307.112365,1.1049299240112305,0.9974720478057861,0.9945688247680664,-0.10492992401123047,0.002527952194213867,0.005431175231933594,1.236302375793457,-179.55418395996094,-177.49508666992188,-1.236302375793457,0.08287222683429718,-1.269974708557129,40156,-0.03530263900756836,0.03731818497180939,0.08085668087005615,-0.682044506072998,-0.7570154666900635,0.16908526420593262,70.78266143798828,1313.6614990234375,-227.92816162109375
20251024_150307.122253,1.104652762413025,0.9976155757904053,0.9947551488876343,-0.1046527624130249,0.0023844242095947266,0.005244851112365723,1.2244482040405273,-179.9373779296875,-176.88929748535156,-1.2244482040405273,0.12426793575286865,-1.2528176307678223,40150,-0.0340915322303772,0.03724879026412964,0.12111067771911621,-0.6802429556846619,-0.7582730054855347,0.1856982707977295,66.76387786865234,1313.68603515625,-229.644775390625
20251024_150307.132271,1.104454517364502,0.9976394176483154,0.9950639605522156,-0.10445451736450195,0.0023605823516845703,0.004936039447784424,1.0401326417922974,179.524658203125,-176.82748413085938,-1.0401326417922974,0.20582593977451324,-1.3056578636169434,40341,-0.032084256410598755,0.03718261420726776,0.20072758197784424,-0.6789543628692627,-0.7595276236534119,0.13282418251037598,66.09630584716797,1313.7098388671875,-38.14697265625
20251024_150307.142210,1.1041702032089233,0.9976211190223694,0.9951972365379333,-0.10417020320892334,0.0023788809776306152,0.00480276346206665,1.0155682563781738,178.91006469726562,-177.0850067138672,-1.0155682563781738,0.0925307422876358,-1.2473951578140259,40409,-0.031217962503433228,0.037119310349226,0.08662939071655273,-0.6771063208580017,-0.7607793807983398,0.1904904842376709,66.6086654663086,1313.7335205078125,29.277801513671875
20251024_150307.152352,1.1037535667419434,0.9974229335784912,0.995220422744751,-0.10375356674194336,0.002577066421508789,0.0047795772552490234,1.1309001445770264,179.1386260986328,-177.1808319091797,-1.1309001445770264,0.02106080949306488,-1.1572786569595337,40703,-0.031067252159118652,0.03705702722072601,0.01507103443145752,-0.6743981838226318,-0.7620269060134888,0.2791464328765869,72.1578598022461,1313.75830078125,317.0967102050781
20251024_150307.162696,1.1034703254699707,0.9974077939987183,0.9953414797782898,-0.1034703254699707,0.0025922060012817383,0.004658520221710205,1.1259883642196655,179.56527709960938,-177.5714874267578,-1.1259883642196655,0.08540236949920654,-1.2460557222366333,40410,-0.030280381441116333,0.03699567914009094,0.07868707180023193,-0.6725571155548096,-0.7632702589035034,0.1897716522216797,72.58177185058594,1313.7841796875,24.22332763671875
20251024_150307.172298,1.1031771898269653,0.9975883364677429,0.9954575896263123,-0.10317718982696533,0.00241166353225708,0.004542410373687744,1.0490180253982544,-179.76316833496094,-177.6155548095703,-1.0490180253982544,0.08288160711526871,-1.2387609481811523,40092,-0.029525667428970337,0.036935873329639435,0.07547140121459961,-0.6706517338752747,-0.7645101547241211,0.19640088081359863,67.52658081054688,1313.8092041015625,-288.8679504394531
20251024_150307.182310,1.1029165983200073,0.9976972341537476,0.9955926537513733,-0.10291659832000732,0.0023027658462524414,0.004407346248626709,1.0620639324188232,-179.4922332763672,-177.501220703125,-1.0620639324188232,0.0960216298699379,-1.260108232498169,40204,-0.02864775061607361,0.036877699196338654,0.08779168128967285,-0.6689578890800476,-0.7657467126846313,0.17459630966186523,64.47744750976562,1313.832763671875,-174.23629760742188
20251024_150307.202374,1.102561354637146,0.9977698922157288,0.9957146048545837,-0.102561354637146,0.0022301077842712402,0.00428539514541626,1.2065287828445435,-179.47482299804688,-177.37982177734375,-1.2065287828445435,0.08823434263467789,-1.1956151723861694,40260,-0.02785506844520569,0.03682119771838188,0.07926821708679199,-0.666648805141449,-0.7669795751571655,0.23801326751708984,62.443016052246094,1313.8553466796875,-116.25289916992188
20251024_150307.205667,1.1022239923477173,0.9976719617843628,0.9958990216255188,-0.10222399234771729,0.002328038215637207,0.004100978374481201,1.1688584089279175,179.79872131347656,-176.86849975585938,-1.1688584089279175,0.12998121976852417,-1.2066315412521362,40535,-0.026656359434127808,0.03676668554544449,0.11987090110778809,-0.6644559502601624,-0.7682082653045654,0.22603273391723633,65.18507385253906,1313.878173828125,156.68869018554688
20251024_150307.212642,1.1019741296768188,0.9974561333656311,0.9961156845092773,-0.10197412967681885,0.0025438666343688965,0.0038843154907226562,1.2682174444198608,179.4178924560547,-177.07333374023438,-1.2682174444198608,0.15229760110378265,-1.264857292175293,40730,-0.025248050689697266,0.03671478107571602,0.1408308744430542,-0.6628318428993225,-0.7694334983825684,0.16740798950195312,71.22826385498047,1313.902587890625,345.3254699707031
20251024_150307.222553,1.101668357849121,0.9973335266113281,0.996344804763794,-0.1016683578491211,0.002666473388671875,0.0036551952362060547,1.1704107522964478,-179.99899291992188,-177.10107421875,-1.1704107522964478,0.16183516383171082,-1.2266324758529663,40584,-0.023758769035339355,0.03666577488183975,0.14892816543579102,-0.6608443260192871,-0.7706553339958191,0.20486712455749512,74.6612548828125,1313.9285888671875,196.17080688476562
20251024_150307.232675,1.1013600826263428,0.9974225163459778,0.9964616894721985,-0.10136008262634277,0.002577483654022217,0.0035383105278015137,1.2967946529388428,-179.1953582763672,-177.46812438964844,-1.2967946529388428,0.08959505707025528,-1.2241696119308472,40243,-0.02299901843070984,0.03661901503801346,0.07597506046295166,-0.658840537071228,-0.7718734741210938,0.2065443992614746,72.16954040527344,1313.954833984375,-142.38357543945312
20251024_150307.242335,1.1011470556259155,0.9974327087402344,0.9966112971305847,-0.10114705562591553,0.002567291259765625,0.003388702869415283,1.1528233289718628,-179.45477294921875,-177.29025268554688,-1.1528233289718628,0.11179240047931671,-1.2878162860870361,40369,-0.02202656865119934,0.03657399117946625,0.0972449779510498,-0.6574558615684509,-0.7730885744094849,0.14272809028625488,71.8841552734375,1313.9805908203125,-16.307830810546875
20251024_150307.252857,1.1008613109588623,0.9973510503768921,0.9969210028648376,-0.1008613109588623,0.00264894962310791,0.0030789971351623535,1.1709901094436646,-179.6087646484375,-176.92234802246094,-1.1709901094436646,0.2178272008895874,-1.2384501695632935,40518,-0.020013481378555298,0.036531951278448105,0.2013087272644043,-0.655598521232605,-0.7743005752563477,0.19144892692565918,74.17059326171875,1314.006591796875,130.65338134765625
20251024_150307.263220,1.10056471824646,0.9972172379493713,0.9971407055854797,-0.10056471824645996,0.002782762050628662,0.0028592944145202637,1.2015846967697144,179.78335571289062,-176.65965270996094,-1.2015846967697144,0.16071470081806183,-1.230462670326233,40606,-0.018585413694381714,0.03649335354566574,0.1428067684173584,-0.6536706686019897,-0.7755091786384583,0.1987171173095703,77.9173355102539,1314.0338134765625,214.09988403320312
20251024_150307.278260,1.1003061532974243,0.9970400929450989,0.9973791241645813,-0.10030615329742432,0.002959907054901123,0.002620875835418701,1.1707297563552856,179.2340850830078,-176.63092041015625,-1.1707297563552856,0.17439411580562592,-1.2554658651351929,40680,-0.017035692930221558,0.03645773231983185,0.15497207641601562,-0.6519899964332581,-0.7767143845558167,0.17323851585388184,82.87739562988281,1314.0625,283.4320068359375
20251024_150307.282668,1.0999839305877686,0.9969797134399414,0.9975113272666931,-0.09998393058776855,0.0030202865600585938,0.0024886727333068848,1.0590890645980835,179.13848876953125,-176.5634307861328,-1.0590890645980835,0.10618016123771667,-1.2119224071502686,40495,-0.01617637276649475,0.03642451763153076,0.08593201637268066,-0.6498955488204956,-0.7779161334037781,0.21588921546936035,84.56802368164062,1314.0924072265625,96.60720825195312
20251024_150307.292814,1.0996354818344116,0.9971285462379456,0.9978888034820557,-0.09963548183441162,0.0028714537620544434,0.002111196517944336,0.9507864117622375,-179.34739685058594,-176.86888122558594,-0.9507864117622375,0.26803138852119446,-1.1932837963104248,40156,-0.013722777366638184,0.036394618451595306,0.24535953998565674,-0.6476306319236755,-0.7791138291358948,0.2334606647491455,80.40070343017578,1314.121826171875,-238.13247680664062
20251024_150307.303122,1.0993257761001587,0.9973046779632568,0.9980354905128479,-0.09932577610015869,0.002695322036743164,0.0019645094871520996,1.1068061590194702,-178.6656951904297,-177.2654266357422,-1.1068061590194702,0.11894538253545761,-1.218422293663025,40107,-0.012769311666488647,0.036368127912282944,0.09534657001495361,-0.6456175446510315,-0.7803075909614563,0.2075028419494629,75.4690170288086,1314.149658203125,-281.8107604980469
20251024_150307.312587,1.0990333557128906,0.9973864555358887,0.9982248544692993,-0.09903335571289062,0.002613544464111328,0.0017751455307006836,1.1005055904388428,-178.69065856933594,-177.0135040283203,-1.1005055904388428,0.14789193868637085,-1.229292869567871,40256,-0.011538445949554443,0.03634382039308548,0.12308657169342041,-0.6437168121337891,-0.7814977765083313,0.1959216594696045,73.17924499511719,1314.17626953125,-130.8441162109375
20251024_150307.322768,1.0986483097076416,0.9973153471946716,0.9984696507453918,-0.0986483097076416,0.002684652805328369,0.0015303492546081543,1.0871715545654297,-179.16436767578125,-176.9568634033203,-1.0871715545654297,0.1854926496744156,-1.1659170389175415,40503,-0.009947270154953003,0.03632233291864395,0.15911757946014404,-0.6412140130996704,-0.7826838493347168,0.2579808235168457,75.17028045654297,1314.2027587890625,113.77334594726562
20251024_150307.332896,1.0981794595718384,0.9973598718643188,0.9986392855644226,-0.09817945957183838,0.0026401281356811523,0.0013607144355773926,1.0130716562271118,179.65402221679688,-177.32785034179688,-1.0130716562271118,0.13772152364253998,-1.107901692390442,40316,-0.008844643831253052,0.03630354255437851,0.11026263236999512,-0.6381664872169495,-0.7838647961616516,0.3141295909881592,73.923583984375,1314.2293701171875,-71.23947143554688
20251024_150307.342775,1.0977874994277954,0.9972538352012634,0.9986546635627747,-0.09778749942779541,0.0027461647987365723,0.0013453364372253418,1.176461935043335,179.4095001220703,-177.35958862304688,-1.176461935043335,0.03753696382045746,-1.158046007156372,40560,-0.008744686841964722,0.03628595173358917,0.009995698928833008,-0.6356187462806702,-0.7850406169891357,0.26261329650878906,76.89261627197266,1314.2562255859375,169.65866088867188
20251024_150307.353081,1.0974926948547363,0.9972927570343018,0.9988307952880859,-0.09749269485473633,0.002707242965698242,0.0011692047119140625,1.1665645837783813,179.6663818359375,-177.5845489501953,-1.1665645837783813,0.14315539598464966,-1.2223957777023315,40327,-0.007599830627441406,0.03626960888504982,0.11448562145233154,-0.6337025165557861,-0.7862123250961304,0.19751906394958496,75.80280303955078,1314.2835693359375,-62.274932861328125
20251024_150307.362430,1.0971708297729492,0.9973962306976318,0.9989902973175049,-0.09717082977294922,0.002603769302368164,0.0010097026824951172,1.2267569303512573,-179.9099578857422,-177.78250122070312,-1.2267569303512573,0.13336870074272156,-1.2033411264419556,40221,-0.006563067436218262,0.03625544533133507,0.10367631912231445,-0.6316103935241699,-0.7873802781105042,0.21564960479736328,72.9055404663086,1314.31005859375,-165.557861328125
20251024_150307.372790,1.096882700920105,0.9975182414054871,0.9991540312767029,-0.09688270092010498,0.0024817585945129395,0.0008459687232971191,1.2377805709838867,-179.58538818359375,-177.74208068847656,-1.2377805709838867,0.1371716558933258,-1.2252358198165894,40188,-0.005498796701431274,0.03624338284134865,0.10642707347869873,-0.6297375559806824,-0.7885445952415466,0.19304633140563965,69.48924255371094,1314.3355712890625,-195.21713256835938
20251024_150307.382756,1.096537709236145,0.9975203275680542,0.9994170665740967,-0.09653770923614502,0.0024796724319458008,0.0005829334259033203,1.1985353231430054,-179.7417755126953,-177.3936004638672,-1.1985353231430054,0.20341797173023224,-1.1860557794570923,40380,-0.003789067268371582,0.03623409569263458,0.17097294330596924,-0.6274951100349426,-0.7897050976753235,0.23114442825317383,69.43083190917969,1314.3603515625,-3.337860107421875
20251024_150307.392676,1.0962387323379517,0.9973850250244141,0.9996189475059509,-0.09623873233795166,0.0026149749755859375,0.00038105249404907227,1.2559170722961426,179.79832458496094,-177.2925567626953,-1.2559170722961426,0.16497358679771423,-1.2160990238189697,40604,-0.0024768412113189697,0.03622782975435257,0.13122260570526123,-0.6255517601966858,-0.7908617854118347,0.20031452178955078,73.21929931640625,1314.3858642578125,216.48406982421875
20251024_150307.402652,1.095963716506958,0.997287929058075,0.9998272657394409,-0.09596371650695801,0.002712070941925049,0.00017273426055908203,1.2478511333465576,179.46311950683594,-177.32156372070312,-1.2478511333465576,0.17050831019878387,-1.2315185070037842,40545,-0.0011227726936340332,0.036224231123924255,0.13540685176849365,-0.623764157295227,-0.792015016078949,0.18426060676574707,75.93798828125,1314.4124755859375,155.35354614257812
20251024_150307.412807,1.0956951379776,0.9971412420272827,1.0001845359802246,-0.0956951379776001,0.002858757972717285,-0.00018453598022460938,1.107637882232666,179.7454071044922,-177.3856658935547,-1.107637882232666,0.2696494460105896,-1.2352356910705566,40629,0.001199483871459961,0.036224305629730225,0.23222565650939941,-0.6220183968544006,-0.7931649684906006,0.1799476146697998,80.04522705078125,1314.4403076171875,234.69924926757812
20251024_150307.422726,1.0951778888702393,0.997437059879303,1.0003538131713867,-0.09517788887023926,0.0025629401206970215,-0.00035381317138671875,1.1438435316085815,-179.5617218017578,-176.8846893310547,-1.1438435316085815,0.14855776727199554,-1.0664095878601074,39912,0.002299785614013672,0.03622780740261078,0.1100301742553711,-0.6186562776565552,-0.7943102121353149,0.3465569019317627,71.76232147216797,1314.4674072265625,-473.3085632324219
20251024_150307.432868,1.094948172569275,0.9975254535675049,1.0004661083221436,-0.0949481725692749,0.002474546432495117,-0.0004661083221435547,0.9953336715698242,-179.0364990234375,-176.9893798828125,-0.9953336715698242,0.11225468665361404,-1.2587041854858398,40242,0.0030297040939331055,0.03623313456773758,0.07299184799194336,-0.6171631217002869,-0.7954509258270264,0.15390992164611816,69.28730010986328,1314.4925537109375,-141.42990112304688
20251024_150307.443006,1.0946711301803589,0.9972993731498718,1.0008691549301147,-0.09467113018035889,0.002700626850128174,-0.0008691549301147461,0.9972043633460999,-178.65899658203125,-177.1681671142578,-0.9972043633460999,0.30387163162231445,-1.2263325452804565,40751,0.00564950704574585,0.036241814494132996,0.2619802951812744,-0.6153623461723328,-0.796588659286499,0.18561840057373047,75.6175537109375,1314.5184326171875,361.7286682128906
20251024_150307.452591,1.094305396080017,0.9973060488700867,1.0010855197906494,-0.09430539608001709,0.00269395112991333,-0.001085519790649414,0.9673813581466675,-179.41714477539062,-177.1083221435547,-0.9673813581466675,0.18394756317138672,-1.1656657457351685,40379,0.007055878639221191,0.03625452145934105,0.14063715934753418,-0.6129850745201111,-0.7977225184440613,0.2450418472290039,75.43063354492188,1314.54541015625,-10.68115234375
20251024_150307.462174,1.0940908193588257,0.9971104860305786,1.0015827417373657,-0.09409081935882568,0.0028895139694213867,-0.0015827417373657227,0.790159285068512,179.47496032714844,-177.10369873046875,-0.790159285068512,0.36975395679473877,-1.2666767835617065,40708,0.010287821292877197,0.03627186268568039,0.3231942653656006,-0.6115903258323669,-0.7988529205322266,0.1437664031982422,80.90638732910156,1314.5733642578125,312.9005432128906
20251024_150307.473038,1.093765139579773,0.9969907999038696,1.0018527507781982,-0.09376513957977295,0.003009200096130371,-0.0018527507781982422,0.7211007475852966,179.2716522216797,-177.1276092529297,-0.7211007475852966,0.22384294867515564,-1.1912479400634766,40590,0.012042880058288574,0.03629419580101967,0.1755058765411377,-0.6094734072685242,-0.7999800443649292,0.21820545196533203,84.25759887695312,1314.6029052734375,191.497802734375
20251024_150307.482272,1.0932936668395996,0.9971382021903992,1.0020250082015991,-0.09329366683959961,0.00286179780960083,-0.002025008201599121,86.26531982421875,-86.96710205078125,93.97673034667969,15.0,0.16144928336143494,-1.0916244983673096,40158,0.013162553310394287,0.03631940111517906,0.11196732521057129,-0.6064088344573975,-0.8011023998260498,0.3158867359161377,80.13034057617188,1314.6322021484375,-235.84365844726562
20251024_150307.492770,1.0930836200714111,0.9970860481262207,1.0020697116851807,-0.09308362007141113,0.002913951873779297,-0.002069711685180664,1.0122815370559692,-179.6685028076172,-177.5712890625,-1.0122815370559692,0.07885640859603882,-1.2665328979492188,40479,0.013453125953674316,0.036346014589071274,0.02905726432800293,-0.6050435304641724,-0.8022206425666809,0.1407313346862793,81.59065246582031,1314.6611328125,83.44650268554688
20251024_150307.502674,1.0927826166152954,0.9971458315849304,1.0022555589675903,-0.09278261661529541,0.00285416841506958,-0.002255558967590332,1.0559331178665161,-179.19979858398438,-177.62156677246094,-1.0559331178665161,0.1718360036611557,-1.2047505378723145,40298,0.014661133289337158,0.036374129354953766,0.12080073356628418,-0.6030870079994202,-0.8033358454704285,0.20167231559753418,79.91671752929688,1314.68994140625,-95.65353393554688
20251024_150307.512723,1.0924431085586548,0.9972241520881653,1.0024797916412354,-0.09244310855865479,0.002775847911834717,-0.0024797916412353516,1.1205977201461792,-179.01075744628906,-177.47012329101562,-1.1205977201461792,0.19827479124069214,-1.1778570413589478,40267,0.016118645668029785,0.03640491142868996,0.1457512378692627,-0.6008802056312561,-0.8044471740722656,0.22747039794921875,77.72373962402344,1314.7181396484375,-125.31280517578125
20251024_150307.522841,1.092161774635315,0.9971320033073425,1.0027282238006592,-0.09216177463531494,0.0028679966926574707,-0.0027282238006591797,1.1433911323547363,-179.3807373046875,-177.17803955078125,-1.1433911323547363,0.21565312147140503,-1.2161126136779785,40542,0.017733454704284668,0.03643876314163208,0.16148090362548828,-0.5990515351295471,-0.8055548071861267,0.1884937286376953,80.30390930175781,1314.746337890625,147.43804931640625
20251024_150307.532882,1.0918704271316528,0.9970056414604187,1.0029932260513306,-0.09187042713165283,0.002994358539581299,-0.0029932260513305664,1.1772475242614746,-179.929931640625,-176.98165893554688,-1.1772475242614746,0.22818338871002197,-1.2086139917373657,40600,0.01945596933364868,0.036475952714681625,0.17225146293640137,-0.5971577763557434,-0.8066590428352356,0.19520282745361328,83.842041015625,1314.775634765625,202.178955078125
20251024_150307.542945,1.0914592742919922,0.9970767498016357,1.0031604766845703,-0.09145927429199219,0.002923250198364258,-0.0031604766845703125,1.1080231666564941,179.40574645996094,-177.63412475585938,-1.1080231666564941,0.1657719612121582,-1.1267719268798828,40282,0.02054309844970703,0.03651595115661621,0.10871291160583496,-0.5944852828979492,-0.8077589869499207,0.27547240257263184,81.85100555419922,1314.80517578125,-113.77334594726562
20251024_150307.552732,1.0911716222763062,0.9970107674598694,1.0033836364746094,-0.09117162227630615,0.0029892325401306152,-0.003383636474609375,1.2207245826721191,179.84524536132812,-177.92503356933594,-1.2207245826721191,0.2036059945821762,-1.2087434530258179,40504,0.021993637084960938,0.03655848652124405,0.14505386352539062,-0.59261554479599,-0.8088547587394714,0.19272685050964355,83.6985092163086,1314.834716796875,105.57174682617188
20251024_150307.562361,1.0909175872802734,0.9970577955245972,1.0035825967788696,-0.09091758728027344,0.002942204475402832,-0.003582596778869629,1.2625579833984375,-179.71939086914062,-177.9706573486328,-1.2625579833984375,0.18921484053134918,-1.2307082414627075,40322,0.023286879062652588,0.036603767424821854,0.12932419776916504,-0.5909643173217773,-0.8099473118782043,0.17020344734191895,82.38172912597656,1314.8643798828125,-75.24490356445312
20251024_150307.573044,1.0906039476394653,0.997113049030304,1.0038005113601685,-0.09060394763946533,0.002886950969696045,-0.003800511360168457,1.2517831325531006,-179.31695556640625,-178.01077270507812,-1.2517831325531006,0.2029995620250702,-1.1898235082626343,40307,0.02470332384109497,0.03665175661444664,0.14164447784423828,-0.5889256596565247,-0.8110364675521851,0.21013855934143066,80.83462524414062,1314.8935546875,-88.40560913085938
20251024_150307.582703,1.0903903245925903,0.9968005418777466,1.0042222738265991,-0.09039032459259033,0.003199458122253418,-0.004222273826599121,1.077168345451355,-178.43408203125,-176.89492797851562,-1.077168345451355,0.33829429745674133,-1.256532073020935,40904,0.027444779872894287,0.03670390695333481,0.27414560317993164,-0.5875371098518372,-0.8121224045753479,0.14312744140625,89.58482360839844,1314.9239501953125,500.0114440917969
20251024_150307.592817,1.0901130437850952,0.9966323375701904,1.0045565366744995,-0.09011304378509521,0.0033676624298095703,-0.004556536674499512,1.0034645795822144,-178.92562866210938,-176.47315979003906,-1.0034645795822144,0.2836492955684662,-1.2131620645523071,40678,0.029617488384246826,0.03676096722483635,0.2172708511352539,-0.5857347846031189,-0.8132054209709167,0.18577814102172852,94.29454803466797,1314.956787109375,269.12689208984375
20251024_150307.603192,1.0897939205169678,0.9965113997459412,1.0048770904541016,-0.08979392051696777,0.003488600254058838,-0.0048770904541015625,1.1317018270492554,-179.43182373046875,-176.38656616210938,-1.1317018270492554,0.2768833339214325,-1.1841328144073486,40606,0.031701087951660156,0.03682228550314903,0.208359956741333,-0.5836604833602905,-0.8142848610877991,0.21381258964538574,97.6808090209961,1314.9910888671875,193.50051879882812
20251024_150307.611955,1.089531660079956,0.9963877201080322,1.005293846130371,-0.08953166007995605,0.0036122798919677734,-0.005293846130371094,0.9581368565559387,-179.6595458984375,-176.54550170898438,-0.9581368565559387,0.34218958020210266,-1.2216020822525024,40614,0.03440999984741211,0.036888398230075836,0.2708911895751953,-0.5819557905197144,-0.8153608441352844,0.17571449279785156,101.14383697509766,1315.026611328125,197.88742065429688
20251024_150307.622959,1.0890599489212036,0.9965552091598511,1.0052831172943115,-0.08905994892120361,0.0034447908401489258,-0.0052831172943115234,1.1461299657821655,-179.97557067871094,-177.1949920654297,-1.1461299657821655,0.06432366371154785,-1.0792756080627441,40143,0.0343402624130249,0.03695714846253395,-0.006973743438720703,-0.5788896679878235,-0.8164323568344116,0.31604647636413574,96.45414733886719,1315.0618896484375,-267.98248291015625
20251024_150307.632920,1.0887480974197388,0.9966633319854736,1.0055358409881592,-0.08874809741973877,0.003336668014526367,-0.00553584098815918,1.1462584733963013,-179.79307556152344,-177.22366333007812,-1.1462584733963013,0.23728084564208984,-1.185421347618103,40235,0.03598296642303467,0.037027470767498016,0.16427040100097656,-0.576862633228302,-0.8174992203712463,0.2089405059814453,93.42670440673828,1315.0958251953125,-172.99652099609375
20251024_150307.642464,1.0884480476379395,0.9967854619026184,1.0057560205459595,-0.08844804763793945,0.003214538097381592,-0.005756020545959473,1.1381767988204956,-179.58248901367188,-177.06973266601562,-1.1381767988204956,0.21763171255588531,-1.1924413442611694,40209,0.03741413354873657,0.03710087016224861,0.14311671257019043,-0.5749123096466064,-0.818562388420105,0.201033353805542,90.00706481933594,1315.1285400390625,-195.40786743164062
20251024_150307.652598,1.0881648063659668,0.9967525601387024,1.0060875415802002,-0.0881648063659668,0.0032474398612976074,-0.006087541580200195,1.0314984321594238,-179.80728149414062,-177.0329132080078,-1.0314984321594238,0.2922355532646179,-1.2029216289520264,40458,0.03956902027130127,0.03717785328626633,0.21548867225646973,-0.5730712413787842,-0.8196220993995667,0.1897716522216797,90.92831420898438,1315.160888671875,52.642822265625
20251024_150307.662028,1.087865948677063,0.9967456459999084,1.00630784034729,-0.08786594867706299,0.0032543540000915527,-0.006307840347290039,1.1135605573654175,-179.89266967773438,-177.09510803222656,-1.1135605573654175,0.22145357728004456,-1.1915723085403442,40417,0.041000962257385254,0.03725842013955116,0.14319419860839844,-0.5711286664009094,-0.8206782937049866,0.20023465156555176,91.12191009521484,1315.193359375,11.0626220703125
20251024_150307.672932,1.0875389575958252,0.9966237545013428,1.0065674781799316,-0.0875389575958252,0.0033762454986572266,-0.006567478179931641,1.1215049028396606,179.8509521484375,-177.33486938476562,-1.1215049028396606,0.2487953156232834,-1.1716499328613281,40604,0.042688608169555664,0.03734211251139641,0.16876459121704102,-0.5690032243728638,-0.8217306733131409,0.2190840244293213,94.53487396240234,1315.2265625,195.02639770507812
20251024_150307.682673,1.0872169733047485,0.9965869784355164,1.006800889968872,-0.08721697330474854,0.0034130215644836426,-0.00680088996887207,1.1470381021499634,179.51214599609375,-177.67446899414062,-1.1470381021499634,0.2333524525165558,-1.1739600896835327,40469,0.04420578479766846,0.03742900490760803,0.1517176628112793,-0.5669103264808655,-0.8227792382240295,0.2157294750213623,95.56460571289062,1315.260498046875,58.841705322265625
20251024_150307.692853,1.0869508981704712,0.9966434240341187,1.0069663524627686,-0.08695089817047119,0.0033565759658813477,-0.006966352462768555,1.143357276916504,179.60702514648438,-177.58853149414062,-1.143357276916504,0.19035039842128754,-1.2107347249984741,40318,0.045281291007995605,0.037518493831157684,0.10755062103271484,-0.5651808381080627,-0.8238242268562317,0.1782703399658203,93.984130859375,1315.2943115234375,-90.31295776367188
20251024_150307.702882,1.0866725444793701,0.9967129230499268,1.0071648359298706,-0.08667254447937012,0.003287076950073242,-0.0071648359298706055,1.221235752105713,179.85105895996094,-177.62925720214844,-1.221235752105713,0.2131960391998291,-1.2017405033111572,40296,0.046571433544158936,0.03761034458875656,0.129014253616333,-0.5633715391159058,-0.824865996837616,0.18649697303771973,92.03815460205078,1315.3275146484375,-111.19842529296875
20251024_150307.712833,1.086382269859314,0.9967701435089111,1.0073734521865845,-0.08638226985931396,0.003229856491088867,-0.007373452186584473,1.2404038906097412,-179.93978881835938,-177.60179138183594,-1.2404038906097412,0.2212328463792801,-1.192905068397522,40314,0.04792743921279907,0.037704844027757645,0.13560056686401367,-0.5614847540855408,-0.8259043097496033,0.19448399543762207,90.43598175048828,1315.360107421875,-91.552734375
20251024_150307.722786,1.086038589477539,0.9967913627624512,1.0075958967208862,-0.08603858947753906,0.003208637237548828,-0.0075958967208862305,1.2646172046661377,-179.21307373046875,-177.2308807373047,-1.2646172046661377,0.23176442086696625,-1.155923843383789,40371,0.0493733286857605,0.03780214488506317,0.14458894729614258,-0.5592508316040039,-0.826938807964325,0.23026585578918457,89.84184265136719,1315.392333984375,-33.9508056640625
20251024_150307.732906,1.0857311487197876,0.9964919686317444,1.007924199104309,-0.0857311487197876,0.0035080313682556152,-0.007924199104309082,1.0904914140701294,-178.75550842285156,-176.70481872558594,-1.0904914140701294,0.3028068542480469,-1.179236650466919,40892,0.05150729417800903,0.03790302574634552,0.21339654922485352,-0.5572524666786194,-0.8279694318771362,0.20598530769348145,98.2248764038086,1315.4259033203125,479.0306091308594
20251024_150307.742761,1.0854432582855225,0.9963136911392212,1.0081424713134766,-0.08544325828552246,0.0036863088607788086,-0.008142471313476562,1.2152197360992432,-179.05125427246094,-177.09298706054688,-1.2152197360992432,0.23281045258045197,-1.1914911270141602,40703,0.052926063537597656,0.0380074605345726,0.1418769359588623,-0.555381178855896,-0.828996479511261,0.1928865909576416,103.21664428710938,1315.4619140625,285.2439880371094
20251024_150307.752601,1.0850993394851685,0.9962052702903748,1.0084192752838135,-0.08509933948516846,0.003794729709625244,-0.008419275283813477,1.1740812063217163,-179.4322052001953,-177.23129272460938,-1.1740812063217163,0.2727629840373993,-1.1527398824691772,40595,0.0547252893447876,0.038115110248327255,0.17992258071899414,-0.553145706653595,-0.8300197720527649,0.23042559623718262,106.25243377685547,1315.499267578125,173.47335815429688
20251024_150307.763205,1.0847628116607666,0.9963054060935974,1.0085848569869995,-0.0847628116607666,0.003694593906402588,-0.008584856986999512,1.1485453844070435,-179.55264282226562,-177.42434692382812,-1.1485453844070435,0.201655313372612,-1.156523585319519,40258,0.055801570415496826,0.03822563588619232,0.10762810707092285,-0.5509582757949829,-0.8310389518737793,0.22547364234924316,103.4486312866211,1315.5367431640625,-160.21728515625
20251024_150307.772673,1.084281086921692,0.9965730905532837,1.0087521076202393,-0.0842810869216919,0.0034269094467163086,-0.008752107620239258,87.66310119628906,-98.6493911743164,82.18981170654297,15.0,0.20393994450569153,-1.0571247339248657,39983,0.056888699531555176,0.038338325917720795,0.10871291160583496,-0.5478270649909973,-0.8320531845092773,0.3227555751800537,95.95346069335938,1315.5723876953125,-428.2951354980469
20251024_150307.782601,1.0839766263961792,0.9966607093811035,1.0089515447616577,-0.0839766263961792,0.0033392906188964844,-0.008951544761657715,87.89524841308594,-99.47777557373047,81.49739837646484,15.0,0.2262725830078125,-1.174922227859497,40268,0.058185040950775146,0.03845340013504028,0.12963414192199707,-0.5458480715751648,-0.8330627083778381,0.20398855209350586,93.50013732910156,1315.606201171875,-140.19012451171875
20251024_150307.792856,1.083838939666748,0.9964786767959595,1.009178876876831,-0.08383893966674805,0.0035213232040405273,-0.009178876876831055,1.0842528343200684,-179.16146850585938,-176.94354248046875,-1.0842528343200684,0.24599982798099518,-1.286772608757019,40705,0.059662699699401855,0.038571249693632126,0.1477658748626709,-0.5449531078338623,-0.8340696096420288,0.09225010871887207,98.5970458984375,1315.6405029296875,291.25213623046875
20251024_150307.802964,1.0834723711013794,0.9964338541030884,1.0093743801116943,-0.0834723711013794,0.003566145896911621,-0.009374380111694336,1.1245476007461548,-179.23965454101562,-176.82772827148438,-1.1245476007461548,0.22670242190361023,-1.1320430040359497,40487,0.060933470726013184,0.038691844791173935,0.1270771026611328,-0.5425704121589661,-0.8350734710693359,0.24560093879699707,99.85208129882812,1315.6759033203125,71.71630859375
20251024_150307.812558,1.0831689834594727,0.9963368773460388,1.0095438957214355,-0.08316898345947266,0.0036631226539611816,-0.009543895721435547,1.1652392148971558,-179.4757080078125,-176.7543182373047,-1.1652392148971558,0.21103528141975403,-1.1734020709991455,40573,0.062035322189331055,0.038814812898635864,0.11018514633178711,-0.5405983924865723,-0.8360733389854431,0.20326972007751465,102.56743621826172,1315.7120361328125,155.16281127929688
20251024_150307.822619,1.0828419923782349,0.9962307810783386,1.0098381042480469,-0.08284199237823486,0.003769218921661377,-0.009838104248046875,1.345950722694397,-179.87594604492188,-176.86741638183594,-1.345950722694397,0.2941240072250366,-1.1564583778381348,40591,0.06394767761230469,0.03894079849123955,0.19123554229736328,-0.5384729504585266,-0.8370693922042847,0.2190840244293213,105.53813171386719,1315.749267578125,169.7540283203125
20251024_150307.832615,1.0825039148330688,0.9961977005004883,1.0100194215774536,-0.08250391483306885,0.0038022994995117188,-0.010019421577453613,1.350051999092102,-179.9595489501953,-176.93276977539062,-1.350051999092102,0.22205238044261932,-1.147825002670288,40475,0.06512624025344849,0.039069872349500656,0.11785626411437988,-0.5362754464149475,-0.838061511516571,0.22651195526123047,106.46438598632812,1315.787109375,52.928924560546875
20251024_150307.843164,1.0821815729141235,0.9962254762649536,1.0101820230484009,-0.08218157291412354,0.0037745237350463867,-0.010182023048400879,1.364694595336914,-179.78208923339844,-176.93423461914062,-1.364694595336914,0.2110752910375595,-1.157260775566101,40377,0.06618314981460571,0.03920118138194084,0.10569095611572266,-0.534180223941803,-0.8390495777130127,0.21596908569335938,105.68666076660156,1315.824951171875,-44.44122314453125
20251024_150307.852924,1.0817346572875977,0.9964678287506104,1.0103380680084229,-0.08173465728759766,0.0035321712493896484,-0.010338068008422852,1.4580295085906982,-179.95558166503906,-177.59921264648438,-1.4580295085906982,0.20796123147010803,-1.0718748569488525,40026,0.06719744205474854,0.03933456167578697,0.10142922401428223,-0.5312752723693848,-0.8400331139564514,0.29943346977233887,98.90079498291016,1315.8614501953125,-387.76397705078125
20251024_150307.862890,1.0814279317855835,0.9965824484825134,1.010467529296875,-0.0814279317855835,0.0034175515174865723,-0.010467529296875,1.4402228593826294,-179.6769256591797,-177.49441528320312,-1.4402228593826294,0.19165857136249542,-1.1647875308990479,40228,0.0680389404296875,0.039469797164201736,0.08414983749389648,-0.5292815566062927,-0.8410120606422424,0.2055060863494873,95.69144439697266,1315.896240234375,-183.39157104492188
20251024_150307.873035,1.0810340642929077,0.9965497255325317,1.0106452703475952,-0.08103406429290771,0.0034502744674682617,-0.010645270347595215,1.3053152561187744,-179.3445587158203,-177.21702575683594,-1.3053152561187744,0.22433297336101532,-1.1048170328140259,40464,0.0691942572593689,0.039607029408216476,0.11553168296813965,-0.5267214179039001,-0.8419868350028992,0.26389122009277344,96.60768127441406,1315.9305419921875,52.356719970703125
20251024_150307.882886,1.0806376934051514,0.996569037437439,1.0108083486557007,-0.08063769340515137,0.003430962562561035,-0.010808348655700684,1.3875635862350464,-179.5863494873047,-177.0299072265625,-1.3875635862350464,0.21600164473056793,-1.1015334129333496,40381,0.07025426626205444,0.0397464781999588,0.10600090026855469,-0.5241450071334839,-0.8429569005966187,0.26556849479675293,96.06695556640625,1315.9649658203125,-30.8990478515625
20251024_150307.892851,1.0802319049835205,0.9965569376945496,1.0109241008758545,-0.08023190498352051,0.0034430623054504395,-0.010924100875854492,87.23857879638672,-101.68885803222656,78.99125671386719,15.0,0.18613334000110626,-1.0935512781143188,40431,0.0710066556930542,0.03988774120807648,0.07523894309997559,-0.5215073823928833,-0.8439220786094666,0.2718782424926758,96.40574645996094,1315.9993896484375,19.359588623046875
20251024_150307.902952,1.0799195766448975,0.9963215589523315,1.0111727714538574,-0.07991957664489746,0.003678441047668457,-0.011172771453857422,1.4944510459899902,179.7458953857422,-177.0264892578125,-1.4944510459899902,0.2742902636528015,-1.1551002264022827,40795,0.07262301445007324,0.040031369775533676,0.1616358757019043,-0.5194772481918335,-0.8448830246925354,0.2092599868774414,102.99635314941406,1316.034912109375,376.6059875488281
20251024_150307.912295,1.0794885158538818,0.9962426424026489,1.0113364458084106,-0.07948851585388184,0.0037573575973510742,-0.011336445808410645,1.212703824043274,179.68836975097656,-176.46556091308594,-1.212703824043274,0.2202529013156891,-1.0737041234970093,40547,0.07368689775466919,0.04017768055200577,0.10638833045959473,-0.5166753530502319,-0.8458394408226013,0.28881072998046875,105.20600891113281,1316.0721435546875,126.2664794921875
20251024_150307.922206,1.0790458917617798,0.9963040351867676,1.0115402936935425,-0.07904589176177979,0.003695964813232422,-0.01154029369354248,87.1649398803711,-101.41159057617188,79.67427062988281,15.0,0.24783940613269806,-1.0640307664871216,40321,0.07501190900802612,0.040326379239559174,0.13250112533569336,-0.5137982964515686,-0.8467906713485718,0.296558141708374,103.48701477050781,1316.109375,-98.22845458984375
20251024_150307.933091,1.0788425207138062,0.9962015748023987,1.011687159538269,-0.07884252071380615,0.0037984251976013184,-0.011687159538269043,1.4104347229003906,-179.54867553710938,-176.86476135253906,-1.4104347229003906,0.21190668642520905,-1.223955750465393,40586,0.07596653699874878,0.04047735780477524,0.09546279907226562,-0.51247638463974,-0.8477379679679871,0.13625860214233398,106.35590362548828,1316.1468505859375,163.93661499023438
20251024_150307.943284,1.0783864259719849,0.9963400959968567,1.011751651763916,-0.07838642597198486,0.0036599040031433105,-0.011751651763916016,1.4944688081741333,-178.7129669189453,-177.05955505371094,-1.4944688081741333,0.15893539786338806,-1.0526096820831299,40197,0.0763857364654541,0.040629707276821136,0.04191994667053223,-0.5095117688179016,-0.8486813902854919,0.30558347702026367,102.47731018066406,1316.1842041015625,-221.6339111328125
20251024_150307.952924,1.0780099630355835,0.9963294267654419,1.011900544166565,-0.0780099630355835,0.0036705732345581055,-0.011900544166564941,1.4417186975479126,-178.75344848632812,-176.99795532226562,-1.4417186975479126,0.21491704881191254,-1.1044542789459229,40436,0.07735353708267212,0.04078344628214836,0.09678006172180176,-0.5070647597312927,-0.8496197462081909,0.252230167388916,102.77604675292969,1316.2208251953125,17.070770263671875
20251024_150307.962961,1.077630639076233,0.9963074326515198,1.0120385885238647,-0.07763063907623291,0.0036925673484802246,-0.012038588523864746,1.463954210281372,-178.8979034423828,-176.98687744140625,-1.463954210281372,0.2089187055826187,-1.1010056734085083,40454,0.07825082540512085,0.040939051657915115,0.08972883224487305,-0.5045991539955139,-0.850553572177887,0.2541470527648926,103.39188385009766,1316.2576904296875,35.190582275390625
20251024_150307.972747,1.077215552330017,0.9961873292922974,1.0122076272964478,-0.07721555233001709,0.0038126707077026367,-0.012207627296447754,1.492998480796814,-179.59194946289062,-176.94134521484375,-1.492998480796814,0.23032143712043762,-1.0752756595611572,40615,0.0793495774269104,0.041096653789281845,0.10987520217895508,-0.5019010901451111,-0.8514826893806458,0.2781081199645996,106.75477600097656,1316.295166015625,192.16537475585938
20251024_150307.982860,1.076673984527588,0.9962865114212036,1.0123404264450073,-0.07667398452758789,0.0037134885787963867,-0.012340426445007324,86.82119750976562,-101.82862854003906,79.38602447509766,15.0,0.20778843760490417,-0.9879364967346191,40261,0.08021277189254761,0.041256215423345566,0.0863194465637207,-0.4983808994293213,-0.8524060249328613,0.3628504276275635,103.97767639160156,1316.332763671875,-158.69140625
20251024_150307.992911,1.076486587524414,0.9960400462150574,1.0125008821487427,-0.07648658752441406,0.003959953784942627,-0.012500882148742676,86.71257781982422,-103.86527252197266,76.51533508300781,15.0,0.2269696295261383,-1.2249318361282349,40821,0.08125573396682739,0.0414176844060421,0.10429620742797852,-0.4971628189086914,-0.8533249497413635,0.12555599212646484,110.87870788574219,1316.3712158203125,394.3443298339844
20251024_150308.002843,1.075985074043274,0.9959886074066162,1.0126532316207886,-0.07598507404327393,0.004011392593383789,-0.012653231620788574,1.5175423622131348,-179.9357452392578,-176.80096435546875,-1.5175423622131348,0.222854346036911,-1.0121287107467651,40511,0.08224600553512573,0.041581183671951294,0.09902715682983398,-0.4939029812812805,-0.854239821434021,0.3360140323638916,112.3189926147461,1316.4110107421875,82.30209350585938
20251024_150308.012930,1.0755326747894287,0.9959024786949158,1.0127602815628052,-0.07553267478942871,0.0040975213050842285,-0.012760281562805176,1.6621776819229126,-179.71139526367188,-177.05950927734375,-1.6621776819229126,0.19427067041397095,-1.043003797531128,40568,0.08294183015823364,0.04174637421965599,0.06958246231079102,-0.4909623861312866,-0.8551489114761353,0.30310750007629395,114.73059844970703,1316.4515380859375,137.80593872070312
20251024_150308.022949,1.0750267505645752,0.996122419834137,1.0128158330917358,-0.0750267505645752,0.003877580165863037,-0.01281583309173584,1.7541131973266602,-179.1330108642578,-176.75152587890625,-1.7541131973266602,0.16132402420043945,-1.0047569274902344,40073,0.08330291509628296,0.04191261902451515,0.03610849380493164,-0.48767387866973877,-0.8560522794723511,0.33896923065185547,108.5722427368164,1316.491455078125,-351.90582275390625
20251024_150308.032932,1.0746217966079712,0.9961973428726196,1.012913703918457,-0.07462179660797119,0.003802657127380371,-0.012913703918457031,1.759735107421875,-178.86721801757812,-176.71365356445312,-1.759735107421875,0.18963497877120972,-1.070672631263733,40303,0.0839390754699707,0.042079858481884,0.06361603736877441,-0.48504167795181274,-0.8569501638412476,0.2713191509246826,106.47439575195312,1316.5299072265625,-119.87686157226562
20251024_150308.042971,1.074196457862854,0.9961970448493958,1.013005018234253,-0.074196457862854,0.003802955150604248,-0.01300501823425293,1.8034917116165161,-178.8509063720703,-176.76129150390625,-1.8034917116165161,0.18613526225090027,-1.055143117904663,40423,0.08453261852264404,0.042248331010341644,0.059354305267333984,-0.482276976108551,-0.8578430414199829,0.2849769592285156,106.48274230957031,1316.56787109375,0.476837158203125
20251024_150308.052740,1.0737828016281128,0.9961252808570862,1.0130943059921265,-0.07378280162811279,0.0038747191429138184,-0.013094305992126465,1.9005941152572632,-178.9741973876953,-176.82540893554688,-1.9005941152572632,0.18556800484657288,-1.0611695051193237,40539,0.08511298894882202,0.0424179770052433,0.05803704261779785,-0.47958821058273315,-0.8587309122085571,0.27714967727661133,108.49213409423828,1316.6063232421875,114.8223876953125
20251024_150308.063401,1.0733957290649414,0.9960281252861023,1.0132060050964355,-0.0733957290649414,0.003971874713897705,-0.013206005096435547,1.9230802059173584,-179.33053588867188,-176.85215759277344,-1.9230802059173584,0.2010323852300644,-1.0773476362228394,40583,0.08583903312683105,0.04258893057703972,0.07260441780090332,-0.47707223892211914,-0.8596140146255493,0.2593386173248291,111.21249389648438,1316.6455078125,155.44891357421875
20251024_150308.072762,1.0728472471237183,0.9960921406745911,1.013236403465271,-0.07284724712371826,0.0039078593254089355,-0.013236403465270996,1.950076699256897,179.85581970214844,-177.45767211914062,-1.950076699256897,0.14855636656284332,-0.9665156602859497,40323,0.08603662252426147,0.042760804295539856,0.019758939743041992,-0.4735071063041687,-0.8604914546012878,0.36748290061950684,109.42005920410156,1316.6849365234375,-102.42462158203125
20251024_150308.082547,1.0724103450775146,0.9960082769393921,1.013303518295288,-0.07241034507751465,0.00399172306060791,-0.013303518295288086,1.9841389656066895,179.74440002441406,-177.53628540039062,-1.9841389656066895,0.173030823469162,-1.0393059253692627,40562,0.08647286891937256,0.04293331503868103,0.0436246395111084,-0.4706672430038452,-0.8613629937171936,0.2927243709564209,111.76824951171875,1316.724365234375,134.18197631835938
20251024_150308.092747,1.0718344449996948,0.9961119890213013,1.0133509635925293,-0.07183444499969482,0.0038880109786987305,-0.013350963592529297,86.88362121582031,-109.6821517944336,70.47193145751953,15.0,0.16072727739810944,-0.9432992935180664,40259,0.08678126335144043,0.0431065671145916,0.03083944320678711,-0.46692389249801636,-0.8622284531593323,0.3858530521392822,108.86430358886719,1316.7637939453125,-165.9393310546875
20251024_150308.102837,1.0714068412780762,0.9961487650871277,1.0133917331695557,-0.07140684127807617,0.0038512349128723145,-0.013391733169555664,86.92196655273438,-110.87226867675781,69.29203796386719,15.0,0.15682688355445862,-1.0407378673553467,40365,0.08704626560211182,0.04328039661049843,0.026500225067138672,-0.4641444683074951,-0.8630878925323486,0.28649449348449707,107.83457946777344,1316.802490234375,-58.841705322265625
20251024_150308.112656,1.0710166692733765,0.9959949851036072,1.0135252475738525,-0.07101666927337646,0.004005014896392822,-0.013525247573852539,1.9180381298065186,-179.58135986328125,-177.65980529785156,-1.9180381298065186,0.21815383434295654,-1.0641355514526367,40675,0.0879141092300415,0.04345535486936569,0.08678436279296875,-0.461608350276947,-0.8639424443244934,0.2614152431488037,112.14041900634766,1316.841796875,246.0479736328125
20251024_150308.122918,1.0704233646392822,0.9962365627288818,1.0135116577148438,-0.07042336463928223,0.003763437271118164,-0.01351165771484375,87.33103942871094,-111.83123016357422,68.74243927001953,15.0,0.12262346595525742,-0.9250288605690002,40035,0.08782577514648438,0.04363109543919563,-0.00883340835571289,-0.4577518701553345,-0.8647910952568054,0.39751410484313965,105.3762435913086,1316.880615234375,-386.5242004394531
20251024_150308.133074,1.0701854228973389,0.9959640502929688,1.0136170387268066,-0.07018542289733887,0.00403594970703125,-0.01361703872680664,1.9188461303710938,-179.32058715820312,-177.89559936523438,-1.9188461303710938,0.2008158415555954,-1.162419080734253,40865,0.08851075172424316,0.04380743205547333,0.0684976577758789,-0.45620524883270264,-0.8656347393989563,0.15942096710205078,113.006591796875,1316.9195556640625,436.0198974609375
20251024_150308.142818,1.0697048902511597,0.9959321022033691,1.0137311220169067,-0.06970489025115967,0.004067897796630859,-0.013731122016906738,1.9211339950561523,-178.7386932373047,-177.803466796875,-1.9211339950561523,0.2073916345834732,-0.9975990056991577,40481,0.0892522931098938,0.04398519545793533,0.07415413856506348,-0.45308178663253784,-0.8664740920066833,0.3219568729400635,113.90113830566406,1316.9600830078125,51.116943359375
20251024_150308.152705,1.0692460536956787,0.9958130717277527,1.0138307809829712,-0.06924605369567871,0.0041869282722473145,-0.013830780982971191,2.006345748901367,-178.79844665527344,-177.81349182128906,-2.006345748901367,0.19884274899959564,-1.0099866390228271,40624,0.08990007638931274,0.044164348393678665,0.06477832794189453,-0.4500993490219116,-0.8673077821731567,0.3074204921722412,117.23399353027344,1317.0013427734375,190.44876098632812
20251024_150308.162250,1.0687888860702515,0.9958535432815552,1.0140876770019531,-0.06878888607025146,0.004146456718444824,-0.014087677001953125,1.7335195541381836,-179.10203552246094,-177.35443115234375,-1.7335195541381836,0.3028981387615204,-1.0089614391326904,40368,0.09156990051269531,0.04434581845998764,0.16698241233825684,-0.4471277594566345,-0.8681359887123108,0.3063023090362549,116.10078430175781,1317.0430908203125,-64.75448608398438
20251024_150308.172594,1.0682564973831177,0.9959033727645874,1.0141979455947876,-0.06825649738311768,0.004096627235412598,-0.014197945594787598,1.6693779230117798,-179.54071044921875,-176.77687072753906,-1.6693779230117798,0.20849090814590454,-0.9559251070022583,40352,0.09228664636611938,0.04452967643737793,0.07167458534240723,-0.4436672329902649,-0.8689582943916321,0.35670042037963867,114.70556640625,1317.084228515625,-79.7271728515625
20251024_150308.182146,1.0678343772888184,0.9958465695381165,1.0142502784729004,-0.06783437728881836,0.004153430461883545,-0.01425027847290039,1.6744002103805542,-179.4905548095703,-176.663818359375,-1.6744002103805542,0.17135776579380035,-1.0278778076171875,40524,0.09262681007385254,0.044714588671922684,0.03401637077331543,-0.44092345237731934,-0.8697748184204102,0.282820463180542,116.29605102539062,1317.12548828125,90.88516235351562
20251024_150308.192633,1.0672482252120972,0.9959036707878113,1.0140552520751953,-0.06724822521209717,0.004096329212188721,-0.014055252075195312,1.9063148498535156,-179.53482055664062,-176.8201904296875,-1.9063148498535156,0.009490554220974445,-0.9149768948554993,40340,0.09135913848876953,0.04489857330918312,-0.12676715850830078,-0.4371134638786316,-0.8705853223800659,0.39272189140319824,114.69721984863281,1317.166748046875,-91.36199951171875
20251024_150308.202610,1.0669714212417603,0.9958625435829163,1.014101266860962,-0.06697142124176025,0.00413745641708374,-0.014101266860961914,1.9682456254959106,-179.2902069091797,-177.20904541015625,-1.9682456254959106,0.16664943099021912,-1.1212462186813354,40498,0.09165823459625244,0.045081593096256256,0.029909610748291016,-0.43531423807144165,-0.8713906407356262,0.18545866012573242,115.8487777709961,1317.2080078125,65.80352783203125
20251024_150308.212646,1.0665366649627686,0.9959256052970886,1.014076828956604,-0.06653666496276855,0.004074394702911377,-0.014076828956604004,1.9324030876159668,-178.8452606201172,-177.40679931640625,-1.9324030876159668,0.12087950110435486,-1.0133932828903198,40330,0.09149938821792603,0.045264750719070435,-0.0158846378326416,-0.4324883222579956,-0.8721916675567627,0.2912867069244385,114.08305358886719,1317.2490234375,-100.89874267578125
20251024_150308.222589,1.066139817237854,0.9958928823471069,1.0141360759735107,-0.066139817237854,0.004107117652893066,-0.014136075973510742,1.8632460832595825,-178.85882568359375,-177.50880432128906,-1.8632460832595825,0.17584319412708282,-1.0370086431503296,40484,0.09188449382781982,0.04544813185930252,0.03851056098937988,-0.429908812046051,-0.8729877471923828,0.265887975692749,114.99929809570312,1317.2899169921875,52.356719970703125
20251024_150308.232779,1.0656920671463013,0.9957543611526489,1.014194130897522,-0.06569206714630127,0.004245638847351074,-0.014194130897521973,2.022038459777832,-178.8529510498047,-177.78900146484375,-2.022038459777832,0.17562982439994812,-1.0007846355438232,40657,0.09226185083389282,0.04563228040933609,0.037735700607299805,-0.42699843645095825,-0.873778760433197,0.29999256134033203,118.87788391113281,1317.3316650390625,221.6339111328125
20251024_150308.242656,1.0652581453323364,0.9955859780311584,1.0143470764160156,-0.06525814533233643,0.004414021968841553,-0.014347076416015625,1.9794142246246338,-178.96591186523438,-177.57684326171875,-1.9794142246246338,0.23848837614059448,-1.0080147981643677,40710,0.09325599670410156,0.045817796140909195,0.09941458702087402,-0.42417794466018677,-0.8745644688606262,0.2907276153564453,123.59261322021484,1317.375,269.4129943847656
20251024_150308.252744,1.0647863149642944,0.9954767227172852,1.014439344406128,-0.06478631496429443,0.004523277282714844,-0.01443934440612793,2.0150303840637207,-179.13780212402344,-177.61810302734375,-2.0150303840637207,0.19983483850955963,-0.9803293943405151,40618,0.09385573863983154,0.04600491002202034,0.05997419357299805,-0.4211110472679138,-0.8753446936607361,0.31612634658813477,126.65176391601562,1317.419677734375,174.80850219726562
20251024_150308.263098,1.0643525123596191,0.995472252368927,1.0144892930984497,-0.06435251235961914,0.004527747631072998,-0.014489293098449707,1.9635593891143799,-179.17742919921875,-177.5463409423828,-1.9635593891143799,0.17283999919891357,-1.0037630796432495,40451,0.0941804051399231,0.046192944049835205,0.03246665000915527,-0.4182913303375244,-0.8761195540428162,0.2906477451324463,126.77693176269531,1317.4649658203125,7.152557373046875
20251024_150308.272629,1.0639246702194214,0.9955496191978455,1.0144790410995483,-0.06392467021942139,0.004450380802154541,-0.01447904109954834,1.8866262435913086,-179.11485290527344,-177.3214569091797,-1.8866262435913086,0.1338312029838562,-1.0057452917099,40318,0.09411376714706421,0.04638123884797096,-0.006663799285888672,-0.415510356426239,-0.8768892288208008,0.2866542339324951,124.61066436767578,1317.509765625,-123.78692626953125
20251024_150308.282696,1.0633817911148071,0.9957869052886963,1.0144308805465698,-0.06338179111480713,0.004213094711303711,-0.014430880546569824,1.9156519174575806,-179.61758422851562,-177.6443328857422,-1.9156519174575806,0.10906551778316498,-0.925905704498291,40055,0.09380072355270386,0.04656915366649628,-0.031304359436035156,-0.41198164224624634,-0.8776530623435974,0.36372900009155273,117.9666519165039,1317.5531005859375,-379.6577453613281
20251024_150308.292580,1.062961459159851,0.9957756996154785,1.0145044326782227,-0.06296145915985107,0.004224300384521484,-0.014504432678222656,1.9462190866470337,-179.6122589111328,-177.61868286132812,-1.9462190866470337,0.1888449341058731,-1.0060381889343262,40453,0.09427881240844727,0.046757232397794724,0.04780888557434082,-0.409249484539032,-0.8784111142158508,0.28162240982055664,118.28041076660156,1317.5953369140625,17.9290771484375
20251024_150308.302901,1.0625338554382324,0.9958131909370422,1.0145487785339355,-0.06253385543823242,0.004186809062957764,-0.014548778533935547,1.9402275085449219,-179.72796630859375,-177.2334747314453,-1.9402275085449219,0.17033794522285461,-0.999139666557312,40374,0.09456706047058105,0.04694607853889465,0.028824806213378906,-0.40647006034851074,-0.8791640996932983,0.28649449348449707,117.23065185546875,1317.6373291015625,-59.986114501953125
20251024_150308.312712,1.0621650218963623,0.9956735968589783,1.0145915746688843,-0.062165021896362305,0.0043264031410217285,-0.014591574668884277,1.9118620157241821,-179.80630493164062,-177.57015991210938,-1.9118620157241821,0.16979821026325226,-1.0368664264678955,40662,0.0948452353477478,0.04713549092411995,0.027817487716674805,-0.404072642326355,-0.879912257194519,0.24711847305297852,121.13928985595703,1317.679931640625,223.35052490234375
20251024_150308.322756,1.0616811513900757,0.9957376718521118,1.0146375894546509,-0.061681151390075684,0.004262328147888184,-0.014637589454650879,1.9959765672683716,179.76303100585938,-177.5731964111328,-1.9959765672683716,0.17237941920757294,-0.9573895931243896,40334,0.09514433145523071,0.04732548072934151,0.029909610748291016,-0.40092748403549194,-0.8806553483009338,0.32419323921203613,119.34518432617188,1317.722900390625,-102.51998901367188
20251024_150308.333128,1.0613218545913696,0.9956318736076355,1.0146560668945312,-0.06132185459136963,0.004368126392364502,-0.01465606689453125,86.71670532226562,-112.75558471679688,66.67430877685547,15.0,0.15479065477848053,-1.0392565727233887,40609,0.09526443481445312,0.04751589149236679,0.012010335922241211,-0.3985920548439026,-0.8813933730125427,0.24072885513305664,122.30754089355469,1317.7659912109375,169.27719116210938
20251024_150308.343154,1.0609076023101807,0.9956158995628357,1.0147050619125366,-0.060907602310180664,0.004384100437164307,-0.014705061912536621,86.6138916015625,-111.75360107421875,67.6573715209961,15.0,0.17513640224933624,-1.0004770755767822,40466,0.09558290243148804,0.047706738114356995,0.03184676170349121,-0.3958994150161743,-0.8821267485618591,0.27754902839660645,122.75481414794922,1317.809814453125,25.5584716796875
20251024_150308.353095,1.0604162216186523,0.995499849319458,1.0147502422332764,-0.060416221618652344,0.004500150680541992,-0.014750242233276367,1.8669229745864868,-179.89572143554688,-177.7894744873047,-1.8669229745864868,0.1731419861316681,-0.9463350772857666,40629,0.09587657451629639,0.047898195683956146,0.02936720848083496,-0.39270544052124023,-0.882854700088501,0.3292250633239746,126.00421905517578,1317.854248046875,185.68038940429688
20251024_150308.362935,1.0599181652069092,0.9955155849456787,1.0147409439086914,-0.05991816520690918,0.004484415054321289,-0.014740943908691406,2.030277967453003,-179.3262939453125,-178.2198944091797,-2.030277967453003,0.13786211609840393,-0.939346969127655,40418,0.09581613540649414,0.0480898879468441,-0.006043910980224609,-0.38946807384490967,-0.8835766911506653,0.3336977958679199,125.5636215209961,1317.899169921875,-25.177001953125
20251024_150308.372750,1.0594860315322876,0.9956182241439819,1.0147531032562256,-0.0594860315322876,0.004381775856018066,-0.014753103256225586,2.1408843994140625,-178.78758239746094,-178.12188720703125,-2.1408843994140625,0.15208034217357635,-0.9814227819442749,40276,0.09589517116546631,0.048281602561473846,0.007903575897216797,-0.3866592049598694,-0.8842931389808655,0.28952956199645996,122.68972778320312,1317.9434814453125,-164.22271728515625
20251024_150308.382778,1.0590962171554565,0.9956648945808411,1.0148098468780518,-0.05909621715545654,0.0043351054191589355,-0.014809846878051758,2.1564600467681885,-178.7732391357422,-177.9743194580078,-2.1564600467681885,0.18162111937999725,-1.0079543590545654,40364,0.09626400470733643,0.04847376048564911,0.03688335418701172,-0.38412541151046753,-0.8850046396255493,0.26117563247680664,121.38294982910156,1317.987060546875,-74.67269897460938
20251024_150308.392772,1.0587003231048584,0.9956408739089966,1.0148811340332031,-0.0587003231048584,0.004359126091003418,-0.014881134033203125,2.17244553565979,-178.8404541015625,-177.81661987304688,-2.17244553565979,0.19173076748847961,-1.0020145177841187,40478,0.09672737121582031,0.04866675287485123,0.04633665084838867,-0.3815521001815796,-0.8857113718986511,0.26524901390075684,122.05552673339844,1318.030517578125,38.433074951171875
20251024_150308.402842,1.0582611560821533,0.9956092238426208,1.0148823261260986,-0.05826115608215332,0.00439077615737915,-0.014882326126098633,2.2101571559906006,-179.09976196289062,-177.5587158203125,-2.2101571559906006,0.14637018740177155,-0.9708687663078308,40491,0.09673511981964111,0.04886021465063095,0.0007748603820800781,-0.3786975145339966,-0.8864131569862366,0.29424190521240234,122.94173431396484,1318.07421875,50.640106201171875
20251024_150308.412762,1.0577130317687988,0.9956356287002563,1.0149128437042236,-0.05771303176879883,0.004364371299743652,-0.014912843704223633,2.2588868141174316,-179.8537139892578,-178.02256774902344,-2.2588868141174316,0.1658237874507904,-0.8950003981590271,40398,0.09693348407745361,0.04905388131737709,0.01983642578125,-0.3751347064971924,-0.8871089816093445,0.36724328994750977,122.202392578125,1318.1180419921875,-42.247772216796875
20251024_150308.423037,1.057436227798462,0.9952923059463501,1.0150954723358154,-0.057436227798461914,0.004707694053649902,-0.01509547233581543,2.2080154418945312,-179.19239807128906,-177.39132690429688,-2.2080154418945312,0.2660781145095825,-1.075676679611206,40999,0.09812057018280029,0.049248937517404556,0.11870861053466797,-0.37333548069000244,-0.8877999186515808,0.18545866012573242,131.8154296875,1318.1634521484375,549.31640625
20251024_150308.432810,1.057015299797058,0.9952380061149597,1.0151104927062988,-0.057015299797058105,0.004761993885040283,-0.015110492706298828,2.1753222942352295,-179.15345764160156,-177.43104553222656,-2.1753222942352295,0.15742671489715576,-0.977064311504364,40538,0.09821820259094238,0.04944527521729469,0.009763240814208984,-0.3705994486808777,-0.8884866237640381,0.28202176094055176,133.33583068847656,1318.2108154296875,86.87973022460938
20251024_150308.442667,1.0566070079803467,0.9951840043067932,1.0151472091674805,-0.05660700798034668,0.004815995693206787,-0.015147209167480469,2.0557713508605957,-179.1508331298828,-177.3660888671875,-2.0557713508605957,0.17196451127529144,-0.9835583567619324,40539,0.09845685958862305,0.04964195191860199,0.023865699768066406,-0.3679455518722534,-0.8891683220863342,0.2735555171966553,134.84788513183594,1318.2586669921875,86.40289306640625
20251024_150308.452083,1.0562243461608887,0.9952564835548401,1.0151554346084595,-0.05622434616088867,0.004743516445159912,-0.015155434608459473,2.046593189239502,-178.87631225585938,-177.37416076660156,-2.046593189239502,0.15369577705860138,-0.9989201426506042,40335,0.09851032495498657,0.049838919192552567,0.005346536636352539,-0.36545825004577637,-0.8898453116416931,0.25638341903686523,132.81846618652344,1318.306396484375,-115.966796875
20251024_150308.462836,1.0557438135147095,0.9955569505691528,1.0149129629135132,-0.05574381351470947,0.004443049430847168,-0.014912962913513184,2.365920305252075,-179.38668823242188,-178.12071228027344,-2.365920305252075,-0.0106379808858037,-0.9308950304985046,39962,0.0969342589378357,0.05003436282277107,-0.1576066017150879,-0.3623347878456116,-0.8905171155929565,0.3219568729400635,124.40538024902344,1318.3524169921875,-480.7472229003906
20251024_150308.472572,1.0553209781646729,0.9951347708702087,1.0152761936187744,-0.05532097816467285,0.00486522912979126,-0.015276193618774414,1.9807554483413696,-178.18222045898438,-177.107421875,-1.9807554483413696,0.38562580943107605,-0.9674702286720276,41130,0.09929525852203369,0.050230592489242554,0.2360999584197998,-0.35958635807037354,-0.8911835551261902,0.28329968452453613,136.22640991210938,1318.39892578125,675.487548828125
20251024_150308.482599,1.0548702478408813,0.9950466156005859,1.0153900384902954,-0.05487024784088135,0.0049533843994140625,-0.01539003849029541,2.029808282852173,-178.13589477539062,-177.16481018066406,-2.029808282852173,0.22446434199810028,-0.94651198387146,40598,0.10003525018692017,0.050429921597242355,0.07399916648864746,-0.35665661096572876,-0.8918446898460388,0.3019893169403076,138.69476318359375,1318.447998046875,141.04843139648438
20251024_150308.492610,1.054294228553772,0.9951353073120117,1.015325665473938,-0.05429422855377197,0.004864692687988281,-0.015325665473937988,2.016190767288208,-178.8569793701172,-177.75564575195312,-2.016190767288208,0.10840393602848053,-0.8594792485237122,40312,0.09961682558059692,0.05062957480549812,-0.04184246063232422,-0.3529124855995178,-0.8924996852874756,0.38593292236328125,136.21139526367188,1318.4970703125,-141.90673828125
20251024_150308.502786,1.0538243055343628,0.9950424432754517,1.0153156518936157,-0.05382430553436279,0.00495755672454834,-0.015315651893615723,2.090245246887207,-179.15603637695312,-177.67007446289062,-2.090245246887207,0.14387165009975433,-0.9281579256057739,40605,0.0995517373085022,0.05082874372601509,-0.006508827209472656,-0.34985798597335815,-0.8931483626365662,0.3148484230041504,138.81158447265625,1318.5462646484375,148.58245849609375
20251024_150308.512665,1.0534217357635498,0.995002031326294,1.015335202217102,-0.053421735763549805,0.004997968673706055,-0.01533520221710205,2.0905535221099854,-179.44737243652344,-177.61767578125,-2.0905535221099854,0.16341449320316315,-0.9713113903999329,40523,0.09967881441116333,0.051027972251176834,0.012707710266113281,-0.34724128246307373,-0.8937918543815613,0.26972174644470215,139.943115234375,1318.595947265625,64.65911865234375
20251024_150308.522750,1.053003191947937,0.994940459728241,1.0153411626815796,-0.05300319194793701,0.005059540271759033,-0.01534116268157959,2.016688585281372,-179.60205078125,-177.5687255859375,-2.016688585281372,0.15481923520565033,-0.9585267901420593,40558,0.09971755743026733,0.05122736841440201,0.0038743019104003906,-0.3445207476615906,-0.89443039894104,0.2804243564605713,141.66712951660156,1318.646240234375,98.51455688476562
20251024_150308.532717,1.0525497198104858,0.9948898553848267,1.0152273178100586,-0.05254971981048584,0.00511014461517334,-0.015227317810058594,1.9790198802947998,-179.8153533935547,-177.64344787597656,-1.9790198802947998,0.07640446722507477,-0.9328105449676514,40542,0.09897756576538086,0.05142606422305107,-0.07399916648864746,-0.34157317876815796,-0.8950636982917786,0.30382633209228516,143.08404541015625,1318.6971435546875,80.96694946289062
20251024_150308.542681,1.052111268043518,0.9949247241020203,1.0152597427368164,-0.052111268043518066,0.005075275897979736,-0.015259742736816406,1.9404932260513306,-179.6864013671875,-177.65774536132812,-1.9404932260513306,0.17188875377178192,-0.9406522512435913,40405,0.09918832778930664,0.05162423104047775,0.021076202392578125,-0.33872324228286743,-0.8956916928291321,0.2937626838684082,142.10772705078125,1318.748046875,-55.789947509765625
20251024_150308.552590,1.051604151725769,0.9950674176216125,1.0152016878128052,-0.05160415172576904,0.004932582378387451,-0.015201687812805176,1.9876638650894165,-179.64596557617188,-177.9064483642578,-1.9876638650894165,0.11289750039577484,-0.8919730186462402,40228,0.09881097078323364,0.051822230219841,-0.037735700607299805,-0.3354269862174988,-0.8963139653205872,0.3397679328918457,138.1123046875,1318.798095703125,-228.30963134765625
20251024_150308.563303,1.0511360168457031,0.995236873626709,1.0151227712631226,-0.051136016845703125,0.004763126373291016,-0.015122771263122559,2.119408130645752,-179.0602264404297,-178.03126525878906,-2.119408130645752,0.09902159124612808,-0.9156641364097595,40181,0.09829801321029663,0.05201933905482292,-0.05129575729370117,-0.3323841094970703,-0.8969303965568542,0.31365036964416504,133.36753845214844,1318.8465576171875,-271.1296081542969
20251024_150308.572871,1.0507413148880005,0.9952817559242249,1.0150777101516724,-0.05074131488800049,0.0047182440757751465,-0.015077710151672363,2.0665926933288574,-178.8228759765625,-178.00440979003906,-2.0665926933288574,0.12093103677034378,-0.9629099369049072,40379,0.09800511598587036,0.05221564322710037,-0.029289722442626953,-0.3298185467720032,-0.8975417017936707,0.2644503116607666,132.11083984375,1318.89404296875,-71.81167602539062
20251024_150308.582727,1.0502935647964478,0.9953030347824097,1.015030026435852,-0.050293564796447754,0.004696965217590332,-0.01503002643585205,2.0438790321350098,-178.7688446044922,-177.99337768554688,-2.0438790321350098,0.11911209672689438,-0.9250634908676147,40416,0.09769517183303833,0.05241134390234947,-0.030994415283203125,-0.3269081711769104,-0.8981478810310364,0.29999256134033203,131.51502990722656,1318.9410400390625,-34.046173095703125
20251024_150308.592609,1.0497671365737915,0.995141327381134,1.0150517225265503,-0.049767136573791504,0.004858672618865967,-0.015051722526550293,2.0497939586639404,-178.48587036132812,-178.06434631347656,-2.0497939586639404,0.16454553604125977,-0.8695277571678162,40713,0.0978361964225769,0.05260687321424484,0.014102458953857422,-0.3234863877296448,-0.8987482786178589,0.3527069091796875,136.04283142089844,1318.9888916015625,258.7318420410156
20251024_150308.602754,1.0492738485336304,0.9950875639915466,1.0150434970855713,-0.04927384853363037,0.004912436008453369,-0.015043497085571289,2.063673734664917,-178.6256866455078,-177.94895935058594,-2.063673734664917,0.14523868262767792,-0.8891195058822632,40542,0.09778273105621338,0.052802491933107376,-0.005346536636352539,-0.3202800154685974,-0.8993424773216248,0.330502986907959,137.54820251464844,1319.0377197265625,86.02142333984375
20251024_150308.612721,1.0488042831420898,0.995055615901947,1.015044927597046,-0.048804283142089844,0.0049443840980529785,-0.015044927597045898,1.9944589138031006,-178.86822509765625,-177.73162841796875,-1.9944589138031006,0.15171992778778076,-0.9025499820709229,40508,0.09779202938079834,0.05299806594848633,0.0009298324584960938,-0.317227840423584,-0.8999309539794922,0.3146088123321533,138.4427490234375,1319.0870361328125,51.116943359375
20251024_150308.622625,1.048348307609558,0.9950757622718811,1.0150327682495117,-0.048348307609558105,0.0049242377281188965,-0.015032768249511719,1.9790672063827515,-179.30845642089844,-177.47821044921875,-1.9790672063827515,0.14300298690795898,-0.9092742800712585,40424,0.09771299362182617,0.05319357290863991,-0.007903575897216797,-0.3142639994621277,-0.9005138874053955,0.30550360679626465,137.878662109375,1319.1363525390625,-32.23419189453125
20251024_150308.632832,1.047913908958435,0.9951028227806091,1.0149760246276855,-0.04791390895843506,0.004897177219390869,-0.014976024627685547,2.008676290512085,-179.5469207763672,-177.4354705810547,-2.008676290512085,0.11384943872690201,-0.9214847683906555,40413,0.09734416007995605,0.053388629108667374,-0.03688335418701172,-0.3114404082298279,-0.901091456413269,0.2910470962524414,137.12095642089844,1319.1854248046875,-43.29681396484375
20251024_150308.642612,1.047494888305664,0.9951301217079163,1.0149210691452026,-0.04749488830566406,0.00486987829208374,-0.014921069145202637,2.0350418090820312,-179.6226348876953,-177.3506622314453,-2.0350418090820312,0.11484884470701218,-0.9296368360519409,40411,0.09698694944381714,0.05358295887708664,-0.0357210636138916,-0.3087167739868164,-0.9016638994216919,0.2807438373565674,136.35659790039062,1319.2342529296875,-43.67828369140625
20251024_150308.652625,1.0469720363616943,0.9953560829162598,1.0147761106491089,-0.046972036361694336,0.004643917083740234,-0.014776110649108887,1.9610836505889893,179.89962768554688,-178.0126190185547,-1.9610836505889893,0.055597689002752304,-0.8572381734848022,40087,0.09604471921920776,0.05377599224448204,-0.0942230224609375,-0.3053182363510132,-0.9022307395935059,0.3503108024597168,130.02967834472656,1319.2818603515625,-361.5379333496094
20251024_150308.663040,1.046523928642273,0.9954243302345276,1.0147262811660767,-0.04652392864227295,0.004575669765472412,-0.01472628116607666,1.946088433265686,-179.9014892578125,-178.1607208251953,-1.946088433265686,0.11729942262172699,-0.9049650430679321,40338,0.09572082757949829,0.053967759013175964,-0.032389163970947266,-0.30240553617477417,-0.9027916789054871,0.3002321720123291,128.11875915527344,1319.327880859375,-109.19570922851562
20251024_150308.673131,1.0460200309753418,0.9956277012825012,1.0146360397338867,-0.0460200309753418,0.004372298717498779,-0.014636039733886719,1.923546314239502,-179.5762481689453,-177.9490966796875,-1.923546314239502,0.09063594043254852,-0.8648657202720642,40116,0.09513425827026367,0.054158613085746765,-0.058656930923461914,-0.2991302013397217,-0.9033469557762146,0.33761143684387207,122.42436218261719,1319.3726806640625,-325.3936767578125
20251024_150308.682927,1.0455862283706665,0.995783805847168,1.0146074295043945,-0.045586228370666504,0.004216194152832031,-0.014607429504394531,1.9160163402557373,-179.30413818359375,-178.05783081054688,-1.9160163402557373,0.13070033490657806,-0.9095593094825745,40187,0.09494829177856445,0.054348696023225784,-0.018596649169921875,-0.2963104844093323,-0.9038965702056885,0.2906477451324463,118.05343627929688,1319.4156494140625,-249.76730346679688
20251024_150308.692896,1.0450893640518188,0.9959754347801208,1.0145244598388672,-0.04508936405181885,0.00402456521987915,-0.014524459838867188,1.8872185945510864,-179.41976928710938,-178.24964904785156,-1.8872185945510864,0.09501676261425018,-0.8646224141120911,40125,0.09440898895263672,0.0545380525290966,-0.05393028259277344,-0.2930808663368225,-0.9044406414031982,0.3328990936279297,112.68782806396484,1319.456787109375,-306.6062927246094
20251024_150308.702857,1.044560194015503,0.9961565732955933,1.0143920183181763,-0.04456019401550293,0.0038434267044067383,-0.01439201831817627,1.8347433805465698,-179.1142578125,-178.180908203125,-1.8347433805465698,0.06218713894486427,-0.8400758504867554,40137,0.09354811906814575,0.0547260083258152,-0.08608698844909668,-0.28964126110076904,-0.9049785137176514,0.35454392433166504,107.61595153808594,1319.4962158203125,-289.8216247558594
20251024_150308.713193,1.0441125631332397,0.9961944818496704,1.0143160820007324,-0.044112563133239746,0.00380551815032959,-0.014316082000732422,1.8530389070510864,-179.34457397460938,-178.05117797851562,-1.8530389070510864,0.09860853850841522,-0.8923295736312866,40365,0.09305453300476074,0.05491261184215546,-0.04935860633850098,-0.28673166036605835,-0.9055106043815613,0.299912691116333,106.55450439453125,1319.534423828125,-60.6536865234375
20251024_150308.722587,1.043664813041687,0.9962166547775269,1.0142905712127686,-0.04366481304168701,0.0037833452224731445,-0.014290571212768555,1.817737102508545,-179.7271728515625,-177.73728942871094,-1.817737102508545,0.13140524923801422,-0.8898659348487854,40390,0.0928887128829956,0.055098555982112885,-0.016582012176513672,-0.2838212847709656,-0.9060372114181519,0.29999256134033203,105.93367004394531,1319.5723876953125,-35.4766845703125
20251024_150308.732628,1.043176293373108,0.996268093585968,1.0142426490783691,-0.04317629337310791,0.0037319064140319824,-0.01424264907836914,1.965755820274353,-179.83203125,-177.86134338378906,-1.965755820274353,0.11671185493469238,-0.8598960041999817,40341,0.09257721900939941,0.05528402328491211,-0.03114938735961914,-0.2806459069252014,-0.9065582752227783,0.32730817794799805,104.49337768554688,1319.60986328125,-82.30209350585938
20251024_150308.742566,1.042723536491394,0.9963195323944092,1.0142385959625244,-0.04272353649139404,0.0036804676055908203,-0.014238595962524414,1.8247944116592407,-179.7752685546875,-177.4750213623047,-1.8247944116592407,0.1453855037689209,-0.8814295530319214,40340,0.09255087375640869,0.055469151586294174,-0.0026345252990722656,-0.2777029871940613,-0.9070736765861511,0.303347110748291,103.05309295654297,1319.64697265625,-82.30209350585938
20251024_150308.752655,1.0422992706298828,0.996421217918396,1.0141966342926025,-0.04229927062988281,0.003578782081604004,-0.014196634292602539,1.7516874074935913,-179.74578857421875,-177.5467071533203,-1.7516874074935913,0.12065701931715012,-0.8982709646224976,40257,0.0922781229019165,0.055653978139162064,-0.02727508544921875,-0.2749452590942383,-0.9075838327407837,0.2842581272125244,100.20590209960938,1319.6832275390625,-162.69683837890625
20251024_150308.762726,1.041804313659668,0.996601402759552,1.014146327972412,-0.04180431365966797,0.003398597240447998,-0.01414632797241211,1.7817354202270508,-179.58840942382812,-177.46658325195312,-1.7817354202270508,0.11509022861719131,-0.8481953144073486,40126,0.09195113182067871,0.0558382086455822,-0.0326991081237793,-0.2717280387878418,-0.9080884456634521,0.3316211700439453,95.16072082519531,1319.7181396484375,-288.2957458496094
20251024_150308.772394,1.0412588119506836,0.9969706535339355,1.0139769315719604,-0.041258811950683594,0.003029346466064453,-0.01397693157196045,1.6553761959075928,-179.67825317382812,-178.17822265625,-1.6553761959075928,0.036763403564691544,-0.8112829327583313,39813,0.09085005521774292,0.056021008640527725,-0.1101076602935791,-0.26818227767944336,-0.9085868000984192,0.36548614501953125,84.82170104980469,1319.7503662109375,-590.80126953125
20251024_150308.782914,1.0408176183700562,0.9971804618835449,1.0138931274414062,-0.04081761837005615,0.002819538116455078,-0.01389312744140625,1.548723816871643,-179.26670837402344,-178.30165100097656,-1.548723816871643,0.09203480929136276,-0.8787940740585327,40063,0.09030532836914062,0.05620216578245163,-0.05447268486022949,-0.265314519405365,-0.9090792536735535,0.29559969902038574,78.94706726074219,1319.779541015625,-335.693359375
20251024_150308.792920,1.0404205322265625,0.9973544478416443,1.013861894607544,-0.0404205322265625,0.002645552158355713,-0.013861894607543945,1.5489726066589355,-178.99195861816406,-178.4182891845703,-1.5489726066589355,0.12618353962898254,-0.9062524437904358,40115,0.09010231494903564,0.05638257414102554,-0.020301342010498047,-0.26273345947265625,-0.9095667004585266,0.26604771614074707,74.0754623413086,1319.806884765625,-278.3775329589844
20251024_150308.803120,1.0400068759918213,0.9975242018699646,1.0137996673583984,-0.04000687599182129,0.0024757981300354004,-0.013799667358398438,1.5159064531326294,-179.07302856445312,-178.3274383544922,-1.5159064531326294,0.10581249743700027,-0.8929442763328552,40117,0.08969783782958984,0.05656237155199051,-0.04044771194458008,-0.2600446939468384,-0.9100492596626282,0.27714967727661133,69.32234954833984,1319.83251953125,-271.6064453125
20251024_150308.812880,1.0394881963729858,0.9976965188980103,1.0137356519699097,-0.03948819637298584,0.002303481101989746,-0.013735651969909668,1.4753608703613281,-179.62940979003906,-178.24903869628906,-1.4753608703613281,0.10441308468580246,-0.8196841478347778,40108,0.08928173780441284,0.05674135312438011,-0.041610002517700195,-0.25667327642440796,-0.9105262160301208,0.347515344619751,64.49746704101562,1319.8563232421875,-275.7072448730469
20251024_150308.823042,1.0390374660491943,0.9977055191993713,1.0137327909469604,-0.039037466049194336,0.002294480800628662,-0.01373279094696045,1.510846734046936,179.8032684326172,-178.01858520507812,-1.510846734046936,0.14432337880134583,-0.8627516031265259,40369,0.08926314115524292,0.056919895112514496,-0.0018596649169921875,-0.2537435293197632,-0.9109973907470703,0.3019893169403076,64.2454605102539,1319.87939453125,-14.400482177734375
20251024_150308.832891,1.0386244058609009,0.9977765679359436,1.0136911869049072,-0.03862440586090088,0.0022234320640563965,-0.013691186904907227,1.4842208623886108,179.44097900390625,-177.8506622314453,-1.4842208623886108,0.11904823780059814,-0.8857716917991638,40268,0.08899271488189697,0.0570981539785862,-0.027042627334594727,-0.2510586380958557,-0.9114633798599243,0.2767503261566162,62.25609588623047,1319.9019775390625,-113.677978515625
20251024_150308.843086,1.0382132530212402,0.9978705644607544,1.013624906539917,-0.038213253021240234,0.0021294355392456055,-0.013624906539916992,86.55294036865234,-100.4802017211914,78.96855163574219,15.0,0.1027553603053093,-0.8848381638526917,40229,0.08856189250946045,0.05727570876479149,-0.043082237243652344,-0.24838614463806152,-0.911924421787262,0.27547240257263184,59.62419509887695,1319.9237060546875,-150.39443969726562
20251024_150308.852869,1.0376839637756348,0.9981973767280579,1.0135096311569214,-0.037683963775634766,0.0018026232719421387,-0.013509631156921387,1.3970305919647217,179.8218231201172,-177.76600646972656,-1.3970305919647217,0.07033568620681763,-0.8027017712593079,39847,0.08781260251998901,0.05745208263397217,-0.07492899894714355,-0.24494576454162598,-0.912379801273346,0.35462379455566406,50.47344970703125,1319.943359375,-522.899658203125
20251024_150308.862550,1.03721022605896,0.9984471797943115,1.013418436050415,-0.03721022605895996,0.0015528202056884766,-0.013418436050415039,1.4971498250961304,-179.3876953125,-177.99362182617188,-1.4971498250961304,0.08557012677192688,-0.8372913599014282,39963,0.08721983432769775,0.0576271153986454,-0.05927681922912598,-0.24186646938323975,-0.9128291606903076,0.31740427017211914,43.478965759277344,1319.960205078125,-399.6849060058594
20251024_150308.872753,1.0367798805236816,0.9986627101898193,1.0133248567581177,-0.03677988052368164,0.001337289810180664,-0.013324856758117676,1.5028399229049683,-178.7520751953125,-178.0675048828125,-1.5028399229049683,0.08358597755432129,-0.8640108108520508,40012,0.08661156892776489,0.05780094489455223,-0.06082653999328613,-0.23906922340393066,-0.9132730960845947,0.2883315086364746,37.444114685058594,1319.974609375,-344.8486328125
20251024_150308.882903,1.0362385511398315,0.9989315867424011,1.013188362121582,-0.03623855113983154,0.001068413257598877,-0.013188362121582031,1.4132310152053833,-179.00901794433594,-178.60765075683594,-1.4132310152053833,0.054976120591163635,-0.7865710854530334,39919,0.0857243537902832,0.05797328054904938,-0.08872151374816895,-0.23555058240890503,-0.9137111902236938,0.36269068717956543,29.915571212768555,1319.9866943359375,-430.2024841308594
20251024_150308.893008,1.0358039140701294,0.9989708662033081,1.0131921768188477,-0.035803914070129395,0.0010291337966918945,-0.013192176818847656,1.202256441116333,-178.70741271972656,-178.35568237304688,-1.202256441116333,0.146373450756073,-0.8556620478630066,40285,0.08574914932250977,0.05814475566148758,0.00247955322265625,-0.23272544145584106,-0.914143443107605,0.29120683670043945,28.815746307373047,1319.9970703125,-62.847137451171875
20251024_150308.903078,1.0353890657424927,0.9990927577018738,1.0131564140319824,-0.035389065742492676,0.0009072422981262207,-0.013156414031982422,1.1293474435806274,-179.1493377685547,-178.05828857421875,-1.1293474435806274,0.12058690190315247,-0.866651177406311,40150,0.08551669120788574,0.05831602215766907,-0.023245811462402344,-0.2300289273262024,-0.9145706295967102,0.27794837951660156,25.40278434753418,1320.0068359375,-195.02639770507812
20251024_150308.912725,1.0349867343902588,0.9991951584815979,1.0131337642669678,-0.03498673439025879,0.0008048415184020996,-0.013133764266967773,1.0827285051345825,-179.72244262695312,-177.80673217773438,-1.0827285051345825,0.12913402915000916,-0.8728446364402771,40178,0.08536946773529053,0.05848690867424011,-0.014722347259521484,-0.22741377353668213,-0.9149928689002991,0.2695620059967041,22.53556251525879,1320.015380859375,-163.84124755859375
20251024_150308.923010,1.0345937013626099,0.9992493987083435,1.0131034851074219,-0.03459370136260986,0.0007506012916564941,-0.013103485107421875,1.082988977432251,179.6668701171875,-177.79391479492188,-1.082988977432251,0.1241486519575119,-0.8769372701644897,40254,0.08517265319824219,0.0586574487388134,-0.019681453704833984,-0.2248590588569641,-0.9154103398323059,0.2633321285247803,21.016836166381836,1320.023193359375,-86.78436279296875
20251024_150308.933040,1.0341722965240479,0.9993071556091309,1.0130186080932617,-0.03417229652404785,0.0006928443908691406,-0.013018608093261719,0.9985974431037903,179.51931762695312,-177.91632080078125,-0.9985974431037903,0.0882781371474266,-0.8556016087532043,40247,0.08462095260620117,0.058827243745326996,-0.05517005920410156,-0.22211992740631104,-0.9158229231834412,0.28234124183654785,19.399642944335938,1320.0303955078125,-92.41104125976562
20251024_150308.943019,1.0336852073669434,0.9995291829109192,1.0129338502883911,-0.03368520736694336,0.00047081708908081055,-0.012933850288391113,0.9405437707901001,179.3284149169922,-178.03407287597656,-0.9405437707901001,0.08797338604927063,-0.8088341951370239,39977,0.08407002687454224,0.05899593234062195,-0.055092573165893555,-0.21895384788513184,-0.9162300825119019,0.32634973526000977,13.182878494262695,1320.0361328125,-355.2436828613281
20251024_150308.952860,1.0332530736923218,0.999674379825592,1.0128295421600342,-0.03325307369232178,0.000325620174407959,-0.01282954216003418,0.9137622117996216,179.78448486328125,-178.23342895507812,-0.9137622117996216,0.07475513964891434,-0.84324711561203,40096,0.08339202404022217,0.05916339531540871,-0.06780028343200684,-0.21614497900009155,-0.9166316986083984,0.28952956199645996,9.117364883422852,1320.0401611328125,-232.3150634765625
20251024_150308.962342,1.0328121185302734,0.9999768137931824,1.0127930641174316,-0.03281211853027344,2.3186206817626953e-05,-0.01279306411743164,0.9035636186599731,-179.38543701171875,-178.416748046875,-0.9035636186599731,0.11877413094043732,-0.8348669409751892,39836,0.08315491676330566,0.05932994186878204,-0.02371072769165039,-0.21327877044677734,-0.9170281291007996,0.2954399585723877,0.6492137908935547,1320.0418701171875,-483.89434814453125
20251024_150308.972748,1.0323635339736938,1.0002610683441162,1.0126903057098389,-0.03236353397369385,-0.00026106834411621094,-0.012690305709838867,0.9412460327148438,-178.69236755371094,-178.44363403320312,-0.9412460327148438,0.07518960535526276,-0.8272304534912109,39857,0.08248698711395264,0.059495583176612854,-0.06679296493530273,-0.21036297082901,-0.9174191355705261,0.3005516529083252,-7.309913635253906,1320.040771484375,-454.8072814941406
20251024_150308.982767,1.0320066213607788,1.000324010848999,1.0126264095306396,-0.03200662136077881,-0.00032401084899902344,-0.012626409530639648,0.9591628313064575,-178.86544799804688,-178.40176391601562,-0.9591628313064575,0.10019928961992264,-0.8867169618606567,40210,0.08207166194915771,0.05966014415025711,-0.04153251647949219,-0.20804303884506226,-0.9178053736686707,0.23913145065307617,-9.072303771972656,1320.037841796875,-100.7080078125
20251024_150308.992831,1.0316179990768433,1.0003527402877808,1.0125833749771118,-0.03161799907684326,-0.0003527402877807617,-0.012583374977111816,1.007589340209961,-179.30575561523438,-178.00747680664062,-1.007589340209961,0.11364348232746124,-0.8633272051811218,40264,0.0817919373512268,0.059824008494615555,-0.02797245979309082,-0.2055169939994812,-0.918187141418457,0.2603769302368164,-9.876728057861328,1320.034423828125,-45.96710205078125
20251024_150309.002851,1.031118392944336,1.0003821849822998,1.0124543905258179,-0.031118392944335938,-0.0003821849822998047,-0.012454390525817871,0.8510555624961853,179.30606079101562,-178.1875,-0.8510555624961853,0.05710039660334587,-0.78609699010849,40262,0.08095353841781616,0.05998675152659416,-0.08383989334106445,-0.2022695541381836,-0.9185635447502136,0.3347361087799072,-10.701179504394531,1320.03076171875,-47.11151123046875
20251024_150309.012214,1.0307224988937378,1.0003541707992554,1.0123995542526245,-0.030722498893737793,-0.0003541707992553711,-0.012399554252624512,0.7729353308677673,179.0464324951172,-178.19227600097656,-0.7729353308677673,0.10510183125734329,-0.8533818125724792,40354,0.08059710264205933,0.06014830246567726,-0.035643577575683594,-0.19969624280929565,-0.9189345836639404,0.26524901390075684,-9.91678237915039,1320.027099609375,44.82269287109375
20251024_150309.022772,1.0303387641906738,1.000493049621582,1.0123164653778076,-0.030338764190673828,-0.0004930496215820312,-0.012316465377807617,0.721875786781311,179.34359741210938,-178.3415985107422,-0.721875786781311,0.0863582119345665,-0.8594006896018982,40084,0.08005702495574951,0.06030895560979843,-0.054007768630981445,-0.19720196723937988,-0.9193009734153748,0.25710225105285645,-13.805389404296875,1320.0228271484375,-222.20611572265625
20251024_150309.032671,1.029952883720398,1.0007429122924805,1.012319803237915,-0.02995288372039795,-0.0007429122924804688,-0.012319803237915039,0.7477190494537354,-179.8694610595703,-178.54702758789062,-0.7477190494537354,0.1427174210548401,-0.8558165431022644,39899,0.08007872104644775,0.060469094663858414,0.0021696090698242188,-0.19469374418258667,-0.9196627140045166,0.25853991508483887,-20.801544189453125,1320.0166015625,-399.7802734375
20251024_150309.043042,1.0295917987823486,1.0009418725967407,1.0122438669204712,-0.029591798782348633,-0.0009418725967407227,-0.012243866920471191,0.7276585102081299,-179.26504516601562,-178.61077880859375,-0.7276585102081299,0.09085528552532196,-0.8704397678375244,39975,0.07958513498306274,0.06062875688076019,-0.04935860633850098,-0.1923466920852661,-0.9200199842453003,0.241926908493042,-26.372432708740234,1320.0081787109375,-318.33648681640625
20251024_150309.052762,1.0291239023208618,1.0011167526245117,1.0121382474899292,-0.029123902320861816,-0.0011167526245117188,-0.0121382474899292,0.7228270769119263,-179.37188720703125,-178.1719207763672,-0.7228270769119263,0.07103321701288223,-0.7961869835853577,40008,0.0788986086845398,0.06078724190592766,-0.06865262985229492,-0.1893053650856018,-0.9203722476959229,0.313490629196167,-31.269073486328125,1319.9979248046875,-279.80804443359375
20251024_150309.063006,1.028747797012329,1.0010731220245361,1.0121204853057861,-0.0287477970123291,-0.0010731220245361328,-0.012120485305786133,0.705356240272522,-179.7859344482422,-177.8638153076172,-0.705356240272522,0.12818266451358795,-0.8555896282196045,40359,0.07878315448760986,0.060944922268390656,-0.011545419692993164,-0.18686068058013916,-0.9207195043563843,0.25199055671691895,-30.04741668701172,1319.9869384765625,69.8089599609375
20251024_150309.073011,1.0283311605453491,1.0009108781814575,1.0121355056762695,-0.02833116054534912,-0.0009108781814575195,-0.012135505676269531,0.5704470276832581,179.8272247314453,-177.48861694335938,-0.5704470276832581,0.1497466117143631,-0.826068103313446,40554,0.07888078689575195,0.06110258772969246,0.009763240814208984,-0.1841525435447693,-0.9210619926452637,0.2791464328765869,-25.504589080810547,1319.97705078125,259.59014892578125
20251024_150309.082747,1.0279908180236816,1.0008368492126465,1.0120919942855835,-0.02799081802368164,-0.0008368492126464844,-0.012091994285583496,0.6458871960639954,179.41769409179688,-177.50819396972656,-0.6458871960639954,0.11157562583684921,-0.8753107190132141,40414,0.07859796285629272,0.06126006692647934,-0.02828240394592285,-0.18194031715393066,-0.9213998913764954,0.22802948951721191,-23.431777954101562,1319.96826171875,118.44635009765625
20251024_150309.092798,1.027700662612915,1.0008410215377808,1.0120162963867188,-0.02770066261291504,-0.0008410215377807617,-0.01201629638671875,0.6431283950805664,179.6026153564453,-177.91244506835938,-0.6431283950805664,0.09031905978918076,-0.9073842167854309,40289,0.07810592651367188,0.06141676753759384,-0.04920363426208496,-0.18005430698394775,-0.9217340350151062,0.19440412521362305,-23.548603057861328,1319.9599609375,-6.67572021484375
20251024_150309.102956,1.0273454189300537,1.0009913444519043,1.0119370222091675,-0.02734541893005371,-0.0009913444519042969,-0.01193702220916748,0.6119171380996704,-179.87570190429688,-178.07525634765625,-0.6119171380996704,0.08763489127159119,-0.8617963194847107,40051,0.07759064435958862,0.06157246604561806,-0.051528215408325195,-0.17774522304534912,-0.9220643639564514,0.23801326751708984,-27.757644653320312,1319.9508056640625,-240.51666259765625
20251024_150309.112733,1.0269697904586792,1.0011301040649414,1.0118383169174194,-0.0269697904586792,-0.0011301040649414062,-0.011838316917419434,0.4989556074142456,-179.3339385986328,-178.2312774658203,-0.4989556074142456,0.074517622590065,-0.8460227847099304,40066,0.07694905996322632,0.06172700598835945,-0.06415843963623047,-0.1753036379814148,-0.9223902225494385,0.25167107582092285,-31.642913818359375,1319.940185546875,-222.015380859375
20251024_150309.122799,1.0266247987747192,1.001163125038147,1.0117696523666382,-0.02662479877471924,-0.0011631250381469727,-0.011769652366638184,0.47997140884399414,-179.09133911132812,-178.35009765625,-0.47997140884399414,0.09375123679637909,-0.8646285533905029,40234,0.0765027403831482,0.061880458146333694,-0.0446319580078125,-0.17306119203567505,-0.9227117896080017,0.23114442825317383,-32.567501068115234,1319.9287109375,-52.83355712890625
20251024_150309.132781,1.0261609554290771,1.0013611316680908,1.0116547346115112,-0.02616095542907715,-0.0013611316680908203,-0.01165473461151123,0.3910767734050751,179.8203125,-178.79408264160156,-0.3910767734050751,0.0630919486284256,-0.7822996973991394,39964,0.075755774974823,0.06203271448612213,-0.07469654083251953,-0.17004621028900146,-0.9230285286903381,0.3107750415802002,-38.11168670654297,1319.916015625,-316.81060791015625
20251024_150309.142755,1.0258424282073975,1.0012763738632202,1.0116750001907349,-0.02584242820739746,-0.0012763738632202148,-0.011675000190734863,0.46867620944976807,179.16705322265625,-178.54571533203125,-0.46867620944976807,0.15124449133872986,-0.8779031038284302,40419,0.07588750123977661,0.06218435987830162,0.013172626495361328,-0.1679757833480835,-0.9233405590057373,0.21341323852539062,-35.738468170166016,1319.90283203125,135.61248779296875
20251024_150309.152864,1.0255104303359985,1.001091480255127,1.0117143392562866,-0.025510430335998535,-0.0010914802551269531,-0.011714339256286621,0.4744090735912323,179.89878845214844,-177.76425170898438,-0.4744090735912323,0.16404998302459717,-0.8670278787612915,40585,0.07614320516586304,0.06233638897538185,0.025570392608642578,-0.16581779718399048,-0.9236486554145813,0.22243857383728027,-30.561447143554688,1319.8909912109375,295.82977294921875
20251024_150309.163346,1.025180697441101,1.0011322498321533,1.0116549730300903,-0.025180697441101074,-0.0011322498321533203,-0.011654973030090332,0.5266022682189941,-179.8966064453125,-177.8903350830078,-0.5266022682189941,0.0996575653553009,-0.8667063117027283,40222,0.07575732469558716,0.062488291412591934,-0.03858804702758789,-0.16367453336715698,-0.9239528179168701,0.22092103958129883,-31.70299530029297,1319.8798828125,-65.2313232421875
20251024_150309.172701,1.0248217582702637,1.0012403726577759,1.0115892887115479,-0.024821758270263672,-0.001240372657775879,-0.011589288711547852,0.5378718972206116,-179.19442749023438,-178.0480194091797,-0.5378718972206116,0.09527494758367538,-0.845104992389679,40112,0.07533037662506104,0.06263937801122665,-0.042694807052612305,-0.16134142875671387,-0.9242528080940247,0.24048924446105957,-34.73043441772461,1319.8680419921875,-172.99652099609375
20251024_150309.182474,1.0244741439819336,1.0013588666915894,1.0115047693252563,-0.024474143981933594,-0.0013588666915893555,-0.011504769325256348,0.597592830657959,-178.44351196289062,-178.16116333007812,-0.597592830657959,0.0826328918337822,-0.8507289290428162,40092,0.07478100061416626,0.06278949230909348,-0.05493760108947754,-0.15908193588256836,-0.9245485663414001,0.23290157318115234,-38.04826736450195,1319.8551025390625,-189.5904541015625
20251024_150309.192598,1.0241585969924927,1.0014772415161133,1.0114209651947021,-0.024158596992492676,-0.0014772415161132812,-0.011420965194702148,0.5630210041999817,-178.19386291503906,-178.0579833984375,-0.5630210041999817,0.08270209282636642,-0.8704547882080078,40089,0.07423627376556396,0.06293850392103195,-0.05447268486022949,-0.1570308804512024,-0.9248403906822205,0.21141648292541504,-41.362762451171875,1319.8409423828125,-189.39971923828125
20251024_150309.202600,1.023805022239685,1.0015028715133667,1.0113844871520996,-0.02380502223968506,-0.0015028715133666992,-0.01138448715209961,0.557373046875,-178.5355987548828,-177.73336791992188,-0.557373046875,0.11337517946958542,-0.8429657220840454,40236,0.07399916648864746,0.06308674067258835,-0.02371072769165039,-0.15473264455795288,-0.925128161907196,0.23689508438110352,-42.08040237426758,1319.825927734375,-41.00799560546875
20251024_150309.212402,1.0234954357147217,1.001451849937439,1.0113279819488525,-0.02349543571472168,-0.0014518499374389648,-0.011327981948852539,0.5188438296318054,-178.97898864746094,-177.5130615234375,-0.5188438296318054,0.1001378744840622,-0.8707093000411987,40360,0.0736318826675415,0.0632343739271164,-0.0367283821105957,-0.15272033214569092,-0.9254119396209717,0.20742297172546387,-40.651798248291016,1319.8111572265625,81.634521484375
20251024_150309.222456,1.02308189868927,1.0016276836395264,1.0111298561096191,-0.02308189868927002,-0.0016276836395263672,-0.01112985610961914,0.5025262832641602,179.7594451904297,-178.2247772216797,-0.5025262832641602,0.0069426181726157665,-0.7986539602279663,39992,0.07234406471252441,0.06338034570217133,-0.12878179550170898,-0.15003234148025513,-0.9256914258003235,0.2770698070526123,-45.57514190673828,1319.7957763671875,-281.33392333984375
20251024_150309.232496,1.0228074789047241,1.001631259918213,1.0110602378845215,-0.02280747890472412,-0.0016312599182128906,-0.011060237884521484,0.47115153074264526,179.7333984375,-178.32728576660156,-0.47115153074264526,0.09016428142786026,-0.8903540968894958,40268,0.07189154624938965,0.06352458149194717,-0.04525184631347656,-0.1482486128807068,-0.925966739654541,0.18386125564575195,-45.67527770996094,1319.779541015625,-5.7220458984375
20251024_150309.242515,1.0225348472595215,1.001676321029663,1.0109872817993164,-0.022534847259521484,-0.001676321029663086,-0.010987281799316406,0.46404218673706055,-179.80050659179688,-178.487060546875,-0.46404218673706055,0.08766376972198486,-0.8900521397590637,40200,0.07141733169555664,0.063667893409729,-0.04742145538330078,-0.14647650718688965,-0.9262388348579407,0.1826632022857666,-46.936988830566406,1319.762939453125,-72.0977783203125
20251024_150309.252790,1.0222216844558716,1.0016931295394897,1.0109047889709473,-0.022221684455871582,-0.001693129539489746,-0.010904788970947266,0.3753587603569031,-179.18678283691406,-178.3433074951172,-0.3753587603569031,0.08107098191976547,-0.8611292243003845,40245,0.07088112831115723,0.06381019204854965,-0.053620338439941406,-0.14444094896316528,-0.9265073537826538,0.20981907844543457,-47.40762710571289,1319.74609375,-26.89361572265625
20251024_150309.262625,1.0218759775161743,1.0019174814224243,1.0107886791229248,-0.021875977516174316,-0.0019174814224243164,-0.010788679122924805,0.5390037894248962,-179.20277404785156,-177.56260681152344,-0.5390037894248962,0.058606211096048355,-0.8373421430587769,39907,0.07012641429901123,0.06395120173692703,-0.07547140121459961,-0.14219385385513306,-0.9267719388008118,0.23162364959716797,-53.68947982788086,1319.72802734375,-358.9630126953125
20251024_150309.272464,1.0216137170791626,1.001701831817627,1.0109343528747559,-0.021613717079162598,-0.0017018318176269531,-0.01093435287475586,0.2871447503566742,-178.94509887695312,-177.84136962890625,-0.2871447503566742,0.22985363006591797,-0.8918075561523438,40617,0.07107329368591309,0.06409239768981934,0.09468793869018555,-0.14048916101455688,-0.9270328879356384,0.17571449279785156,-47.65129089355469,1319.7099609375,345.03936767578125
20251024_150309.282849,1.021297812461853,1.0016107559204102,1.0108721256256104,-0.021297812461853027,-0.0016107559204101562,-0.010872125625610352,0.2937774360179901,-179.32431030273438,-177.7126922607422,-0.2937774360179901,0.09445524215698242,-0.8540700674057007,40420,0.07066881656646729,0.06423413753509521,-0.04044771194458008,-0.13843578100204468,-0.9272903800010681,0.2116560935974121,-45.101165771484375,1319.693359375,145.721435546875
20251024_150309.292811,1.0210108757019043,1.0015342235565186,1.0108380317687988,-0.021010875701904297,-0.0015342235565185547,-0.010838031768798828,0.2745707035064697,-179.54637145996094,-177.80528259277344,-0.2745707035064697,0.1126614585518837,-0.8718672394752502,40399,0.07044720649719238,0.06437525898218155,-0.022161006927490234,-0.13657069206237793,-0.9275441765785217,0.19224762916564941,-42.95825958251953,1319.677734375,122.4517822265625
20251024_150309.302928,1.0207417011260986,1.0015085935592651,1.0107929706573486,-0.020741701126098633,-0.0015085935592651367,-0.010792970657348633,0.22587449848651886,-179.59532165527344,-177.87969970703125,-0.22587449848651886,0.10538044571876526,-0.8822687864303589,40318,0.07015430927276611,0.0645158588886261,-0.029289722442626953,-0.1348210573196411,-0.9277946949005127,0.18034696578979492,-42.24061965942383,1319.6624755859375,41.00799560546875
20251024_150309.312514,1.0203094482421875,1.0017563104629517,1.0106532573699951,-0.0203094482421875,-0.0017563104629516602,-0.010653257369995117,0.030185917392373085,-179.79263305664062,-176.99842834472656,-0.030185917392373085,0.04308779537677765,-0.7704430222511292,39874,0.06924617290496826,0.06465525925159454,-0.09081363677978516,-0.13201141357421875,-0.9280410408973694,0.289609432220459,-49.176692962646484,1319.6461181640625,-396.3470458984375
20251024_150309.322743,1.0202317237854004,1.0016372203826904,1.0106126070022583,-0.02023172378540039,-0.0016372203826904297,-0.0106126070022583,0.13827194273471832,-179.35031127929688,-177.74961853027344,-0.13827194273471832,0.10735269635915756,-1.007715106010437,40464,0.06898194551467896,0.06479348987340927,-0.026422739028930664,-0.13150620460510254,-0.9282842874526978,0.05207538604736328,-45.84217071533203,1319.629150390625,190.54412841796875
20251024_150309.332691,1.0199580192565918,1.0017619132995605,1.0105162858963013,-0.019958019256591797,-0.0017619132995605469,-0.01051628589630127,0.09419591724872589,-179.2685089111328,-177.52296447753906,-0.09419591724872589,0.07067796587944031,-0.8748704791069031,40070,0.06835585832595825,0.06493082642555237,-0.06260871887207031,-0.12972712516784668,-0.9285253882408142,0.1833820343017578,-49.33357238769531,1319.6121826171875,-199.5086669921875
20251024_150309.342497,1.0196870565414429,1.0017527341842651,1.010475754737854,-0.01968705654144287,-0.0017527341842651367,-0.010475754737854004,0.03910134360194206,-179.36099243164062,-177.41387939453125,-0.03910134360194206,0.1068144291639328,-0.8751841187477112,40285,0.06809240579605103,0.06506727635860443,-0.026345252990722656,-0.12796586751937866,-0.9287632703781128,0.18154501914978027,-49.07655715942383,1319.5946044921875,14.68658447265625
20251024_150309.352254,1.0194480419158936,1.0016440153121948,1.010374903678894,-0.019448041915893555,-0.0016440153121948242,-0.010374903678894043,0.041775669902563095,-179.66705322265625,-177.46290588378906,-0.041775669902563095,0.06708648800849915,-0.895270586013794,40447,0.06743687391281128,0.06520280241966248,-0.06555318832397461,-0.1264122724533081,-0.9289981126785278,0.160139799118042,-46.03242874145508,1319.57763671875,173.9501953125
20251024_150309.362587,1.0192450284957886,1.0015804767608643,1.0103265047073364,-0.019245028495788574,-0.0015804767608642578,-0.010326504707336426,-0.00013994035543873906,-179.90530395507812,-177.45648193359375,0.00013994035543873906,0.10100030899047852,-0.9183039665222168,40376,0.06712228059768677,0.06533735990524292,-0.03145933151245117,-0.12509268522262573,-0.929230272769928,0.13601899147033691,-44.25334930419922,1319.5615234375,101.66168212890625
20251024_150309.372575,1.0190531015396118,1.0015591382980347,1.0102750062942505,-0.019053101539611816,-0.001559138298034668,-0.010275006294250488,-0.029013672843575478,-179.9174346923828,-177.6263885498047,0.029013672843575478,0.09878484159708023,-0.9247141480445862,40310,0.06678754091262817,0.06547126919031143,-0.033473968505859375,-0.1238451600074768,-0.9294600486755371,0.12859106063842773,-43.6558723449707,1319.5457763671875,34.14154052734375
20251024_150309.382472,1.0188438892364502,1.0016218423843384,1.0101938247680664,-0.018843889236450195,-0.001621842384338379,-0.010193824768066406,-0.023374013602733612,-179.50140380859375,-177.67074584960938,0.023374013602733612,0.07909619063138962,-0.9120004773139954,40173,0.06625986099243164,0.0656043216586113,-0.05276799201965332,-0.12248528003692627,-0.9296874403953552,0.14017224311828613,-45.41158676147461,1319.5299072265625,-100.3265380859375
20251024_150309.392716,1.018561840057373,1.0017857551574707,1.0100657939910889,-0.018561840057373047,-0.0017857551574707031,-0.010065793991088867,0.11729361116886139,-178.74276733398438,-177.7147674560547,-0.11729361116886139,0.047943662852048874,-0.8615908622741699,40007,0.06542766094207764,0.06573600322008133,-0.08322000503540039,-0.1206519603729248,-0.9299118518829346,0.18897294998168945,-50.00114440917969,1319.5128173828125,-262.26043701171875
20251024_150309.402753,1.0183147192001343,1.0018327236175537,1.0099936723709106,-0.018314719200134277,-0.001832723617553711,-0.009993672370910645,0.13464827835559845,-178.66409301757812,-177.4993438720703,-0.13464827835559845,0.08394621312618256,-0.883607804775238,40193,0.06495887041091919,0.0658663958311081,-0.04687905311584473,-0.1190456748008728,-0.9301331043243408,0.16557097434997559,-51.316261291503906,1319.4947509765625,-75.1495361328125
20251024_150309.412953,1.0181175470352173,1.0018366575241089,1.0101155042648315,-0.018117547035217285,-0.0018366575241088867,-0.010115504264831543,-0.08603144437074661,-178.7237548828125,-177.37158203125,0.08603144437074661,0.21093861758708954,-0.9160104393959045,40261,0.06575077772140503,0.06599710136651993,0.07919073104858398,-0.11776405572891235,-0.930351734161377,0.13210535049438477,-51.42641067504883,1319.4764404296875,-6.29425048828125
20251024_150309.422780,1.01790452003479,1.0017728805541992,1.0100330114364624,-0.01790452003479004,-0.0017728805541992188,-0.010033011436462402,-0.07388978451490402,-178.95066833496094,-177.26290893554688,0.07388978451490402,0.07772230356931686,-0.9042191505432129,40371,0.06521457433700562,0.06612806767225266,-0.053620338439941406,-0.11637938022613525,-0.9305678606033325,0.14272809028625488,-49.640655517578125,1319.4583740234375,102.04315185546875
20251024_150309.432838,1.0176280736923218,1.0016992092132568,1.009787917137146,-0.017628073692321777,-0.001699209213256836,-0.009787917137145996,0.15153342485427856,-179.2530975341797,-177.25157165527344,-0.15153342485427856,-0.029432928189635277,-0.8601444363594055,40389,0.06362146139144897,0.06625690311193466,-0.15931129455566406,-0.11458247900009155,-0.9307810068130493,0.18521904945373535,-47.577857971191406,1319.4410400390625,117.8741455078125
20251024_150309.442836,1.0174239873886108,1.0016565322875977,1.0097531080245972,-0.01742398738861084,-0.0016565322875976562,-0.009753108024597168,0.11662741750478745,-179.30389404296875,-177.29608154296875,-0.11662741750478745,0.10715319961309433,-0.907509446144104,40341,0.06339520215988159,0.06638392060995102,-0.02262592315673828,-0.11325591802597046,-0.9309913516044617,0.13673782348632812,-46.382904052734375,1319.4241943359375,68.2830810546875
20251024_150309.452889,1.0172209739685059,1.0016480684280396,1.009659767150879,-0.01722097396850586,-0.0016480684280395508,-0.009659767150878906,0.04012000933289528,-179.1392059326172,-177.39645385742188,-0.04012000933289528,0.0686270222067833,-0.9071165323257446,40286,0.06278848648071289,0.06651010364294052,-0.06067156791687012,-0.11193633079528809,-0.9311991930007935,0.13601899147033691,-46.14591598510742,1319.40771484375,13.54217529296875
20251024_150309.462951,1.0170732736587524,1.001727819442749,1.00971257686615,-0.01707327365875244,-0.0017278194427490234,-0.009712576866149902,-0.09097451716661453,-178.83749389648438,-177.25982666015625,0.09097451716661453,0.16409409046173096,-0.9434220790863037,40143,0.06313174962997437,0.06663602590560913,0.03432631492614746,-0.11097627878189087,-0.9314050078392029,0.09895920753479004,-48.378944396972656,1319.390869140625,-127.60162353515625
20251024_150309.472695,1.016829252243042,1.0018564462661743,1.0095958709716797,-0.016829252243041992,-0.0018564462661743164,-0.009595870971679688,-0.06658230721950531,-178.3959197998047,-177.1829071044922,0.06658230721950531,0.05327586084604263,-0.8775041699409485,40061,0.06237316131591797,0.06676153093576431,-0.07585883140563965,-0.10939013957977295,-0.9316083788871765,0.16349434852600098,-51.98049545288086,1319.3729248046875,-205.80291748046875
20251024_150309.483399,1.0165623426437378,1.0018635988235474,1.0093532800674438,-0.016562342643737793,-0.0018635988235473633,-0.009353280067443848,0.021008752286434174,-178.35821533203125,-177.02830505371094,-0.021008752286434174,-0.03000306896865368,-0.8606345653533936,40255,0.06079632043838501,0.06688469648361206,-0.1576840877532959,-0.10765522718429565,-0.9318087697029114,0.17882943153381348,-52.18076705932617,1319.3543701171875,-11.444091796875
20251024_150309.492930,1.0163545608520508,1.0018200874328613,1.0092713832855225,-0.01635456085205078,-0.0018200874328613281,-0.009271383285522461,0.041934363543987274,-178.56243896484375,-177.022705078125,-0.041934363543987274,0.0740368440747261,-0.8990970849990845,40337,0.060263991355895996,0.06700576096773148,-0.05323290824890137,-0.10630464553833008,-0.9320062398910522,0.13921380043029785,-50.96244812011719,1319.3359375,69.61822509765625
20251024_150309.503018,1.0161521434783936,1.0016318559646606,1.0092602968215942,-0.016152143478393555,-0.0016318559646606445,-0.009260296821594238,-0.06404426693916321,-178.74557495117188,-176.77288818359375,0.06404426693916321,0.12011194229125977,-0.9015705585479736,40574,0.06019192934036255,0.06712621450424194,-0.0072062015533447266,-0.1049889326095581,-0.9322012662887573,0.1356196403503418,-45.69196701049805,1319.318603515625,301.17034912109375
20251024_150309.512752,1.0159567594528198,1.0015639066696167,1.009204626083374,-0.015956759452819824,-0.0015639066696166992,-0.009204626083374023,-0.11244295537471771,-179.05029296875,-176.7213592529297,0.11244295537471771,0.0908903256058693,-0.9052056074142456,40384,0.05983006954193115,0.06724623590707779,-0.03618597984313965,-0.10371893644332886,-0.9323939681053162,0.13090729713439941,-43.78938674926758,1319.3026123046875,108.7188720703125
20251024_150309.522832,1.0157153606414795,1.0016250610351562,1.0090999603271484,-0.015715360641479492,-0.00162506103515625,-0.009099960327148438,-0.14768707752227783,-179.23532104492188,-176.8957977294922,0.14768707752227783,0.05848221853375435,-0.8729966282844543,40175,0.059149742126464844,0.06736521422863007,-0.06803274154663086,-0.1021498441696167,-0.9325839877128601,0.16173720359802246,-45.501708984375,1319.2867431640625,-97.84698486328125
20251024_150309.532855,1.015581727027893,1.0016180276870728,1.0090100765228271,-0.015581727027893066,-0.001618027687072754,-0.009010076522827148,-0.06644764542579651,-178.6743927001953,-176.79539489746094,0.06644764542579651,0.06762395799160004,-0.9445184469223022,40285,0.058565497398376465,0.06748293340206146,-0.05842447280883789,-0.10128122568130493,-0.9327717423439026,0.08953452110290527,-45.30477523803711,1319.2705078125,11.25335693359375
20251024_150309.543112,1.0153568983078003,1.0018328428268433,1.0088679790496826,-0.015356898307800293,-0.0018328428268432617,-0.008867979049682617,-0.2840082347393036,-178.6387176513672,-176.80662536621094,0.2840082347393036,0.03287764638662338,-0.8821420073509216,39924,0.05764186382293701,0.06759914010763168,-0.09236335754394531,-0.0998198390007019,-0.9329574108123779,0.1506352424621582,-51.31959915161133,1319.2532958984375,-343.7042236328125
20251024_150309.552720,1.015184998512268,1.0019266605377197,1.0087828636169434,-0.015184998512268066,-0.0019266605377197266,-0.00878286361694336,-0.2720598876476288,-178.39639282226562,-176.86434936523438,0.2720598876476288,0.06947745382785797,-0.9166702628135681,40115,0.057088613510131836,0.06771387159824371,-0.05532503128051758,-0.09870249032974243,-0.9331406354904175,0.1151728630065918,-53.946495056152344,1319.2344970703125,-150.10833740234375
20251024_150309.562745,1.0148355960845947,1.0022363662719727,1.0084786415100098,-0.014835596084594727,-0.0022363662719726562,-0.008478641510009766,0.14228498935699463,-179.29583740234375,-177.351318359375,-0.14228498935699463,-0.07480712980031967,-0.7956525087356567,39761,0.05511116981506348,0.06782606989145279,-0.19774436950683594,-0.09643137454986572,-0.9333207607269287,0.2340996265411377,-62.618255615234375,1319.213623046875,-495.5291748046875
20251024_150309.572751,1.0146324634552002,1.0021690130233765,1.0084267854690552,-0.014632463455200195,-0.002169013023376465,-0.008426785469055176,87.53612518310547,-77.68745422363281,102.19991302490234,15.0,0.08900363743305206,-0.8925096988677979,40366,0.05477410554885864,0.06793595850467682,-0.0337064266204834,-0.09511101245880127,-0.9334975481033325,0.13609886169433594,-60.732364654541016,1319.191650390625,107.76519775390625
20251024_150309.583167,1.014491319656372,1.0019456148147583,1.00853431224823,-0.01449131965637207,-0.0019456148147583008,-0.00853431224822998,-0.16238270699977875,-179.783935546875,-177.49588012695312,0.16238270699977875,0.19341163337230682,-0.9332995414733887,40622,0.05547302961349487,0.0680462047457695,0.06989240646362305,-0.09419357776641846,-0.933672308921814,0.09456634521484375,-54.47721481323242,1319.1710205078125,357.4371337890625
20251024_150309.593005,1.0142863988876343,1.00198233127594,1.0084342956542969,-0.014286398887634277,-0.0019823312759399414,-0.008434295654296875,-0.14351846277713776,-179.92727661132812,-177.38710021972656,0.14351846277713776,0.057968635112047195,-0.8894096612930298,40204,0.05482292175292969,0.06815649569034576,-0.06501078605651855,-0.0928615927696228,-0.9338449835777283,0.1372969150543213,-55.50527572631836,1319.1513671875,-58.746337890625
20251024_150309.603172,1.0140817165374756,1.0022927522659302,1.0081822872161865,-0.014081716537475586,-0.0022927522659301758,-0.008182287216186523,0.2461698204278946,-179.87896728515625,-177.37564086914062,-0.2461698204278946,-0.042356111109256744,-0.8884091973304749,39758,0.0531848669052124,0.06826450675725937,-0.16380548477172852,-0.09153115749359131,-0.9340152144432068,0.13713717460632324,-64.19706726074219,1319.1300048828125,-496.673583984375
20251024_150309.612714,1.0139214992523193,1.0024657249450684,1.0080780982971191,-0.013921499252319336,-0.0024657249450683594,-0.00807809829711914,0.23190797865390778,-179.38194274902344,-177.56707763671875,-0.23190797865390778,0.05315503850579262,-0.9173274040222168,39973,0.052507638931274414,0.06837020069360733,-0.06772279739379883,-0.09048974514007568,-0.9341832399368286,0.1073455810546875,-69.04029846191406,1319.106201171875,-276.75628662109375
20251024_150309.622650,1.0137264728546143,1.0025415420532227,1.0080130100250244,-0.013726472854614258,-0.0025415420532226562,-0.008013010025024414,0.27200454473495483,-178.99134826660156,-177.79788208007812,-0.27200454473495483,0.07825198024511337,-0.8929035067558289,40126,0.05208456516265869,0.06847479194402695,-0.042307376861572266,-0.08922207355499268,-0.9343491196632385,0.13066768646240234,-71.16317749023438,1319.0811767578125,-121.307373046875
20251024_150309.632502,1.0134707689285278,1.0025205612182617,1.0079479217529297,-0.013470768928527832,-0.0025205612182617188,-0.007947921752929688,0.2850860059261322,-179.13812255859375,-177.81927490234375,-0.2850860059261322,0.07793264836072922,-0.8507506251335144,40282,0.05166149139404297,0.06857853382825851,-0.042307376861572266,-0.08755999803543091,-0.9345122575759888,0.17132163047790527,-70.57571411132812,1319.055908203125,33.5693359375
20251024_150309.642521,1.0132763385772705,1.0024917125701904,1.007885217666626,-0.013276338577270508,-0.0024917125701904297,-0.007885217666625977,87.41234588623047,-81.11036682128906,98.64844512939453,15.0,0.07917770743370056,-0.89070063829422,40295,0.05125391483306885,0.06868144869804382,-0.04075765609741211,-0.0862962007522583,-0.9346727728843689,0.13026833534240723,-69.76795196533203,1319.03076171875,46.1578369140625
20251024_150309.652455,1.0130935907363892,1.0024712085723877,1.0078669786453247,-0.01309359073638916,-0.0024712085723876953,-0.007866978645324707,86.7439193725586,-82.65184783935547,97.35740661621094,15.0,0.10806383937597275,-0.8974982500076294,40282,0.051135361194610596,0.06878384202718735,-0.011855363845825195,-0.08510833978652954,-0.9348309636116028,0.12244105339050293,-69.19384002685547,1319.0059814453125,32.806396484375
20251024_150309.662526,1.0129146575927734,1.0025978088378906,1.0077435970306396,-0.012914657592773438,-0.002597808837890625,-0.0077435970306396484,86.51783752441406,-82.08877563476562,98.03813934326172,15.0,0.03902064263820648,-0.8990470767021179,40043,0.050333380699157715,0.06888531148433685,-0.08019804954528809,-0.08394527435302734,-0.9349870085716248,0.11988520622253418,-72.7386474609375,1318.980712890625,-202.5604248046875
20251024_150309.672530,1.012750267982483,1.0027210712432861,1.0076344013214111,-0.01275026798248291,-0.002721071243286133,-0.007634401321411133,86.97470092773438,-81.30879211425781,98.56636810302734,15.0,0.04763166606426239,-0.90787672996521,40045,0.04962360858917236,0.06898526847362518,-0.07097721099853516,-0.08287674188613892,-0.9351410269737244,0.11014103889465332,-76.18999481201172,1318.9541015625,-197.2198486328125
20251024_150309.682519,1.0125211477279663,1.0029622316360474,1.0075246095657349,-0.012521147727966309,-0.0029622316360473633,-0.007524609565734863,87.35562896728516,-78.94013214111328,101.107421875,15.0,0.04662912338972092,-0.8631695508956909,39850,0.04890996217727661,0.0690838024020195,-0.0713646411895752,-0.081387460231781,-0.935292661190033,0.15351057052612305,-82.94248962402344,1318.9256591796875,-385.85662841796875
20251024_150309.692638,1.0123474597930908,1.0030534267425537,1.0074151754379272,-0.01234745979309082,-0.003053426742553711,-0.007415175437927246,87.58497619628906,-77.39875030517578,102.57898712158203,15.0,0.046247366815805435,-0.899329423904419,40087,0.0481986403465271,0.06918090581893921,-0.07113218307495117,-0.08025848865509033,-0.9354418516159058,0.11637091636657715,-85.4959487915039,1318.8956298828125,-145.91217041015625
20251024_150309.702473,1.0121777057647705,1.0030608177185059,1.0073353052139282,-0.012177705764770508,-0.0030608177185058594,-0.007335305213928223,87.37863159179688,-78.60808563232422,101.45704650878906,15.0,0.06504062563180923,-0.9010089039802551,40221,0.04767948389053345,0.06927678734064102,-0.051915645599365234,-0.0791550874710083,-0.9355890154838562,0.11373519897460938,-85.70289611816406,1318.864990234375,-11.8255615234375
20251024_150309.712374,1.0121397972106934,1.0028802156448364,1.00737464427948,-0.01213979721069336,-0.0028802156448364258,-0.0073746442794799805,0.1502738893032074,179.78448486328125,-177.38624572753906,-0.1502738893032074,0.1428779810667038,-0.9892448782920837,40527,0.04793518781661987,0.06937240064144135,0.025570392608642578,-0.07890868186950684,-0.9357349276542664,0.025398731231689453,-80.64604187011719,1318.8353271484375,288.96331787109375
20251024_150309.722555,1.0118318796157837,1.0031273365020752,1.007246732711792,-0.011831879615783691,-0.0031273365020751953,-0.007246732711791992,0.05632522702217102,178.56680297851562,-177.97921752929688,-0.05632522702217102,0.03342868387699127,-0.8064811825752258,39835,0.04710376262664795,0.0694674402475357,-0.08314251899719238,-0.076907217502594,-0.9358787536621094,0.20630478858947754,-87.56542205810547,1318.8052978515625,-395.39337158203125
20251024_150309.733167,1.0116920471191406,1.0031931400299072,1.0071442127227783,-0.011692047119140625,-0.0031931400299072266,-0.00714421272277832,0.0731760710477829,178.68045043945312,-178.05174255371094,-0.0731760710477829,0.04936037212610245,-0.9183304309844971,40124,0.04643738269805908,0.06956098228693008,-0.06663799285888672,-0.07599830627441406,-0.9360198974609375,0.09368777275085449,-89.40792083740234,1318.773681640625,-105.28564453125
20251024_150309.742934,1.0114989280700684,1.003355860710144,1.0070018768310547,-0.01149892807006836,-0.003355860710144043,-0.0070018768310546875,0.09312646090984344,179.46524047851562,-178.26654052734375,-0.09312646090984344,0.02264680154621601,-0.8815122842788696,39964,0.04551219940185547,0.06965292990207672,-0.09251832962036133,-0.07474303245544434,-0.9361590147018433,0.12938976287841797,-93.96409606933594,1318.740966796875,-260.35308837890625
20251024_150309.752912,1.0112476348876953,1.0036691427230835,1.0068762302398682,-0.011247634887695312,-0.003669142723083496,-0.006876230239868164,0.3110276758670807,-179.6051483154297,-178.40049743652344,-0.3110276758670807,0.03276835381984711,-0.841038703918457,39714,0.044695496559143066,0.06974314153194427,-0.08167028427124023,-0.07310962677001953,-0.9362955093383789,0.1683664321899414,-102.73599243164062,1318.705810546875,-501.251220703125
20251024_150309.762882,1.0110740661621094,1.0037438869476318,1.0067620277404785,-0.011074066162109375,-0.003743886947631836,-0.006762027740478516,0.37943974137306213,-179.51890563964844,-178.36866760253906,-0.37943974137306213,0.03955334424972534,-0.892119824886322,40094,0.04395318031311035,0.06983178853988647,-0.07423162460327148,-0.07198143005371094,-0.9364294409751892,0.11629104614257812,-104.8288345336914,1318.668701171875,-119.59075927734375
20251024_150309.772908,1.0109224319458008,1.0037420988082886,1.0067225694656372,-0.010922431945800781,-0.0037420988082885742,-0.006722569465637207,0.42958641052246094,179.88845825195312,-178.10092163085938,-0.42958641052246094,0.08796826004981995,-0.9059622883796692,40216,0.043696701526641846,0.06991943717002869,-0.025647878646850586,-0.07099580764770508,-0.9365614056587219,0.10159492492675781,-104.77876281738281,1318.63134765625,2.86102294921875
20251024_150309.783187,1.0107882022857666,1.003657341003418,1.0067239999771118,-0.010788202285766602,-0.0036573410034179688,-0.006723999977111816,0.5157708525657654,179.12985229492188,-177.87356567382812,-0.5157708525657654,0.1146426722407341,-0.9168811440467834,40351,0.04370599985122681,0.0700068399310112,0.0009298324584960938,-0.07012331485748291,-0.9366917014122009,0.08993387222290039,-102.40554809570312,1318.59423828125,135.61248779296875
20251024_150309.793173,1.0106384754180908,1.0036098957061768,1.006587028503418,-0.01063847541809082,-0.003609895706176758,-0.006587028503417969,0.560124933719635,178.66004943847656,-177.6802978515625,-0.560124933719635,0.023877590894699097,-0.9056533575057983,40293,0.0428156852722168,0.07009336352348328,-0.08903145790100098,-0.06915009021759033,-0.9368202686309814,0.10031700134277344,-101.07707977294922,1318.5579833984375,75.9124755859375
20251024_150309.803297,1.0104968547821045,1.0037126541137695,1.0065182447433472,-0.010496854782104492,-0.0037126541137695312,-0.006518244743347168,0.5796687006950378,179.3102264404297,-177.91680908203125,-0.5796687006950378,0.06783769279718399,-0.9102907776832581,40050,0.04236859083175659,0.0701785460114479,-0.04470944404602051,-0.0682295560836792,-0.9369470477104187,0.09488582611083984,-103.95431518554688,1318.5213623046875,-164.4134521484375
20251024_150309.812764,1.0104334354400635,1.003763198852539,1.0064520835876465,-0.010433435440063477,-0.0037631988525390625,-0.006452083587646484,0.7409911155700684,-179.24522399902344,-177.72518920898438,-0.7409911155700684,0.06919664889574051,-0.9623990058898926,40132,0.04193854331970215,0.0702628567814827,-0.043004751205444336,-0.0678173303604126,-0.9370726346969604,0.04249095916748047,-105.36956787109375,1318.4840087890625,-80.87158203125
20251024_150309.823207,1.0101593732833862,1.0040501356124878,1.0063177347183228,-0.01015937328338623,-0.004050135612487793,-0.006317734718322754,0.6838144063949585,-179.36056518554688,-178.38748168945312,-0.6838144063949585,0.024084368720650673,-0.8196104764938354,39745,0.0410652756690979,0.07034585624933243,-0.0873267650604248,-0.0660359263420105,-0.9371961951255798,0.18362164497375488,-113.40379333496094,1318.4449462890625,-459.09881591796875
20251024_150309.833134,1.0099961757659912,1.0040405988693237,1.0062352418899536,-0.009996175765991211,-0.0040405988693237305,-0.006235241889953613,0.7156267166137695,-179.55015563964844,-178.25967407226562,-0.7156267166137695,0.05733618512749672,-0.8929499387741089,40220,0.040529072284698486,0.07042745500802994,-0.053620338439941406,-0.06497514247894287,-0.9373171329498291,0.10934233665466309,-113.13676452636719,1318.4044189453125,15.2587890625
20251024_150309.843189,1.0098847150802612,1.0039610862731934,1.0062060356140137,-0.00988471508026123,-0.003961086273193359,-0.006206035614013672,0.8102723956108093,179.7962646484375,-177.9927520751953,-0.8102723956108093,0.0918634757399559,-0.9270083904266357,40334,0.04033923149108887,0.07050832360982895,-0.018984079360961914,-0.064250648021698,-0.9374364018440247,0.07467865943908691,-110.91041564941406,1318.3643798828125,127.22015380859375
20251024_150309.853283,1.0097808837890625,1.0038377046585083,1.0060980319976807,-0.0097808837890625,-0.0038377046585083008,-0.006098031997680664,0.732861340045929,179.01754760742188,-177.7111358642578,-0.732861340045929,0.04002315551042557,-0.9315631985664368,40408,0.039637207984924316,0.07058829814195633,-0.07020235061645508,-0.06357574462890625,-0.9375544190406799,0.06956696510314941,-107.45573425292969,1318.325439453125,197.41058349609375
20251024_150309.862805,1.0095974206924438,1.0038188695907593,1.0059630870819092,-0.009597420692443848,-0.0038188695907592773,-0.00596308708190918,0.7550160884857178,179.0689239501953,-177.68319702148438,-0.7550160884857178,0.021712565794587135,-0.8771336674690247,40241,0.03876006603240967,0.07066669315099716,-0.08771419525146484,-0.06238323450088501,-0.9376707077026367,0.12292027473449707,-106.9283447265625,1318.287109375,30.1361083984375
20251024_150309.872792,1.0094423294067383,1.0038423538208008,1.005859613418579,-0.009442329406738281,-0.0038423538208007812,-0.0058596134185791016,0.7745621800422668,179.59812927246094,-178.00686645507812,-0.7745621800422668,0.04157314822077751,-0.8952488899230957,40173,0.03808748722076416,0.07074353843927383,-0.06725788116455078,-0.06137514114379883,-0.9377849102020264,0.10391116142272949,-107.58590698242188,1318.2489013671875,-37.57476806640625
20251024_150309.882766,1.0092973709106445,1.0039465427398682,1.0057622194290161,-0.009297370910644531,-0.003946542739868164,-0.005762219429016113,0.7462847828865051,-179.80369567871094,-178.1995391845703,-0.7462847828865051,0.0449674166738987,-0.9012081027030945,40041,0.037454426288604736,0.07081908732652664,-0.06330609321594238,-0.06043291091918945,-0.9378973841667175,0.0971221923828125,-110.5031967163086,1318.2099609375,-166.7022705078125
20251024_150309.892724,1.0091696977615356,1.0040086507797241,1.0056781768798828,-0.009169697761535645,-0.004008650779724121,-0.0056781768798828125,0.7436635494232178,-179.50341796875,-178.32545471191406,-0.7436635494232178,0.053173940628767014,-0.9120702147483826,40106,0.03690814971923828,0.07089344412088394,-0.05462765693664551,-0.05960303544998169,-0.938008189201355,0.0855410099029541,-112.24221801757812,1318.170166015625,-99.37286376953125
20251024_150309.902684,1.0090384483337402,1.0039843320846558,1.0055873394012451,-0.009038448333740234,-0.003984332084655762,-0.005587339401245117,0.7963851690292358,-179.77500915527344,-178.16294860839844,-0.7963851690292358,0.048240017145872116,-0.9089301824569702,40245,0.03631770610809326,0.07096666842699051,-0.05904436111450195,-0.05874991416931152,-0.9381173849105835,0.0879371166229248,-111.56129455566406,1318.130126953125,38.909912109375
20251024_150309.912854,1.0088996887207031,1.0038700103759766,1.0055673122406006,-0.008899688720703125,-0.0038700103759765625,-0.005567312240600586,0.7108466029167175,179.71189880371094,-177.8821563720703,-0.7108466029167175,0.09420905262231827,-0.9031040668487549,40392,0.03618752956390381,0.07103917747735977,-0.013017654418945312,-0.05784797668457031,-0.9382250308990479,0.09296894073486328,-108.36029052734375,1318.0909423828125,182.91473388671875
20251024_150309.923007,1.0087729692459106,1.0037546157836914,1.005510687828064,-0.008772969245910645,-0.0037546157836914062,-0.005510687828063965,0.6978342533111572,179.32948303222656,-177.68792724609375,-0.6978342533111572,0.0701247900724411,-0.9104533195495605,40397,0.03581947088241577,0.07111118733882904,-0.03680586814880371,-0.05702430009841919,-0.9383310675621033,0.08490204811096191,-105.12924194335938,1318.052734375,184.63134765625
20251024_150309.932650,1.0085887908935547,1.0036033391952515,1.0054092407226562,-0.008588790893554688,-0.003603339195251465,-0.00540924072265625,0.5784861445426941,179.60643005371094,-177.49671936035156,-0.5784861445426941,0.04040161147713661,-0.8708629012107849,40459,0.035160064697265625,0.07118216156959534,-0.06594061851501465,-0.05582714080810547,-0.9384352564811707,0.12339949607849121,-100.89349365234375,1318.0159912109375,242.04254150390625
20251024_150309.942868,1.0084439516067505,1.003635048866272,1.0053035020828247,-0.008443951606750488,-0.0036350488662719727,-0.005303502082824707,0.6139545440673828,-179.90281677246094,-177.67221069335938,-0.6139545440673828,0.03699444606900215,-0.8963807821273804,40165,0.034472763538360596,0.07125179469585419,-0.06873011589050293,-0.054885685443878174,-0.9385374188423157,0.09704232215881348,-101.7813720703125,1317.979736328125,-50.7354736328125
20251024_150309.952734,1.0083141326904297,1.0037423372268677,1.0052248239517212,-0.008314132690429688,-0.0037423372268676758,-0.005224823951721191,0.6136941313743591,-179.46661376953125,-177.73257446289062,-0.6136941313743591,0.05414080247282982,-0.9057011604309082,40041,0.033961355686187744,0.07132022827863693,-0.051140785217285156,-0.05404186248779297,-0.9386379718780518,0.08697867393493652,-104.78544616699219,1317.94287109375,-171.661376953125
20251024_150309.962856,1.008191704750061,1.0037293434143066,1.005135416984558,-0.008191704750061035,-0.0037293434143066406,-0.0051354169845581055,0.6296347975730896,-179.41024780273438,-177.7937469482422,-0.6296347975730896,0.04665325582027435,-0.9099563956260681,40234,0.033380210399627686,0.07138757407665253,-0.05811452865600586,-0.05324608087539673,-0.9387370347976685,0.08202672004699707,-104.42161560058594,1317.905517578125,20.79010009765625
20251024_150309.972746,1.0080897808074951,1.00361168384552,1.0050729513168335,-0.008089780807495117,-0.0036116838455200195,-0.005072951316833496,0.684975266456604,-179.90969848632812,-177.59535217285156,-0.684975266456604,0.06382542848587036,-0.9231292605400085,40404,0.032974183559417725,0.07145392894744873,-0.040602684020996094,-0.05258357524871826,-0.9388347268104553,0.06828904151916504,-101.12715148925781,1317.868896484375,188.25531005859375
20251024_150309.982923,1.0079379081726074,1.003444790840149,1.0050466060638428,-0.007937908172607422,-0.0034447908401489258,-0.0050466060638427734,0.752835750579834,179.49827575683594,-177.46755981445312,-0.752835750579834,0.08719822764396667,-0.8887726068496704,40488,0.03280293941497803,0.07151970267295837,-0.017124414443969727,-0.05159640312194824,-0.938930869102478,0.10175466537475586,-96.45414733886719,1317.8336181640625,267.02880859375
20251024_150309.992794,1.007799506187439,1.0032988786697388,1.004980206489563,-0.007799506187438965,-0.0032988786697387695,-0.004980206489562988,0.7392337918281555,179.2015380859375,-177.35543823242188,-0.7392337918281555,0.06079649552702904,-0.8969927430152893,40458,0.032371342182159424,0.07158488035202026,-0.04315972328186035,-0.05069679021835327,-0.9390252828598022,0.09272933006286621,-92.36860656738281,1317.7998046875,233.45947265625
20251024_150310.002799,1.0076818466186523,1.0032472610473633,1.0048719644546509,-0.007681846618652344,-0.0032472610473632812,-0.004871964454650879,0.8259124755859375,179.53221130371094,-177.66053771972656,-0.8259124755859375,0.03295936435461044,-0.9102182984352112,40309,0.03166776895523071,0.07164891809225082,-0.0703573226928711,-0.049932003021240234,-0.9391182065010071,0.07883191108703613,-90.92330932617188,1317.76708984375,82.58819580078125
20251024_150310.012913,1.0075719356536865,1.0033701658248901,1.004791259765625,-0.0075719356536865234,-0.0033701658248901367,-0.004791259765625,0.7873479127883911,-179.76853942871094,-177.9044189453125,-0.7873479127883911,0.0503968670964241,-0.9147869348526001,40026,0.0311431884765625,0.07171172648668289,-0.05245804786682129,-0.0492175817489624,-0.9392096996307373,0.07364034652709961,-94.36463928222656,1317.7340087890625,-196.64764404296875
20251024_150310.022925,1.0074448585510254,1.003483772277832,1.0046955347061157,-0.007444858551025391,-0.0034837722778320312,-0.004695534706115723,0.7942447066307068,-179.3943634033203,-177.9468231201172,-0.7942447066307068,0.040073078125715256,-0.9025497436523438,40038,0.030520975589752197,0.07177339494228363,-0.06222128868103027,-0.04839158058166504,-0.9392998218536377,0.08514165878295898,-97.54562377929688,1317.69970703125,-181.77032470703125
20251024_150310.032724,1.0073227882385254,1.0034657716751099,1.0046241283416748,-0.007322788238525391,-0.0034657716751098633,-0.004624128341674805,0.8091622591018677,-179.43115234375,-177.9467315673828,-0.8091622591018677,0.05547666922211647,-0.9051994681358337,40249,0.03005683422088623,0.07183396816253662,-0.04641413688659668,-0.04759812355041504,-0.9393884539604187,0.081787109375,-97.04161071777344,1317.6650390625,28.80096435546875
20251024_150310.043013,1.0071994066238403,1.0033425092697144,1.0046014785766602,-0.007199406623840332,-0.0033425092697143555,-0.004601478576660156,0.8939346671104431,179.98963928222656,-177.7093048095703,-0.8939346671104431,0.08708120137453079,-0.9036059975624084,40421,0.029909610748291016,0.07189393788576126,-0.014722347259521484,-0.04679614305496216,-0.9394755363464355,0.08266568183898926,-93.59025573730469,1317.6309814453125,197.2198486328125
20251024_150310.052933,1.007051706314087,1.0032095909118652,1.004560112953186,-0.007051706314086914,-0.0032095909118652344,-0.004560112953186035,0.893315851688385,179.5381317138672,-177.626953125,-0.893315851688385,0.07470656931400299,-0.8864379525184631,40440,0.02964073419570923,0.07195349037647247,-0.02688765525817871,-0.04583609104156494,-0.9395610690116882,0.09895920753479004,-89.86854553222656,1317.59814453125,212.66937255859375
20251024_150310.062932,1.0069248676300049,1.0031752586364746,1.0044821500778198,-0.006924867630004883,-0.0031752586364746094,-0.004482150077819824,0.8598535656929016,179.49017333984375,-177.55279541015625,-0.8598535656929016,0.050470367074012756,-0.899674654006958,40283,0.029133975505828857,0.07201226055622101,-0.05067586898803711,-0.04501163959503174,-0.9396449327468872,0.08498191833496094,-88.90724182128906,1317.5662841796875,54.931640625
20251024_150310.072931,1.0068175792694092,1.0032169818878174,1.0043771266937256,-0.00681757926940918,-0.003216981887817383,-0.004377126693725586,0.8652589917182922,179.96591186523438,-177.82252502441406,-0.8652589917182922,0.03225596994161606,-0.9121584296226501,40160,0.02845132350921631,0.07206984609365463,-0.06826519966125488,-0.04431426525115967,-0.9397273659706116,0.0718832015991211,-90.07549285888672,1317.5343017578125,-66.7572021484375
20251024_150310.082898,1.006691336631775,1.0033117532730103,1.0042694807052612,-0.006691336631774902,-0.003311753273010254,-0.0042694807052612305,0.8078064322471619,-179.51199340820312,-177.96261596679688,-0.8078064322471619,0.02990778163075447,-0.8987195491790771,40073,0.027751624584197998,0.07212605327367783,-0.06996989250183105,-0.043493688106536865,-0.9398084282875061,0.08458256721496582,-92.72909545898438,1317.501708984375,-151.63421630859375
20251024_150310.092857,1.0065643787384033,1.0033706426620483,1.0041776895523071,-0.00656437873840332,-0.00337064266204834,-0.004177689552307129,0.7203851938247681,-179.3432159423828,-177.96240234375,-0.7203851938247681,0.03967168927192688,-0.8974946141242981,40128,0.027154982089996338,0.07218095660209656,-0.059664249420166016,-0.04266846179962158,-0.9398879408836365,0.08506178855895996,-94.37799072265625,1317.46826171875,-94.2230224609375
20251024_150310.102623,1.0064336061477661,1.0032994747161865,1.004128098487854,-0.006433606147766113,-0.0032994747161865234,-0.004128098487854004,0.7420213222503662,-179.68109130859375,-177.74810791015625,-0.7420213222503662,0.06683339178562164,-0.8941667675971985,40338,0.026832640171051025,0.07223494350910187,-0.03223419189453125,-0.041818439960479736,-0.9399659633636475,0.08761763572692871,-92.38529205322266,1317.4349365234375,113.86871337890625
20251024_150310.112620,1.0062639713287354,1.0031707286834717,1.0041027069091797,-0.0062639713287353516,-0.0031707286834716797,-0.0041027069091796875,0.8800570964813232,179.72622680664062,-177.5286407470703,-0.8800570964813232,0.08245151489973068,-0.8671026229858398,40434,0.02666759490966797,0.07228844612836838,-0.016504526138305664,-0.040715813636779785,-0.9400421380996704,0.11365532875061035,-88.78040313720703,1317.402587890625,205.99365234375
20251024_150310.122781,1.0061378479003906,1.0030797719955444,1.004050374031067,-0.006137847900390625,-0.0030797719955444336,-0.0040503740310668945,0.8213504552841187,179.20530700683594,-177.41183471679688,-0.8213504552841187,0.06465250253677368,-0.8955098390579224,40376,0.026327431201934814,0.0723414421081543,-0.03401637077331543,-0.03989601135253906,-0.9401165246963501,0.0845026969909668,-86.23361206054688,1317.371337890625,145.53070068359375
20251024_150310.133012,1.0060100555419922,1.0031217336654663,1.0039546489715576,-0.0060100555419921875,-0.0031217336654663086,-0.003954648971557617,0.8517094850540161,179.52685546875,-177.4242706298828,-0.8517094850540161,0.03587740287184715,-0.8936339020729065,40162,0.02570521831512451,0.07239346951246262,-0.06222128868103027,-0.03906536102294922,-0.9401894211769104,0.08562088012695312,-87.40853881835938,1317.34033203125,-67.138671875
20251024_150310.142910,1.0058925151824951,1.0031893253326416,1.0038905143737793,-0.005892515182495117,-0.0031893253326416016,-0.003890514373779297,0.8667216897010803,-179.92727661132812,-177.69677734375,-0.8667216897010803,0.05604531988501549,-0.8998101353645325,40119,0.02528834342956543,0.07244446873664856,-0.0416874885559082,-0.03830134868621826,-0.9402608275413513,0.07875204086303711,-89.30110931396484,1317.3087158203125,-108.14666748046875
20251024_150310.153082,1.0057783126831055,1.0032676458358765,1.0038005113601685,-0.005778312683105469,-0.003267645835876465,-0.003800511360168457,0.8677495718002319,-179.58018493652344,-177.7754669189453,-0.8677495718002319,0.03869582340121269,-0.9013742208480835,40100,0.02470332384109497,0.07249445468187332,-0.0585019588470459,-0.03755903244018555,-0.9403308629989624,0.07651567459106445,-91.49407958984375,1317.2764892578125,-125.31280517578125
20251024_150310.162054,1.0056263208389282,1.0032870769500732,1.0037262439727783,-0.005626320838928223,-0.003287076950073242,-0.0037262439727783203,0.8027637600898743,-179.6717071533203,-177.70745849609375,-0.8027637600898743,0.048490166664123535,-0.8751358389854431,40194,0.024220585823059082,0.07254338264465332,-0.04827380180358887,-0.03657108545303345,-0.9403992891311646,0.10183453559875488,-92.03815460205078,1317.24365234375,-31.08978271484375
20251024_150310.172960,1.0055105686187744,1.0032073259353638,1.0036808252334595,-0.005510568618774414,-0.0032073259353637695,-0.0036808252334594727,0.8507742285728455,179.8533172607422,-177.4949493408203,-0.8507742285728455,0.06699471175670624,-0.8987308144569397,40355,0.023925364017486572,0.07259152829647064,-0.029522180557250977,-0.03581869602203369,-0.9404661059379578,0.07755398750305176,-89.80513000488281,1317.211181640625,127.60162353515625
20251024_150310.182935,1.0053784847259521,1.0030649900436401,1.003638505935669,-0.0053784847259521484,-0.0030649900436401367,-0.0036385059356689453,0.8028544783592224,179.22564697265625,-177.27896118164062,-0.8028544783592224,0.06878184527158737,-0.8869953751564026,40459,0.023650288581848145,0.072639100253582,-0.027507543563842773,-0.034960150718688965,-0.9405314326286316,0.08849620819091797,-85.81971740722656,1317.1798095703125,227.7374267578125
20251024_150310.193028,1.0052690505981445,1.0030462741851807,1.0035532712936401,-0.005269050598144531,-0.003046274185180664,-0.0035532712936401367,0.724886953830719,179.11361694335938,-177.33631896972656,-0.724886953830719,0.0403795950114727,-0.9015232920646667,40261,0.02309626340866089,0.0726858526468277,-0.055402517318725586,-0.03424882888793945,-0.9405953288078308,0.07332086563110352,-85.2956771850586,1317.1492919921875,29.94537353515625
20251024_150310.202963,1.0051652193069458,1.0031555891036987,1.0034403800964355,-0.005165219306945801,-0.0031555891036987305,-0.003440380096435547,0.7296063899993896,179.6970977783203,-177.4444122314453,-0.7296063899993896,0.021714501082897186,-0.904664933681488,40053,0.022362470626831055,0.07273130863904953,-0.0733792781829834,-0.033573925495147705,-0.9406579732894897,0.06956696510314941,-88.35649108886719,1317.1182861328125,-174.90386962890625
20251024_150310.212348,1.0050499439239502,1.003268837928772,1.003360629081726,-0.005049943923950195,-0.0032688379287719727,-0.0033606290817260742,0.6851018071174622,-179.72035217285156,-177.6294403076172,-0.6851018071174622,0.042781442403793335,-0.8963093757629395,40044,0.021844089031219482,0.07277551293373108,-0.05183815956115723,-0.03282463550567627,-0.9407192468643188,0.07723450660705566,-91.5274658203125,1317.086181640625,-181.1981201171875
20251024_150310.222751,1.0049372911453247,1.0033434629440308,1.003243088722229,-0.004937291145324707,-0.0033434629440307617,-0.003243088722229004,0.6103081703186035,-179.61178588867188,-177.6013641357422,-0.6103081703186035,0.017497282475233078,-0.8973941802978516,40104,0.021080076694488525,0.07281843572854996,-0.0764012336730957,-0.032092392444610596,-0.9407791495323181,0.07547736167907715,-93.61695861816406,1317.0531005859375,-119.4000244140625
20251024_150310.232721,1.0048367977142334,1.0033197402954102,1.0032023191452026,-0.0048367977142333984,-0.0033197402954101562,-0.0032023191452026367,0.6289846301078796,-179.95220947265625,-177.41107177734375,-0.6289846301078796,0.06717517971992493,-0.9049463868141174,40262,0.02081507444381714,0.07286033034324646,-0.026500225067138672,-0.03143918514251709,-0.9408378005027771,0.06733059883117676,-92.95272827148438,1317.019775390625,37.95623779296875
20251024_150310.242857,1.0046597719192505,1.0033035278320312,1.0031453371047974,-0.004659771919250488,-0.00330352783203125,-0.0031453371047973633,0.6106534004211426,179.2830047607422,-177.4617156982422,-0.6106534004211426,0.05630796030163765,-0.8525760173797607,40250,0.02044469118118286,0.07290159165859222,-0.037038326263427734,-0.030288517475128174,-0.9408947825431824,0.1186072826385498,-92.498779296875,1316.9866943359375,25.93994140625
20251024_150310.252809,1.004508376121521,1.0032165050506592,1.003091812133789,-0.004508376121520996,-0.0032165050506591797,-0.0030918121337890625,0.5887047052383423,178.94371032714844,-177.37686157226562,-0.5887047052383423,0.058247681707143784,-0.8688190579414368,40366,0.020096778869628906,0.07294213771820068,-0.03479123115539551,-0.029304444789886475,-0.9409497976303101,0.10143518447875977,-90.06214141845703,1316.9541015625,139.2364501953125
20251024_150310.262409,1.004398226737976,1.0032455921173096,1.002992868423462,-0.004398226737976074,-0.0032455921173095703,-0.002992868423461914,0.631049633026123,179.21139526367188,-177.39959716796875,-0.631049633026123,0.028121918439865112,-0.8957916498184204,40179,0.01945364475250244,0.07298168540000916,-0.06431341171264648,-0.028588473796844482,-0.9410032629966736,0.07380008697509766,-90.87657928466797,1316.9217529296875,-46.539306640625
20251024_150310.272914,1.0042821168899536,1.0033891201019287,1.00288987159729,-0.004282116889953613,-0.003389120101928711,-0.002889871597290039,0.6356231570243835,179.91880798339844,-177.5914306640625,-0.6356231570243835,0.02485615201294422,-0.8910954594612122,39992,0.018784165382385254,0.07301992177963257,-0.06694793701171875,-0.027833759784698486,-0.9410552978515625,0.07779359817504883,-94.8953628540039,1316.8885498046875,-229.644775390625
20251024_150310.282957,1.0040991306304932,1.0035396814346313,1.0027422904968262,-0.004099130630493164,-0.0035396814346313477,-0.002742290496826172,0.6720486283302307,-179.44650268554688,-177.7703399658203,-0.6720486283302307,-0.0050462945364415646,-0.8451491594314575,39976,0.017824888229370117,0.07305653393268585,-0.09592771530151367,-0.026644349098205566,-0.9411056041717529,0.12260079383850098,-99.111083984375,1316.8538818359375,-240.89813232421875
20251024_150310.292892,1.003991961479187,1.003483533859253,1.0027375221252441,-0.003991961479187012,-0.0034835338592529297,-0.0027375221252441406,0.6043141484260559,179.99203491210938,-177.54541015625,-0.6043141484260559,0.08778659999370575,-0.8952986001968384,40309,0.017793893814086914,0.07309214770793915,-0.0030994415283203125,-0.025947749614715576,-0.9411541819572449,0.07180333137512207,-97.53894805908203,1316.81884765625,89.83612060546875
20251024_150310.302949,1.003879427909851,1.0033869743347168,1.0027718544006348,-0.0038794279098510742,-0.003386974334716797,-0.0027718544006347656,0.6463791131973267,179.34983825683594,-177.3464813232422,-0.6463791131973267,0.11346099525690079,-0.8910201787948608,40376,0.018017053604125977,0.07312796264886856,0.02231597900390625,-0.025216281414031982,-0.941201388835907,0.07539749145507812,-94.83528137207031,1316.784423828125,154.4952392578125
20251024_150310.312748,1.0037258863449097,1.0032871961593628,1.0027176141738892,-0.003725886344909668,-0.003287196159362793,-0.00271761417388916,0.6935826539993286,178.8497772216797,-177.24256896972656,-0.6935826539993286,0.055571988224983215,-0.8625923991203308,40384,0.01766449213027954,0.07316364347934723,-0.035256147384643555,-0.024218261241912842,-0.9412469863891602,0.10287284851074219,-92.04148864746094,1316.7510986328125,159.64508056640625
20251024_150310.322811,1.0035938024520874,1.0032870769500732,1.0026227235794067,-0.0035938024520874023,-0.003287076950073242,-0.0026227235794067383,0.6825360655784607,178.83346557617188,-177.19606018066406,-0.6825360655784607,0.028567172586917877,-0.8761544227600098,40224,0.0170477032661438,0.0731983557343483,-0.06167888641357422,-0.023359715938568115,-0.9412909150123596,0.08849620819091797,-92.03815460205078,1316.71826171875,0.19073486328125
20251024_150310.332584,1.003499150276184,1.0033669471740723,1.0025593042373657,-0.003499150276184082,-0.0033669471740722656,-0.0025593042373657227,0.670184850692749,179.41481018066406,-177.35540771484375,-0.670184850692749,0.04864494502544403,-0.9006609916687012,40094,0.016635477542877197,0.07323203980922699,-0.041222572326660156,-0.022744476795196533,-0.9413334727287292,0.06341695785522461,-94.27452087402344,1316.6849365234375,-127.7923583984375
20251024_150310.342647,1.0033323764801025,1.003606915473938,1.0024316310882568,-0.003332376480102539,-0.0036069154739379883,-0.002431631088256836,0.7541899085044861,-179.55850219726562,-177.6531219482422,-0.7541899085044861,0.00608253525570035,-0.8512964844703674,39831,0.015805602073669434,0.073264479637146,-0.08298754692077637,-0.021660447120666504,-0.9413744807243347,0.11173844337463379,-100.99363708496094,1316.650146484375,-383.94927978515625
20251024_150310.352466,1.0031927824020386,1.0037555694580078,1.0023257732391357,-0.0031927824020385742,-0.0037555694580078125,-0.002325773239135742,0.7945027351379395,-179.1823272705078,-177.737060546875,-0.7945027351379395,0.019605327397584915,-0.8686386942863464,39973,0.015117526054382324,0.07329540699720383,-0.06880760192871094,-0.020753085613250732,-0.9414136409759521,0.09352803230285645,-105.15594482421875,1316.61328125,-237.84637451171875
20251024_150310.362329,1.0030790567398071,1.0036431550979614,1.0023680925369263,-0.003079056739807129,-0.0036431550979614258,-0.0023680925369262695,0.7927380204200745,-179.72012329101562,-177.57826232910156,-0.7927380204200745,0.11622606217861176,-0.8852689266204834,40394,0.015392601490020752,0.07332591712474823,0.027507543563842773,-0.020013868808746338,-0.9414512515068054,0.07619619369506836,-102.00834655761719,1316.5762939453125,179.86297607421875
20251024_150310.372757,1.0029839277267456,1.0034328699111938,1.0024327039718628,-0.0029839277267456055,-0.0034328699111938477,-0.002432703971862793,0.7649106979370117,179.33238220214844,-177.32427978515625,-0.7649106979370117,0.13116712868213654,-0.8971467614173889,40556,0.015812575817108154,0.07335712015628815,0.041997432708740234,-0.019395530223846436,-0.9414876699447632,0.0637364387512207,-96.120361328125,1316.5408935546875,336.456298828125
20251024_150310.382875,1.0027706623077393,1.0034676790237427,1.0023518800735474,-0.002770662307739258,-0.0034676790237426758,-0.0023518800735473633,0.831160843372345,179.5579071044922,-177.24559020996094,-0.831160843372345,0.03613990545272827,-0.8166436553001404,40163,0.015287220478057861,0.07338821887969971,-0.0525355339050293,-0.018009305000305176,-0.9415221810340881,0.14288783073425293,-97.09501647949219,1316.50634765625,-55.694580078125
20251024_150310.392871,1.0026355981826782,1.0035418272018433,1.00226891040802,-0.0026355981826782227,-0.0035418272018432617,-0.0022689104080200195,0.8041706681251526,179.78387451171875,-177.22256469726562,-0.8041706681251526,0.034235887229442596,-0.8681930303573608,40098,0.014747917652130127,0.07341825217008591,-0.05393028259277344,-0.017131388187408447,-0.941554605960846,0.09049296379089355,-99.17115783691406,1316.4713134765625,-118.6370849609375
20251024_150310.402936,1.0025070905685425,1.0037435293197632,1.0022320747375488,-0.0025070905685424805,-0.0037435293197631836,-0.002232074737548828,0.8167317509651184,-179.760498046875,-177.14622497558594,-0.8167317509651184,0.064012810587883,-0.8717814683914185,39888,0.014508485794067383,0.07344751060009003,-0.023943185806274414,-0.016296088695526123,-0.9415854811668396,0.08610010147094727,-104.81881713867188,1316.4349365234375,-322.723388671875
20251024_150310.412651,1.002352237701416,1.0038601160049438,1.002181053161621,-0.0023522377014160156,-0.0038601160049438477,-0.0021810531616210938,0.7988507747650146,-179.45323181152344,-177.22767639160156,-0.7988507747650146,0.05448901653289795,-0.8531527519226074,40021,0.01417684555053711,0.07347619533538818,-0.033164024353027344,-0.015289545059204102,-0.9416146278381348,0.10375142097473145,-108.083251953125,1316.3968505859375,-186.5386962890625
20251024_150310.422847,1.0022212266921997,1.0038371086120605,1.0021612644195557,-0.002221226692199707,-0.003837108612060547,-0.002161264419555664,0.8091986179351807,-179.70547485351562,-177.21481323242188,-0.8091986179351807,0.07468995451927185,-0.8683026432991028,40245,0.014048218727111816,0.07350441813468933,-0.012862682342529297,-0.014437973499298096,-0.9416420459747314,0.08777737617492676,-107.43904113769531,1316.3583984375,36.81182861328125
20251024_150310.433180,1.002089023590088,1.0037181377410889,1.00218665599823,-0.0020890235900878906,-0.003718137741088867,-0.0021866559982299805,0.848902702331543,179.7523193359375,-177.08094787597656,-0.848902702331543,0.1042504757642746,-0.8666704893112183,40402,0.014213263988494873,0.07353268563747406,0.016504526138305664,-0.013578653335571289,-0.941667914390564,0.08857607841491699,-104.10785675048828,1316.3206787109375,190.3533935546875
20251024_150310.443135,1.0018826723098755,1.0035310983657837,1.002253532409668,-0.0018826723098754883,-0.0035310983657836914,-0.0022535324096679688,0.7602874040603638,179.4201202392578,-176.6774444580078,-0.7602874040603638,0.13167917728424072,-0.8156737685203552,40516,0.014647960662841797,0.07356154173612595,0.04346966743469238,-0.012237370014190674,-0.9416917562484741,0.13825535774230957,-98.87075805664062,1316.284423828125,299.26300048828125
20251024_150310.452730,1.0017204284667969,1.0035254955291748,1.0022188425064087,-0.001720428466796875,-0.0035254955291748047,-0.0022188425064086914,0.82571941614151,179.26513671875,-176.80421447753906,-0.82571941614151,0.06546465307474136,-0.8441928029060364,40226,0.014422476291656494,0.07359061390161514,-0.022548437118530273,-0.011182785034179688,-0.9417133927345276,0.1087033748626709,-98.71387481689453,1316.2491455078125,8.96453857421875
20251024_150310.462541,1.0015990734100342,1.003612756729126,1.0021694898605347,-0.0015990734100341797,-0.0036127567291259766,-0.002169489860534668,0.7116477489471436,179.69699096679688,-176.5870361328125,-0.7116477489471436,0.05564160272479057,-0.8708193898200989,40075,0.014101684093475342,0.07361913472414017,-0.032079219818115234,-0.010393977165222168,-0.9417333006858826,0.08130788803100586,-101.15718841552734,1316.21337890625,-139.617919921875
20251024_150310.472787,1.0014851093292236,1.003765344619751,1.002143144607544,-0.0014851093292236328,-0.0037653446197509766,-0.0021431446075439453,0.6395374536514282,-179.80633544921875,-176.7587432861328,-0.6395374536514282,0.07045319676399231,-0.8750490546226501,39966,0.013930439949035645,0.07364717125892639,-0.017124414443969727,-0.009653210639953613,-0.9417517781257629,0.0763559341430664,-105.42964935302734,1316.176513671875,-244.140625
20251024_150310.482301,1.0013384819030762,1.0038596391677856,1.0021170377731323,-0.0013384819030761719,-0.0038596391677856445,-0.0021170377731323242,0.6345365643501282,-179.5465850830078,-176.88983154296875,-0.6345365643501282,0.07046616077423096,-0.8522284626960754,40057,0.013760745525360107,0.07367485761642456,-0.01696944236755371,-0.008700132369995117,-0.9417687058448792,0.09824037551879883,-108.06990051269531,1316.138427734375,-150.87127685546875
20251024_150310.492713,1.0012078285217285,1.003791332244873,1.0021497011184692,-0.0012078285217285156,-0.003791332244873047,-0.0021497011184692383,0.7437283992767334,-179.660888671875,-177.12094116210938,-0.7437283992767334,0.1089068278670311,-0.8620971441268921,40319,0.013973057270050049,0.07370259612798691,0.02123117446899414,-0.007850885391235352,-0.9417840242385864,0.08753776550292969,-106.15730285644531,1316.10009765625,109.29107666015625
20251024_150310.502914,1.0010699033737183,1.003711462020874,1.0021892786026,-0.0010699033737182617,-0.0037114620208740234,-0.0021892786026000977,0.7450483441352844,179.895263671875,-176.9922332763672,-0.7450483441352844,0.1136864721775055,-0.8563421964645386,40339,0.014230310916900635,0.07373079657554626,0.025725364685058594,-0.006954371929168701,-0.94179767370224,0.09240984916687012,-103.92093658447266,1316.0626220703125,127.7923583984375
20251024_150310.512792,1.000889778137207,1.0036801099777222,1.002193808555603,-0.0008897781372070312,-0.003680109977722168,-0.0021938085556030273,0.866615355014801,179.88490295410156,-177.0923309326172,-0.866615355014801,0.09096351265907288,-0.826909065246582,40263,0.014259755611419678,0.0737592875957489,0.002944469451904297,-0.005783557891845703,-0.9418094158172607,0.12068390846252441,-103.04307556152344,1316.025634765625,50.16326904296875
20251024_150310.522859,1.000746250152588,1.0037883520126343,1.0021636486053467,-0.0007462501525878906,-0.0037883520126342773,-0.0021636486053466797,0.8558546900749207,-179.9785614013672,-176.97227478027344,-0.8558546900749207,0.06824736297130585,-0.8505061268806458,40036,0.014063715934753418,0.0737876147031784,-0.019603967666625977,-0.004850625991821289,-0.9418192505836487,0.09616374969482422,-106.0738525390625,1315.9884033203125,-173.187255859375
20251024_150310.532723,1.000633716583252,1.0040075778961182,1.0021634101867676,-0.0006337165832519531,-0.004007577896118164,-0.002163410186767578,0.8700248599052429,-179.43585205078125,-177.0307159423828,-0.8700248599052429,0.08772293478250504,-0.870549201965332,39852,0.014062166213989258,0.0738157406449318,-0.00015497207641601562,-0.004119157791137695,-0.9418275356292725,0.07539749145507812,-112.2121810913086,1315.9493408203125,-350.76141357421875
20251024_150310.542879,1.0003721714019775,1.004273533821106,1.0020912885665894,-0.00037217140197753906,-0.004273533821105957,-0.0020912885665893555,0.7816041111946106,-179.54953002929688,-177.66485595703125,-0.7816041111946106,0.04055771604180336,-0.7690173983573914,39770,0.01359337568283081,0.07384338974952698,-0.04687905311584473,-0.002419114112854004,-0.9418335556983948,0.17523527145385742,-119.65895080566406,1315.907958984375,-425.52947998046875
20251024_150310.552288,1.0001890659332275,1.0042078495025635,1.0020642280578613,-0.00018906593322753906,-0.0042078495025634766,-0.002064228057861328,0.7559977769851685,-179.6050262451172,-177.82907104492188,-0.7559977769851685,0.06969855725765228,-0.820385217666626,40303,0.013417482376098633,0.07387040555477142,-0.017589330673217773,-0.001228928565979004,-0.941836953163147,0.1226806640625,-117.81978607177734,1315.8656005859375,105.09490966796875
20251024_150310.562898,1.0000499486923218,1.0040905475616455,1.0021108388900757,-4.9948692321777344e-05,-0.004090547561645508,-0.0021108388900756836,0.8324430584907532,-179.9447021484375,-177.8850555419922,-0.8324430584907532,0.11791503429412842,-0.8489544987678528,40388,0.013720452785491943,0.07389754056930542,0.030297040939331055,-0.00032466650009155273,-0.9418383836746216,0.09320855140686035,-114.53533172607422,1315.8240966796875,187.68310546875
20251024_150310.572667,0.9999000430107117,1.0040819644927979,1.002172589302063,9.995698928833008e-05,-0.0040819644927978516,-0.0021725893020629883,0.7546383142471313,179.68443298339844,-177.71726989746094,-0.7546383142471313,0.1281849890947342,-0.8407515287399292,40215,0.014121830463409424,0.07392538338899612,0.04013776779174805,0.0006497204303741455,-0.9418380856513977,0.10043680667877197,-114.29500579833984,1315.783203125,13.73291015625
20251024_150310.582841,0.9997464418411255,1.004116415977478,1.0021766424179077,0.0002535581588745117,-0.004116415977478027,-0.002176642417907715,0.8192973732948303,179.65794372558594,-177.56361389160156,-0.8192973732948303,0.09073635190725327,-0.8372750282287598,40145,0.014148175716400146,0.07395365089178085,0.0026345252990722656,0.0016481280326843262,-0.9418359398841858,0.1029127836227417,-115.2596435546875,1315.7421875,-55.12237548828125
20251024_150310.592793,0.9995957612991333,1.0042824745178223,1.0021597146987915,0.0004042387008666992,-0.004282474517822266,-0.002159714698791504,0.8304365277290344,179.92466735839844,-177.5049285888672,-0.8304365277290344,0.07701697200536728,-0.8382484912872314,39930,0.014038145542144775,0.07398184388875961,-0.01100301742553711,0.002627551555633545,-0.9418320059776306,0.10095596313476562,-119.90928649902344,1315.7001953125,-265.69366455078125
20251024_150310.602774,0.9994697570800781,1.0043593645095825,1.0021737813949585,0.000530242919921875,-0.0043593645095825195,-0.002173781394958496,0.7771798372268677,-179.86065673828125,-177.47438049316406,-0.7771798372268677,0.09728293865919113,-0.8539569973945618,40070,0.014129579067230225,0.07401000708341599,0.009143352508544922,0.0034465789794921875,-0.9418264031410217,0.08442282676696777,-122.06221008300781,1315.656982421875,-123.02398681640625
20251024_150310.612695,0.999297559261322,1.0043387413024902,1.0022351741790771,0.0007024407386779785,-0.004338741302490234,-0.0022351741790771484,0.8779051303863525,-179.66607666015625,-177.8019256591797,-0.8779051303863525,0.12847261130809784,-0.821880578994751,40227,0.014528632164001465,0.07403866946697235,0.03990530967712402,0.00456586480140686,-0.9418190121650696,0.11537253856658936,-121.48475646972656,1315.613525390625,32.99713134765625
20251024_150310.622703,0.9991570115089417,1.004229187965393,1.002262830734253,0.0008429884910583496,-0.004229187965393066,-0.0022628307342529297,0.8758335709571838,179.9956817626953,-177.8414764404297,-0.8758335709571838,0.10675306618213654,-0.8421633243560791,40372,0.014708399772644043,0.07406790554523468,0.017976760864257812,0.0054794251918792725,-0.9418097138404846,0.09416699409484863,-118.41726684570312,1315.5706787109375,175.28533935546875
20251024_150310.632734,0.9990277290344238,1.004128098487854,1.0023200511932373,0.0009722709655761719,-0.004128098487854004,-0.0023200511932373047,0.9254013299942017,179.5784912109375,-177.91192626953125,-0.9254013299942017,0.1263713240623474,-0.8488597869873047,40361,0.01508033275604248,0.07409769296646118,0.03719329833984375,0.006319761276245117,-0.9417988061904907,0.08661925792694092,-115.58676147460938,1315.5289306640625,161.7431640625
20251024_150310.642725,0.9988799691200256,1.0041048526763916,1.0023702383041382,0.0011200308799743652,-0.0041048526763916016,-0.0023702383041381836,0.9456301331520081,179.2891845703125,-177.821044921875,-0.9456301331520081,0.12215635180473328,-0.8355069160461426,40237,0.015406548976898193,0.0741281807422638,0.03262162208557129,0.007280200719833374,-0.9417862892150879,0.09899914264678955,-114.93587493896484,1315.4876708984375,37.19329833984375
20251024_150310.653077,0.9987272024154663,1.004120945930481,1.0024009943008423,0.0012727975845336914,-0.004120945930480957,-0.002400994300842285,1.00205397605896,179.3110809326172,-177.85446166992188,-1.00205397605896,0.10975705087184906,-0.8311450481414795,40174,0.015606462955474854,0.07415919005870819,0.019991397857666016,0.008273184299468994,-0.941771924495697,0.10235369205474854,-115.38648986816406,1315.446533203125,-25.74920654296875
20251024_150310.662579,0.998612105846405,1.0042963027954102,1.0023605823516846,0.0013878941535949707,-0.004296302795410156,-0.0023605823516845703,0.9314601421356201,179.89132690429688,-177.9232940673828,-0.9314601421356201,0.06326615810394287,-0.8556199669837952,39914,0.015343785285949707,0.07419013977050781,-0.02626776695251465,0.00902131199836731,-0.9417559504508972,0.07711470127105713,-120.29647827148438,1315.404541015625,-280.57098388671875
20251024_150310.673017,0.9984397888183594,1.0043927431106567,1.002368688583374,0.001560211181640625,-0.004392743110656738,-0.0023686885833740234,0.8629713654518127,-179.78919982910156,-178.0465087890625,-0.8629713654518127,0.0948864072561264,-0.8161444664001465,40038,0.015396475791931152,0.07422088086605072,0.005269050598144531,0.010141372680664062,-0.9417382478713989,0.11545240879058838,-122.99681091308594,1315.361083984375,-154.30450439453125
20251024_150310.682113,0.9983134865760803,1.004368543624878,1.0024012327194214,0.0016865134239196777,-0.00436854362487793,-0.0024012327194213867,0.8740094304084778,-179.69874572753906,-178.13551330566406,-0.8740094304084778,0.11101359128952026,-0.8461339473724365,40231,0.015608012676239014,0.07425189018249512,0.021153688430786133,0.010962337255477905,-0.9417188167572021,0.08462250232696533,-122.31922149658203,1315.3172607421875,38.71917724609375
20251024_150310.693166,0.9981845021247864,1.0042670965194702,1.002465009689331,0.001815497875213623,-0.004267096519470215,-0.0024650096893310547,0.9171807169914246,179.87144470214844,-178.1730194091797,-0.9171807169914246,0.1317611038684845,-0.8434774875640869,40358,0.016022562980651855,0.07428351789712906,0.04145503044128418,0.01180073618888855,-0.9416977763175964,0.08641958236694336,-119.47869873046875,1315.2740478515625,162.31536865234375
20251024_150310.702885,0.9980641603469849,1.0041974782943726,1.0025237798690796,0.0019358396530151367,-0.004197478294372559,-0.00252377986907959,0.9000820517539978,179.44412231445312,-177.98707580566406,-0.9000820517539978,0.12892113626003265,-0.8484632968902588,40309,0.016404569149017334,0.07431594282388687,0.03820061683654785,0.012582957744598389,-0.9416752457618713,0.08062899112701416,-117.52938842773438,1315.2318115234375,111.38916015625
20251024_150310.712256,0.9979327917098999,1.0041927099227905,1.0025699138641357,0.0020672082901000977,-0.004192709922790527,-0.002569913864135742,0.926508903503418,179.33226013183594,-177.84056091308594,-0.926508903503418,0.12104059010744095,-0.8401973843574524,40205,0.016704440116882324,0.0743490532040596,0.029987096786499023,0.013436853885650635,-0.9416512250900269,0.08801698684692383,-117.3958740234375,1315.1898193359375,7.62939453125
20251024_150310.722299,0.9978175759315491,1.0042898654937744,1.0025726556777954,0.0021824240684509277,-0.004289865493774414,-0.00257265567779541,0.9101458787918091,179.55589294433594,-177.6630859375,-0.9101458787918091,0.09288692474365234,-0.8502454161643982,40039,0.016722261905670166,0.074382483959198,0.0017821788787841797,0.01418575644493103,-0.9416257739067078,0.07719457149505615,-120.1162338256836,1315.1473388671875,-155.44891357421875
20251024_150310.733092,0.9976894855499268,1.0043617486953735,1.0025808811187744,0.002310514450073242,-0.004361748695373535,-0.002580881118774414,0.7957906723022461,179.9927215576172,-177.72740173339844,-0.7957906723022461,0.096538245677948,-0.8407598733901978,40077,0.01677572727203369,0.07441598176956177,0.005346536636352539,0.015018343925476074,-0.9415987730026245,0.08582055568695068,-122.12896728515625,1315.1041259765625,-115.01312255859375
20251024_150310.742809,0.997575581073761,1.004372477531433,1.0026278495788574,0.0024244189262390137,-0.0043724775314331055,-0.002627849578857422,0.7370836138725281,-179.82855224609375,-177.8282470703125,-0.7370836138725281,0.12206035852432251,-0.8494956493377686,40175,0.017081022262573242,0.07444983720779419,0.030529499053955078,0.01575872302055359,-0.9415704011917114,0.0763159990310669,-122.42936706542969,1315.0604248046875,-17.1661376953125
20251024_150310.752418,0.9974572062492371,1.0043195486068726,1.002697229385376,0.0025427937507629395,-0.004319548606872559,-0.0026972293853759766,0.7228159308433533,-179.90931701660156,-177.93136596679688,-0.7228159308433533,0.1371133178472519,-0.845701277256012,40278,0.017531991004943848,0.0744844451546669,0.04509687423706055,0.016528159379959106,-0.9415405988693237,0.07931113243103027,-120.94735717773438,1315.0169677734375,84.686279296875
20251024_150310.762401,0.997361421585083,1.0042192935943604,1.00275719165802,0.002638578414916992,-0.0042192935943603516,-0.0027571916580200195,0.7154144644737244,179.72647094726562,-177.86886596679688,-0.7154144644737244,0.13141712546348572,-0.8601830005645752,40357,0.017921745777130127,0.07451990246772766,0.03897547721862793,0.01715075969696045,-0.941509485244751,0.06417572498321533,-118.14022064208984,1314.974365234375,160.40802001953125
20251024_150310.772907,0.9972794651985168,1.004164457321167,1.0028011798858643,0.0027205348014831543,-0.004164457321166992,-0.002801179885864258,0.683270275592804,179.30564880371094,-177.68673706054688,-0.683270275592804,0.1213560476899147,-0.8688830733299255,40286,0.018207669258117676,0.07455603033304214,0.028592348098754883,0.017683476209640503,-0.941477358341217,0.05491077899932861,-116.60480499267578,1314.932373046875,87.738037109375
20251024_150310.782755,0.9971917867660522,1.0041992664337158,1.0027515888214111,0.002808213233947754,-0.00419926643371582,-0.002751588821411133,0.8734159469604492,179.15545654296875,-177.6526641845703,-0.8734159469604492,0.060243260115385056,-0.864446222782135,40141,0.017885327339172363,0.07459212094545364,-0.03223419189453125,0.0182533860206604,-0.9414441585540771,0.05874454975128174,-117.57946014404297,1314.890625,-55.694580078125
20251024_150310.792726,0.9970705509185791,1.0042457580566406,1.0027905702590942,0.0029294490814208984,-0.004245758056640625,-0.0027905702590942383,0.8137954473495483,179.38409423828125,-177.6200714111328,-0.8137954473495483,0.11810479313135147,-0.8411403298377991,40121,0.01813870668411255,0.07462815195322037,0.025337934494018555,0.01904141902923584,-0.9414097666740417,0.08122801780700684,-118.8812255859375,1314.848388671875,-74.3865966796875
20251024_150310.802775,0.9969647526741028,1.0042753219604492,1.0028258562088013,0.003035247325897217,-0.004275321960449219,-0.0028258562088012695,0.7313488125801086,179.69692993164062,-177.70565795898438,-0.7313488125801086,0.11596858501434326,-0.8507600426673889,40147,0.018368065357208252,0.0746646523475647,0.022935867309570312,0.01972910761833191,-0.9413739442825317,0.0708848237991333,-119.70901489257812,1314.8057861328125,-47.30224609375
20251024_150310.812206,0.9968560934066772,1.004314661026001,1.0028767585754395,0.003143906593322754,-0.0043146610260009766,-0.002876758575439453,0.7394689917564392,179.72328186035156,-177.62135314941406,-0.7394689917564392,0.12648719549179077,-0.8480997681617737,40131,0.018698930740356445,0.0747017189860344,0.033086538314819336,0.0204353928565979,-0.9413368701934814,0.07280170917510986,-120.81050872802734,1314.7628173828125,-62.9425048828125
20251024_150310.822628,0.996813178062439,1.0042012929916382,1.002941608428955,0.003186821937561035,-0.004201292991638184,-0.002941608428955078,0.7137269377708435,179.56752014160156,-178.015625,-0.7137269377708435,0.13601240515708923,-0.8918312788009644,40378,0.019120454788208008,0.07473953813314438,0.04215240478515625,0.02071434259414673,-0.9412989020347595,0.028753280639648438,-117.63619995117188,1314.72021484375,181.38885498046875
20251024_150310.832435,0.9966210126876831,1.0042318105697632,1.0029984712600708,0.0033789873123168945,-0.004231810569763184,-0.0029984712600708008,86.45346069335938,-88.91970825195312,90.8783950805664,15.0,0.13122905790805817,-0.7905452847480774,40147,0.019490063190460205,0.07477815449237823,0.03696084022521973,0.021963417530059814,-0.941259503364563,0.12875080108642578,-118.49069213867188,1314.6781005859375,-48.828125
20251024_150310.842867,0.9965478777885437,1.0042109489440918,1.0030354261398315,0.003452122211456299,-0.004210948944091797,-0.003035426139831543,86.45491790771484,-88.88301086425781,90.98210906982422,15.0,0.1185683161020279,-0.8697793483734131,40230,0.01973026990890503,0.07481737434864044,0.024020671844482422,0.022438794374465942,-0.9412184953689575,0.04900038242340088,-117.90657043457031,1314.6358642578125,33.37860107421875
20251024_150310.852181,0.9965227842330933,1.0039087533950806,1.003363013267517,0.0034772157669067383,-0.003908753395080566,-0.00336301326751709,0.17100469768047333,-179.73866271972656,-176.7754669189453,-0.17100469768047333,0.309650182723999,-0.9017623662948608,40688,0.021859586238861084,0.07485896348953247,0.21293163299560547,0.0226019024848938,-0.9411769509315491,0.016812682151794434,-109.44509887695312,1314.59521484375,483.51287841796875
20251024_150310.862306,0.996311366558075,1.0040860176086426,1.0034241676330566,0.003688633441925049,-0.004086017608642578,-0.0034241676330566406,0.26827293634414673,-178.9287567138672,-176.83433532714844,-0.26827293634414673,0.13691051304340363,-0.7755079865455627,39916,0.022257089614868164,0.07490307837724686,0.03975033760070801,0.023976117372512817,-0.9411339163780212,0.14164984226226807,-114.40849304199219,1314.5552978515625,-283.62274169921875
20251024_150310.872573,0.996233344078064,1.004046082496643,1.0034887790679932,0.003766655921936035,-0.004046082496643066,-0.003488779067993164,0.28593289852142334,-179.00303649902344,-176.8394012451172,-0.28593289852142334,0.1396225094795227,-0.8643308877944946,40265,0.022677063941955566,0.0749480128288269,0.041997432708740234,0.02448326349258423,-0.9410892128944397,0.05227506160736084,-113.29031372070312,1314.5146484375,63.89617919921875
20251024_150310.882252,0.9961962699890137,1.0039281845092773,1.0035784244537354,0.003803730010986328,-0.003928184509277344,-0.0035784244537353516,0.22928686439990997,-179.26699829101562,-177.11306762695312,-0.22928686439990997,0.1565232127904892,-0.8914799094200134,40393,0.023259758949279785,0.07499395310878754,0.058269500732421875,0.024724245071411133,-0.9410437941551208,0.02483963966369629,-109.98916625976562,1314.4747314453125,188.63677978515625
20251024_150310.893159,0.9960975646972656,1.003871202468872,1.0036425590515137,0.003902435302734375,-0.0038712024688720703,-0.003642559051513672,0.24934133887290955,-179.46865844726562,-177.1806640625,-0.24934133887290955,0.14040501415729523,-0.8494991660118103,40297,0.023676633834838867,0.07504088431596756,0.0416874885559082,0.025365829467773438,-0.9409975409507751,0.0661325454711914,-108.39366912841797,1314.4356689453125,91.1712646484375
20251024_150310.902830,0.9960383772850037,1.0037981271743774,1.0036680698394775,0.003961622714996338,-0.0037981271743774414,-0.003668069839477539,0.3248988389968872,-179.2810821533203,-177.524169921875,-0.3248988389968872,0.11551287025213242,-0.8755442500114441,40324,0.023842453956604004,0.07508840411901474,0.016582012176513672,0.025750547647476196,-0.9409503936767578,0.03965556621551514,-106.34756469726562,1314.3973388671875,116.92047119140625
20251024_150310.913093,0.9959312677383423,1.003882646560669,1.0037661790847778,0.004068732261657715,-0.0038826465606689453,-0.003766179084777832,0.32955852150917053,-179.129150390625,-177.1111602783203,-0.32955852150917053,0.16338789463043213,-0.8426920175552368,40070,0.024480164051055908,0.07513672858476639,0.06377100944519043,0.026446759700775146,-0.9409021735191345,0.07176339626312256,-108.71410369873047,1314.3590087890625,-135.23101806640625
20251024_150310.922685,0.9958336353302002,1.0038247108459473,1.0038491487503052,0.004166364669799805,-0.0038247108459472656,-0.0038491487503051758,0.34328314661979675,-179.07176208496094,-176.90257263183594,-0.34328314661979675,0.15413597226142883,-0.8483576774597168,40299,0.025019466876983643,0.07518623024225235,0.05393028259277344,0.02708137035369873,-0.9408527612686157,0.0654137134552002,-107.09190368652344,1314.3204345703125,92.6971435546875
20251024_150310.933190,0.9957531690597534,1.0037205219268799,1.003955602645874,0.004246830940246582,-0.003720521926879883,-0.0039556026458740234,0.3593864142894745,-179.36740112304688,-176.90887451171875,-0.3593864142894745,0.17014341056346893,-0.8592854738235474,40376,0.025711417198181152,0.0752369612455368,0.06919503211975098,0.027604401111602783,-0.940802276134491,0.05391240119934082,-104.17461395263672,1314.28271484375,166.7022705078125
20251024_150310.942659,0.9956129789352417,1.0037167072296143,1.0040918588638306,0.004387021064758301,-0.003716707229614258,-0.004091858863830566,0.30690762400627136,-179.9473419189453,-176.7685089111328,-0.30690762400627136,0.19045288860797882,-0.8183074593544006,40216,0.02659708261489868,0.07528926432132721,0.08856654167175293,0.028515636920928955,-0.9407504796981812,0.09392738342285156,-104.06780242919922,1314.2454833984375,6.103515625
20251024_150310.952766,0.9956594705581665,1.0035170316696167,1.0041592121124268,0.004340529441833496,-0.0035170316696166992,-0.004159212112426758,0.32868775725364685,-179.7143096923828,-177.57473754882812,-0.32868775725364685,0.1461573839187622,-0.9436340928077698,40535,0.027034878730773926,0.07534290105104446,0.043779611587524414,0.028213441371917725,-0.9406981468200684,-0.03114938735961914,-98.47688293457031,1314.2093505859375,319.48089599609375
20251024_150310.962867,0.9955589175224304,1.0035879611968994,1.0041766166687012,0.00444108247756958,-0.003587961196899414,-0.004176616668701172,0.32283106446266174,-179.59158325195312,-177.86778259277344,-0.32283106446266174,0.11385805159807205,-0.844407856464386,40100,0.027148008346557617,0.0753970816731453,0.01131296157836914,0.02886703610420227,-0.9406454563140869,0.06737053394317627,-100.4629135131836,1314.173828125,-113.48724365234375
20251024_150310.973076,0.9953308701515198,1.0038310289382935,1.0042532682418823,0.004669129848480225,-0.003831028938293457,-0.004253268241882324,0.2477692812681198,-179.4707489013672,-176.996337890625,-0.2477692812681198,0.1529216468334198,-0.7574496865272522,39817,0.027646243572235107,0.07545187324285507,0.04982352256774902,0.03034934401512146,-0.9405907988548279,0.15279173851013184,-107.26881408691406,1314.13671875,-388.90838623046875
20251024_150310.982773,0.9952505230903625,1.003753423690796,1.004406452178955,0.004749476909637451,-0.0037534236907958984,-0.004406452178955078,0.17936226725578308,-179.6818389892578,-176.8336639404297,-0.17936226725578308,0.20371966063976288,-0.8558301329612732,40333,0.028641939163208008,0.07550816237926483,0.09956955909729004,0.030871599912643433,-0.940534234046936,0.0538325309753418,-105.09586334228516,1314.0987548828125,124.16839599609375
20251024_150310.993000,0.9951643347740173,1.0036495923995972,1.0045586824417114,0.004835665225982666,-0.003649592399597168,-0.004558682441711426,0.1999596506357193,-179.98226928710938,-176.8847198486328,-0.1999596506357193,0.2041475474834442,-0.8512987494468689,40378,0.029631435871124268,0.07556644082069397,0.09894967079162598,0.03143182396888733,-0.9404767751693726,0.057746171951293945,-102.18858337402344,1314.061767578125,166.13006591796875
20251024_150311.003040,0.995120108127594,1.0034594535827637,1.0047321319580078,0.004879891872406006,-0.003459453582763672,-0.0047321319580078125,86.61834716796875,-78.3145523071289,102.0858154296875,15.0,0.21912787854671478,-0.8790673017501831,40521,0.03075885772705078,0.07562682777643204,0.11274218559265137,0.03171929717063904,-0.9404184818267822,0.029631853103637695,-96.86470031738281,1314.0262451171875,304.22210693359375
20251024_150311.012346,0.9950687885284424,1.0034037828445435,1.0048452615737915,0.004931211471557617,-0.003403782844543457,-0.004845261573791504,86.68414306640625,-78.09305572509766,102.13458251953125,15.0,0.18071752786636353,-0.87392258644104,40307,0.031494200229644775,0.07568908482789993,0.07353425025939941,0.03205287456512451,-0.9403595924377441,0.03438413143157959,-95.30592346191406,1313.991943359375,89.07318115234375
20251024_150311.022660,0.9951403141021729,1.0032554864883423,1.0049705505371094,0.0048596858978271484,-0.003255486488342285,-0.004970550537109375,0.16445331275463104,179.9936981201172,-177.8595733642578,-0.16445331275463104,0.18949928879737854,-0.9566349983215332,40460,0.03230857849121094,0.07575288414955139,0.08143782615661621,0.031587958335876465,-0.9403008222579956,-0.04792213439941406,-91.15362548828125,1313.9586181640625,237.274169921875
20251024_150311.033010,0.9950597286224365,1.0033119916915894,1.0050946474075317,0.0049402713775634766,-0.0033119916915893555,-0.005094647407531738,0.154843270778656,-179.8772735595703,-177.7606658935547,-0.154843270778656,0.189596489071846,-0.8541380167007446,40130,0.0331152081489563,0.07581830769777298,0.08066296577453613,0.0321117639541626,-0.9402420520782471,0.053992271423339844,-92.73576354980469,1313.92578125,-90.4083251953125
20251024_150311.042958,0.9949408769607544,1.00327467918396,1.00520920753479,0.0050591230392456055,-0.003274679183959961,-0.005209207534790039,0.19514766335487366,-179.99110412597656,-177.64022827148438,-0.19514766335487366,0.1842092126607895,-0.8276671171188354,40281,0.033859848976135254,0.07588528096675873,0.07446408271789551,0.032884299755096436,-0.9401820302009583,0.07963061332702637,-91.6910171508789,1313.892822265625,59.70001220703125
20251024_150311.052747,0.9949067234992981,1.0030609369277954,1.0054353475570679,0.005093276500701904,-0.00306093692779541,-0.005435347557067871,0.2114252895116806,179.287841796875,-177.4818572998047,-0.2114252895116806,0.25827524065971375,-0.8841320276260376,40570,0.03532975912094116,0.07595447450876236,0.14699101448059082,0.03310629725456238,-0.9401211142539978,0.022882819175720215,-85.70623779296875,1313.8612060546875,341.98760986328125
20251024_150311.062266,0.9948186278343201,1.002955436706543,1.0055750608444214,0.005181372165679932,-0.0029554367065429688,-0.005575060844421387,0.2874022424221039,179.08004760742188,-177.75608825683594,-0.2874022424221039,0.20307756960391998,-0.8473564982414246,40399,0.036237895488739014,0.07602603733539581,0.09081363677978516,0.033678919076919556,-0.9400594830513,0.05902409553527832,-82.75222778320312,1313.8310546875,168.80035400390625
20251024_150311.073034,0.9947641491889954,1.002966284751892,1.0056657791137695,0.005235850811004639,-0.00296628475189209,-0.005665779113769531,0.27539029717445374,179.25196838378906,-177.73976135253906,-0.27539029717445374,0.17189355194568634,-0.8694632649421692,40213,0.03682756423950195,0.07609910517930984,0.058966875076293945,0.03403303027153015,-0.9399969577789307,0.03650069236755371,-83.05596923828125,1313.801513671875,-17.35687255859375
20251024_150311.082661,0.994695782661438,1.003067135810852,1.005828619003296,0.005304217338562012,-0.0030671358108520508,-0.0058286190032958984,0.3824794888496399,179.67718505859375,-177.75015258789062,-0.3824794888496399,0.2199057638645172,-0.859650731086731,40066,0.03788602352142334,0.0761738196015358,0.10584592819213867,0.034477412700653076,-0.939933717250824,0.04580557346343994,-85.87980651855469,1313.7713623046875,-161.3616943359375
20251024_150311.092846,0.9946058392524719,1.0031135082244873,1.0059622526168823,0.005394160747528076,-0.0031135082244873047,-0.005962252616882324,0.3519538342952728,179.9098663330078,-177.66590881347656,-0.3519538342952728,0.20186695456504822,-0.8445454239845276,40152,0.03875464200973511,0.07625045627355576,0.08686184883117676,0.035062044858932495,-0.9398695826530457,0.060262084007263184,-87.17823028564453,1313.740478515625,-74.19586181640625
20251024_150311.102942,0.9945046305656433,1.003069519996643,1.006097674369812,0.0054953694343566895,-0.0030695199966430664,-0.006097674369812012,0.37990373373031616,179.8250274658203,-177.56019592285156,-0.37990373373031616,0.20398786664009094,-0.8362745046615601,40298,0.039634883403778076,0.07632885128259659,0.08802413940429688,0.03571990132331848,-0.939804196357727,0.0678098201751709,-85.94656372070312,1313.70947265625,70.38116455078125
20251024_150311.112899,0.9944512248039246,1.0029698610305786,1.0062830448150635,0.0055487751960754395,-0.0029698610305786133,-0.0062830448150634766,0.47182855010032654,179.44046020507812,-177.7458038330078,-0.47182855010032654,0.2377399057149887,-0.8678890466690063,40389,0.0408397912979126,0.07640932500362396,0.12049078941345215,0.036067038774490356,-0.9397379755973816,0.0357818603515625,-83.15611267089844,1313.6793212890625,159.454345703125
20251024_150311.123156,0.9943891763687134,1.002926230430603,1.0064435005187988,0.005610823631286621,-0.0029262304306030273,-0.006443500518798828,0.47945258021354675,179.36068725585938,-177.78770446777344,-0.47945258021354675,0.2226710021495819,-0.8616281747817993,40301,0.04188275337219238,0.07649204879999161,0.10429620742797852,0.03647035360336304,-0.939670979976654,0.0415724515914917,-81.9344482421875,1313.6497802734375,69.8089599609375
20251024_150311.132014,0.99432373046875,1.0029773712158203,1.0065505504608154,0.00567626953125,-0.0029773712158203125,-0.00655055046081543,0.5249335765838623,179.67564392089844,-177.73292541503906,-0.5249335765838623,0.18873754143714905,-0.8588587641716003,40148,0.04257857799530029,0.07657650858163834,0.06958246231079102,0.036895751953125,-0.9396032691001892,0.04384875297546387,-83.36639404296875,1313.620361328125,-81.82525634765625
20251024_150311.142754,0.9941604137420654,1.0031940937042236,1.006644368171692,0.00583958625793457,-0.003194093704223633,-0.0066443681716918945,0.5692227482795715,-179.48995971679688,-177.75868225097656,-0.5692227482795715,0.180832177400589,-0.7921546697616577,39877,0.043188393115997314,0.07666227221488953,0.06098151206970215,0.03795731067657471,-0.9395341873168945,0.10942220687866211,-89.43462371826172,1313.5894775390625,-346.7559814453125
20251024_150311.152679,0.993945300579071,1.0033713579177856,1.0067341327667236,0.006054699420928955,-0.0033713579177856445,-0.006734132766723633,0.46369534730911255,179.97511291503906,-178.1922607421875,-0.46369534730911255,0.17886808514595032,-0.7559814453125,39935,0.04377186298370361,0.07674923539161682,0.05834698677062988,0.03935554623603821,-0.9394628405570984,0.1441258192062378,-94.39802551269531,1313.556640625,-283.62274169921875
20251024_150311.162181,0.9938831329345703,1.0032875537872314,1.0069657564163208,0.0061168670654296875,-0.0032875537872314453,-0.006965756416320801,0.44781312346458435,179.66363525390625,-178.13319396972656,-0.44781312346458435,0.27267107367515564,-0.8579778075218201,40355,0.045277416706085205,0.07683828473091125,0.15055537223815918,0.03975963592529297,-0.9393897652626038,0.04165232181549072,-92.05150604248047,1313.5233154296875,134.08660888671875
20251024_150311.172673,0.9938050508499146,1.003139615058899,1.0071794986724854,0.006194949150085449,-0.0031396150588989258,-0.0071794986724853516,0.5147173404693604,179.26097106933594,-178.20999145507812,-0.5147173404693604,0.2625294327735901,-0.8467337489128113,40462,0.046666741371154785,0.0769302248954773,0.138932466506958,0.04026716947555542,-0.939315915107727,0.05231499671936035,-87.90922546386719,1313.4912109375,236.70196533203125
20251024_150311.182668,0.993762195110321,1.003113865852356,1.007328748703003,0.006237804889678955,-0.003113865852355957,-0.00732874870300293,0.6047256588935852,179.25732421875,-178.3348388671875,-0.6047256588935852,0.22167392075061798,-0.8699822425842285,40267,0.04763686656951904,0.07702453434467316,0.09701251983642578,0.04054573178291321,-0.9392412900924683,0.028713345527648926,-87.18824768066406,1313.4599609375,41.19873046875
20251024_150311.192808,0.9938488602638245,1.002810001373291,1.0076910257339478,0.006151139736175537,-0.0028100013732910156,-0.007691025733947754,0.3724299967288971,-179.26593017578125,-177.02793884277344,-0.3724299967288971,0.3625938892364502,-0.9572502374649048,40720,0.0499916672706604,0.07712215930223465,0.23548007011413574,0.03998240828514099,-0.9391669631004333,-0.05806565284729004,-78.68003845214844,1313.4302978515625,486.18316650390625
20251024_150311.202615,0.9937555193901062,1.0029023885726929,1.0078409910202026,0.006244480609893799,-0.002902388572692871,-0.007840991020202637,0.4145994782447815,-178.93284606933594,-176.9390411376953,-0.4145994782447815,0.22566699981689453,-0.835965096950531,40084,0.05096644163131714,0.07722312211990356,0.09747743606567383,0.04058912396430969,-0.9390926361083984,0.06253838539123535,-81.26687622070312,1313.4017333984375,-147.81951904296875
20251024_150311.212651,0.9936665892601013,1.0028539896011353,1.0079851150512695,0.006333410739898682,-0.002853989601135254,-0.007985115051269531,0.3562394082546234,-179.11593627929688,-176.78616333007812,-0.3562394082546234,0.2229098528623581,-0.8382667899131775,40310,0.05190324783325195,0.0773259848356247,0.09368062019348145,0.04116716980934143,-0.939017117023468,0.059583187103271484,-79.91171264648438,1313.3729248046875,77.4383544921875
20251024_150311.222574,0.9935815334320068,1.0027058124542236,1.0082621574401855,0.006418466567993164,-0.002705812454223633,-0.008262157440185547,0.23372067511081696,-179.40219116210938,-176.6097412109375,-0.23372067511081696,0.3112131655216217,-0.8402332067489624,40474,0.053704023361206055,0.07743159681558609,0.18007755279541016,0.041720032691955566,-0.9389406442642212,0.05698740482330322,-75.76274871826172,1313.34521484375,237.08343505859375
20251024_150311.232642,0.9934837818145752,1.0026360750198364,1.0084245204925537,0.006516218185424805,-0.0026360750198364258,-0.008424520492553711,0.30641645193099976,-179.51121520996094,-176.735595703125,-0.30641645193099976,0.23783542215824127,-0.8310140371322632,40351,0.05475938320159912,0.07754006236791611,0.10553598403930664,0.04235541820526123,-0.9388630390167236,0.06549358367919922,-73.81010437011719,1313.3184814453125,111.57989501953125
20251024_150311.242948,0.9933676719665527,1.002774715423584,1.0085746049880981,0.006632328033447266,-0.0027747154235839844,-0.008574604988098145,0.3174002468585968,-179.17420959472656,-177.1859893798828,-0.3174002468585968,0.23094040155410767,-0.817880392074585,40013,0.05573493242263794,0.07765055447816849,0.09755492210388184,0.04311013221740723,-0.938784122467041,0.07779359817504883,-77.69203186035156,1313.2913818359375,-221.82464599609375
20251024_150311.252641,0.9932506084442139,1.002966046333313,1.00868821144104,0.006749391555786133,-0.0029660463333129883,-0.008688211441040039,0.39368516206741333,-178.37252807617188,-177.18382263183594,-0.39368516206741333,0.20808033645153046,-0.8164002299308777,39924,0.056473374366760254,0.07776276022195816,0.07384419441223145,0.04387104511260986,-0.9387038350105286,0.07843255996704102,-83.04930114746094,1313.2626953125,-306.12945556640625
20251024_150311.262900,0.9931766986846924,1.0029335021972656,1.008853793144226,0.006823301315307617,-0.002933502197265625,-0.008853793144226074,0.3452345132827759,-178.62828063964844,-177.01776123046875,-0.3452345132827759,0.2430545538663864,-0.8447514176368713,40283,0.05754965543746948,0.07787678390741348,0.10762810707092285,0.04435145854949951,-0.9386224150657654,0.04951953887939453,-82.1380615234375,1313.233154296875,52.07061767578125
20251024_150311.272652,0.9931153655052185,1.0027223825454712,1.0090677738189697,0.006884634494781494,-0.0027223825454711914,-0.009067773818969727,0.30744388699531555,-179.33609008789062,-176.8843231201172,-0.30744388699531555,0.27602124214172363,-0.8526967763900757,40574,0.05894052982330322,0.07799327373504639,0.13908743858337402,0.04475012421607971,-0.9385401606559753,0.04109323024749756,-76.22671508789062,1313.2049560546875,337.79144287109375
20251024_150311.282778,0.9930248856544495,1.0025951862335205,1.0092601776123047,0.006975114345550537,-0.002595186233520508,-0.009260177612304688,0.2948800027370453,-179.78826904296875,-176.98451232910156,-0.2948800027370453,0.2633660137653351,-0.832497239112854,40444,0.06019115447998047,0.0781124085187912,0.1250624656677246,0.04533824324607849,-0.9384570121765137,0.06062150001525879,-72.66521453857422,1313.1783447265625,203.51409912109375
20251024_150311.292769,0.9929381012916565,1.0025595426559448,1.009425401687622,0.007061898708343506,-0.0025595426559448242,-0.00942540168762207,0.41777631640434265,-179.582763671875,-177.2210235595703,-0.41777631640434265,0.24689462780952454,-0.8343248963356018,40298,0.06126511096954346,0.07823386043310165,0.10739564895629883,0.04590234160423279,-0.938372790813446,0.05814552307128906,-71.66719055175781,1313.152587890625,57.02972412109375
20251024_150311.302626,0.9928219318389893,1.0025399923324585,1.009585976600647,0.007178068161010742,-0.002539992332458496,-0.009585976600646973,0.5105940699577332,-179.2138214111328,-177.49575805664062,-0.5105940699577332,0.24503998458385468,-0.81379634141922,40273,0.06230884790420532,0.07835743576288223,0.10437369346618652,0.046657443046569824,-0.9382873177528381,0.07783353328704834,-71.11978149414062,1313.1270751953125,31.280517578125
20251024_150311.312584,0.9927064776420593,1.0025489330291748,1.0097265243530273,0.007293522357940674,-0.0025489330291748047,-0.009726524353027344,0.5622475147247314,-179.01162719726562,-177.4227294921875,-0.5622475147247314,0.23306141793727875,-0.8134382963180542,40227,0.06322240829467773,0.0784829705953598,0.09135603904724121,0.04740789532661438,-0.9382005333900452,0.0773543119430542,-71.37012481689453,1313.1016845703125,-14.30511474609375
20251024_150311.322653,0.9925965070724487,1.002539038658142,1.0098679065704346,0.0074034929275512695,-0.00253903865814209,-0.00986790657043457,0.5547274947166443,-179.46461486816406,-176.92396545410156,-0.5547274947166443,0.2346501648426056,-0.8163093328475952,40257,0.06414139270782471,0.07861033082008362,0.09189844131469727,0.04812270402908325,-0.9381123185157776,0.07368028163909912,-71.09307861328125,1313.076171875,15.83099365234375
20251024_150311.332573,0.9925481677055359,1.0022411346435547,1.0100653171539307,0.007451832294464111,-0.0022411346435546875,-0.010065317153930664,0.5273529291152954,179.86968994140625,-177.25192260742188,-0.5273529291152954,0.27248135209083557,-0.8571988940238953,40726,0.06542456150054932,0.07873989641666412,0.12831687927246094,0.048436909914016724,-0.9380232095718384,0.032387375831604004,-62.75177001953125,1313.05224609375,476.64642333984375
20251024_150311.342610,0.9924705028533936,1.002091884613037,1.0101966857910156,0.007529497146606445,-0.0020918846130371094,-0.010196685791015625,0.5386108756065369,179.69149780273438,-177.4188995361328,-0.5386108756065369,0.23053967952728271,-0.8369561433792114,40493,0.06627845764160156,0.07887160032987595,0.08538961410522461,0.048941731452941895,-0.9379333257675171,0.05203545093536377,-58.57276916503906,1313.0306396484375,238.800048828125
20251024_150311.352740,0.9923754334449768,1.0021271705627441,1.010314702987671,0.007624566555023193,-0.0021271705627441406,-0.010314702987670898,0.571262776851654,-179.85626220703125,-177.61138916015625,-0.571262776851654,0.22276167571544647,-0.8245862126350403,40196,0.06704556941986084,0.0790049284696579,0.07671117782592773,0.04955968260765076,-0.9378423690795898,0.06369650363922119,-59.56077575683594,1313.009521484375,-56.45751953125
20251024_150311.362718,0.9922648072242737,1.0021092891693115,1.0104480981826782,0.007735192775726318,-0.0021092891693115234,-0.010448098182678223,0.6263683438301086,-179.3413848876953,-178.0232696533203,-0.6263683438301086,0.23375940322875977,-0.8133518695831299,40282,0.06791263818740845,0.07913988083600998,0.08670687675476074,0.05027875304222107,-0.9377502202987671,0.07411956787109375,-59.060096740722656,1312.9884033203125,28.6102294921875
20251024_150311.372756,0.9921051263809204,1.0021525621414185,1.0105677843093872,0.00789487361907959,-0.002152562141418457,-0.010567784309387207,0.6630231738090515,-179.43846130371094,-177.59564208984375,-0.6630231738090515,0.22576306760311127,-0.7793536186218262,40183,0.06869059801101685,0.07927648723125458,0.07779598236083984,0.051316678524017334,-0.9376564621925354,0.1069861650466919,-60.2717399597168,1312.967041015625,-69.23675537109375
20251024_150311.382697,0.9920660257339478,1.0019358396530151,1.0107280015945435,0.007933974266052246,-0.0019358396530151367,-0.010728001594543457,0.6672096848487854,-179.70626831054688,-177.8426055908203,-0.6672096848487854,0.2532881498336792,-0.8597931861877441,40605,0.06973201036453247,0.07941491156816483,0.1041412353515625,0.0515708327293396,-0.9375614523887634,0.026197433471679688,-54.20351028442383,1312.9466552734375,346.7559814453125
20251024_150311.392763,0.9919975399971008,1.0017979145050049,1.0108660459518433,0.00800246000289917,-0.0017979145050048828,-0.010866045951843262,0.6079466342926025,179.90162658691406,-177.8139190673828,-0.6079466342926025,0.23991340398788452,-0.8395644426345825,40483,0.0706292986869812,0.07955527305603027,0.08972883224487305,0.052015990018844604,-0.9374658465385437,0.045885443687438965,-50.34160614013672,1312.927978515625,220.68023681640625
20251024_150311.402802,0.991908609867096,1.0017365217208862,1.0109684467315674,0.008091390132904053,-0.0017365217208862305,-0.010968446731567383,0.5739595293998718,-179.89186096191406,-177.9560546875,-0.5739595293998718,0.21755260229110718,-0.8251920342445374,40362,0.07129490375518799,0.07969719171524048,0.06656050682067871,0.05259403586387634,-0.9373692870140076,0.059583187103271484,-48.62260818481445,1312.9102783203125,98.22845458984375
20251024_150311.412470,0.9917190074920654,1.0019068717956543,1.0110158920288086,0.00828099250793457,-0.0019068717956542969,-0.011015892028808594,0.49929285049438477,-179.83425903320312,-178.69589233398438,-0.49929285049438477,0.18228283524513245,-0.7564110159873962,39986,0.07160329818725586,0.07984009385108948,0.03083944320678711,0.05382645130157471,-0.9372710585594177,0.12703359127044678,-53.39241027832031,1312.89208984375,-272.56011962890625
20251024_150311.422746,0.9915949106216431,1.0019242763519287,1.0111112594604492,0.008405089378356934,-0.001924276351928711,-0.011111259460449219,0.5699172019958496,-179.4156494140625,-178.7498016357422,-0.5699172019958496,0.21419593691825867,-0.7993929386138916,40231,0.07222318649291992,0.0799839198589325,0.06198883056640625,0.05463308095932007,-0.9371709227561951,0.0831449031829834,-53.879737854003906,1312.8729248046875,-27.8472900390625
20251024_150311.432651,0.9914867877960205,1.0018006563186646,1.0113120079040527,0.008513212203979492,-0.0018006563186645508,-0.011312007904052734,0.5643249750137329,179.8192596435547,-178.0557861328125,-0.5643249750137329,0.28414422273635864,-0.8092912435531616,40460,0.07352805137634277,0.08012966811656952,0.13048648834228516,0.0553358793258667,-0.9370694160461426,0.07244229316711426,-50.41837692260742,1312.854248046875,197.79205322265625
20251024_150311.442808,0.9914027452468872,1.0016226768493652,1.0114810466766357,0.008597254753112793,-0.0016226768493652344,-0.011481046676635742,0.5287941098213196,179.27322387695312,-177.84230041503906,-0.5287941098213196,0.26477983593940735,-0.8247761130332947,40552,0.07462680339813232,0.08027782291173935,0.10987520217895508,0.055882155895233154,-0.9369667768478394,0.05630850791931152,-45.43495178222656,1312.837158203125,284.76715087890625
20251024_150311.452618,0.9913461804389954,1.0015431642532349,1.011605978012085,0.008653819561004639,-0.0015431642532348633,-0.011605978012084961,0.45643049478530884,179.190185546875,-178.00001525878906,-0.45643049478530884,0.23707211017608643,-0.8427150249481201,40396,0.07543885707855225,0.08042789250612259,0.08120536804199219,0.05624982714653015,-0.9368632435798645,0.03789842128753662,-43.20859909057617,1312.8212890625,127.22015380859375
20251024_150311.462602,0.9914417266845703,1.0012297630310059,1.0118486881256104,0.008558273315429688,-0.0012297630310058594,-0.011848688125610352,0.3273148536682129,-179.4014892578125,-177.7652587890625,-0.3273148536682129,0.31535840034484863,-0.9451472163200378,40779,0.07701647281646729,0.08058034628629684,0.1577615737915039,0.05562877655029297,-0.9367600083351135,-0.06401598453521729,-34.43336486816406,1312.8074951171875,501.44195556640625
20251024_150311.473022,0.9913601279258728,1.001213788986206,1.011986494064331,0.008639872074127197,-0.0012137889862060547,-0.011986494064331055,0.31198975443840027,-178.30059814453125,-177.6724395751953,-0.31198975443840027,0.24822135269641876,-0.8258264660835266,40304,0.07791221141815186,0.08073527365922928,0.08957386016845703,0.05615916848182678,-0.9366567730903625,0.05467116832733154,-33.98609161376953,1312.7952880859375,25.5584716796875
20251024_150311.482798,0.991284966468811,1.0011708736419678,1.0121022462844849,0.008715033531188965,-0.0011708736419677734,-0.012102246284484863,0.2855117917060852,-178.20887756347656,-177.57652282714844,-0.2855117917060852,0.23479539155960083,-0.8295467495918274,40348,0.07866460084915161,0.08089185506105423,0.07523894309997559,0.05664771795272827,-0.9365526437759399,0.05035817623138428,-32.784461975097656,1312.7833251953125,68.66455078125
20251024_150311.493056,0.9911926984786987,1.0010175704956055,1.0123155117034912,0.00880730152130127,-0.0010175704956054688,-0.012315511703491211,0.33069315552711487,-179.06072998046875,-176.88807678222656,-0.33069315552711487,0.29972392320632935,-0.8173804879188538,40529,0.08005082607269287,0.0810505673289299,0.13862252235412598,0.05724745988845825,-0.9364475011825562,0.06181955337524414,-28.491973876953125,1312.7723388671875,245.2850341796875
20251024_150311.502902,0.991155743598938,1.0007826089859009,1.0124614238739014,0.008844256401062012,-0.0007826089859008789,-0.012461423873901367,0.2842039167881012,-179.36427307128906,-177.168212890625,-0.2842039167881012,0.25705379247665405,-0.8540942072868347,40666,0.08099925518035889,0.081211619079113,0.09484291076660156,0.057487666606903076,-0.9363416433334351,0.024759769439697266,-21.91305160522461,1312.7633056640625,375.93841552734375
20251024_150311.512769,0.9910294413566589,1.0007375478744507,1.0125876665115356,0.008970558643341064,-0.0007375478744506836,-0.012587666511535645,0.11326675117015839,-179.33297729492188,-177.57359313964844,-0.11326675117015839,0.24525198340415955,-0.7933036088943481,40364,0.08181983232498169,0.08137443661689758,0.08205771446228027,0.05830863118171692,-0.936234712600708,0.08462250232696533,-20.65134048461914,1312.7557373046875,72.0977783203125
20251024_150311.522704,0.9910044074058533,1.0008316040039062,1.0126651525497437,0.008995592594146729,-0.00083160400390625,-0.012665152549743652,0.10416810214519501,-178.82052612304688,-177.75079345703125,-0.10416810214519501,0.21422798931598663,-0.8608828186988831,40138,0.08232349157333374,0.08153858035802841,0.05036592483520508,0.058471351861953735,-0.9361269474029541,0.016772747039794922,-23.284912109375,1312.7479248046875,-150.48980712890625
20251024_150311.532745,0.9909510016441345,1.0008820295333862,1.0127878189086914,0.009048998355865479,-0.0008820295333862305,-0.012787818908691406,0.037843234837055206,-178.525634765625,-177.6979217529297,-0.037843234837055206,0.24455797672271729,-0.8414183259010315,40207,0.08312082290649414,0.0817040205001831,0.07973313331604004,0.05881848931312561,-0.9360186457633972,0.0357818603515625,-24.696826934814453,1312.7393798828125,-80.68084716796875
20251024_150311.542799,0.9908782839775085,1.0007933378219604,1.0129350423812866,0.009121716022491455,-0.0007933378219604492,-0.012935042381286621,0.0356503464281559,-178.92303466796875,-177.3737335205078,-0.0356503464281559,0.26164424419403076,-0.8278976678848267,40432,0.08407777547836304,0.08187121897935867,0.09569525718688965,0.05929115414619446,-0.935909628868103,0.0487208366394043,-22.213459014892578,1312.73095703125,141.90673828125
20251024_150311.552757,0.9907985329627991,1.0005214214324951,1.0131696462631226,0.009201467037200928,-0.0005214214324951172,-0.013169646263122559,-0.03872457519173622,-179.85079956054688,-177.09580993652344,0.03872457519173622,0.3201361298561096,-0.8225569725036621,40733,0.08560270071029663,0.08204090595245361,0.15249252319335938,0.05980953574180603,-0.9357997179031372,0.05343317985534668,-14.599800109863281,1312.724365234375,435.06622314453125
20251024_150311.562779,0.990591287612915,1.0005213022232056,1.0133925676345825,0.009408712387084961,-0.0005213022232055664,-0.01339256763458252,0.0026328337844461203,179.55526733398438,-176.63418579101562,-0.0026328337844461203,0.3141641318798065,-0.7356770038604736,40298,0.08705168962478638,0.08221355825662613,0.1448988914489746,0.061156630516052246,-0.9356880187988281,0.13885438442230225,-14.59646224975586,1312.71923828125,0.19073486328125
20251024_150311.572762,0.9907004237174988,1.0003767013549805,1.013489842414856,0.00929957628250122,-0.00037670135498046875,-0.013489842414855957,0.06262607872486115,-179.86285400390625,-177.54275512695312,-0.06262607872486115,0.23330087959766388,-0.9482497572898865,40533,0.08768397569656372,0.08238829672336578,0.06322860717773438,0.060447245836257935,-0.9355757832527161,-0.07312119007110596,-10.547637939453125,1312.7147216796875,231.36138916015625
20251024_150311.582600,0.9906756281852722,1.0004723072052002,1.0135912895202637,0.009324371814727783,-0.0004723072052001953,-0.013591289520263672,0.043311167508363724,-179.3783416748047,-177.7279815673828,-0.043311167508363724,0.23684832453727722,-0.8582426309585571,40146,0.08834338188171387,0.0825643241405487,0.06594061851501465,0.06060841679573059,-0.9354640245437622,0.016613006591796875,-13.224601745605469,1312.71044921875,-152.9693603515625
20251024_150311.593277,0.9906501770019531,1.0005426406860352,1.0137253999710083,0.009349822998046875,-0.0005426406860351562,-0.0137253999710083,0.004442342557013035,-179.3358917236328,-177.5127410888672,-0.004442342557013035,0.25912877917289734,-0.8575258851051331,40184,0.08921509981155396,0.082741878926754,0.08717179298400879,0.06077384948730469,-0.9353520274162292,0.017052292823791504,-15.193939208984375,1312.705322265625,-112.5335693359375
20251024_150311.602621,0.9906045794487,1.0004609823226929,1.0138802528381348,0.009395420551300049,-0.0004609823226928711,-0.013880252838134766,0.01893986016511917,-179.78953552246094,-177.24069213867188,-0.01893986016511917,0.27379733324050903,-0.8436189293861389,40430,0.09022164344787598,0.08292131870985031,0.10065436363220215,0.06107023358345032,-0.9352395534515381,0.030550360679626465,-12.90750503540039,1312.7003173828125,130.65338134765625
20251024_150311.612697,0.9906109571456909,1.0002100467681885,1.0140838623046875,0.009389042854309082,-0.00021004676818847656,-0.0140838623046875,-0.02364344336092472,179.46253967285156,-177.2501983642578,0.02364344336092472,0.30699434876441956,-0.8783711194992065,40708,0.09154510498046875,0.08310308307409286,0.13234615325927734,0.06102877855300903,-0.9351268410682678,-0.004273056983947754,-5.881309509277344,1312.697021484375,401.49688720703125
20251024_150311.623021,0.9905705451965332,1.0001411437988281,1.0142505168914795,0.009429454803466797,-0.000141143798828125,-0.014250516891479492,0.03724994137883186,179.64515686035156,-177.60472106933594,-0.03724994137883186,0.28424111008644104,-0.8466464281082153,40418,0.0926283597946167,0.08328725397586823,0.10832548141479492,0.06129145622253418,-0.9350138902664185,0.027076005935668945,-3.9520263671875,1312.6951904296875,110.2447509765625
20251024_150311.633331,0.9905386567115784,1.0002450942993164,1.0144366025924683,0.00946134328842163,-0.00024509429931640625,-0.014436602592468262,0.07653095573186874,-179.66917419433594,-178.08131408691406,-0.07653095573186874,0.29826733469963074,-0.8520365357398987,40139,0.0938379168510437,0.08347371965646744,0.1209557056427002,0.0614987313747406,-0.9349005818367004,0.02136528491973877,-6.862640380859375,1312.693359375,-166.32080078125
20251024_150311.642908,0.9905316829681396,1.0003527402877808,1.0145641565322876,0.009468317031860352,-0.0003527402877807617,-0.014564156532287598,0.03171811252832413,-179.28294372558594,-178.01815795898438,-0.03171811252832413,0.26123932003974915,-0.8685705065727234,40130,0.09466701745986938,0.08366222679615021,0.08291006088256836,0.061544060707092285,-0.9347869753837585,0.004672408103942871,-9.876728057861328,1312.6903076171875,-172.23358154296875
20251024_150311.653031,0.9905093908309937,1.0004040002822876,1.0147124528884888,0.009490609169006348,-0.00040400028228759766,-0.01471245288848877,0.042914364486932755,-179.45445251464844,-177.7043914794922,-0.042914364486932755,0.27587610483169556,-0.8580485582351685,40219,0.095630943775177,0.08385252207517624,0.09639263153076172,0.06168895959854126,-0.9346732497215271,0.014935731887817383,-11.312007904052734,1312.6865234375,-82.0159912109375
20251024_150311.663042,0.9905654191970825,1.0002238750457764,1.0149891376495361,0.00943458080291748,-0.0002238750457763672,-0.014989137649536133,0.003076812019571662,179.55812072753906,-177.43959045410156,-0.003076812019571662,0.3613200783729553,-0.9107739329338074,40594,0.09742939472198486,0.08404558897018433,0.17984509468078613,0.06132477521896362,-0.93455970287323,-0.037539005279541016,-6.268501281738281,1312.683349609375,288.20037841796875
20251024_150311.673176,0.9905683398246765,1.0000663995742798,1.0151859521865845,0.009431660175323486,-6.639957427978516e-05,-0.015185952186584473,0.045817624777555466,179.1857452392578,-177.5151824951172,-0.045817624777555466,0.3108798563480377,-0.8750975131988525,40562,0.09870868921279907,0.08424172550439835,0.1279294490814209,0.06130579113960266,-0.9344465136528015,-0.0019568204879760742,-1.8591880798339844,1312.6820068359375,251.96075439453125
20251024_150311.682968,0.9905478954315186,1.0000114440917969,1.0153517723083496,0.009452104568481445,-1.1444091796875e-05,-0.01535177230834961,0.03752679005265236,179.3316192626953,-177.70773315429688,-0.03752679005265236,0.2920098304748535,-0.8591967821121216,40400,0.09978652000427246,0.084440216422081,0.10778307914733887,0.061438679695129395,-0.9343332052230835,0.01369774341583252,-0.3204345703125,1312.6815185546875,87.92877197265625
20251024_150311.692892,0.9904875755310059,1.000174880027771,1.0154657363891602,0.00951242446899414,-0.0001748800277709961,-0.015465736389160156,0.19257009029388428,-179.92791748046875,-177.87850952148438,-0.19257009029388428,0.25924447178840637,-0.8319743275642395,40046,0.10052728652954102,0.08464053273200989,0.07407665252685547,0.061830759048461914,-0.9342194199562073,0.04041433334350586,-4.896640777587891,1312.6806640625,-261.49749755859375
20251024_150311.703019,0.9903556108474731,1.0004581212997437,1.0155867338180542,0.009644389152526855,-0.00045812129974365234,-0.0155867338180542,0.09306849539279938,179.69589233398438,-178.12979125976562,-0.09306849539279938,0.264804482460022,-0.782999575138092,39846,0.1013137698173523,0.08484237641096115,0.07864832878112793,0.06268852949142456,-0.9341044425964355,0.08841633796691895,-12.827396392822266,1312.677490234375,-453.18603515625
20251024_150311.712284,0.9904431104660034,1.0003236532211304,1.015812635421753,0.009556889533996582,-0.0003236532211303711,-0.01581263542175293,0.16540926694869995,-179.88839721679688,-177.4624481201172,-0.16540926694869995,0.33466464281082153,-0.9304941892623901,40518,0.10278213024139404,0.08504647016525269,0.1468360424041748,0.06211978197097778,-0.9339892268180847,-0.0586247444152832,-9.06229019165039,1312.673583984375,215.14892578125
20251024_150311.722915,0.9903618097305298,1.0003976821899414,1.0159684419631958,0.009638190269470215,-0.00039768218994140625,-0.0159684419631958,0.14233510196208954,179.28884887695312,-177.9401397705078,-0.14233510196208954,0.2903221845626831,-0.8167543411254883,40183,0.1037948727607727,0.085253044962883,0.10127425193786621,0.0626482367515564,-0.9338740706443787,0.054471492767333984,-11.135101318359375,1312.669921875,-118.44635009765625
20251024_150311.733262,0.9903600811958313,1.0003361701965332,1.0161718130111694,0.009639918804168701,-0.0003361701965332031,-0.016171813011169434,0.19324858486652374,179.25949096679688,-178.1526336669922,-0.19324858486652374,0.3227699100971222,-0.8699408173561096,40401,0.10511678457260132,0.08546195924282074,0.13219118118286133,0.06265947222709656,-0.9337584376335144,0.0011581182479858398,-9.412765502929688,1312.666259765625,98.419189453125
20251024_150311.742888,0.9903465509414673,1.0003390312194824,1.0163272619247437,0.009653449058532715,-0.0003390312194824219,-0.016327261924743652,0.21435418725013733,179.46295166015625,-178.30084228515625,-0.21435418725013733,0.29284220933914185,-0.861829936504364,40298,0.10612720251083374,0.08567320555448532,0.10104179382324219,0.06274741888046265,-0.9336426258087158,0.00906527042388916,-9.492874145507812,1312.6629638671875,-4.57763671875
20251024_150311.752510,0.9903454184532166,1.0004669427871704,1.0164897441864014,0.009654581546783447,-0.00046694278717041016,-0.016489744186401367,0.2657534182071686,179.94589233398438,-178.37342834472656,-0.2657534182071686,0.2986833155155182,-0.8700132369995117,40094,0.10718333721160889,0.08588651567697525,0.10561347007751465,0.06275478005409241,-0.9335268139839172,0.0007587671279907227,-13.074398040771484,1312.6588134765625,-204.65850830078125
20251024_150311.762371,0.9902822375297546,1.000596523284912,1.0166658163070679,0.009717762470245361,-0.0005965232849121094,-0.01666581630706787,0.3822663426399231,-179.58184814453125,-178.377197265625,-0.3822663426399231,0.30887672305107117,-0.8279138803482056,40088,0.10832780599594116,0.08610202372074127,0.11444687843322754,0.06316545605659485,-0.9334105849266052,0.04233121871948242,-16.702651977539062,1312.653564453125,-207.32879638671875
20251024_150311.772485,0.9904477596282959,1.000303030014038,1.0170361995697021,0.009552240371704102,-0.00030303001403808594,-0.01703619956970215,0.13766254484653473,-179.34922790527344,-177.43931579589844,-0.13766254484653473,0.43780550360679626,-0.9821051955223083,40773,0.11073529720306396,0.08632108569145203,0.24074912071228027,0.06208956241607666,-0.933294951915741,-0.11089980602264404,-8.484840393066406,1312.6490478515625,469.5892333984375
20251024_150311.782657,0.9905545115470886,1.0001107454299927,1.0174932479858398,0.009445488452911377,-0.00011074542999267578,-0.017493247985839844,-0.029607031494379044,-179.37619018554688,-177.2401123046875,0.029607031494379044,0.4973331093788147,-0.9433090686798096,40617,0.11370611190795898,0.08654552698135376,0.29708147048950195,0.06139567494392395,-0.9331809878349304,-0.07152378559112549,-3.100872039794922,1312.64697265625,307.65533447265625
20251024_150311.792775,0.9905560612678528,1.000104308128357,1.0176753997802734,0.009443938732147217,-0.0001043081283569336,-0.017675399780273438,0.004876264370977879,-179.43524169921875,-177.39627075195312,-0.004876264370977879,0.32006287574768066,-0.8727203607559204,40320,0.11489009857177734,0.08677412569522858,0.11839866638183594,0.06138560175895691,-0.9330676198005676,-0.0010383129119873047,-2.9206275939941406,1312.6458740234375,10.2996826171875
20251024_150311.802807,0.9905615448951721,1.0001264810562134,1.017864465713501,0.00943845510482788,-0.0001264810562133789,-0.017864465713500977,0.04629221931099892,-179.45523071289062,-177.37039184570312,-0.04629221931099892,0.32601702213287354,-0.8752784132957458,40273,0.11611902713775635,0.0870051309466362,0.12289285659790039,0.061349958181381226,-0.9329543113708496,-0.003674030303955078,-3.5414695739746094,1312.644775390625,-35.4766845703125
20251024_150311.812882,0.9905219078063965,1.0003101825714111,1.0180432796478271,0.009478092193603516,-0.0003101825714111328,-0.01804327964782715,0.017459871247410774,-179.38955688476562,-177.4368438720703,-0.017459871247410774,0.320748895406723,-0.8446763753890991,40010,0.11728131771087646,0.08723853528499603,0.11622905731201172,0.06160759925842285,-0.9328408241271973,0.026556849479675293,-8.685111999511719,1312.642578125,-293.92242431640625
20251024_150311.823075,0.9904178380966187,1.0003811120986938,1.0180302858352661,0.009582161903381348,-0.00038111209869384766,-0.018030285835266113,0.07740536332130432,-179.0758819580078,-177.38494873046875,-0.07740536332130432,0.1962238848209381,-0.8007156848907471,40188,0.11719685792922974,0.08747301250696182,-0.008445978164672852,0.06228405237197876,-0.9327264428138733,0.06972670555114746,-10.671138763427734,1312.63916015625,-113.48724365234375
20251024_150311.832909,0.9904379844665527,1.0004173517227173,1.0182281732559204,0.009562015533447266,-0.00041735172271728516,-0.01822817325592041,0.17335225641727448,-179.1931610107422,-177.3534698486328,-0.17335225641727448,0.33481863141059875,-0.8839565515518188,40242,0.11848312616348267,0.08770868927240372,0.12862682342529297,0.06215310096740723,-0.9326115846633911,-0.013498067855834961,-11.685848236083984,1312.6351318359375,-57.9833984375
20251024_150311.842874,0.9904749989509583,1.000377893447876,1.0184935331344604,0.009525001049041748,-0.00037789344787597656,-0.01849353313446045,0.1930922567844391,-179.5373992919922,-177.4811553955078,-0.1930922567844391,0.3806392550468445,-0.8953843116760254,40365,0.12020796537399292,0.08794738352298737,0.1724839210510254,0.06191250681877136,-0.9324970841407776,-0.024799704551696777,-10.581016540527344,1312.631103515625,63.13323974609375
20251024_150311.852792,0.9904937148094177,1.0003204345703125,1.0187402963638306,0.009506285190582275,-0.0003204345703125,-0.018740296363830566,0.2148006111383438,179.94876098632812,-177.43118286132812,-0.2148006111383438,0.3703974187374115,-0.8831316828727722,40395,0.12181192636489868,0.08818940073251724,0.16039609909057617,0.06179085373878479,-0.9323828816413879,-0.01253962516784668,-8.97216796875,1312.627685546875,91.9342041015625
20251024_150311.862726,0.9904884099960327,1.0004286766052246,1.0189142227172852,0.009511590003967285,-0.0004286766052246094,-0.018914222717285156,0.24961158633232117,-179.93218994140625,-177.26121520996094,-0.24961158633232117,0.3244287371635437,-0.866889238357544,40127,0.12294244766235352,0.08843415975570679,0.1130521297454834,0.061825335025787354,-0.9322687983512878,0.003554224967956543,-12.002944946289062,1312.6239013671875,-173.187255859375
20251024_150311.872828,0.9904449582099915,1.000640630722046,1.019159197807312,0.009555041790008545,-0.0006406307220458984,-0.01915919780731201,0.21922867000102997,-179.30282592773438,-177.3462677001953,-0.21922867000102997,0.37245023250579834,-0.8409339189529419,39955,0.12453478574752808,0.08868163824081421,0.15923380851745605,0.06210777163505554,-0.9321544170379639,0.029112696647644043,-17.937660217285156,1312.6185302734375,-339.1265869140625
20251024_150311.882456,0.9904322624206543,1.000708818435669,1.0193361043930054,0.009567737579345703,-0.0007088184356689453,-0.01933610439300537,0.2015661895275116,-178.92698669433594,-177.4715118408203,-0.2015661895275116,0.3296058177947998,-0.8613432049751282,40183,0.1256846785545349,0.0889318510890007,0.1149892807006836,0.06219029426574707,-0.9320396780967712,0.008506178855895996,-19.84691619873047,1312.61181640625,-109.100341796875
20251024_150311.892665,0.9904148578643799,1.000720500946045,1.0195269584655762,0.009585142135620117,-0.0007205009460449219,-0.019526958465576172,0.25775817036628723,-179.07196044921875,-177.61911010742188,-0.25775817036628723,0.34016484022140503,-0.8579602837562561,40273,0.12692523002624512,0.0891844630241394,0.12405514717102051,0.06230342388153076,-0.9319247603416443,0.011661052703857422,-20.174026489257812,1312.6046142578125,-18.6920166015625
20251024_150311.902586,0.9904565215110779,1.0006954669952393,1.0197386741638184,0.00954347848892212,-0.0006954669952392578,-0.01973867416381836,0.2490529865026474,-179.50711059570312,-177.57931518554688,-0.2490529865026474,0.35535627603530884,-0.8976920247077942,40333,0.12830138206481934,0.08943969011306763,0.13761520385742188,0.062032610177993774,-0.9318099617958069,-0.02791464328765869,-19.47307586669922,1312.5975341796875,40.0543212890625
20251024_150311.912675,0.9904529452323914,1.0007133483886719,1.019944190979004,0.009547054767608643,-0.000713348388671875,-0.019944190979003906,0.29674187302589417,-179.9005889892578,-177.4664306640625,-0.29674187302589417,0.352920800447464,-0.8672434687614441,40264,0.1296372413635254,0.08969762921333313,0.13358592987060547,0.06205585598945618,-0.9316954016685486,0.002396106719970703,-19.9737548828125,1312.590576171875,-28.6102294921875
20251024_150311.922436,0.990436315536499,1.000740885734558,1.0201550722122192,0.009563684463500977,-0.0007408857345581055,-0.02015507221221924,0.32280197739601135,179.858154296875,-177.21322631835938,-0.32280197739601135,0.3580390512943268,-0.8582749366760254,40247,0.13100796937942505,0.08995827287435532,0.13707280158996582,0.06216394901275635,-0.9315807819366455,0.01114189624786377,-20.744800567626953,1312.583251953125,-44.05975341796875
20251024_150311.932456,0.9904263019561768,1.0008808374404907,1.0203509330749512,0.009573698043823242,-0.0008808374404907227,-0.020350933074951172,0.3590640425682068,-179.78189086914062,-177.2606201171875,-0.3590640425682068,0.34981217980384827,-0.8625277876853943,40063,0.13228106498718262,0.09022156149148941,0.12730956077575684,0.062229037284851074,-0.9314659237861633,0.006709098815917969,-24.663448333740234,1312.5751953125,-223.9227294921875
20251024_150311.942996,0.9903919100761414,1.0010335445404053,1.020533561706543,0.009608089923858643,-0.0010335445404052734,-0.02053356170654297,0.36554625630378723,-179.44216918945312,-177.33712768554688,-0.36554625630378723,0.34266406297683716,-0.845855712890625,40039,0.1334681510925293,0.09048731625080109,0.11870861053466797,0.06245258450508118,-0.931350827217102,0.02304255962371826,-28.939247131347656,1312.5655517578125,-244.33135986328125
20251024_150311.952456,0.9903964996337891,1.00105619430542,1.0207186937332153,0.009603500366210938,-0.0010561943054199219,-0.020718693733215332,0.34135499596595764,-179.41598510742188,-177.49952697753906,-0.34135499596595764,0.34576278924942017,-0.8718878030776978,40246,0.13467150926589966,0.09075545519590378,0.12033581733703613,0.062422752380371094,-0.9312355518341064,-0.0030750036239624023,-29.573440551757812,1312.55517578125,-36.2396240234375
20251024_150311.963039,0.9904178380966187,1.0010240077972412,1.0209219455718994,0.009582161903381348,-0.001024007797241211,-0.020921945571899414,0.40136438608169556,-179.81700134277344,-177.47506713867188,-0.40136438608169556,0.35913246870040894,-0.8831331729888916,40335,0.1359926462173462,0.09102611988782883,0.13211369514465332,0.06228405237197876,-0.9311204552650452,-0.014296770095825195,-28.672218322753906,1312.5447998046875,51.4984130859375
20251024_150311.972859,0.990421712398529,1.0010472536087036,1.0211315155029297,0.009578287601470947,-0.0010472536087036133,-0.021131515502929688,0.46281468868255615,179.8215789794922,-177.37347412109375,-0.46281468868255615,0.36487478017807007,-0.8713424205780029,40246,0.13735485076904297,0.09129946678876877,0.13622045516967773,0.06225886940956116,-0.9310054779052734,-0.0025957822799682617,-29.323101043701172,1312.534423828125,-37.19329833984375
20251024_150311.982508,0.9904365539550781,1.0011861324310303,1.021252155303955,0.009563446044921875,-0.0011861324310302734,-0.021252155303955078,0.44114822149276733,-179.9444122314453,-177.30751037597656,-0.44114822149276733,0.30812984704971313,-0.8786720633506775,40057,0.138139009475708,0.09157495945692062,0.0784158706665039,0.06216239929199219,-0.9308906197547913,-0.009943842887878418,-33.211708068847656,1312.523193359375,-222.20611572265625
20251024_150311.992522,0.9904050230979919,1.0014619827270508,1.0213640928268433,0.009594976902008057,-0.0014619827270507812,-0.02136409282684326,0.5120616555213928,-179.02940368652344,-177.5166778564453,-0.5120616555213928,0.303477942943573,-0.8472826480865479,39830,0.1388666033744812,0.09185196459293365,0.07275938987731934,0.06236734986305237,-0.9307757019996643,0.0211256742477417,-40.935516357421875,1312.510009765625,-441.3604736328125
