timestamp,cur_x,cur_y,cur_z,thrust
0.0008883476257324219,0.9980156421661377,0.06238551065325737,0.9844445586204529,36000
0.005881309509277344,0.997880756855011,0.0640694797039032,0.9837576746940613,44000
0.010939359664916992,0.9981416463851929,0.06279604882001877,0.9843684434890747,44000
0.016597747802734375,0.9984562397003174,0.06304114311933517,0.9845617413520813,44000
0.02200460433959961,0.998323917388916,0.0627441555261612,0.9846135377883911,44000
0.02726435661315918,0.9978861212730408,0.06434248387813568,0.9836226105690002,44000
0.03726029396057129,0.9978154897689819,0.06416778266429901,0.9837140440940857,44000
0.04359579086303711,0.9978217482566833,0.06420121341943741,0.9836933612823486,44000
0.04920792579650879,0.9978967905044556,0.06431044638156891,0.9836509823799133,44000
0.05484318733215332,0.9981222152709961,0.06269337236881256,0.9843701720237732,44000
0.06074714660644531,0.9979277849197388,0.0643322691321373,0.9836335778236389,44000
0.06676101684570312,0.9980969429016113,0.06265854835510254,0.9843631982803345,44000
0.07326269149780273,0.9978561997413635,0.06437160074710846,0.9836021661758423,44000
0.07985639572143555,0.9980064034461975,0.06429973244667053,0.983568549156189,44000
0.0866851806640625,0.9981627464294434,0.06260401755571365,0.9843373894691467,44000
0.09283566474914551,0.9978523850440979,0.06411396712064743,0.9836533665657043,44000
0.09811043739318848,0.9978762865066528,0.06410039216279984,0.9836707711219788,44000
0.10379743576049805,0.997907280921936,0.06429918855428696,0.9835698008537292,44000
0.11043190956115723,0.9981199502944946,0.06282681971788406,0.9842711091041565,44000
0.11620044708251953,0.9981459975242615,0.06277287006378174,0.9842768311500549,44000
0.12178516387939453,0.997920572757721,0.06438375264406204,0.9835287928581238,44000
0.13083219528198242,0.9978834390640259,0.06417465209960938,0.983598530292511,44000
0.1372847557067871,0.9981898665428162,0.0626663938164711,0.9842429161071777,44000
0.14868378639221191,0.9981371760368347,0.06282129883766174,0.984216034412384,44000
0.16602563858032227,0.9979164600372314,0.06444428116083145,0.9835337996482849,44000
0.17212939262390137,0.9981260299682617,0.0628989115357399,0.9842634797096252,44000
0.17743372917175293,0.9984337091445923,0.0632292702794075,0.9843903183937073,44000
0.1915130615234375,0.9983876347541809,0.06321673095226288,0.9844176173210144,44000
0.19777846336364746,0.9980583190917969,0.06298258155584335,0.98428875207901,44000
0.2101116180419922,0.9980554580688477,0.06322815269231796,0.984291672706604,44000
0.2186899185180664,0.9982170462608337,0.06396281719207764,0.9843923449516296,44000
0.22895097732543945,0.9985048174858093,0.06529559940099716,0.9843913912773132,44000
0.24043917655944824,0.9994885921478271,0.0683446079492569,0.984851062297821,44000
0.2518913745880127,0.9994379878044128,0.06915106624364853,0.9847844839096069,44000
0.25834155082702637,0.9994412064552307,0.06958440691232681,0.985022246837616,44000
0.26706814765930176,0.9996995329856873,0.07076562196016312,0.9850409626960754,44000
0.2790684700012207,0.9998940825462341,0.07286635786294937,0.985349178314209,44000
0.29822349548339844,1.000518560409546,0.07659026980400085,0.9857873320579529,44000
0.3072235584259033,1.0010521411895752,0.07935438305139542,0.9860401749610901,44000
0.3172004222869873,1.0013853311538696,0.08176346868276596,0.9865953326225281,44000
0.32848215103149414,1.0018999576568604,0.08381516486406326,0.9869354963302612,44000
0.34732842445373535,1.0027179718017578,0.08958585560321808,0.9879604578018188,44000
0.35762572288513184,1.002882719039917,0.09159550815820694,0.9882314801216125,44000
0.36737513542175293,1.0041890144348145,0.09651591628789902,0.9894483685493469,44000
0.3873741626739502,1.0054446458816528,0.1037578359246254,0.9908048510551453,44000
0.3978383541107178,1.0061222314834595,0.10718882828950882,0.9915555715560913,44000
0.4071769714355469,1.0067540407180786,0.11206148564815521,0.9923948645591736,44000
0.4172666072845459,1.0080448389053345,0.11570344865322113,0.9935485124588013,44000
0.4284207820892334,1.0084478855133057,0.11918560415506363,0.9940847158432007,44000
0.4386470317840576,1.0097804069519043,0.12465722113847733,0.995419979095459,44000
0.4482240676879883,1.0105327367782593,0.12933047115802765,0.996584415435791,44000
0.4578211307525635,1.0107951164245605,0.13207201659679413,0.9969761967658997,44000
0.46765756607055664,1.0112390518188477,0.13680677115917206,0.9980786442756653,44000
0.4775049686431885,1.0134165287017822,0.14295341074466705,0.9997803568840027,44000
0.4875915050506592,1.0145225524902344,0.1476270854473114,1.0009708404541016,44000
0.49774789810180664,1.0151631832122803,0.15349316596984863,1.0017881393432617,44000
0.5074810981750488,1.016066074371338,0.15820178389549255,1.0031450986862183,44000
0.5187602043151855,1.017512559890747,0.16343851387500763,1.0045890808105469,44000
0.5376543998718262,1.019397497177124,0.1743398904800415,1.0073124170303345,42230
0.5474362373352051,1.0208011865615845,0.17977041006088257,1.0083588361740112,44000
0.5677754878997803,1.0227460861206055,0.1909642070531845,1.0110199451446533,41030
0.5781002044677734,1.0242503881454468,0.19646240770816803,1.0124002695083618,44000
0.587913990020752,1.0252926349639893,0.2023743838071823,1.0138882398605347,44000
0.5992701053619385,1.0267815589904785,0.20842869579792023,1.0153430700302124,44000
0.6078581809997559,1.0276786088943481,0.21413300931453705,1.0166407823562622,44000
0.6176204681396484,1.028770923614502,0.22092880308628082,1.0173094272613525,44000
0.6277251243591309,1.0303694009780884,0.22669129073619843,1.0195870399475098,44000
0.6375620365142822,1.031783938407898,0.23251143097877502,1.0213048458099365,44000
0.647620677947998,1.0326696634292603,0.23852205276489258,1.022505521774292,44000
0.6575634479522705,1.0340815782546997,0.24489852786064148,1.0242652893066406,44000
0.6697907447814941,1.0351645946502686,0.25301069021224976,1.024847149848938,44000
0.6811902523040771,1.036332368850708,0.2598189413547516,1.0263395309448242,44000
0.688204288482666,1.0375562906265259,0.26576972007751465,1.0276190042495728,44000
0.6979715824127197,1.0390232801437378,0.27237388491630554,1.0293821096420288,44000
0.7074837684631348,1.0406800508499146,0.2782389521598816,1.0318591594696045,44000
0.7216591835021973,1.0420830249786377,0.28467702865600586,1.033604383468628,44000
0.727522611618042,1.043251395225525,0.2921212911605835,1.0348718166351318,44000
0.7476687431335449,1.0459856986999512,0.30686745047569275,1.0380052328109741,36000
0.7579388618469238,1.0471389293670654,0.3135707676410675,1.0396287441253662,44000
0.7677054405212402,1.0482752323150635,0.3204869031906128,1.0412793159484863,44000
0.7813005447387695,1.0495598316192627,0.32796138525009155,1.0426808595657349,43479
0.7875010967254639,1.050865650177002,0.33546629548072815,1.0441313982009888,43177
0.7976770401000977,1.0517747402191162,0.3432501554489136,1.0455938577651978,42505
0.8072926998138428,1.0531483888626099,0.35081902146339417,1.0472731590270996,42533
0.8174848556518555,1.0542936325073242,0.35899707674980164,1.0485963821411133,41374
0.8274080753326416,1.0554327964782715,0.3666505813598633,1.0499122142791748,42018
0.837500810623169,1.056780219078064,0.3741181194782257,1.0515446662902832,42058
0.8474819660186768,1.0578529834747314,0.38174426555633545,1.0530147552490234,41667
0.8613605499267578,1.058769702911377,0.38962915539741516,1.0543617010116577,41000
0.8676447868347168,1.0598869323730469,0.3976130485534668,1.0557615756988525,40570
0.8777685165405273,1.0610475540161133,0.4058090150356293,1.0571389198303223,40031
0.8884649276733398,1.0624161958694458,0.41396427154541016,1.0586262941360474,39733
0.8975834846496582,1.063154935836792,0.4221920073032379,1.0597095489501953,39545
0.9075591564178467,1.0642348527908325,0.4298553466796875,1.0610417127609253,40203
0.9175035953521729,1.0652045011520386,0.43790939450263977,1.0621358156204224,39172
0.9275703430175781,1.066290020942688,0.446096807718277,1.063741683959961,39008
0.9375391006469727,1.0674644708633423,0.45426520705223083,1.065054178237915,38600
0.947453498840332,1.0682401657104492,0.46280282735824585,1.0659252405166626,37817
0.961477518081665,1.0692633390426636,0.4708159863948822,1.0672696828842163,38574
0.967808723449707,1.0701347589492798,0.4791128635406494,1.0684900283813477,37994
0.9776487350463867,1.0711479187011719,0.4869512915611267,1.0696969032287598,38018
0.9889481067657471,1.0719902515411377,0.4951292872428894,1.0705920457839966,37403
0.997478723526001,1.0729947090148926,0.5031564235687256,1.071951985359192,37626
1.0075929164886475,1.0737929344177246,0.5111883878707886,1.0729631185531616,37565
1.0173933506011963,1.0747933387756348,0.5191248059272766,1.0740540027618408,37406
1.027341365814209,1.0755925178527832,0.5270837545394897,1.0751314163208008,36693
1.0374104976654053,1.0765459537506104,0.5348424911499023,1.0762736797332764,37758
1.0474884510040283,1.0772407054901123,0.5425611138343811,1.0769872665405273,36664
1.057663917541504,1.0780516862869263,0.5502947568893433,1.0780436992645264,37119
1.0675899982452393,1.079003930091858,0.5581197142601013,1.078904628753662,36000
1.0776875019073486,1.0797197818756104,0.5656777024269104,1.0798218250274658,38664
1.087578535079956,1.0805257558822632,0.573166012763977,1.0807318687438965,36000
1.097592830657959,1.0812386274337769,0.5807598233222961,1.0815200805664062,37028
1.1075382232666016,1.0817158222198486,0.5881320834159851,1.0823719501495361,36715
1.1185016632080078,1.0826541185379028,0.595000684261322,1.0833405256271362,36607
1.128760814666748,1.0833797454833984,0.6020810604095459,1.0840965509414673,36211
1.137636423110962,1.0839437246322632,0.6094586849212646,1.084738850593567,36000
1.1476712226867676,1.0846140384674072,0.6163355112075806,1.08559250831604,37425
1.1575675010681152,1.085477590560913,0.6227911114692688,1.0863494873046875,36000
1.1675078868865967,1.0861870050430298,0.6295421719551086,1.087273120880127,36510
1.1776342391967773,1.0865761041641235,0.6363100409507751,1.0877848863601685,38192
1.1872060298919678,1.0876293182373047,0.6424939036369324,1.0887993574142456,36304
1.1972689628601074,1.0879271030426025,0.6485773921012878,1.0891917943954468,37383
1.2094521522521973,1.0883426666259766,0.655191957950592,1.0895373821258545,36628
1.2214994430541992,1.0887513160705566,0.6612775921821594,1.0902680158615112,36729
1.2281835079193115,1.089522361755371,0.6673478484153748,1.0908418893814087,36000
1.237499713897705,1.0900182723999023,0.6731143593788147,1.0915265083312988,36000
1.2473454475402832,1.0902929306030273,0.6791209578514099,1.0918649435043335,38465
1.2573716640472412,1.0911664962768555,0.6844414472579956,1.0924757719039917,37696
1.2673742771148682,1.0915203094482422,0.6898012757301331,1.0930495262145996,36416
1.2810754776000977,1.0918288230895996,0.6956677436828613,1.0932512283325195,37505
1.2880370616912842,1.0923771858215332,0.7007517218589783,1.0939236879348755,36615
1.2994749546051025,1.0929182767868042,0.7057504653930664,1.0942825078964233,37619
1.3095595836639404,1.0929877758026123,0.7111015319824219,1.0945833921432495,37261
1.3198189735412598,1.0933878421783447,0.7159063816070557,1.0948309898376465,37927
1.3275794982910156,1.09391188621521,0.7203871607780457,1.0954033136367798,37126
1.3375139236450195,1.0941636562347412,0.7253138422966003,1.0956594944000244,38421
1.3476572036743164,1.0945146083831787,0.7298153638839722,1.0960067510604858,38063
1.3576774597167969,1.0949732065200806,0.7346415519714355,1.0960724353790283,37253
1.3686087131500244,1.0950852632522583,0.7390751838684082,1.0963019132614136,37957
1.3776540756225586,1.0955321788787842,0.7430033683776855,1.0965667963027954,38380
1.387624740600586,1.0958181619644165,0.7470590472221375,1.0969446897506714,38813
1.3975892066955566,1.0960286855697632,0.7512957453727722,1.0969327688217163,37658
1.407724142074585,1.096145510673523,0.7559365034103394,1.0969879627227783,37250
1.4177727699279785,1.0962876081466675,0.7596004605293274,1.096960186958313,39233
1.4275081157684326,1.0967721939086914,0.7630941271781921,1.0973761081695557,38448
1.4379353523254395,1.0969871282577515,0.7665990591049194,1.0974485874176025,39198
1.4477970600128174,1.097070336341858,0.7703063488006592,1.097487449645996,38499
1.462785243988037,1.0971275568008423,0.7740234136581421,1.0974842309951782,38697
1.4691119194030762,1.0974401235580444,0.7774229645729065,1.0974836349487305,38013
1.477731704711914,1.0977208614349365,0.7810590863227844,1.0972771644592285,38822
1.4878315925598145,1.0975548028945923,0.78413325548172,1.0973976850509644,39696
1.4979236125946045,1.0977284908294678,0.7871736884117126,1.0973762273788452,39179
1.5074865818023682,1.0976874828338623,0.7906466722488403,1.097221851348877,38283
1.518639326095581,1.0978723764419556,0.7935603857040405,1.0970522165298462,39423
1.528503656387329,1.0980032682418823,0.7965470552444458,1.0969476699829102,39640
1.5375361442565918,1.098190188407898,0.8000766038894653,1.0965585708618164,37801
1.5476257801055908,1.0980414152145386,0.8025007247924805,1.096609115600586,40042
1.5574989318847656,1.0979434251785278,0.8054733872413635,1.096408724784851,38893
1.5675745010375977,1.0978879928588867,0.808691680431366,1.096118688583374,39060
1.5777933597564697,1.098100185394287,0.8109597563743591,1.0960514545440674,40130
1.5877482891082764,1.0978615283966064,0.8137650489807129,1.095659613609314,38725
1.597621202468872,1.0980098247528076,0.8161786198616028,1.095397710800171,40000
1.6076016426086426,1.0978302955627441,0.8189661502838135,1.0950498580932617,38937
1.6180059909820557,1.0977822542190552,0.8217720985412598,1.0947611331939697,39432
1.6277928352355957,1.09795343875885,0.8242335319519043,1.0944427251815796,39470
1.637528419494629,1.0976146459579468,0.8264565467834473,1.0943723917007446,39709
1.647294044494629,1.0974863767623901,0.829276442527771,1.093704342842102,38959
1.6576831340789795,1.0973153114318848,0.8316026926040649,1.0931529998779297,39682
1.667356014251709,1.0974982976913452,0.8337929844856262,1.0930358171463013,39474
1.6785271167755127,1.0972305536270142,0.8360692262649536,1.0926634073257446,39684
1.6878557205200195,1.0970922708511353,0.838243305683136,1.0922521352767944,39815
1.6980078220367432,1.0968211889266968,0.8408485651016235,1.091731309890747,38536
1.7078924179077148,1.0966145992279053,0.8431114554405212,1.0913033485412598,39399
1.7178857326507568,1.0965527296066284,0.8450573086738586,1.0908076763153076,39909
1.7279086112976074,1.0964103937149048,0.8475539684295654,1.0900301933288574,38833
1.7395880222320557,1.0959304571151733,0.8499497771263123,1.0894486904144287,39117
1.7476222515106201,1.0956642627716064,0.8516978621482849,1.0891443490982056,40053
1.7580268383026123,1.09553861618042,0.8536455631256104,1.0888142585754395,40099
1.7699828147888184,1.0951346158981323,0.8557528257369995,1.0881867408752441,38890
1.7801508903503418,1.094944953918457,0.8573675155639648,1.087637186050415,40144
1.7876620292663574,1.0946568250656128,0.8592828512191772,1.0871834754943848,39907
1.7975389957427979,1.094393014907837,0.8619144558906555,1.0863161087036133,38251
1.808349609375,1.0939700603485107,0.8638678193092346,1.0855737924575806,39560
1.8177168369293213,1.09368896484375,0.8653866052627563,1.0853028297424316,39995
1.8280198574066162,1.0932000875473022,0.8679555654525757,1.0841889381408691,38287
1.8543915748596191,1.092779278755188,0.8694508075714111,1.0836936235427856,39764
1.8623511791229248,1.0925301313400269,0.8708698153495789,1.0832628011703491,40319
1.8683791160583496,1.091976284980774,0.8729463815689087,1.082492470741272,38328
1.8774840831756592,1.0917004346847534,0.8744697570800781,1.0816326141357422,40255
1.8833394050598145,1.0911954641342163,0.8758660554885864,1.0811848640441895,39113
1.8912804126739502,1.0907540321350098,0.8779093623161316,1.0802892446517944,39421
1.897674798965454,1.0903657674789429,0.8795666098594666,1.0794106721878052,39478
1.907747507095337,1.0899696350097656,0.8815473318099976,1.0787122249603271,38338
1.9195446968078613,1.089451551437378,0.8829727172851562,1.0779078006744385,40229
1.9300644397735596,1.0889383554458618,0.8850699067115784,1.0767511129379272,39047
1.93760085105896,1.088469386100769,0.8863963484764099,1.0760244131088257,39165
1.9482691287994385,1.0879336595535278,0.8879850506782532,1.0752530097961426,38935
1.9576208591461182,1.0875557661056519,0.8895679712295532,1.0742436647415161,39885
1.9675395488739014,1.0868732929229736,0.8908284306526184,1.0736349821090698,40063
1.9777255058288574,1.086307406425476,0.8924326300621033,1.072618007659912,38466
1.9877116680145264,1.0857807397842407,0.8937208652496338,1.0717425346374512,39890
1.9986233711242676,1.0851823091506958,0.8951836824417114,1.0706911087036133,39247
2.0076897144317627,1.0847549438476562,0.8961300849914551,1.0700087547302246,40098
2.020899534225464,1.0840734243392944,0.8981196284294128,1.068606972694397,38317
2.0281789302825928,1.0834633111953735,0.8993275165557861,1.0677729845046997,39816
2.0380756855010986,1.0829650163650513,0.900630533695221,1.0670565366744995,39312
2.0478978157043457,1.082227110862732,0.9017590284347534,1.066048502922058,39836
2.0592234134674072,1.081779956817627,0.9029749035835266,1.0647993087768555,39576
2.069927215576172,1.081248164176941,0.904256284236908,1.063848614692688,39467
2.0796711444854736,1.0804675817489624,0.9051755666732788,1.062935471534729,39760
2.091301679611206,1.0798438787460327,0.9066312909126282,1.0618231296539307,39260
2.0975215435028076,1.0791517496109009,0.9074342846870422,1.0608586072921753,40295
2.107532501220703,1.078688621520996,0.9087545275688171,1.059715747833252,39253
2.118959426879883,1.0778754949569702,0.9098769426345825,1.0585147142410278,39628
2.1302146911621094,1.0769063234329224,0.9108679294586182,1.0572595596313477,39589
2.137726068496704,1.0764409303665161,0.9119691252708435,1.0563063621520996,39527
2.1477432250976562,1.0758439302444458,0.9127101302146912,1.0552568435668945,40166
2.1577024459838867,1.0751327276229858,0.9141342043876648,1.05389404296875,38964
2.1685731410980225,1.0742555856704712,0.9150875806808472,1.052618145942688,39746
2.17771577835083,1.0736867189407349,0.9156156778335571,1.0517160892486572,40407
2.1878244876861572,1.0730348825454712,0.916567862033844,1.0506285429000854,39624
2.1985363960266113,1.0724447965621948,0.9175689220428467,1.049126148223877,39565
2.2073750495910645,1.0717426538467407,0.9183560013771057,1.0478401184082031,40211
2.218409538269043,1.0708256959915161,0.9196609258651733,1.0467097759246826,38619
2.2275173664093018,1.0700671672821045,0.9207122921943665,1.04544198513031,39473
2.237624406814575,1.0693368911743164,0.9211853742599487,1.044114589691162,40290
2.2478415966033936,1.0685298442840576,0.9221334457397461,1.0428540706634521,39445
2.257736921310425,1.067697286605835,0.9230348467826843,1.0416505336761475,39657
2.267920732498169,1.066994071006775,0.9238636493682861,1.0402793884277344,39528
2.277848243713379,1.0665680170059204,0.924220621585846,1.038862705230713,40517
2.287651300430298,1.0656250715255737,0.925642728805542,1.0374228954315186,38569
2.298088788986206,1.0647588968276978,0.9262836575508118,1.0363144874572754,40079
2.3102478981018066,1.0640504360198975,0.9267077445983887,1.0348424911499023,40085
2.3181419372558594,1.0631908178329468,0.9276588559150696,1.033637285232544,39396
2.32765793800354,1.0625499486923218,0.9281813502311707,1.0322518348693848,40086
2.3376355171203613,1.0617259740829468,0.9291692972183228,1.030619740486145,39268
2.3473241329193115,1.060820460319519,0.9297313690185547,1.029098629951477,39989
2.3574156761169434,1.0600723028182983,0.9306333065032959,1.0277482271194458,39314
2.367631196975708,1.0595024824142456,0.9310121536254883,1.0265324115753174,40277
2.3799245357513428,1.058403491973877,0.9322227239608765,1.0247461795806885,38758
2.3896923065185547,1.0576854944229126,0.9327563643455505,1.0234192609786987,39983
2.3976311683654785,1.0570380687713623,0.9331111311912537,1.022179365158081,40065
2.4080874919891357,1.056275486946106,0.9335961937904358,1.0206449031829834,40040
2.418353796005249,1.0550850629806519,0.9344748854637146,1.018867015838623,39364
2.4284579753875732,1.054445743560791,0.9350404739379883,1.0175453424453735,39862
2.4374661445617676,1.0537344217300415,0.93558669090271,1.0160021781921387,39865
2.447326898574829,1.0529416799545288,0.936339259147644,1.0142563581466675,39365
2.4574365615844727,1.052144169807434,0.9369202852249146,1.012863039970398,39760
2.4675843715667725,1.0514559745788574,0.9369208216667175,1.011366844177246,40632
2.477142572402954,1.0506426095962524,0.9375574588775635,1.009906530380249,39652
2.487495183944702,1.0497698783874512,0.9382827281951904,1.008203387260437,39521
2.4973249435424805,1.0490137338638306,0.9387447834014893,1.0066472291946411,39885
2.509854555130005,1.0481634140014648,0.9394277930259705,1.0051072835922241,39505
2.5185887813568115,1.0473887920379639,0.9396182298660278,1.0034642219543457,40330
2.5284886360168457,1.0464868545532227,0.9401113986968994,1.001957893371582,39815
2.537590742111206,1.0457978248596191,0.9405645132064819,1.0002875328063965,39779
2.5481626987457275,1.0450034141540527,0.9415295720100403,0.9984015226364136,39151
2.5575435161590576,1.0442824363708496,0.9414353966712952,0.997158408164978,40695
2.567732334136963,1.0434513092041016,0.9418016076087952,0.9952759146690369,39860
2.577554702758789,1.0426300764083862,0.9422937035560608,0.9935943484306335,39934
2.587501049041748,1.0419600009918213,0.9427074193954468,0.9920110702514648,39843
2.5972282886505127,1.0410737991333008,0.9429128170013428,0.9904788732528687,40249
2.6076278686523438,1.0402641296386719,0.9438163638114929,0.9886770844459534,39036
2.620053291320801,1.0395867824554443,0.94399493932724,0.986956775188446,40301
2.627737522125244,1.0387401580810547,0.9442699551582336,0.9853872060775757,39925
2.641559362411499,1.0379998683929443,0.9448764324188232,0.9835684895515442,39544
2.6475837230682373,1.037157416343689,0.9450352191925049,0.9819212555885315,40305
2.657557487487793,1.0364936590194702,0.9451246857643127,0.9803588390350342,40263
2.6672425270080566,1.0358861684799194,0.9456470608711243,0.9787198901176453,39726
2.680102825164795,1.0350011587142944,0.945685625076294,0.9768953919410706,40432
2.6874852180480957,1.033997654914856,0.9464146494865417,0.9750365614891052,39280
2.6971681118011475,1.0334835052490234,0.9467794299125671,0.9734498262405396,39886
2.708374261856079,1.0327643156051636,0.9469468593597412,0.9718305468559265,40105
2.7177774906158447,1.0320401191711426,0.9473287463188171,0.9698934555053711,39895
2.728952407836914,1.0313163995742798,0.9475038051605225,0.9681432843208313,40150
2.7372255325317383,1.0306445360183716,0.9477506279945374,0.9664936661720276,39983
2.747299909591675,1.0297077894210815,0.9484613537788391,0.964653730392456,39308
2.757554769515991,1.0290372371673584,0.9486423134803772,0.963080883026123,40157
2.7674670219421387,1.0283504724502563,0.9488579630851746,0.9610641598701477,40003
2.777559280395508,1.0277016162872314,0.9490709900856018,0.9596371054649353,40131
2.787524700164795,1.0268341302871704,0.9493440389633179,0.9575534462928772,39976
2.797480583190918,1.02609384059906,0.9494948983192444,0.955981969833374,40053
2.807708978652954,1.025550127029419,0.949651837348938,0.9542433023452759,40203
2.8181519508361816,1.0249409675598145,0.9497041702270508,0.9526119232177734,40376
2.827421188354492,1.0239181518554688,0.9502169489860535,0.950592041015625,39648
2.837625741958618,1.023254632949829,0.9507609009742737,0.9487879276275635,39553
2.8492021560668945,1.0227136611938477,0.9509413838386536,0.9472503066062927,40038
2.857332706451416,1.02187180519104,0.9512345790863037,0.9452389478683472,39909
2.870126247406006,1.021345853805542,0.9512895345687866,0.9436609148979187,40407
2.878605842590332,1.0206587314605713,0.9514594674110413,0.9417011141777039,39994
2.887568473815918,1.0200119018554688,0.9513553380966187,0.9401745796203613,40546
2.8987317085266113,1.0192945003509521,0.9518482685089111,0.9381757974624634,39627
2.9075663089752197,1.0185664892196655,0.9523047208786011,0.9364650249481201,39690
2.917301893234253,1.0178813934326172,0.9522699117660522,0.9347496628761292,40420
2.930140733718872,1.0173259973526,0.9521418809890747,0.9330065250396729,40557
2.937608480453491,1.0165808200836182,0.9529253244400024,0.9311496019363403,39121
2.947467803955078,1.016021490097046,0.9531370997428894,0.9293628931045532,40041
2.9572997093200684,1.0154240131378174,0.9530050754547119,0.9277386665344238,40484
2.9677352905273438,1.014774203300476,0.9535810947418213,0.9256944060325623,39455
2.978759765625,1.0140944719314575,0.9535216093063354,0.924091100692749,40495
2.987531900405884,1.0133860111236572,0.9535594582557678,0.9223731756210327,40255
3.000757932662964,1.0128682851791382,0.9537052512168884,0.9207607507705688,40115
3.0077805519104004,1.012141227722168,0.9544177651405334,0.9187832474708557,39197
3.017674207687378,1.0114604234695435,0.9544103145599365,0.9170770049095154,40376
3.027768611907959,1.0109083652496338,0.954536497592926,0.9154038429260254,40072
3.0376272201538086,1.0103074312210083,0.9545461535453796,0.9136319756507874,40353
3.050377607345581,1.009513020515442,0.9549123048782349,0.9118711948394775,39734
3.0604515075683594,1.0090068578720093,0.9552487134933472,0.9100188612937927,39773
3.0682427883148193,1.0084900856018066,0.9554527401924133,0.9084079265594482,39950
3.0780091285705566,1.0079166889190674,0.9557549953460693,0.9065797328948975,39841
3.088024377822876,1.0071260929107666,0.9559065103530884,0.9047921299934387,40049
3.0976572036743164,1.0064946413040161,0.9560422897338867,0.9031098484992981,40052
3.108678102493286,1.0059095621109009,0.9561368823051453,0.9015505909919739,40195
3.1175854206085205,1.0054740905761719,0.9560693502426147,0.8997862339019775,40394
3.127981424331665,1.0047520399093628,0.9567024111747742,0.8978731036186218,39254
3.137535333633423,1.0041528940200806,0.956864595413208,0.8963478803634644,40076
3.1482744216918945,1.0036487579345703,0.9566203951835632,0.8946276903152466,40634
3.1584761142730713,1.002983808517456,0.9570846557617188,0.8927948474884033,39521
3.168776512145996,1.0023493766784668,0.9573003053665161,0.8910887837409973,39992
3.1776187419891357,1.0018473863601685,0.9572267532348633,0.8895589113235474,40394
3.187426805496216,1.00119149684906,0.9577748775482178,0.8877626061439514,39355
3.1975629329681396,1.0006786584854126,0.9581891298294067,0.885994553565979,39629
3.207749843597412,1.000034213066101,0.9582405686378479,0.8844372034072876,40151
3.217550277709961,0.9993433952331543,0.9581316709518433,0.8828144669532776,40440
3.2285633087158203,0.9989891648292542,0.9582144021987915,0.8811649084091187,40120
3.238729476928711,0.9983283281326294,0.958565354347229,0.8796073198318481,39685
3.2474193572998047,0.9977127313613892,0.9585267901420593,0.877964198589325,40334
3.260218620300293,0.9971927404403687,0.9588227272033691,0.8764755129814148,39763
3.2678797245025635,0.9966230392456055,0.9593870043754578,0.8746809959411621,39321
3.2772293090820312,0.9961199760437012,0.959194004535675,0.8731721043586731,40568
3.2875211238861084,0.9955602288246155,0.9593155980110168,0.8716900944709778,40028
3.2997546195983887,0.995024561882019,0.9595784544944763,0.8701613545417786,39822
3.3076164722442627,0.9944441318511963,0.9600640535354614,0.8685969114303589,39448
3.3177103996276855,0.9938666224479675,0.9600815773010254,0.8670384287834167,40190
3.3273024559020996,0.9933435320854187,0.9603356122970581,0.8655828833580017,39798
3.3377432823181152,0.9927801489830017,0.9605419635772705,0.8642770051956177,39890
3.3476390838623047,0.9922089576721191,0.9607600569725037,0.8629015684127808,39850
3.3631293773651123,0.9916630387306213,0.9609249234199524,0.8613395094871521,39939
3.367797613143921,0.991196870803833,0.9610447287559509,0.8600084781646729,40006
3.3778862953186035,0.9907525777816772,0.961348295211792,0.8585285544395447,39711
3.3884236812591553,0.9902715682983398,0.961455762386322,0.8573175072669983,40023
3.3984618186950684,0.9896736741065979,0.9616311192512512,0.8557521104812622,39902
3.4086837768554688,0.9891077280044556,0.9619084596633911,0.854429304599762,39715
3.4175641536712646,0.9887217283248901,0.9623603820800781,0.8531565070152283,39467
3.431081771850586,0.9882451891899109,0.9626743197441101,0.85196852684021,39653
3.43758487701416,0.9878943562507629,0.9625083208084106,0.8507070541381836,40436
3.4482581615448,0.987189769744873,0.962751030921936,0.8493248224258423,39772
3.45855975151062,0.9867570400238037,0.962967038154602,0.8481033444404602,39813
3.4680047035217285,0.9863218069076538,0.963205873966217,0.8467478156089783,39747
3.4801719188690186,0.9858267307281494,0.9633530378341675,0.8456469178199768,39931
3.4915647506713867,0.9854061603546143,0.963312029838562,0.8445993065834045,40212
3.49761962890625,0.9849339127540588,0.9634559750556946,0.8434288501739502,39923
3.5084710121154785,0.9844397902488708,0.9639259576797485,0.8420653343200684,39377
3.518329620361328,0.9840855598449707,0.9639523029327393,0.8409925699234009,40080
3.529656410217285,0.9836471080780029,0.9639695882797241,0.8397797346115112,40102
3.54032039642334,0.98324054479599,0.9639443159103394,0.8386633396148682,40176
3.551267385482788,0.9829391241073608,0.9642517566680908,0.8376114964485168,39644
3.557750701904297,0.9823432564735413,0.964780867099762,0.8363478183746338,39243
3.5676190853118896,0.9819042086601257,0.9648414254188538,0.8353092074394226,40038
3.5786542892456055,0.9813881516456604,0.9650006294250488,0.8341765403747559,39828
3.5897371768951416,0.9810592532157898,0.964756429195404,0.8332775235176086,40523
3.5975372791290283,0.9807136058807373,0.9649569392204285,0.8321105241775513,39792
3.6076362133026123,0.9803441762924194,0.9649869799613953,0.8311206698417664,40031
3.6177618503570557,0.9799400568008423,0.9650422930717468,0.8301868438720703,40014
3.6277287006378174,0.9795731902122498,0.9653412103652954,0.8291051387786865,39661
3.6384806632995605,0.97914719581604,0.9651935696601868,0.8281713128089905,40321
3.6485581398010254,0.9788707494735718,0.9650639891624451,0.8271874189376831,40323
3.6589319705963135,0.9785376191139221,0.965410590171814,0.826173722743988,39524
3.668412208557129,0.978221595287323,0.9653400182723999,0.8253519535064697,40203
3.6804563999176025,0.9778411388397217,0.9653267860412598,0.8243960738182068,40082
3.6891589164733887,0.977446436882019,0.9653723835945129,0.823487401008606,40073
3.6975760459899902,0.9770643711090088,0.9654703140258789,0.8224924206733704,39924
3.7076570987701416,0.9769505858421326,0.9651655554771423,0.8218066096305847,40580
3.718928098678589,0.976641058921814,0.9651365876197815,0.8209131360054016,40108
3.7276594638824463,0.9761847257614136,0.9655964970588684,0.8199336528778076,39376
3.7376251220703125,0.9758294224739075,0.9654820561408997,0.8190256953239441,40216
3.747501850128174,0.9755949974060059,0.9654349684715271,0.8182085156440735,40261
3.7585251331329346,0.9753673076629639,0.9650862216949463,0.8175365328788757,40596
3.7680532932281494,0.9750375747680664,0.9654095768928528,0.8167150616645813,39555
3.7775521278381348,0.9748005270957947,0.9655544757843018,0.8158917427062988,39863
3.7877354621887207,0.9745082259178162,0.9655070900917053,0.8150586485862732,40185
3.7975666522979736,0.9742722511291504,0.9655312895774841,0.8142528533935547,40021
3.8074615001678467,0.9740277528762817,0.9653797149658203,0.8134986162185669,40325
3.8175363540649414,0.9737287759780884,0.9652994275093079,0.8126998543739319,40213
3.8279998302459717,0.9735307097434998,0.9652721285820007,0.8121170997619629,40059
3.838449478149414,0.9733011722564697,0.9653430581092834,0.811423122882843,40014
3.847761392593384,0.9731440544128418,0.9652935266494751,0.8108237981796265,40135
3.8579318523406982,0.9731072783470154,0.9652119278907776,0.8101593852043152,40149
3.8674161434173584,0.9728265404701233,0.9651952385902405,0.8094212412834167,40204
3.877903699874878,0.9726400375366211,0.9653311371803284,0.8085569143295288,39848
3.887456178665161,0.9723694324493408,0.9652724862098694,0.8078348636627197,40127
3.8974246978759766,0.9722501635551453,0.9652308821678162,0.8071689605712891,40161
3.907672166824341,0.9720980525016785,0.9651247262954712,0.8067917823791504,40293
3.921034574508667,0.9719502925872803,0.9652073383331299,0.8061448335647583,39983
3.931819438934326,0.9717954993247986,0.9651947617530823,0.8055347204208374,39987
3.938525915145874,0.9718316197395325,0.9649661183357239,0.8050360679626465,40537
3.9473633766174316,0.9715010523796082,0.9650264978408813,0.8044111728668213,39939
3.957524299621582,0.9714171886444092,0.9647480249404907,0.803849995136261,40548
3.967641592025757,0.9713581800460815,0.9646289348602295,0.8033826351165771,40327
3.9776289463043213,0.9713168740272522,0.9645415544509888,0.8029065132141113,40118
3.987391710281372,0.9712000489234924,0.9646739959716797,0.8023909330368042,39942
3.998081922531128,0.9710818529129028,0.9647605419158936,0.8017998933792114,39936
4.007342100143433,0.970954418182373,0.9647729992866516,0.8013290762901306,40006
4.018328905105591,0.9709193110466003,0.9647036194801331,0.8007361888885498,40285
4.027339220046997,0.9708720445632935,0.9645879864692688,0.8002501726150513,40280
4.037513494491577,0.970869243144989,0.9644896984100342,0.7998920679092407,40266
4.050058841705322,0.970763087272644,0.9647031426429749,0.7994892001152039,39674
4.057660818099976,0.9707199335098267,0.9647500514984131,0.7991663217544556,40064
4.067572593688965,0.970572292804718,0.9644902944564819,0.7987085580825806,40516
4.077481031417847,0.9705421328544617,0.9643145203590393,0.7983089685440063,40353
4.087563514709473,0.9705745577812195,0.9642102718353271,0.7978932857513428,40261
4.0979039669036865,0.9705564975738525,0.964144229888916,0.7975736260414124,40168
4.107715606689453,0.970578134059906,0.9641661047935486,0.7972509860992432,40036
4.120177745819092,0.9704615473747253,0.964229166507721,0.796954333782196,40004
4.127638339996338,0.970378041267395,0.9642195105552673,0.7967118620872498,40118
4.137696743011475,0.9705012440681458,0.9640563130378723,0.7964665293693542,40362
4.1481945514678955,0.9704867005348206,0.9638718366622925,0.7961576581001282,40282
4.157627105712891,0.9705154895782471,0.9637280702590942,0.795877993106842,40415
4.167663335800171,0.9704440832138062,0.9639589190483093,0.7953484058380127,39686
4.17827582359314,0.970565140247345,0.9637820720672607,0.7951714992523193,40403
4.187556028366089,0.9705283045768738,0.9638014435768127,0.795021116733551,40076
4.19762921333313,0.9705023765563965,0.9637744426727295,0.7948493361473083,40091
4.209771633148193,0.9704515933990479,0.9635209441184998,0.7945806980133057,40541
4.217740774154663,0.9705758690834045,0.9631232023239136,0.7944923043251038,40752
4.2274415493011475,0.9703997373580933,0.9635425209999084,0.7940773367881775,39395
4.238274812698364,0.970434844493866,0.9634152054786682,0.7939225435256958,40174
4.248775959014893,0.970445990562439,0.9633417129516602,0.7938264608383179,40345
4.258426904678345,0.9705149531364441,0.9631877541542053,0.7937831282615662,40341
4.267456531524658,0.9704865217208862,0.9630564451217651,0.7937757968902588,40321
4.2774834632873535,0.9705600142478943,0.9630334377288818,0.7937427163124084,40024
4.287417650222778,0.9706661701202393,0.9630910754203796,0.7935802340507507,40062
4.297645807266235,0.9707456231117249,0.9630790948867798,0.7934589982032776,39986
4.307607412338257,0.9708660840988159,0.9628580212593079,0.7934076189994812,40614
4.318299770355225,0.970881998538971,0.9626603126525879,0.7934084534645081,40419
4.327730655670166,0.9708765149116516,0.9625715613365173,0.7934262752532959,40187
4.337404727935791,0.9709183573722839,0.9626601338386536,0.7935156226158142,39976
4.347482919692993,0.971061646938324,0.962766706943512,0.7935014367103577,39794
4.36016845703125,0.9711475372314453,0.9626802206039429,0.7935512661933899,40274
4.367732763290405,0.971207857131958,0.962609589099884,0.7935606837272644,40210
4.378319978713989,0.9713417887687683,0.9624377489089966,0.7935435771942139,40470
4.387627124786377,0.9715107679367065,0.9623191952705383,0.7936515212059021,40391
4.3973143100738525,0.9715921878814697,0.9622452855110168,0.7938019633293152,40222
4.407732725143433,0.9716506600379944,0.9623081684112549,0.7940101623535156,39941
4.417452335357666,0.9717236161231995,0.9623745679855347,0.7941699028015137,40095
4.427759647369385,0.9718325734138489,0.9623120427131653,0.7943012118339539,40210
4.437481641769409,0.9719421863555908,0.9621555805206299,0.7944146990776062,40335
4.447251081466675,0.9720285534858704,0.9619024991989136,0.794562578201294,40595
4.457794666290283,0.9721051454544067,0.9617891311645508,0.7948369979858398,40168
4.4679741859436035,0.9722380042076111,0.9616861939430237,0.7951363325119019,40365
4.477968215942383,0.9723569750785828,0.9617016315460205,0.7955416440963745,40193
4.488082647323608,0.9726080298423767,0.9614891409873962,0.7958559393882751,40414
4.497610569000244,0.972782552242279,0.9614316821098328,0.7962806224822998,40280
4.507714033126831,0.9729281067848206,0.9613669514656067,0.7964857220649719,40212
4.518282413482666,0.9730531573295593,0.9612557888031006,0.7967653274536133,40286
4.527686357498169,0.9730806350708008,0.9613449573516846,0.7971309423446655,40039
4.539133787155151,0.9732436537742615,0.9613789319992065,0.797508955001831,40136
4.547854661941528,0.973388671875,0.9614066481590271,0.7979375123977661,40181
4.558488607406616,0.9736232161521912,0.9614639282226562,0.7982452511787415,40067
4.567718744277954,0.9738166928291321,0.9616311192512512,0.7985830307006836,39802
4.578108072280884,0.973990797996521,0.9616963863372803,0.7990244626998901,40092
4.587772846221924,0.974107027053833,0.9617006778717041,0.7994180917739868,40281
4.597898960113525,0.9741936922073364,0.9615453481674194,0.7998567819595337,40364
4.6078033447265625,0.9743342995643616,0.9615113735198975,0.8002943992614746,40237
4.6175291538238525,0.9745276570320129,0.9617758393287659,0.8007755279541016,39712
4.628368616104126,0.9747892618179321,0.9619042873382568,0.8013291954994202,40078
4.637669086456299,0.9749614596366882,0.9619503021240234,0.801851749420166,40038
4.647751808166504,0.9750584959983826,0.9619688987731934,0.8023651242256165,40195
4.65777063369751,0.9752759337425232,0.9616557955741882,0.8030427694320679,40802
4.668131113052368,0.9754725098609924,0.9615832567214966,0.8036836385726929,40328
4.6775712966918945,0.9756641387939453,0.961558997631073,0.8042656183242798,40188
4.687400817871094,0.9758856892585754,0.9616563320159912,0.8048062920570374,39836
4.698362588882446,0.9760297536849976,0.9616926908493042,0.8054167628288269,40146
4.708918333053589,0.9763150811195374,0.9619808197021484,0.8059945702552795,39849
4.719985246658325,0.9765925407409668,0.9618759751319885,0.8066577911376953,40407
4.728712558746338,0.9769248962402344,0.9617608189582825,0.8072816729545593,40496
4.738465785980225,0.9770128130912781,0.9619424343109131,0.807887077331543,39716
4.747244596481323,0.9772571921348572,0.9618192315101624,0.8087269067764282,40374
4.757653713226318,0.9774954915046692,0.961899995803833,0.8093557953834534,40105
4.767431735992432,0.97780442237854,0.961714506149292,0.8102455735206604,40508
4.777465105056763,0.9780803918838501,0.9617241621017456,0.8110356330871582,40202
4.787590742111206,0.9784299731254578,0.9618832468986511,0.8116613030433655,39924
4.797408580780029,0.9786761403083801,0.9618090391159058,0.8124464750289917,40317
4.807565927505493,0.9787840247154236,0.9619026184082031,0.8132069110870361,40038
4.818418025970459,0.979030966758728,0.9619435667991638,0.8139926195144653,40119
4.827678680419922,0.9793791174888611,0.9620599746704102,0.8148154616355896,40138
4.837546110153198,0.9796320796012878,0.9620411992073059,0.8155282139778137,40216
4.84943413734436,0.9799288511276245,0.9623605012893677,0.8163615465164185,39887
4.858512878417969,0.9802595973014832,0.9620199203491211,0.8173226714134216,40702
4.868595123291016,0.9805933833122253,0.9618526101112366,0.8181136846542358,40666
4.878554821014404,0.9807946681976318,0.9618961811065674,0.8189871311187744,40026
4.887722015380859,0.9811162948608398,0.9618938565254211,0.819800078868866,40181
4.897371530532837,0.9813835620880127,0.9619462490081787,0.8206782937049866,40209
4.907714605331421,0.9815980792045593,0.9624704718589783,0.8214932084083557,39411
4.9197022914886475,0.982063889503479,0.962489664554596,0.8224494457244873,40083
4.928821086883545,0.982351541519165,0.9625021815299988,0.8232476711273193,40364
4.937637090682983,0.982687771320343,0.9621168375015259,0.8243587017059326,40689
4.9474241733551025,0.982886016368866,0.9620571136474609,0.8252496719360352,40418
4.958111524581909,0.9832137823104858,0.9621245861053467,0.8261775970458984,40126
4.967909574508667,0.9835742712020874,0.9624524712562561,0.8270481824874878,39735
4.9789934158325195,0.9840170741081238,0.9623782634735107,0.8279829621315002,40392
4.987591028213501,0.9842113256454468,0.962552011013031,0.8289608359336853,40202
4.997560262680054,0.984421968460083,0.9624717235565186,0.8300130367279053,40356
5.0073277950286865,0.9848015904426575,0.9621666073799133,0.8311010003089905,40825
5.018614768981934,0.9851340651512146,0.9623291492462158,0.832015872001648,40018
5.0275068283081055,0.9856337904930115,0.962134599685669,0.8330129981040955,40470
5.037205696105957,0.9860812425613403,0.9619781970977783,0.834112286567688,40413
5.047276496887207,0.9861360192298889,0.9625341892242432,0.8348631262779236,39468
5.05736780166626,0.9864612817764282,0.9624202847480774,0.8359875082969666,40369
5.067087650299072,0.9868528246879578,0.9623801708221436,0.8371959328651428,40687
5.0784971714019775,0.9872376918792725,0.9622983932495117,0.8382303714752197,40417
5.08842396736145,0.9875816702842712,0.9623375535011292,0.8391075134277344,40303
5.09783935546875,0.9878027439117432,0.9625971913337708,0.8401089310646057,39787
5.108386754989624,0.9882580041885376,0.9628174304962158,0.8412161469459534,39773
5.117701292037964,0.9885412454605103,0.9627912640571594,0.8421985507011414,40533
5.127336263656616,0.9888945817947388,0.9627721309661865,0.8432669043540955,40364
5.137619733810425,0.9893150925636292,0.9627417922019958,0.8443002700805664,40385
5.1475794315338135,0.9896325469017029,0.9624117612838745,0.845538318157196,40838
5.157463550567627,0.9899827241897583,0.9627323150634766,0.8464632630348206,39975
5.16743803024292,0.9904235005378723,0.9627939462661743,0.8475457429885864,39956
5.17757511138916,0.9906604290008545,0.9629367589950562,0.8486184477806091,40303
5.1876540184021,0.9911036491394043,0.9625510573387146,0.8498222231864929,40795
5.197389841079712,0.9913498759269714,0.9629529118537903,0.8507846593856812,39500
5.208169460296631,0.9918017983436584,0.9629536271095276,0.8521226644515991,40482
5.218312978744507,0.9922052621841431,0.9629778265953064,0.8530974984169006,40434
5.227463483810425,0.9925459027290344,0.9630684852600098,0.854059636592865,40074
5.238373756408691,0.9929012060165405,0.9630798697471619,0.8552130460739136,40157
5.2483344078063965,0.9932848811149597,0.9632897973060608,0.85640549659729,40066
5.258297681808472,0.9936228394508362,0.9633629322052002,0.8573400378227234,40261
5.267590522766113,0.9940341114997864,0.9632633328437805,0.858598530292511,40494
5.278298616409302,0.9944430589675903,0.9631512761116028,0.8597530126571655,40662
5.288315773010254,0.9947397112846375,0.9636973738670349,0.860854983329773,39391
5.298343658447266,0.9951326251029968,0.9638139009475708,0.8618015646934509,39899
5.308569431304932,0.9954715967178345,0.96375972032547,0.8629264831542969,40402
5.317728281021118,0.9959133267402649,0.9637429118156433,0.8641179800033569,40526
5.328001499176025,0.9963744282722473,0.9633736610412598,0.8654090762138367,40786
5.337941884994507,0.9967696070671082,0.9637750387191772,0.8664966821670532,39481
5.347737550735474,0.9970281720161438,0.9640554189682007,0.8675513863563538,39826
5.357649803161621,0.9974340796470642,0.964068591594696,0.868701159954071,40451
5.367510557174683,0.9978200793266296,0.9637885689735413,0.8698427677154541,40903
5.378554105758667,0.998214840888977,0.9637394547462463,0.8709465265274048,40368
5.388491630554199,0.9987267851829529,0.9638504981994629,0.8723012208938599,39889
5.397475242614746,0.9991827011108398,0.964134693145752,0.8733335733413696,39838
5.408271312713623,0.999417245388031,0.9643763899803162,0.8744872808456421,39792
5.41731333732605,0.9997381567955017,0.9645605683326721,0.8756954073905945,40329
5.427710056304932,1.000182867050171,0.9645935297012329,0.8767952919006348,40176
5.4374425411224365,1.0006531476974487,0.964484453201294,0.8778405785560608,40407
5.447457551956177,1.0011539459228516,0.9641707539558411,0.8790455460548401,40805
5.45778751373291,1.0014928579330444,0.9643351435661316,0.880313515663147,39959
5.467928171157837,1.001863718032837,0.9647390842437744,0.8814192414283752,39545
5.477680206298828,1.0022943019866943,0.9647741913795471,0.8826246857643127,40191
5.487549304962158,1.002650499343872,0.9646697640419006,0.8838714957237244,40521
5.4977569580078125,1.0029869079589844,0.9646912813186646,0.884965181350708,40196
5.507562160491943,1.0034962892532349,0.9647708535194397,0.8862214684486389,39940
5.518226385116577,1.0039269924163818,0.9647886157035828,0.8873637318611145,40424
5.5278027057647705,1.004341959953308,0.9647846221923828,0.8884037137031555,40266
5.537245750427246,1.004635214805603,0.9646234512329102,0.8897149562835693,40525
5.547215700149536,1.0050888061523438,0.9648358225822449,0.8909611105918884,39753
5.558588266372681,1.0054357051849365,0.9651930928230286,0.8919721841812134,39545
5.567608594894409,1.0059258937835693,0.964905858039856,0.8932685852050781,40931
5.577561616897583,1.0062596797943115,0.9648104310035706,0.8944270610809326,40470
5.5872862339019775,1.0066847801208496,0.964907705783844,0.8955925703048706,39732
5.597527742385864,1.0070551633834839,0.9651459455490112,0.8967496156692505,39921
5.607532024383545,1.0075806379318237,0.9648575186729431,0.8979648351669312,40846
5.617168426513672,1.0079066753387451,0.9651362895965576,0.8990874886512756,39819
5.628671407699585,1.008278250694275,0.9649867415428162,0.9004596471786499,40269
5.637691259384155,1.0086941719055176,0.965165376663208,0.9016032218933105,39975
5.648467779159546,1.0090593099594116,0.9650687575340271,0.9027764797210693,40517
5.657704830169678,1.0097392797470093,0.9643830060958862,0.9040893316268921,41290
5.667629957199097,1.0098956823349,0.9646584391593933,0.9051105380058289,39653
5.677668333053589,1.0103223323822021,0.9645170569419861,0.9065279960632324,40342
5.6882829666137695,1.0106958150863647,0.9648070931434631,0.9076156616210938,39882
5.697692394256592,1.0109995603561401,0.9649193286895752,0.9087193608283997,39851
5.707672834396362,1.0114399194717407,0.9648652672767639,0.9098712801933289,40394
5.718597412109375,1.0118328332901,0.9646592736244202,0.9110440611839294,40650
5.7278172969818115,1.0121768712997437,0.9646425843238831,0.9121139049530029,40285
5.738830327987671,1.0126253366470337,0.9645624756813049,0.9134100675582886,40075
5.747738838195801,1.0130352973937988,0.964594841003418,0.9145956039428711,40206
5.758403539657593,1.013382911682129,0.9646983742713928,0.9156383872032166,40145
5.767419338226318,1.0136934518814087,0.9646360278129578,0.916890025138855,40143
5.777273178100586,1.0140469074249268,0.9649313688278198,0.9179819226264954,39774
5.7876176834106445,1.0144588947296143,0.9648430347442627,0.9189059734344482,40508
5.797529697418213,1.0150715112686157,0.964222252368927,0.9202285408973694,41130
5.807849407196045,1.015188217163086,0.9642460346221924,0.9213065505027771,40128
5.818371534347534,1.0155813694000244,0.9643654823303223,0.9225017428398132,40005
5.827556610107422,1.0159099102020264,0.964721143245697,0.9235605597496033,39725
5.8376145362854,1.0163511037826538,0.9645999670028687,0.9246469736099243,40256
5.847672462463379,1.0167912244796753,0.964099109172821,0.9259020090103149,41137
5.857649803161621,1.0171653032302856,0.9638395309448242,0.9269444942474365,40741
5.867712020874023,1.0174331665039062,0.9638481736183167,0.9279638528823853,39873
5.877739191055298,1.0179296731948853,0.9640182256698608,0.9289657473564148,39917
5.887487411499023,1.0182769298553467,0.964008092880249,0.9301332831382751,40409
5.8983423709869385,1.0185561180114746,0.9640405774116516,0.9311658143997192,40126
5.908467531204224,1.0189213752746582,0.9637412428855896,0.9324315786361694,40631
5.917559385299683,1.0193027257919312,0.9637050032615662,0.9333785772323608,40422
5.928454160690308,1.0197601318359375,0.9637114405632019,0.9343789219856262,40172
5.938563823699951,1.0200674533843994,0.963577389717102,0.9352940917015076,40085
5.947620391845703,1.020409107208252,0.9635431170463562,0.9362898468971252,40609
5.957680702209473,1.0206621885299683,0.9634783267974854,0.9373224377632141,40353
5.967581510543823,1.0210288763046265,0.9634780287742615,0.9385001063346863,40061
5.977401971817017,1.0213814973831177,0.9634326696395874,0.9396339058876038,40248
5.9873082637786865,1.0217140913009644,0.9635442495346069,0.9405207633972168,40134
5.997583866119385,1.02220618724823,0.9632274508476257,0.9413471817970276,40553
6.007714748382568,1.0226249694824219,0.9630159139633179,0.942345917224884,40643
6.017427921295166,1.022935390472412,0.9627507925033569,0.9432790875434875,40713
6.0278074741363525,1.023337721824646,0.9625366926193237,0.9443680644035339,40449
6.037597417831421,1.023699164390564,0.9627541303634644,0.9455201625823975,39849
6.048177480697632,1.024046778678894,0.9627624750137329,0.9464331269264221,40237
6.058196306228638,1.0244848728179932,0.9625839591026306,0.9472306966781616,40357
6.067357778549194,1.0248502492904663,0.9623302221298218,0.9481034874916077,40750
6.0783796310424805,1.0250924825668335,0.9621002078056335,0.949039101600647,40633
6.0876665115356445,1.0255627632141113,0.9619470238685608,0.9499785900115967,40427
6.0973827838897705,1.0257482528686523,0.9622241258621216,0.9508574604988098,39724
6.10767126083374,1.026246190071106,0.9621074795722961,0.9520033597946167,40416
6.117695331573486,1.0265412330627441,0.961992621421814,0.9528939127922058,40303
6.1283183097839355,1.0268259048461914,0.9618109464645386,0.9535403847694397,40441
6.1382362842559814,1.0274012088775635,0.9616346955299377,0.9544785022735596,40770
6.1486029624938965,1.0276204347610474,0.9614598751068115,0.9552000761032104,40535
6.15723991394043,1.0280591249465942,0.9612566828727722,0.9561842083930969,40398
6.167171001434326,1.028279423713684,0.9614473581314087,0.9571794271469116,40004
6.177624940872192,1.0285941362380981,0.9610822796821594,0.9580977559089661,40899
6.187517881393433,1.0288519859313965,0.9612722396850586,0.9589461088180542,39776
6.197291374206543,1.029315710067749,0.9613851308822632,0.9597203135490417,40142
6.207738876342773,1.0296303033828735,0.9612874388694763,0.9604266285896301,40532
6.217552661895752,1.0298831462860107,0.9609125256538391,0.9611737132072449,40781
6.227789878845215,1.030341625213623,0.9605118632316589,0.9620896577835083,40904
6.238396644592285,1.030706763267517,0.960303783416748,0.9628668427467346,40635
6.2486138343811035,1.0310145616531372,0.9604344964027405,0.9636614918708801,39820
6.257836580276489,1.0312923192977905,0.960483729839325,0.9645692110061646,40246
6.267605781555176,1.0318504571914673,0.9606447219848633,0.9652917981147766,40044
6.277454614639282,1.0320849418640137,0.9605090022087097,0.9660864472389221,40424
6.287482500076294,1.0322391986846924,0.960135281085968,0.9668572545051575,40828
6.298332214355469,1.0326597690582275,0.9600938558578491,0.9675693511962891,40532
6.3076934814453125,1.0328401327133179,0.9601508975028992,0.9683462381362915,40095
6.317928075790405,1.0332303047180176,0.9601786732673645,0.9691513776779175,40183
6.328626871109009,1.0335136651992798,0.9602935910224915,0.969859778881073,40153
6.337981462478638,1.0337178707122803,0.9607603549957275,0.9704506397247314,39564
6.3477113246917725,1.0339558124542236,0.9606568217277527,0.971050500869751,40406
6.35720682144165,1.0341588258743286,0.9601843953132629,0.9718984365463257,41265
6.367455959320068,1.0346078872680664,0.9599366784095764,0.972682535648346,40478
6.3775999546051025,1.034820556640625,0.9599265456199646,0.9732756018638611,40220
6.387312173843384,1.035237193107605,0.9603825807571411,0.9740873575210571,39657
6.3977484703063965,1.0355242490768433,0.9605910778045654,0.9746881127357483,39944
6.407533884048462,1.0359106063842773,0.9604066610336304,0.9753943085670471,40703
6.417711973190308,1.0360409021377563,0.9605770111083984,0.9760186672210693,40032
6.428571701049805,1.0361214876174927,0.9606496691703796,0.9764975309371948,40148
6.437497138977051,1.0363849401474,0.9600488543510437,0.9775647521018982,41426
6.447511434555054,1.036657691001892,0.9603594541549683,0.9782965779304504,39602
6.478933095932007,1.036944031715393,0.9605118632316589,0.9788395166397095,40100
6.4844677448272705,1.037109136581421,0.9604759812355042,0.9795269966125488,40524
6.4911110401153564,1.0374629497528076,0.9610344767570496,0.9799134731292725,39318
6.497667074203491,1.0376837253570557,0.9610506296157837,0.9805116653442383,40286
6.503512382507324,1.0379016399383545,0.9609934091567993,0.981123685836792,40604
6.509375810623169,1.0381940603256226,0.9608302116394043,0.9816269278526306,40513
6.518047332763672,1.0384644269943237,0.960760235786438,0.9822466969490051,40449
6.52782130241394,1.0386496782302856,0.9609655141830444,0.9827871322631836,39824
6.537158727645874,1.038766622543335,0.9611274003982544,0.9832936525344849,40187
6.547250747680664,1.039048671722412,0.9613789319992065,0.9839033484458923,39966
6.558708906173706,1.0393736362457275,0.9614549875259399,0.9843522906303406,40183
6.567680597305298,1.0396006107330322,0.9611867666244507,0.9850531220436096,40775
6.577555894851685,1.039766788482666,0.9612757563591003,0.9854370355606079,40212
6.588455438613892,1.0400240421295166,0.9612730145454407,0.9859666228294373,40368
6.597517967224121,1.0402082204818726,0.9615050554275513,0.9864751696586609,39897
6.607679605484009,1.0404534339904785,0.9615792036056519,0.9868358969688416,40182
6.61766505241394,1.0406094789505005,0.9617918729782104,0.9872562885284424,40122
6.627789258956909,1.040848970413208,0.9618890881538391,0.9876638650894165,39919
6.637767314910889,1.0410796403884888,0.961672842502594,0.9882596135139465,40787
6.6486756801605225,1.0412380695343018,0.9617058038711548,0.9886314868927002,40392
6.6587183475494385,1.0414214134216309,0.961763322353363,0.9891154170036316,40192
6.668575286865234,1.0415772199630737,0.9621304869651794,0.9893874526023865,39625
6.677667856216431,1.041786789894104,0.9622761607170105,0.989981472492218,40067
6.6884942054748535,1.0418721437454224,0.9626008868217468,0.9901784658432007,39809
6.697887659072876,1.0420012474060059,0.9628137946128845,0.9904366135597229,40044
6.707790374755859,1.042102575302124,0.9629457592964172,0.9907814860343933,40180
6.71899938583374,1.0422310829162598,0.962928295135498,0.9910854697227478,40158
6.728634595870972,1.0423555374145508,0.9628918170928955,0.9915518760681152,40439
6.738404035568237,1.0424001216888428,0.962863028049469,0.9921417832374573,40402
6.748005151748657,1.042560338973999,0.9631626605987549,0.9924715757369995,39716
6.757803440093994,1.0427840948104858,0.9631158709526062,0.9929364919662476,40267
6.767842531204224,1.0429307222366333,0.9632872939109802,0.9932517409324646,40183
6.778514862060547,1.0430206060409546,0.9633735418319702,0.9935277104377747,40050
6.78870964050293,1.043161153793335,0.9633387923240662,0.9937803745269775,40250
6.797807693481445,1.0433183908462524,0.9636473059654236,0.9940882325172424,39793
6.808790922164917,1.0434095859527588,0.9637913107872009,0.9944123029708862,40122
6.8185107707977295,1.0435307025909424,0.9639370441436768,0.9947789907455444,39867
6.82866907119751,1.0436038970947266,0.9641432166099548,0.9950751066207886,40000
6.837671279907227,1.0437158346176147,0.9641960859298706,0.9954712986946106,40241
6.848461389541626,1.0437253713607788,0.9643970131874084,0.9957713484764099,39869
6.85778021812439,1.0437442064285278,0.9644380807876587,0.9960596561431885,40136
6.8683507442474365,1.043779969215393,0.9645301699638367,0.9963431358337402,40010
6.878521919250488,1.043826699256897,0.9646034240722656,0.9965773224830627,40159
6.887909412384033,1.043818712234497,0.9646581411361694,0.9971916079521179,40198
6.898200511932373,1.0439059734344482,0.9649344682693481,0.9975155591964722,39818
6.907750606536865,1.0439728498458862,0.9651181101799011,0.9977976679801941,39767
6.918440580368042,1.0438812971115112,0.9652112126350403,0.9980232119560242,40133
6.927320241928101,1.0439285039901733,0.9652419090270996,0.9983429908752441,40277
6.937469959259033,1.0441404581069946,0.9655917882919312,0.9986883401870728,39504
6.947487831115723,1.0441758632659912,0.965742826461792,0.9989909529685974,39897
6.957598686218262,1.0442062616348267,0.9659357070922852,0.9993422031402588,40000
6.967804431915283,1.0443061590194702,0.9661315083503723,0.9997091889381409,39944
6.977577447891235,1.0443365573883057,0.9659993648529053,1.000117540359497,40243
6.987544298171997,1.0443847179412842,0.9660088419914246,1.0006937980651855,40240
6.997695446014404,1.0442848205566406,0.965924859046936,1.0009773969650269,40340
7.007500410079956,1.0442862510681152,0.9660103917121887,1.0013132095336914,39955
7.017638444900513,1.0443305969238281,0.9662047028541565,1.001598596572876,39817
7.027385234832764,1.044335961341858,0.9663053154945374,1.0021300315856934,40115
7.037642955780029,1.044216513633728,0.9665683507919312,1.0024631023406982,39695
7.0472187995910645,1.0442705154418945,0.9665074944496155,1.0028880834579468,40198
7.058403015136719,1.0443120002746582,0.966716468334198,1.0031872987747192,39883
7.067424774169922,1.044419765472412,0.9668133854866028,1.003597378730774,40015
7.077644348144531,1.0444185733795166,0.9668905735015869,1.0039634704589844,39987
7.087594985961914,1.0444380044937134,0.9668352007865906,1.0044535398483276,40244
7.097424507141113,1.044357180595398,0.9668570160865784,1.004866123199463,40178
7.1082963943481445,1.044343113899231,0.9669954180717468,1.005194067955017,39957
7.117496967315674,1.0443220138549805,0.967130720615387,1.005584955215454,39876
7.128528594970703,1.0443799495697021,0.967236340045929,1.005995512008667,39890
7.138272762298584,1.0442931652069092,0.966859757900238,1.0065431594848633,40865
7.147712469100952,1.0441453456878662,0.9670714735984802,1.006976842880249,39835
7.158424377441406,1.0440305471420288,0.967154324054718,1.0074362754821777,39871
7.16724157333374,1.044068455696106,0.9673993587493896,1.0077800750732422,39793
7.177947282791138,1.0440189838409424,0.9674683213233948,1.0081757307052612,40096
7.187495708465576,1.0440454483032227,0.9675783514976501,1.0086417198181152,39979
7.1974265575408936,1.0438933372497559,0.9675284028053284,1.0091466903686523,40070
7.2073752880096436,1.0437577962875366,0.967477560043335,1.0094720125198364,40378
7.21855354309082,1.0436632633209229,0.9674023985862732,1.010140299797058,40337
7.22739052772522,1.0435841083526611,0.9674552083015442,1.0106029510498047,40012
7.237500190734863,1.043534278869629,0.9675323367118835,1.0111753940582275,39883
7.248558521270752,1.0435751676559448,0.9673788547515869,1.011804461479187,40451
7.257668733596802,1.0433660745620728,0.9673269391059875,1.0122615098953247,40343
7.267484903335571,1.0432175397872925,0.9677139520645142,1.01265287399292,39418
7.278777599334717,1.0431897640228271,0.9677612781524658,1.0131522417068481,40011
7.287593126296997,1.043021321296692,0.9676017761230469,1.0139427185058594,40478
7.298598766326904,1.0428860187530518,0.967552125453949,1.0146220922470093,40242
7.3078179359436035,1.0428143739700317,0.9675543904304504,1.0151355266571045,40119
7.317633628845215,1.042604923248291,0.9675322771072388,1.0156842470169067,40114
7.327680826187134,1.042495846748352,0.9676296710968018,1.016135811805725,39991
7.3377063274383545,1.042575478553772,0.967399001121521,1.0168240070343018,40567
7.348167657852173,1.0424283742904663,0.9678043723106384,1.0174123048782349,39512
7.357892990112305,1.0421310663223267,0.9680358171463013,1.0179301500320435,39665
7.367360591888428,1.0419774055480957,0.9681906700134277,1.0185538530349731,40010
7.377610445022583,1.0417835712432861,0.968080997467041,1.0191627740859985,40397
7.388875484466553,1.0416996479034424,0.9682501554489136,1.0197464227676392,39885
7.397943496704102,1.0415339469909668,0.968314528465271,1.0204579830169678,39984
7.40789532661438,1.041493535041809,0.9682955741882324,1.0210431814193726,40207
7.41855788230896,1.0412958860397339,0.9684934616088867,1.0216583013534546,39797
7.428997039794922,1.0412242412567139,0.9685518741607666,1.0223917961120605,40063
7.437636375427246,1.0410181283950806,0.9683893918991089,1.0232030153274536,40420
7.447547435760498,1.040710210800171,0.9687259197235107,1.023857593536377,39568
7.457731246948242,1.0405575037002563,0.9688503742218018,1.0245424509048462,39968
7.467890501022339,1.040401577949524,0.9688870906829834,1.0254055261611938,40095
7.477453708648682,1.0403501987457275,0.9691186547279358,1.0260305404663086,39796
7.48732852935791,1.040250539779663,0.9693114161491394,1.0265861749649048,39797
7.497506618499756,1.0400257110595703,0.969237744808197,1.0272934436798096,40356
7.507377862930298,1.0397415161132812,0.9691044092178345,1.028269648551941,40320
7.517682790756226,1.0396369695663452,0.9690985083580017,1.029195785522461,40064
7.527506351470947,1.0394814014434814,0.9695888757705688,1.0296162366867065,39371
7.537443399429321,1.0393285751342773,0.9697332382202148,1.0304315090179443,39954
7.54801607131958,1.0392283201217651,0.9697595238685608,1.0312939882278442,40107
7.557610750198364,1.0391453504562378,0.9697994589805603,1.0322028398513794,40076
7.567641019821167,1.0387864112854004,0.9695832133293152,1.032978892326355,40483
7.577710390090942,1.0384609699249268,0.9697359800338745,1.0334092378616333,39856
7.588351011276245,1.0385940074920654,0.969510018825531,1.0344367027282715,40536
7.597960472106934,1.0384397506713867,0.9699788093566895,1.0353741645812988,39406
7.6087048053741455,1.0383585691452026,0.9702197313308716,1.0362510681152344,39587
7.617393970489502,1.0380686521530151,0.9700874090194702,1.0370745658874512,40409
7.627339124679565,1.0379160642623901,0.9704403877258301,1.0377147197723389,39638
7.637274742126465,1.0376920700073242,0.9703664183616638,1.0385974645614624,40218
7.647527694702148,1.0376821756362915,0.9700121879577637,1.039697527885437,40743
7.657529354095459,1.037792444229126,0.9702392816543579,1.040473222732544,39729
7.667680978775024,1.0374422073364258,0.9706025123596191,1.041150689125061,39485
7.6775994300842285,1.037221908569336,0.9705824255943298,1.0421591997146606,40213
7.687492609024048,1.0370519161224365,0.9707114100456238,1.0432534217834473,39936
7.697301387786865,1.0369393825531006,0.9708425402641296,1.043957233428955,39860
7.707802057266235,1.0368283987045288,0.9710004329681396,1.0447945594787598,39865
7.718419790267944,1.0367193222045898,0.9704670310020447,1.0460492372512817,40936
7.727661371231079,1.0366930961608887,0.970650851726532,1.0468212366104126,39892
7.738483667373657,1.0364080667495728,0.9708414077758789,1.0476350784301758,39754
7.747464656829834,1.0361855030059814,0.9710025787353516,1.0485436916351318,39808
7.757949352264404,1.0361430644989014,0.9711654186248779,1.0495250225067139,39842
7.767848491668701,1.0360586643218994,0.9713989496231079,1.0504618883132935,39769
7.777727842330933,1.0359126329421997,0.9714610576629639,1.0512332916259766,39974
7.788067817687988,1.0358325242996216,0.9711886644363403,1.052475929260254,40538
7.797997236251831,1.0356807708740234,0.9713841080665588,1.053385615348816,39807
7.808353662490845,1.03553307056427,0.9712478518486023,1.054543375968933,40266
7.817681550979614,1.0354560613632202,0.9714370369911194,1.0554380416870117,39825
7.828373670578003,1.0351694822311401,0.9713952541351318,1.056274175643921,40182
7.838488817214966,1.03506338596344,0.9711276888847351,1.0577678680419922,40571
7.84764289855957,1.0350488424301147,0.9713847637176514,1.0586047172546387,39674
7.85779595375061,1.0349055528640747,0.971304714679718,1.059543490409851,40139
7.867486476898193,1.0349217653274536,0.9714381694793701,1.0605138540267944,39924
7.877296209335327,1.0345808267593384,0.9714087843894958,1.0614758729934692,40162
7.887505769729614,1.034508228302002,0.9716260433197021,1.0624090433120728,39796
7.897443771362305,1.0345067977905273,0.9714446067810059,1.0637286901474,40325
7.907291650772095,1.0344523191452026,0.9717100858688354,1.0647882223129272,39683
7.917487859725952,1.0343540906906128,0.9716103672981262,1.0657811164855957,40207
7.927609205245972,1.0342040061950684,0.9715773463249207,1.0668340921401978,40196
7.937613487243652,1.0340884923934937,0.9717006683349609,1.0678099393844604,39908
7.947563886642456,1.034016489982605,0.9715180397033691,1.0691475868225098,40408
7.957697629928589,1.033874273300171,0.9716110229492188,1.070173740386963,40021
7.967683792114258,1.033766508102417,0.9714831709861755,1.0713112354278564,40223
7.977563858032227,1.0336878299713135,0.971505880355835,1.0725393295288086,40007
7.9879372119903564,1.033557415008545,0.9715624451637268,1.0734119415283203,39999
7.99761700630188,1.03372061252594,0.9711486101150513,1.0746084451675415,40876
8.008399248123169,1.0335613489151,0.9714043736457825,1.075960636138916,39690
8.01849913597107,1.0334290266036987,0.9711900949478149,1.0771245956420898,40420
8.02774977684021,1.0334060192108154,0.9712114930152893,1.078189492225647,40055
8.078713178634644,1.033226728439331,0.9712057113647461,1.0794018507003784,40066
8.085240840911865,1.0333287715911865,0.9712926149368286,1.0806218385696411,39993
8.090763568878174,1.0332447290420532,0.9713845252990723,1.0817400217056274,39965
8.096972227096558,1.033121109008789,0.9712778329849243,1.082913875579834,40361
8.102786302566528,1.0330474376678467,0.9712126851081848,1.0841307640075684,40230
8.109044790267944,1.032958984375,0.971095621585846,1.0852992534637451,40270
8.114678621292114,1.032905101776123,0.9710906147956848,1.0866189002990723,40089
8.12051510810852,1.032729148864746,0.9708625078201294,1.0879008769989014,40529
8.126471757888794,1.0327988862991333,0.9709222316741943,1.0890541076660156,40075
8.1326162815094,1.0326645374298096,0.9709750413894653,1.090061902999878,40009
8.138176202774048,1.0326893329620361,0.9707444906234741,1.0915453433990479,40550
8.147399187088013,1.032633900642395,0.9707398414611816,1.0927520990371704,40182
8.1574227809906,1.0324976444244385,0.970588743686676,1.0938619375228882,40271
8.168015956878662,1.0324716567993164,0.9706317782402039,1.095134973526001,40125
8.17770266532898,1.0324605703353882,0.9704916477203369,1.096445918083191,40375
8.187384366989136,1.0324385166168213,0.9704927206039429,1.0977191925048828,40198
8.197577476501465,1.0322904586791992,0.970446765422821,1.098906397819519,40279
8.208342790603638,1.0323922634124756,0.9704365134239197,1.1000795364379883,40148
8.217955350875854,1.032243013381958,0.9703191518783569,1.1013219356536865,40336
8.227699995040894,1.032234787940979,0.9701612591743469,1.1027270555496216,40366
8.23841643333435,1.0321414470672607,0.9702061414718628,1.1039873361587524,40135
8.247942686080933,1.0319948196411133,0.9702866673469543,1.1052494049072266,40050
8.257598638534546,1.0320820808410645,0.9705442786216736,1.1064189672470093,39755
8.268074035644531,1.0320756435394287,0.9700883626937866,1.1077244281768799,40877
8.277621269226074,1.0320672988891602,0.9700181484222412,1.109014868736267,40351
8.287708044052124,1.0319372415542603,0.9698206186294556,1.110364556312561,40483
8.297599077224731,1.0319346189498901,0.9699718952178955,1.111476182937622,39939
8.308586120605469,1.0318458080291748,0.9699920415878296,1.1128605604171753,40077
8.317610740661621,1.0318512916564941,0.9699190258979797,1.1141940355300903,40309
8.328507900238037,1.0317076444625854,0.9700150489807129,1.1153795719146729,40048
8.3376145362854,1.0316846370697021,0.9698468446731567,1.1166752576828003,40437
8.347403287887573,1.0316842794418335,0.9700050950050354,1.1179218292236328,39970
8.358174324035645,1.0316007137298584,0.9696226119995117,1.1193232536315918,40812
8.368610143661499,1.0313891172409058,0.9697425365447998,1.1205636262893677,39972
8.378496646881104,1.0312665700912476,0.9696633219718933,1.1219160556793213,40341
8.388614177703857,1.0313141345977783,0.9699571132659912,1.1229968070983887,39681
8.397571563720703,1.0311279296875,0.969374418258667,1.1246033906936646,41148
8.407398223876953,1.0310159921646118,0.9696194529533386,1.1257777214050293,39790
8.41728162765503,1.0308212041854858,0.96940016746521,1.1270771026611328,40589
8.42739725112915,1.0308746099472046,0.9697586297988892,1.1283162832260132,39602
8.438201904296875,1.030868411064148,0.9695795774459839,1.1297110319137573,40470
8.447684288024902,1.0306161642074585,0.9695348143577576,1.1310476064682007,40358
8.457459926605225,1.0305465459823608,0.9697476625442505,1.1320587396621704,39805
8.467485666275024,1.0304268598556519,0.9698532819747925,1.133359432220459,40002
8.478126525878906,1.030348777770996,0.9699804782867432,1.1346970796585083,40037
8.488631248474121,1.0302571058273315,0.9695610404014587,1.1362154483795166,40886
8.498789548873901,1.030200481414795,0.9697794318199158,1.1372697353363037,39900
8.507695436477661,1.030031681060791,0.9696801900863647,1.1387406587600708,40350
8.51830267906189,1.0299994945526123,0.9697492718696594,1.1400169134140015,40118
8.527854204177856,1.0298824310302734,0.9696913957595825,1.1412222385406494,40304
8.53773021697998,1.029670238494873,0.9696638584136963,1.1426777839660645,40257
8.547761917114258,1.0297105312347412,0.9700809121131897,1.1438713073730469,39528
8.557602405548096,1.0295379161834717,0.9699628353118896,1.145153522491455,40399
8.567511796951294,1.0294091701507568,0.9702853560447693,1.146187424659729,39725
8.577476978302002,1.029369831085205,0.9699690341949463,1.1476212739944458,40687
8.58757996559143,1.029346227645874,0.9701490998268127,1.1489589214324951,39942
8.597515106201172,1.0291720628738403,0.9702154994010925,1.1502256393432617,40068
8.607645034790039,1.0290025472640991,0.9703887104988098,1.151295781135559,39980
8.617494583129883,1.0288540124893188,0.9701767563819885,1.1528996229171753,40557
8.627566576004028,1.028747797012329,0.9700784683227539,1.154178500175476,40378
8.638773441314697,1.0286128520965576,0.9704129695892334,1.1554144620895386,39619
8.64769196510315,1.0285216569900513,0.9701836705207825,1.1567784547805786,40595
8.657751321792603,1.0283502340316772,0.9705111980438232,1.1578086614608765,39662
8.66752004623413,1.0282714366912842,0.9705560803413391,1.159190058708191,40134
8.67750334739685,1.0281518697738647,0.9704099297523499,1.1605758666992188,40470
8.687280654907227,1.028001070022583,0.9705352783203125,1.161763310432434,40047
8.69732403755188,1.027958869934082,0.9705767631530762,1.1629756689071655,40088
8.707424879074097,1.0278122425079346,0.9706833958625793,1.1644052267074585,39998
8.717930316925049,1.0275702476501465,0.9703560471534729,1.1657634973526,40713
8.727745294570923,1.02748441696167,0.9705916047096252,1.1669319868087769,39828
8.73751187324524,1.0274083614349365,0.970691442489624,1.1681054830551147,40024
8.747452020645142,1.0273535251617432,0.9709908962249756,1.1694742441177368,39676
8.75764775276184,1.0271198749542236,0.9707922339439392,1.1708275079727173,40575
8.7684805393219,1.0269771814346313,0.9708619713783264,1.1720532178878784,40118
8.777558326721191,1.0268921852111816,0.9708694219589233,1.1733644008636475,40073
8.788511514663696,1.0266754627227783,0.9710073471069336,1.1745572090148926,39970
8.797840356826782,1.0265339612960815,0.9711156487464905,1.175961971282959,40002
8.807548761367798,1.026416301727295,0.9710701704025269,1.1773344278335571,40264
8.81889009475708,1.026289463043213,0.9713325500488281,1.1784967184066772,39801
8.828264713287354,1.0261286497116089,0.9716021418571472,1.1797192096710205,39724
8.837673664093018,1.0259653329849243,0.971423864364624,1.1813018321990967,40495
8.847837448120117,1.0258281230926514,0.9716625213623047,1.1824017763137817,39767
8.858127355575562,1.0257577896118164,0.9716482162475586,1.1838287115097046,40156
8.86735463142395,1.0256836414337158,0.9719255566596985,1.184996485710144,39702
8.878361940383911,1.0253829956054688,0.9718890190124512,1.1863797903060913,40259
8.888312816619873,1.025272250175476,0.9719919562339783,1.1878679990768433,39983
8.89852523803711,1.0251524448394775,0.9721251130104065,1.18902587890625,39924
8.908620595932007,1.0249804258346558,0.9721965193748474,1.1903817653656006,40025
8.917583465576172,1.0248453617095947,0.9722329378128052,1.1917543411254883,40097
8.927617311477661,1.024808406829834,0.9721092581748962,1.193151831626892,40349
8.937817811965942,1.0246199369430542,0.9725276231765747,1.1943352222442627,39418
8.948839902877808,1.0244523286819458,0.9723818302154541,1.1958811283111572,40372
8.95764946937561,1.0243043899536133,0.9726538062095642,1.1970324516296387,39755
8.967326402664185,1.0241855382919312,0.9724875688552856,1.1986470222473145,40378
8.977702379226685,1.0241997241973877,0.9729506373405457,1.199796438217163,39422
8.987773180007935,1.0238816738128662,0.9728457927703857,1.2012513875961304,40224
8.997773170471191,1.0238337516784668,0.9730938076972961,1.2025936841964722,39748
9.008607625961304,1.0237232446670532,0.973423421382904,1.2037181854248047,39545
9.018158435821533,1.0235384702682495,0.9731500744819641,1.205305576324463,40601
9.0277841091156,1.0234744548797607,0.9732927083969116,1.2066662311553955,39926
9.03765082359314,1.0232884883880615,0.9734639525413513,1.2079612016677856,39803
9.047368049621582,1.0231142044067383,0.9735445976257324,1.2092756032943726,39988
9.057551145553589,1.0229910612106323,0.9734298586845398,1.210900068283081,40226
9.067723989486694,1.0229263305664062,0.9735702872276306,1.2121111154556274,39871
9.077668905258179,1.0229346752166748,0.9739707112312317,1.2135356664657593,39427
9.087494611740112,1.0227234363555908,0.9742620587348938,1.2147449254989624,39641
9.09761905670166,1.0225884914398193,0.9742003083229065,1.2162543535232544,40242
9.10736346244812,1.0224751234054565,0.974155068397522,1.2176576852798462,40197
9.117459774017334,1.0223886966705322,0.9744189381599426,1.218947172164917,39640
9.127362251281738,1.0222328901290894,0.9744784235954285,1.2202496528625488,39983
9.137579917907715,1.0222026109695435,0.9744362831115723,1.2217210531234741,40168
9.147557258605957,1.0220940113067627,0.9745799899101257,1.2230701446533203,39861
9.157588481903076,1.0219916105270386,0.9749035835266113,1.224561333656311,39511
9.167534112930298,1.0218063592910767,0.9748358726501465,1.2258296012878418,40190
9.177380323410034,1.021756649017334,0.9745262265205383,1.2274127006530762,40598
9.187777280807495,1.021541714668274,0.9748150706291199,1.2286558151245117,39569
9.19743824005127,1.021488070487976,0.9749510884284973,1.2298660278320312,39782
9.207710981369019,1.0213916301727295,0.975064754486084,1.2312496900558472,39910
9.21741771697998,1.0213514566421509,0.9748905301094055,1.2328795194625854,40373
9.227755546569824,1.021154522895813,0.9750389456748962,1.234213948249817,39822
9.237749099731445,1.0209615230560303,0.975102424621582,1.235719919204712,39939
9.248120069503784,1.0209394693374634,0.9749099612236023,1.2370882034301758,40324
9.257984638214111,1.0208182334899902,0.974876880645752,1.238425850868225,40155
9.267752885818481,1.0207266807556152,0.9750360250473022,1.2397992610931396,39791
9.27755618095398,1.0206549167633057,0.9753664135932922,1.240908145904541,39512
9.287909507751465,1.0204390287399292,0.9753447771072388,1.2424160242080688,40063
9.297733545303345,1.0203919410705566,0.9753796458244324,1.243760585784912,40004
9.307764291763306,1.020216464996338,0.9753639101982117,1.2453221082687378,40007
9.317971229553223,1.0200175046920776,0.975579559803009,1.2465873956680298,39720
9.327701568603516,1.0198968648910522,0.9758221507072449,1.24806809425354,39586
9.337411642074585,1.0198562145233154,0.9755924344062805,1.2493335008621216,40412
9.34766674041748,1.019711971282959,0.9755721092224121,1.25094735622406,40122
9.357780694961548,1.0194791555404663,0.9757286906242371,1.2521612644195557,39783
9.368728637695312,1.0192482471466064,0.9759480953216553,1.2536118030548096,39679
9.377634286880493,1.0193086862564087,0.97564297914505,1.2550493478775024,40497
9.387546062469482,1.0192887783050537,0.9760435223579407,1.256559133529663,39351
9.397646427154541,1.01908540725708,0.9760398268699646,1.2578617334365845,40016
9.408607721328735,1.0189334154129028,0.9761438369750977,1.2591487169265747,39898
9.417537212371826,1.0185542106628418,0.9767903089523315,1.2602335214614868,38973
9.428483724594116,1.0187439918518066,0.9763484001159668,1.2620996236801147,40679
9.43745493888855,1.0185226202011108,0.9763428568840027,1.263355016708374,40020
9.448140621185303,1.0183438062667847,0.9766243696212769,1.2646849155426025,39469
9.45838737487793,1.0178332328796387,0.9771284461021423,1.2658233642578125,39186
9.467529535293579,1.0179499387741089,0.9765074253082275,1.2675292491912842,41011
9.47836709022522,1.0178591012954712,0.9763844609260559,1.268923282623291,40261
9.488120555877686,1.0175496339797974,0.9765889644622803,1.2702932357788086,39595
9.498409986495972,1.0171376466751099,0.9770539402961731,1.2713371515274048,39164
9.507359981536865,1.0171587467193604,0.9767742156982422,1.2729779481887817,40467
9.517632961273193,1.0169984102249146,0.9768643975257874,1.2742758989334106,39876
9.527358055114746,1.0167882442474365,0.9768527746200562,1.275589942932129,39933
9.537561655044556,1.0166265964508057,0.9773445129394531,1.2770463228225708,39165
9.547699689865112,1.0164251327514648,0.9767287969589233,1.278415322303772,40954
9.557808876037598,1.016110897064209,0.9771303534507751,1.280055284500122,39389
9.567597389221191,1.0159202814102173,0.9770662188529968,1.2812150716781616,40016
9.577909469604492,1.0157725811004639,0.9771862030029297,1.282473087310791,39780
9.58748197555542,1.0152145624160767,0.9773858189582825,1.2839465141296387,39641
9.597826957702637,1.0150920152664185,0.9772143363952637,1.285251259803772,40207
9.607622146606445,1.014785885810852,0.9775021076202393,1.2865523099899292,39491
9.617576360702515,1.014743685722351,0.9771659970283508,1.2880215644836426,40491
9.62721300125122,1.0141648054122925,0.977139413356781,1.2893736362457275,40028
9.637314558029175,1.0140115022659302,0.9771521091461182,1.2908811569213867,39918
9.64734435081482,1.0138810873031616,0.9775145649909973,1.291977047920227,39324
9.65863299369812,1.0135170221328735,0.9776322841644287,1.2932029962539673,39756
9.667460441589355,1.0133830308914185,0.9774042963981628,1.2948623895645142,40388
9.67765498161316,1.0130927562713623,0.9773330688476562,1.2960753440856934,40087
9.688493490219116,1.0125690698623657,0.9776778221130371,1.2972095012664795,39434
9.697435855865479,1.0124372243881226,0.9775430560112,1.2988868951797485,40156
9.707822561264038,1.0121382474899292,0.9774154424667358,1.300078272819519,40170
9.718276262283325,1.0117417573928833,0.9777091145515442,1.3014010190963745,39426
9.727790832519531,1.0115139484405518,0.9776344895362854,1.3026963472366333,40052
9.737704515457153,1.0108647346496582,0.977981686592102,1.3037316799163818,39396
9.74856162071228,1.010777235031128,0.9776466488838196,1.3054389953613281,40474
9.757624864578247,1.01028573513031,0.9776186943054199,1.306577444076538,39962
9.768511533737183,1.0100843906402588,0.9772916436195374,1.3080226182937622,40444
9.778521060943604,1.0096181631088257,0.9775702357292175,1.3092786073684692,39519
9.787534475326538,1.0091043710708618,0.9777185320854187,1.3105520009994507,39660
9.798439741134644,1.0088173151016235,0.9775519371032715,1.3118114471435547,40242
9.807840347290039,1.0088508129119873,0.9774290323257446,1.3131651878356934,40161
9.817567825317383,1.0077526569366455,0.9780413508415222,1.3140774965286255,38935
9.828369855880737,1.006973385810852,0.9783561825752258,1.3154923915863037,39428
9.838477373123169,1.0068100690841675,0.9778022766113281,1.316902756690979,40817
9.847808122634888,1.0065503120422363,0.9777092933654785,1.3178646564483643,40083
9.85789179801941,1.0069328546524048,0.9770633578300476,1.3195241689682007,40939
9.867770671844482,1.0061521530151367,0.9771897792816162,1.3205426931381226,39750
9.877821207046509,1.0055090188980103,0.977205753326416,1.3217556476593018,39905
9.88846731185913,1.0056251287460327,0.9765387177467346,1.3232858180999756,41004
9.897698879241943,1.0053274631500244,0.976742684841156,1.3242583274841309,39616
9.907704830169678,1.004860520362854,0.976438581943512,1.3254214525222778,40425
9.918848276138306,1.004118800163269,0.9767774939537048,1.3266569375991821,39445
9.927838325500488,1.003592610359192,0.9768438339233398,1.3277913331985474,39815
9.937848567962646,1.00313401222229,0.9766638278961182,1.3287413120269775,40257
9.947937250137329,1.0030207633972168,0.9765709638595581,1.3299281597137451,40086
9.957813501358032,1.0024585723876953,0.9767578840255737,1.3314241170883179,39644
9.968154430389404,1.002480387687683,0.9759901165962219,1.332663655281067,41202
9.978563785552979,1.0017701387405396,0.9766107201576233,1.3334647417068481,38970
9.98796796798706,1.0010374784469604,0.9769843816757202,1.3344711065292358,39318
9.998638153076172,1.0005228519439697,0.9766541123390198,1.3359061479568481,40507
10.007847785949707,1.0003961324691772,0.9764124751091003,1.336981177330017,40346
10.038114786148071,1.000032663345337,0.9765295386314392,1.3381630182266235,39750
10.049815893173218,0.9993165731430054,0.9765684604644775,1.339228630065918,39918
10.106154203414917,0.99904465675354,0.9766036868095398,1.3402085304260254,39905
10.112586736679077,0.9988614320755005,0.9761999249458313,1.3417021036148071,40625
10.11823582649231,0.998414158821106,0.9761425852775574,1.3427791595458984,40042
10.124730348587036,0.9979702234268188,0.9758870601654053,1.3439329862594604,40373
10.131424903869629,0.9973967671394348,0.9762276411056519,1.3449255228042603,39372
10.13814115524292,0.997451901435852,0.9760441184043884,1.3462532758712769,40254
10.143712282180786,0.9969507455825806,0.9759479761123657,1.3473339080810547,40151
10.150744676589966,0.9967716932296753,0.975907564163208,1.3486111164093018,40055
10.157109022140503,0.9960976839065552,0.9761731624603271,1.349708080291748,39571
10.163200855255127,0.9958906173706055,0.9759743809700012,1.3508766889572144,40286
10.168933153152466,0.9959714412689209,0.9753620028495789,1.3522850275039673,40976
10.174615621566772,0.9953008890151978,0.9758066534996033,1.3534544706344604,39224
10.181167125701904,0.995231568813324,0.975443959236145,1.3545721769332886,40568
10.186564207077026,0.9949644804000854,0.975411593914032,1.3556841611862183,40052
10.192461490631104,0.9945397973060608,0.9753068089485168,1.3571406602859497,40154
10.198207378387451,0.9942470192909241,0.9758206605911255,1.35817289352417,39165
10.204135656356812,0.994126558303833,0.9752293229103088,1.3593806028366089,40958
10.207579612731934,0.9938247203826904,0.9753538966178894,1.3606362342834473,39780
10.218549728393555,0.9935846328735352,0.9752777814865112,1.361864447593689,40137
10.22829008102417,0.9933598637580872,0.9755600094795227,1.3629734516143799,39533
10.238188982009888,0.9929620027542114,0.9758881330490112,1.3642101287841797,39464
10.248529434204102,0.99271559715271,0.9758788347244263,1.36551034450531,40012
10.257820129394531,0.9925786256790161,0.9755366444587708,1.3665984869003296,40557
10.26784610748291,0.9931331872940063,0.9741731882095337,1.3683174848556519,42211
10.277838706970215,0.9922155141830444,0.975153923034668,1.3692933320999146,38393
10.288817882537842,0.9920415282249451,0.9754149913787842,1.370327353477478,39561
10.298401117324829,0.9917585849761963,0.9753491878509521,1.3717625141143799,40110
10.307682514190674,0.9917494654655457,0.9750763773918152,1.3730132579803467,40459
10.317549228668213,0.9913710355758667,0.9754157066345215,1.3742042779922485,39432
10.327642917633057,0.991135835647583,0.9757534861564636,1.3754305839538574,39486
10.337911605834961,0.9910079836845398,0.9755194187164307,1.3765987157821655,40362
10.347597360610962,0.9907546639442444,0.9757380485534668,1.3776309490203857,39648
10.357824087142944,0.9907483458518982,0.9759122133255005,1.3790520429611206,39662
10.367801666259766,0.9905625581741333,0.9755939245223999,1.3802918195724487,40536
10.378209829330444,0.9903569221496582,0.9760105013847351,1.3814644813537598,39342
10.387850522994995,0.9898931384086609,0.9763385653495789,1.3826602697372437,39440
10.397481441497803,0.9901661276817322,0.9759584665298462,1.3841108083724976,40604
10.407620191574097,0.9899227023124695,0.9759485125541687,1.3852994441986084,39997
10.417471885681152,0.9898195862770081,0.9762247204780579,1.386565923690796,39542
10.427639722824097,0.9896736145019531,0.9763219356536865,1.3877696990966797,39799
10.438108682632446,0.9897513389587402,0.9763001799583435,1.388898491859436,40019
10.448217868804932,0.9894871115684509,0.9765441417694092,1.3903039693832397,39568
10.457676410675049,0.9893451929092407,0.9766764044761658,1.3914873600006104,39775
10.467581987380981,0.9892327189445496,0.9767647385597229,1.392547845840454,39828
10.4774169921875,0.9891998767852783,0.9768713712692261,1.3937513828277588,39788
10.487569093704224,0.9890644550323486,0.9770379662513733,1.3949588537216187,39699
10.497479438781738,0.9889867305755615,0.9771252274513245,1.3962364196777344,39844
10.508952379226685,0.9888544082641602,0.9772939085960388,1.3975329399108887,39692
10.517297506332397,0.9888060688972473,0.9772842526435852,1.3986841440200806,39979
10.527403593063354,0.9886556267738342,0.977376401424408,1.399841070175171,39808
10.5375337600708,0.9885451793670654,0.9775488972663879,1.4011307954788208,39673
10.54734206199646,0.9886200428009033,0.9776138067245483,1.402193546295166,39821
10.558249711990356,0.9887892007827759,0.9776346683502197,1.4033102989196777,39914
10.567245483398438,0.988359272480011,0.9780173301696777,1.4045109748840332,39335
10.577587842941284,0.9884009957313538,0.9781589508056641,1.4056826829910278,39711
10.5884690284729,0.9879208207130432,0.9784567952156067,1.406799554824829,39479
10.597305536270142,0.9884050488471985,0.9782774448394775,1.4081752300262451,40227
10.608436584472656,0.9884582161903381,0.9783923625946045,1.4092711210250854,39714
10.61751389503479,0.9886542558670044,0.9784010648727417,1.4102160930633545,39934
10.62852144241333,0.9884341359138489,0.9786158204078674,1.4113287925720215,39612
10.6374831199646,0.9884899258613586,0.9785947799682617,1.4127593040466309,39967
10.647510290145874,0.9884772896766663,0.9786999225616455,1.4138513803482056,39758
10.657581806182861,0.9884413480758667,0.978678822517395,1.414914608001709,39964
10.667162895202637,0.9883769154548645,0.9792104363441467,1.4161462783813477,39051
10.677762985229492,0.9885425567626953,0.9792510867118835,1.4171746969223022,39841
10.687525033950806,0.9889361262321472,0.9787642955780029,1.4184249639511108,40714
10.6975257396698,0.9886767268180847,0.9794440269470215,1.4194368124008179,38853
10.707631587982178,0.9888816475868225,0.9794687032699585,1.420501470565796,39869
10.717617988586426,0.9889367818832397,0.9792835116386414,1.4215868711471558,40196
10.72762393951416,0.988304853439331,0.9801601767539978,1.4226555824279785,38498
10.737624883651733,0.988598108291626,0.979823887348175,1.4240074157714844,40448
10.74759840965271,0.9886753559112549,0.9797648191452026,1.4249789714813232,39993
10.757665395736694,0.9891985654830933,0.979883074760437,1.4259843826293945,39702
10.767563819885254,0.989041268825531,0.9802205562591553,1.427051305770874,39362
10.777523517608643,0.9888800978660583,0.9805251955986023,1.4281022548675537,39455
10.787569999694824,0.98866868019104,0.9807897210121155,1.4290322065353394,39430
10.797369003295898,0.9890071153640747,0.9806039929389954,1.4303661584854126,40178
10.808006525039673,0.9891524314880371,0.980598509311676,1.4313735961914062,39894
10.817659854888916,0.9892288446426392,0.9805539846420288,1.4324392080307007,39984
10.827661991119385,0.9895981550216675,0.9805005192756653,1.4335006475448608,39940
10.837523698806763,0.9891419410705566,0.9812704920768738,1.4342873096466064,38627
10.847501039505005,0.9893531799316406,0.9812556505203247,1.4354339838027954,39930
10.857450723648071,0.9895641207695007,0.9810748100280762,1.4364943504333496,40163
10.867928743362427,0.9899479150772095,0.9808257818222046,1.4375603199005127,40267
10.877590894699097,0.9896284937858582,0.9815995097160339,1.438501238822937,38618
10.887691736221313,0.9897549152374268,0.98160320520401,1.4394166469573975,39843
10.897643327713013,0.9897075891494751,0.9815986156463623,1.4403706789016724,39866
10.907931089401245,0.9901065826416016,0.9814834594726562,1.441474199295044,40042
10.917747259140015,0.9901167750358582,0.9816331267356873,1.4425907135009766,39621
10.927800178527832,0.9900423884391785,0.981799840927124,1.4434467554092407,39606
10.937455177307129,0.9904424548149109,0.9817624092102051,1.444478154182434,39916
10.947710275650024,0.9903367161750793,0.982053816318512,1.4454203844070435,39383
10.95742130279541,0.9903976321220398,0.9823680520057678,1.446242094039917,39363
10.968201160430908,0.9906215071678162,0.9824937582015991,1.447221279144287,39633
10.977975368499756,0.9911409020423889,0.9819313287734985,1.4483964443206787,40748
10.987548112869263,0.9915376305580139,0.9815714955329895,1.4495575428009033,40441
10.997631311416626,0.991609513759613,0.9816955327987671,1.4504508972167969,39654
11.00766921043396,0.9913972616195679,0.9821850657463074,1.4511606693267822,39085
11.017970561981201,0.9917200207710266,0.9820145964622498,1.4520281553268433,40113
11.027641534805298,0.9915475249290466,0.9826660752296448,1.4529753923416138,38793
11.03777027130127,0.9920706748962402,0.9823301434516907,1.4540629386901855,40389
11.048452377319336,0.9922072887420654,0.9824358224868774,1.454946756362915,39657
11.057797193527222,0.9926239252090454,0.9820140600204468,1.456041932106018,40558
11.067887544631958,0.9927115440368652,0.9821057915687561,1.4569734334945679,39683
11.078356504440308,0.9925714731216431,0.9826503992080688,1.4577405452728271,38957
11.088363885879517,0.9929121732711792,0.9825888276100159,1.458556056022644,39947
11.097455501556396,0.9931515455245972,0.9824908971786499,1.4595582485198975,39990
11.107736110687256,0.9933284521102905,0.982620894908905,1.4604867696762085,39649
11.118134260177612,0.9934689402580261,0.9826757907867432,1.4613242149353027,39755
11.128511190414429,0.993744432926178,0.9827759265899658,1.4622589349746704,39708
11.138004064559937,0.9938026070594788,0.9827143549919128,1.4630372524261475,39937
11.14769983291626,0.9942736625671387,0.9822982549667358,1.4639983177185059,40485
11.15767765045166,0.9944434762001038,0.9823681712150574,1.464858055114746,39740
11.168703317642212,0.9947169423103333,0.9825063347816467,1.465731143951416,39642
11.177641153335571,0.9952200055122375,0.9822593331336975,1.4666088819503784,40242
11.187950849533081,0.9953376054763794,0.9825347065925598,1.4674482345581055,39444
11.197198390960693,0.9955324530601501,0.9825924038887024,1.468275785446167,39733
11.20764946937561,0.9953975081443787,0.9830214977264404,1.4689819812774658,39137
11.217732667922974,0.9956481456756592,0.9829235672950745,1.4697813987731934,40001
11.228126525878906,0.9962917566299438,0.9824787378311157,1.4706711769104004,40566
11.237665891647339,0.9966345429420471,0.9825124740600586,1.471523642539978,39790
11.24815559387207,0.9965943694114685,0.9828794598579407,1.4723531007766724,39262
11.25888180732727,0.9967487454414368,0.9828457832336426,1.473047137260437,39912
11.268692016601562,0.9968557357788086,0.9828982949256897,1.4738130569458008,39753
11.27753233909607,0.9975102543830872,0.9825873970985413,1.4746990203857422,40350
11.287494897842407,0.9976134896278381,0.9829367399215698,1.475380778312683,39280
11.297644138336182,0.9982955455780029,0.9826388359069824,1.4761621952056885,40350
11.307832717895508,0.9981438517570496,0.9832846522331238,1.476929783821106,38810
11.31823468208313,0.998356819152832,0.9832000136375427,1.4776065349578857,39994
11.327404737472534,0.9990152716636658,0.9823577404022217,1.4785771369934082,41179
11.337322473526001,0.9990451335906982,0.9827313423156738,1.479116439819336,39260
11.347627401351929,0.9991366863250732,0.982858419418335,1.4798169136047363,39650
11.35757851600647,0.9994850754737854,0.9831921458244324,1.4806110858917236,39329
11.36763310432434,0.9998188614845276,0.9832653999328613,1.4812511205673218,39728
11.377760171890259,0.999838650226593,0.9834611415863037,1.481844186782837,39517
11.389004230499268,1.0000172853469849,0.9834944009780884,1.4824782609939575,39773
11.398900747299194,1.000647783279419,0.9831814169883728,1.4833213090896606,40351
11.408669233322144,1.001346468925476,0.9825061559677124,1.4842333793640137,40944
11.417407274246216,1.0017039775848389,0.9824227094650269,1.484968662261963,40002
11.427680730819702,1.0023424625396729,0.9822052717208862,1.4857796430587769,40229
11.438889026641846,1.0022351741790771,0.9824900031089783,1.4864380359649658,39416
11.447786331176758,1.0022804737091064,0.9829718470573425,1.486951231956482,39043
11.458277463912964,1.0024694204330444,0.9831185340881348,1.4874045848846436,39630
11.468306064605713,1.002779483795166,0.9831233024597168,1.488059401512146,39853
11.478703498840332,1.0026203393936157,0.9832873344421387,1.4885802268981934,39538
11.487703800201416,1.0035609006881714,0.9826328754425049,1.4893497228622437,40892
11.498240947723389,1.0039397478103638,0.982799232006073,1.490038514137268,39560
11.508350610733032,1.004380464553833,0.9824844002723694,1.4909332990646362,40397
11.518016576766968,1.0047084093093872,0.982401430606842,1.4915529489517212,39989
11.527842283248901,1.004974603652954,0.9825899004936218,1.4920458793640137,39582
11.537519454956055,1.005226969718933,0.9826158881187439,1.4926944971084595,39797
11.548715353012085,1.005030632019043,0.9831293821334839,1.4932498931884766,39020
11.557680130004883,1.005458116531372,0.9830611348152161,1.4938287734985352,39939
11.56758713722229,1.0058039426803589,0.9830552339553833,1.4944978952407837,39838
11.578480005264282,1.0060317516326904,0.9830424189567566,1.4950969219207764,39904
11.587713718414307,1.0063923597335815,0.9830830097198486,1.49568510055542,39774
11.598623037338257,1.0065478086471558,0.9829912781715393,1.4962371587753296,40010
11.608111143112183,1.0072163343429565,0.9826451539993286,1.4967975616455078,40366
11.618764877319336,1.0073983669281006,0.9829004406929016,1.4974945783615112,39443
11.628815650939941,1.0078973770141602,0.9824962019920349,1.498093843460083,40518
11.638072490692139,1.0082895755767822,0.9824864268302917,1.4987035989761353,39893
11.649072885513306,1.008216381072998,0.9828426241874695,1.4991337060928345,39252
11.658764839172363,1.008313775062561,0.9830127954483032,1.4996687173843384,39602
11.66862177848816,1.0086114406585693,0.9831300973892212,1.500169038772583,39631
11.67793345451355,1.0093249082565308,0.9827129244804382,1.5008013248443604,40524
11.688973665237427,1.0089870691299438,0.9834527969360352,1.5011708736419678,38646
11.698028802871704,1.0092129707336426,0.9835365414619446,1.5017940998077393,39707
11.707731008529663,1.0096335411071777,0.9833545684814453,1.5025302171707153,40124
11.717742919921875,1.010011076927185,0.9830923080444336,1.5032460689544678,40300
11.727710247039795,1.0103728771209717,0.9830305576324463,1.5037713050842285,39897
11.73750352859497,1.0106364488601685,0.9830223917961121,1.5044071674346924,39773
11.747652292251587,1.0114861726760864,0.9824696779251099,1.5050982236862183,40749
11.757621765136719,1.0117677450180054,0.9830325841903687,1.505620002746582,38998
11.767279148101807,1.0119580030441284,0.9831625819206238,1.506160855293274,39611
11.777251243591309,1.011612892150879,0.9836007952690125,1.5066927671432495,39107
11.787620306015015,1.011658787727356,0.9835562109947205,1.5072269439697266,39922
11.797505378723145,1.0118591785430908,0.9837542772293091,1.5076096057891846,39482
11.807390689849854,1.0122358798980713,0.9838128089904785,1.5081909894943237,39690
11.817404985427856,1.0124914646148682,0.9839921593666077,1.5087260007858276,39521
11.827599287033081,1.0125524997711182,0.9842237234115601,1.5091006755828857,39461
11.837424755096436,1.0127722024917603,0.9840410947799683,1.5098904371261597,40121
11.847378969192505,1.0128638744354248,0.9842032790184021,1.510482907295227,39543
11.857498407363892,1.013598918914795,0.9836947321891785,1.5112251043319702,40697
11.867658853530884,1.0138776302337646,0.9839097261428833,1.5116949081420898,39449
11.877633571624756,1.0137593746185303,0.984332799911499,1.5120680332183838,39159
11.88761830329895,1.014018177986145,0.9843153357505798,1.512561321258545,39868
11.897729396820068,1.0140445232391357,0.9845144748687744,1.5131605863571167,39329
11.90957260131836,1.0140135288238525,0.9845977425575256,1.5136805772781372,39725
11.917679071426392,1.0146666765213013,0.984268069267273,1.514418363571167,40327
11.927659273147583,1.0147278308868408,0.9844266772270203,1.514938473701477,39561
11.937732696533203,1.0149800777435303,0.9846153259277344,1.5154860019683838,39504
11.947423696517944,1.0152461528778076,0.984550952911377,1.5160346031188965,39838
11.95773720741272,1.015093207359314,0.9850299954414368,1.5164790153503418,39041
11.96808934211731,1.015184998512268,0.985014021396637,1.516980767250061,39805
11.978659868240356,1.0151934623718262,0.9851707816123962,1.5176283121109009,39539
11.988503694534302,1.0154154300689697,0.9852162003517151,1.5183663368225098,39706
11.997835874557495,1.0155240297317505,0.985259473323822,1.5188825130462646,39706
12.008512258529663,1.0156527757644653,0.9853978753089905,1.5194017887115479,39538
12.017665386199951,1.0161819458007812,0.9849852919578552,1.5199435949325562,40445
12.028024196624756,1.0159507989883423,0.9856358170509338,1.5203732252120972,38711
12.038562536239624,1.0162051916122437,0.9858211278915405,1.520926594734192,39498
12.048356294631958,1.0163811445236206,0.9857832193374634,1.5214146375656128,39827
12.058371543884277,1.0168172121047974,0.9852193593978882,1.5222408771514893,40717
12.067573547363281,1.0165603160858154,0.9856285452842712,1.5227715969085693,39137
12.077840566635132,1.017030954360962,0.985537052154541,1.5234434604644775,39909
12.088133811950684,1.0171244144439697,0.9855400323867798,1.5239741802215576,39700
12.097892045974731,1.0171726942062378,0.9855568408966064,1.5244886875152588,39733
12.107579231262207,1.0173739194869995,0.9857303500175476,1.524922251701355,39536
12.11772894859314,1.0174543857574463,0.9857426285743713,1.5254520177841187,39769
12.127618551254272,1.0174434185028076,0.9857172966003418,1.5258923768997192,39835
12.137357234954834,1.0176516771316528,0.9857906103134155,1.5265084505081177,39667
12.148024082183838,1.01776123046875,0.9858313798904419,1.5270813703536987,39608
12.157272338867188,1.017822504043579,0.9860488176345825,1.527459979057312,39445
12.167520999908447,1.0182441473007202,0.9856398701667786,1.5282113552093506,40430
12.178087949752808,1.0182037353515625,0.9856691956520081,1.5287296772003174,39753
12.188363313674927,1.0182461738586426,0.985877275466919,1.529302716255188,39403
12.197455406188965,1.018385648727417,0.9859796166419983,1.5298360586166382,39605
12.207405090332031,1.0184682607650757,0.9861051440238953,1.530342936515808,39554
12.21755838394165,1.0185879468917847,0.9861063361167908,1.5308284759521484,39746
12.227829933166504,1.0185766220092773,0.9862884283065796,1.531212568283081,39479
12.238672733306885,1.0187952518463135,0.986156702041626,1.5319894552230835,40005
12.247994661331177,1.0190311670303345,0.9862118363380432,1.5325617790222168,39652
12.257657051086426,1.0183829069137573,0.9870101809501648,1.533118486404419,38447
12.26759958267212,1.0186516046524048,0.9867895245552063,1.5335527658462524,40126
12.277338743209839,1.0190439224243164,0.9865594506263733,1.5344630479812622,40144
12.28760290145874,1.0189526081085205,0.9868851900100708,1.535007119178772,39266
12.297491550445557,1.0192692279815674,0.9869205355644226,1.5355068445205688,39680
12.30760931968689,1.0193902254104614,0.987008810043335,1.5360708236694336,39572
12.31764030456543,1.0187721252441406,0.9875972867012024,1.536462426185608,38765
12.327608108520508,1.0188466310501099,0.9876108765602112,1.537216067314148,39768
12.33845567703247,1.0189549922943115,0.9875459671020508,1.5377808809280396,39853
12.347293138504028,1.0197107791900635,0.9871144890785217,1.5384702682495117,40436
12.357320785522461,1.019697904586792,0.9873340129852295,1.539004921913147,39318
12.367251634597778,1.0197612047195435,0.9874154329299927,1.5395233631134033,39582
12.378631353378296,1.0197553634643555,0.9874271154403687,1.5401021242141724,39802
12.38832974433899,1.01951265335083,0.9876079559326172,1.5407016277313232,39450
12.398282527923584,1.019428014755249,0.9879907965660095,1.5413633584976196,39092
12.407747983932495,1.0199123620986938,0.9875977635383606,1.542046308517456,40294
12.4174485206604,1.0200039148330688,0.9876583814620972,1.542558193206787,39637
12.42771863937378,1.0200347900390625,0.9877254962921143,1.543046474456787,39673
12.437305927276611,1.0200490951538086,0.9878000020980835,1.5435400009155273,39606
12.447655439376831,1.0200886726379395,0.987849235534668,1.5441398620605469,39631
12.457746744155884,1.019983172416687,0.9880120754241943,1.5447282791137695,39405
12.467985153198242,1.0200780630111694,0.9879136681556702,1.5454105138778687,39905
12.477981805801392,1.0202133655548096,0.9879990816116333,1.5462216138839722,39625
12.48757529258728,1.0201129913330078,0.9878826141357422,1.5467485189437866,39899
12.497484683990479,1.0201890468597412,0.9879763722419739,1.5472614765167236,39554
12.507584810256958,1.0202646255493164,0.9881486892700195,1.5479305982589722,39393
12.518771886825562,1.0201910734176636,0.988267183303833,1.5485024452209473,39574
12.52799654006958,1.0203524827957153,0.9884349703788757,1.5490492582321167,39424
12.537790298461914,1.0199002027511597,0.988752007484436,1.5495555400848389,39179
12.548080682754517,1.0198659896850586,0.9887873530387878,1.5501967668533325,39657
12.557715654373169,1.0200251340866089,0.9888937473297119,1.5507978200912476,39543
12.56784725189209,1.0203379392623901,0.988885223865509,1.5517359972000122,39679
12.57730221748352,1.0202112197875977,0.9886034727096558,1.5523872375488281,40172
12.58772611618042,1.0200774669647217,0.9887277483940125,1.552890658378601,39494
12.598091125488281,1.0200965404510498,0.9888110756874084,1.553546667098999,39563
12.608448266983032,1.0202690362930298,0.9886914491653442,1.5541108846664429,39904
12.617406606674194,1.0197428464889526,0.9893724918365479,1.5546579360961914,38568
12.627586841583252,1.0199484825134277,0.9891285300254822,1.5553381443023682,40084
12.68105435371399,1.019789218902588,0.9893199801445007,1.5560516119003296,39382
12.687436819076538,1.0197445154190063,0.9896330833435059,1.5566608905792236,39199
12.692907333374023,1.0199203491210938,0.9895957112312317,1.5572971105575562,39708
12.698671102523804,1.0198018550872803,0.9895116686820984,1.557944655418396,39812
12.7045419216156,1.0198631286621094,0.9892502427101135,1.5586647987365723,40102
12.710185289382935,1.0198947191238403,0.9892352819442749,1.5592212677001953,39717
12.715982675552368,1.0197104215621948,0.9895273447036743,1.5599623918533325,39203
12.721478700637817,1.019408106803894,0.9898324608802795,1.5606727600097656,39174
12.72726583480835,1.0192745923995972,0.9899462461471558,1.5613176822662354,39460
12.732998132705688,1.0192569494247437,0.9901811480522156,1.5620102882385254,39274
12.738824129104614,1.019332766532898,0.9900814294815063,1.5627272129058838,39864
12.747731685638428,1.019317626953125,0.9899258017539978,1.5633454322814941,39921
12.757526397705078,1.0193578004837036,0.9897805452346802,1.564113736152649,39877
12.767486095428467,1.0190068483352661,0.9900035262107849,1.5647120475769043,39289
12.777684211730957,1.0185898542404175,0.9905674457550049,1.5654584169387817,38752
12.787754774093628,1.0186532735824585,0.9907106161117554,1.5660831928253174,36000
12.797633647918701,1.0186772346496582,0.9909790754318237,1.5667766332626343,39395
12.807383060455322,1.0184317827224731,0.9910714030265808,1.5674721002578735,39395
12.817715883255005,1.0182052850723267,0.9908780455589294,1.5680720806121826,39395
12.827581644058228,1.0178301334381104,0.9912952184677124,1.5688481330871582,39395
12.837631225585938,1.0179182291030884,0.9911888837814331,1.5697417259216309,39395
12.847606658935547,1.01773202419281,0.9911555647850037,1.5704126358032227,39395
12.857667922973633,1.017633318901062,0.9911917448043823,1.5710455179214478,39395
12.867790222167969,1.0176007747650146,0.9911981821060181,1.5717195272445679,39395
12.87860918045044,1.0175368785858154,0.9913991689682007,1.57237708568573,39395
12.8877694606781,1.0173606872558594,0.9914439916610718,1.5730830430984497,39395
12.897813558578491,1.0164215564727783,0.9917645454406738,1.5739173889160156,39395
12.908389806747437,1.0167752504348755,0.9913952946662903,1.5747177600860596,39395
12.917415380477905,1.016568660736084,0.9913711547851562,1.575378179550171,39395
12.92851734161377,1.016496181488037,0.991378664970398,1.5760011672973633,39395
12.938484191894531,1.0161843299865723,0.9913159608840942,1.576682686805725,39395
12.94760274887085,1.0162326097488403,0.9910301566123962,1.577388048171997,39395
12.957636833190918,1.0162090063095093,0.9911069869995117,1.5781121253967285,39395
12.967301368713379,1.0150480270385742,0.9915326833724976,1.5789011716842651,39395
12.97748064994812,1.0153065919876099,0.9910434484481812,1.5797797441482544,39395
12.987546682357788,1.0151407718658447,0.9910328388214111,1.580430269241333,39395
12.997757196426392,1.015028476715088,0.9909749031066895,1.5811123847961426,39395
13.007175207138062,1.0148617029190063,0.9907443523406982,1.5817639827728271,39395
13.017382621765137,1.0145753622055054,0.9907516837120056,1.5824975967407227,39395
13.028396606445312,1.0137892961502075,0.9912349581718445,1.5832818746566772,39395
13.037344455718994,1.0141792297363281,0.9908167123794556,1.5841615200042725,39395
13.047511577606201,1.0140811204910278,0.9906001687049866,1.5849300622940063,39395
13.058123588562012,1.0137711763381958,0.9905083775520325,1.58559250831604,39395
13.067505598068237,1.0133061408996582,0.9905516505241394,1.5862210988998413,39395
13.078263521194458,1.0133235454559326,0.990282416343689,1.586897611618042,44000
13.087514638900757,1.012683391571045,0.9904870390892029,1.5875823497772217,36000
13.097702741622925,1.012474536895752,0.990230917930603,1.5885659456253052,44000
13.108415842056274,1.0125168561935425,0.9900283813476562,1.589403748512268,39982
13.118073225021362,1.0124614238739014,0.9896606206893921,1.59019136428833,40255
13.128356218338013,1.0122108459472656,0.9892793893814087,1.5908169746398926,40288
13.137539863586426,1.0115854740142822,0.9894481897354126,1.5914578437805176,39392
13.147599697113037,1.011428713798523,0.989316999912262,1.592249870300293,39882
13.157613515853882,1.0112659931182861,0.989217221736908,1.5930345058441162,39844
13.168250322341919,1.0108720064163208,0.9892693758010864,1.5939648151397705,39598
13.178457975387573,1.0107333660125732,0.9889736771583557,1.5947939157485962,40166
13.187569379806519,1.0104211568832397,0.9888871908187866,1.595494031906128,39808
13.198644161224365,1.0103793144226074,0.9889329075813293,1.5961010456085205,39634
13.207454681396484,1.009914755821228,0.9889789819717407,1.596863865852356,39591
13.217403411865234,1.0097019672393799,0.9890049695968628,1.597604751586914,39660
13.227547407150269,1.0092194080352783,0.9892537593841553,1.5984090566635132,39297
13.237711191177368,1.0089627504348755,0.989254891872406,1.5991504192352295,39680
13.247624397277832,1.0086714029312134,0.9890851974487305,1.6000244617462158,39965
13.258374214172363,1.0088428258895874,0.9886340498924255,1.6007388830184937,40450
13.267505168914795,1.0083314180374146,0.9890723824501038,1.6014654636383057,38972
13.278581857681274,1.0080465078353882,0.989417314529419,1.6022700071334839,39100
13.288262367248535,1.0075128078460693,0.9892886281013489,1.6029902696609497,39927
13.298398971557617,1.0070964097976685,0.9893943071365356,1.603743553161621,39507
13.307547569274902,1.007055401802063,0.9894335269927979,1.6046221256256104,39609
13.31735610961914,1.0068154335021973,0.9892908334732056,1.6052824258804321,39957
13.328372240066528,1.006443977355957,0.9893617033958435,1.6060577630996704,39537
13.337459325790405,1.0061968564987183,0.9896528720855713,1.6069098711013794,39215
13.347959280014038,1.0058015584945679,0.9896273612976074,1.607629418373108,39733
13.357635974884033,1.0056079626083374,0.9896784424781799,1.6083317995071411,39578
13.368408441543579,1.0053751468658447,0.9896360635757446,1.6092265844345093,39749
13.377680778503418,1.0052294731140137,0.9893115162849426,1.6100794076919556,40211
13.387563943862915,1.005013108253479,0.9892920255661011,1.6108229160308838,39705
13.397448301315308,1.0045275688171387,0.9896875619888306,1.611563801765442,39067
13.407496213912964,1.0042164325714111,0.9900403022766113,1.6123179197311401,39098
13.418425798416138,1.0037802457809448,0.9899809956550598,1.6130670309066772,39778
13.427565813064575,1.0037105083465576,0.9900140762329102,1.6137442588806152,39624
13.437524795532227,1.0033272504806519,0.9901396036148071,1.6145122051239014,39462
13.447717905044556,1.0032235383987427,0.9897134304046631,1.6154173612594604,40373
13.45762300491333,1.0029516220092773,0.9898601770401001,1.6163049936294556,39440
13.468275547027588,1.002631425857544,0.9901012778282166,1.61697256565094,39289
13.477439403533936,1.002165675163269,0.9903255105018616,1.617672085762024,39305
13.487485885620117,1.0018548965454102,0.9904557466506958,1.6184256076812744,36000
13.497645139694214,1.001728892326355,0.9904908537864685,1.6192011833190918,39399
13.507547616958618,1.0015287399291992,0.9901905655860901,1.6202220916748047,44000
13.518146991729736,1.0010991096496582,0.9903510808944702,1.6209584474563599,39390
13.52731990814209,1.0012891292572021,0.9898815751075745,1.6218236684799194,40418
13.537702083587646,1.000618815422058,0.9905867576599121,1.622596263885498,36000
13.54732608795166,1.0002050399780273,0.9904775023460388,1.6232991218566895,39399
13.557905912399292,0.9999289512634277,0.9904811978340149,1.6239324808120728,39399
13.567768335342407,0.9997938275337219,0.9903863668441772,1.624854326248169,44000
13.578367710113525,0.9996206164360046,0.9901843667030334,1.6258114576339722,39978
13.587829351425171,0.9991099834442139,0.990442156791687,1.6264795064926147,36000
13.597251653671265,0.9989832639694214,0.9902098178863525,1.6274360418319702,44000
13.607698202133179,0.9989326000213623,0.9901270270347595,1.6283528804779053,39814
13.617609977722168,0.9986173510551453,0.990257978439331,1.629122257232666,39428
13.628686428070068,0.9983872175216675,0.9902735352516174,1.6300618648529053,39643
13.637430191040039,0.9982407689094543,0.9900694489479065,1.6309444904327393,39992
13.64792799949646,0.9982200860977173,0.9900174736976624,1.6317689418792725,39725
13.657896995544434,0.9976397156715393,0.9903390407562256,1.6324825286865234,39168
13.667686223983765,0.9973442554473877,0.9906831979751587,1.6333653926849365,36000
13.6776123046875,0.997189462184906,0.9906548857688904,1.6342355012893677,39400
13.687633514404297,0.9971112012863159,0.990656316280365,1.6351162195205688,39400
13.69737195968628,0.9965684413909912,0.9909024834632874,1.635862946510315,39400
13.708523273468018,0.9967756271362305,0.9905076622962952,1.63692045211792,39400
13.717817306518555,0.9965565800666809,0.9907970428466797,1.6377543210983276,39400
13.727689743041992,0.9961335062980652,0.9909565448760986,1.6386178731918335,39400
13.737403392791748,0.995901882648468,0.9911359548568726,1.6394823789596558,39400
13.748077869415283,0.9958654046058655,0.9912461638450623,1.640451431274414,39400
13.757389068603516,0.9955556988716125,0.991166889667511,1.641425371170044,39400
13.767655372619629,0.9956265687942505,0.9908397793769836,1.6423858404159546,39400
13.777509450912476,0.9954468607902527,0.9911465048789978,1.6432167291641235,39400
13.788498163223267,0.9953694939613342,0.9911389350891113,1.644131064414978,39400
13.79842209815979,0.9948515892028809,0.9914443492889404,1.6449998617172241,39400
13.807677268981934,0.9947910904884338,0.9915133714675903,1.6458441019058228,39400
13.818559169769287,0.9947846531867981,0.9912056922912598,1.6470307111740112,39400
13.828282356262207,0.9947919249534607,0.9908626079559326,1.6479077339172363,39400
13.837681770324707,0.9943495988845825,0.9912802577018738,1.6487489938735962,39400
13.847482681274414,0.9945629239082336,0.9912049770355225,1.649769902229309,39400
13.857508897781372,0.9940596222877502,0.991458535194397,1.6506520509719849,39400
13.867525577545166,0.9940337538719177,0.9914031624794006,1.6516749858856201,39400
13.877651929855347,0.9938456416130066,0.9912156462669373,1.6526918411254883,39400
13.887718677520752,0.9939877986907959,0.9907736778259277,1.6536271572113037,39400
13.897672653198242,0.9933854937553406,0.9913198947906494,1.6543467044830322,39400
13.907571792602539,0.9937688708305359,0.9909684658050537,1.6554687023162842,39400
13.917689085006714,0.9934654831886292,0.9910635352134705,1.6564126014709473,39400
13.927704334259033,0.9931187629699707,0.9909452795982361,1.6575367450714111,39400
13.937670469284058,0.9932791590690613,0.9905098676681519,1.6586484909057617,39400
13.948293209075928,0.992544412612915,0.9911628365516663,1.6594290733337402,39400
13.957690715789795,0.9929378628730774,0.9905855655670166,1.6604983806610107,39400
13.96914267539978,0.9929637908935547,0.9904717206954956,1.6613739728927612,39400
13.977811574935913,0.9927752017974854,0.9903552532196045,1.662424921989441,39400
13.988601207733154,0.9925128221511841,0.9904811978340149,1.6634366512298584,39400
13.998367309570312,0.9924584031105042,0.990211009979248,1.6644489765167236,44000
14.007671117782593,0.9923704266548157,0.9901198744773865,1.6654303073883057,39806
14.018531560897827,0.9921244382858276,0.9901272058486938,1.666489601135254,39610
14.028391122817993,0.9921173453330994,0.9897888898849487,1.6674565076828003,40211
14.038573026657104,0.9921771883964539,0.9893896579742432,1.668491005897522,40324
14.048224210739136,0.9918134808540344,0.9894956946372986,1.6692919731140137,39484
14.058427095413208,0.9917098879814148,0.9893125295639038,1.6704483032226562,39964
14.068552732467651,0.9918976426124573,0.9890702366828918,1.671425700187683,40060
14.07776403427124,0.9917051196098328,0.9889342784881592,1.672451138496399,39888
14.087729930877686,0.9916293025016785,0.9886119961738586,1.6736440658569336,40204
14.098535537719727,0.9914901256561279,0.9884971380233765,1.6746618747711182,39877
14.107720613479614,0.9914140105247498,0.988237202167511,1.6755919456481934,40099
14.11766791343689,0.9914493560791016,0.9883370399475098,1.6766157150268555,39545
14.127410650253296,0.9912673830986023,0.9880390763282776,1.6776118278503418,40176
14.137362718582153,0.9911331534385681,0.987700343132019,1.6786741018295288,40270
14.148794174194336,0.9913727045059204,0.9872158169746399,1.679844856262207,40467
14.157775402069092,0.9910133481025696,0.9873722195625305,1.680822730064392,39486
14.167513608932495,0.9906564354896545,0.9874072670936584,1.681803822517395,39634
14.17799425125122,0.9909529685974121,0.98711097240448,1.6828579902648926,40165
14.1878182888031,0.9903680682182312,0.9875341057777405,1.683912992477417,39059
14.197452068328857,0.9905802607536316,0.9868658781051636,1.685129165649414,40822
14.207792043685913,0.9903781414031982,0.9871110916137695,1.6860824823379517,39334
14.217519044876099,0.9901816248893738,0.9870156049728394,1.6869969367980957,39877
14.227245330810547,0.9901353120803833,0.9868972897529602,1.6880263090133667,39929
14.237321138381958,0.9901560544967651,0.9868166446685791,1.689285397529602,39852
14.24767279624939,0.990185558795929,0.9866886734962463,1.690467119216919,39955
14.257532358169556,0.9896934032440186,0.9866600036621094,1.6914079189300537,39760
14.267494201660156,0.989797830581665,0.9865443706512451,1.6923596858978271,39917
14.277302503585815,0.9898120760917664,0.986399233341217,1.6934099197387695,39983
14.287579774856567,0.9895418286323547,0.9865348935127258,1.694688081741333,39542
14.298236846923828,0.9895040988922119,0.9862031936645508,1.6957827806472778,40270
14.307249069213867,0.9893465042114258,0.9861053824424744,1.696699619293213,39926
14.317255973815918,0.9891756176948547,0.9862459897994995,1.697716474533081,39516
14.327762603759766,0.9888790249824524,0.9864907264709473,1.6989504098892212,39323
14.337702751159668,0.9888768792152405,0.9863116145133972,1.7000505924224854,40071
14.347695589065552,0.989347517490387,0.9855048060417175,1.7011533975601196,41057
14.357570886611938,0.9888845086097717,0.9858584403991699,1.7022547721862793,39163
14.3676438331604,0.98859041929245,0.9861158132553101,1.7033525705337524,39305
14.377593994140625,0.9884008765220642,0.9861695766448975,1.704404592514038,39703
14.38839077949524,0.9884344935417175,0.9859305024147034,1.7055842876434326,40138
14.397494554519653,0.9883788824081421,0.9859224557876587,1.7066137790679932,39799
14.408610105514526,0.9882134795188904,0.9860177636146545,1.7077149152755737,39601
14.418731212615967,0.9879660606384277,0.9862196445465088,1.7088494300842285,39399
14.427956819534302,0.9877328872680664,0.9863672852516174,1.7099921703338623,39546
14.43764066696167,0.9876766800880432,0.9862590432167053,1.7112020254135132,39920
14.447845697402954,0.9874979853630066,0.9862901568412781,1.712204933166504,39700
14.458553791046143,0.9874003529548645,0.9862839579582214,1.7132971286773682,39761
14.467641830444336,0.987433135509491,0.986213743686676,1.7143783569335938,39863
14.478100776672363,0.9871665239334106,0.9863944053649902,1.715632438659668,39462
14.487683296203613,0.9870002269744873,0.9864718914031982,1.7167437076568604,39637
14.497527837753296,0.9864453673362732,0.9868454337120056,1.71779465675354,39158
14.507989645004272,0.986466109752655,0.9865790009498596,1.7188715934753418,40161
14.517292499542236,0.986761212348938,0.9860854744911194,1.720157265663147,40571
14.527511835098267,0.9864497184753418,0.986189603805542,1.7213068008422852,39574
14.537506580352783,0.9863594770431519,0.9862635135650635,1.7224503755569458,39592
14.548424482345581,0.9863170385360718,0.9861970543861389,1.7236136198043823,39857
14.557403564453125,0.9861459732055664,0.9861280918121338,1.724698781967163,39883
14.567744493484497,0.9858713746070862,0.9862183928489685,1.7258098125457764,39594
14.577920198440552,0.9859036803245544,0.9862182140350342,1.7272813320159912,39760
14.588565826416016,0.9852299690246582,0.9866316914558411,1.7281299829483032,39091
14.597641944885254,0.9853083491325378,0.9864116311073303,1.72939133644104,40068
14.608564853668213,0.9851014614105225,0.9864290952682495,1.7302650213241577,39787
14.617552518844604,0.9852858185768127,0.9860544800758362,1.7316750288009644,40315
14.627827167510986,0.9851216673851013,0.986087441444397,1.7329115867614746,39682
14.63756775856018,0.9845998287200928,0.9864164590835571,1.7339810132980347,39207
14.647769212722778,0.984550416469574,0.9864030480384827,1.7351114749908447,39781
14.658462047576904,0.9845119714736938,0.9862950444221497,1.7362631559371948,39930
14.667571306228638,0.9843493700027466,0.9862147569656372,1.737673044204712,39897
14.677600860595703,0.984253466129303,0.9863684773445129,1.7388060092926025,39500
14.687716007232666,0.9839106798171997,0.986553966999054,1.739829421043396,39430
14.697802543640137,0.9837905168533325,0.9865393042564392,1.740907073020935,39776
14.708746671676636,0.9835222959518433,0.9865812063217163,1.7418824434280396,39711
14.71783995628357,0.983500599861145,0.9863074421882629,1.7435133457183838,40175
14.72800087928772,0.9832515120506287,0.9864938855171204,1.7445489168167114,39451
14.737685441970825,0.9830833077430725,0.9864245057106018,1.7456669807434082,39840
14.747390747070312,0.9826281666755676,0.9868007898330688,1.7468056678771973,39124
14.757811546325684,0.9823973178863525,0.9868289232254028,1.7480086088180542,39678
14.767834186553955,0.9825505018234253,0.9862500429153442,1.7493690252304077,40730
14.777360439300537,0.9824756979942322,0.9860992431640625,1.7505384683609009,39991
14.787721872329712,0.982143223285675,0.9862239360809326,1.7515671253204346,39505
14.798337459564209,0.9816792011260986,0.9866445660591125,1.7527979612350464,39097
14.808518409729004,0.9818310141563416,0.9863550066947937,1.7540614604949951,40175
14.817651271820068,0.981858491897583,0.9861104488372803,1.755523681640625,40190
14.827479362487793,0.9814741611480713,0.9862865805625916,1.7567068338394165,39485
14.837496519088745,0.9808309078216553,0.9868071675300598,1.7577561140060425,38860
14.848045110702515,0.9812893867492676,0.9861636161804199,1.759230375289917,40799
14.85781741142273,0.9810054898262024,0.9862542748451233,1.7603850364685059,39682
14.867516279220581,0.980860710144043,0.9862139821052551,1.761536717414856,39745
14.877549886703491,0.9805907011032104,0.986303448677063,1.762826919555664,39580
14.887442350387573,0.9803391695022583,0.9861984252929688,1.764220118522644,39958
14.897317886352539,0.9802001714706421,0.9862025380134583,1.7655271291732788,39722
14.907822132110596,0.9799094200134277,0.9861876964569092,1.7667522430419922,39790
14.918646574020386,0.9795215725898743,0.9864225387573242,1.7678372859954834,39395
14.928263902664185,0.9796972274780273,0.9860978126525879,1.7694131135940552,40242
14.938165426254272,0.979250431060791,0.9862673878669739,1.7704908847808838,39521
14.948588132858276,0.9793779253959656,0.9860458374023438,1.7718597650527954,40088
14.957488775253296,0.9788358807563782,0.9863492250442505,1.7729601860046387,39281
14.967341423034668,0.9788166284561157,0.9860918521881104,1.774566888809204,40121
14.977811574935913,0.9784650206565857,0.9860772490501404,1.775763750076294,39855
14.987804174423218,0.9777131080627441,0.9865915179252625,1.7770484685897827,38887
14.99891972541809,0.9777714610099792,0.9864704012870789,1.7781610488891602,39928
15.008686542510986,0.9779285788536072,0.9860619902610779,1.7797505855560303,40462
15.017849206924438,0.9781033396720886,0.98585444688797,1.7810555696487427,40066
15.027605056762695,0.9772687554359436,0.9864699244499207,1.782142162322998,38717
15.037760019302368,0.9772298336029053,0.9861328601837158,1.7835547924041748,40254
15.047567129135132,0.9770406484603882,0.9861171841621399,1.7848762273788452,39876
15.057718753814697,0.9772681593894958,0.9855380058288574,1.7862892150878906,40663
15.06845760345459,0.9767943024635315,0.9861636161804199,1.7876006364822388,38730
15.077346563339233,0.9767786860466003,0.9859779477119446,1.788856029510498,40060
15.088515758514404,0.9759674072265625,0.986453652381897,1.7897655963897705,38997
15.097548007965088,0.9763627648353577,0.9856457114219666,1.7916479110717773,41020
15.10832667350769,0.9759865999221802,0.9859039187431335,1.7928690910339355,39410
15.118404865264893,0.9759325981140137,0.9857167601585388,1.7939826250076294,40044
15.128689527511597,0.9759743809700012,0.9855204820632935,1.7955055236816406,40093
15.137854099273682,0.975916862487793,0.9854570627212524,1.7970093488693237,39873
15.148095607757568,0.9754629135131836,0.9857520461082458,1.7981481552124023,39253
15.157281875610352,0.9753478169441223,0.985653817653656,1.7992762327194214,39922
15.167381048202515,0.9754638671875,0.9853370189666748,1.8007920980453491,40295
15.177652359008789,0.9752519130706787,0.985615074634552,1.8023359775543213,39323
15.187520742416382,0.9748914241790771,0.9858441948890686,1.8033643960952759,39399
15.197403192520142,0.9747208952903748,0.9858038425445557,1.804714322090149,39853
15.207445859909058,0.974760115146637,0.9856551885604858,1.806021809577942,40035
15.217730522155762,0.9751170873641968,0.9852502942085266,1.8077685832977295,40367
15.22757601737976,0.9748197197914124,0.9856009483337402,1.8089724779129028,39207
15.23777723312378,0.9745985865592957,0.9855548739433289,1.8102844953536987,39796
15.247792959213257,0.9743908047676086,0.9856156706809998,1.8114601373672485,39719
15.257790088653564,0.9748286008834839,0.9850333333015442,1.8132599592208862,40747
15.267789363861084,0.9742496609687805,0.9855973124504089,1.8143881559371948,38850
15.277845859527588,0.9738224148750305,0.9860997200012207,1.8157156705856323,38922
15.287384271621704,0.9737582802772522,0.9860154986381531,1.8168506622314453,39938
15.297329187393188,0.9744852781295776,0.9851905703544617,1.8186789751052856,41104
15.307438611984253,0.9740082621574402,0.9856889843940735,1.8198796510696411,38962
15.317481517791748,0.9739794135093689,0.9857804179191589,1.8212733268737793,39564
15.327699899673462,0.9733041524887085,0.9863681793212891,1.822262167930603,38859
15.337424993515015,0.9743863344192505,0.9853209853172302,1.8241958618164062,41471
15.347636699676514,0.9738289713859558,0.9858235120773315,1.825234293937683,39005
15.357649326324463,0.9732885360717773,0.9863333106040955,1.8265447616577148,38840
15.367644786834717,0.9735986590385437,0.9860466122627258,1.8279117345809937,40238
15.377718210220337,0.9739179015159607,0.9853623509407043,1.8295029401779175,40922
15.38765263557434,0.973994255065918,0.9854928255081177,1.8307833671569824,39540
15.397422790527344,0.9736212491989136,0.9857358932495117,1.832170844078064,39362
15.407904624938965,0.9733935594558716,0.9859908819198608,1.8333557844161987,39335
15.418498039245605,0.9738351106643677,0.9853580594062805,1.83499014377594,40832
15.427812337875366,0.9737594723701477,0.9854860901832581,1.836236596107483,39616
15.43903112411499,0.9735840559005737,0.9858240485191345,1.837404489517212,39125
15.448407888412476,0.973881185054779,0.9856423139572144,1.83881413936615,40068
15.45775556564331,0.9740782380104065,0.9853762984275818,1.8403654098510742,40260
15.467821836471558,0.9739323854446411,0.9854474067687988,1.8416234254837036,39683
15.477721214294434,0.9734987616539001,0.9858900904655457,1.8427342176437378,38994
15.487541437149048,0.9737721681594849,0.9858077764511108,1.8441966772079468,39912
15.497459411621094,0.9744102954864502,0.985089898109436,1.8460118770599365,40986
15.508498907089233,0.9736119508743286,0.985967755317688,1.8470432758331299,38287
15.51871633529663,0.9738825559616089,0.9856663942337036,1.848289966583252,40210
15.527535200119019,0.9740514755249023,0.9853559732437134,1.8495680093765259,40412
15.53750228881836,0.9742856621742249,0.9852256774902344,1.8513975143432617,39990
15.548256635665894,0.9741516709327698,0.9856179356575012,1.8527332544326782,39140
15.55774450302124,0.9740586280822754,0.9856923222541809,1.8538215160369873,39624
15.567291021347046,0.9742453694343567,0.9856055974960327,1.8551263809204102,39885
15.577813863754272,0.9742853045463562,0.985471785068512,1.8568397760391235,40031
15.587696313858032,0.9742258191108704,0.9856852889060974,1.857780933380127,39406
15.598091125488281,0.9745083451271057,0.9855635166168213,1.859189510345459,39977
15.608701944351196,0.9744522571563721,0.9856675863265991,1.8606594800949097,39639
15.617777109146118,0.9749134182929993,0.9852782487869263,1.8622746467590332,40425
15.627500772476196,0.9742423892021179,0.9859654307365417,1.8633424043655396,38625
15.637410640716553,0.9741758704185486,0.9859548807144165,1.8644907474517822,39788
15.64743447303772,0.9741290211677551,0.986137866973877,1.8658826351165771,39474
15.657599449157715,0.9750394225120544,0.9853647947311401,1.8678593635559082,41037
15.667703628540039,0.9750638008117676,0.9855103492736816,1.8688766956329346,39608
15.677664041519165,0.9748159646987915,0.9858359098434448,1.8699973821640015,39191
15.687560081481934,0.9744240641593933,0.986275851726532,1.8712966442108154,39014
15.698557615280151,0.9753637909889221,0.9853144288063049,1.8731350898742676,41378
15.70751690864563,0.9752153158187866,0.9856924414634705,1.8743482828140259,39179
15.717495441436768,0.975501537322998,0.9855366945266724,1.8756190538406372,39941
15.727826118469238,0.9751160740852356,0.98604816198349,1.876707911491394,39002
15.737433433532715,0.9757909774780273,0.9853990077972412,1.8782005310058594,40858
15.748425483703613,0.9758288860321045,0.9855099320411682,1.8796716928482056,39583
15.757417440414429,0.9756641983985901,0.9858670234680176,1.8808330297470093,39187
15.767791032791138,0.9751547574996948,0.9864282608032227,1.881873607635498,38873
15.77748417854309,0.9755922555923462,0.9859219789505005,1.883294939994812,40593
15.788016080856323,0.9761941432952881,0.9855281710624695,1.8849338293075562,40436
15.798513174057007,0.9759470820426941,0.9859893321990967,1.8860220909118652,39029
15.807909488677979,0.9762228727340698,0.9858195781707764,1.8873591423034668,40036
15.81794285774231,0.9764621257781982,0.9856642484664917,1.8889193534851074,40056
15.828354597091675,0.9762575030326843,0.9859175086021423,1.890260934829712,39324
15.838678121566772,0.976053774356842,0.9861668348312378,1.8912458419799805,39370
15.848191022872925,0.9758588671684265,0.9864322543144226,1.8924336433410645,39281
15.857913255691528,0.9760863780975342,0.9862594604492188,1.8935999870300293,40154
15.868605375289917,0.9768500924110413,0.9856395721435547,1.895289659500122,40827
15.877783060073853,0.9764568209648132,0.9862712025642395,1.8964660167694092,38766
15.88785171508789,0.9765022397041321,0.9863766431808472,1.8976927995681763,39531
15.897822141647339,0.9762526750564575,0.986548125743866,1.8988263607025146,39542
15.908550500869751,0.9757741093635559,0.9870783686637878,1.8998916149139404,38885
15.917855024337769,0.9766182899475098,0.9864516258239746,1.9016361236572266,40818
15.927532434463501,0.9766355156898499,0.9865078330039978,1.9026323556900024,39717
15.938363075256348,0.9768471121788025,0.9866018295288086,1.9037426710128784,39586
15.947553873062134,0.9767406582832336,0.9867368340492249,1.9049158096313477,39524
15.95772910118103,0.9769431352615356,0.9864280819892883,1.9065561294555664,40263
15.968505382537842,0.976489782333374,0.9870288372039795,1.9076249599456787,38828
15.978096008300781,0.9766291379928589,0.9869751930236816,1.9087783098220825,39828
15.987369537353516,0.9764172434806824,0.9872456789016724,1.909889578819275,39295
15.998283386230469,0.9772123098373413,0.986453115940094,1.9114837646484375,41073
16.008588552474976,0.9772654175758362,0.9864708185195923,1.9126205444335938,39794
16.01831817626953,0.9770392775535583,0.9865913391113281,1.9136550426483154,39548
16.027976274490356,0.976650595664978,0.9871804118156433,1.9149446487426758,38674
16.037774801254272,0.9762400388717651,0.9874132871627808,1.9159910678863525,39491
16.047635555267334,0.9773173928260803,0.9862681031227112,1.9177583456039429,41655
16.057740211486816,0.9769772291183472,0.9866656064987183,1.9186627864837646,38976
16.067352533340454,0.977236270904541,0.9865168333053589,1.9197264909744263,40089
16.07750105857849,0.9771970510482788,0.986693263053894,1.9208018779754639,39537
16.087646007537842,0.9772834181785583,0.9866393208503723,1.9222803115844727,39861
16.097259759902954,0.9775360822677612,0.9862868785858154,1.9236589670181274,40357
16.107614040374756,0.9764770269393921,0.9872397184371948,1.9244040250778198,38193
16.11818218231201,0.9768869876861572,0.9868718981742859,1.9258172512054443,40310
16.12760877609253,0.9769126176834106,0.9869672656059265,1.926910638809204,39704
16.137585401535034,0.977495014667511,0.986433207988739,1.9284402132034302,40635
16.14784598350525,0.9772809743881226,0.9866008162498474,1.929458498954773,39492
16.1589035987854,0.9772235751152039,0.9867987632751465,1.9305835962295532,39385
16.1677827835083,0.9769304394721985,0.9869694709777832,1.931774616241455,39494
16.177621603012085,0.9763122200965881,0.9875993728637695,1.9326188564300537,38823
16.187735557556152,0.9765534996986389,0.9873135089874268,1.9341689348220825,40176
16.197712659835815,0.9765847325325012,0.9872613549232483,1.935315489768982,39873
16.2077374458313,0.9770274758338928,0.9870344400405884,1.9365825653076172,40114
16.217604160308838,0.9769323468208313,0.9870572686195374,1.9374167919158936,39658
16.228686571121216,0.9771208167076111,0.9865683913230896,1.9389030933380127,40628
16.2380268573761,0.9770926237106323,0.9866454005241394,1.9403343200683594,39569
16.24791193008423,0.9764469265937805,0.9871622323989868,1.9411801099777222,38899
16.25772452354431,0.9767221808433533,0.986854076385498,1.942306637763977,40324
16.268503427505493,0.9769149422645569,0.9866064190864563,1.9434690475463867,40183
16.27843928337097,0.9771685600280762,0.9863900542259216,1.9448729753494263,40127
16.288507223129272,0.9769452810287476,0.9867385625839233,1.94597589969635,39171
16.298741102218628,0.976692259311676,0.9868613481521606,1.9469469785690308,39590
16.3084933757782,0.976173996925354,0.9872913956642151,1.947922706604004,39121
16.31848454475403,0.9761170744895935,0.9871935844421387,1.949059009552002,39828
16.328465223312378,0.9770030975341797,0.9862293004989624,1.950800895690918,41338
16.338801860809326,0.9765380024909973,0.9867205023765564,1.9516149759292603,38994
16.34855818748474,0.9766920208930969,0.9864380955696106,1.9527883529663086,40242
16.358810901641846,0.9767221212387085,0.9864216446876526,1.9538615942001343,39862
16.36816668510437,0.9770966172218323,0.9860503077507019,1.9554716348648071,40344
16.37751054763794,0.9768712520599365,0.9860082864761353,1.9565860033035278,39864
16.38772964477539,0.9767082333564758,0.9862365126609802,1.9576783180236816,39383
16.398500680923462,0.9762179851531982,0.9866068363189697,1.9585258960723877,39158
16.408395767211914,0.9768434762954712,0.9859062433242798,1.9598087072372437,40874
16.41851043701172,0.9769509434700012,0.9858065247535706,1.9613144397735596,39999
16.4283664226532,0.9767828583717346,0.9860022068023682,1.962298035621643,39479
16.438018083572388,0.9765083193778992,0.986115038394928,1.9632128477096558,39598
16.447723150253296,0.9764826893806458,0.9860677719116211,1.9643563032150269,39891
16.457589387893677,0.9763374924659729,0.9862154126167297,1.965713381767273,39466
16.46747589111328,0.976705014705658,0.9856052398681641,1.9672132730484009,40839
16.477667570114136,0.9764490723609924,0.9857503175735474,1.967972755432129,39573
16.488456964492798,0.9763870239257812,0.9858803153038025,1.9690097570419312,39553
16.49810290336609,0.9767870306968689,0.9855011701583862,1.9704667329788208,40477
16.508070468902588,0.9769998788833618,0.9852325916290283,1.9717011451721191,40228
16.518564224243164,0.9767423272132874,0.9854525923728943,1.9727559089660645,39395
16.52782654762268,0.9762077927589417,0.9857260584831238,1.973702073097229,39337
16.537471532821655,0.9759251475334167,0.9859472513198853,1.9746677875518799,39396
16.5481059551239,0.9767850637435913,0.9852730631828308,1.9762407541275024,40942
16.557486534118652,0.9767943024635315,0.9852501749992371,1.9773879051208496,39913
16.567660331726074,0.9768788814544678,0.9852476716041565,1.9784966707229614,39719
16.57765221595764,0.9763806462287903,0.9856294989585876,1.9793561697006226,39215
16.58825159072876,0.9758789539337158,0.9859658479690552,1.9804519414901733,39217
16.59747576713562,0.9762496948242188,0.9856505393981934,1.9817954301834106,40368
16.607572555541992,0.9765384197235107,0.9852489829063416,1.9830842018127441,40471
16.618457555770874,0.976514458656311,0.9854322671890259,1.9840764999389648,39536
16.627633094787598,0.9765326976776123,0.985517680644989,1.9852811098098755,39593
16.637550592422485,0.9765263199806213,0.985505223274231,1.986364483833313,39859
16.64775562286377,0.9766508340835571,0.9852534532546997,1.9875988960266113,40201
16.65764331817627,0.9768702983856201,0.9850462079048157,1.9889601469039917,40136
16.667420387268066,0.9766191244125366,0.985345184803009,1.9898419380187988,39348
16.67850136756897,0.9767022728919983,0.9853034615516663,1.990968108177185,39882
16.687599182128906,0.9763558506965637,0.9857144951820374,1.9920520782470703,39063
16.698485136032104,0.977043628692627,0.9849810004234314,1.9935542345046997,41059
16.707322120666504,0.9769850969314575,0.9851658940315247,1.9946861267089844,39533
16.717896699905396,0.9765985012054443,0.9854416251182556,1.9955905675888062,39373
16.728707313537598,0.9765260219573975,0.9855106472969055,1.9967149496078491,39652
16.738510608673096,0.9765926599502563,0.9855123162269592,1.997976303100586,39781
16.747400760650635,0.9770529866218567,0.9849933981895447,1.999356746673584,40724
16.75846767425537,0.9769307374954224,0.9852297902107239,2.000396728515625,39495
16.768080472946167,0.9766882061958313,0.9855307340621948,2.0012664794921875,39246
16.777970552444458,0.9767062067985535,0.9855337142944336,2.002434015274048,39812
16.787825107574463,0.9769617915153503,0.9852327704429626,2.003858804702759,40354
16.79787540435791,0.9770799875259399,0.9850911498069763,2.005030393600464,40003
16.807812690734863,0.9764990210533142,0.9856883883476257,2.0059092044830322,38887
16.817675352096558,0.9763640761375427,0.9857835173606873,2.0068910121917725,39591
16.82771635055542,0.9766002893447876,0.9857688546180725,2.0078842639923096,39826
16.837947130203247,0.9773232340812683,0.9851900935173035,2.009453535079956,40802
16.847586393356323,0.9773094654083252,0.9851555824279785,2.0105297565460205,39942
16.85740041732788,0.976965606212616,0.9854598641395569,2.011535882949829,39276
16.867532968521118,0.9767391085624695,0.9856463074684143,2.012601137161255,39460
16.87774896621704,0.9773063063621521,0.9852293729782104,2.0140326023101807,40509
16.88851809501648,0.9773995876312256,0.985168993473053,2.015230417251587,39940
16.89744544029236,0.9772043824195862,0.9853052496910095,2.0159711837768555,39617
16.908358335494995,0.9772384762763977,0.9853909611701965,2.016939640045166,39648
16.918686151504517,0.9772762656211853,0.9853976964950562,2.0179522037506104,39736
16.928032875061035,0.977636992931366,0.9850577116012573,2.0193207263946533,40494
16.937615156173706,0.9775326251983643,0.9852842688560486,2.02038836479187,39466
16.9475257396698,0.9777867197990417,0.9849991798400879,2.021571397781372,40252
16.95762324333191,0.9771734476089478,0.9856116771697998,2.022366762161255,38775
16.967715978622437,0.9769711494445801,0.9857791662216187,2.023148536682129,39546
16.977670907974243,0.9777718186378479,0.9852326512336731,2.024477243423462,40667
16.98854398727417,0.9779861569404602,0.9850819110870361,2.0255703926086426,40076
16.997738361358643,0.978116512298584,0.98502516746521,2.0266835689544678,39946
17.007952213287354,0.9777429699897766,0.9852641820907593,2.0273797512054443,39372
17.018632650375366,0.9778826236724854,0.9849509596824646,2.0285263061523438,40332
17.02776861190796,0.9774124026298523,0.9853676557540894,2.0293331146240234,39164
17.037791967391968,0.978126049041748,0.9849247932434082,2.0305564403533936,40513
17.047548532485962,0.9788675308227539,0.9840371608734131,2.0314998626708984,41280
17.05805492401123,0.978735089302063,0.9842777848243713,2.032578468322754,39456
17.06747603416443,0.9785897731781006,0.9844605922698975,2.0335400104522705,39509
17.077603101730347,0.9783177971839905,0.9848331809043884,2.0342440605163574,39254
17.087604761123657,0.9787000417709351,0.9843741059303284,2.035583257675171,40610
17.09764862060547,0.9786103367805481,0.9845930337905884,2.036458730697632,39536
17.107597589492798,0.979373037815094,0.9837868213653564,2.0373287200927734,41119
17.117533922195435,0.9790003895759583,0.9843791723251343,2.038203239440918,38915
17.127681493759155,0.9792031645774841,0.9843043088912964,2.039045810699463,39900
17.137712001800537,0.9791753888130188,0.9843306541442871,2.0398614406585693,39851
17.147721767425537,0.9793221950531006,0.9843379855155945,2.040945053100586,39842
17.157715559005737,0.9789469242095947,0.9847673773765564,2.041593313217163,39168
17.16766667366028,0.9798249006271362,0.9838920831680298,2.0427050590515137,41261
17.17768955230713,0.9800066351890564,0.9837808012962341,2.043419122695923,40104
17.187840461730957,0.9794812202453613,0.9847245216369629,2.0439393520355225,38233
17.198502779006958,0.9799038767814636,0.9844321608543396,2.0448827743530273,40322
17.207661151885986,0.979977548122406,0.984420120716095,2.045689821243286,39869
17.217733144760132,0.9800148606300354,0.9842751026153564,2.046557903289795,40077
17.22763967514038,0.9803706407546997,0.9839860200881958,2.047429323196411,40312
17.23763942718506,0.9805136919021606,0.9840500950813293,2.0482406616210938,39755
17.24774956703186,0.9806388020515442,0.984184980392456,2.048820972442627,39695
17.25819706916809,0.9805302023887634,0.9844567775726318,2.0494797229766846,39420
17.26769995689392,0.9806833267211914,0.9843586087226868,2.0501620769500732,39987
17.27741026878357,0.9805902242660522,0.9845293164253235,2.050654411315918,39589
17.287493467330933,0.9805281162261963,0.9847538471221924,2.051377296447754,39484
17.29758906364441,0.9806228876113892,0.9848425984382629,2.0520834922790527,39705
17.307848930358887,0.9813143014907837,0.9841822385787964,2.0530784130096436,40927
17.317885637283325,0.9816120862960815,0.9841365814208984,2.0537939071655273,39932
17.327890634536743,0.9817175269126892,0.9841620922088623,2.054448127746582,39786
17.33763551712036,0.9816221594810486,0.9843775629997253,2.0548970699310303,39507
17.347322702407837,0.9817404747009277,0.9843995571136475,2.055478096008301,39782
17.358746767044067,0.9817213416099548,0.9845358729362488,2.0560595989227295,39686
17.36766266822815,0.9816710352897644,0.9846746921539307,2.056525945663452,39636
17.377785444259644,0.9814718961715698,0.9849874973297119,2.0569159984588623,39377
17.387664079666138,0.9822483658790588,0.9844375252723694,2.0577452182769775,40750
17.39729356765747,0.9827702045440674,0.9841572642326355,2.0585198402404785,40329
17.407746076583862,0.982934832572937,0.9842692017555237,2.0590367317199707,39648
17.418555974960327,0.9831055402755737,0.9843282699584961,2.0594685077667236,39708
17.427536964416504,0.9831200838088989,0.9844303727149963,2.0600459575653076,39661
17.43778109550476,0.9831516146659851,0.9846371412277222,2.0604448318481445,39521
17.44791865348816,0.9831675887107849,0.9847997426986694,2.060810089111328,39630
17.458701610565186,0.9833812117576599,0.9848135113716125,2.0612635612487793,39815
17.467395305633545,0.9834599494934082,0.9850254654884338,2.0615932941436768,39511
17.477716207504272,0.9836389422416687,0.9850211143493652,2.0619874000549316,39811
17.487654209136963,0.9837745428085327,0.985077440738678,2.062380075454712,39835
17.497679948806763,0.9839339852333069,0.9851163029670715,2.062770366668701,39743
17.5078067779541,0.9837622046470642,0.9853973388671875,2.063001871109009,39392
17.51748251914978,0.9847519993782043,0.9846696853637695,2.063930034637451,40996
17.527738571166992,0.9848803877830505,0.984786868095398,2.0642447471618652,39667
17.537886142730713,0.9851456880569458,0.9846490621566772,2.0646779537200928,40042
17.547513723373413,0.9854215383529663,0.9845767021179199,2.065117597579956,39982
17.557672262191772,0.9856899380683899,0.9845409393310547,2.065507650375366,39910
17.567492485046387,0.9857757687568665,0.984677255153656,2.065765619277954,39649
17.57802391052246,0.9859402775764465,0.984713613986969,2.0660243034362793,39749
17.587369441986084,0.986151933670044,0.9846140742301941,2.0662670135498047,40015
17.597400188446045,0.986396074295044,0.9845679998397827,2.0665063858032227,39929
17.608241319656372,0.9867357611656189,0.9845371842384338,2.066753387451172,39921
17.61836862564087,0.9870679378509521,0.9844590425491333,2.0670254230499268,39981
17.627665758132935,0.986921489238739,0.9847637414932251,2.0670955181121826,39368
17.63766074180603,0.9871483445167542,0.9846233129501343,2.0673232078552246,40021
17.64798879623413,0.9866558313369751,0.9851953983306885,2.0673279762268066,38937
17.657899141311646,0.9869041442871094,0.9851502180099487,2.067495346069336,39952
17.667359590530396,0.9877335429191589,0.9847933053970337,2.0679690837860107,40466
17.677814245224,0.9882291555404663,0.9845025539398193,2.0680630207061768,40328
17.68831729888916,0.9884759187698364,0.9844197034835815,2.068288564682007,39972
17.69858717918396,0.9885947704315186,0.9843875169754028,2.068500280380249,39893
17.70853328704834,0.988410234451294,0.9846562743186951,2.0685157775878906,39426
17.71909499168396,0.9886125326156616,0.984616756439209,2.068671703338623,39921
17.72778868675232,0.9893031716346741,0.9842313528060913,2.0689806938171387,40499
17.7375750541687,0.9895905256271362,0.9842333793640137,2.0690293312072754,39849
17.74751615524292,0.9902763962745667,0.9836872816085815,2.0693812370300293,40707
17.75779628753662,0.9898581504821777,0.9844350814819336,2.0691757202148438,38689
17.767589330673218,0.9901610016822815,0.9842585921287537,2.0692999362945557,40130
17.77830457687378,0.9903432726860046,0.9843237400054932,2.069415330886841,39782
17.787728786468506,0.9899997115135193,0.9849157929420471,2.069267511367798,38884
17.798592805862427,0.9902966618537903,0.98488849401474,2.0693156719207764,39920
17.80769968032837,0.9914239048957825,0.9840848445892334,2.0698657035827637,41102
17.818620920181274,0.99161297082901,0.9840916395187378,2.069873094558716,39859
17.82850480079651,0.9913702011108398,0.984623908996582,2.069612979888916,39066
17.837647199630737,0.9919012784957886,0.9841992259025574,2.0700016021728516,40541
17.847344875335693,0.992060661315918,0.9842033386230469,2.0700416564941406,39853
17.857720136642456,0.991931676864624,0.9847043752670288,2.0697388648986816,39082
17.86857771873474,0.992489755153656,0.9844456911087036,2.0699265003204346,40282
17.87865710258484,0.9929047226905823,0.9843190908432007,2.069931983947754,40082
17.88782262802124,0.9930800795555115,0.9843117594718933,2.069913387298584,39786
17.897602319717407,0.993100106716156,0.9843546748161316,2.0697021484375,39849
17.90757966041565,0.9932595491409302,0.9843693375587463,2.0696256160736084,39841
17.917465448379517,0.9935360550880432,0.9843907952308655,2.0695736408233643,39834
17.927581310272217,0.9940891861915588,0.9841320514678955,2.0697319507598877,40258
17.93746781349182,0.9944197535514832,0.9840801358222961,2.0696797370910645,39942
17.947693347930908,0.9942243099212646,0.9844763875007629,2.0693531036376953,39233
17.958310842514038,0.9943750500679016,0.9844927191734314,2.0692293643951416,39823
17.96747326850891,0.9946823716163635,0.9844185709953308,2.0689921379089355,39989
17.977709531784058,0.9948912262916565,0.9844666123390198,2.0689022541046143,39790
17.987818479537964,0.9951948523521423,0.9845354557037354,2.068815231323242,39752
17.998212337493896,0.9950350522994995,0.9848896265029907,2.0684964656829834,39284
18.007733583450317,0.9956270456314087,0.9845161437988281,2.068539619445801,40453
18.018266916275024,0.9954056739807129,0.984913170337677,2.0682051181793213,39211
18.0277419090271,0.9962752461433411,0.9844224452972412,2.0684316158294678,40663
18.038137435913086,0.9965911507606506,0.9843818545341492,2.0682544708251953,39908
18.047144651412964,0.996917724609375,0.9843371510505676,2.0681164264678955,39953
18.057539701461792,0.9969262480735779,0.9844184517860413,2.0677852630615234,39765
18.06758737564087,0.9971568584442139,0.9843205809593201,2.0675997734069824,40020
18.07739019393921,0.9972743391990662,0.984462559223175,2.0673129558563232,39634
18.08845615386963,0.9978481531143188,0.9841275215148926,2.06730055809021,40388
18.097939014434814,0.9980871677398682,0.9841583371162415,2.0670342445373535,39796
18.10758924484253,0.9985369443893433,0.9840052127838135,2.0667786598205566,40118
18.117307901382446,0.9986987709999084,0.9840555191040039,2.0665409564971924,39794
18.127268075942993,0.9989814162254333,0.9840612411499023,2.066318988800049,39861
18.137611150741577,0.9991020560264587,0.9843482971191406,2.0659587383270264,39401
18.147646188735962,0.9993706345558167,0.9843113422393799,2.065619468688965,39909
18.157687187194824,0.9998675584793091,0.9840918779373169,2.065312147140503,40253
18.16777992248535,1.0001094341278076,0.9840919375419617,2.0649518966674805,39867
18.178510904312134,0.999825119972229,0.9846726059913635,2.064335346221924,38921
18.187578916549683,1.0001150369644165,0.9846208691596985,2.064037799835205,39946
18.31222939491272,1.0006388425827026,0.9847002029418945,2.0628600120544434,39957
18.319413900375366,1.001344084739685,0.9842599630355835,2.0626778602600098,40569
18.32587742805481,1.0012136697769165,0.9846398830413818,2.062127113342285,39227
18.334058046340942,1.0022369623184204,0.9838855266571045,2.062030792236328,41114
18.340901851654053,1.0027024745941162,0.9836173057556152,2.0616536140441895,40304
18.34705400466919,1.0032870769500732,0.9832425713539124,2.061209201812744,40509
18.352980852127075,1.0030066967010498,0.9838428497314453,2.060814142227173,38916
18.358153820037842,1.0032402276992798,0.983824610710144,2.0603408813476562,39869
18.364523887634277,1.003408432006836,0.9838873744010925,2.059563398361206,39793
18.371204614639282,1.0040614604949951,0.9837160706520081,2.059340715408325,40151
18.37654757499695,1.0043338537216187,0.9837063550949097,2.058772087097168,39897
18.383016109466553,1.0046112537384033,0.9835987091064453,2.0582752227783203,40049
18.38847780227661,1.0047036409378052,0.983549177646637,2.0576674938201904,39974
18.39353060722351,1.0052297115325928,0.9833292365074158,2.0573997497558594,40242
18.39932370185852,1.0057201385498047,0.9833101630210876,2.0568289756774902,39927
18.40485119819641,1.006056308746338,0.9832512736320496,2.0563087463378906,39988
18.41145348548889,1.006293773651123,0.9831881523132324,2.0557308197021484,39992
18.417078971862793,1.0069496631622314,0.9826314449310303,2.055190086364746,40805
18.422264337539673,1.007116675376892,0.9826667308807373,2.0545856952667236,39870
18.42851424217224,1.006894588470459,0.9832980632781982,2.053736448287964,38871
18.433693170547485,1.0074406862258911,0.9830764532089233,2.053165912628174,40239
18.44005799293518,1.007371187210083,0.9834153652191162,2.0525307655334473,39365
18.445642471313477,1.0079478025436401,0.9831602573394775,2.0521485805511475,40298
18.451619625091553,1.0089963674545288,0.9822760224342346,2.051900625228882,41336
18.457969427108765,1.0095787048339844,0.9819291234016418,2.051035165786743,40481
18.468042850494385,1.0095055103302002,0.9823964834213257,2.0503764152526855,39158
18.477768898010254,1.0096744298934937,0.9825857281684875,2.049476146697998,39603
18.48760962486267,1.0096837282180786,0.9828216433525085,2.0489370822906494,39545
18.497525930404663,1.0104811191558838,0.9823600053787231,2.04860258102417,40667
18.507816076278687,1.0107059478759766,0.9823127388954163,2.0478858947753906,40002
18.517486333847046,1.011112928390503,0.9822070002555847,2.0472748279571533,40079
18.52738046646118,1.0120033025741577,0.9817807674407959,2.046685218811035,40617
18.53724718093872,1.0122591257095337,0.981770396232605,2.046044111251831,39948
18.54746389389038,1.012496829032898,0.981654703617096,2.0454366207122803,40142
18.557705640792847,1.0125519037246704,0.9820328950881958,2.0443601608276367,39288
18.568325519561768,1.0130152702331543,0.9819424748420715,2.043752431869507,40105
18.578397512435913,1.0135552883148193,0.981774628162384,2.043159008026123,40193
18.58758234977722,1.0140132904052734,0.9817042350769043,2.0425641536712646,40049
18.59832262992859,1.0144271850585938,0.9815467000007629,2.04209303855896,40163
18.60774278640747,1.0152745246887207,0.981053352355957,2.0414986610412598,40761
18.61757254600525,1.015832781791687,0.9806958436965942,2.040689706802368,40530
18.627646684646606,1.0158902406692505,0.9810823202133179,2.0401017665863037,39338
18.637588500976562,1.0162407159805298,0.9811249375343323,2.039322853088379,39875
18.647903442382812,1.0165899991989136,0.9810283780097961,2.0386815071105957,40120
18.65741491317749,1.016502857208252,0.9814410209655762,2.03794264793396,39267
18.667321920394897,1.0169284343719482,0.981250524520874,2.037320375442505,40250
18.678661823272705,1.017778992652893,0.9807106256484985,2.036850690841675,40841
18.68840217590332,1.0182470083236694,0.9805167317390442,2.0362188816070557,40268
18.697445154190063,1.0187171697616577,0.9803540706634521,2.0355091094970703,40274
18.707776069641113,1.018950343132019,0.9805114269256592,2.03462290763855,39663
18.717883825302124,1.0189481973648071,0.9809837341308594,2.0337486267089844,39207
18.728068351745605,1.0195854902267456,0.9807168245315552,2.0333611965179443,40397
18.73868179321289,1.0194071531295776,0.9811205267906189,2.032381534576416,39327
18.748231887817383,1.0202157497406006,0.9806318879127502,2.0319576263427734,40743
18.757934093475342,1.0207024812698364,0.9803777933120728,2.0313265323638916,40423
18.767616271972656,1.0213780403137207,0.9800612926483154,2.0308597087860107,40471
18.777645349502563,1.021597146987915,0.9801328182220459,2.030064821243286,39873
18.78753161430359,1.0219851732254028,0.9801210165023804,2.0295023918151855,39990
18.797622203826904,1.022434949874878,0.9799113273620605,2.028780937194824,40329
18.80747389793396,1.0225322246551514,0.9801158905029297,2.0281620025634766,39657
18.81799578666687,1.0231311321258545,0.9797058701515198,2.02756404876709,40645
18.82774567604065,1.0234732627868652,0.9796363711357117,2.02693510055542,40092
18.837419271469116,1.0241972208023071,0.9792793393135071,2.0263261795043945,40593
18.84750533103943,1.0245754718780518,0.9792726039886475,2.0257673263549805,40039
18.85754370689392,1.0248124599456787,0.979267954826355,2.0250353813171387,40005
18.86753797531128,1.025020718574524,0.9793810248374939,2.024343252182007,39771
18.877639532089233,1.025114893913269,0.9795839786529541,2.0235397815704346,39708
18.8875892162323,1.0255721807479858,0.97947096824646,2.0231523513793945,40163
18.897529363632202,1.02547025680542,0.9800240993499756,2.0223262310028076,39110
18.909186363220215,1.0256896018981934,0.980089008808136,2.0218191146850586,39876
18.917418718338013,1.0265473127365112,0.9795114398002625,2.0215325355529785,40935
18.93006181716919,1.0269933938980103,0.979385256767273,2.021010160446167,40210
18.9381320476532,1.027207851409912,0.9794702529907227,2.020328998565674,39870
18.94767475128174,1.0274417400360107,0.9794439077377319,2.019747495651245,40041
18.957830905914307,1.0274027585983276,0.9797152876853943,2.018850088119507,39567
18.967901706695557,1.028014063835144,0.9795633554458618,2.0185415744781494,40242
18.97762393951416,1.0283781290054321,0.9795544743537903,2.0180094242095947,40038
18.987324714660645,1.0283170938491821,0.9799280762672424,2.017282247543335,39370
18.997645378112793,1.0286102294921875,0.9798895120620728,2.016780376434326,40055
19.007583379745483,1.0294597148895264,0.9792213439941406,2.016536235809326,41119
19.017944812774658,1.0297216176986694,0.9792376160621643,2.0158467292785645,39985
19.027543783187866,1.0297863483428955,0.9794623255729675,2.0152382850646973,39657
19.037603616714478,1.0300136804580688,0.9794227480888367,2.0147812366485596,40073
19.047370433807373,1.0300724506378174,0.9796196818351746,2.0139734745025635,39698
19.057498693466187,1.0303983688354492,0.9796512126922607,2.01374888420105,39911
19.067885637283325,1.03067147731781,0.9798025488853455,2.0132439136505127,39761
19.07797122001648,1.030676007270813,0.9797680377960205,2.012761116027832,40048
19.08775281906128,1.0307636260986328,0.9800823926925659,2.0120489597320557,39495
19.097695350646973,1.0315126180648804,0.9797645211219788,2.011767864227295,40514
19.10833191871643,1.0317037105560303,0.979864239692688,2.0112814903259277,39847
19.118311882019043,1.0321911573410034,0.9796923398971558,2.010809898376465,40261
19.128262996673584,1.0321383476257324,0.9799572825431824,2.010258674621582,39581
19.137431383132935,1.0319879055023193,0.9802675843238831,2.009455680847168,39458
19.147207021713257,1.0323959589004517,0.9801832437515259,2.0092110633850098,40162
19.157398223876953,1.032649278640747,0.9802786111831665,2.0087921619415283,39812
19.167295932769775,1.0327425003051758,0.980457067489624,2.0083518028259277,39694
19.177568197250366,1.032912254333496,0.9804967045783997,2.007888078689575,39947
19.187650680541992,1.0330736637115479,0.9805577397346497,2.0074610710144043,39887
19.197278022766113,1.0333677530288696,0.9805150032043457,2.007082223892212,40053
19.20784592628479,1.0338492393493652,0.9801728129386902,2.006678342819214,40532
19.217756748199463,1.0333667993545532,0.9810453057289124,2.006089687347412,38571
19.228257656097412,1.0343133211135864,0.9802918434143066,2.005776882171631,41185
19.237548351287842,1.0344054698944092,0.9803528189659119,2.0052688121795654,39914
19.24868130683899,1.034574031829834,0.9804103374481201,2.004896879196167,39869
19.257760286331177,1.0342899560928345,0.9812554121017456,2.0044147968292236,38615
19.268380403518677,1.0345031023025513,0.9812885522842407,2.004067897796631,39923
19.277642965316772,1.0345251560211182,0.9813771843910217,2.003715991973877,39876
19.28758668899536,1.0343066453933716,0.9815313220024109,2.003094434738159,39714
19.297268390655518,1.0346722602844238,0.9816114902496338,2.0029585361480713,39832
19.307641744613647,1.0347874164581299,0.9817507863044739,2.0025956630706787,39735
19.31762981414795,1.0349736213684082,0.9818666577339172,2.0022506713867188,39764
19.327560424804688,1.0351076126098633,0.9819457530975342,2.001889705657959,39782
19.337573766708374,1.0351459980010986,0.9820429086685181,2.001530408859253,39766
19.34759283065796,1.0354666709899902,0.9817679524421692,2.001131296157837,40414
19.35736393928528,1.0356308221817017,0.9818571209907532,2.000833511352539,39810
19.367706537246704,1.035867691040039,0.9818701148033142,2.0005075931549072,39951
19.377431869506836,1.0360095500946045,0.9818738102912903,2.000206232070923,39949
19.387471914291382,1.0360454320907593,0.9819114208221436,1.9999052286148071,39889
19.397404193878174,1.035584807395935,0.9825226664543152,1.9993677139282227,38957
19.407607555389404,1.0354902744293213,0.9827855825424194,1.9990817308425903,39531
19.41797113418579,1.036301612854004,0.9822039604187012,1.9989286661148071,40873
19.427592039108276,1.0364232063293457,0.9823272824287415,1.998617172241211,39752
19.437496423721313,1.036525011062622,0.9824090003967285,1.9982573986053467,39787
19.44774317741394,1.0365937948226929,0.982516348361969,1.9979366064071655,39766
19.458020448684692,1.0366030931472778,0.9826026558876038,1.9976763725280762,39803
19.46778631210327,1.0367283821105957,0.9826591610908508,1.997488021850586,39842
19.477957487106323,1.036772608757019,0.9828231930732727,1.9973443746566772,39669
19.487561225891113,1.0368486642837524,0.9828622937202454,1.9971336126327515,39870
19.49765968322754,1.0369371175765991,0.9828788638114929,1.996881365776062,39905
19.50760841369629,1.0370506048202515,0.982942521572113,1.996610403060913,39816
19.517656564712524,1.0373586416244507,0.9830136895179749,1.9963123798370361,39809
19.527751445770264,1.0375441312789917,0.9830437302589417,1.9960789680480957,39878
19.538294553756714,1.0377177000045776,0.9830051064491272,1.9957643747329712,39992
19.54755425453186,1.037781000137329,0.9830506443977356,1.995566964149475,39844
19.557552576065063,1.037889838218689,0.9830700159072876,1.9953837394714355,39893
19.56751537322998,1.0377936363220215,0.9834394454956055,1.995011329650879,39327
19.57737135887146,1.0380319356918335,0.9833729267120361,1.9948149919509888,40013
19.587437629699707,1.0382108688354492,0.9833666086196899,1.9945924282073975,39939
19.59760594367981,1.038562536239624,0.9831936955451965,1.9945011138916016,40196
19.607569456100464,1.0379793643951416,0.9838457107543945,1.9940130710601807,38856
19.61771321296692,1.038164734840393,0.9839298129081726,1.9938380718231201,39696
19.62741708755493,1.0386786460876465,0.983887791633606,1.9938251972198486,40043
19.637693166732788,1.0390582084655762,0.9837579131126404,1.9935495853424072,40103
19.647648572921753,1.0390701293945312,0.9839820265769958,1.9933154582977295,39544
19.657781839370728,1.039168119430542,0.9839705228805542,1.9931260347366333,39910
19.667510271072388,1.0392963886260986,0.9839236736297607,1.9929289817810059,39987
19.677660942077637,1.0394011735916138,0.9840059876441956,1.992732048034668,39760
19.688544750213623,1.0395877361297607,0.9840508699417114,1.992552399635315,39826
19.697373628616333,1.0398215055465698,0.9840494990348816,1.9923784732818604,39942
19.708513259887695,1.0399452447891235,0.984126627445221,1.9921786785125732,39738
19.717739582061768,1.0399622917175293,0.9843087792396545,1.9919744729995728,39599
19.728426218032837,1.0400609970092773,0.984409511089325,1.9917750358581543,39732
19.738239765167236,1.0402698516845703,0.9843977093696594,1.9917421340942383,39914
19.748384714126587,1.0404243469238281,0.9844166040420532,1.9915831089019775,39862
19.757757663726807,1.0405381917953491,0.9845393300056458,1.9913557767868042,39689
19.768522024154663,1.0406724214553833,0.9846025705337524,1.9910776615142822,39772
19.7785906791687,1.0408685207366943,0.9845874905586243,1.990888237953186,39909
19.788111686706543,1.0409151315689087,0.9846892356872559,1.9907459020614624,39730
19.798214435577393,1.0411843061447144,0.9850521683692932,1.9906139373779297,39304
19.807626724243164,1.0415301322937012,0.9848618507385254,1.9903148412704468,40188
19.81774067878723,1.0414752960205078,0.9850579500198364,1.9902009963989258,39566
19.827516555786133,1.0413521528244019,0.9852582216262817,1.989858865737915,39533
19.83858823776245,1.0415376424789429,0.985343337059021,1.9897111654281616,39741
19.847654342651367,1.0417464971542358,0.985439121723175,1.9895442724227905,39722
19.85867977142334,1.041293740272522,0.9862576127052307,1.9890971183776855,38489
19.86856746673584,1.041343331336975,0.9864261746406555,1.9889271259307861,39573
19.877557039260864,1.041804552078247,0.9862414598464966,1.988935112953186,40166
19.887487411499023,1.0419315099716187,0.9863625168800354,1.9888283014297485,39650
19.897844552993774,1.0421148538589478,0.9863843321800232,1.988706111907959,39797
19.908486127853394,1.0422444343566895,0.9864315986633301,1.988595724105835,39768
19.918558597564697,1.0423604249954224,0.9865220785140991,1.9884650707244873,39693
19.92840600013733,1.0424641370773315,0.9866721630096436,1.9883208274841309,39595
19.93868589401245,1.0425931215286255,0.9868091940879822,1.9881985187530518,39573
19.947336673736572,1.042920708656311,0.9868547916412354,1.9882429838180542,39816
19.95747685432434,1.0430198907852173,0.9869254231452942,1.9881682395935059,39701
19.968063354492188,1.0428998470306396,0.9870802164077759,1.9879285097122192,39545
19.977949619293213,1.0429128408432007,0.9870975017547607,1.9877992868423462,39880
19.98799967765808,1.0433188676834106,0.9870960712432861,1.9877504110336304,39831
19.997304916381836,1.0432898998260498,0.9875319600105286,1.9874409437179565,39125
