timestamp,cur_x,cur_y,cur_z,thrust
0.8749792575836182,1.0102723836898804,0.06713002175092697,0.9810394644737244,44000
0.8840165138244629,1.0102540254592896,0.06704629957675934,0.9810683727264404,44000
0.8953192234039307,1.010252594947815,0.06706588715314865,0.9810649752616882,44000
0.9053411483764648,1.0102249383926392,0.0670381411910057,0.9810827374458313,44000
0.9157254695892334,1.010227918624878,0.0670253187417984,0.9811092019081116,44000
0.9244630336761475,1.0102746486663818,0.06708035618066788,0.9810316562652588,44000
0.9372022151947021,1.0102251768112183,0.06711625307798386,0.9810603857040405,44000
0.9444210529327393,1.0102671384811401,0.06711667776107788,0.9810706377029419,44000
0.9550621509552002,1.0102101564407349,0.06706552952528,0.981088399887085,44000
0.9643783569335938,1.0102267265319824,0.06708740442991257,0.9810757637023926,44000
0.9755816459655762,1.0102312564849854,0.06706882268190384,0.9811014533042908,44000
0.9843225479125977,1.010210633277893,0.06706639379262924,0.9811012148857117,44000
0.994316816329956,1.0102417469024658,0.06710240244865417,0.9811036586761475,44000
1.0037591457366943,1.010232925415039,0.0671895295381546,0.9811031222343445,44000
1.01422119140625,1.0101802349090576,0.06719479709863663,0.981132984161377,44000
1.0242087841033936,1.0101951360702515,0.06716692447662354,0.9811018109321594,44000
1.0343632698059082,1.0101475715637207,0.06724271178245544,0.9810800552368164,44000
1.0442752838134766,1.0101088285446167,0.0672614648938179,0.9810674786567688,44000
1.0539991855621338,1.010101318359375,0.06739281862974167,0.9810498952865601,44000
1.0643491744995117,1.0099574327468872,0.06762387603521347,0.9810085296630859,44000
1.074340581893921,1.0098305940628052,0.06782817095518112,0.9810259938240051,44000
1.0840308666229248,1.0096054077148438,0.06824672222137451,0.9810203909873962,44000
1.0944530963897705,1.0093046426773071,0.06866642087697983,0.9809905290603638,44000
1.1039025783538818,1.0089592933654785,0.06923920661211014,0.9809412956237793,44000
1.115861415863037,1.0085712671279907,0.06999322026968002,0.9808710217475891,44000
1.1242198944091797,1.0081413984298706,0.07090967893600464,0.9808508157730103,44000
1.1343483924865723,1.0075836181640625,0.07191789895296097,0.980728030204773,44000
1.144252061843872,1.0068227052688599,0.07293056696653366,0.980737030506134,44000
1.1543309688568115,1.0061687231063843,0.07399150729179382,0.9807813763618469,44000
1.164565086364746,1.0056970119476318,0.0755392387509346,0.9808462262153625,44000
1.1749508380889893,1.005096197128296,0.07734110206365585,0.9805871844291687,44000
1.184896469116211,1.004353642463684,0.07933951914310455,0.9804744124412537,44000
1.194918155670166,1.0032984018325806,0.08103790134191513,0.9802677631378174,44000
1.2054357528686523,1.0025182962417603,0.083002008497715,0.980157196521759,44000
1.214066743850708,1.001354455947876,0.08469835668802261,0.979918360710144,44000
1.2263948917388916,1.0000640153884888,0.0872671902179718,0.9794696569442749,44000
1.2400622367858887,0.9988355040550232,0.08976924419403076,0.9790512323379517,44000
1.2453434467315674,0.9977205991744995,0.09202488511800766,0.9789890646934509,44000
1.2551002502441406,0.9961079955101013,0.09462802112102509,0.9784812927246094,44000
1.2696480751037598,0.9946616888046265,0.09722428023815155,0.9781243801116943,44000
1.2756471633911133,0.9934679865837097,0.1003374457359314,0.9780207276344299,44000
1.2850725650787354,0.991726815700531,0.1030355766415596,0.9775387048721313,44000
1.2942264080047607,0.9902908802032471,0.10630152374505997,0.9770419597625732,44000
1.3041374683380127,0.9887369275093079,0.1096038818359375,0.9765109419822693,44000
1.314246654510498,0.9870703816413879,0.1124337762594223,0.9761245250701904,44000
1.3243937492370605,0.984821617603302,0.11445678770542145,0.9764407873153687,44000
1.335275650024414,0.9833418726921082,0.11842212826013565,0.9752017855644226,44000
1.3464055061340332,0.9815226197242737,0.12234637886285782,0.9748196601867676,44000
1.3541884422302246,0.9797585606575012,0.1256066858768463,0.9742658138275146,44000
1.3645272254943848,0.9775152206420898,0.12930265069007874,0.9734862446784973,44000
1.3748340606689453,0.9754909873008728,0.13244712352752686,0.9730442762374878,44000
1.3859596252441406,0.9732811450958252,0.13622771203517914,0.9722888469696045,44000
1.394068956375122,0.9711552262306213,0.13961686193943024,0.9716717600822449,44000
1.404101848602295,0.9692018628120422,0.1433885097503662,0.9710920453071594,44000
1.414057970046997,0.966732382774353,0.14664781093597412,0.9703647494316101,44000
1.4239814281463623,0.9644966721534729,0.15023133158683777,0.9696788191795349,44000
1.4335947036743164,0.9621833562850952,0.154141366481781,0.9688349366188049,44000
1.443828821182251,0.9597330093383789,0.15758153796195984,0.9683111906051636,44000
1.4537200927734375,0.957314670085907,0.16129784286022186,0.9672893285751343,44000
1.4638187885284424,0.9549714922904968,0.16489937901496887,0.9665877223014832,44000
1.4739289283752441,0.9525171518325806,0.16886654496192932,0.9660922884941101,44000
1.4849286079406738,0.9500144124031067,0.17245502769947052,0.9650223851203918,44000
1.4940416812896729,0.9475998878479004,0.17618907988071442,0.9644482135772705,44000
1.5038297176361084,0.9448074102401733,0.17959365248680115,0.9637385606765747,44000
1.5153584480285645,0.9422132968902588,0.1833871454000473,0.9627363681793213,44000
1.52400541305542,0.9396183490753174,0.18729515373706818,0.9616901874542236,44000
1.5339958667755127,0.9368706941604614,0.19104014337062836,0.9609244465827942,44000
1.5441217422485352,0.9343590140342712,0.1949540078639984,0.9603477716445923,44000
1.5580847263336182,0.9314659833908081,0.19872313737869263,0.9592434167861938,44000
1.565004587173462,0.9287902116775513,0.202383890748024,0.958401620388031,44000
1.5755963325500488,0.9262233972549438,0.20623166859149933,0.9578232169151306,44000
1.584244966506958,0.9231789112091064,0.21035514771938324,0.9566748738288879,44000
1.5943548679351807,0.9207521080970764,0.21395698189735413,0.9560050368309021,44000
1.6043426990509033,0.9177871346473694,0.21787965297698975,0.9550512433052063,44000
1.6144821643829346,0.9150528907775879,0.22215208411216736,0.9540127515792847,44000
1.6252329349517822,0.9122766852378845,0.22608232498168945,0.9532988667488098,44000
1.6363329887390137,0.9093029499053955,0.22980372607707977,0.9521113634109497,44000
1.644317865371704,0.9065315127372742,0.23376913368701935,0.951250433921814,44000
1.6555612087249756,0.9037877917289734,0.23779530823230743,0.950407087802887,44000
1.6664350032806396,0.9009130001068115,0.24190571904182434,0.9493519067764282,44000
1.675126552581787,0.8979895114898682,0.2457779198884964,0.9483293890953064,44000
1.685645341873169,0.8952315449714661,0.2496449202299118,0.9476295113563538,44000
1.6951971054077148,0.8925909399986267,0.2539898455142975,0.9464276432991028,44000
1.703979253768921,0.8896394968032837,0.25740450620651245,0.9457113146781921,44000
1.7141623497009277,0.8869432210922241,0.2614361047744751,0.9446025490760803,44000
1.7281596660614014,0.8838679790496826,0.26559412479400635,0.9436759948730469,44000
1.7345714569091797,0.8812293410301208,0.2696426510810852,0.9427420496940613,44000
1.7440850734710693,0.8783636093139648,0.27338048815727234,0.9415852427482605,44000
1.7565689086914062,0.8757078051567078,0.2778626084327698,0.9407567381858826,44000
1.7639367580413818,0.8729983568191528,0.2816104292869568,0.9399722218513489,44000
1.774184226989746,0.8701561689376831,0.2856385111808777,0.9390086531639099,44000
1.7841157913208008,0.8674017190933228,0.29006391763687134,0.9378498196601868,44000
1.7943556308746338,0.8649039268493652,0.2937852144241333,0.9371461868286133,44000
1.8044071197509766,0.8619822859764099,0.2979808449745178,0.9359762072563171,44000
1.8144359588623047,0.859524667263031,0.30206698179244995,0.9352473020553589,44000
1.824390172958374,0.8567337989807129,0.306363970041275,0.933993935585022,44000
1.834561824798584,0.8541125655174255,0.31043630838394165,0.9331586956977844,44000
1.8442027568817139,0.8514572978019714,0.3142315149307251,0.9322777986526489,44000
1.8540751934051514,0.848860502243042,0.31849583983421326,0.9312129020690918,44000
1.8667340278625488,0.8465574979782104,0.3227422535419464,0.9304613471031189,44000
1.8741796016693115,0.8438079953193665,0.3265831470489502,0.9294222593307495,44000
1.8844244480133057,0.8414480686187744,0.3306743800640106,0.9285916090011597,44000
1.8942890167236328,0.8390385508537292,0.33483752608299255,0.9276560544967651,44000
1.9045805931091309,0.8364972472190857,0.3389487564563751,0.9267135262489319,44000
1.9139833450317383,0.8340660333633423,0.3432031571865082,0.9255704283714294,44000
1.9241328239440918,0.8316298127174377,0.34728848934173584,0.9246823191642761,44000
1.9364371299743652,0.8294126987457275,0.35126128792762756,0.9240027070045471,44000
1.9440760612487793,0.8270303010940552,0.35548120737075806,0.922759473323822,44000
1.954394817352295,0.8246430158615112,0.3590528070926666,0.9222848415374756,44000
1.9649808406829834,0.8223731517791748,0.36394476890563965,0.9206801056861877,44000
1.9749014377593994,0.8203291296958923,0.36796125769615173,0.9199976921081543,44000
1.983978033065796,0.8182468414306641,0.37234583497047424,0.9190806150436401,44000
1.9940857887268066,0.816072940826416,0.37613043189048767,0.9184663891792297,44000
2.00636887550354,0.8139333724975586,0.3803720474243164,0.9174038767814636,44000
2.014270067214966,0.8119787573814392,0.3847450613975525,0.9165657162666321,44000
2.024184226989746,0.8099435567855835,0.38886088132858276,0.9154050350189209,44000
2.0342583656311035,0.807914137840271,0.3926943242549896,0.9147617816925049,44000
2.0452017784118652,0.8060640096664429,0.3967213034629822,0.9139792919158936,44000
2.0551140308380127,0.8042832016944885,0.40079841017723083,0.9132874608039856,44000
2.0654945373535156,0.8025266528129578,0.4051428437232971,0.9124135375022888,44000
2.0740137100219727,0.8005490899085999,0.4091329574584961,0.9114568829536438,44000
2.0845425128936768,0.7989192008972168,0.4131552577018738,0.9108744263648987,44000
2.0942184925079346,0.7972235679626465,0.41733425855636597,0.9100252985954285,44000
2.1055057048797607,0.7956113815307617,0.4212931990623474,0.9092012047767639,44000
2.1157658100128174,0.79388827085495,0.42560791969299316,0.9080925583839417,44000
2.1267354488372803,0.7924391031265259,0.42949482798576355,0.9075901508331299,44000
2.1341047286987305,0.790876567363739,0.43386802077293396,0.9065984487533569,44000
2.1439454555511475,0.7894877195358276,0.43756264448165894,0.9059878587722778,44000
2.1549904346466064,0.7879706025123596,0.4417012631893158,0.9048537611961365,44000
2.1643316745758057,0.7868192195892334,0.44553032517433167,0.9044936299324036,44000
2.1752190589904785,0.7854973673820496,0.4497874677181244,0.9037481546401978,44000
2.1842598915100098,0.7841013073921204,0.45364612340927124,0.9027320742607117,44000
2.1943368911743164,0.7829254865646362,0.4575643837451935,0.9019566178321838,44000
2.2039577960968018,0.7817541360855103,0.46152418851852417,0.901141881942749,44000
2.2142066955566406,0.7808105945587158,0.46568748354911804,0.9003582000732422,44000
2.225318431854248,0.7796610593795776,0.469361275434494,0.8996101021766663,44000
2.2342891693115234,0.7787322402000427,0.4732312560081482,0.8988616466522217,44000
2.2439467906951904,0.777812659740448,0.4772527515888214,0.8980632424354553,44000
2.254032611846924,0.7770208716392517,0.4811662435531616,0.8975740075111389,44000
2.2642982006073,0.7761861085891724,0.48466289043426514,0.896880567073822,44000
2.274585485458374,0.7753271460533142,0.48864930868148804,0.895831286907196,44000
2.284473180770874,0.7746403813362122,0.4925253391265869,0.8951697945594788,44000
2.2940664291381836,0.7739881277084351,0.49646681547164917,0.8945093750953674,44000
2.304206609725952,0.773341178894043,0.49996355175971985,0.8937855362892151,44000
2.3143911361694336,0.7727299928665161,0.503803014755249,0.8929041624069214,44000
2.3243508338928223,0.7722993493080139,0.5073240995407104,0.8924477100372314,44000
2.3338136672973633,0.7717318534851074,0.51118403673172,0.8915553689002991,44000
2.344041347503662,0.7713513970375061,0.5148321390151978,0.8908965587615967,44000
2.353999614715576,0.7709899544715881,0.5184540748596191,0.89024418592453,44000
2.3652236461639404,0.7707380056381226,0.5221037268638611,0.889474630355835,44000
2.373953104019165,0.770473301410675,0.5256511569023132,0.8888884782791138,44000
2.38639760017395,0.770308792591095,0.5291557312011719,0.8885458707809448,44000
2.393860340118408,0.7701457738876343,0.5327578783035278,0.8878712058067322,44000
2.403897762298584,0.7699841260910034,0.5363521575927734,0.8871667981147766,44000
2.4175381660461426,0.7700487971305847,0.539983868598938,0.8865995407104492,44000
2.4241316318511963,0.7700648903846741,0.5436869859695435,0.8859422206878662,44000
2.43818736076355,0.7699989676475525,0.546909511089325,0.8853636384010315,44000
2.4448320865631104,0.7700048685073853,0.5505614876747131,0.8845880031585693,44000
2.4542617797851562,0.7701886296272278,0.553974449634552,0.8842604756355286,44000
2.4646778106689453,0.7702511548995972,0.5578399300575256,0.8835013508796692,44000
2.4751203060150146,0.7705032229423523,0.5608556866645813,0.8834457993507385,44000
2.485438823699951,0.7708038091659546,0.5643653273582458,0.882794976234436,44000
2.4961955547332764,0.7710320949554443,0.5678707957267761,0.8820551037788391,44000
2.507096290588379,0.7712917327880859,0.5713238716125488,0.8816420435905457,44000
2.518284797668457,0.7715790867805481,0.574784517288208,0.8812144994735718,44000
2.524958372116089,0.7721513509750366,0.5780751705169678,0.8810255527496338,44000
2.5342319011688232,0.7724773287773132,0.5816040635108948,0.8803750276565552,44000
2.5453639030456543,0.7729352116584778,0.5850469470024109,0.8799713253974915,44000
2.5556774139404297,0.7733121514320374,0.5884137153625488,0.8796361684799194,44000
2.5642900466918945,0.7738788723945618,0.5918094515800476,0.8793004751205444,44000
2.5770998001098633,0.7744594216346741,0.5952077507972717,0.8789488077163696,44000
2.587512493133545,0.7750013470649719,0.5986088514328003,0.8786371946334839,44000
2.5942373275756836,0.775519609451294,0.6019068360328674,0.8784036636352539,44000
2.604445457458496,0.776273787021637,0.6052881479263306,0.8781090378761292,44000
2.6143953800201416,0.7770004272460938,0.6087064146995544,0.8778343796730042,44000
2.6238977909088135,0.7775935530662537,0.6123327612876892,0.8775975108146667,44000
2.63472580909729,0.7783644795417786,0.6153687834739685,0.8774742484092712,44000
2.644275426864624,0.7791203260421753,0.6187300682067871,0.8772240877151489,44000
2.654526710510254,0.7799331545829773,0.6219474673271179,0.8772753477096558,44000
2.6641273498535156,0.7808648347854614,0.6253432035446167,0.8773469924926758,44000
2.675313949584961,0.781588613986969,0.6287417411804199,0.8767581582069397,44000
2.6839706897735596,0.782413899898529,0.6319295167922974,0.8768628835678101,44000
2.694146156311035,0.7834363579750061,0.6353808641433716,0.8770310282707214,44000
2.70438814163208,0.7841314077377319,0.6386456489562988,0.8764669895172119,44000
2.7144405841827393,0.7851236462593079,0.641651451587677,0.8768718242645264,44000
2.7245078086853027,0.786133885383606,0.645023763179779,0.8767902255058289,44000
2.7342844009399414,0.7868687510490417,0.6479947566986084,0.8769552707672119,44000
2.7443103790283203,0.7879732847213745,0.6515924334526062,0.8768481612205505,44000
2.7541606426239014,0.7889415621757507,0.6545864939689636,0.8770283460617065,44000
2.7681236267089844,0.7899425029754639,0.6585204601287842,0.8765725493431091,44000
2.774329423904419,0.7909802794456482,0.6614869236946106,0.8767304420471191,44000
2.784119129180908,0.792057454586029,0.6647718548774719,0.8767957091331482,44000
2.795105218887329,0.7933096289634705,0.6683636903762817,0.8767370581626892,44000
2.804731607437134,0.7943457961082458,0.6713603734970093,0.8768531084060669,44000
2.814326524734497,0.7955032587051392,0.6744095087051392,0.8772260546684265,44000
2.8241422176361084,0.7966447472572327,0.6776502728462219,0.8775083422660828,44000
2.8347294330596924,0.7978618741035461,0.6808880567550659,0.8775220513343811,44000
2.8443353176116943,0.7990132570266724,0.6836341023445129,0.8779891133308411,44000
2.858201265335083,0.800325870513916,0.6868232488632202,0.8783189058303833,44000
2.864223003387451,0.8016526103019714,0.6903247833251953,0.8783323764801025,44000
2.875149726867676,0.8028677701950073,0.6936529874801636,0.8782028555870056,44000
2.8850600719451904,0.8042550683021545,0.6967270970344543,0.8787500858306885,44000
2.895336151123047,0.805475652217865,0.6998549103736877,0.8789877891540527,44000
2.9068543910980225,0.8069023489952087,0.7031125426292419,0.8792656660079956,44000
2.913860321044922,0.808137834072113,0.7063559889793396,0.8792448043823242,44000
2.9237630367279053,0.8097015619277954,0.709333062171936,0.8800320625305176,44000
2.934540033340454,0.8110615015029907,0.7124101519584656,0.8802950978279114,44000
2.9441447257995605,0.8123816251754761,0.7156547904014587,0.880419909954071,44000
2.95415997505188,0.8137992024421692,0.718723475933075,0.8807411193847656,44000
2.96416974067688,0.8151513934135437,0.7220343947410583,0.8813880085945129,44000
2.9743077754974365,0.8166806101799011,0.725055456161499,0.8814812302589417,44000
2.9842400550842285,0.8181833624839783,0.7275581955909729,0.8824244141578674,44000
2.9942424297332764,0.8197532892227173,0.731076717376709,0.8828073740005493,44000
3.0039098262786865,0.8212601542472839,0.7342256307601929,0.8831104636192322,44000
3.014281749725342,0.8226393461227417,0.7374370098114014,0.8833137154579163,44000
3.0247702598571777,0.8242478370666504,0.7405184507369995,0.8840396404266357,44000
3.03442645072937,0.8258984088897705,0.7434930205345154,0.8845655918121338,44000
3.0442850589752197,0.8272933959960938,0.747318685054779,0.8843125700950623,43771
3.0552749633789062,0.8289540410041809,0.7497329711914062,0.885708749294281,44000
3.0640714168548584,0.8303365707397461,0.7529001235961914,0.8859490156173706,44000
3.074115037918091,0.8318358659744263,0.7563716769218445,0.8865662813186646,44000
3.0843265056610107,0.833452582359314,0.7588754892349243,0.8872899413108826,44000
3.0940942764282227,0.8351151347160339,0.7620779871940613,0.8879878520965576,44000
3.1043856143951416,0.836805522441864,0.7651877403259277,0.88877934217453,43771
3.116337776184082,0.838232159614563,0.7684313654899597,0.8890894651412964,44000
3.124114990234375,0.8399703502655029,0.7714359760284424,0.8900412321090698,44000
3.134917974472046,0.8415215015411377,0.7745286822319031,0.8906910419464111,44000
3.1442840099334717,0.8432027101516724,0.7779272198677063,0.891429603099823,43715
3.154057741165161,0.8447458744049072,0.7808763980865479,0.8920271992683411,44000
3.1642251014709473,0.8463644981384277,0.784213662147522,0.8929564356803894,42876
3.1741559505462646,0.8477942943572998,0.7874460816383362,0.8934271931648254,44000
3.1870276927948,0.8493539094924927,0.7906008362770081,0.8942389488220215,43760
3.1938042640686035,0.8512022495269775,0.7934970855712891,0.8951154351234436,44000
3.205169200897217,0.8529506921768188,0.7966151237487793,0.895891010761261,43653
3.214080810546875,0.8546168208122253,0.8000441789627075,0.896608829498291,43159
3.2252233028411865,0.8562570214271545,0.8028801679611206,0.897602915763855,43909
3.2352139949798584,0.8578441739082336,0.8062911033630371,0.8984572887420654,42931
3.243955373764038,0.8596184849739075,0.809049665927887,0.8995621204376221,43987
3.254220962524414,0.8613792061805725,0.8121505975723267,0.9006620049476624,43265
3.2641916275024414,0.8627827167510986,0.815476655960083,0.9014794826507568,42944
3.2742528915405273,0.8644760847091675,0.8186838030815125,0.9023635983467102,42983
3.284560203552246,0.8663783073425293,0.8215600252151489,0.9032611846923828,43445
3.293828248977661,0.8680898547172546,0.8244606852531433,0.9045097231864929,43327
3.3039538860321045,0.8696821928024292,0.8278176784515381,0.9050231575965881,42548
3.314063787460327,0.8713220953941345,0.8308605551719666,0.9059885144233704,43002
3.3263115882873535,0.8731553554534912,0.833790123462677,0.9072381854057312,42376
3.334202289581299,0.8748584389686584,0.8369772434234619,0.9080537557601929,43236
3.346524238586426,0.8764632940292358,0.8400010466575623,0.9090208411216736,42777
3.354968309402466,0.8782957792282104,0.8428356051445007,0.9102513194084167,42970
3.364013433456421,0.8800223469734192,0.8458974361419678,0.9112430810928345,42560
3.3742551803588867,0.881644070148468,0.848882257938385,0.9122327566146851,42663
3.3851840496063232,0.8834710121154785,0.851691484451294,0.9134836196899414,42811
3.3960790634155273,0.8852219581604004,0.8547049164772034,0.9145082235336304,42370
3.4062530994415283,0.8868802189826965,0.8576124310493469,0.9155536890029907,42549
3.4140617847442627,0.8885827660560608,0.8606474995613098,0.9166771173477173,42239
3.424654960632324,0.8904761672019958,0.8632315397262573,0.9178290367126465,42928
3.434232711791992,0.8921148180961609,0.8660262823104858,0.9189211130142212,42480
3.443969964981079,0.8940520882606506,0.868635892868042,0.9204785823822021,42739
3.4547688961029053,0.8957120180130005,0.871533989906311,0.921273946762085,42226
3.464106321334839,0.8972368836402893,0.8743856549263,0.9224292039871216,42235
3.4740400314331055,0.8993110656738281,0.8766619563102722,0.9240338206291199,42543
3.484435558319092,0.9010728597640991,0.8794888854026794,0.9249893426895142,42666
3.4943857192993164,0.9027138948440552,0.8818859457969666,0.9258736371994019,42807
3.5040340423583984,0.9045930504798889,0.8842936158180237,0.9273334741592407,42690
3.514328956604004,0.9063327312469482,0.8868337869644165,0.9283108711242676,42001
3.5244507789611816,0.9080336689949036,0.8892726302146912,0.9294410943984985,43034
3.533945083618164,0.9099685549736023,0.8914406299591064,0.930850625038147,42470
3.5444159507751465,0.9116159081459045,0.8938409686088562,0.9318482875823975,42927
3.553941249847412,0.9134530425071716,0.8960181474685669,0.9332074522972107,42841
3.564114570617676,0.9151848554611206,0.8984122276306152,0.934317946434021,42428
3.5745797157287598,0.9169281721115112,0.900378406047821,0.9354156255722046,43060
3.584947347640991,0.9187396168708801,0.902509331703186,0.9365395903587341,42755
3.5940864086151123,0.9206820130348206,0.9044203758239746,0.9380147457122803,43075
3.6042094230651855,0.922358512878418,0.9064221382141113,0.9390066862106323,42853
3.614347457885742,0.9241809844970703,0.9085307121276855,0.9400635361671448,42686
3.6240012645721436,0.9261233806610107,0.9103061556816101,0.9415505528450012,43167
3.6348025798797607,0.9277110695838928,0.9122822284698486,0.9425126314163208,42789
3.6447935104370117,0.9295721650123596,0.9141048192977905,0.943672776222229,43012
3.6551434993743896,0.9313216805458069,0.9159036874771118,0.944936990737915,43008
3.6638784408569336,0.9331809282302856,0.9175999164581299,0.9460763335227966,43124
3.6738317012786865,0.9350060224533081,0.9194473624229431,0.9472148418426514,42849
3.686882257461548,0.9366303086280823,0.9213106036186218,0.9484593868255615,42780
3.697323799133301,0.9384602904319763,0.9229782223701477,0.9496442079544067,43020
3.703900098800659,0.9403179287910461,0.9245145320892334,0.9508512616157532,43230
3.7144336700439453,0.9420437812805176,0.9261431097984314,0.9522984027862549,43034
3.724368095397949,0.9438465237617493,0.9276692867279053,0.9531984329223633,43179
3.735046148300171,0.9455594420433044,0.9294984936714172,0.9543952941894531,42654
3.7443618774414062,0.9473274350166321,0.9308784008026123,0.9555206894874573,43342
3.754185914993286,0.9490588903427124,0.9324525594711304,0.9566972851753235,42984
3.7639424800872803,0.9509066343307495,0.9337037205696106,0.9581761360168457,43499
3.77419376373291,0.9526810646057129,0.9350816607475281,0.9591679573059082,43248
3.784419059753418,0.9543680548667908,0.9364560842514038,0.9602842330932617,43230
3.7942287921905518,0.9561774134635925,0.9378955960273743,0.9614601731300354,43064
3.8044421672821045,0.9578133225440979,0.9393840432167053,0.9626844525337219,43039
3.8143680095672607,0.9596315622329712,0.9407141804695129,0.963882327079773,43153
3.8243348598480225,0.9612953662872314,0.9420169591903687,0.9650803804397583,43200
3.834437608718872,0.9630348086357117,0.9433716535568237,0.9662733674049377,43093
3.8449506759643555,0.9647325277328491,0.9446533918380737,0.9674681425094604,43185
3.8550033569335938,0.9663358330726624,0.9458809494972229,0.9686316847801208,43243
3.864391565322876,0.9681172370910645,0.9472129940986633,0.969885528087616,43048
3.8740880489349365,0.9696334004402161,0.9484710693359375,0.9710043668746948,43152
3.884026288986206,0.9717210531234741,0.9495174288749695,0.9721454381942749,43459
3.896634101867676,0.9732979536056519,0.9505286812782288,0.973522961139679,43503
3.903954267501831,0.9748701453208923,0.9517542123794556,0.9746599793434143,43108
3.9141035079956055,0.9765216708183289,0.9529391527175903,0.9758861660957336,43162
3.9241132736206055,0.9781140089035034,0.9540526866912842,0.9771297574043274,43246
3.934610366821289,0.9799392819404602,0.9549995064735413,0.9785237312316895,43507
3.943948745727539,0.9813595414161682,0.9562052488327026,0.97947096824646,43039
3.956627130508423,0.9831732511520386,0.957485556602478,0.9809134006500244,42921
3.9641733169555664,0.9845442175865173,0.9584235548973083,0.9819918274879456,43441
3.974764585494995,0.986130952835083,0.9595346450805664,0.9830322861671448,43118
3.984267234802246,0.9877785444259644,0.9602453112602234,0.9844619631767273,43787
3.994105100631714,0.9896174669265747,0.9612175822257996,0.9857428669929504,43319
4.006044864654541,0.9910364151000977,0.9622702598571777,0.9866743087768555,43181
4.014873266220093,0.9926572442054749,0.9633336663246155,0.9880511164665222,43112
4.024240732192993,0.9940404891967773,0.9641571044921875,0.9890956878662109,43376
4.034472703933716,0.9956241846084595,0.965120255947113,0.9902984499931335,43366
4.044105052947998,0.997158408164978,0.9661284685134888,0.9913628697395325,43190
4.054243326187134,0.9985689520835876,0.9668309688568115,0.9927817583084106,43632
4.064849615097046,1.0002532005310059,0.9676395654678345,0.9938595294952393,43444
4.075034141540527,1.0018091201782227,0.9685642719268799,0.9948822259902954,43267
4.08421516418457,1.003289818763733,0.9693794250488281,0.9960261583328247,43397
4.094327926635742,1.0049420595169067,0.9700171947479248,0.997361421585083,43671
4.1041107177734375,1.0062103271484375,0.9706718325614929,0.9983913898468018,43639
4.114073753356934,1.0076032876968384,0.9716187119483948,0.9997633695602417,43157
4.1255857944488525,1.0090739727020264,0.9721788763999939,1.0007789134979248,43751
4.134549856185913,1.0105257034301758,0.9732272028923035,1.0017521381378174,42946
4.144211769104004,1.01198148727417,0.9738441705703735,1.0028762817382812,43638
4.154629468917847,1.0134259462356567,0.9744390845298767,1.0039942264556885,43638
4.164188623428345,1.014788031578064,0.975101888179779,1.0050890445709229,43535
4.1740546226501465,1.0162911415100098,0.9758437275886536,1.006221890449524,43383
4.1851701736450195,1.0176489353179932,0.9764546155929565,1.0073342323303223,43591
4.1943910121917725,1.0189567804336548,0.9772898554801941,1.0082743167877197,43204
4.203837871551514,1.020381212234497,0.9777910113334656,1.0094455480575562,43728
4.214528799057007,1.0217132568359375,0.9780607223510742,1.0105528831481934,44000
4.224246978759766,1.023154377937317,0.9786678552627563,1.0115721225738525,43609
4.234306573867798,1.0243520736694336,0.9793705344200134,1.012680172920227,43379
4.244272947311401,1.0258750915527344,0.9802665114402771,1.0135384798049927,43046
4.253931283950806,1.0271052122116089,0.9804011583328247,1.014933705329895,44000
4.264222860336304,1.0282950401306152,0.9809926152229309,1.0158942937850952,43572
4.274392366409302,1.0296273231506348,0.9815355539321899,1.0168665647506714,43595
4.284154891967773,1.031068205833435,0.9820614457130432,1.0176491737365723,43603
4.294985055923462,1.0323535203933716,0.9823545217514038,1.0186567306518555,43964
4.3041486740112305,1.033625602722168,0.9831053018569946,1.0197981595993042,43214
4.314287185668945,1.0348868370056152,0.9834861159324646,1.02070951461792,43805
4.324541807174683,1.036154866218567,0.9841153621673584,1.021766185760498,43390
4.334002733230591,1.0374187231063843,0.9843857288360596,1.0226414203643799,43959
4.344084978103638,1.038601279258728,0.9848178625106812,1.0235623121261597,43692
4.354213714599609,1.0400338172912598,0.9852481484413147,1.0243046283721924,43684
4.364104747772217,1.041122555732727,0.985537052154541,1.0254368782043457,43908
4.3748884201049805,1.042393445968628,0.9858822226524353,1.0266063213348389,43801
4.384271621704102,1.0433727502822876,0.9864040017127991,1.0273118019104004,43514
4.394335985183716,1.0448226928710938,0.9866177439689636,1.0281466245651245,43998
4.405092716217041,1.0460249185562134,0.9870408773422241,1.0289922952651978,43667
4.414299726486206,1.0470941066741943,0.9871550798416138,1.0299440622329712,44000
4.424644947052002,1.0484075546264648,0.9876192212104797,1.0307912826538086,43577
4.434986114501953,1.0496652126312256,0.9878959655761719,1.031614899635315,43871
4.44430947303772,1.050817847251892,0.9882604479789734,1.0323747396469116,43722
4.454005241394043,1.0519379377365112,0.9883413314819336,1.0332897901535034,44000
4.464362859725952,1.053139328956604,0.9885252714157104,1.0340299606323242,44000
4.474191904067993,1.0541832447052002,0.9888672828674316,1.0347979068756104,43741
4.48495888710022,1.0554455518722534,0.9890826344490051,1.035541296005249,43940
4.494329452514648,1.0565115213394165,0.9892367720603943,1.0364896059036255,44000
4.504156827926636,1.0576826333999634,0.9893768429756165,1.0371650457382202,44000
4.513823986053467,1.0588351488113403,0.9895948171615601,1.0379002094268799,36000
4.524276494979858,1.0601471662521362,0.9899619221687317,1.038569688796997,44000
4.535239219665527,1.0610506534576416,0.9901633858680725,1.0393093824386597,44000
4.544353723526001,1.062177300453186,0.9903227090835571,1.0399430990219116,44000
4.555357217788696,1.063370704650879,0.9904493689537048,1.040748953819275,44000
4.5641562938690186,1.064262866973877,0.9905992746353149,1.0414243936538696,44000
4.575474739074707,1.0653409957885742,0.9903796315193176,1.0422667264938354,44000
4.584228992462158,1.066516637802124,0.9907564520835876,1.0428780317306519,44000
4.595215320587158,1.0675252676010132,0.9909024834632874,1.043509840965271,44000
4.604153871536255,1.0685687065124512,0.9906516671180725,1.0443135499954224,44000
4.6157190799713135,1.069687008857727,0.9910035133361816,1.0448436737060547,44000
4.6253321170806885,1.0706413984298706,0.9910714030265808,1.0455045700073242,44000
4.635543584823608,1.0717828273773193,0.9909141063690186,1.0461901426315308,44000
4.6451311111450195,1.0727252960205078,0.9910741448402405,1.0467374324798584,44000
4.653982877731323,1.073778510093689,0.9912113547325134,1.0473418235778809,44000
4.665160417556763,1.0746915340423584,0.9910253286361694,1.0481443405151367,44000
4.676917791366577,1.0756638050079346,0.9912686347961426,1.0486441850662231,44000
4.685419321060181,1.076715350151062,0.9914183616638184,1.0491448640823364,44000
4.695127010345459,1.0775803327560425,0.9913584589958191,1.0498788356781006,44000
4.704927206039429,1.0785053968429565,0.9915192127227783,1.0504679679870605,44000
4.7158331871032715,1.0795079469680786,0.9915953278541565,1.051011085510254,44000
4.724298715591431,1.0803332328796387,0.9915533661842346,1.0516635179519653,44000
4.735598564147949,1.0811856985092163,0.9914962649345398,1.0523782968521118,44000
4.744313955307007,1.0820392370224,0.9915696978569031,1.0530601739883423,44000
4.7542784214019775,1.0828750133514404,0.9920939207077026,1.053489327430725,44000
4.764750242233276,1.0836341381072998,0.9919711351394653,1.054121971130371,44000
4.77551794052124,1.084489345550537,0.9919990301132202,1.0547916889190674,44000
4.784290552139282,1.085368275642395,0.9919699430465698,1.0553538799285889,44000
4.794086933135986,1.0862387418746948,0.9921781420707703,1.0560462474822998,44000
4.8042285442352295,1.0868875980377197,0.9922266006469727,1.0565366744995117,44000
4.814216613769531,1.0878798961639404,0.9923473596572876,1.0571255683898926,44000
4.825133323669434,1.0885206460952759,0.9926312565803528,1.0577219724655151,44000
4.835246801376343,1.0892237424850464,0.9928240180015564,1.0582276582717896,44000
4.845536231994629,1.089933156967163,0.9926313161849976,1.058832049369812,44000
4.854340553283691,1.0906133651733398,0.9928522109985352,1.0593829154968262,44000
4.8651814460754395,1.0913599729537964,0.9929876327514648,1.0601680278778076,44000
4.874957799911499,1.092098593711853,0.993295431137085,1.0605015754699707,44000
4.885299921035767,1.0926012992858887,0.9935951232910156,1.0609805583953857,44000
4.8944525718688965,1.0931386947631836,0.99363774061203,1.0616378784179688,44000
4.905270099639893,1.093803882598877,0.9938269853591919,1.062191367149353,44000
4.915250778198242,1.0944899320602417,0.9937906265258789,1.062796950340271,44000
4.924245595932007,1.0950900316238403,0.994136393070221,1.0632376670837402,44000
4.9346489906311035,1.0955610275268555,0.9943148493766785,1.0638521909713745,44000
4.944865703582764,1.09624183177948,0.9947009682655334,1.0641229152679443,44000
4.95488715171814,1.096812129020691,0.9946454167366028,1.0647857189178467,44000
4.96433687210083,1.097385287284851,0.9946305751800537,1.065498948097229,44000
4.975229024887085,1.0979640483856201,0.9951760172843933,1.0658551454544067,44000
4.9846107959747314,1.0983316898345947,0.995316207408905,1.066548228263855,44000
4.99416971206665,1.0988550186157227,0.9956004619598389,1.0670020580291748,44000
5.0041632652282715,1.099292278289795,0.9955840110778809,1.0675512552261353,44000
5.014739036560059,1.0996694564819336,0.9957410097122192,1.0681071281433105,44000
5.023983478546143,1.1002286672592163,0.9963117241859436,1.0684734582901,44000
5.0351855754852295,1.1006641387939453,0.9965755939483643,1.0689483880996704,44000
5.044447183609009,1.1010322570800781,0.9964033961296082,1.0696735382080078,44000
5.053991317749023,1.1014872789382935,0.9966816902160645,1.0701558589935303,44000
5.065145969390869,1.1018576622009277,0.9969144463539124,1.0706502199172974,44000
5.07478404045105,1.102159023284912,0.997061014175415,1.0712069272994995,44000
5.084937572479248,1.102604627609253,0.9973909258842468,1.0716503858566284,44000
5.094102382659912,1.102865219116211,0.9977551698684692,1.0721575021743774,44000
5.104187250137329,1.1032085418701172,0.9979915022850037,1.072666883468628,44000
5.114293336868286,1.1035211086273193,0.9983652830123901,1.0730839967727661,44000
5.124070882797241,1.1038310527801514,0.9985326528549194,1.0736123323440552,44000
5.134413957595825,1.1039292812347412,0.9988559484481812,1.0740569829940796,44000
5.14406156539917,1.1042773723602295,0.9992008209228516,1.074457049369812,44000
5.153996229171753,1.104613184928894,0.9996426701545715,1.0749057531356812,44000
5.1643760204315186,1.1050221920013428,0.999646008014679,1.0754578113555908,44000
5.173912286758423,1.1052124500274658,1.000280737876892,1.0758739709854126,44000
5.184341907501221,1.1052930355072021,1.0003021955490112,1.0764259099960327,44000
5.193984508514404,1.105479121208191,1.0005415678024292,1.076899766921997,44000
5.2049713134765625,1.1056360006332397,1.0005818605422974,1.0773601531982422,44000
5.214151859283447,1.105921745300293,1.0009180307388306,1.0778484344482422,44000
5.224178314208984,1.106134295463562,1.0014361143112183,1.0782535076141357,44000
5.234455347061157,1.1063780784606934,1.001741886138916,1.0786648988723755,44000
5.244188547134399,1.1064471006393433,1.0020157098770142,1.0791730880737305,44000
5.255084753036499,1.106582760810852,1.0024422407150269,1.079551339149475,44000
5.264424085617065,1.1065223217010498,1.0025837421417236,1.0801337957382202,44000
5.27413535118103,1.1066253185272217,1.0028455257415771,1.0805352926254272,44000
5.285627841949463,1.106728434562683,1.0031397342681885,1.0809394121170044,44000
5.294762849807739,1.1067043542861938,1.0036208629608154,1.0813541412353516,44000
5.303721904754639,1.1068097352981567,1.0039989948272705,1.0817689895629883,44000
5.314307928085327,1.1069470643997192,1.0045089721679688,1.0821444988250732,44000
5.3240885734558105,1.107011079788208,1.004868984222412,1.082514762878418,44000
5.333987474441528,1.1070257425308228,1.0051430463790894,1.0829603672027588,44000
5.344253301620483,1.1070722341537476,1.0057090520858765,1.0832724571228027,44000
5.354006290435791,1.1070302724838257,1.0058634281158447,1.0836658477783203,44000
5.364219903945923,1.106985330581665,1.006209373474121,1.084062099456787,44000
5.375196933746338,1.1070834398269653,1.0064811706542969,1.0844528675079346,44000
5.386010646820068,1.1069408655166626,1.0067166090011597,1.0849207639694214,44000
5.395159482955933,1.1069072484970093,1.0071115493774414,1.0853586196899414,44000
5.404186487197876,1.1068869829177856,1.007446527481079,1.0856858491897583,44000
5.414233684539795,1.106831431388855,1.0077723264694214,1.0860049724578857,44000
5.424383878707886,1.1067447662353516,1.0081570148468018,1.0863395929336548,44000
5.435296297073364,1.106596827507019,1.0086712837219238,1.0867140293121338,44000
5.44430947303772,1.1064140796661377,1.0088865756988525,1.0870940685272217,36000
5.4543750286102295,1.1062781810760498,1.0093071460723877,1.0874788761138916,43209
5.464224100112915,1.1062753200531006,1.0099172592163086,1.0876002311706543,43040
5.47503399848938,1.1062300205230713,1.0103319883346558,1.0878664255142212,43127
5.48542332649231,1.1059775352478027,1.010741114616394,1.088354468345642,43258
5.494226455688477,1.1058437824249268,1.0110644102096558,1.0886321067810059,43384
5.504142761230469,1.1056462526321411,1.0114047527313232,1.0889214277267456,43352
5.515285491943359,1.1054260730743408,1.011813759803772,1.089199423789978,43144
5.525659561157227,1.1050925254821777,1.012402057647705,1.0894831418991089,42901
5.534714937210083,1.1048351526260376,1.0128170251846313,1.0897272825241089,43169
5.544543743133545,1.1046611070632935,1.0130939483642578,1.0899325609207153,43410
5.554240703582764,1.1044201850891113,1.013354778289795,1.0901620388031006,43439
5.565631866455078,1.1042026281356812,1.0135691165924072,1.0904170274734497,43503
5.574162721633911,1.1039094924926758,1.0137752294540405,1.0907330513000488,43407
5.584161281585693,1.1036570072174072,1.0140460729599,1.0910733938217163,43397
5.5950539112091064,1.1033358573913574,1.0142701864242554,1.0912948846817017,43492
5.604007959365845,1.1030954122543335,1.0144904851913452,1.0914970636367798,43393
5.614691257476807,1.1027508974075317,1.0148080587387085,1.0916656255722046,43243
5.62430739402771,1.1024532318115234,1.0149840116500854,1.0919727087020874,43501
5.634627342224121,1.1021572351455688,1.0152629613876343,1.0922051668167114,43327
5.644200086593628,1.1017882823944092,1.0151118040084839,1.0925726890563965,44000
5.654308080673218,1.1014268398284912,1.0151509046554565,1.0927729606628418,43640
5.664483070373535,1.1011143922805786,1.015268087387085,1.0929272174835205,43527
5.674480676651001,1.100633144378662,1.0155584812164307,1.0930595397949219,43263
5.6846394538879395,1.1002521514892578,1.0157251358032227,1.0932339429855347,43473
5.69426155090332,1.0998671054840088,1.01582670211792,1.0934791564941406,43630
5.70439887046814,1.099441409111023,1.0157978534698486,1.0937366485595703,43807
5.714352607727051,1.0990791320800781,1.015851616859436,1.0938866138458252,43643
5.724075555801392,1.0987882614135742,1.016248106956482,1.0938899517059326,43109
5.733952045440674,1.0983102321624756,1.0162713527679443,1.0941107273101807,43670
5.7440948486328125,1.0978031158447266,1.0161452293395996,1.0944459438323975,43953
5.75399112701416,1.097346305847168,1.0165992975234985,1.0945007801055908,42982
5.764119863510132,1.0967768430709839,1.0166391134262085,1.0946415662765503,43605
5.774355411529541,1.0963062047958374,1.0166664123535156,1.0947269201278687,43729
5.78412652015686,1.0961087942123413,1.0169450044631958,1.0947400331497192,43236
5.79443097114563,1.0956425666809082,1.0171453952789307,1.0947620868682861,43382
5.804354429244995,1.095177412033081,1.0171390771865845,1.0948792695999146,43751
5.814129114151001,1.0946052074432373,1.0169368982315063,1.095114827156067,44000
5.824350595474243,1.094068169593811,1.0169450044631958,1.0952365398406982,43667
5.834025859832764,1.0934809446334839,1.0172072649002075,1.0952415466308594,43382
5.844321250915527,1.093022108078003,1.017289400100708,1.095171332359314,43459
5.854961633682251,1.0925060510635376,1.0169275999069214,1.095425009727478,44000
5.864227533340454,1.0920122861862183,1.0169638395309448,1.0954921245574951,43656
5.873946905136108,1.091533899307251,1.0172163248062134,1.0955239534378052,43136
5.884022235870361,1.0910370349884033,1.0172392129898071,1.0956348180770874,43719
5.894216299057007,1.0905321836471558,1.017271876335144,1.0956461429595947,43650
5.904106140136719,1.089927315711975,1.0172749757766724,1.0956661701202393,43690
5.914018154144287,1.0894020795822144,1.0173183679580688,1.0956951379776,43608
5.924897193908691,1.0888224840164185,1.017482876777649,1.0957109928131104,43427
5.934152364730835,1.0883289575576782,1.017607569694519,1.0956085920333862,43487
5.944356441497803,1.0877782106399536,1.01746666431427,1.095728874206543,43918
5.954177141189575,1.087242841720581,1.0174119472503662,1.0956913232803345,43792
5.964251518249512,1.0867050886154175,1.0173521041870117,1.0957074165344238,43726
5.9752562046051025,1.0860766172409058,1.0173561573028564,1.0957316160202026,43652
5.984387636184692,1.085464358329773,1.0175302028656006,1.0956392288208008,43379
5.995040416717529,1.0847325325012207,1.017303466796875,1.095739722251892,44000
6.005070924758911,1.0842100381851196,1.0174212455749512,1.0956555604934692,43486
6.014463186264038,1.0838088989257812,1.0177628993988037,1.0953739881515503,43089
6.024302959442139,1.083156704902649,1.0176647901535034,1.0953813791275024,43839
6.034029245376587,1.0824651718139648,1.0176702737808228,1.0953655242919922,43718
6.045321941375732,1.081919550895691,1.017595648765564,1.09529447555542,43763
6.054401636123657,1.0812969207763672,1.0177661180496216,1.0951918363571167,43393
6.0643956661224365,1.0806373357772827,1.0176112651824951,1.0951238870620728,43900
6.074111223220825,1.080042839050293,1.0176383256912231,1.0949403047561646,43664
6.084441900253296,1.0795162916183472,1.017781376838684,1.0947765111923218,43399
6.094125032424927,1.0789179801940918,1.0175080299377441,1.0948039293289185,44000
6.105004787445068,1.0782098770141602,1.017624855041504,1.0946184396743774,43497
6.114174842834473,1.0775985717773438,1.0176829099655151,1.0944446325302124,43524
6.124377012252808,1.0770353078842163,1.01796555519104,1.0941994190216064,43231
6.134518146514893,1.0764740705490112,1.0179429054260254,1.0940730571746826,43690
6.144770383834839,1.0758761167526245,1.0179470777511597,1.0939202308654785,43704
6.154273509979248,1.0752092599868774,1.017820119857788,1.0937633514404297,43853
6.164131164550781,1.0745985507965088,1.0177674293518066,1.0936282873153687,43745
6.174126625061035,1.0739128589630127,1.0178288221359253,1.0932424068450928,43545
6.184231281280518,1.0732812881469727,1.0178911685943604,1.09307861328125,43555
6.194209575653076,1.072620153427124,1.0180065631866455,1.0928508043289185,43497
6.204123497009277,1.072136640548706,1.0181138515472412,1.0925648212432861,43482
6.214382648468018,1.0714929103851318,1.0182079076766968,1.0923137664794922,43525
6.224303960800171,1.0707827806472778,1.0180175304412842,1.0921441316604614,43951
6.233964443206787,1.0703767538070679,1.0180625915527344,1.0917190313339233,43596
6.244398355484009,1.0697616338729858,1.0181097984313965,1.0915066003799438,43549
6.25425124168396,1.0691416263580322,1.0181821584701538,1.0912102460861206,43543
6.2644267082214355,1.0685290098190308,1.0182520151138306,1.0909016132354736,43548
6.274657487869263,1.0678918361663818,1.018286108970642,1.0909450054168701,43587
6.284127473831177,1.067104697227478,1.0182212591171265,1.0904871225357056,43715
6.293976306915283,1.0663950443267822,1.0182716846466064,1.0901267528533936,43622
6.304557800292969,1.0657633543014526,1.018336534500122,1.089707851409912,43539
6.314293384552002,1.0652512311935425,1.0185322761535645,1.0893598794937134,43341
6.325063467025757,1.0646531581878662,1.018538236618042,1.089097499847412,43627
6.334969758987427,1.0639736652374268,1.0184853076934814,1.088744878768921,43729
6.344001770019531,1.0632843971252441,1.018545389175415,1.0884511470794678,43537
6.354048252105713,1.0626922845840454,1.0185776948928833,1.0881959199905396,43572
6.364458084106445,1.0619622468948364,1.0185011625289917,1.0878890752792358,43771
6.37511944770813,1.0613678693771362,1.0186145305633545,1.0873664617538452,43463
6.384405612945557,1.0607967376708984,1.0189239978790283,1.0868115425109863,43138
6.394204139709473,1.0600515604019165,1.0190551280975342,1.0864239931106567,43421
6.40422248840332,1.0594075918197632,1.0190279483795166,1.0860711336135864,43722
6.415124893188477,1.0587654113769531,1.018888235092163,1.0855947732925415,43865
6.42388653755188,1.0582448244094849,1.0188300609588623,1.0852057933807373,43739
6.434099435806274,1.057626724243164,1.0187432765960693,1.084815502166748,43751
6.4442033767700195,1.0569175481796265,1.0189415216445923,1.0843148231506348,43316
6.4540746212005615,1.0563018321990967,1.0190669298171997,1.0839595794677734,43430
6.465083122253418,1.0556102991104126,1.0192781686782837,1.083316445350647,43290
6.474855661392212,1.054975986480713,1.0193367004394531,1.0828893184661865,43546
6.48461127281189,1.0542635917663574,1.0191775560379028,1.0825468301773071,43903
6.494409561157227,1.0536859035491943,1.0191541910171509,1.0821281671524048,43660
6.504240036010742,1.053131103515625,1.0190788507461548,1.0816726684570312,43699
6.514315366744995,1.052685022354126,1.0193291902542114,1.0810554027557373,43213
6.523931264877319,1.0519580841064453,1.0190742015838623,1.0806427001953125,44000
6.5352301597595215,1.051232099533081,1.0191015005111694,1.0801316499710083,43613
6.543855905532837,1.0506312847137451,1.0190296173095703,1.0797303915023804,43722
6.554671287536621,1.0501608848571777,1.0192512273788452,1.0790669918060303,43275
6.565095663070679,1.0495558977127075,1.019300937652588,1.078568458557129,43552
6.574323892593384,1.0488479137420654,1.0191287994384766,1.0781188011169434,43915
6.584425449371338,1.048197627067566,1.01924467086792,1.0775399208068848,43440
6.594079971313477,1.0476136207580566,1.0195469856262207,1.0768743753433228,43108
6.604062557220459,1.046950340270996,1.0194222927093506,1.0763390064239502,43821
6.615212678909302,1.0464537143707275,1.0194698572158813,1.0757734775543213,43559
6.625144720077515,1.0458730459213257,1.0193287134170532,1.0752044916152954,43836
6.63498592376709,1.045142650604248,1.0193562507629395,1.0745763778686523,43540
6.644260406494141,1.044631004333496,1.0193125009536743,1.0740958452224731,43679
6.654266595840454,1.043894648551941,1.0190564393997192,1.0736650228500366,44000
6.664863348007202,1.0434235334396362,1.0191789865493774,1.0730929374694824,43420
6.675030946731567,1.0428601503372192,1.0194354057312012,1.0723087787628174,43180
6.684933423995972,1.0422322750091553,1.0193041563034058,1.071747899055481,43834
6.694076061248779,1.0416450500488281,1.0192742347717285,1.0711240768432617,43687
6.704148054122925,1.0412348508834839,1.0192558765411377,1.0704463720321655,43642
6.714863061904907,1.0405889749526978,1.0191140174865723,1.0698835849761963,43850
6.724283695220947,1.0400415658950806,1.0190908908843994,1.0692888498306274,43614
6.735741853713989,1.0395684242248535,1.0190359354019165,1.0686602592468262,43736
6.745351076126099,1.038897156715393,1.0195540189743042,1.0677286386489868,42777
6.75428581237793,1.0383658409118652,1.0195125341415405,1.0671422481536865,43653
6.764162302017212,1.0376551151275635,1.0192533731460571,1.0666241645812988,44000
6.775213718414307,1.037044644355774,1.0192049741744995,1.0659769773483276,43684
6.784091234207153,1.0366179943084717,1.019228219985962,1.065307378768921,43571
6.794062614440918,1.0362472534179688,1.0192317962646484,1.0646183490753174,43593
6.80505895614624,1.035591959953308,1.0191218852996826,1.0639957189559937,43798
6.815212249755859,1.0350192785263062,1.0193175077438354,1.0631743669509888,43311
6.8243396282196045,1.0344277620315552,1.0190342664718628,1.0625941753387451,44000
6.834900140762329,1.0340787172317505,1.0194520950317383,1.061655044555664,42949
6.844371557235718,1.0334486961364746,1.019275188446045,1.0610162019729614,43858
6.854394197463989,1.0329160690307617,1.0191420316696167,1.060384750366211,43849
6.864049673080444,1.0326035022735596,1.0195772647857666,1.059428095817566,42889
6.874287128448486,1.032019019126892,1.0194445848464966,1.058794617652893,43817
6.884698390960693,1.0314196348190308,1.0192317962646484,1.0582311153411865,43985
6.895155906677246,1.0308599472045898,1.0191619396209717,1.0575934648513794,43729
6.904175043106079,1.0304402112960815,1.0193880796432495,1.0566539764404297,43242
6.935867547988892,1.030057430267334,1.019157886505127,1.055964469909668,43978
6.946166753768921,1.0296703577041626,1.0194857120513916,1.054984211921692,43089
6.952228307723999,1.029212236404419,1.019421100616455,1.0543729066848755,43677
6.959028720855713,1.028658390045166,1.019562840461731,1.0535876750946045,43401
6.965514183044434,1.0280542373657227,1.0192946195602417,1.053005576133728,43998
6.971412658691406,1.0275273323059082,1.0192729234695435,1.0521936416625977,43691
6.97840428352356,1.0272126197814941,1.0193510055541992,1.051418423652649,43468
6.984697341918945,1.0267959833145142,1.0193791389465332,1.050578236579895,43561
6.994030475616455,1.0264370441436768,1.019507646560669,1.049785852432251,43403
7.005142688751221,1.0259225368499756,1.0193978548049927,1.0491515398025513,43783
7.015008449554443,1.0257608890533447,1.019439935684204,1.0483037233352661,43551
7.024310111999512,1.025121808052063,1.019164800643921,1.047582983970642,44000
7.0338897705078125,1.0247318744659424,1.019188642501831,1.0467960834503174,43566
7.04400634765625,1.024417519569397,1.0194871425628662,1.045728087425232,43099
7.054903984069824,1.0239651203155518,1.0194655656814575,1.0449209213256836,43622
7.063977241516113,1.0234769582748413,1.0197337865829468,1.0442227125167847,43189
7.0744309425354,1.0230460166931152,1.0197153091430664,1.043492078781128,43622
7.084378242492676,1.022649884223938,1.0194333791732788,1.0430454015731812,44000
7.094372749328613,1.0223796367645264,1.019326090812683,1.0420949459075928,43774
7.104167461395264,1.0220084190368652,1.0192071199417114,1.0413299798965454,43787
7.1139678955078125,1.0216772556304932,1.0194061994552612,1.0404318571090698,43285
7.124669790267944,1.0211578607559204,1.0194982290267944,1.0395281314849854,43437
7.1347949504852295,1.0209442377090454,1.0196465253829956,1.0387099981307983,43370
7.144343376159668,1.020626425743103,1.0195794105529785,1.038072109222412,43693
7.154975891113281,1.020146369934082,1.0195053815841675,1.037259817123413,43730
7.164132118225098,1.0198917388916016,1.019624948501587,1.0363752841949463,43397
7.1751391887664795,1.019513726234436,1.019225001335144,1.0356595516204834,44000
7.184516429901123,1.0194138288497925,1.0194756984710693,1.0345827341079712,43211
7.194160461425781,1.0189659595489502,1.0192030668258667,1.0339741706848145,44000
7.204345226287842,1.01851224899292,1.0195012092590332,1.0332063436508179,43137
7.214161157608032,1.0183570384979248,1.0196424722671509,1.0323665142059326,43364
7.224076509475708,1.0180518627166748,1.0193126201629639,1.0316572189331055,44000
7.235337495803833,1.017748236656189,1.0194942951202393,1.030759334564209,43318
7.245143890380859,1.0174604654312134,1.0195523500442505,1.0299360752105713,43504
7.255055665969849,1.0170788764953613,1.0193015336990356,1.0292510986328125,44000
7.265172719955444,1.0167628526687622,1.0191125869750977,1.0284372568130493,43911
7.27532172203064,1.0164953470230103,1.019059658050537,1.0277312994003296,43679
7.2847185134887695,1.0163705348968506,1.0191947221755981,1.0269129276275635,43380
7.294033050537109,1.015973687171936,1.0191606283187866,1.026060700416565,43660
7.305433511734009,1.0158737897872925,1.0191116333007812,1.0252214670181274,43694
7.31421422958374,1.0155152082443237,1.0193290710449219,1.0244112014770508,43256
7.323889255523682,1.015264630317688,1.019371509552002,1.0235934257507324,43517
7.334040880203247,1.014998197555542,1.0192166566848755,1.022830605506897,43860
7.344073295593262,1.014912486076355,1.0193911790847778,1.0218466520309448,43328
7.3539228439331055,1.0145097970962524,1.0190242528915405,1.021187663078308,44000
7.364181756973267,1.0143181085586548,1.019049048423767,1.0203791856765747,43580
7.37498927116394,1.0140959024429321,1.0192744731903076,1.0195688009262085,43234
7.384868144989014,1.0137189626693726,1.0192742347717285,1.0188571214675903,43609
7.394118785858154,1.013555645942688,1.0192339420318604,1.0180846452713013,43673
7.404537677764893,1.0133121013641357,1.0192030668258667,1.0173206329345703,43647
7.414725303649902,1.0132430791854858,1.019294261932373,1.0166481733322144,43440
7.424290180206299,1.013094186782837,1.0190287828445435,1.0157545804977417,44000
7.4343767166137695,1.0129544734954834,1.0190826654434204,1.0149024724960327,43538
7.444552898406982,1.012721061706543,1.019507884979248,1.0138877630233765,42908
7.454917907714844,1.0125434398651123,1.019391417503357,1.013181209564209,43788
7.464354038238525,1.0124284029006958,1.0193120241165161,1.0123790502548218,43746
7.4741504192352295,1.0124332904815674,1.0193696022033691,1.0115021467208862,43509
7.484428644180298,1.0121642351150513,1.0195438861846924,1.0108274221420288,43312
7.495187282562256,1.0119316577911377,1.0191845893859863,1.010029673576355,44000
7.504370450973511,1.0117065906524658,1.0191041231155396,1.0092504024505615,43735
7.514509916305542,1.0116323232650757,1.0194748640060425,1.0082311630249023,42987
7.524176836013794,1.0114308595657349,1.019272804260254,1.0075526237487793,43922
7.534208297729492,1.0112576484680176,1.0193754434585571,1.0066200494766235,43448
7.544151544570923,1.0111196041107178,1.0193432569503784,1.005798101425171,43645
7.555077314376831,1.0110864639282227,1.0195105075836182,1.0049318075180054,43333
7.564158916473389,1.0109813213348389,1.01945960521698,1.0042067766189575,43677
7.575585126876831,1.0109641551971436,1.0191504955291748,1.0034397840499878,44000
7.584391117095947,1.0109361410140991,1.019286870956421,1.002617597579956,43383
7.594830751419067,1.0106616020202637,1.019371747970581,1.0016140937805176,43450
7.604078054428101,1.0105664730072021,1.0193248987197876,1.0009442567825317,43676
7.614543199539185,1.0105258226394653,1.0194556713104248,1.0002208948135376,43389
7.624199390411377,1.0104080438613892,1.0195695161819458,0.9994195103645325,43406
7.634716033935547,1.0102784633636475,1.0193402767181396,0.9986421465873718,43962
7.645254611968994,1.0104936361312866,1.019555926322937,0.9977272152900696,43260
7.654582500457764,1.010245442390442,1.019271969795227,0.9969809651374817,44000
7.664970874786377,1.010164737701416,1.019369125366211,0.9961411356925964,43445
7.674256086349487,1.010215163230896,1.0197234153747559,0.9951630234718323,43014
7.68450665473938,1.0102530717849731,1.0198029279708862,0.9945088028907776,43460
7.694160461425781,1.0100425481796265,1.0195388793945312,0.9938072562217712,44000
7.704291820526123,1.0099990367889404,1.0193026065826416,0.9930320382118225,43976
7.714221000671387,1.0100189447402954,1.0194491147994995,0.9922030568122864,43356
7.725245952606201,1.0100152492523193,1.0192621946334839,0.9912720918655396,43888
7.735414981842041,1.0098910331726074,1.0195610523223877,0.9903817176818848,43117
7.743985176086426,1.0099066495895386,1.0196034908294678,0.9896832704544067,43515
7.753883600234985,1.0098251104354858,1.0194551944732666,0.9889642000198364,43836
7.7639031410217285,1.0098133087158203,1.0196133852005005,0.9879733920097351,43338
7.774813175201416,1.0097819566726685,1.0196144580841064,0.9871320128440857,43583
7.785099267959595,1.009861707687378,1.019770622253418,0.986348032951355,43340
7.79407525062561,1.0098623037338257,1.0196229219436646,0.9855899214744568,43825
7.804011821746826,1.0098344087600708,1.0196787118911743,0.9846974611282349,43503
7.8149094581604,1.0099101066589355,1.0197640657424927,0.9838618040084839,43447
7.825085878372192,1.0100481510162354,1.0199635028839111,0.9829142093658447,43262
7.8341064453125,1.0098414421081543,1.019965648651123,0.9820821285247803,43575
7.844034194946289,1.0099419355392456,1.0200446844100952,0.981415331363678,43453
7.854349851608276,1.009973168373108,1.0197534561157227,0.9805827140808105,44000
7.86413311958313,1.0100574493408203,1.0196969509124756,0.9800379276275635,43672
7.8742687702178955,1.0099247694015503,1.0204112529754639,0.9787260293960571,42421
7.884281635284424,1.0100058317184448,1.0200393199920654,0.9781489372253418,44000
7.895197868347168,1.010151743888855,1.0203120708465576,0.9772965312004089,43147
7.905033588409424,1.010146141052246,1.020106554031372,0.9764119386672974,43898
7.914117813110352,1.0101044178009033,1.0200828313827515,0.975702166557312,43617
7.924410581588745,1.010329008102417,1.0202683210372925,0.9747604727745056,43273
7.934392929077148,1.0104132890701294,1.0202795267105103,0.9741546511650085,43552
7.94425630569458,1.0102968215942383,1.0204323530197144,0.9732255339622498,43324
7.955150604248047,1.0104796886444092,1.020164966583252,0.9725034832954407,44000
7.964350700378418,1.0105798244476318,1.0204018354415894,0.9716173410415649,43189
7.974908113479614,1.0104492902755737,1.0202772617340088,0.9708622694015503,43765
7.984476089477539,1.0105226039886475,1.0202327966690063,0.970188558101654,43644
7.994733095169067,1.0108293294906616,1.0202215909957886,0.9693370461463928,43588
8.005476951599121,1.010859727859497,1.0202664136886597,0.9685682654380798,43497
8.014423131942749,1.010783076286316,1.020707130432129,0.9676192402839661,42849
8.02445650100708,1.0107990503311157,1.0204635858535767,0.9669517278671265,43960
8.034417629241943,1.0112301111221313,1.0204484462738037,0.9661459922790527,43591
8.044277906417847,1.0110307931900024,1.0205464363098145,0.9653382301330566,43401
8.055114030838013,1.0112812519073486,1.0205210447311401,0.9646221995353699,43602
8.064222574234009,1.011246681213379,1.0203083753585815,0.9640101194381714,43906
8.075321912765503,1.0114538669586182,1.0203360319137573,0.9632437229156494,43521
8.08432936668396,1.0115631818771362,1.0202759504318237,0.9625260829925537,43660
8.094370603561401,1.0116521120071411,1.0202232599258423,0.9616287350654602,43652
8.104349613189697,1.0116616487503052,1.020095944404602,0.9609566926956177,43774
8.1141517162323,1.01185941696167,1.0202696323394775,0.9601702094078064,43288
8.125414848327637,1.011916995048523,1.0206278562545776,0.9595102071762085,42984
8.135019540786743,1.011960744857788,1.020438313484192,0.9588503837585449,43867
8.144154787063599,1.0120724439620972,1.0201267004013062,0.9580482244491577,44000
8.15481686592102,1.0122952461242676,1.0202151536941528,0.9572232961654663,43426
8.164203882217407,1.0124024152755737,1.0203309059143066,0.9564969539642334,43375
8.174131631851196,1.0124961137771606,1.0203503370285034,0.955842912197113,43533
8.18450379371643,1.0125765800476074,1.0201562643051147,0.9552360773086548,43879
8.194287538528442,1.012672781944275,1.0201727151870728,0.9544705152511597,43542
8.204190492630005,1.0128477811813354,1.0202852487564087,0.9537748694419861,43382
8.214152336120605,1.0129293203353882,1.0200992822647095,0.953122615814209,43867
8.224247932434082,1.0130562782287598,1.0201234817504883,0.952383279800415,43530
8.23463487625122,1.0131291151046753,1.0202221870422363,0.9517185091972351,43405
8.244187116622925,1.013218641281128,1.0202953815460205,0.9509745836257935,43446
8.254761934280396,1.0134015083312988,1.0204038619995117,0.9502910375595093,43388
8.265153646469116,1.0135506391525269,1.0207079648971558,0.9496030211448669,43067
8.275628805160522,1.0135968923568726,1.0205351114273071,0.9490726590156555,43835
8.284402847290039,1.0137271881103516,1.020234227180481,0.9485264420509338,44000
8.29418683052063,1.0139882564544678,1.020288348197937,0.9478753805160522,43474
8.304250478744507,1.0139827728271484,1.0202953815460205,0.9473104476928711,43548
8.314203023910522,1.0140396356582642,1.0203744173049927,0.9464499354362488,43433
8.32506251335144,1.014150619506836,1.0203611850738525,0.9458634853363037,43581
8.3352632522583,1.0142607688903809,1.0204075574874878,0.945268988609314,43484
8.344296216964722,1.0144730806350708,1.0205506086349487,0.9446247816085815,43326
8.355183839797974,1.0144668817520142,1.0205210447311401,0.9439692497253418,43603
8.36509370803833,1.014559268951416,1.0206027030944824,0.9433614015579224,43424
8.374318361282349,1.0147082805633545,1.0206198692321777,0.9428008198738098,43525
8.385202169418335,1.0148065090179443,1.0206021070480347,0.9422466158866882,43582
8.394330501556396,1.0149129629135132,1.0206118822097778,0.941661536693573,43536
8.404514789581299,1.015061616897583,1.0206010341644287,0.9411299824714661,43567
8.415103435516357,1.0152212381362915,1.020547866821289,0.9405035972595215,43642
8.42414927482605,1.0153510570526123,1.0205488204956055,0.9399533271789551,43552
8.434328079223633,1.0153260231018066,1.0208070278167725,0.9393860101699829,43134
8.44487977027893,1.0154118537902832,1.0209922790527344,0.9387927055358887,43245
8.45439887046814,1.0155162811279297,1.0209245681762695,0.9383437037467957,43655
8.464839458465576,1.0156654119491577,1.0209448337554932,0.9378181099891663,43513
8.473976612091064,1.0158137083053589,1.0209695100784302,0.9373653531074524,43501
8.484424829483032,1.0160350799560547,1.0209121704101562,0.9368087649345398,43636
8.49411940574646,1.0161608457565308,1.0209280252456665,0.9362744092941284,43517
8.504360437393188,1.016278624534607,1.0209187269210815,0.9358363747596741,43557
8.514073610305786,1.0164705514907837,1.0209496021270752,0.9354049563407898,43492
8.524269819259644,1.016380786895752,1.0212074518203735,0.9348247647285461,43123
8.534527778625488,1.0166558027267456,1.0211517810821533,0.9345136880874634,43626
8.544208288192749,1.0167171955108643,1.0213826894760132,0.9339641332626343,43164
8.555092573165894,1.0168663263320923,1.0213655233383179,0.9334519505500793,43560
8.564810752868652,1.0169765949249268,1.0212944746017456,0.9330155849456787,43646
8.574236631393433,1.0170927047729492,1.0213040113449097,0.9326702356338501,43517
8.584347486495972,1.017216682434082,1.0213301181793213,0.9322985410690308,43490
8.594414949417114,1.0173590183258057,1.02134370803833,0.9319474697113037,43508
8.604071140289307,1.017690896987915,1.021407961845398,0.9314757585525513,43427
8.614152908325195,1.017806053161621,1.0214605331420898,0.9311236143112183,43443
8.624834537506104,1.0178126096725464,1.0215051174163818,0.930850088596344,43455
8.635026454925537,1.0179916620254517,1.0214958190917969,0.9304693937301636,43541
8.644347906112671,1.0181046724319458,1.021267294883728,0.9303675889968872,43898
8.654475688934326,1.0180695056915283,1.0217968225479126,0.9294604659080505,42671
8.664387464523315,1.0181856155395508,1.0217570066452026,0.9291799068450928,43581
8.674135446548462,1.0184696912765503,1.021274447441101,0.9290722012519836,44000
8.683927536010742,1.0185669660568237,1.021259069442749,0.9287770390510559,43556
8.694269895553589,1.0186870098114014,1.02121901512146,0.9284383058547974,43591
8.703859329223633,1.0187890529632568,1.021214246749878,0.9281519055366516,43539
8.714296102523804,1.0188475847244263,1.0215078592300415,0.9278144240379333,43054
8.7246572971344,1.0189064741134644,1.0213329792022705,0.9275825619697571,43809
8.735550165176392,1.0190114974975586,1.0213100910186768,0.9273244142532349,43567
8.744367837905884,1.0190784931182861,1.0213196277618408,0.927082896232605,43511
8.755202293395996,1.019304871559143,1.021136999130249,0.9267951846122742,43825
8.76391863822937,1.019402027130127,1.0211455821990967,0.926524817943573,43516
8.774132490158081,1.0194778442382812,1.0211113691329956,0.926259458065033,43588
8.784237146377563,1.0195235013961792,1.0211442708969116,0.9260148406028748,43478
8.794261455535889,1.0195327997207642,1.0211890935897827,0.9258432388305664,43460
8.803999185562134,1.019620418548584,1.021240472793579,0.9256249666213989,43446
8.814215421676636,1.0196893215179443,1.0211970806121826,0.9254515171051025,43600
8.824663400650024,1.0197640657424927,1.021220326423645,0.9252155423164368,43492
8.834264993667603,1.0200692415237427,1.0211987495422363,0.924981415271759,43563
8.843878030776978,1.0200591087341309,1.0210455656051636,0.924811065196991,43778
8.855050802230835,1.0201436281204224,1.0210566520690918,0.9246225357055664,43515
8.864284753799438,1.0202360153198242,1.020974040031433,0.9244694113731384,43663
8.874037742614746,1.0203083753585815,1.0209636688232422,0.9243202209472656,43553
8.88429069519043,1.0203909873962402,1.0209949016571045,0.9241639375686646,43482
8.894304752349854,1.0204416513442993,1.0209710597991943,0.9240331649780273,43571
8.903961181640625,1.0205098390579224,1.0208820104599,0.9238948225975037,43678
8.915259838104248,1.020580530166626,1.0208542346954346,0.9237805008888245,43580
8.923651933670044,1.0206451416015625,1.0208686590194702,0.9236716628074646,43511
8.934293270111084,1.0207080841064453,1.0208547115325928,0.9235761761665344,43557
8.944263696670532,1.0207710266113281,1.0208351612091064,0.9234828352928162,43566
8.954457521438599,1.0208072662353516,1.0208547115325928,0.9233719110488892,43503
8.964271306991577,1.0208690166473389,1.0208287239074707,0.9232673645019531,43576
8.974567890167236,1.0208901166915894,1.0207581520080566,0.9231913685798645,43650
8.984124422073364,1.0209333896636963,1.0207527875900269,0.9230800867080688,43545
8.994025468826294,1.0209729671478271,1.0207313299179077,0.9230418801307678,43570
9.004510879516602,1.020991325378418,1.0207427740097046,0.922972559928894,43518
9.014611959457397,1.0210261344909668,1.0207831859588623,0.922916054725647,43470
9.02480149269104,1.0210599899291992,1.0207431316375732,0.9228835701942444,43600
9.034141302108765,1.021053671836853,1.0207115411758423,0.9228222966194153,43587
9.044230222702026,1.0210859775543213,1.020677089691162,0.922763466835022,43591
9.054107904434204,1.021069049835205,1.020643711090088,0.9228240847587585,43590
9.064166069030762,1.0211158990859985,1.0206905603408813,0.9227554202079773,43461
9.074076652526855,1.0211275815963745,1.0206756591796875,0.9227349758148193,43559
9.084465742111206,1.0211243629455566,1.0206454992294312,0.9227272272109985,43586
9.094080448150635,1.0211327075958252,1.0206280946731567,0.9227197170257568,43565
9.104167699813843,1.0211459398269653,1.0205814838409424,0.9227254986763,43612
9.1142418384552,1.021140217781067,1.0205512046813965,0.9227337837219238,43587
9.124068021774292,1.0211422443389893,1.0205806493759155,0.922748327255249,43490
9.134921312332153,1.021150827407837,1.0205820798873901,0.9227941632270813,43534
9.14514422416687,1.0211350917816162,1.0205425024032593,0.9228360652923584,43601
9.15512490272522,1.0210806131362915,1.0206164121627808,0.922865092754364,43418
9.164231538772583,1.0211347341537476,1.0204951763153076,0.9228823781013489,43732
9.1739821434021,1.0211248397827148,1.0204894542694092,0.922943651676178,43548
9.183989763259888,1.0211273431777954,1.0204784870147705,0.9230068922042847,43555
9.194124460220337,1.0210905075073242,1.0204739570617676,0.923118531703949,43545
9.204418182373047,1.0210644006729126,1.0204472541809082,0.923191487789154,43581
9.214020013809204,1.0210553407669067,1.0204377174377441,0.9232535362243652,43553
9.224079132080078,1.021023154258728,1.0203979015350342,0.9233315587043762,43603
9.234284400939941,1.021012544631958,1.020409345626831,0.9234256744384766,43522
9.244326114654541,1.0209853649139404,1.0203813314437866,0.9235485792160034,43584
9.253924369812012,1.0209358930587769,1.0203540325164795,0.923721432685852,43583
9.264062404632568,1.0208872556686401,1.0203285217285156,0.9238507747650146,43581
9.274255752563477,1.020881175994873,1.0203015804290771,0.9239612221717834,43583
9.284189224243164,1.0208282470703125,1.0203070640563965,0.9240640997886658,43531
9.294033527374268,1.0207725763320923,1.020295262336731,0.9241957664489746,43559
9.304325580596924,1.0207364559173584,1.020318865776062,0.9243396520614624,43499
9.315853834152222,1.0206804275512695,1.0203416347503662,0.9244688153266907,43502
9.324181079864502,1.0206072330474854,1.0203202962875366,0.9246139526367188,43573
9.334290266036987,1.020628571510315,1.0204564332962036,0.9247519373893738,43319
9.34438705444336,1.0204191207885742,1.0204282999038696,0.9250293970108032,43581
9.354502201080322,1.020356297492981,1.0204328298568726,0.9251771569252014,43530
9.365134954452515,1.020295262336731,1.0204523801803589,0.9254074096679688,43505
9.374979257583618,1.0202373266220093,1.0204262733459473,0.9255649447441101,43577
9.384209394454956,1.0201845169067383,1.0204176902770996,0.9257027506828308,43550
9.39545726776123,1.0201728343963623,1.0204466581344604,0.9258430600166321,43488
9.404151678085327,1.020107388496399,1.0203801393508911,0.9261143803596497,43647
9.415284395217896,1.0201398134231567,1.0202794075012207,0.92640620470047,43700
9.424302816390991,1.0200936794281006,1.0202456712722778,0.9268780946731567,43592
9.43436336517334,1.0200624465942383,1.0202465057373047,0.9270990490913391,43536
9.445059776306152,1.0199309587478638,1.0203025341033936,0.9270641803741455,43448
9.454342365264893,1.0198516845703125,1.0203278064727783,0.9273012280464172,43496
9.464341640472412,1.019667148590088,1.0207706689834595,0.9274154305458069,42821
9.474584102630615,1.0196781158447266,1.0203591585159302,0.9277953505516052,44000
9.4854576587677,1.0196199417114258,1.0203680992126465,0.9280907511711121,43527
9.494340658187866,1.019471287727356,1.0205473899841309,0.9282943606376648,43237
9.505534887313843,1.0193800926208496,1.0206035375595093,0.9285449981689453,43440
9.514644622802734,1.0193902254104614,1.0206109285354614,0.9290418028831482,43520
9.5244722366333,1.0192906856536865,1.0206613540649414,0.9293135404586792,43447
9.53550410270691,1.0192536115646362,1.0208936929702759,0.929550051689148,43150
9.544094800949097,1.0190407037734985,1.020818829536438,0.9296357035636902,43644
9.554343223571777,1.01895010471344,1.0208510160446167,0.9299145936965942,43474
9.565598726272583,1.0189735889434814,1.0210028886795044,0.9305872321128845,43276
9.574313402175903,1.0188125371932983,1.0214056968688965,0.930688202381134,42866
9.584253787994385,1.0185847282409668,1.0211154222488403,0.9310129284858704,43982
9.594697952270508,1.0186175107955933,1.021019697189331,0.9312532544136047,43676
9.604122877120972,1.0185191631317139,1.0210381746292114,0.931594729423523,43483
9.614346027374268,1.0185019969940186,1.020932912826538,0.9319356679916382,43687
9.625509262084961,1.0183985233306885,1.0209258794784546,0.932248592376709,43531
9.63495683670044,1.0182108879089355,1.0213295221328735,0.932485818862915,42863
9.644263982772827,1.0180672407150269,1.0212310552597046,0.9328376650810242,43669
9.655044555664062,1.0180188417434692,1.0212539434432983,0.9333137273788452,43479
9.665233612060547,1.017996072769165,1.0214403867721558,0.9336496591567993,43208
9.674508571624756,1.0177973508834839,1.021475911140442,0.9337916970252991,43448
9.684500694274902,1.0176076889038086,1.0216851234436035,0.9341535568237305,43168
9.69498586654663,1.017461895942688,1.0214637517929077,0.9346675872802734,43860
9.704414367675781,1.0173702239990234,1.0215604305267334,0.9349518418312073,43351
9.71447467803955,1.0172380208969116,1.0216283798217773,0.9352719783782959,43390
9.724208116531372,1.0172868967056274,1.0213112831115723,0.9357569813728333,44000
9.734959840774536,1.0172828435897827,1.021449089050293,0.9361047148704529,43285
9.743959903717041,1.0171306133270264,1.0214368104934692,0.9364648461341858,43522
9.754283905029297,1.017124056816101,1.021395206451416,0.9371517300605774,43573
9.76412558555603,1.0168354511260986,1.0213721990585327,0.9372861981391907,43544
9.774515390396118,1.0165998935699463,1.0214283466339111,0.9377416968345642,43413
9.784358024597168,1.0165349245071411,1.021356225013733,0.9381060004234314,43622
9.794150829315186,1.0164132118225098,1.0213781595230103,0.938498318195343,43471
9.804092168807983,1.016223430633545,1.021321177482605,0.9388844966888428,43597
9.814167261123657,1.0162376165390015,1.0212866067886353,0.9393118619918823,43563
9.825299978256226,1.0161713361740112,1.0212938785552979,0.9396920204162598,43495
9.834440469741821,1.015820860862732,1.0215340852737427,0.9399665594100952,43116
9.844350576400757,1.015537977218628,1.021559476852417,0.9403159618377686,43461
9.854517698287964,1.0156219005584717,1.0212616920471191,0.9408473372459412,43986
9.864681005477905,1.0154916048049927,1.021245002746582,0.9412992596626282,43534
9.874010562896729,1.0152912139892578,1.021222710609436,0.9417197704315186,43540
9.88379979133606,1.0152664184570312,1.0213732719421387,0.9420381188392639,43263
9.894139051437378,1.0149909257888794,1.0212196111679077,0.9424582123756409,43756
9.903969764709473,1.0149099826812744,1.0210998058319092,0.9431109428405762,43703
9.91474962234497,1.0145678520202637,1.0212733745574951,0.943374514579773,43227
9.924983024597168,1.0144479274749756,1.021175503730774,0.9438068866729736,43662
9.934991359710693,1.0143545866012573,1.0211089849472046,0.9442090392112732,43618
9.944230318069458,1.0141884088516235,1.0210541486740112,0.9446322917938232,43597
9.95512342453003,1.0142079591751099,1.0210168361663818,0.9449728727340698,43570
9.964223623275757,1.0139739513397217,1.020891547203064,0.9454089999198914,43713
9.974282264709473,1.0138206481933594,1.0209217071533203,0.9457743763923645,43465
9.985097885131836,1.013582706451416,1.0209665298461914,0.9462993741035461,43437
9.994110584259033,1.0133742094039917,1.0208817720413208,0.9467200636863708,43650
10.004260778427124,1.0132300853729248,1.0208258628845215,0.947242259979248,43604
10.014667510986328,1.013002872467041,1.0209681987762451,0.9476080536842346,43282
10.025128602981567,1.012843370437622,1.0209698677062988,0.9480327367782593,43508
10.034355401992798,1.0126042366027832,1.0212491750717163,0.9481868743896484,43058
10.044695377349854,1.0124393701553345,1.0213037729263306,0.9484856128692627,43414
10.054262638092041,1.0123827457427979,1.021083116531372,0.9489747285842896,43863
10.064219236373901,1.0120662450790405,1.0208135843276978,0.9493333697319031,43945
10.074183940887451,1.011884093284607,1.0207284688949585,0.9497361779212952,43649
10.084421634674072,1.0116877555847168,1.0206630229949951,0.950173556804657,43619
10.094213724136353,1.0115429162979126,1.0208441019058228,0.9504886269569397,43221
10.104600429534912,1.0113306045532227,1.0208085775375366,0.950887143611908,43569
10.114484071731567,1.0111477375030518,1.0208195447921753,0.9513366222381592,43495
10.123900890350342,1.0107879638671875,1.0206124782562256,0.9516362547874451,43848
10.134471893310547,1.010533332824707,1.0206388235092163,0.9518934488296509,43474
10.144288539886475,1.0103750228881836,1.0205000638961792,0.952267050743103,43739
10.155118942260742,1.0099756717681885,1.0207297801971436,0.9526086449623108,43145
10.165176153182983,1.00979483127594,1.0207215547561646,0.952902615070343,43526
10.174179315567017,1.0097028017044067,1.0211081504821777,0.9531318545341492,42886
10.185092449188232,1.0094941854476929,1.02103853225708,0.9534664750099182,43617
10.194136142730713,1.009248971939087,1.0209274291992188,0.9537951946258545,43688
10.2050461769104,1.0089929103851318,1.020697832107544,0.9540535807609558,43879
10.213985919952393,1.008736491203308,1.02067232131958,0.9543261528015137,43553
10.224711656570435,1.0084415674209595,1.0204964876174927,0.9547505378723145,43798
10.234225749969482,1.0082298517227173,1.0204676389694214,0.9549874067306519,43563
10.244112491607666,1.0081377029418945,1.0201209783554077,0.9553958177566528,44000
10.255223274230957,1.0078985691070557,1.020215630531311,0.9555729627609253,43371
10.264130353927612,1.007534146308899,1.019987940788269,0.9559377431869507,43891
10.274211168289185,1.0073356628417969,1.020025372505188,0.9561917185783386,43467
10.284114122390747,1.0069266557693481,1.020014762878418,0.956562876701355,43543
10.29511308670044,1.0066251754760742,1.0198280811309814,0.9568454027175903,43829
10.304198026657104,1.0064458847045898,1.0196367502212524,0.9571073651313782,43841
10.31409764289856,1.0061804056167603,1.019559383392334,0.957336962223053,43661
10.324965476989746,1.0059871673583984,1.019474983215332,0.9578348398208618,43674
10.333966493606567,1.0057780742645264,1.0195906162261963,0.9580472111701965,43351
10.344821214675903,1.005579948425293,1.0197395086288452,0.9580492377281189,43294
10.354052543640137,1.0053046941757202,1.019709587097168,0.9582862854003906,43581
10.364203214645386,1.0049107074737549,1.0192760229110718,0.9586433172225952,44000
10.374297857284546,1.0047568082809448,1.0194183588027954,0.9587495923042297,43311
10.384857654571533,1.004389762878418,1.0193051099777222,0.9589251279830933,43723
10.39412808418274,1.0041563510894775,1.0192220211029053,0.9591853618621826,43676
10.405060052871704,1.003860592842102,1.0191072225570679,0.9594089984893799,43730
10.414417266845703,1.0035656690597534,1.0189884901046753,0.9596217274665833,43738
10.424533605575562,1.0032174587249756,1.0188266038894653,0.9598792791366577,43811
10.43428635597229,1.0028260946273804,1.0188566446304321,0.960178792476654,43503
10.444123029708862,1.0026485919952393,1.0188806056976318,0.960305392742157,43513
10.454195022583008,1.0023711919784546,1.018834114074707,0.9604567289352417,43626
10.463960886001587,1.0021103620529175,1.0187708139419556,0.9606056213378906,43654
10.474627256393433,1.0016838312149048,1.0185893774032593,0.9609200954437256,43848
10.484482049942017,1.0014228820800781,1.0185312032699585,0.9610454440116882,43651
10.493985652923584,1.0011686086654663,1.0185827016830444,0.9610787034034729,43473
10.503819942474365,1.0009206533432007,1.0184518098831177,0.9613067507743835,43769
10.513975381851196,1.0007730722427368,1.0183632373809814,0.961402416229248,43703
10.525184154510498,1.0004246234893799,1.0184320211410522,0.9615440368652344,43450
10.534166097640991,1.0001791715621948,1.0180414915084839,0.9617249965667725,44000
10.545018196105957,0.9999071359634399,1.0179638862609863,0.9618427753448486,43695
10.554851055145264,0.9996088147163391,1.0179855823516846,0.9619384407997131,43537
10.564297914505005,0.9991083741188049,1.0182758569717407,0.9620896577835083,43099
10.57413935661316,0.9989352822303772,1.018343448638916,0.9621536135673523,43453
10.585429906845093,0.9987883567810059,1.0183643102645874,0.9623217582702637,43524
10.594462871551514,0.9985222220420837,1.0183004140853882,0.9624141454696655,43663
10.604448556900024,0.9984201192855835,1.0179636478424072,0.9625670909881592,44000
10.614705085754395,0.9981740713119507,1.0179568529129028,0.9626243114471436,43583
10.62441873550415,0.9979336261749268,1.0179328918457031,0.9627083539962769,43608
10.635364055633545,0.9977440237998962,1.0177481174468994,0.962828516960144,43868
10.64513111114502,0.9973706603050232,1.0176916122436523,0.9629167318344116,43665
10.654397010803223,0.997159481048584,1.0175449848175049,0.9630354046821594,43813
10.664258480072021,0.9968540668487549,1.0173100233078003,0.96312016248703,43958
10.674453496932983,0.9965815544128418,1.017225742340088,0.9631819128990173,43719
10.685553550720215,0.9963400363922119,1.0171992778778076,0.9632290005683899,43634
10.694723129272461,0.9960721731185913,1.0172090530395508,0.9635404944419861,43569
10.704344272613525,0.9957286715507507,1.0171154737472534,0.9634689688682556,43736
10.7144193649292,0.9955068230628967,1.017049789428711,0.96351158618927,43693
10.724918127059937,0.9951903820037842,1.0168282985687256,0.9636193513870239,43948
10.734362840652466,0.9950454235076904,1.0166423320770264,0.963613748550415,43895
10.743998289108276,0.9948333501815796,1.0165573358535767,0.9636541604995728,43739
10.755144834518433,0.9946224093437195,1.0165055990219116,0.9636679291725159,43683
10.764258861541748,0.9944209456443787,1.0164148807525635,0.9636891484260559,43748
10.774853944778442,0.9942784905433655,1.0164510011672974,0.9636852145195007,43539
10.784277439117432,0.9940458536148071,1.0163841247558594,0.9636935591697693,43709
10.79441785812378,0.9938188791275024,1.0163086652755737,0.9637284874916077,43723
10.804072380065918,0.9935365319252014,1.0161982774734497,0.9637373685836792,43784
10.814292192459106,0.9932763576507568,1.0162286758422852,0.9637143611907959,43556
10.824732303619385,0.99297696352005,1.0160218477249146,0.9637652635574341,43942
10.834404706954956,0.9926375150680542,1.0160117149353027,0.9638478755950928,43627
10.844366312026978,0.9925114512443542,1.0158439874649048,0.9637772440910339,43879
10.85453200340271,0.992214024066925,1.0158300399780273,0.9638571739196777,43635
10.86520791053772,0.9920150637626648,1.0157676935195923,0.9638679027557373,43716
10.874106645584106,0.9918322563171387,1.0157077312469482,0.9638497829437256,43710
10.883884191513062,0.9917066097259521,1.0157856941223145,0.9637256860733032,43490
10.89390230178833,0.9915030002593994,1.0156673192977905,0.9637247920036316,43806
10.904242038726807,0.9913102388381958,1.0156623125076294,0.9636126756668091,43621
10.91501522064209,0.9911161065101624,1.0155895948410034,0.9635811448097229,43736
10.925156116485596,0.9909335374832153,1.0155211687088013,0.9635484218597412,43728
10.934485673904419,0.9907227754592896,1.015431523323059,0.963520884513855,43765
10.944469451904297,0.9905140995979309,1.0154051780700684,0.9634621739387512,43663
10.954468727111816,0.9903514981269836,1.0153404474258423,0.9634174704551697,43728
10.964057683944702,0.9901583194732666,1.0153478384017944,0.9633786082267761,43612
10.975297451019287,0.9899510145187378,1.0152872800827026,0.9633477330207825,43721
10.984306812286377,0.9897844791412354,1.0151636600494385,0.9633181691169739,43825
10.994335174560547,0.9896013140678406,1.0151528120040894,0.9632266163825989,43644
11.004265308380127,0.9893863201141357,1.0151197910308838,0.9631518721580505,43682
11.014024496078491,0.9892278909683228,1.0151249170303345,0.963062584400177,43619
11.024084091186523,0.9890744686126709,1.0150721073150635,0.9629863500595093,43712
11.03485631942749,0.9889032244682312,1.0150107145309448,0.9629266858100891,43729
11.044312953948975,0.9887495040893555,1.0149301290512085,0.9628356099128723,43761
11.055466175079346,0.9885119199752808,1.014616847038269,0.9627465605735779,44000
11.065152883529663,0.9884079694747925,1.0143898725509644,0.9626740217208862,44000
11.074666500091553,0.988255500793457,1.0143966674804688,0.9625657200813293,43636
11.084056854248047,0.9880944490432739,1.0144003629684448,0.9625002145767212,43641
11.093955039978027,0.987923264503479,1.0141090154647827,0.9624220132827759,44000
11.104084014892578,0.9877436757087708,1.0140106678009033,0.9623300433158875,43809
11.114057064056396,0.9876148700714111,1.0139533281326294,0.9622294902801514,43749
11.124156713485718,0.9874622225761414,1.0138705968856812,0.962165117263794,43789
11.134222984313965,0.9873083829879761,1.0138349533081055,0.9620373845100403,43713
11.143954277038574,0.9871869683265686,1.0138334035873413,0.9619543552398682,43660
11.15418028831482,0.9869959950447083,1.013757586479187,0.9618419408798218,43778
11.164095640182495,0.9868689179420471,1.0136686563491821,0.9617394804954529,43803
11.173908948898315,0.9867134094238281,1.0136524438858032,0.9616320729255676,43686
11.184201002120972,0.9865283370018005,1.0137202739715576,0.9614649415016174,43550
11.194267749786377,0.9865002632141113,1.0138516426086426,0.9613358974456787,43444
11.203901052474976,0.9863788485527039,1.0138245820999146,0.9612467885017395,43698
11.215211868286133,0.9862884283065796,1.0138217210769653,0.9611685872077942,43658
11.225060224533081,0.9861917495727539,1.013790488243103,0.9610682725906372,43704
11.234221458435059,0.9860888719558716,1.0137542486190796,0.9609711766242981,43715
11.244550704956055,0.9857960939407349,1.013981580734253,0.9608253240585327,43287
11.254705905914307,0.9856259822845459,1.0139116048812866,0.9607520699501038,43765
11.264194011688232,0.9855114817619324,1.013910174369812,0.9605948328971863,43650
11.275224208831787,0.9854109287261963,1.0138858556747437,0.9604998230934143,43692
11.28426718711853,0.9853246808052063,1.0138899087905884,0.9603698253631592,43646
11.29407787322998,0.9852189421653748,1.0138609409332275,0.9602552056312561,43698
11.304673910140991,0.9852611422538757,1.0139671564102173,0.9601190686225891,43481
11.314419507980347,0.9851900935173035,1.0140010118484497,0.9600072503089905,43594
11.324323892593384,0.98496413230896,1.0138412714004517,0.9599880576133728,43907
11.333997964859009,0.9850053787231445,1.0139435529708862,0.959832489490509,43489
11.345030307769775,0.9848144054412842,1.013809084892273,0.9597694873809814,43868
11.35416841506958,0.9848242998123169,1.0139644145965576,0.9595786333084106,43400
11.365280628204346,0.9847439527511597,1.0139566659927368,0.9594659209251404,43661
11.374177932739258,0.9846751093864441,1.0136568546295166,0.9594532251358032,44000
11.384019613265991,0.9845049381256104,1.013717770576477,0.9593163132667542,43560
11.393958568572998,0.9845189452171326,1.0138494968414307,0.9591580629348755,43445
11.404016017913818,0.9844355583190918,1.0135735273361206,0.9591357707977295,44000
11.414179801940918,0.9843506813049316,1.0135211944580078,0.9590369462966919,43739
11.423835277557373,0.9843007326126099,1.0135117769241333,0.958924412727356,43679
11.434088230133057,0.9842560291290283,1.0134522914886475,0.9587947130203247,43755
11.44422197341919,0.9842798113822937,1.013476014137268,0.9586150646209717,43622
11.454294681549072,0.9841655492782593,1.0136194229125977,0.9584948420524597,43429
11.464096784591675,0.9841076135635376,1.0136072635650635,0.9583847522735596,43675
11.47398066520691,0.9840183854103088,1.0136146545410156,0.958225429058075,43641
11.483867645263672,0.9839722514152527,1.013608694076538,0.9580971598625183,43665
11.494336128234863,0.9839341044425964,1.0136018991470337,0.9579858779907227,43669
11.503967523574829,0.9837188124656677,1.0134047269821167,0.9579856395721436,43976
11.514125108718872,0.9836006164550781,1.013279676437378,0.9578539133071899,43866
11.524211168289185,0.9836522936820984,1.013505220413208,0.9576209783554077,43301
11.535174131393433,0.9834131598472595,1.0130395889282227,0.9576722383499146,44000
11.5441415309906,0.983441948890686,1.0129915475845337,0.957452654838562,43746
11.555289268493652,0.9833590388298035,1.013033151626587,0.9571949243545532,43609
11.5638747215271,0.9833213090896606,1.0129824876785278,0.9570568799972534,43754
11.574923992156982,0.9833406805992126,1.0130901336669922,0.9568353891372681,43493
11.584859132766724,0.9832931756973267,1.0130137205123901,0.9567093253135681,43794
11.594008445739746,0.9832217693328857,1.012981653213501,0.9565899968147278,43720
11.604245901107788,0.9831494092941284,1.0130352973937988,0.9564525485038757,43585
11.614176273345947,0.9831088185310364,1.0130019187927246,0.9563290476799011,43725
11.624977111816406,0.9830664396286011,1.0129436254501343,0.9561885595321655,43762
11.634900569915771,0.9830171465873718,1.0128755569458008,0.9560549855232239,43783
11.6443350315094,0.9829769134521484,1.0128268003463745,0.955919623374939,43753
11.654867172241211,0.9829195737838745,1.0128092765808105,0.9557962417602539,43702
11.664620637893677,0.9829335808753967,1.0127657651901245,0.9558646082878113,43746
11.674404859542847,0.9827972054481506,1.0125914812088013,0.9557934999465942,43958
11.684454917907715,0.9827823638916016,1.0125542879104614,0.9556393027305603,43740
11.694304466247559,0.9827449917793274,1.0125280618667603,0.9555085301399231,43722
11.703962326049805,0.9826663136482239,1.0125033855438232,0.9552085995674133,43723
11.713916063308716,0.9826411604881287,1.0125185251235962,0.9549894332885742,43659
11.725175857543945,0.9826124310493469,1.0125137567520142,0.9548661112785339,43690
11.734556674957275,0.9825467467308044,1.012562870979309,0.9546827077865601,43601
11.744089841842651,0.9825392961502075,1.0125494003295898,0.9543842673301697,43703
11.754120111465454,0.9825237393379211,1.0125476121902466,0.9542633891105652,43682
11.764975547790527,0.9825270175933838,1.012498140335083,0.9541440606117249,43759
11.774558305740356,0.9825396537780762,1.0126382112503052,0.9539836645126343,43454
11.783836603164673,0.9826379418373108,1.0127379894256592,0.9537323713302612,43517
11.793885946273804,0.9825630784034729,1.0127638578414917,0.9536487460136414,43632
11.80410099029541,0.982550323009491,1.0127660036087036,0.9533678889274597,43670
11.814334630966187,0.9825266599655151,1.012739896774292,0.9532127380371094,43716
11.825067281723022,0.9824990034103394,1.0126819610595703,0.953219473361969,43770
11.834989547729492,0.9824835658073425,1.0127235651016235,0.9530231952667236,43608
11.845025300979614,0.9824559092521667,1.012666940689087,0.9528863430023193,43769
11.854931354522705,0.982304573059082,1.0123012065887451,0.9527831673622131,44000
11.86426043510437,0.9822836518287659,1.0122627019882202,0.9526666402816772,43748
11.87529706954956,0.9822829961776733,1.012265682220459,0.9525609612464905,43684
11.884050369262695,0.9822688698768616,1.012247920036316,0.9524359107017517,43716
11.89409351348877,0.982246994972229,1.0122205018997192,0.9523253440856934,43732
11.904183149337769,0.9823238253593445,1.0123611688613892,0.9521415829658508,43460
11.914896249771118,0.9823181629180908,1.0123231410980225,0.9520040154457092,43745
11.92466688156128,0.982219398021698,1.0121161937713623,0.951955258846283,44000
11.935875177383423,0.9822208881378174,1.0120841264724731,0.9518553614616394,43741
11.944573402404785,0.9822708964347839,1.0122421979904175,0.9516713619232178,43436
11.954845666885376,0.9821868538856506,1.0120490789413452,0.951637864112854,44000
11.964624166488647,0.9821969270706177,1.012027621269226,0.9515537619590759,43724
11.974214553833008,0.982186496257782,1.0120172500610352,0.9514207243919373,43708
11.984479904174805,0.9821824431419373,1.011976957321167,0.9513214826583862,43756
11.99389362335205,0.9821728467941284,1.011960506439209,0.9512258172035217,43721
12.004164457321167,0.9821531772613525,1.0119431018829346,0.9511204361915588,43721
12.014766454696655,0.9821706414222717,1.0119014978408813,0.9510517120361328,43759
12.024284601211548,0.9822264909744263,1.0120631456375122,0.9508852362632751,43431
12.034104347229004,0.982201874256134,1.0120577812194824,0.9507935643196106,43696
12.045088529586792,0.9821857213973999,1.011884093284607,0.9507187604904175,43972
12.055023670196533,0.9822594523429871,1.0120067596435547,0.9505473971366882,43495
12.064718961715698,0.9823183417320251,1.0117026567459106,0.950345516204834,44000
12.07399845123291,0.9821544289588928,1.011804223060608,0.9504197835922241,43531
12.08413553237915,0.9821963310241699,1.011752724647522,0.950156033039093,43782
12.0942862033844,0.982214093208313,1.0118075609207153,0.9501147270202637,43606
12.104238986968994,0.9821292757987976,1.0118135213851929,0.9501124620437622,43686
12.115190029144287,0.9821651577949524,1.011785864830017,0.9498841762542725,43739
12.125101327896118,0.9822713136672974,1.0116890668869019,0.9496921896934509,43852
12.13421893119812,0.9822345972061157,1.0116896629333496,0.9496249556541443,43695
12.143972635269165,0.982291579246521,1.0115963220596313,0.9496024250984192,43850
12.154205560684204,0.9822918772697449,1.0115540027618408,0.9495334029197693,43768
12.164217948913574,0.9822348952293396,1.0116339921951294,0.949400007724762,43571
12.17406678199768,0.9823997616767883,1.0119839906692505,0.9492397308349609,43130
12.184221982955933,0.982334315776825,1.0120339393615723,0.9490909576416016,43607
12.195251941680908,0.9823799729347229,1.0119409561157227,0.9491050839424133,43836
12.204935312271118,0.9822837114334106,1.0121842622756958,0.9489165544509888,43293
12.214168310165405,0.9822728633880615,1.0121701955795288,0.9488555192947388,43709
12.225169658660889,0.9822499752044678,1.0120983123779297,0.9488160014152527,43798
12.23443865776062,0.9822391271591187,1.0120981931686401,0.9487388730049133,43687
12.244522333145142,0.9822423458099365,1.012081503868103,0.9487022757530212,43713
12.254380702972412,0.9822097420692444,1.012048363685608,0.9486353397369385,43739
12.264440774917603,0.9822047352790833,1.0119965076446533,0.9485870599746704,43771
12.2751944065094,0.9822030067443848,1.0119740962982178,0.948550283908844,43723
12.284646987915039,0.9821799993515015,1.0119309425354004,0.9485065340995789,43759
12.294042110443115,0.9821670651435852,1.0118693113327026,0.948466420173645,43789
12.304125547409058,0.9821546077728271,1.0118590593338013,0.948442280292511,43707
12.314388275146484,0.9822026491165161,1.0117043256759644,0.9483972191810608,43940
12.325177907943726,0.9821497201919556,1.0118106603622437,0.9483540058135986,43524
12.335176944732666,0.9820294976234436,1.0118515491485596,0.948225200176239,43624
12.345110893249512,0.9820165038108826,1.0117888450622559,0.9482114315032959,43792
12.355010747909546,0.9819924831390381,1.0117226839065552,0.9482017755508423,43799
12.364246368408203,0.9818964004516602,1.0112652778625488,0.9482394456863403,44000
12.374096393585205,0.9818740487098694,1.0112210512161255,0.9482073783874512,43776
12.385329246520996,0.9818868637084961,1.0112031698226929,0.9481903910636902,43736
12.393960237503052,0.9819506406784058,1.0112913846969604,0.9480582475662231,43562
12.403965950012207,0.9818634390830994,1.0110379457473755,0.9481198191642761,44000
12.414546728134155,0.9819210171699524,1.011149287223816,0.9480195045471191,43528
12.42429780960083,0.9817603230476379,1.0111064910888672,0.9480732083320618,43776
12.43409276008606,0.9818401336669922,1.0111724138259888,0.948009729385376,43599
12.444013357162476,0.9817293882369995,1.0109542608261108,0.9480483531951904,44000
12.454117774963379,0.9817001819610596,1.0109196901321411,0.9481133222579956,43766
12.464167594909668,0.9817938208580017,1.0110054016113281,0.947966456413269,43572
12.474085092544556,0.9816345572471619,1.0107531547546387,0.9480425119400024,44000
12.484045267105103,0.98161381483078,1.010817527770996,0.9479331970214844,43610
12.494915962219238,0.9816558957099915,1.010779619216919,0.9479326605796814,43775
12.504053354263306,0.9815058708190918,1.0105462074279785,0.9480316042900085,44000
12.514156818389893,0.9815070033073425,1.0104612112045288,0.9480513334274292,43857
12.524219036102295,0.9815147519111633,1.0104018449783325,0.9480592608451843,43819
12.534282445907593,0.9814814329147339,1.0103516578674316,0.94797283411026,43804
12.54523253440857,0.9814454913139343,1.0102463960647583,0.9480445981025696,43894
12.55405569076538,0.981417179107666,1.0101531744003296,0.9480524063110352,43877
12.56507396697998,0.9814096093177795,1.0100665092468262,0.9480650424957275,43869
12.574906349182129,0.9813880324363708,1.0100140571594238,0.948072612285614,43815
12.584339141845703,0.9813609719276428,1.0099363327026367,0.9480893015861511,44000
12.595324277877808,0.9815934300422668,1.009421706199646,0.9485336542129517,43967
12.604923725128174,0.9815846681594849,1.009348750114441,0.9485549330711365,43967
12.615094184875488,0.9815487861633301,1.009250283241272,0.9485980272293091,43967
12.624828100204468,0.9815295934677124,1.009130835533142,0.9486175179481506,43967
12.634220838546753,0.981593132019043,1.0091639757156372,0.9486019611358643,43967
12.643956661224365,0.9815719127655029,1.0091127157211304,0.9486276507377625,43967
12.654362678527832,0.9815433621406555,1.0090339183807373,0.9486621022224426,43967
12.664194822311401,0.9815165996551514,1.0089472532272339,0.948684811592102,43967
12.674240112304688,0.9814279675483704,1.00868821144104,0.9488037824630737,43967
12.68435549736023,0.9813825488090515,1.0085697174072266,0.9489028453826904,43967
12.69423508644104,0.9813506007194519,1.0084785223007202,0.9489421844482422,43967
12.703984022140503,0.9813408851623535,1.0083844661712646,0.948994517326355,43967
12.714148759841919,0.9813104271888733,1.008329153060913,0.9490652084350586,43967
12.724035501480103,0.9812878370285034,1.0082389116287231,0.9491233229637146,43967
12.73445200920105,0.9812403917312622,1.0081441402435303,0.9491716027259827,43967
12.744158506393433,0.9811473488807678,1.0081559419631958,0.9489589929580688,43967
12.754147052764893,0.9811331033706665,1.0080922842025757,0.9490345120429993,43967
12.764270782470703,0.9810757637023926,1.0080257654190063,0.949114978313446,43967
12.774253845214844,0.9808764457702637,1.0081104040145874,0.9492062926292419,43967
12.78449821472168,0.9808460474014282,1.0080902576446533,0.9492568373680115,43967
12.794398069381714,0.9808717370033264,1.0080187320709229,0.9495198130607605,43967
12.805359601974487,0.9808657765388489,1.0079525709152222,0.949586808681488,43967
12.813925743103027,0.9808148145675659,1.0079467296600342,0.949657678604126,43967
12.824263334274292,0.9807981252670288,1.0079421997070312,0.9497265219688416,43967
12.834333896636963,0.9807613492012024,1.0078786611557007,0.9498025178909302,43967
12.84429669380188,0.9806520938873291,1.0078706741333008,0.9496687650680542,43967
12.856163740158081,0.9806503057479858,1.0078442096710205,0.9497696161270142,43967
12.863988399505615,0.9806002378463745,1.0078428983688354,0.9498279094696045,43967
12.874277591705322,0.9805764555931091,1.0078061819076538,0.9499009251594543,43967
12.885044813156128,0.9805397987365723,1.007822036743164,0.94999098777771,43967
12.89434003829956,0.9805988073348999,1.0079524517059326,0.9500664472579956,43967
12.904990673065186,0.9806683659553528,1.0075236558914185,0.9503400325775146,43967
12.914678573608398,0.980735719203949,1.0078258514404297,0.9504379034042358,43967
12.9249849319458,0.9806409478187561,1.0076817274093628,0.9505892395973206,43967
12.934050559997559,0.9805920124053955,1.0076676607131958,0.9507192969322205,43967
12.944262266159058,0.9805386066436768,1.0077118873596191,0.9507940411567688,43967
12.954194068908691,0.9804976582527161,1.0077248811721802,0.9509215354919434,43967
12.964655876159668,0.980428159236908,1.0077424049377441,0.9511126279830933,43967
12.97502326965332,0.9803408980369568,1.0075337886810303,0.9512636065483093,43967
12.984755277633667,0.9803301095962524,1.0074518918991089,0.9514071345329285,43967
12.995224714279175,0.9802194833755493,1.0075955390930176,0.9515296220779419,43967
13.004374265670776,0.9801853895187378,1.0076497793197632,0.9516633152961731,43967
13.014319658279419,0.9801105260848999,1.0076816082000732,0.9517899751663208,43967
13.024049282073975,0.9798820614814758,1.0080078840255737,0.951842725276947,43967
13.034136056900024,0.979992151260376,1.0077368021011353,0.9521300792694092,43967
13.044463634490967,0.9797555804252625,1.008083701133728,0.9522138833999634,43967
13.054018020629883,0.9796803593635559,1.0081652402877808,0.952338695526123,43967
13.065536499023438,0.9796934127807617,1.0084037780761719,0.9524423480033875,43967
13.074429035186768,0.979893147945404,1.008015751838684,0.953021228313446,43967
13.085439443588257,0.9798198938369751,1.0080379247665405,0.9531674981117249,43967
13.094212770462036,0.9797477722167969,1.0080701112747192,0.9533469080924988,43967
13.104209899902344,0.9796774387359619,1.0081263780593872,0.9535486102104187,43967
13.114562273025513,0.9794585704803467,1.0081199407577515,0.953540563583374,43967
13.124140977859497,0.9794034361839294,1.00821053981781,0.9537874460220337,43967
13.134758710861206,0.9792131185531616,1.0083848237991333,0.9540249109268188,43967
13.144010543823242,0.9791548252105713,1.0084398984909058,0.9542002081871033,43967
13.154852867126465,0.9790216088294983,1.0085198879241943,0.9545284509658813,43967
13.164052724838257,0.9789494276046753,1.0086263418197632,0.9547035694122314,43967
13.17427110671997,0.9788870215415955,1.0086843967437744,0.954937219619751,43967
13.184761762619019,0.9787893891334534,1.008774757385254,0.9551326036453247,43967
13.19489336013794,0.978733241558075,1.008886694908142,0.9553144574165344,43967
13.20414924621582,0.9786187410354614,1.0089542865753174,0.9555144309997559,43967
13.214531421661377,0.9786260724067688,1.0091888904571533,0.955627977848053,43967
13.224597215652466,0.978560745716095,1.0093283653259277,0.955815851688385,43967
13.234163761138916,0.9785281419754028,1.0093798637390137,0.9559354186058044,43967
13.244486331939697,0.9784384369850159,1.0094656944274902,0.956157922744751,43967
13.254611492156982,0.9781695008277893,1.0096725225448608,0.9563558101654053,43967
13.265186548233032,0.9780514240264893,1.0098538398742676,0.9565542340278625,43967
13.274603605270386,0.9781525731086731,1.0096430778503418,0.9568122029304504,43967
13.28515338897705,0.9781767129898071,1.0099245309829712,0.9570292830467224,43967
13.29474687576294,0.9780173301696777,1.0098670721054077,0.957324206829071,43967
13.304732322692871,0.9778823852539062,1.0100206136703491,0.9575484395027161,43967
13.314706325531006,0.9777244925498962,1.010191798210144,0.9577046632766724,36000
13.325105428695679,0.9776222109794617,1.0103060007095337,0.9579885005950928,43541
13.335306167602539,0.9775141477584839,1.0104254484176636,0.9582445621490479,43532
13.34486436843872,0.9774388670921326,1.010733723640442,0.9584728479385376,43221
13.355157613754272,0.9773871898651123,1.0108026266098022,0.9586448073387146,43603
13.364184141159058,0.9772583842277527,1.0109102725982666,0.9588634371757507,43536
13.375117063522339,0.977139413356781,1.010979175567627,0.9590780138969421,43599
13.38492751121521,0.9770258665084839,1.0110206604003906,0.959276020526886,43640
13.393877267837524,0.9769366383552551,1.0110125541687012,0.9594815373420715,43721
13.404371500015259,0.9766927361488342,1.010805606842041,0.9600375890731812,44000
13.414454221725464,0.9765291810035706,1.0108553171157837,0.9600409865379333,43632
13.423924684524536,0.9762304425239563,1.0109912157058716,0.9603253602981567,43494
13.43493366241455,0.9761229753494263,1.0109362602233887,0.9605928063392639,43797
13.444389343261719,0.9760032892227173,1.0109082460403442,0.9607880711555481,43753
13.45538330078125,0.9759255051612854,1.0110234022140503,0.9609231948852539,43522
13.4654061794281,0.9757370352745056,1.0108141899108887,0.9612119793891907,44000
13.474007606506348,0.975580632686615,1.010722279548645,0.9614869952201843,43860
13.484314918518066,0.9756755232810974,1.0105280876159668,0.9616966247558594,44000
13.494018793106079,0.975447416305542,1.0102829933166504,0.9619617462158203,44000
13.504350662231445,0.9753295183181763,1.010201096534729,0.9621869325637817,43860
13.514735460281372,0.975323498249054,1.0104477405548096,0.9623647928237915,43330
13.524328470230103,0.9748687148094177,1.01027250289917,0.9625959396362305,44000
13.534271478652954,0.9747301936149597,1.0104458332061768,0.9627580046653748,43438
13.544962644577026,0.9745612740516663,1.010166883468628,0.9630016684532166,44000
13.555175065994263,0.9746037721633911,1.0098333358764648,0.9634004235267639,44000
13.565080881118774,0.9744600653648376,1.0094280242919922,0.9637365341186523,43964
13.574134111404419,0.9742881059646606,1.0094155073165894,0.9639905691146851,43964
13.58532428741455,0.9742198586463928,1.0094183683395386,0.9641905426979065,43964
13.595216512680054,0.9739030003547668,1.0094401836395264,0.964477002620697,43964
13.604426622390747,0.9737565517425537,1.0090513229370117,0.9648067355155945,43964
13.614638328552246,0.9735937714576721,1.0089271068572998,0.9650418162345886,43964
13.624223709106445,0.9733052849769592,1.0089430809020996,0.9652087092399597,43964
13.63532567024231,0.9730541110038757,1.0088109970092773,0.9653829336166382,43964
13.654092073440552,0.9728948473930359,1.0086618661880493,0.9656747579574585,43964
13.656160593032837,0.9728926420211792,1.0082491636276245,0.9659824967384338,43964
13.664647817611694,0.9727309942245483,1.0080960988998413,0.9662043452262878,43964
13.673806428909302,0.9725617170333862,1.0080028772354126,0.966434895992279,43964
13.684420347213745,0.9722908139228821,1.0083073377609253,0.9665884971618652,43964
13.695181846618652,0.9721118807792664,1.008182168006897,0.9668292999267578,43964
13.705184936523438,0.9721498489379883,1.007735013961792,0.9672226905822754,43964
13.714648485183716,0.9719468951225281,1.0076364278793335,0.967435359954834,43964
13.735099077224731,0.9716851115226746,1.0073879957199097,0.9678049683570862,43964
13.73735785484314,0.9714894890785217,1.0072933435440063,0.9680798053741455,43964
13.744560241699219,0.9713104963302612,1.007202386856079,0.9683286547660828,43964
13.754106283187866,0.9710557460784912,1.0074204206466675,0.9686002731323242,43964
13.76429533958435,0.9709337949752808,1.0074992179870605,0.9688057899475098,43964
13.775081157684326,0.9707565903663635,1.0074137449264526,0.9690110087394714,43964
13.784044027328491,0.9705305099487305,1.0073919296264648,0.9692047834396362,43964
13.794180870056152,0.9703140258789062,1.0071171522140503,0.9695335626602173,43964
13.804184913635254,0.9700548052787781,1.0070579051971436,0.9697834253311157,43964
13.814565896987915,0.9699245095252991,1.007070541381836,0.9700140357017517,43964
13.824914693832397,0.9698456525802612,1.0067336559295654,0.9703124165534973,43964
13.834247350692749,0.9696489572525024,1.0066239833831787,0.9705642461776733,43964
13.844198226928711,0.9693334698677063,1.0068163871765137,0.9707477688789368,43964
13.854748964309692,0.9691423773765564,1.006762981414795,0.9710570573806763,43964
13.864928960800171,0.9688786268234253,1.0066205263137817,0.9713471531867981,43964
13.874899864196777,0.9686762690544128,1.0065847635269165,0.9715754389762878,43964
13.884631395339966,0.9686381220817566,1.0062284469604492,0.9719772934913635,43964
13.894467830657959,0.9685344099998474,1.0063459873199463,0.9720821380615234,43964
13.904310464859009,0.9683854579925537,1.0062813758850098,0.9723817110061646,43964
13.914977788925171,0.9681811332702637,1.006278395652771,0.972670316696167,43964
13.924786806106567,0.9678049683570862,1.0061419010162354,0.9731194376945496,43964
13.934187650680542,0.967614471912384,1.006118655204773,0.9733259677886963,43964
13.944266080856323,0.9675198197364807,1.0062456130981445,0.9735334515571594,43964
13.9548180103302,0.9674069881439209,1.0064759254455566,0.9737222194671631,43964
13.964188814163208,0.9670953154563904,1.0061174631118774,0.9740069508552551,43964
13.975189447402954,0.9669411182403564,1.0061287879943848,0.9742398262023926,43964
13.98411250114441,0.966814398765564,1.0061390399932861,0.9745601415634155,43964
13.994937181472778,0.9666416645050049,1.006158471107483,0.9747849106788635,43964
14.004056453704834,0.9664570093154907,1.006152629852295,0.97503662109375,43964
14.014502048492432,0.9663713574409485,1.0063530206680298,0.9751980304718018,43964
14.02423906326294,0.9662273526191711,1.0063083171844482,0.9754297733306885,43964
14.034348726272583,0.9659408330917358,1.0062462091445923,0.9757928252220154,43964
14.043789625167847,0.9657720327377319,1.0059317350387573,0.9761252403259277,43964
14.054275274276733,0.96559739112854,1.0059475898742676,0.9763402938842773,43964
14.0640549659729,0.9654006958007812,1.00592839717865,0.9765797257423401,43964
14.07430624961853,0.9652524590492249,1.0058963298797607,0.9768274426460266,43964
14.083786964416504,0.9651124477386475,1.005950689315796,0.9770413041114807,43964
14.094202041625977,0.9649783372879028,1.006008267402649,0.9772483110427856,43964
14.104312658309937,0.9648905992507935,1.0059802532196045,0.9774988293647766,43964
14.11418104171753,0.9647274017333984,1.0060604810714722,0.9776811003684998,43964
14.135304927825928,0.9646407961845398,1.0060125589370728,0.9779744148254395,43964
14.140976428985596,0.9645454287528992,1.0059658288955688,0.9781858325004578,43964
14.144237041473389,0.9643115401268005,1.0061004161834717,0.9784265756607056,43964
14.15497899055481,0.9643031358718872,1.0060040950775146,0.9786176085472107,43964
14.164397716522217,0.9640896916389465,1.0061910152435303,0.9787970185279846,43964
14.173969745635986,0.9641437530517578,1.0060044527053833,0.9790096879005432,43964
14.183992862701416,0.9639548063278198,1.0061540603637695,0.9792117476463318,43964
14.194403886795044,0.9638425707817078,1.0062154531478882,0.9793760180473328,43964
14.20419454574585,0.9636418223381042,1.0063782930374146,0.9795622229576111,43964
14.213725090026855,0.9635593295097351,1.0063797235488892,0.9798383116722107,43964
14.223992586135864,0.9634289145469666,1.0064315795898438,0.9800883531570435,43964
14.234409093856812,0.9633386135101318,1.0065094232559204,0.9802395105361938,43964
14.245022058486938,0.9632365107536316,1.0065147876739502,0.980478823184967,43964
14.25420594215393,0.9631228446960449,1.0066158771514893,0.9807034730911255,43964
14.27435827255249,0.9630821347236633,1.0065813064575195,0.9811716079711914,43964
14.277063608169556,0.9630420207977295,1.0068442821502686,0.9811165928840637,43964
14.284698247909546,0.9629685282707214,1.006971836090088,0.9813947677612305,43964
14.30544900894165,0.9628351330757141,1.0069066286087036,0.9816311001777649,43964
14.309491395950317,0.9628022313117981,1.0072054862976074,0.9818068146705627,43964
14.315442323684692,0.9627523422241211,1.007305383682251,0.982016384601593,43964
14.32484221458435,0.9626441597938538,1.0071933269500732,0.9822085499763489,43964
14.334824323654175,0.9625567197799683,1.00734543800354,0.9824197888374329,43964
14.345089435577393,0.9625182151794434,1.0074615478515625,0.9826254844665527,43964
14.354104042053223,0.9624456763267517,1.007612705230713,0.9828609228134155,43964
14.364116430282593,0.962390661239624,1.0076802968978882,0.9831308126449585,43964
14.374133110046387,0.9622335433959961,1.0078707933425903,0.9834198355674744,43964
14.394210815429688,0.9622780680656433,1.0081602334976196,0.9834802150726318,43964
14.397148847579956,0.9621819853782654,1.008109450340271,0.9837866425514221,43964
14.406024932861328,0.9622222185134888,1.008355975151062,0.9839575886726379,43964
14.41572642326355,0.9622613191604614,1.0085034370422363,0.9843087792396545,43964
14.424179315567017,0.9621127247810364,1.0085415840148926,0.9844411611557007,43964
14.434412717819214,0.9621509909629822,1.0087145566940308,0.9847135543823242,43964
14.444177389144897,0.9621585607528687,1.008841633796692,0.9848986864089966,43964
14.454766035079956,0.9621738195419312,1.008988380432129,0.9851085543632507,43964
14.464313507080078,0.9623225927352905,1.0095502138137817,0.9852643609046936,43964
14.474072694778442,0.9623010158538818,1.0097565650939941,0.9854735136032104,43964
14.485035419464111,0.9623271226882935,1.009892463684082,0.9856747984886169,43964
14.494196653366089,0.9624090790748596,1.0097770690917969,0.9858980178833008,43964
14.504255533218384,0.962424635887146,1.009978175163269,0.9861704111099243,43964
14.514723539352417,0.9624757766723633,1.0101795196533203,0.9863495826721191,36000
14.524996042251587,0.9624666571617126,1.0101410150527954,0.9868935346603394,43782
14.534652471542358,0.9624342322349548,1.0103729963302612,0.9868404865264893,43345
14.543976783752441,0.9625613689422607,1.010688304901123,0.9870402216911316,43207
14.553868770599365,0.9626271724700928,1.0108842849731445,0.9872878193855286,43388
14.56431245803833,0.9626870155334473,1.0110448598861694,0.9875016808509827,43435
14.574243307113647,0.9626626968383789,1.0111205577850342,0.9877863526344299,43576
14.584168434143066,0.96275395154953,1.011320948600769,0.9880729913711548,43377
14.59416127204895,0.9628031849861145,1.0114610195159912,0.9883145093917847,43468
14.60411548614502,0.9628856778144836,1.0115853548049927,0.9885703921318054,43489
14.62415599822998,0.9629256129264832,1.0117346048355103,0.9888179898262024,43446
14.634757995605469,0.9630169868469238,1.0118077993392944,0.9890429973602295,43568
14.636868476867676,0.9632164835929871,1.0121325254440308,0.9891477823257446,43158
14.65437364578247,0.9633126854896545,1.0122519731521606,0.9893388748168945,43477
14.664990425109863,0.9632785320281982,1.0121784210205078,0.9898324012756348,43787
14.675154447555542,0.9634448885917664,1.0123766660690308,0.9899997115135193,43354
14.67728590965271,0.9636427164077759,1.0125811100006104,0.9901324510574341,43339
14.69466257095337,0.9637400507926941,1.0126444101333618,0.9903469681739807,43565
14.69987678527832,0.9637086987495422,1.0124766826629639,0.9906820058822632,43936
14.714377164840698,0.9638046026229858,1.0125502347946167,0.990882933139801,43546
14.715404033660889,0.9640694856643677,1.0123575925827026,0.9910544753074646,43979
14.73438048362732,0.9641633629798889,1.0123043060302734,0.991355299949646,43766
14.744147539138794,0.9642651677131653,1.0123145580291748,0.9915799498558044,43658
14.745012044906616,0.9643723964691162,1.012276291847229,0.9918187856674194,43734
14.754575729370117,0.964485764503479,1.0122027397155762,0.9921051263809204,43794
14.765267133712769,0.9645864963531494,1.0122534036636353,0.9923194646835327,43604
14.784106254577637,0.9646926522254944,1.012266755104065,0.9925452470779419,43652
14.787731647491455,0.9648540019989014,1.0121817588806152,0.992789626121521,43810
14.794050931930542,0.96485435962677,1.0120433568954468,0.9930539727210999,43898
14.804287433624268,0.9649487137794495,1.0120456218719482,0.9933034777641296,43676
14.814642190933228,0.9650807976722717,1.0119926929473877,0.9935244917869568,43768
14.824343204498291,0.9651795029640198,1.011915922164917,0.9937146306037903,43804
14.844269752502441,0.9652056694030762,1.012036681175232,0.9939076900482178,43484
14.854254961013794,0.9653373956680298,1.012019395828247,0.9941220283508301,43705
14.856663703918457,0.9654439687728882,1.0119690895080566,0.9943788051605225,43759
14.874537467956543,0.9656019806861877,1.0119233131408691,0.994600236415863,43756
14.8845055103302,0.9658368229866028,1.012033462524414,0.9950559139251709,43501
14.894368171691895,0.9659516215324402,1.011949062347412,0.9951892495155334,43812
14.898147583007812,0.9660962224006653,1.0119229555130005,0.995387852191925,43721
14.915058374404907,0.9661823511123657,1.011775255203247,0.9956481456756592,43916
14.924119710922241,0.9664761424064636,1.0117690563201904,0.9958334565162659,43691
14.93431043624878,0.9666250944137573,1.0117261409759521,0.9960232973098755,43753
14.935044765472412,0.9668439626693726,1.011734962463379,0.9961920976638794,43669
14.954607486724854,0.9670583605766296,1.0114933252334595,0.9964655041694641,44000
14.955575466156006,0.9672213196754456,1.011389970779419,0.9966373443603516,43856
14.974312543869019,0.9674017429351807,1.011345624923706,0.9968242645263672,43763
14.984151840209961,0.9676442742347717,1.0114725828170776,0.9969515204429626,43482
14.985034942626953,0.9677931666374207,1.0114082098007202,0.997131884098053,43793
14.994274139404297,0.9679470062255859,1.0113598108291626,0.9972884654998779,43763
15.004220008850098,0.968109667301178,1.0113344192504883,0.9974380135536194,43730
15.02413034439087,0.9682713150978088,1.01128351688385,0.9976763129234314,43770
15.035112380981445,0.9682741761207581,1.0110870599746704,0.9979226589202881,44000
15.044238805770874,0.96845942735672,1.0108387470245361,0.9980862736701965,44000
15.045186042785645,0.9686710238456726,1.0107609033584595,0.9985023736953735,43829
15.064337968826294,0.9688330888748169,1.0106945037841797,0.9986381530761719,43811
15.075226306915283,0.9689475893974304,1.0107252597808838,0.9985126256942749,43653
15.080345392227173,0.9691373705863953,1.0107123851776123,0.998668372631073,43726
15.094205379486084,0.9693073034286499,1.010678768157959,0.9988442063331604,43754
15.1051504611969,0.9693020582199097,1.0108544826507568,0.9990074634552002,43418
15.10962200164795,0.9695020914077759,1.0108832120895386,0.9991319179534912,43655
15.124091386795044,0.9697747230529785,1.0110291242599487,0.9992263913154602,43459
15.134307861328125,0.9699841737747192,1.0109978914260864,0.9993506669998169,43744
15.13713788986206,0.9702244400978088,1.0110619068145752,0.9995868802070618,43594
15.144141674041748,0.9703991413116455,1.0110752582550049,0.9997038245201111,43668
15.154100179672241,0.9705902338027954,1.0111141204833984,0.9997991919517517,43630
15.174494504928589,0.9707132577896118,1.011052131652832,1.0000851154327393,43790
15.178218603134155,0.9709221720695496,1.011047124862671,1.0002070665359497,43704
15.184582710266113,0.9711306691169739,1.0108076333999634,1.000313401222229,44000
15.203903913497925,0.9713146686553955,1.0108301639556885,1.000415325164795,43660
15.213984489440918,0.9714722037315369,1.0108351707458496,1.000507116317749,43693
15.224195957183838,0.9716752767562866,1.0108669996261597,1.0005942583084106,43646
15.23433518409729,0.9719167947769165,1.0105795860290527,1.000908374786377,44000
15.244868278503418,0.9720872640609741,1.0105702877044678,1.0009897947311401,43719
15.255308628082275,0.972304105758667,1.0106306076049805,1.001037836074829,43603
15.260916709899902,0.9723940491676331,1.0108898878097534,1.001105785369873,43284
15.274171113967896,0.9726021885871887,1.010845422744751,1.0011768341064453,43768
15.28492021560669,0.9727590084075928,1.0108588933944702,1.0012454986572266,43677
15.294310808181763,0.9730173349380493,1.010787010192871,1.0013618469238281,43813
15.2975435256958,0.9732674956321716,1.010942816734314,1.0013717412948608,43447
15.304104328155518,0.973475456237793,1.010919451713562,1.001469373703003,43730
15.32519245147705,0.9737072587013245,1.0110058784484863,1.0016461610794067,43556
15.334155797958374,0.973838746547699,1.0110160112380981,1.0015990734100342,43677
15.334855079650879,0.9740787148475647,1.0110183954238892,1.0016311407089233,43691
15.346386671066284,0.9743020534515381,1.0111875534057617,1.0016435384750366,43415
15.364258766174316,0.974515974521637,1.0111958980560303,1.0017259120941162,43676
15.375382900238037,0.9746854901313782,1.011207938194275,1.0017786026000977,43670
15.384339570999146,0.9748813509941101,1.0111796855926514,1.0016984939575195,43735
15.39426064491272,0.9750810265541077,1.011171817779541,1.0017191171646118,43701
15.404192924499512,0.9752353429794312,1.0112216472625732,1.0017942190170288,43608
15.414693355560303,0.975255012512207,1.0110820531845093,1.0018515586853027,43915
15.424213886260986,0.9754212498664856,1.0110604763031006,1.001891851425171,43726
15.434416055679321,0.9755831360816956,1.0110859870910645,1.0019539594650269,43648
15.437495708465576,0.9757714867591858,1.0109877586364746,1.0019880533218384,43851
15.444597721099854,0.9759109616279602,1.0109812021255493,1.001984715461731,43705
15.464426040649414,0.9760857820510864,1.0109457969665527,1.0020238161087036,43750
15.467142105102539,0.9762030243873596,1.010776400566101,1.0020456314086914,43970
15.484396696090698,0.9764401912689209,1.0108606815338135,1.002005934715271,43561
15.494087219238281,0.976481556892395,1.010768175125122,1.0020264387130737,43841
15.497583866119385,0.9767967462539673,1.0107789039611816,1.0020287036895752,43681
15.515330076217651,0.9769337773323059,1.010798454284668,1.0020052194595337,43671
15.517498254776001,0.9770813584327698,1.0107911825180054,1.0019956827163696,43709
15.5350923538208,0.9773181676864624,1.0107625722885132,1.0022774934768677,43747
15.537045240402222,0.9774724841117859,1.0107425451278687,1.0022674798965454,43731
15.554312944412231,0.9776531457901001,1.0107760429382324,1.0021703243255615,43644
15.556897163391113,0.9779092669487,1.0107473134994507,1.002184510231018,43744
15.575111389160156,0.9780558347702026,1.0106754302978516,1.00204336643219,43816
15.584882259368896,0.9781823754310608,1.010277271270752,1.0022202730178833,44000
15.594826698303223,0.9784073829650879,1.010256290435791,1.0021982192993164,43743
15.604673385620117,0.9786683320999146,1.0103862285614014,1.0021262168884277,43491
15.615376472473145,0.9789612889289856,1.010396957397461,1.0020411014556885,43697
15.624220609664917,0.9790541529655457,1.0101988315582275,1.0020883083343506,44000
15.634435176849365,0.9792638421058655,1.0101264715194702,1.0020325183868408,43826
15.645161151885986,0.979440450668335,1.0100833177566528,1.0020753145217896,43778
15.654033660888672,0.9796335697174072,1.0100092887878418,1.002057433128357,43834
15.66530156135559,0.9798348546028137,1.0099796056747437,1.0020371675491333,43763
15.674226522445679,0.9801242351531982,1.0098439455032349,1.0019066333770752,44000
15.684298276901245,0.9803482294082642,1.0097668170928955,1.0018749237060547,43952
15.693991899490356,0.9805430173873901,1.0097521543502808,1.0018231868743896,43952
15.704166889190674,0.9807443618774414,1.0096558332443237,1.0018353462219238,43952
15.714918375015259,0.980994462966919,1.0095871686935425,1.001839280128479,43952
15.724315404891968,0.9812365770339966,1.0095313787460327,1.0018072128295898,43952
15.734310150146484,0.9814811944961548,1.0094635486602783,1.0018101930618286,43952
15.74419116973877,0.981706976890564,1.0093969106674194,1.001779556274414,43952
15.754479885101318,0.9821049571037292,1.0093194246292114,1.0017025470733643,43952
15.764139413833618,0.9823397397994995,1.0092180967330933,1.001556634902954,43952
15.773858547210693,0.9826723337173462,1.009386420249939,1.0013970136642456,43952
15.783894062042236,0.9829239249229431,1.0093244314193726,1.001367211341858,43952
15.793874740600586,0.9830964803695679,1.0090556144714355,1.0014559030532837,43952
15.80442190170288,0.9834204912185669,1.0089786052703857,1.001460075378418,43952
15.814281225204468,0.983608067035675,1.0089651346206665,1.0015056133270264,43952
15.824018478393555,0.9838408827781677,1.0088862180709839,1.001550316810608,43952
15.834435224533081,0.9840990304946899,1.008878469467163,1.0014474391937256,43952
15.84447717666626,0.9843913912773132,1.0092549324035645,1.0013010501861572,43952
15.854542016983032,0.9847042560577393,1.0091593265533447,1.0012859106063843,43952
15.864668130874634,0.9849755764007568,1.0086299180984497,1.0014959573745728,43952
15.875109672546387,0.9853033423423767,1.008628249168396,1.0014480352401733,43952
15.884846687316895,0.9855585098266602,1.0086145401000977,1.0014257431030273,43952
15.894800424575806,0.9858391880989075,1.0086086988449097,1.0013879537582397,43952
15.904938697814941,0.9863824248313904,1.00876784324646,1.001165747642517,43952
15.914859533309937,0.9866527915000916,1.0088014602661133,1.0011069774627686,43952
15.925042629241943,0.9868984222412109,1.0087181329727173,1.001271367073059,43952
15.9341139793396,0.9871671199798584,1.008729100227356,1.0012297630310059,43952
15.94427752494812,0.9873372912406921,1.0089342594146729,1.001176118850708,43952
15.954699516296387,0.9875931143760681,1.0089269876480103,1.001176118850708,43952
15.964503526687622,0.9878856539726257,1.0089586973190308,1.0011446475982666,43952
15.975004434585571,0.9881123900413513,1.0088897943496704,1.0011669397354126,43952
15.977181911468506,0.9884198904037476,1.0089170932769775,1.0011643171310425,43952
15.994431495666504,0.9887873530387878,1.0090093612670898,1.001257061958313,43952
16.003839015960693,0.989035964012146,1.0089175701141357,1.001297116279602,43952
16.014084815979004,0.989393413066864,1.008955478668213,1.0012537240982056,43952
16.023901224136353,0.989774763584137,1.0090384483337402,1.0012372732162476,43952
16.03401470184326,0.9901062846183777,1.0091289281845093,1.0011963844299316,43952
16.04435896873474,0.9905407428741455,1.0089378356933594,1.0012725591659546,43952
16.054162979125977,0.9907779097557068,1.0090500116348267,1.00126051902771,43952
16.063873529434204,0.991030752658844,1.0089898109436035,1.001331090927124,43952
16.075304985046387,0.991577684879303,1.0090538263320923,1.0014444589614868,43952
16.084298133850098,0.9918296933174133,1.0090038776397705,1.0014662742614746,43952
16.09399962425232,0.9921020269393921,1.0091503858566284,1.0013189315795898,43952
16.10414481163025,0.9924827814102173,1.0095794200897217,1.0012354850769043,43952
16.114017486572266,0.992824375629425,1.00974702835083,1.001241683959961,43952
16.124183893203735,0.993145763874054,1.009758710861206,1.0012269020080566,43952
16.134430646896362,0.993425726890564,1.0097403526306152,1.0012894868850708,43952
16.144293785095215,0.9938182234764099,1.010023832321167,1.0012484788894653,43952
16.155315399169922,0.9941184520721436,1.01004159450531,1.001198649406433,43952
16.165267944335938,0.9944577813148499,1.010174036026001,1.0011926889419556,36000
16.174168586730957,0.9948192238807678,1.0102860927581787,1.0012094974517822,43547
16.184561252593994,0.9954087138175964,1.0101251602172852,1.0015100240707397,43985
16.194177389144897,0.9957045912742615,1.010364294052124,1.001260757446289,43319
16.20409607887268,0.9960699677467346,1.0104665756225586,1.001275658607483,43543
16.21404767036438,0.9965568780899048,1.0109604597091675,1.0012589693069458,42918
16.224073886871338,0.9969350099563599,1.0110093355178833,1.0013294219970703,43619
16.233837366104126,0.9972736835479736,1.011107325553894,1.0013328790664673,43553
16.244080781936646,0.9976180791854858,1.0112231969833374,1.0013680458068848,43503
16.254103422164917,0.9979234933853149,1.0111294984817505,1.0017104148864746,43842
16.264413833618164,0.9982673525810242,1.0112743377685547,1.0017383098602295,43461
16.27414584159851,0.9986461997032166,1.0113797187805176,1.0017552375793457,43517
16.28427791595459,0.9990510940551758,1.011644721031189,1.0017249584197998,43252
16.294455528259277,0.9994744062423706,1.011606216430664,1.0016576051712036,43750
16.304301261901855,0.9997734427452087,1.0115000009536743,1.0017668008804321,43866
16.315418004989624,1.0002710819244385,1.011788010597229,1.0017658472061157,43210
16.32491636276245,1.0006028413772583,1.0115774869918823,1.0018445253372192,44000
16.334369897842407,1.0010864734649658,1.0117616653442383,1.002044916152954,43377
16.344502925872803,1.0014142990112305,1.0122014284133911,1.0017081499099731,42949
16.355540990829468,1.0017755031585693,1.0122078657150269,1.0017666816711426,43667
16.364385843276978,1.0021250247955322,1.0120433568954468,1.002051830291748,43936
16.374444484710693,1.0025248527526855,1.0120270252227783,1.0019100904464722,43691
16.384270429611206,1.0029491186141968,1.0120598077774048,1.001794457435608,43610
16.394177436828613,1.003446102142334,1.012046456336975,1.001824975013733,43705
16.404200077056885,1.003861665725708,1.0119742155075073,1.001918911933899,43784
16.414308071136475,1.004455327987671,1.0116525888442993,1.0019735097885132,44000
16.426206350326538,1.0047874450683594,1.0115643739700317,1.0022220611572266,43814
16.441075563430786,1.005212664604187,1.0115145444869995,1.0024174451828003,43749
16.446712255477905,1.005635380744934,1.0114529132843018,1.0024659633636475,43779
16.454960346221924,1.0059603452682495,1.0115336179733276,1.0023044347763062,43540
16.466987371444702,1.0063824653625488,1.0114504098892212,1.0023269653320312,43812
16.47550392150879,1.0067049264907837,1.0112221240997314,1.0024409294128418,44000
16.484410524368286,1.0071383714675903,1.0111604928970337,1.0024851560592651,43774
16.494147062301636,1.0077505111694336,1.0112406015396118,1.0025184154510498,43546
16.504347562789917,1.0082378387451172,1.011354923248291,1.0024571418762207,43500
16.51422381401062,1.0087041854858398,1.011214017868042,1.0023515224456787,43911
16.524123907089233,1.008996844291687,1.0110005140304565,1.002410888671875,44000
16.534908771514893,1.0095158815383911,1.0105457305908203,1.0025676488876343,44000
16.545239448547363,1.0099905729293823,1.0106474161148071,1.0025185346603394,43526
16.55505919456482,1.0104111433029175,1.0106127262115479,1.00288724899292,43736
16.564926624298096,1.010680079460144,1.0104482173919678,1.0029220581054688,43972
16.57425808906555,1.011083960533142,1.0103381872177124,1.0027235746383667,43879
16.583844661712646,1.0116342306137085,1.0100635290145874,1.0028027296066284,44000
16.594870805740356,1.0121221542358398,1.0100085735321045,1.0027992725372314,43947
16.60409140586853,1.0124619007110596,1.0100499391555786,1.0027923583984375,43947
16.614208459854126,1.012923240661621,1.0099377632141113,1.0028386116027832,43947
16.624190092086792,1.0133427381515503,1.0098291635513306,1.0028398036956787,43947
16.634353637695312,1.0138342380523682,1.0098600387573242,1.0026350021362305,43947
16.644318103790283,1.0142488479614258,1.0097624063491821,1.0026417970657349,43947
16.65412712097168,1.0145670175552368,1.0095157623291016,1.0027241706848145,43947
16.664423942565918,1.014970302581787,1.0094269514083862,1.0027368068695068,43947
16.67395782470703,1.0153236389160156,1.0094001293182373,1.0027081966400146,43947
16.68437099456787,1.0157558917999268,1.0093053579330444,1.0026806592941284,43947
16.694886922836304,1.0162403583526611,1.0091811418533325,1.0027879476547241,43947
16.70390796661377,1.016699194908142,1.0090781450271606,1.0029183626174927,43947
16.714092254638672,1.0171384811401367,1.0088778734207153,1.0027583837509155,43947
16.724202871322632,1.017545461654663,1.0087321996688843,1.0028269290924072,43947
16.73445963859558,1.0180293321609497,1.0085501670837402,1.0027636289596558,43947
16.744322061538696,1.0184316635131836,1.008453607559204,1.0026988983154297,43947
16.753992080688477,1.0187866687774658,1.008398413658142,1.0026777982711792,43947
16.765149354934692,1.0192283391952515,1.0084812641143799,1.0026161670684814,43947
16.77542757987976,1.0195547342300415,1.0082412958145142,1.00265634059906,43947
16.78442406654358,1.0200397968292236,1.0080798864364624,1.0025296211242676,43947
16.794376611709595,1.0205134153366089,1.0082966089248657,1.0024490356445312,43947
16.804752349853516,1.0209254026412964,1.007973313331604,1.0022977590560913,43947
16.814167022705078,1.0212305784225464,1.0078909397125244,1.002350091934204,43947
16.824138164520264,1.0216326713562012,1.0079461336135864,1.002166748046875,43947
16.834237337112427,1.0219155550003052,1.0077276229858398,1.002183437347412,43947
16.844913005828857,1.0223968029022217,1.0078246593475342,1.0020643472671509,43947
16.85487675666809,1.0227305889129639,1.0074493885040283,1.0021718740463257,43947
16.864654541015625,1.023071527481079,1.0073941946029663,1.0020966529846191,43947
16.8739812374115,1.023425817489624,1.0073031187057495,1.0021947622299194,43947
16.884504318237305,1.023776888847351,1.0071920156478882,1.0021113157272339,43947
16.894293785095215,1.0241361856460571,1.0076117515563965,1.001692295074463,43947
16.904233932495117,1.024484634399414,1.0072083473205566,1.001791000366211,43947
16.914225578308105,1.0247985124588013,1.0071738958358765,1.0017226934432983,43947
16.92433762550354,1.0251026153564453,1.0071312189102173,1.0016288757324219,43947
16.935595750808716,1.025468349456787,1.0073893070220947,1.0012990236282349,43947
16.94528579711914,1.0257514715194702,1.007333517074585,1.00126051902771,43947
16.954463243484497,1.026182770729065,1.0070303678512573,1.001213550567627,43947
16.96379017829895,1.0263253450393677,1.0071638822555542,1.0011096000671387,43947
16.97457194328308,1.0265636444091797,1.0069445371627808,1.0011327266693115,43947
16.983901262283325,1.026824951171875,1.0068835020065308,1.0010693073272705,43947
16.994234800338745,1.0270962715148926,1.0068176984786987,1.0009615421295166,43947
17.004084825515747,1.0274395942687988,1.0068947076797485,1.0011459589004517,43947
17.014283180236816,1.0276743173599243,1.006796956062317,1.0008724927902222,43947
17.024303913116455,1.027910828590393,1.0067551136016846,1.0007747411727905,43947
17.03415012359619,1.0281696319580078,1.00662362575531,1.0006495714187622,43947
17.044609308242798,1.028486967086792,1.0066519975662231,1.000571608543396,43947
17.054493188858032,1.0287660360336304,1.0065803527832031,1.0003888607025146,43947
17.064298629760742,1.0289522409439087,1.006568193435669,1.0002374649047852,43947
17.0741925239563,1.0292311906814575,1.006358027458191,1.0002113580703735,43947
17.084607124328613,1.0293934345245361,1.0064367055892944,0.9999788403511047,43947
17.094419717788696,1.029725432395935,1.0061402320861816,0.9999071359634399,43947
17.104183435440063,1.0298688411712646,1.0060850381851196,0.9997963309288025,43947
17.11416745185852,1.0300588607788086,1.0061278343200684,0.9996210932731628,43947
17.12427568435669,1.0302845239639282,1.005983829498291,0.9995747208595276,43947
17.134299516677856,1.0305448770523071,1.0058770179748535,0.9993520379066467,43947
17.145209550857544,1.0306074619293213,1.0059142112731934,0.999403178691864,43947
17.154274463653564,1.0308245420455933,1.005782961845398,0.9991704225540161,43947
17.164283990859985,1.030988335609436,1.0057321786880493,0.9990530610084534,43947
17.174269676208496,1.031129002571106,1.0057014226913452,0.9989525675773621,43947
17.185181140899658,1.031278371810913,1.0055803060531616,0.998852014541626,43947
17.194089889526367,1.031435251235962,1.0055482387542725,0.9988053441047668,43947
17.20506191253662,1.0315885543823242,1.0052359104156494,0.9987505674362183,43947
17.214730739593506,1.031699538230896,1.0052496194839478,0.9984932541847229,43947
17.22522521018982,1.0318037271499634,1.0052400827407837,0.9983032941818237,43947
17.234036684036255,1.0319346189498901,1.0051571130752563,0.9981842637062073,43947
17.24468970298767,1.0320227146148682,1.0050592422485352,0.9980742335319519,43947
17.25395131111145,1.0321333408355713,1.0049861669540405,0.9979587197303772,43947
17.264017581939697,1.0322213172912598,1.0049362182617188,0.9978460073471069,43947
17.27514958381653,1.032300353050232,1.004887342453003,0.9977710247039795,43947
17.28429341316223,1.0324128866195679,1.0049893856048584,0.9976495504379272,43947
17.295249700546265,1.0323519706726074,1.005141258239746,0.9975629448890686,43947
17.304360389709473,1.0324171781539917,1.0050662755966187,0.9974667429924011,43947
17.314523935317993,1.032459020614624,1.0050342082977295,0.9973645806312561,43947
17.32439422607422,1.032518982887268,1.0049359798431396,0.997273325920105,43947
17.33409070968628,1.0325275659561157,1.0048905611038208,0.9972041249275208,43947
17.344314336776733,1.032537817955017,1.0046342611312866,0.9971249103546143,43947
17.35443377494812,1.0325409173965454,1.004580020904541,0.9970552325248718,43947
17.365415811538696,1.0325831174850464,1.0044276714324951,0.996924102306366,43947
17.37436270713806,1.0326203107833862,1.0043232440948486,0.9968333840370178,43947
17.384673357009888,1.0325844287872314,1.004266619682312,0.9967260360717773,43947
17.39415144920349,1.0326037406921387,1.0042214393615723,0.9966791868209839,43947
17.40411686897278,1.0326015949249268,1.0041825771331787,0.9965972304344177,43947
17.41437005996704,1.0325976610183716,1.0041022300720215,0.9965153336524963,43947
17.424219846725464,1.032681941986084,1.0041213035583496,0.9963840246200562,43947
17.434480667114258,1.0326520204544067,1.0040428638458252,0.9963192343711853,43947
17.44442081451416,1.032591700553894,1.0040156841278076,0.9962297081947327,43947
17.45474886894226,1.0325546264648438,1.0039714574813843,0.9961870908737183,43947
17.46414089202881,1.0325326919555664,1.003889560699463,0.996111273765564,43947
17.475098848342896,1.0324827432632446,1.0038243532180786,0.9960542917251587,43947
17.484878540039062,1.0325016975402832,1.0036585330963135,0.9959949851036072,43947
17.495222806930542,1.0323938131332397,1.0036853551864624,0.9959748387336731,43947
17.504047870635986,1.0323604345321655,1.0034860372543335,0.995980978012085,43947
17.51490354537964,1.032271385192871,1.0035252571105957,0.9958651065826416,43947
17.524444818496704,1.0321656465530396,1.0034987926483154,0.9957988858222961,43947
17.534507036209106,1.0321325063705444,1.0034452676773071,0.9957129955291748,43947
17.544074773788452,1.0320403575897217,1.003373622894287,0.9956868290901184,43947
17.55512237548828,1.031954050064087,1.0033156871795654,0.9956832528114319,43947
17.56472945213318,1.031862497329712,1.0032240152359009,0.9956641793251038,43947
17.5740909576416,1.031768798828125,1.0031700134277344,0.9956547617912292,43947
17.584319829940796,1.0316511392593384,1.0031083822250366,0.9956063032150269,43947
17.594962120056152,1.031531810760498,1.0030395984649658,0.9955613613128662,43947
17.60409450531006,1.0315253734588623,1.0028380155563354,0.9955419898033142,43947
17.61424422264099,1.0314136743545532,1.00279700756073,0.995517909526825,43947
17.624115705490112,1.0312038660049438,1.002935767173767,0.9955089688301086,43947
17.63437032699585,1.0310884714126587,1.0027892589569092,0.9955683350563049,43947
17.644175052642822,1.03094482421875,1.0027023553848267,0.9955530166625977,43947
17.655065536499023,1.0310046672821045,1.0027133226394653,0.995507538318634,43947
17.664157390594482,1.0307419300079346,1.0026016235351562,0.9955213069915771,43947
17.674445390701294,1.030579924583435,1.0025581121444702,0.9954818487167358,43947
17.684256553649902,1.0305010080337524,1.0023771524429321,0.9955676198005676,43947
17.694104433059692,1.030318021774292,1.002302646636963,0.9955837726593018,43947
17.703986883163452,1.030072569847107,1.0024094581604004,0.9953888058662415,43947
17.71436834335327,1.0299952030181885,1.0021978616714478,0.995448112487793,43947
17.724315643310547,1.0298373699188232,1.0020619630813599,0.9954900145530701,43947
17.73454761505127,1.0296826362609863,1.0020276308059692,0.9954732656478882,43947
17.744272470474243,1.0294350385665894,1.0020464658737183,0.995410144329071,43947
17.754326820373535,1.0292538404464722,1.0018420219421387,0.9955403208732605,43947
17.764185428619385,1.0290755033493042,1.001784324645996,0.9955286383628845,43947
17.774219036102295,1.0288347005844116,1.00180983543396,0.9954354763031006,43947
17.784422874450684,1.0287226438522339,1.0017505884170532,0.9957029819488525,43947
17.793953895568848,1.0285111665725708,1.001754641532898,0.9957086443901062,43947
17.804523468017578,1.028267741203308,1.0017646551132202,0.9954702258110046,43947
17.81422448158264,1.0280418395996094,1.0017825365066528,0.9954330921173096,43947
17.82415461540222,1.0277419090270996,1.001863956451416,0.9954757690429688,43947
17.83424687385559,1.0276039838790894,1.0019510984420776,0.9954068660736084,43947
17.844226837158203,1.0273635387420654,1.0019193887710571,0.9954135417938232,43947
17.854288339614868,1.027077317237854,1.001786231994629,0.9954972863197327,43947
17.864905834197998,1.0268765687942505,1.0017553567886353,0.995516836643219,43947
17.874394416809082,1.0266824960708618,1.0018353462219238,0.9954563975334167,43947
17.88426923751831,1.0264722108840942,1.0018450021743774,0.9954365491867065,43947
17.894838094711304,1.0261262655258179,1.0016794204711914,0.9956250190734863,43947
17.904759883880615,1.025895595550537,1.0016649961471558,0.9956611394882202,43947
17.914326429367065,1.0256508588790894,1.001677393913269,0.995697557926178,43947
17.92539095878601,1.0253700017929077,1.001794457435608,0.995675265789032,43947
17.93515181541443,1.0250643491744995,1.002084732055664,0.9954934120178223,43947
17.944315671920776,1.0248371362686157,1.002059817314148,0.9956061244010925,43947
17.95553946495056,1.0246224403381348,1.0020461082458496,0.9956012964248657,43947
17.963967323303223,1.0244191884994507,1.0020792484283447,0.9957476854324341,43947
17.973976612091064,1.0242146253585815,1.0022214651107788,0.995725691318512,43947
17.984302520751953,1.0239311456680298,1.0020771026611328,0.9957828521728516,43947
17.995423078536987,1.023647665977478,1.0021158456802368,0.9958797693252563,43947
18.005017280578613,1.0234259366989136,1.002177357673645,0.9958769083023071,43947
18.013968229293823,1.023215651512146,1.0022368431091309,0.995530903339386,43947
18.02544069290161,1.022932529449463,1.002360463142395,0.9955912828445435,43947
18.03418779373169,1.022487998008728,1.0025163888931274,0.9956375360488892,43947
18.04523277282715,1.0222103595733643,1.0025653839111328,0.9956346750259399,43947
18.054342031478882,1.0218919515609741,1.0026133060455322,0.9956587553024292,43947
18.064303398132324,1.0216518640518188,1.002730131149292,0.9956601858139038,43947
18.075125694274902,1.0213243961334229,1.0028138160705566,0.9958254098892212,43947
18.08513832092285,1.021057367324829,1.002870798110962,0.9958244562149048,43947
18.09452247619629,1.0208690166473389,1.0029162168502808,0.9957807064056396,43947
18.105306148529053,1.020516037940979,1.003121256828308,0.9958029389381409,43947
18.115160703659058,1.0202257633209229,1.003186583518982,0.9958688020706177,43947
18.12428069114685,1.019885778427124,1.00331449508667,0.9958478212356567,43947
18.134357929229736,1.0196034908294678,1.0034579038619995,0.995869517326355,43947
18.14535164833069,1.019377589225769,1.003755807876587,0.9958170652389526,43947
18.154056549072266,1.0191227197647095,1.0038248300552368,0.995862603187561,43947
18.164172410964966,1.0186965465545654,1.0038940906524658,0.9959455132484436,43947
18.17419123649597,1.0184813737869263,1.0042165517807007,0.9958697557449341,43947
18.184939861297607,1.0180349349975586,1.004122257232666,0.995979368686676,43947
18.19430899620056,1.01776123046875,1.004220724105835,0.9958550930023193,43947
18.20544743537903,1.0172805786132812,1.004624605178833,0.9958534836769104,43947
18.214196920394897,1.0169024467468262,1.0048794746398926,0.9958823919296265,43947
18.22392749786377,1.0164940357208252,1.005140781402588,0.996019184589386,43947
18.23436737060547,1.0161960124969482,1.005283236503601,0.9960790276527405,43947
18.24450397491455,1.0158718824386597,1.0054409503936768,0.9960957765579224,43947
18.254129886627197,1.0155527591705322,1.005595326423645,0.9961034655570984,43947
18.264162063598633,1.0153188705444336,1.0055845975875854,0.9961881041526794,43947
18.274978637695312,1.014901041984558,1.0059354305267334,0.9961563348770142,43947
18.284273862838745,1.0145907402038574,1.0061241388320923,0.9961809515953064,43947
18.29466438293457,1.0142357349395752,1.0063154697418213,0.9961930513381958,43947
18.304304361343384,1.0139843225479126,1.0065933465957642,0.9961650371551514,43947
18.31410837173462,1.0136409997940063,1.0069007873535156,0.9960541725158691,43947
18.324939966201782,1.0131609439849854,1.0070431232452393,0.9961169362068176,43947
18.3341543674469,1.0127159357070923,1.0071455240249634,0.9962525963783264,43947
18.344327926635742,1.0122826099395752,1.007496953010559,0.996376633644104,43947
18.35490608215332,1.0118581056594849,1.0076792240142822,0.9964408874511719,43947
18.364192247390747,1.011391520500183,1.0080177783966064,0.996431827545166,43947
18.375441789627075,1.0110019445419312,1.0083562135696411,0.9963557124137878,43947
18.3841712474823,1.0106369256973267,1.008603811264038,0.9963846206665039,43947
18.39403486251831,1.0103538036346436,1.0086716413497925,0.9965236783027649,43947
18.404221534729004,1.0100244283676147,1.0089600086212158,0.9967698454856873,43947
18.414190769195557,1.0096302032470703,1.0092296600341797,0.9968134164810181,43947
18.424126625061035,1.0093460083007812,1.0093649625778198,0.9968519806861877,43947
18.434133291244507,1.0088833570480347,1.009756088256836,0.996684193611145,43947
18.444029092788696,1.0084264278411865,1.0100183486938477,0.9966784715652466,36000
18.454594135284424,1.008097529411316,1.0105277299880981,0.9966313242912292,42893
18.463935136795044,1.0077323913574219,1.0110148191452026,0.9966758489608765,42913
18.4741632938385,1.0072200298309326,1.011061429977417,0.9969031810760498,43631
18.4850070476532,1.0067942142486572,1.0114405155181885,0.9968912601470947,43088
18.49408268928528,1.0064256191253662,1.011699914932251,0.9969400763511658,43260
18.505090475082397,1.005873203277588,1.0119789838790894,0.9970312714576721,43236
18.514522075653076,1.0056462287902832,1.0120222568511963,0.9970151782035828,43599
18.52517294883728,1.0052196979522705,1.0123902559280396,0.9970628023147583,43080
18.5346200466156,1.0048036575317383,1.0125428438186646,0.9971265196800232,43408
18.544264554977417,1.0044410228729248,1.0127733945846558,0.997188150882721,43299
18.55411195755005,1.0040339231491089,1.0129501819610596,0.9972425103187561,43364
18.564436197280884,1.0034793615341187,1.0131405591964722,0.9974595904350281,43334
18.573997497558594,1.0031219720840454,1.0132535696029663,0.997554361820221,43442
18.58398199081421,1.0027918815612793,1.0136444568634033,0.9975152015686035,43010
18.594149351119995,1.0023009777069092,1.0135490894317627,0.9977138638496399,43784
18.603938817977905,1.0019679069519043,1.0139248371124268,0.9976622462272644,43034
18.614267587661743,1.001629114151001,1.014018177986145,0.9979212880134583,43475
18.624125957489014,1.0012208223342896,1.014108419418335,0.9978502988815308,43484
18.634102821350098,1.0007829666137695,1.0140326023101807,0.998045027256012,43743
18.644127368927002,1.000433087348938,1.0139877796173096,0.9983658790588379,43694
18.654043436050415,1.0000897645950317,1.0140342712402344,0.9981375336647034,43541
18.664334058761597,0.9997243881225586,1.014112949371338,0.9982156157493591,43486
18.673936128616333,0.9992501735687256,1.0140992403030396,0.998279869556427,43641
18.68422293663025,0.9989173412322998,1.0141351222991943,0.9984167814254761,43561
18.694124221801758,0.9986588954925537,1.0143686532974243,0.9983740448951721,43234
18.703978538513184,0.9983111023902893,1.0145529508590698,0.9984627962112427,43312
18.71592664718628,0.9977376461029053,1.0141899585723877,0.9987555146217346,44000
18.724005222320557,0.9974036812782288,1.0141732692718506,0.9988306760787964,43645
18.73501467704773,0.9970331192016602,1.0141606330871582,0.998962938785553,43622
18.74475359916687,0.9967037439346313,1.0141435861587524,0.9990511536598206,43637
18.75521969795227,0.9962859749794006,1.0144314765930176,0.9989479780197144,43147
18.764264822006226,0.9958640933036804,1.0142614841461182,0.9991098642349243,43879
18.774227619171143,0.9955281019210815,1.0142024755477905,0.9992378950119019,43720
18.78427004814148,0.9952239990234375,1.0142006874084473,0.9993270635604858,43611
18.79451298713684,0.9948012232780457,1.014308214187622,0.9993813037872314,43434
18.80411458015442,0.9945538640022278,1.0141061544418335,0.9995071291923523,43937
18.814743757247925,0.9941319823265076,1.014268398284912,0.9995427131652832,43355
18.824389457702637,0.9939541220664978,1.0140150785446167,0.9996048212051392,44000
18.834266662597656,0.9936602711677551,1.0139691829681396,0.9996616840362549,43694
18.844159603118896,0.9933272004127502,1.0139076709747314,0.9997381567955017,43710
18.854987859725952,0.9930017590522766,1.0138922929763794,0.9997923970222473,43643
18.86427140235901,0.9927839040756226,1.0139845609664917,0.9998199343681335,43467
18.87441611289978,0.992422878742218,1.0138553380966187,0.9999513030052185,43824
18.884335041046143,0.9921272397041321,1.0138189792633057,1.000007152557373,43679
18.895322799682617,0.9917617440223694,1.0137742757797241,1.0000759363174438,43691
18.904008626937866,0.9914302825927734,1.0137699842453003,1.0001300573349,43625
18.91509747505188,0.9911402463912964,1.0136981010437012,1.00019371509552,43735
18.925161600112915,0.9908385276794434,1.013616919517517,1.000270128250122,43743
18.934995651245117,0.9903291463851929,1.0135130882263184,1.0004997253417969,43791
18.944716691970825,0.9900420308113098,1.0134695768356323,1.000550627708435,43692
18.954217433929443,0.9897395372390747,1.0133763551712036,1.0006680488586426,43774
18.96463441848755,0.9895764589309692,1.013486623764038,1.0008467435836792,43448
18.97414469718933,0.9893863797187805,1.0136059522628784,1.0008264780044556,43432
18.98433756828308,0.9889317154884338,1.0137375593185425,1.000872254371643,43415
18.99426245689392,0.9885358214378357,1.0135737657546997,1.0008991956710815,43885
19.005011796951294,0.98825603723526,1.0135208368301392,1.000945806503296,43710
19.014852285385132,0.9881019592285156,1.0134345293045044,1.0009002685546875,43769
19.024914026260376,0.987610399723053,1.0133565664291382,1.0009907484054565,43749
19.034727811813354,0.9873214960098267,1.0133498907089233,1.001059889793396,43636
19.044616222381592,0.9870259761810303,1.013293743133545,1.0011136531829834,43712
19.055211782455444,0.9867128133773804,1.0132246017456055,1.0011675357818604,43739
19.064180374145508,0.9864048957824707,1.0131548643112183,1.0012543201446533,43741
19.07538628578186,0.9861246347427368,1.013132929801941,1.0012606382369995,43663
19.08435082435608,0.9858641624450684,1.013015866279602,1.0013035535812378,43818
19.09438467025757,0.9853769540786743,1.0131616592407227,1.001383662223816,43395
19.10502290725708,0.9850980043411255,1.0131384134292603,1.0014549493789673,43667
19.11406421661377,0.9847769141197205,1.0131393671035767,1.0014568567276,43631
19.124178171157837,0.9845060110092163,1.0131748914718628,1.0014359951019287,43575
19.134045839309692,0.9841194152832031,1.0130165815353394,1.0015170574188232,43885
19.144193172454834,0.9837565422058105,1.0129988193511963,1.0015569925308228,43661
19.154125452041626,0.9834554195404053,1.0129631757736206,1.0016008615493774,43687
19.16444230079651,0.983168363571167,1.0129284858703613,1.0016961097717285,43687
19.175055980682373,0.9830316305160522,1.012860655784607,1.0017125606536865,43744
19.18412446975708,0.9826443791389465,1.0125726461410522,1.001857876777649,44000
19.19417119026184,0.9822337031364441,1.0124526023864746,1.0019665956497192,43845
19.20431089401245,0.9819339513778687,1.0126385688781738,1.0019711256027222,43333
19.215118646621704,0.9815946221351624,1.0125172138214111,1.002191424369812,43833
19.22498321533203,0.9812246561050415,1.0124616622924805,1.0022015571594238,43738
19.234335899353027,0.9809014201164246,1.012425422668457,1.0022518634796143,43695
19.24458909034729,0.9805019497871399,1.0123780965805054,1.00240159034729,43721
19.254962921142578,0.9801466464996338,1.0123504400253296,1.0024991035461426,43689
19.264286518096924,0.9798687100410461,1.0124125480651855,1.0026663541793823,43545
19.274351119995117,0.9794621467590332,1.0123412609100342,1.0026336908340454,43757
19.285069942474365,0.9792442321777344,1.012439250946045,1.0026499032974243,43486
19.294309377670288,0.978922963142395,1.0123931169509888,1.0026949644088745,43715
19.305122137069702,0.978513240814209,1.0122371912002563,1.0027775764465332,43902
19.31446123123169,0.9781319499015808,1.0124973058700562,1.0026302337646484,43229
19.325111627578735,0.9777957797050476,1.0125291347503662,1.002673864364624,43586
19.33411145210266,0.9774317741394043,1.012425184249878,1.0026379823684692,43814
19.344182014465332,0.9770860075950623,1.0123820304870605,1.0026811361312866,43716
19.354628801345825,0.9767036437988281,1.0123181343078613,1.0026943683624268,43736
19.364376306533813,0.9764949679374695,1.0124324560165405,1.0026711225509644,43470
19.37431526184082,0.9761345982551575,1.012396216392517,1.0027251243591309,43703
19.385348081588745,0.9758294820785522,1.01236093044281,1.0027549266815186,43702
19.39407467842102,0.9755122661590576,1.012357473373413,1.0028166770935059,43647
19.40461015701294,0.9751139283180237,1.0121712684631348,1.0029833316802979,43941
19.414259672164917,0.9747992157936096,1.0121266841888428,1.0031375885009766,43722
19.424256801605225,0.9744827151298523,1.012018084526062,1.0034149885177612,43817
19.434444665908813,0.974159836769104,1.0121102333068848,1.003382921218872,43500
19.444725036621094,0.973915159702301,1.011976718902588,1.003466010093689,43863
19.45423460006714,0.973596453666687,1.0120937824249268,1.0033968687057495,43465
19.464160919189453,0.9732246398925781,1.012035608291626,1.003415822982788,43739
19.4748637676239,0.9729962348937988,1.0118955373764038,1.0034667253494263,43878
19.484044313430786,0.9727247953414917,1.0120114088058472,1.0034136772155762,43459
19.49393343925476,0.9723749160766602,1.0121039152145386,1.0034115314483643,43509
19.504854202270508,0.9719789028167725,1.0119009017944336,1.0035334825515747,43980
19.51404333114624,0.9716942310333252,1.0118544101715088,1.003576397895813,43728
19.523863792419434,0.9713969230651855,1.0118188858032227,1.0036368370056152,43704
19.533838987350464,0.9710807800292969,1.0117806196212769,1.0036733150482178,43714
19.544273376464844,0.9708438515663147,1.0116009712219238,1.0037426948547363,43945
19.555397033691406,0.9705844521522522,1.0115151405334473,1.003722071647644,43797
19.564833879470825,0.9702807068824768,1.011483907699585,1.0037918090820312,43708
19.57395625114441,0.9700024724006653,1.011466145515442,1.003838300704956,43688
19.585227727890015,0.9697308540344238,1.0115727186203003,1.0037758350372314,43490
19.59438133239746,0.9694030284881592,1.011501669883728,1.0038018226623535,43772
19.60479712486267,0.9689606428146362,1.011444091796875,1.0038907527923584,43756
19.613988876342773,0.968653678894043,1.0114760398864746,1.0038905143737793,43613
19.625020265579224,0.9683308601379395,1.011414647102356,1.0039026737213135,43759
19.6340012550354,0.968024492263794,1.0114140510559082,1.0039362907409668,43662
19.644330501556396,0.9677222967147827,1.0114305019378662,1.0039584636688232,43632
19.654961347579956,0.9673287868499756,1.0114773511886597,1.004030466079712,43583
19.66488242149353,0.9669874310493469,1.0114314556121826,1.0040528774261475,43737
19.674345016479492,0.9667162299156189,1.0114167928695679,1.004065990447998,43682
19.6849365234375,0.9664310216903687,1.0115725994110107,1.0040922164916992,43408
19.693876266479492,0.965946614742279,1.0113359689712524,1.0041993856430054,44000
19.704975605010986,0.9656893014907837,1.0112907886505127,1.0042020082473755,43733
19.71417737007141,0.9653620719909668,1.0112824440002441,1.0044255256652832,43679
19.72422170639038,0.9650333523750305,1.011220097541809,1.0042901039123535,43762
19.734297275543213,0.9648403525352478,1.0111818313598633,1.0041762590408325,43730
19.744516849517822,0.964460015296936,1.011343002319336,1.0040888786315918,43405
19.75443148612976,0.9641575217247009,1.0112535953521729,1.004144310951233,43805
19.76510500907898,0.9638547897338867,1.0112135410308838,1.0041215419769287,43729
19.774096727371216,0.9635786414146423,1.0114156007766724,1.0040313005447388,43336
19.784770727157593,0.963342547416687,1.011333703994751,1.0038816928863525,43794
19.794552087783813,0.9629546403884888,1.0111929178237915,1.003939151763916,43893
19.803760528564453,0.9626356363296509,1.0112861394882202,1.0038501024246216,43512
19.815093517303467,0.962285041809082,1.0112407207489014,1.0038331747055054,43734
19.824469804763794,0.9619603157043457,1.0111511945724487,1.003875732421875,43807
19.834349155426025,0.9616519808769226,1.0110832452774048,1.0038771629333496,43776
19.844247341156006,0.9612235426902771,1.0108979940414429,1.0039316415786743,43967
19.854207515716553,0.9609383940696716,1.0109117031097412,1.003893256187439,43651
19.86452579498291,0.9607822299003601,1.0112429857254028,1.0036535263061523,43131
19.87446618080139,0.9603434801101685,1.011003017425537,1.0038105249404907,44000
19.88427472114563,0.96010422706604,1.011059045791626,1.003764033317566,43579
19.895142793655396,0.9596821665763855,1.0110750198364258,1.0038573741912842,43639
19.904943227767944,0.9593701958656311,1.0110151767730713,1.0038360357284546,43763
19.914232969284058,0.9590084552764893,1.0109670162200928,1.003792405128479,43745
19.924113750457764,0.9586066007614136,1.0107192993164062,1.0037719011306763,44000
19.934300899505615,0.9581394195556641,1.0107603073120117,1.0037497282028198,43606
19.945188283920288,0.9579586386680603,1.0108299255371094,1.003662347793579,43558
19.954354524612427,0.9576433897018433,1.0107477903366089,1.0036238431930542,43804
19.965080976486206,0.9571709036827087,1.0104990005493164,1.0036389827728271,44000
19.97423028945923,0.9568601846694946,1.0104763507843018,1.003603458404541,43715
19.984182119369507,0.9564774036407471,1.010553240776062,1.0035043954849243,43554
19.994293451309204,0.9561710953712463,1.0104750394821167,1.0034488439559937,43804
