timestamp,cur_x,cur_y,cur_z,thrust
0.002701997756958008,2.00976300239563,0.07082705944776535,0.9822942614555359,44000
0.008063316345214844,2.009754180908203,0.07082685083150864,0.9823095798492432,44000
0.013377666473388672,2.0097711086273193,0.0707530677318573,0.9823112487792969,44000
0.018853425979614258,2.009805917739868,0.07069258391857147,0.9823073148727417,44000
0.023984670639038086,2.009859561920166,0.07060349732637405,0.9824424386024475,44000
0.02931070327758789,2.0097904205322266,0.0707278922200203,0.9823267459869385,44000
0.03420829772949219,2.009803533554077,0.07069757580757141,0.9823886752128601,44000
0.03996920585632324,2.0097947120666504,0.07076510041952133,0.9823784232139587,44000
0.04591941833496094,2.009805202484131,0.07071484625339508,0.9823678731918335,44000
0.05114102363586426,2.0097975730895996,0.07063739001750946,0.9823798537254333,44000
0.05660700798034668,2.0097525119781494,0.07066231220960617,0.9820907711982727,44000
0.06205630302429199,2.0097882747650146,0.07071606814861298,0.9823826551437378,44000
0.06783151626586914,2.0098445415496826,0.07066737860441208,0.9824298620223999,44000
0.07345461845397949,2.00980806350708,0.07076466083526611,0.9822767972946167,44000
0.07937455177307129,2.0097906589508057,0.07077029347419739,0.9822620153427124,44000
0.08613157272338867,2.0098214149475098,0.07065226137638092,0.9822049736976624,44000
0.09195947647094727,2.009796380996704,0.07065345346927643,0.9823256134986877,44000
0.09794902801513672,2.0097439289093018,0.0708051547408104,0.9822208881378174,44000
0.1033940315246582,2.0097615718841553,0.07075750082731247,0.982110321521759,44000
0.11115908622741699,2.0097641944885254,0.07068029046058655,0.9823580980300903,44000
0.1167287826538086,2.0097479820251465,0.07072051614522934,0.9822642803192139,44000
0.12526583671569824,2.0097720623016357,0.07075826078653336,0.9822558164596558,44000
0.13215208053588867,2.0097930431365967,0.07077061384916306,0.9822335839271545,44000
0.13951373100280762,2.009793281555176,0.07081284373998642,0.9822532534599304,44000
0.14664149284362793,2.009795665740967,0.07086166739463806,0.9822165369987488,44000
0.17951631546020508,2.0098114013671875,0.07085881382226944,0.9822366833686829,44000
0.18410158157348633,2.0098824501037598,0.07068626582622528,0.9823105931282043,44000
0.1919107437133789,2.009888172149658,0.07072445750236511,0.9822967648506165,44000
0.198378324508667,2.0097367763519287,0.07109622657299042,0.9823148250579834,44000
0.2062373161315918,2.0096654891967773,0.07133893668651581,0.9823768138885498,44000
0.2117326259613037,2.0095534324645996,0.07154341042041779,0.9824327826499939,44000
0.22695016860961914,2.00945782661438,0.07136917859315872,0.982457160949707,44000
0.23505067825317383,2.009366035461426,0.07174070179462433,0.9824541807174683,44000
0.24131178855895996,2.0091745853424072,0.07269923388957977,0.9822662472724915,44000
0.2459714412689209,2.0089621543884277,0.07365188747644424,0.9823487401008606,44000
0.2645735740661621,2.0086028575897217,0.07554945349693298,0.982160747051239,44000
0.27892422676086426,2.0083110332489014,0.07843037694692612,0.982368528842926,44000
0.2849903106689453,2.008164167404175,0.0800766572356224,0.9822593927383423,44000
0.2932000160217285,2.0079801082611084,0.08211298286914825,0.9828063249588013,44000
0.29869794845581055,2.007554054260254,0.08388002961874008,0.9827476143836975,44000
0.30626487731933594,2.0072760581970215,0.08661901205778122,0.9829899668693542,44000
0.31576061248779297,2.006925582885742,0.08979617804288864,0.983015239238739,44000
0.3257615566253662,2.006662607192993,0.09293747693300247,0.9831859469413757,44000
0.33607029914855957,2.0060930252075195,0.09472715854644775,0.9834256172180176,44000
0.35645318031311035,2.0055885314941406,0.09694299101829529,0.9836680889129639,44000
0.3596353530883789,2.0051229000091553,0.10145694017410278,0.9841697216033936,44000
0.3705408573150635,2.00459361076355,0.10564008355140686,0.9844759106636047,44000
0.3795452117919922,2.004194498062134,0.10851462930440903,0.9848419427871704,44000
0.3866138458251953,2.003742218017578,0.11177197098731995,0.9851782917976379,44000
0.39624977111816406,2.0032455921173096,0.11563636362552643,0.985675573348999,44000
0.4061911106109619,2.002692699432373,0.11994268745183945,0.9858630299568176,44000
0.41620850563049316,2.0021519660949707,0.12579233944416046,0.9867451786994934,44000
0.4378688335418701,2.0013577938079834,0.12903910875320435,0.987114667892456,44000
0.4432566165924072,2.0008704662323,0.13416218757629395,0.9876517057418823,44000
0.4559662342071533,2.0004196166992188,0.13906733691692352,0.9884034991264343,44000
0.4587104320526123,1.9996092319488525,0.1431705355644226,0.9887499213218689,44000
0.4767303466796875,1.9989941120147705,0.14853346347808838,0.9894031882286072,44000
0.4816458225250244,1.9982715845108032,0.1518733948469162,0.989915668964386,44000
0.48676633834838867,1.9977166652679443,0.15844832360744476,0.9906509518623352,44000
0.4962282180786133,1.9970009326934814,0.16324782371520996,0.9912036657333374,44000
0.5176453590393066,1.9964200258255005,0.16912943124771118,0.9918755292892456,44000
0.5222160816192627,1.9955122470855713,0.1728472113609314,0.9923979043960571,44000
0.5310847759246826,1.9949315786361694,0.18005411326885223,0.9933485388755798,44000
0.536299467086792,1.9941116571426392,0.18478608131408691,0.9940537214279175,44000
0.5460894107818604,1.9932962656021118,0.19125871360301971,0.9947210550308228,44000
0.5561881065368652,1.992523431777954,0.1959427148103714,0.9952312707901001,44000
0.5662481784820557,1.9916986227035522,0.20258253812789917,0.9963230490684509,44000
0.5866293907165527,1.9909690618515015,0.20859795808792114,0.9969913363456726,44000
0.5939934253692627,1.9900703430175781,0.21445401012897491,0.9979108572006226,44000
0.6066796779632568,1.989330530166626,0.21998924016952515,0.9983360767364502,44000
0.6119828224182129,1.9886856079101562,0.22608914971351624,0.9995536804199219,44000
0.6263418197631836,1.9875288009643555,0.23400668799877167,1.0002723932266235,44000
0.6365759372711182,1.9870429039001465,0.2403147965669632,1.0007878541946411,44000
0.6424295902252197,1.9862136840820312,0.246067613363266,1.001997470855713,44000
0.6542580127716064,1.9853851795196533,0.25282469391822815,1.0027035474777222,44000
0.666236162185669,1.9845257997512817,0.2595011293888092,1.0034791231155396,44000
0.6722128391265869,1.9836914539337158,0.2663794457912445,1.0044212341308594,44000
0.6897754669189453,1.9830602407455444,0.2738839387893677,1.0051926374435425,43872
0.6942205429077148,1.9821101427078247,0.27997854351997375,1.0060186386108398,44000
0.7013576030731201,1.9812959432601929,0.2867129147052765,1.0069482326507568,44000
0.7097363471984863,1.9804247617721558,0.29406827688217163,1.007638692855835,43665
0.7161169052124023,1.9797335863113403,0.301726371049881,1.0085153579711914,42991
0.7266538143157959,1.9789824485778809,0.30855152010917664,1.0093140602111816,44000
0.746575117111206,1.9779325723648071,0.31573525071144104,1.0099807977676392,43419
0.7544054985046387,1.9772378206253052,0.3231258690357208,1.0110020637512207,42948
0.7603554725646973,1.9764412641525269,0.33159226179122925,1.0116769075393677,41039
0.7761991024017334,1.9755215644836426,0.33914071321487427,1.0124001502990723,42293
0.782341480255127,1.9746993780136108,0.34579938650131226,1.013375163078308,43605
0.7936253547668457,1.9738333225250244,0.353864461183548,1.0140491724014282,41177
0.7994544506072998,1.9729814529418945,0.3624936044216156,1.0148179531097412,40064
0.8186347484588623,1.9723601341247559,0.3701096177101135,1.0156347751617432,41500
0.8244178295135498,1.9714643955230713,0.3778711259365082,1.0164023637771606,41112
0.8370633125305176,1.9705301523208618,0.38563358783721924,1.0171525478363037,40922
0.843040943145752,1.9698840379714966,0.39379772543907166,1.0180567502975464,40106
0.8513467311859131,1.9690003395080566,0.40221312642097473,1.0188223123550415,39510
0.8570511341094971,1.9682968854904175,0.41038456559181213,1.019385814666748,39697
0.8670692443847656,1.967499017715454,0.4183277487754822,1.0201749801635742,39878
0.8861179351806641,1.9665876626968384,0.42704176902770996,1.020970344543457,38463
0.8920209407806396,1.9659026861190796,0.4350206255912781,1.0216213464736938,39462
0.9008152484893799,1.9651339054107666,0.4434608817100525,1.0224030017852783,38530
0.9160411357879639,1.9643789529800415,0.45192909240722656,1.023073673248291,38284
0.924288272857666,1.963727593421936,0.4598628282546997,1.0239650011062622,38967
0.9362049102783203,1.963004469871521,0.4682396352291107,1.0248522758483887,38045
0.9458701610565186,1.9621387720108032,0.4761869013309479,1.0254954099655151,38554
0.951470136642456,1.9615181684494019,0.4848014712333679,1.026112675666809,37307
0.9608097076416016,1.96073579788208,0.4932541251182556,1.0267382860183716,37364
0.9766159057617188,1.9602527618408203,0.5015868544578552,1.0275405645370483,37351
0.9804651737213135,1.9593747854232788,0.5097218155860901,1.0283849239349365,37503
0.9964272975921631,1.9586548805236816,0.5179995894432068,1.0288000106811523,37072
1.0022027492523193,1.957963228225708,0.5264086723327637,1.02945876121521,36682
1.0115654468536377,1.9572992324829102,0.5347170233726501,1.0303603410720825,36657
1.0289039611816406,1.9567676782608032,0.5426363945007324,1.0308666229248047,37085
1.0363309383392334,1.9560714960098267,0.5510237812995911,1.0313888788223267,36147
1.0460565090179443,1.955310344696045,0.5589133501052856,1.0323292016983032,36762
1.0540058612823486,1.9546751976013184,0.5671668648719788,1.0328023433685303,36000
1.0596859455108643,1.953902244567871,0.5753157138824463,1.0334625244140625,36000
1.076368808746338,1.9532392024993896,0.5825472474098206,1.0342451333999634,37257
1.0809128284454346,1.9525946378707886,0.5907317996025085,1.0347883701324463,36000
1.0924358367919922,1.9521872997283936,0.5983769297599792,1.0353058576583862,36264
1.106645107269287,1.9514316320419312,0.6061692833900452,1.0361273288726807,36000
1.1159300804138184,1.9507375955581665,0.6139169335365295,1.0365500450134277,36000
1.126162052154541,1.9502757787704468,0.620870053768158,1.0371733903884888,36855
1.1298182010650635,1.949618935585022,0.6288101673126221,1.0380167961120605,36000
1.146282434463501,1.9490234851837158,0.6365936994552612,1.0384124517440796,36000
1.156480312347412,1.9483351707458496,0.6438563466072083,1.0389174222946167,36000
1.166032314300537,1.9479262828826904,0.6512150764465332,1.0396610498428345,36000
1.1768848896026611,1.9472004175186157,0.658067524433136,1.0401638746261597,36161
1.1819181442260742,1.946580171585083,0.6652087569236755,1.0406622886657715,36000
1.1971435546875,1.9460349082946777,0.6724739670753479,1.0414646863937378,36000
1.2065339088439941,1.945398211479187,0.6794164776802063,1.042037010192871,36000
1.211259365081787,1.944874882698059,0.6860347390174866,1.042595624923706,36000
1.2261631488800049,1.944381594657898,0.6929764747619629,1.0431793928146362,36000
1.229491949081421,1.943894386291504,0.6994135975837708,1.0436513423919678,36000
1.2466108798980713,1.943196415901184,0.705623984336853,1.0443198680877686,36084
1.2517871856689453,1.9428036212921143,0.7126803398132324,1.044905185699463,36000
1.2665746212005615,1.9421982765197754,0.718637228012085,1.0455728769302368,36213
1.2785968780517578,1.9417223930358887,0.7249243259429932,1.0461268424987793,36000
1.2862849235534668,1.9411671161651611,0.7305983901023865,1.0466113090515137,36374
1.2962515354156494,1.940787434577942,0.7369521856307983,1.047197699546814,36000
1.2997417449951172,1.9401921033859253,0.7428269982337952,1.0478075742721558,36000
1.3161747455596924,1.9397282600402832,0.7487097978591919,1.0483793020248413,36000
1.3188729286193848,1.9392820596694946,0.7547634840011597,1.0488646030426025,36000
1.3384606838226318,1.93878173828125,0.7600494623184204,1.0493789911270142,36304
1.3443851470947266,1.9383372068405151,0.7656309008598328,1.0499695539474487,36000
1.3527700901031494,1.9379302263259888,0.7712374329566956,1.0504765510559082,36000
1.3667078018188477,1.9374074935913086,0.7770565152168274,1.051052212715149,36000
1.3762164115905762,1.9370216131210327,0.7820150256156921,1.05156672000885,36323
1.386561393737793,1.9366756677627563,0.7873557209968567,1.0520250797271729,36000
1.3922855854034424,1.9362672567367554,0.792628288269043,1.0525121688842773,36000
1.406764030456543,1.935912013053894,0.7976871728897095,1.053093433380127,36000
1.4163808822631836,1.9355469942092896,0.8026049137115479,1.0536690950393677,36000
1.4184319972991943,1.9351221323013306,0.8077703714370728,1.0540896654129028,36000
1.4373483657836914,1.9347898960113525,0.8124122619628906,1.054548740386963,36149
1.4489879608154297,1.934329867362976,0.8172346949577332,1.0551347732543945,36000
1.4524736404418945,1.9340018033981323,0.8217527866363525,1.0555657148361206,36111
1.4689033031463623,1.9337729215621948,0.8264307975769043,1.0559879541397095,36000
1.4760632514953613,1.933504343032837,0.8313331007957458,1.0564686059951782,36000
1.4860692024230957,1.9331130981445312,0.8357491493225098,1.0568753480911255,36000
1.4961926937103271,1.9326566457748413,0.8399388194084167,1.057405710220337,36229
1.507148027420044,1.9324567317962646,0.8439702391624451,1.057905673980713,36385
1.5192821025848389,1.932175874710083,0.8484066128730774,1.0584014654159546,36000
1.5225708484649658,1.931925892829895,0.852494478225708,1.0588645935058594,36089
1.538609266281128,1.9316948652267456,0.8562104105949402,1.0592273473739624,36628
1.5495271682739258,1.9314285516738892,0.8603072166442871,1.0597753524780273,36000
1.5599126815795898,1.9309850931167603,0.8645408153533936,1.060166358947754,36000
1.5673496723175049,1.9308812618255615,0.8676809668540955,1.060532808303833,37259
1.5766844749450684,1.9305757284164429,0.8715034127235413,1.0609463453292847,36090
1.5862975120544434,1.9302221536636353,0.8754311203956604,1.0613551139831543,36000
1.5974490642547607,1.9300929307937622,0.8787050843238831,1.061713695526123,36797
1.608306884765625,1.9298303127288818,0.8821297287940979,1.062151551246643,36474
1.6163876056671143,1.9295423030853271,0.8856894373893738,1.0625545978546143,36179
1.6263175010681152,1.9293845891952515,0.8889673948287964,1.0628652572631836,36547
1.6365461349487305,1.929069995880127,0.8926335573196411,1.0633442401885986,36000
1.6455600261688232,1.9289191961288452,0.8952630162239075,1.0637156963348389,37434
1.657860517501831,1.928729772567749,0.8986925482749939,1.0640052556991577,36089
1.668900728225708,1.9286878108978271,0.9014620184898376,1.0644354820251465,37078
1.6762220859527588,1.928370475769043,0.9045323133468628,1.064810872077942,36519
1.6869423389434814,1.9280598163604736,0.907428503036499,1.0651870965957642,36732
1.692650556564331,1.9280555248260498,0.9102961421012878,1.0655080080032349,36705
1.7068655490875244,1.9277818202972412,0.9130327701568604,1.0659037828445435,36869
1.7161388397216797,1.9276974201202393,0.9156390428543091,1.0661073923110962,36997
1.7265589237213135,1.9276090860366821,0.9181503057479858,1.0664640665054321,37108
1.7367172241210938,1.9273251295089722,0.9211490154266357,1.0667818784713745,36250
1.7464804649353027,1.9272191524505615,0.9232202172279358,1.0671179294586182,37687
1.7585389614105225,1.9270744323730469,0.9258438944816589,1.067408561706543,36741
1.7679572105407715,1.926844596862793,0.9280833601951599,1.0676366090774536,37304
1.7745084762573242,1.9270020723342896,0.9305820465087891,1.0679936408996582,36826
1.7865333557128906,1.9267343282699585,0.9328416585922241,1.0683677196502686,37166
1.796595811843872,1.9267418384552002,0.9353112578392029,1.0686287879943848,36765
1.806286096572876,1.9263262748718262,0.9371025562286377,1.0688945055007935,37811
1.8163325786590576,1.9262642860412598,0.9389263391494751,1.0691584348678589,37714
1.828345537185669,1.9263259172439575,0.941003680229187,1.069450855255127,37264
1.8376991748809814,1.9260505437850952,0.9432737827301025,1.0698261260986328,36900
1.8463764190673828,1.9259686470031738,0.9448206424713135,1.0700769424438477,38021
1.8607070446014404,1.9258557558059692,0.9465614557266235,1.0702389478683472,37669
1.8649349212646484,1.9256755113601685,0.9484971761703491,1.0704256296157837,37311
1.8762435913085938,1.9257949590682983,0.9505096673965454,1.0706255435943604,37145
1.8876535892486572,1.9255766868591309,0.9523290395736694,1.0708929300308228,37409
1.8988325595855713,1.925607442855835,0.9540621638298035,1.071142315864563,37507
1.906989574432373,1.925584077835083,0.955415666103363,1.0713555812835693,38082
1.9166967868804932,1.9254603385925293,0.9571279883384705,1.0715999603271484,37468
1.927621841430664,1.9253709316253662,0.9583031535148621,1.0718324184417725,38302
1.9368786811828613,1.9254240989685059,0.9598341584205627,1.0719181299209595,37692
1.9463684558868408,1.9254064559936523,0.9614415168762207,1.0722578763961792,37533
1.956350326538086,1.9253896474838257,0.9627371430397034,1.072432041168213,38006
1.9666011333465576,1.9253432750701904,0.9644708633422852,1.0725539922714233,37261
1.9762060642242432,1.9252686500549316,0.9653890132904053,1.0727863311767578,38543
1.9889914989471436,1.9251941442489624,0.9669389128684998,1.0730133056640625,37498
1.9968719482421875,1.9251517057418823,0.9681373238563538,1.0731592178344727,38031
2.006948709487915,1.9252214431762695,0.9693241715431213,1.0732618570327759,38019
2.018608331680298,1.9251298904418945,0.9702255725860596,1.0734310150146484,38456
2.0260190963745117,1.9252405166625977,0.9717831611633301,1.0736510753631592,37372
2.037313938140869,1.925156831741333,0.9727528095245361,1.073762059211731,38288
2.0476956367492676,1.9251530170440674,0.9738717079162598,1.0739648342132568,38022
2.058485269546509,1.9252183437347412,0.975005030632019,1.0741705894470215,37977
2.069399356842041,1.9253300428390503,0.9760633111000061,1.0742461681365967,38066
2.079690456390381,1.925264835357666,0.9770445227622986,1.074381709098816,38168
2.086054563522339,1.9252617359161377,0.9778266549110413,1.0744976997375488,38471
2.095884323120117,1.9253522157669067,0.9786159992218018,1.0745428800582886,38437
2.106485366821289,1.9252891540527344,0.979586124420166,1.0746568441390991,38126
2.116856575012207,1.9253114461898804,0.9805782437324524,1.0748008489608765,38066
2.126215696334839,1.9253665208816528,0.9817679524421692,1.074957251548767,37721
2.136096239089966,1.9252797365188599,0.9826652407646179,1.0750302076339722,38168
2.1459624767303467,1.925354242324829,0.9833926558494568,1.0750874280929565,38428
2.157682180404663,1.9254459142684937,0.9841463565826416,1.0751293897628784,38363
2.1661911010742188,1.9255777597427368,0.9847805500030518,1.0752315521240234,38540
2.1769630908966064,1.9256643056869507,0.9854903817176819,1.0752968788146973,38402
2.187960147857666,1.9257240295410156,0.9869607090950012,1.0754258632659912,37151
2.196031332015991,1.9257616996765137,0.9874520301818848,1.0754268169403076,38707
2.206037759780884,1.925866961479187,0.9880838990211487,1.075492024421692,38468
2.217331886291504,1.9259364604949951,0.9887271523475647,1.0755056142807007,38429
2.2260985374450684,1.9259681701660156,0.9892929792404175,1.0755491256713867,38542
2.236309051513672,1.9261868000030518,0.9902896881103516,1.0755960941314697,37825
2.246333599090576,1.9261329174041748,0.9908191561698914,1.0757399797439575,38561
2.2584164142608643,1.926151156425476,0.9912888407707214,1.0757837295532227,38654
2.2667884826660156,1.926222801208496,0.9920231699943542,1.075799822807312,38206
2.277017116546631,1.9263026714324951,0.9923866391181946,1.0757931470870972,38792
2.286512851715088,1.9264638423919678,0.993023693561554,1.0757371187210083,38335
2.296781063079834,1.9265482425689697,0.9936762452125549,1.0757092237472534,38299
2.3069939613342285,1.9266506433486938,0.9940279126167297,1.075687050819397,38769
2.316145896911621,1.9267821311950684,0.9948316216468811,1.0757170915603638,38028
2.32621693611145,1.9268885850906372,0.9950927495956421,1.075711965560913,38884
2.3386971950531006,1.9269404411315918,0.9957286715507507,1.0756875276565552,38279
2.3496365547180176,1.9269746541976929,0.9961254596710205,1.0756745338439941,38656
2.359534978866577,1.9270856380462646,0.9966410994529724,1.0756280422210693,38438
2.366124391555786,1.9272481203079224,0.9969013333320618,1.0755696296691895,38846
2.376620054244995,1.927492380142212,0.9978721737861633,1.0754780769348145,37684
2.3870885372161865,1.927582025527954,0.9982609748840332,1.0754082202911377,38609
2.39628529548645,1.9276680946350098,0.9987701177597046,1.07535982131958,38415
2.3989455699920654,1.9277030229568481,0.9990503787994385,1.0753326416015625,38778
2.4161834716796875,1.9277293682098389,0.999573290348053,1.0753066539764404,38350
2.4262948036193848,1.9278563261032104,0.9998433589935303,1.075245976448059,38759
2.4366328716278076,1.9279732704162598,1.0001904964447021,1.0751805305480957,38605
2.4471168518066406,1.9280853271484375,1.0005779266357422,1.075132966041565,38576
2.456089735031128,1.9282574653625488,1.0010197162628174,1.0750812292099,38459
2.466721534729004,1.928386926651001,1.0014570951461792,1.0750105381011963,38458
2.477219343185425,1.9286302328109741,1.001751184463501,1.0748178958892822,38681
2.488332509994507,1.928760051727295,1.0020877122879028,1.0746737718582153,38600
2.4984397888183594,1.9290237426757812,1.0025964975357056,1.0744047164916992,38317
2.509244918823242,1.9291590452194214,1.0029239654541016,1.0743024349212646,38594
2.5203075408935547,1.9292758703231812,1.0033215284347534,1.0741522312164307,38479
2.5262703895568848,1.9294015169143677,1.00355863571167,1.0740652084350586,38728
2.536189556121826,1.9295445680618286,1.0038028955459595,1.0739474296569824,38707
2.546963930130005,1.9296913146972656,1.0041186809539795,1.0738097429275513,38587
2.558509588241577,1.9298957586288452,1.0046336650848389,1.073695182800293,38261
2.569610118865967,1.9299756288528442,1.0051978826522827,1.0736051797866821,38160
2.576923370361328,1.9301451444625854,1.005326271057129,1.0734511613845825,38864
2.586423397064209,1.9303021430969238,1.0057697296142578,1.0732452869415283,38345
2.5969886779785156,1.930461049079895,1.0060338973999023,1.0730913877487183,38634
2.608275890350342,1.9306336641311646,1.0062024593353271,1.072921633720398,38766
2.616832971572876,1.930751085281372,1.006464958190918,1.0727486610412598,38620
2.625997543334961,1.930924415588379,1.0066434144973755,1.0726264715194702,38747
2.6359548568725586,1.9310996532440186,1.0069777965545654,1.072415828704834,38492
2.6475372314453125,1.9312511682510376,1.0072115659713745,1.0722628831863403,38640
2.6588315963745117,1.9314502477645874,1.007390022277832,1.0720231533050537,38731
2.6662437915802,1.9316034317016602,1.007662296295166,1.0718952417373657,38574
2.6760177612304688,1.9318792819976807,1.0077327489852905,1.0716334581375122,38897
2.688339948654175,1.9320601224899292,1.008195400238037,1.0713168382644653,38257
2.6990911960601807,1.9321811199188232,1.0083833932876587,1.071169137954712,38687
2.706664800643921,1.9323556423187256,1.0086174011230469,1.0709822177886963,38622
2.7165396213531494,1.9325647354125977,1.0089077949523926,1.0707212686538696,38510
2.7264997959136963,1.9327458143234253,1.0090179443359375,1.0705372095108032,38812
2.7367560863494873,1.932905673980713,1.0092750787734985,1.0703121423721313,38552
2.7462825775146484,1.9330967664718628,1.0094879865646362,1.0701031684875488,38625
2.7590348720550537,1.9333053827285767,1.0097347497940063,1.0698249340057373,38567
2.76666522026062,1.933466911315918,1.0099477767944336,1.0696704387664795,38616
2.7760393619537354,1.9336957931518555,1.0100432634353638,1.0694321393966675,38803
2.78662109375,1.9339464902877808,1.0103113651275635,1.0691566467285156,38519
2.797236442565918,1.9341927766799927,1.010453224182129,1.0688501596450806,38718
2.806037664413452,1.9343498945236206,1.010771632194519,1.068676233291626,38422
2.817830801010132,1.9344947338104248,1.0108764171600342,1.068452000617981,38772
2.8281524181365967,1.9347009658813477,1.011169195175171,1.0681408643722534,38462
2.8372936248779297,1.934906005859375,1.011430263519287,1.067860722541809,38499
2.8462555408477783,1.9350864887237549,1.011534333229065,1.0676089525222778,38749
2.8565962314605713,1.935276985168457,1.0117599964141846,1.0673412084579468,38556
2.8662123680114746,1.9354827404022217,1.011910080909729,1.0671275854110718,38671
2.876147747039795,1.9357061386108398,1.0120829343795776,1.066868782043457,38631
2.8859407901763916,1.9359744787216187,1.0122981071472168,1.0665562152862549,38555
2.8979480266571045,1.9361770153045654,1.0123896598815918,1.0662956237792969,38752
2.906104803085327,1.9364140033721924,1.0127321481704712,1.066036581993103,38352
2.916358709335327,1.9365544319152832,1.0128623247146606,1.0657498836517334,38676
2.9264872074127197,1.9367549419403076,1.0130951404571533,1.0655248165130615,38515
2.9363863468170166,1.9370245933532715,1.0133415460586548,1.0652577877044678,38481
2.9461424350738525,1.937245488166809,1.0134460926055908,1.064984679222107,38710
2.9566774368286133,1.937503457069397,1.0135189294815063,1.0646812915802002,38760
2.9669291973114014,1.937692403793335,1.0136260986328125,1.0643974542617798,38698
2.9762699604034424,1.9379260540008545,1.0139296054840088,1.0641030073165894,38377
2.9895596504211426,1.9381382465362549,1.014074444770813,1.063859462738037,38631
2.9989418983459473,1.9383879899978638,1.0142641067504883,1.0635167360305786,38554
3.0087451934814453,1.938594937324524,1.014467477798462,1.0632838010787964,38531
3.0171775817871094,1.9388940334320068,1.014596700668335,1.062988042831421,38629
3.026423454284668,1.9390829801559448,1.0148565769195557,1.0626730918884277,38426
3.036694288253784,1.9393433332443237,1.0149682760238647,1.0624204874038696,38675
3.0472376346588135,1.9395579099655151,1.0151584148406982,1.0621510744094849,38525
3.056889295578003,1.9397611618041992,1.0153303146362305,1.0618683099746704,38556
3.0660147666931152,1.9399962425231934,1.0154271125793457,1.0615317821502686,38677
3.075986862182617,1.9402453899383545,1.0156114101409912,1.0612335205078125,38526
3.085994243621826,1.940445065498352,1.0156564712524414,1.0609979629516602,38751
3.0961966514587402,1.9406888484954834,1.0157991647720337,1.060721755027771,38605
3.1061267852783203,1.940841555595398,1.0161166191101074,1.0604231357574463,38289
3.1166203022003174,1.9410500526428223,1.016013503074646,1.0600767135620117,38988
3.1279053688049316,1.9411696195602417,1.0157952308654785,1.0598002672195435,39163
3.1383750438690186,1.9415390491485596,1.015746831893921,1.0594537258148193,38892
3.146050214767456,1.941728949546814,1.0159423351287842,1.0591801404953003,38500
3.1588215827941895,1.9419687986373901,1.0160326957702637,1.058876872062683,38661
3.166226625442505,1.9421213865280151,1.016284704208374,1.0585705041885376,38412
3.175992250442505,1.942313551902771,1.0164743661880493,1.0582678318023682,38502
3.186002016067505,1.9425300359725952,1.016528844833374,1.0579609870910645,38717
3.1960740089416504,1.9427419900894165,1.016491413116455,1.057640790939331,38870
3.2057909965515137,1.942940354347229,1.0165802240371704,1.0573523044586182,38652
3.2161977291107178,1.943230390548706,1.0166934728622437,1.0570626258850098,38622
3.226691246032715,1.9434863328933716,1.0169050693511963,1.0567305088043213,38457
3.2359933853149414,1.9436842203140259,1.0168039798736572,1.0564042329788208,38961
3.2467033863067627,1.9440025091171265,1.016991138458252,1.0560637712478638,38492
3.2562129497528076,1.9442075490951538,1.0171152353286743,1.055773138999939,38597
3.2676584720611572,1.94440758228302,1.0173243284225464,1.0554263591766357,38448
3.277662754058838,1.9446501731872559,1.0174329280853271,1.0551389455795288,38606
3.287708044052124,1.9448788166046143,1.0174769163131714,1.054847002029419,38721
3.298344612121582,1.9450887441635132,1.0176531076431274,1.0544753074645996,38502
3.3087856769561768,1.9453086853027344,1.0176138877868652,1.05416738986969,38840
3.316929340362549,1.9455801248550415,1.0177180767059326,1.0538415908813477,38615
3.3306331634521484,1.945833683013916,1.0178265571594238,1.0534734725952148,38594
3.3368985652923584,1.946061611175537,1.017952799797058,1.0531502962112427,38573
3.3462040424346924,1.9462707042694092,1.0180583000183105,1.052809238433838,38602
3.3565616607666016,1.9464765787124634,1.018067717552185,1.0524877309799194,38764
3.366278648376465,1.9466509819030762,1.0181286334991455,1.0521920919418335,38676
3.3762574195861816,1.9469916820526123,1.0182710886001587,1.051892638206482,38539
3.3866066932678223,1.947188138961792,1.0184235572814941,1.051602840423584,38510
3.396928310394287,1.9474737644195557,1.018471360206604,1.0512375831604004,38691
3.4074370861053467,1.9476521015167236,1.018409013748169,1.0509605407714844,38867
3.416485548019409,1.9477907419204712,1.01821768283844,1.05059814453125,39078
3.4268577098846436,1.9480023384094238,1.018180012702942,1.0502206087112427,38830
3.436113119125366,1.9482256174087524,1.0180768966674805,1.049874186515808,38933
3.4464378356933594,1.9484641551971436,1.018107533454895,1.0494725704193115,38718
3.4562814235687256,1.9486638307571411,1.01826810836792,1.0491920709609985,38508
3.46694016456604,1.9488416910171509,1.0182030200958252,1.0488872528076172,38874
3.4767181873321533,1.9490413665771484,1.018324375152588,1.0485106706619263,38587
3.4862301349639893,1.949238657951355,1.0183836221694946,1.048209309577942,38678
3.498291492462158,1.9494152069091797,1.0183813571929932,1.0478709936141968,38765
3.5072484016418457,1.9496160745620728,1.0184829235076904,1.047512412071228,38604
3.5165019035339355,1.9498300552368164,1.0185799598693848,1.0471724271774292,38604
3.5269100666046143,1.950013279914856,1.0185214281082153,1.0468236207962036,38867
3.5363755226135254,1.9502265453338623,1.0186678171157837,1.0464473962783813,38526
3.545970916748047,1.9504308700561523,1.0185489654541016,1.0460809469223022,38961
3.5562760829925537,1.9506794214248657,1.0187532901763916,1.045784592628479,38444
3.5679821968078613,1.9509062767028809,1.0185874700546265,1.0454906225204468,39024
3.575896739959717,1.9510656595230103,1.0187982320785522,1.0451087951660156,38426
3.586081027984619,1.9512312412261963,1.0185729265213013,1.0447840690612793,39125
3.5962278842926025,1.9514364004135132,1.0187324285507202,1.0444154739379883,38503
3.6074798107147217,1.9516369104385376,1.0185855627059937,1.043984055519104,38987
3.6167328357696533,1.951836109161377,1.0186716318130493,1.0436710119247437,38635
3.628737688064575,1.9520395994186401,1.0188006162643433,1.0432950258255005,38553
3.635716438293457,1.9522206783294678,1.0186582803726196,1.0429162979125977,38988
3.6469414234161377,1.9523814916610718,1.0186667442321777,1.0425457954406738,38766
3.6573615074157715,1.9525657892227173,1.0186940431594849,1.0422141551971436,38716
3.667238712310791,1.9527816772460938,1.0186635255813599,1.0418691635131836,38810
3.676293134689331,1.9529610872268677,1.0186752080917358,1.0415396690368652,38747
3.68782901763916,1.9531664848327637,1.018601655960083,1.0412287712097168,38880
3.6987855434417725,1.953361988067627,1.0187352895736694,1.0408599376678467,38547
3.7068581581115723,1.953551173210144,1.0185928344726562,1.040482759475708,38984
3.7171967029571533,1.9536844491958618,1.0186498165130615,1.040130615234375,38697
3.7266762256622314,1.9539299011230469,1.0186731815338135,1.0397608280181885,38716
3.736302614212036,1.954053282737732,1.018542766571045,1.0394444465637207,38977
3.747934341430664,1.9542886018753052,1.0186761617660522,1.0390517711639404,38550
3.7583396434783936,1.9545000791549683,1.0185564756393433,1.0387071371078491,38949
3.7690749168395996,1.954693078994751,1.0186940431594849,1.0383538007736206,38549
3.7764837741851807,1.9548509120941162,1.0183618068695068,1.0380048751831055,39298
3.7868545055389404,1.9550377130508423,1.0182923078536987,1.0376200675964355,38903
3.7969000339508057,1.9552726745605469,1.0181527137756348,1.037369966506958,38972
3.8072376251220703,1.9555058479309082,1.0183491706848145,1.0369917154312134,38457
3.8181111812591553,1.95570969581604,1.018288016319275,1.0366103649139404,38864
3.8279829025268555,1.9558888673782349,1.018277645111084,1.036308765411377,38799
3.8371951580047607,1.9561022520065308,1.0183298587799072,1.035888910293579,38683
3.847805976867676,1.9563062191009521,1.0182980298995972,1.0355074405670166,38823
3.8563058376312256,1.9564968347549438,1.01836097240448,1.035184383392334,38685
3.866844892501831,1.9566895961761475,1.0184521675109863,1.0348237752914429,38611
3.8771440982818604,1.9568793773651123,1.0183043479919434,1.0344898700714111,39007
3.8866138458251953,1.9570226669311523,1.0181858539581299,1.0342148542404175,38966
3.89677357673645,1.9572300910949707,1.0180939435958862,1.0338908433914185,38923
3.9064929485321045,1.957422137260437,1.018300175666809,1.033525824546814,38437
3.91790771484375,1.9576525688171387,1.0182188749313354,1.0330727100372314,38897
3.926650285720825,1.9578499794006348,1.018308162689209,1.0327789783477783,38636
3.937408447265625,1.9581224918365479,1.0182920694351196,1.032395601272583,38791
3.9475481510162354,1.9582693576812744,1.018129587173462,1.0320011377334595,39028
3.9563381671905518,1.9584696292877197,1.0181583166122437,1.0317057371139526,38729
3.9666388034820557,1.9586443901062012,1.0181152820587158,1.031430721282959,38839
3.9762074947357178,1.958817720413208,1.0180613994598389,1.0311096906661987,38871
3.98616886138916,1.959020733833313,1.017958164215088,1.0307769775390625,38933
3.996105432510376,1.959252953529358,1.0180736780166626,1.030436396598816,38582
4.00614857673645,1.9594404697418213,1.017861008644104,1.0300832986831665,39123
4.016485691070557,1.9596418142318726,1.0179661512374878,1.0297191143035889,38614
4.026051044464111,1.9598056077957153,1.017956018447876,1.0294110774993896,38787
4.036051034927368,1.9600082635879517,1.0178964138031006,1.0290966033935547,38877
4.046375036239624,1.960190773010254,1.0179544687271118,1.0287052392959595,38683
4.058041334152222,1.9604105949401855,1.017807126045227,1.028419017791748,39015
4.066296339035034,1.9605869054794312,1.0177720785140991,1.028118371963501,38833
4.078988790512085,1.9607937335968018,1.0178064107894897,1.0278335809707642,38718
4.086206674575806,1.9610238075256348,1.017811894416809,1.0275094509124756,38769
4.096177816390991,1.9612095355987549,1.0179725885391235,1.0271650552749634,38519
4.1064019203186035,1.9614335298538208,1.0177122354507446,1.0268915891647339,39215
4.116601943969727,1.96159827709198,1.0174360275268555,1.0265847444534302,39243
4.127586364746094,1.9617891311645508,1.017181158065796,1.0261948108673096,39194
4.136008024215698,1.9620308876037598,1.0173044204711914,1.0259336233139038,38566
4.146777629852295,1.962233066558838,1.0172193050384521,1.0256023406982422,38913
4.156266450881958,1.9624476432800293,1.0173145532608032,1.0252405405044556,38652
4.1667187213897705,1.9626656770706177,1.0171935558319092,1.024910569190979,38968
4.176968574523926,1.9628322124481201,1.0170068740844727,1.0246261358261108,39100
4.187936305999756,1.9630284309387207,1.017014741897583,1.024367094039917,38783
4.19826865196228,1.9632686376571655,1.0169647932052612,1.0240650177001953,38873
4.206698179244995,1.9634813070297241,1.0170872211456299,1.0237547159194946,38607
4.217001438140869,1.963710069656372,1.016980767250061,1.0234631299972534,38960
4.22666072845459,1.9639168977737427,1.0169949531555176,1.0231631994247437,38777
4.23628044128418,1.9641185998916626,1.0170048475265503,1.022814154624939,38768
4.246303081512451,1.9643316268920898,1.0169678926467896,1.022531509399414,38851
4.257149696350098,1.964561939239502,1.0170066356658936,1.022195816040039,38730
4.268121719360352,1.9647926092147827,1.0169639587402344,1.021916151046753,38861
4.276790380477905,1.964977502822876,1.016952395439148,1.021643042564392,38814
4.28701639175415,1.9651780128479004,1.0167348384857178,1.0213290452957153,39146
4.296766519546509,1.9653440713882446,1.0166027545928955,1.0210332870483398,39011
4.306888103485107,1.9655375480651855,1.016723394393921,1.0207676887512207,38586
4.317618131637573,1.9657411575317383,1.0163004398345947,1.0205113887786865,39482
4.326052665710449,1.9658923149108887,1.0163425207138062,1.020234227180481,38735
4.336430311203003,1.9661309719085693,1.0160703659057617,1.0199828147888184,39229
4.3460166454315186,1.966387152671814,1.0163304805755615,1.019677996635437,38403
4.357525110244751,1.9666213989257812,1.0161832571029663,1.0193291902542114,39029
4.367675065994263,1.9668407440185547,1.0162421464920044,1.0190504789352417,38720
4.377630710601807,1.9670504331588745,1.0161525011062622,1.0187792778015137,38959
4.385716676712036,1.9673129320144653,1.016168236732483,1.0184659957885742,38803
4.396340847015381,1.9675211906433105,1.0160549879074097,1.018236517906189,38990
4.406306505203247,1.9677600860595703,1.0159809589385986,1.0179822444915771,38934
4.416930198669434,1.9679512977600098,1.0159130096435547,1.017728567123413,38909
4.426351070404053,1.968161702156067,1.0159008502960205,1.0174829959869385,38831
4.4366841316223145,1.968332052230835,1.0157139301300049,1.01723051071167,39114
4.447600841522217,1.9685192108154297,1.0157796144485474,1.0169715881347656,38710
4.458236217498779,1.9687201976776123,1.015662670135498,1.0166786909103394,38995
4.466056823730469,1.968886137008667,1.0157074928283691,1.0164188146591187,38743
4.475860834121704,1.96907639503479,1.015394687652588,1.016108751296997,39319
4.486448526382446,1.9692271947860718,1.0153391361236572,1.015872836112976,38908
4.496435642242432,1.9694781303405762,1.0152733325958252,1.0155730247497559,38934
4.506078720092773,1.9696733951568604,1.0152513980865479,1.0153006315231323,38856
4.517108678817749,1.9698642492294312,1.015125036239624,1.0150437355041504,39032
4.526117563247681,1.9700583219528198,1.015028953552246,1.0147819519042969,38971
4.5366411209106445,1.9702426195144653,1.0150829553604126,1.0145281553268433,38753
4.547166347503662,1.970421552658081,1.0148600339889526,1.01431405544281,39190
4.556686639785767,1.9705885648727417,1.0149277448654175,1.014076590538025,38735
4.566720008850098,1.970779538154602,1.0147820711135864,1.0138708353042603,39071
4.5770745277404785,1.9709664583206177,1.0148277282714844,1.01361083984375,38763
4.586129188537598,1.9711638689041138,1.0147809982299805,1.0134022235870361,38907
4.597931861877441,1.9713318347930908,1.0147160291671753,1.0131728649139404,38952
4.606382131576538,1.9715019464492798,1.0147453546524048,1.0129203796386719,38781
4.616910934448242,1.9716986417770386,1.01463782787323,1.0127382278442383,39008
4.62617301940918,1.9718855619430542,1.014656662940979,1.0124578475952148,38798
4.637131929397583,1.9720566272735596,1.0146106481552124,1.0122135877609253,38920
4.645986318588257,1.9722087383270264,1.0144811868667603,1.0119993686676025,39050
4.656770706176758,1.972346305847168,1.0143592357635498,1.0118026733398438,39034
4.666291236877441,1.9724619388580322,1.014037013053894,1.0115289688110352,39372
4.676695346832275,1.9726063013076782,1.0141181945800781,1.0112847089767456,38718
4.686689853668213,1.9727729558944702,1.0139645338058472,1.0110777616500854,39095
4.6959967613220215,1.972919225692749,1.0140180587768555,1.010877013206482,38763
4.708571195602417,1.973044514656067,1.0137991905212402,1.010653018951416,39206
4.7168684005737305,1.9732011556625366,1.0139472484588623,1.0104470252990723,38619
4.725659132003784,1.9733505249023438,1.0137197971343994,1.010211706161499,39220
4.736075162887573,1.9734416007995605,1.013765573501587,1.010009765625,38795
4.74664831161499,1.9735310077667236,1.0135327577590942,1.009811282157898,39218
4.755906105041504,1.973659634590149,1.0134496688842773,1.0096392631530762,39011
4.766516923904419,1.9737727642059326,1.013460397720337,1.0094608068466187,38844
4.776508808135986,1.9739162921905518,1.0134106874465942,1.00919771194458,38946
4.7865166664123535,1.9740344285964966,1.0135554075241089,1.0089812278747559,38633
4.797412872314453,1.9741636514663696,1.0133979320526123,1.0087721347808838,39116
4.806409120559692,1.9742895364761353,1.013537883758545,1.0085190534591675,38644
4.816434621810913,1.9743915796279907,1.0133789777755737,1.0083003044128418,39125
4.828431606292725,1.9744762182235718,1.0135005712509155,1.0081418752670288,38692
4.836708068847656,1.9746408462524414,1.0134129524230957,1.0078988075256348,39005
4.845862150192261,1.9747252464294434,1.0135314464569092,1.007728099822998,38686
4.8566319942474365,1.974775791168213,1.0132781267166138,1.0075401067733765,39275
4.866602897644043,1.9748624563217163,1.0132896900177002,1.007388949394226,38859
4.8771750926971436,1.974934458732605,1.0131990909576416,1.0071940422058105,39013
4.886190891265869,1.9750081300735474,1.013166069984436,1.0070520639419556,38943
4.896960258483887,1.9750885963439941,1.0132317543029785,1.0068832635879517,38763
4.905949592590332,1.9751440286636353,1.0129201412200928,1.0067330598831177,39382
4.916401147842407,1.9751758575439453,1.0130586624145508,1.0065537691116333,38662
4.926639556884766,1.9752476215362549,1.012880563735962,1.0063657760620117,39154
4.936209678649902,1.9753015041351318,1.012987494468689,1.006178379058838,38723
4.94610857963562,1.975372314453125,1.0128332376480103,1.006019115447998,39129
4.956681966781616,1.9753810167312622,1.0128238201141357,1.0058798789978027,38914
4.96593976020813,1.9754459857940674,1.0126266479492188,1.0057450532913208,39192
4.975893974304199,1.9755005836486816,1.0127229690551758,1.0055674314498901,38756
4.986565828323364,1.975586175918579,1.0126595497131348,1.005387544631958,38973
4.996659517288208,1.9756723642349243,1.0126065015792847,1.0052719116210938,38984
5.006530284881592,1.9757035970687866,1.012613296508789,1.0051143169403076,38895
5.016177177429199,1.975736141204834,1.012581706047058,1.0049968957901,38945
5.027237176895142,1.975777268409729,1.0126612186431885,1.004845380783081,38772
5.03734564781189,1.9757897853851318,1.0125385522842407,1.0046486854553223,39092
5.04667067527771,1.9757957458496094,1.01252281665802,1.0045212507247925,38934
5.057080030441284,1.975819706916809,1.012438416481018,1.0044349431991577,39034
5.066091537475586,1.9758542776107788,1.012559413909912,1.0043166875839233,38707
5.076658725738525,1.975873589515686,1.012492299079895,1.0042011737823486,38997
5.086042881011963,1.9759184122085571,1.012578010559082,1.004088282585144,38773
5.09678316116333,1.9759163856506348,1.0125370025634766,1.0039972066879272,38962
5.106886625289917,1.9759272336959839,1.0125328302383423,1.0039253234863281,38912
5.11664342880249,1.975925087928772,1.0125048160552979,1.0038264989852905,38953
5.125910043716431,1.9759324789047241,1.0125360488891602,1.0037580728530884,38856
5.135889291763306,1.9759236574172974,1.012609601020813,1.003624439239502,38776
5.147423028945923,1.9759039878845215,1.0125904083251953,1.003531575202942,38933
5.156346797943115,1.9758799076080322,1.0125889778137207,1.0034326314926147,38917
5.166446208953857,1.975874662399292,1.012567162513733,1.003367304801941,38941
5.176753044128418,1.9758602380752563,1.0126276016235352,1.0032823085784912,38803
5.186461925506592,1.9758497476577759,1.0125659704208374,1.0032188892364502,39002
5.196414947509766,1.9757826328277588,1.0126962661743164,1.00315523147583,38693
5.2062413692474365,1.975777506828308,1.0126625299453735,1.0031033754348755,38950
5.217105388641357,1.9757024049758911,1.0125046968460083,1.003028392791748,39161
5.226365327835083,1.975656509399414,1.0124937295913696,1.002974033355713,38920
5.237290859222412,1.9756247997283936,1.0125283002853394,1.0029265880584717,38845
5.2466490268707275,1.9755768775939941,1.0125349760055542,1.0028845071792603,38902
5.256717920303345,1.9755332469940186,1.0124847888946533,1.0028544664382935,38987
5.266841173171997,1.9754977226257324,1.012510895729065,1.002794623374939,38872
5.276941299438477,1.9754570722579956,1.0124958753585815,1.0027660131454468,38943
5.286621570587158,1.9754149913787842,1.012467622756958,1.0026779174804688,38948
5.296184778213501,1.9753769636154175,1.0125030279159546,1.0026713609695435,38845
5.306060314178467,1.9753448963165283,1.0125293731689453,1.0026249885559082,38867
5.316720724105835,1.9752839803695679,1.0124791860580444,1.002616047859192,38990
5.326139688491821,1.9752223491668701,1.01241934299469,1.0025827884674072,39008
5.337180852890015,1.9751698970794678,1.0124391317367554,1.0025728940963745,38882
5.3470494747161865,1.9751496315002441,1.0124012231826782,1.0025216341018677,38977
5.356367826461792,1.9750641584396362,1.0124304294586182,1.0025204420089722,38865
5.367577314376831,1.9750168323516846,1.0124118328094482,1.0025100708007812,38941
5.37732195854187,1.9749267101287842,1.012427806854248,1.0025150775909424,38886
5.387217044830322,1.9748587608337402,1.012364387512207,1.0025129318237305,39005
5.397515296936035,1.9747602939605713,1.012296199798584,1.0025078058242798,39031
5.406725645065308,1.9747161865234375,1.0123791694641113,1.0025147199630737,38781
5.416839838027954,1.974622368812561,1.0122685432434082,1.0024921894073486,39086
5.427116394042969,1.9745657444000244,1.0123319625854492,1.0025088787078857,38824
5.436432600021362,1.9744936227798462,1.0122573375701904,1.0024958848953247,39029
5.446704149246216,1.9743947982788086,1.0123350620269775,1.0025300979614258,38791
5.456721782684326,1.974316120147705,1.0121583938598633,1.0025203227996826,39193
5.466947078704834,1.974208950996399,1.0122967958450317,1.002537727355957,38696
5.476387023925781,1.9741514921188354,1.0122143030166626,1.0025557279586792,39033
5.48685622215271,1.9740549325942993,1.0122690200805664,1.0025787353515625,38830
5.497103452682495,1.9739420413970947,1.012143611907959,1.0025933980941772,39109
5.506209850311279,1.9738441705703735,1.0121670961380005,1.0026304721832275,38880
5.516714811325073,1.9737824201583862,1.0121842622756958,1.0026301145553589,38878
5.526751518249512,1.9736948013305664,1.0120959281921387,1.0026475191116333,39055
5.536445379257202,1.9735989570617676,1.0121757984161377,1.0027097463607788,38782
5.546666145324707,1.9734846353530884,1.0120490789413452,1.0027244091033936,39111
5.556940317153931,1.9733858108520508,1.012143611907959,1.0027316808700562,38762
5.566666841506958,1.97329843044281,1.012001395225525,1.0027328729629517,39134
5.5773115158081055,1.973215103149414,1.0121543407440186,1.0027631521224976,38665
5.587564468383789,1.973085641860962,1.0120493173599243,1.0027894973754883,39082
5.596919059753418,1.972997784614563,1.012222409248352,1.0028223991394043,38625
5.606877326965332,1.972895622253418,1.012056589126587,1.0028918981552124,39169
5.61614203453064,1.9727742671966553,1.0122644901275635,1.002894639968872,38578
5.62766432762146,1.9726448059082031,1.0120831727981567,1.002936601638794,39193
5.636181592941284,1.9725593328475952,1.0121710300445557,1.0029587745666504,38772
5.646536111831665,1.9724704027175903,1.012218952178955,1.00298011302948,38824
5.656901836395264,1.9723550081253052,1.0122164487838745,1.0030361413955688,38898
5.666638612747192,1.9722514152526855,1.0122812986373901,1.003046989440918,38801
5.67656397819519,1.9721418619155884,1.012300729751587,1.003095269203186,38858
5.6870269775390625,1.9720964431762695,1.0124256610870361,1.0031403303146362,38702
5.6965491771698,1.9719771146774292,1.0123385190963745,1.0032249689102173,39036
5.706598281860352,1.9718194007873535,1.0122689008712769,1.0032126903533936,39011
5.7161545753479,1.9716781377792358,1.0121914148330688,1.0033148527145386,39018
5.7263641357421875,1.9715839624404907,1.0121192932128906,1.0033468008041382,39012
5.736608266830444,1.971472144126892,1.0121097564697266,1.003401517868042,38913
5.746274948120117,1.9713886976242065,1.012059211730957,1.003458857536316,38977
5.756277561187744,1.971250057220459,1.012096643447876,1.003524661064148,38849
5.766883611679077,1.9711805582046509,1.0119893550872803,1.0035569667816162,39069
5.776989698410034,1.9710394144058228,1.0120975971221924,1.0036729574203491,38723
5.787074089050293,1.9709311723709106,1.0118918418884277,1.0037661790847778,39216
5.796212196350098,1.9707982540130615,1.0119272470474243,1.0038323402404785,38843
5.806060791015625,1.9706894159317017,1.0118145942687988,1.0039241313934326,39070
5.816385507583618,1.9705595970153809,1.0117768049240112,1.0040608644485474,38967
5.826152563095093,1.9704669713974,1.0117954015731812,1.004112958908081,38858
5.836151599884033,1.9703285694122314,1.0116666555404663,1.004207968711853,39108
5.84602427482605,1.970216989517212,1.0117552280426025,1.0042904615402222,38766
5.856278896331787,1.9700721502304077,1.0115411281585693,1.0043836832046509,39238
5.866156816482544,1.9699668884277344,1.0116243362426758,1.0044236183166504,38778
5.877002239227295,1.9698576927185059,1.0115156173706055,1.0045392513275146,39077
5.887044191360474,1.9697508811950684,1.0116193294525146,1.0046465396881104,38738
5.8959801197052,1.969638705253601,1.0114736557006836,1.0047544240951538,39136
5.906028985977173,1.969545841217041,1.011489748954773,1.004831075668335,38881
5.916927337646484,1.9694410562515259,1.0114362239837646,1.0049090385437012,38993
5.9266297817230225,1.969369888305664,1.0114227533340454,1.0049879550933838,38927
5.936604261398315,1.9692668914794922,1.011451244354248,1.0050816535949707,38865
5.946086168289185,1.969177007675171,1.0114387273788452,1.0051754713058472,38919
5.956759929656982,1.9690399169921875,1.0114662647247314,1.0053035020828247,38840
5.966545820236206,1.9689321517944336,1.0113506317138672,1.0053822994232178,39098
5.976285219192505,1.9687904119491577,1.0113905668258667,1.0054839849472046,38844
5.986677646636963,1.9687272310256958,1.0114004611968994,1.0055965185165405,38885
5.99628758430481,1.968618631362915,1.0114233493804932,1.0056954622268677,38875
6.007067680358887,1.968534231185913,1.0115116834640503,1.0057989358901978,38746
6.015930652618408,1.9684388637542725,1.0114574432373047,1.0058931112289429,38985
6.026097059249878,1.9683506488800049,1.0115121603012085,1.0060324668884277,38815
6.035882234573364,1.968258023262024,1.0114020109176636,1.006117343902588,39073
6.0461506843566895,1.9681717157363892,1.0115348100662231,1.0062241554260254,38688
6.056186199188232,1.968037724494934,1.0114519596099854,1.0064022541046143,39036
6.066092491149902,1.9679549932479858,1.0115429162979126,1.0064940452575684,38759
6.075871467590332,1.9678348302841187,1.011549472808838,1.0066030025482178,38882
6.086356163024902,1.9677650928497314,1.0116161108016968,1.0067142248153687,38793
6.096330642700195,1.9676176309585571,1.0116773843765259,1.00682532787323,38800
6.10655951499939,1.9674525260925293,1.0116575956344604,1.0070325136184692,38926
6.116351842880249,1.9673683643341064,1.01168692111969,1.0071828365325928,38852
6.12657618522644,1.9672902822494507,1.011752963066101,1.0073070526123047,38794
6.137031316757202,1.9672176837921143,1.0117685794830322,1.007468819618225,38865
6.146036624908447,1.9670876264572144,1.0117521286010742,1.007609486579895,38918
6.1564247608184814,1.9669837951660156,1.0118392705917358,1.0077712535858154,38754
6.166231393814087,1.966871976852417,1.0118132829666138,1.0079704523086548,38939
6.176168203353882,1.9667671918869019,1.0118769407272339,1.0081095695495605,38777
6.186397075653076,1.9667320251464844,1.0120797157287598,1.008254051208496,38556
6.196143388748169,1.9666845798492432,1.012307047843933,1.0084431171417236,38523
6.206928014755249,1.9666215181350708,1.0126928091049194,1.008586049079895,38252
6.216429710388184,1.9665437936782837,1.0127570629119873,1.0087329149246216,38768
6.226980924606323,1.9664204120635986,1.012801170349121,1.0089025497436523,38808
6.2364583015441895,1.9663095474243164,1.0127832889556885,1.009071946144104,38895
6.246688365936279,1.9662132263183594,1.0128229856491089,1.009255290031433,38802
6.256595134735107,1.9661091566085815,1.012752652168274,1.0094165802001953,38978
6.267174243927002,1.9660074710845947,1.0128250122070312,1.0095785856246948,38748
6.277113437652588,1.9659171104431152,1.0127862691879272,1.0097367763519287,38921
6.286592245101929,1.9658259153366089,1.0129517316818237,1.0099093914031982,38600
6.296204090118408,1.9657330513000488,1.0129224061965942,1.0101171731948853,38906
6.306332349777222,1.9656602144241333,1.0130054950714111,1.0102670192718506,38717
6.316304683685303,1.9655729532241821,1.0129733085632324,1.0104458332061768,38906
6.326623916625977,1.9654651880264282,1.0129659175872803,1.010684847831726,38872
6.336320161819458,1.965376377105713,1.0130369663238525,1.0108892917633057,38733
6.346014499664307,1.9652866125106812,1.0130162239074707,1.0110936164855957,38895
6.355847597122192,1.9651967287063599,1.0131359100341797,1.0112698078155518,38665
6.366456508636475,1.9651118516921997,1.0130983591079712,1.011466383934021,38901
6.375955581665039,1.9649932384490967,1.013055682182312,1.0116783380508423,38926
6.386428594589233,1.9649264812469482,1.0131417512893677,1.0118509531021118,38721
6.396548509597778,1.964857816696167,1.0132051706314087,1.0120534896850586,38750
6.406189203262329,1.9648884534835815,1.013679027557373,1.012276530265808,38083
6.416516065597534,1.9647637605667114,1.013451337814331,1.01242995262146,39198
6.426819324493408,1.9647023677825928,1.0137594938278198,1.0126080513000488,38350
6.436328887939453,1.964586853981018,1.0136958360671997,1.0127739906311035,38931
6.445714712142944,1.96450936794281,1.0137804746627808,1.0129480361938477,38707
6.455741882324219,1.9644695520401,1.0139172077178955,1.0131672620773315,38613
6.465988636016846,1.9644126892089844,1.0140759944915771,1.0133709907531738,38573
6.4757020473480225,1.9643216133117676,1.0139853954315186,1.0135328769683838,38967
6.485844612121582,1.9642611742019653,1.0140905380249023,1.0137273073196411,38664
6.496760606765747,1.9641900062561035,1.0139896869659424,1.013917326927185,38981
6.506393194198608,1.9641090631484985,1.0140776634216309,1.0141640901565552,38684
6.516040802001953,1.9639978408813477,1.0140798091888428,1.014387845993042,38812
6.526540756225586,1.9639126062393188,1.0140697956085205,1.0146633386611938,38844
6.536593914031982,1.9638460874557495,1.0141146183013916,1.0148553848266602,38751
6.547030925750732,1.9637351036071777,1.014019250869751,1.0151418447494507,38984
6.557095527648926,1.9636540412902832,1.0139976739883423,1.0152873992919922,38863
6.56654953956604,1.9636046886444092,1.0140656232833862,1.015474557876587,38714
6.576525926589966,1.9635370969772339,1.014033555984497,1.0156710147857666,38875
6.585916042327881,1.9634385108947754,1.0140963792800903,1.0158671140670776,38723
6.59641695022583,1.9633402824401855,1.0139968395233154,1.016059398651123,38974
6.60660195350647,1.963257908821106,1.014003872871399,1.016281247138977,38811
6.617075443267822,1.9632105827331543,1.0138702392578125,1.0164471864700317,39038
6.62609601020813,1.9631596803665161,1.013994574546814,1.0166369676589966,38625
6.636124610900879,1.9630964994430542,1.0139343738555908,1.0168315172195435,38912
6.646915435791016,1.963072419166565,1.0141414403915405,1.017025113105774,38487
6.656283617019653,1.9630193710327148,1.0139573812484741,1.0171812772750854,39116
6.667097568511963,1.962965488433838,1.0141109228134155,1.0174356698989868,38581
6.6763739585876465,1.9628983736038208,1.0139214992523193,1.0176464319229126,39121
6.686553955078125,1.962845802307129,1.0141608715057373,1.0178849697113037,38439
6.696836233139038,1.9627822637557983,1.0141364336013794,1.0180809497833252,38860
6.706757545471191,1.9627293348312378,1.0141911506652832,1.0182561874389648,38726
6.716086149215698,1.962654948234558,1.0141150951385498,1.0184874534606934,38937
6.726758003234863,1.9625749588012695,1.013949990272522,1.0187228918075562,39091
6.73671293258667,1.962525725364685,1.0140173435211182,1.0189628601074219,38706
6.747337341308594,1.9625236988067627,1.0141353607177734,1.0191582441329956,38631
6.756699562072754,1.962473750114441,1.014243245124817,1.0193368196487427,38642
6.766192436218262,1.9624384641647339,1.0141524076461792,1.0194977521896362,38963
6.776889801025391,1.9623854160308838,1.0142581462860107,1.0196924209594727,38646
6.78652024269104,1.9623626470565796,1.0140764713287354,1.0198323726654053,39106
6.797304153442383,1.9623126983642578,1.0141797065734863,1.0200212001800537,38659
6.806114435195923,1.962281584739685,1.0140314102172852,1.020247220993042,39053
6.815568208694458,1.9622671604156494,1.0141619443893433,1.020410418510437,38609
6.826948881149292,1.9622184038162231,1.0139532089233398,1.020564079284668,39149
6.83695387840271,1.9621764421463013,1.0140926837921143,1.0207229852676392,38596
6.846349477767944,1.9621258974075317,1.013904094696045,1.0208971500396729,39122
6.857115983963013,1.962080717086792,1.0138969421386719,1.021073579788208,38836
6.866289138793945,1.9620654582977295,1.0139198303222656,1.021223545074463,38781
6.876528024673462,1.9620238542556763,1.0138585567474365,1.0214565992355347,38927
6.885995626449585,1.9619873762130737,1.0139108896255493,1.021667718887329,38734
6.896983861923218,1.9619553089141846,1.0137100219726562,1.0218414068222046,39142
6.906466960906982,1.9619410037994385,1.0138188600540161,1.0220104455947876,38650
6.916636943817139,1.9619271755218506,1.0136127471923828,1.0222187042236328,39153
6.926678657531738,1.961911916732788,1.0136882066726685,1.0224196910858154,38707
6.9363791942596436,1.9618840217590332,1.0135157108306885,1.022603154182434,39104
6.947264909744263,1.9618903398513794,1.0136358737945557,1.0227779150009155,38633
6.956201553344727,1.961878776550293,1.0133899450302124,1.0229313373565674,39217
6.966508150100708,1.9618607759475708,1.0134944915771484,1.0231178998947144,38665
6.976777076721191,1.9619258642196655,1.0134395360946655,1.0232627391815186,38911
6.987019777297974,1.961936593055725,1.0135774612426758,1.023489236831665,38608
6.996052980422974,1.9619505405426025,1.0134385824203491,1.023595929145813,39050
7.007092237472534,1.961935043334961,1.0134470462799072,1.0237499475479126,38819
7.016286373138428,1.9619687795639038,1.0134738683700562,1.0238656997680664,38784
7.026883125305176,1.961962103843689,1.0133885145187378,1.0239895582199097,38966
7.036463260650635,1.962002158164978,1.0136210918426514,1.0241276025772095,38454
7.046029806137085,1.962030053138733,1.0135949850082397,1.0242538452148438,38867
7.05703330039978,1.96205735206604,1.013668417930603,1.0243805646896362,38707
7.067101716995239,1.9620741605758667,1.0135003328323364,1.024501085281372,39097
7.076664686203003,1.9620999097824097,1.0135239362716675,1.0246455669403076,38788
7.086987257003784,1.9621329307556152,1.0134631395339966,1.0247457027435303,38924
7.0961973667144775,1.9621589183807373,1.0134892463684082,1.0248727798461914,38786
7.1066365242004395,1.962226390838623,1.0135161876678467,1.0249868631362915,38786
7.117052793502808,1.9622982740402222,1.0136723518371582,1.0251636505126953,38573
7.126958131790161,1.9623453617095947,1.013606309890747,1.0252139568328857,38929
7.136871337890625,1.9623489379882812,1.013501524925232,1.0253422260284424,38994
7.1463165283203125,1.9623937606811523,1.0134918689727783,1.0254583358764648,38835
7.156994104385376,1.962444543838501,1.0134679079055786,1.025573492050171,38867
7.166673898696899,1.9624621868133545,1.0133806467056274,1.0257190465927124,38970
7.177074909210205,1.962515115737915,1.0133473873138428,1.0258561372756958,38882
7.186507940292358,1.962543249130249,1.0132378339767456,1.0259435176849365,39007
7.196251153945923,1.9625893831253052,1.0132687091827393,1.026010274887085,38781
7.20693826675415,1.9626399278640747,1.013167142868042,1.0260688066482544,38993
7.2170093059539795,1.9627026319503784,1.0133464336395264,1.0261386632919312,38544
7.22686505317688,1.962769865989685,1.0131878852844238,1.0261974334716797,39085
7.23620080947876,1.9628112316131592,1.0132724046707153,1.0262688398361206,38696
7.246381521224976,1.9628651142120361,1.0130289793014526,1.0263170003890991,39224
7.256175994873047,1.9629441499710083,1.0131522417068481,1.0264207124710083,38637
7.265910863876343,1.963019609451294,1.0130531787872314,1.0264185667037964,38992
7.276595115661621,1.9630649089813232,1.0131131410598755,1.026494026184082,38739
7.287124156951904,1.963159441947937,1.013081669807434,1.026532769203186,38884
7.296335458755493,1.9632173776626587,1.0130057334899902,1.0265744924545288,38958
7.306817293167114,1.9632872343063354,1.0129786729812622,1.0266083478927612,38878
7.316623210906982,1.963352918624878,1.01289963722229,1.0266755819320679,38966
7.326279640197754,1.9634835720062256,1.0129519701004028,1.026731014251709,38752
7.336453437805176,1.9636257886886597,1.0130259990692139,1.0267283916473389,38716
7.347209692001343,1.9636622667312622,1.0128381252288818,1.026781678199768,39139
7.356191396713257,1.9637668132781982,1.0128124952316284,1.0267741680145264,38879
7.366963148117065,1.963821291923523,1.0126315355300903,1.026839256286621,39134
7.376201391220093,1.9639407396316528,1.0126097202301025,1.0268621444702148,38879
7.386546850204468,1.9640023708343506,1.0125482082366943,1.026911973953247,38944
7.3960888385772705,1.9641752243041992,1.0126714706420898,1.026879072189331,38645
7.405888557434082,1.9642744064331055,1.0124378204345703,1.0269511938095093,39223
7.4160802364349365,1.9643573760986328,1.0124200582504272,1.0269403457641602,38876
7.426456689834595,1.9644815921783447,1.0123000144958496,1.0269005298614502,39042
7.436143159866333,1.964604139328003,1.0122722387313843,1.0268723964691162,38896
7.446645021438599,1.9647194147109985,1.0123025178909302,1.026863932609558,38802
7.456021308898926,1.9648232460021973,1.0121707916259766,1.02685546875,39069
7.466873645782471,1.964922547340393,1.012271761894226,1.0268535614013672,38690
7.476199388504028,1.9650682210922241,1.012088656425476,1.0267424583435059,39146
7.487048625946045,1.9651918411254883,1.012110710144043,1.0267661809921265,38822
7.497408151626587,1.9653218984603882,1.0120694637298584,1.026698350906372,38922
7.507516145706177,1.965437889099121,1.0120736360549927,1.0266929864883423,38849
7.516221284866333,1.9655563831329346,1.0119868516921997,1.0266427993774414,38996
7.526930570602417,1.965675711631775,1.0119067430496216,1.0266731977462769,38984
7.5366151332855225,1.9658336639404297,1.0117721557617188,1.0266411304473877,39082
7.5471882820129395,1.9659556150436401,1.0117522478103638,1.0266120433807373,38895
7.556426525115967,1.966094970703125,1.0117504596710205,1.026574730873108,38862
7.5662620067596436,1.9662562608718872,1.0117660760879517,1.0264887809753418,38840
7.576781749725342,1.9663811922073364,1.0116463899612427,1.0264368057250977,39054
7.586215257644653,1.9666523933410645,1.0118677616119385,1.0263205766677856,38507
7.596159934997559,1.966800332069397,1.01173996925354,1.0262376070022583,39067
7.606777191162109,1.9669748544692993,1.0118311643600464,1.026139736175537,38712
7.6170334815979,1.9671499729156494,1.0116761922836304,1.0260568857192993,39111
7.6272523403167725,1.9673250913619995,1.0117899179458618,1.0259878635406494,38678
7.635909080505371,1.9675297737121582,1.0115878582000732,1.0259218215942383,39188
7.64707088470459,1.9675981998443604,1.0112390518188477,1.0258088111877441,39430
7.656935930252075,1.9678258895874023,1.0111769437789917,1.0257278680801392,38974
7.6669251918792725,1.967963457107544,1.0110008716583252,1.0256367921829224,39162
7.676401138305664,1.968154788017273,1.01083242893219,1.0255645513534546,39150
7.6868627071380615,1.968334436416626,1.0108718872070312,1.025451421737671,38816
7.69672703742981,1.9685254096984863,1.0108330249786377,1.0253512859344482,38945
7.70671010017395,1.9686918258666992,1.0107355117797852,1.0252400636672974,39037
7.716871976852417,1.9688999652862549,1.0107640027999878,1.0251351594924927,38838
7.727112054824829,1.9690817594528198,1.0105963945388794,1.025029182434082,39155
7.736992359161377,1.9692866802215576,1.0106834173202515,1.0249361991882324,38745
7.7462944984436035,1.96946120262146,1.010334849357605,1.024780035018921,39450
7.757094383239746,1.9696742296218872,1.0104520320892334,1.0246526002883911,38702
7.766204118728638,1.9698920249938965,1.0102496147155762,1.0245269536972046,39219
7.776625394821167,1.9701128005981445,1.0103503465652466,1.0244104862213135,38728
7.7868101596832275,1.9703470468521118,1.010239601135254,1.024254560470581,39073
7.796810626983643,1.970563292503357,1.0103979110717773,1.0241292715072632,38637
7.806110620498657,1.9708242416381836,1.0102360248565674,1.0240235328674316,39150
7.816953897476196,1.9710359573364258,1.01023530960083,1.0238808393478394,38895
7.8260321617126465,1.9712891578674316,1.0102483034133911,1.0237120389938354,38871
7.8363988399505615,1.971552848815918,1.010205864906311,1.0235464572906494,38962
7.846438646316528,1.9718142747879028,1.010283350944519,1.0233850479125977,38769
7.857625722885132,1.972097396850586,1.0102014541625977,1.0231956243515015,39025
7.866000413894653,1.972385048866272,1.0103424787521362,1.0230873823165894,38664
7.876425743103027,1.9726454019546509,1.010202169418335,1.022939920425415,39109
7.885782480239868,1.9729640483856201,1.0101516246795654,1.0228196382522583,38979
7.897487163543701,1.973198413848877,1.0099802017211914,1.0226917266845703,39172
7.906602621078491,1.9734543561935425,1.0101383924484253,1.022528052330017,38641
7.916115999221802,1.9737346172332764,1.0100091695785522,1.0223703384399414,39104
7.926842451095581,1.9739787578582764,1.0100570917129517,1.0222647190093994,38819
7.937190771102905,1.9742786884307861,1.009981632232666,1.0220915079116821,39018
7.946469783782959,1.9745019674301147,1.0098739862442017,1.0219205617904663,39072
7.957302808761597,1.974818468093872,1.0099362134933472,1.0217589139938354,38800
7.9661054611206055,1.975099802017212,1.009887456893921,1.0216611623764038,38975
7.976341009140015,1.9754151105880737,1.010044813156128,1.0214571952819824,38642
7.987363576889038,1.975732684135437,1.0099411010742188,1.0212996006011963,39057
7.996525049209595,1.9760441780090332,1.0099635124206543,1.0211197137832642,38860
8.006484985351562,1.9763165712356567,1.0099246501922607,1.020980954170227,38959
8.016385555267334,1.9766441583633423,1.0099908113479614,1.0207619667053223,38796
8.026170253753662,1.9769989252090454,1.0098752975463867,1.0206764936447144,39075
8.036313772201538,1.977351427078247,1.0099328756332397,1.0204722881317139,38811
8.046257019042969,1.9776935577392578,1.0099774599075317,1.020296335220337,38822
8.056676149368286,1.9779932498931885,1.0097699165344238,1.0201189517974854,39230
8.066535949707031,1.97833251953125,1.009833574295044,1.0199536085128784,38795
8.076030969619751,1.9786725044250488,1.0098447799682617,1.0198203325271606,38879
8.086072444915771,1.9789683818817139,1.009879231452942,1.0196541547775269,38841
8.096457719802856,1.9792534112930298,1.009717583656311,1.01946222782135,39158
8.1062490940094,1.9795721769332886,1.009732723236084,1.0192934274673462,38875
8.116266965866089,1.9798890352249146,1.0097697973251343,1.0191407203674316,38840
8.126505374908447,1.9802324771881104,1.0096862316131592,1.0189807415008545,39034
8.13642168045044,1.980560302734375,1.0094914436340332,1.0188621282577515,39218
8.146689653396606,1.9808999300003052,1.0095041990280151,1.0186645984649658,38884
8.157117128372192,1.9812467098236084,1.0096253156661987,1.0184907913208008,38709
8.166305780410767,1.9816176891326904,1.0093806982040405,1.0183318853378296,39297
8.176812887191772,1.9819793701171875,1.0094523429870605,1.0181989669799805,38790
8.186649322509766,1.9823384284973145,1.0093960762023926,1.017958164215088,38997
8.196274518966675,1.9827228784561157,1.0095760822296143,1.0177479982376099,38614
8.206769704818726,1.9830715656280518,1.009582757949829,1.0175633430480957,38891
8.216356039047241,1.9834057092666626,1.0096522569656372,1.017404556274414,38787
8.226051330566406,1.9837234020233154,1.0097415447235107,1.0171914100646973,38747
8.23607087135315,1.98405921459198,1.0096830129623413,1.0170373916625977,39001
8.246072769165039,1.984439730644226,1.0098402500152588,1.0168734788894653,38644
8.256096124649048,1.984750747680664,1.009539246559143,1.0167286396026611,39374
8.266992330551147,1.9850672483444214,1.0097219944000244,1.0165702104568481,38612
8.276479482650757,1.9854118824005127,1.0096265077590942,1.016403317451477,39054
8.286356687545776,1.9858205318450928,1.0098081827163696,1.0162471532821655,38604
8.296248197555542,1.986197829246521,1.0096819400787354,1.0160548686981201,39101
8.307310581207275,1.9865646362304688,1.0098867416381836,1.0159378051757812,38561
8.316540002822876,1.9869740009307861,1.00978684425354,1.0157536268234253,39054
8.32613492012024,1.9873420000076294,1.0098501443862915,1.0156140327453613,38790
8.336119174957275,1.9876883029937744,1.0098111629486084,1.0154427289962769,38955
8.346238374710083,1.9880385398864746,1.009891390800476,1.0152415037155151,38764
8.356413841247559,1.9883729219436646,1.009932518005371,1.0150402784347534,38825
8.365714311599731,1.9887410402297974,1.0098700523376465,1.0148718357086182,38991
8.375846147537231,1.9890892505645752,1.0100926160812378,1.014687180519104,38530
8.385986328125,1.9894745349884033,1.0101457834243774,1.014519453048706,38799
8.395629167556763,1.989867925643921,1.0102044343948364,1.0143905878067017,38788
8.406120538711548,1.9902091026306152,1.0101133584976196,1.0142309665679932,39029
8.415879964828491,1.9905674457550049,1.0102486610412598,1.0140832662582397,38664
8.426249980926514,1.9909133911132812,1.0101677179336548,1.0139187574386597,39007
8.436676263809204,1.9913290739059448,1.0103137493133545,1.0137568712234497,38657
8.446921110153198,1.9916819334030151,1.010218620300293,1.0136088132858276,39034
8.45653247833252,1.9920583963394165,1.0102450847625732,1.0134552717208862,38837
8.46628189086914,1.9924280643463135,1.010128378868103,1.013291597366333,39072
8.476714372634888,1.992746114730835,1.0102015733718872,1.013144612312317,38765
8.486663818359375,1.9930880069732666,1.0102603435516357,1.0129814147949219,38788
8.496662139892578,1.9935133457183838,1.0103631019592285,1.012719750404358,38714
8.507138729095459,1.9938651323318481,1.010430097579956,1.0125138759613037,38769
8.51636528968811,1.9942119121551514,1.0104371309280396,1.0123803615570068,38862
8.52664303779602,1.9945615530014038,1.0104368925094604,1.012203574180603,38876
8.53717041015625,1.9949332475662231,1.010439157485962,1.0120038986206055,38871
8.546282768249512,1.9953241348266602,1.010520577430725,1.0118191242218018,38743
8.556102275848389,1.9956356287002563,1.010604977607727,1.0116517543792725,38741
8.56619668006897,1.9960201978683472,1.0105375051498413,1.0114763975143433,38975
8.576788187026978,1.9963395595550537,1.0104457139968872,1.0113173723220825,39023
8.586134910583496,1.996717929840088,1.0101944208145142,1.0111699104309082,39281
8.596521377563477,1.9970725774765015,1.010246992111206,1.0110280513763428,38801
8.606350421905518,1.997441053390503,1.0102534294128418,1.0108214616775513,38871
8.61632776260376,1.9977751970291138,1.010388731956482,1.0106542110443115,38658
8.626075029373169,1.998116135597229,1.0102665424346924,1.010468602180481,39075
8.637131929397583,1.9984328746795654,1.010360836982727,1.010295033454895,38724
8.64654278755188,1.9987882375717163,1.0102643966674805,1.0100703239440918,39032
8.6567702293396,1.999084234237671,1.0102403163909912,1.009825587272644,38916
8.666582107543945,1.9994083642959595,1.0102225542068481,1.0096272230148315,38908
8.677464962005615,1.9997220039367676,1.0101124048233032,1.0094553232192993,39060
8.686203956604004,2.000077962875366,1.0101755857467651,1.009231448173523,38781
8.69716191291809,2.00036358833313,1.0099656581878662,1.0090141296386719,39223
8.706307888031006,2.0007481575012207,1.0100762844085693,1.008811354637146,38705
8.715951204299927,2.001112937927246,1.0099650621414185,1.0086196660995483,39066
8.726290225982666,2.0014591217041016,1.0100488662719727,1.0084620714187622,38746
8.735816478729248,2.0017690658569336,1.0098514556884766,1.008252739906311,39205
8.747099876403809,2.0020875930786133,1.0099492073059082,1.0080294609069824,38729
8.757107257843018,2.002413749694824,1.0099021196365356,1.007819414138794,38965
8.766843318939209,2.0027339458465576,1.0100109577178955,1.0076159238815308,38708
8.776066780090332,2.003048896789551,1.0099130868911743,1.0074069499969482,39042
8.78714632987976,2.003382682800293,1.0101269483566284,1.0072038173675537,38538
8.796912670135498,2.0037715435028076,1.0100462436676025,1.0068870782852173,39006
8.806790113449097,2.0040879249572754,1.0101121664047241,1.006697416305542,38787
8.816864252090454,2.0043880939483643,1.0099512338638306,1.0064460039138794,39142
8.827422618865967,2.0047266483306885,1.0101306438446045,1.006221055984497,38594
8.836854696273804,2.0050747394561768,1.010249137878418,1.0059865713119507,38689
8.846384286880493,2.005434274673462,1.0102134943008423,1.0057525634765625,38933
8.85718035697937,2.0058035850524902,1.0104186534881592,1.005534291267395,38541
8.86658000946045,2.0061216354370117,1.0103259086608887,1.0053198337554932,39025
8.876350402832031,2.0064964294433594,1.0104783773422241,1.005099892616272,38622
8.88684368133545,2.0068681240081787,1.0102719068527222,1.004888892173767,39209
8.895982503890991,2.0071802139282227,1.0105266571044922,1.0046594142913818,38459
8.906540155410767,2.0074915885925293,1.010406732559204,1.0044488906860352,39069
8.915850162506104,2.007833957672119,1.0105527639389038,1.004163146018982,38633
8.927170991897583,2.0082149505615234,1.01066255569458,1.0038851499557495,38693
8.936172723770142,2.00856614112854,1.0107430219650269,1.0036818981170654,38733
8.946954488754272,2.008923292160034,1.0109188556671143,1.0033944845199585,38576
8.956224203109741,2.0092616081237793,1.0109237432479858,1.003176212310791,38851
8.967177152633667,2.009669303894043,1.0110656023025513,1.002938985824585,38631
8.976842403411865,2.0100350379943848,1.0109891891479492,1.0027471780776978,38980
8.986619234085083,2.010399580001831,1.0111325979232788,1.0025358200073242,38621
8.996047973632812,2.010779857635498,1.011263132095337,1.0023353099822998,38643
9.005788564682007,2.011112689971924,1.011273980140686,1.0021532773971558,38830
9.015804529190063,2.011451244354248,1.0113792419433594,1.0019257068634033,38680
9.02596378326416,2.0117528438568115,1.0109925270080566,1.0017495155334473,39476
9.035816669464111,2.0121347904205322,1.0111641883850098,1.0014996528625488,38578
9.045933723449707,2.0125105381011963,1.0112104415893555,1.0012028217315674,38783
9.056476354598999,2.012939691543579,1.0115658044815063,1.000949740409851,38269
9.066102743148804,2.0132102966308594,1.011432409286499,1.0007860660552979,39056
9.076772689819336,2.0135200023651123,1.011547327041626,1.0005741119384766,38651
9.086671590805054,2.013859748840332,1.0116709470748901,1.000346302986145,38641
9.097539901733398,2.014235019683838,1.0117698907852173,1.0001506805419922,38678
9.106331825256348,2.014514923095703,1.0117682218551636,0.9999819397926331,38840
9.116939783096313,2.014838457107544,1.0116703510284424,0.9998191595077515,38993
9.126216888427734,2.015178680419922,1.0117754936218262,0.9996459484100342,38661
9.136661052703857,2.015535354614258,1.01179039478302,0.9995200634002686,38812
9.146589756011963,2.0158567428588867,1.0119116306304932,0.9993396997451782,38649
9.156642436981201,2.0161900520324707,1.0119003057479858,0.9991500973701477,38850
9.167153596878052,2.0165889263153076,1.0120326280593872,0.9990352392196655,38616
9.176178216934204,2.016957998275757,1.0121618509292603,0.9988917112350464,38621
9.185784816741943,2.0172388553619385,1.012169361114502,0.998741865158081,38810
9.196082830429077,2.017554521560669,1.0123358964920044,0.9986138343811035,38552
9.20598578453064,2.017868757247925,1.0123926401138306,0.9984611868858337,38731
9.215629816055298,2.018200159072876,1.0125303268432617,0.998256504535675,38599
9.226607084274292,2.0184614658355713,1.0125938653945923,0.9980825781822205,38715
9.23673963546753,2.018744945526123,1.0126739740371704,0.9979379177093506,38683
9.247170448303223,2.0190417766571045,1.0128427743911743,0.9977785348892212,38539
9.256279230117798,2.0193052291870117,1.01284658908844,0.9976287484169006,38800
9.266227722167969,2.019556999206543,1.0129810571670532,0.9975265264511108,38588
9.2763090133667,2.0199012756347656,1.013008952140808,0.9973571300506592,38762
9.285687923431396,2.0201938152313232,1.0132094621658325,0.9972631335258484,38471
9.295855283737183,2.020496368408203,1.0131453275680542,0.9971729516983032,38914
9.30658221244812,2.020781993865967,1.0132168531417847,0.9970989227294922,38683
9.315645933151245,2.0210769176483154,1.0131915807724,0.9969452023506165,38840
9.326003313064575,2.0213375091552734,1.0131769180297852,0.9968520402908325,38824
9.335676193237305,2.021653413772583,1.0134209394454956,0.9967918992042542,38405
9.345971584320068,2.021909236907959,1.0133649110794067,0.9967049956321716,38885
9.356112957000732,2.0222017765045166,1.0135849714279175,0.996590793132782,38434
9.366161346435547,2.0224709510803223,1.0136940479278564,0.9964883327484131,38615
9.376834154129028,2.0227479934692383,1.0137946605682373,0.9964299201965332,38623
9.386675357818604,2.022998571395874,1.0139771699905396,0.996319591999054,38492
9.397075653076172,2.0232396125793457,1.0139563083648682,0.9961963891983032,38812
9.406343698501587,2.023505210876465,1.0142513513565063,0.9961366057395935,38300
9.416289806365967,2.0237834453582764,1.0143074989318848,0.996059775352478,38684
9.42647099494934,2.024054765701294,1.014485239982605,0.9959684014320374,38480
9.436256170272827,2.024319887161255,1.0146582126617432,0.9958555102348328,38486
9.445981979370117,2.0245349407196045,1.0147058963775635,0.9957819581031799,38690
9.456073522567749,2.0247745513916016,1.0148882865905762,0.9957000613212585,38463
9.466716527938843,2.025050401687622,1.0150566101074219,0.9956626892089844,38485
9.476698160171509,2.0253095626831055,1.0153889656066895,0.9955728650093079,38211
9.486406087875366,2.0255680084228516,1.0154478549957275,0.9955400228500366,38651
9.496819734573364,2.025756597518921,1.0153543949127197,0.995468258857727,38892
9.507193088531494,2.0260956287384033,1.015659213066101,0.9954577684402466,38245
9.516640663146973,2.026326894760132,1.0158084630966187,0.9953868389129639,38506
9.526832580566406,2.026548147201538,1.0158672332763672,0.9953382015228271,38631
9.536305904388428,2.026782989501953,1.0160003900527954,0.9952528476715088,38515
9.547112941741943,2.0269999504089355,1.0161828994750977,0.9952066540718079,38436
9.556823015213013,2.0272367000579834,1.0161057710647583,0.9951232671737671,38850
9.565946817398071,2.0274155139923096,1.0161746740341187,0.9950451850891113,38615
9.576105833053589,2.0276288986206055,1.016242265701294,0.9950097799301147,38618
9.585736751556396,2.0277833938598633,1.0163308382034302,0.9949434995651245,38582
9.59627389907837,2.027946710586548,1.0163471698760986,0.9948962330818176,38695
9.606848239898682,2.0281312465667725,1.016474723815918,0.9948483109474182,38515
9.616206169128418,2.028282880783081,1.0164391994476318,0.9948098659515381,38779
9.626631259918213,2.0284340381622314,1.016446590423584,0.9947481751441956,38709
9.636001586914062,2.028585433959961,1.0163648128509521,0.9947103261947632,38858
9.646065711975098,2.0287249088287354,1.0164222717285156,0.9946742653846741,38633
9.656272888183594,2.0288946628570557,1.0165268182754517,0.9946095943450928,38552
9.666557312011719,2.029010057449341,1.016433835029602,0.9945501685142517,38870
9.677050113677979,2.029130220413208,1.0165566205978394,0.9944998621940613,38521
9.686645030975342,2.029252052307129,1.0163941383361816,0.9944491982460022,38981
9.697412490844727,2.0293338298797607,1.0164692401885986,0.9944029450416565,38602
9.705910205841064,2.0294320583343506,1.0163819789886475,0.994344174861908,38867
9.716239213943481,2.0295181274414062,1.0164633989334106,0.9943229556083679,38591
9.726037979125977,2.0296099185943604,1.01638925075531,0.9942994117736816,38842
9.736319065093994,2.0296878814697266,1.016423225402832,0.9941476583480835,38668
9.746874570846558,2.029756784439087,1.0163618326187134,0.99411541223526,38821
9.756284713745117,2.029829978942871,1.0164231061935425,0.9940598607063293,38624
9.76684045791626,2.0298399925231934,1.0160731077194214,0.9940185546875,39292
9.77674674987793,2.0298960208892822,1.0161391496658325,0.9939854145050049,38626
9.786740064620972,2.029935836791992,1.0160578489303589,0.9939680695533752,38867
9.796169996261597,2.029974937438965,1.0159473419189453,0.9939517974853516,38910
9.806107997894287,2.0299906730651855,1.0158610343933105,0.9939145445823669,38875
9.816756010055542,2.030006170272827,1.0158030986785889,0.9938672780990601,38831
9.826655149459839,2.030047655105591,1.015722632408142,0.9938782453536987,38869
9.836288928985596,2.0300838947296143,1.0156925916671753,0.9938291907310486,38790
9.845754384994507,2.0300722122192383,1.0155012607574463,0.993758499622345,39053
9.856198072433472,2.0300776958465576,1.0155057907104492,0.9937489628791809,38737
9.86577296257019,2.0300748348236084,1.0153270959854126,0.993755578994751,39039
9.876160621643066,2.0300934314727783,1.0153133869171143,0.9936964511871338,38773
9.886555671691895,2.0300846099853516,1.015167474746704,0.993752121925354,38989
9.896527290344238,2.0300815105438232,1.0151286125183105,0.9937607049942017,38813
9.906563520431519,2.030055046081543,1.014872431755066,0.9937368631362915,39171
9.916985750198364,2.0300240516662598,1.0148407220840454,0.99375319480896,38814
9.926444053649902,2.029985189437866,1.0145666599273682,0.9937947392463684,39209
9.936224937438965,2.0299832820892334,1.0145366191864014,0.9937711358070374,38815
9.94611144065857,2.0299243927001953,1.0142921209335327,0.9937624335289001,39167
9.956541538238525,2.0299031734466553,1.0143017768859863,0.9937863349914551,38757
9.966386079788208,2.0298566818237305,1.0140267610549927,0.9937843084335327,39223
9.976229906082153,2.0298163890838623,1.0139825344085693,0.993785560131073,38851
9.987033605575562,2.02978253364563,1.0138461589813232,0.9938367009162903,39006
9.995801210403442,2.0297224521636963,1.013845682144165,0.9938458204269409,38783
10.006909370422363,2.029660940170288,1.013729214668274,0.993864893913269,38973
10.016237497329712,2.0295817852020264,1.013731598854065,0.9938888549804688,38783
10.025943756103516,2.0295517444610596,1.013561725616455,0.9939022064208984,39064
10.036832094192505,2.029477119445801,1.0134741067886353,0.9939494729042053,38935
10.045912027359009,2.029395818710327,1.013396143913269,0.9939513206481934,38917
10.05692434310913,2.0293455123901367,1.0134363174438477,0.9939616322517395,38729
10.066176652908325,2.02925968170166,1.0132744312286377,0.9940455555915833,39056
10.076164960861206,2.0291929244995117,1.0133061408996582,0.9940629005432129,38743
10.085911989212036,2.029102325439453,1.0132124423980713,0.9940670728683472,38952
10.095852375030518,2.0290112495422363,1.0131890773773193,0.9940924644470215,38834
10.10642123222351,2.0289430618286133,1.0131313800811768,0.9941216111183167,38893
10.1163010597229,2.02885103225708,1.013128638267517,0.9941520094871521,38804
10.127076625823975,2.0287301540374756,1.0129655599594116,0.9941909313201904,39064
10.13623857498169,2.0286777019500732,1.013054609298706,0.9942383170127869,38661
10.146134376525879,2.028538227081299,1.012961506843567,0.9942623972892761,38955
10.156309604644775,2.0284597873687744,1.0129036903381348,0.994292676448822,38898
10.166615962982178,2.028329610824585,1.012914776802063,0.9943554401397705,38789
10.176129341125488,2.028228759765625,1.012885332107544,0.9943744540214539,38853
10.1866614818573,2.028076648712158,1.0128594636917114,0.994405210018158,38849
10.19629979133606,2.027924060821533,1.012770652770996,0.9944387674331665,38947
10.205697298049927,2.0278091430664062,1.0127780437469482,0.9944879412651062,38799
10.216372013092041,2.0276296138763428,1.0125906467437744,0.9944942593574524,39114
10.225841045379639,2.0275144577026367,1.0126988887786865,0.9945007562637329,38638
10.23587965965271,2.027366876602173,1.0126091241836548,0.9945544004440308,38960
10.24614667892456,2.0271904468536377,1.0126854181289673,0.9945681691169739,38689
10.256205320358276,2.027035713195801,1.0126638412475586,0.9945990443229675,38847
10.265957355499268,2.026890516281128,1.0126758813858032,0.9945985078811646,38796
10.276242017745972,2.026702404022217,1.0126434564590454,0.9946144223213196,38865
10.286538124084473,2.026487112045288,1.012657642364502,0.9946085214614868,38790
10.29569387435913,2.0263164043426514,1.0125776529312134,0.9946659207344055,38943
10.30570387840271,2.026096820831299,1.0126968622207642,0.9947060346603394,38624
10.316124439239502,2.025921106338501,1.0126886367797852,0.9946833252906799,38826
10.3264319896698,2.0257413387298584,1.0126737356185913,0.9947028160095215,38839
10.336566686630249,2.0255231857299805,1.0126729011535645,0.9947199821472168,38815
10.346530437469482,2.0253374576568604,1.0126653909683228,0.994720458984375,38825
10.356122732162476,2.025092601776123,1.0125503540039062,0.9947196245193481,39002
10.366452693939209,2.0249297618865967,1.0126807689666748,0.994732677936554,38605
10.375912189483643,2.02473783493042,1.0125946998596191,0.9947314262390137,38955
10.386109828948975,2.0245141983032227,1.0126293897628784,0.9946973919868469,38758
10.39669156074524,2.024332284927368,1.0126055479049683,0.9947081208229065,38854
10.406110048294067,2.024103879928589,1.0126036405563354,0.9946882128715515,38819
10.416446208953857,2.0238845348358154,1.0124807357788086,0.9946979284286499,39015
10.425938367843628,2.0236473083496094,1.0125452280044556,0.9946598410606384,38714
10.435956954956055,2.023460626602173,1.0124481916427612,0.994611918926239,38977
10.446059942245483,2.0232131481170654,1.0124921798706055,0.9946138858795166,38750
10.456032991409302,2.0229787826538086,1.0123263597488403,0.9945723414421082,39096
10.466281175613403,2.022728204727173,1.0123908519744873,0.9945402145385742,38715
10.477110624313354,2.0224833488464355,1.0123363733291626,0.9945403337478638,38923
10.486420154571533,2.022247314453125,1.0123472213745117,0.9945029020309448,38795
10.497472763061523,2.0219950675964355,1.0122510194778442,0.9944785237312317,38980
10.506103992462158,2.0218005180358887,1.0124138593673706,0.9944165945053101,38565
10.516707420349121,2.021569013595581,1.0123225450515747,0.9944009780883789,38972
10.526705503463745,2.021308660507202,1.012357234954834,0.9943684935569763,38768
10.536561012268066,2.0210726261138916,1.012279748916626,0.9943207502365112,38951
10.54612398147583,2.0208446979522705,1.0122183561325073,0.99423748254776,38926
10.55609917640686,2.0204880237579346,1.0119259357452393,0.9941042065620422,39301
10.566574811935425,2.0202202796936035,1.0119478702545166,0.9940714240074158,38799
10.577357053756714,2.019990921020508,1.0118370056152344,0.9939895868301392,39017
10.587265729904175,2.0196967124938965,1.0118058919906616,0.9939213991165161,38888
10.596523761749268,2.0194268226623535,1.0117181539535522,0.9938756823539734,38980
10.60590672492981,2.0192129611968994,1.0116161108016968,0.9938018918037415,39005
10.61616563796997,2.0189642906188965,1.0116158723831177,0.9937111139297485,38848
10.626422643661499,2.0186848640441895,1.011411190032959,0.9935908913612366,39170
10.636701345443726,2.018425464630127,1.0113954544067383,0.9935474991798401,38878
10.646646738052368,2.018162727355957,1.0112848281860352,0.9934796094894409,39026
10.657589435577393,2.0178494453430176,1.011009693145752,0.9933264851570129,39297
10.666907548904419,2.0175368785858154,1.0109893083572388,0.9932363033294678,38888
10.676815509796143,2.01727032661438,1.0111209154129028,0.9931164383888245,38646
10.686293840408325,2.0169434547424316,1.010870337486267,0.9930126070976257,39264
10.697158098220825,2.0166049003601074,1.0108833312988281,0.992918074131012,38839
10.706622838973999,2.016314744949341,1.01078200340271,0.9927942752838135,39027
10.716880798339844,2.0160138607025146,1.010756254196167,0.9926779270172119,38908
10.726247310638428,2.015717029571533,1.0106021165847778,0.9925705194473267,39115
10.737380504608154,2.015368700027466,1.0105280876159668,0.9924195408821106,38990
10.746431589126587,2.0150387287139893,1.0104386806488037,0.9922674298286438,39015
10.756553649902344,2.0147366523742676,1.0104165077209473,0.9921107292175293,38910
10.766177892684937,2.0144388675689697,1.010245680809021,0.9919570088386536,39153
10.777022123336792,2.014129638671875,1.0102406740188599,0.9918401837348938,38885
10.786747217178345,2.013806104660034,1.0098795890808105,0.9916986227035522,39463
10.796165466308594,2.013471841812134,1.009743571281433,0.9915921092033386,39107
10.80613660812378,2.0131185054779053,1.0096155405044556,0.9914208054542542,39093
10.816327571868896,2.0127463340759277,1.0095199346542358,0.9912662506103516,39051
10.826072931289673,2.0123648643493652,1.009451150894165,0.9911189079284668,39007
10.837188005447388,2.011939764022827,1.0092092752456665,0.9909484386444092,39297
10.84643816947937,2.011573314666748,1.0090696811676025,0.9908226728439331,39126
10.856877565383911,2.01123309135437,1.0091005563735962,0.9906554222106934,38864
10.866867303848267,2.010917901992798,1.0089702606201172,0.9904558658599854,39117
10.8768949508667,2.010601282119751,1.0089980363845825,0.9903478622436523,38871
10.886009216308594,2.010263442993164,1.0088860988616943,0.9901830554008484,39076
10.896199464797974,2.009932279586792,1.008836269378662,0.9900519251823425,38992
10.906852006912231,2.0096075534820557,1.0086838006973267,0.9898817539215088,39165
10.917123317718506,2.0091986656188965,1.0086733102798462,0.9896969199180603,38938
10.92646598815918,2.0088815689086914,1.0085670948028564,0.9895773530006409,39095
10.937199592590332,2.0085623264312744,1.0086017847061157,0.9894412755966187,38848
10.947180271148682,2.008176565170288,1.0084054470062256,0.9892821907997131,39246
10.956711053848267,2.0078344345092773,1.008323073387146,0.9890892505645752,39042
10.966776609420776,2.0074291229248047,1.0079690217971802,0.9888912439346313,39497
10.977089881896973,2.007089376449585,1.0079776048660278,0.9887503385543823,38918
10.986982107162476,2.006747007369995,1.0077028274536133,0.9886178374290466,39375
10.996370553970337,2.00639009475708,1.0076537132263184,0.9884788393974304,39017
11.007314682006836,2.006044387817383,1.0073180198669434,0.988296389579773,39482
11.016456604003906,2.0056891441345215,1.0073225498199463,0.9881314635276794,38939
11.026735305786133,2.005303382873535,1.0071780681610107,0.9879893660545349,39176
11.035874128341675,2.0049562454223633,1.006926417350769,0.9878599047660828,39358
11.047098636627197,2.004610061645508,1.0070419311523438,0.9877473711967468,38769
11.056669235229492,2.0042989253997803,1.0068325996398926,0.9876193404197693,39290
11.067044258117676,2.003979206085205,1.0068398714065552,0.9874663352966309,38945
11.076740980148315,2.0036087036132812,1.0065611600875854,0.9873079657554626,39404
11.086188554763794,2.0033152103424072,1.0066698789596558,0.9871559739112854,38786
11.096858024597168,2.0030252933502197,1.0065526962280273,0.9870105981826782,39148
11.106995344161987,2.0027225017547607,1.00649893283844,0.9868495464324951,39050
11.115920305252075,2.0024421215057373,1.0065675973892212,0.9866716265678406,38849
11.127033948898315,2.0020875930786133,1.0062819719314575,0.986598551273346,39423
11.136451244354248,2.001814126968384,1.0061800479888916,0.9864351749420166,39136
11.146443367004395,2.001451253890991,1.0058692693710327,0.9862177968025208,39469
11.157211303710938,2.001134157180786,1.005879521369934,0.9861359596252441,38963
11.167048692703247,2.000840187072754,1.0056694746017456,0.9859839081764221,39311
11.176943063735962,2.000545024871826,1.0056817531585693,0.9858382344245911,38957
11.18611478805542,2.0002567768096924,1.005568027496338,0.9856639504432678,39160
11.196909666061401,1.9999135732650757,1.0053526163101196,0.985528290271759,39329
11.206844329833984,1.9996662139892578,1.005297303199768,0.9854318499565125,39074
11.216490507125854,1.9994019269943237,1.0051698684692383,0.9853267073631287,39195
11.226458549499512,1.9991793632507324,1.0051968097686768,0.9852318167686462,38945
11.236147165298462,1.9988677501678467,1.0050371885299683,0.9850885272026062,39240
11.247217893600464,1.9985945224761963,1.0050113201141357,0.984964907169342,39032
11.25629186630249,1.9983487129211426,1.004920244216919,0.9848418235778809,39135
11.266506671905518,1.9979966878890991,1.0047451257705688,0.9847154021263123,39275
11.276264667510986,1.9977595806121826,1.0046464204788208,0.9845913052558899,39163
11.286545276641846,1.9974768161773682,1.0045827627182007,0.9844973087310791,39097
11.296631336212158,1.9972186088562012,1.0044158697128296,0.9844282865524292,39274
11.306562423706055,1.9969608783721924,1.0043282508850098,0.9842768311500549,39141
11.315945625305176,1.9966895580291748,1.0042442083358765,0.9841471910476685,39142
11.32648777961731,1.9964537620544434,1.0042533874511719,0.9840502142906189,39000
11.336437702178955,1.9961692094802856,1.0040236711502075,0.9839762449264526,39383
11.346311569213867,1.9958916902542114,1.0038566589355469,0.9838334918022156,39286
11.357447385787964,1.9956517219543457,1.0036369562149048,0.9837517142295837,39374
11.365898609161377,1.9954317808151245,1.0035998821258545,0.9836586117744446,39083
11.37587571144104,1.9951967000961304,1.0034540891647339,0.9835730195045471,39258
11.386174201965332,1.9949342012405396,1.0034229755401611,0.9835138320922852,39080
11.396814107894897,1.9946991205215454,1.0034106969833374,0.9834437966346741,39046
11.406126499176025,1.9943934679031372,1.0032598972320557,0.9833372831344604,39275
11.416348457336426,1.9940953254699707,1.003105878829956,0.9832435846328735,39282
11.426111459732056,1.9938347339630127,1.0029810667037964,0.983171284198761,39240
11.436360597610474,1.9935851097106934,1.0030523538589478,0.9830836653709412,38925
11.44644546508789,1.9933586120605469,1.0028256177902222,0.9830030202865601,39402
11.456304550170898,1.9930999279022217,1.0029596090316772,0.9829211235046387,38831
11.466320276260376,1.9928841590881348,1.0027821063995361,0.982864260673523,39324
11.477182388305664,1.9926495552062988,1.0027711391448975,0.9827836751937866,39064
11.48636245727539,1.9924348592758179,1.0026662349700928,0.9827419519424438,39209
11.496636629104614,1.9921901226043701,1.0025805234909058,0.9827002286911011,39188
11.506013631820679,1.9919763803482056,1.0025560855865479,0.9826900362968445,39093
11.51620364189148,1.991686463356018,1.0025382041931152,0.9825811982154846,39075
11.526123285293579,1.991413950920105,1.0025044679641724,0.9825730919837952,39101
11.536254644393921,1.9912034273147583,1.0024011135101318,0.9825008511543274,39210
11.546547174453735,1.9909746646881104,1.002371907234192,0.9824458360671997,39090
11.556479930877686,1.990747094154358,1.0022568702697754,0.9824073910713196,39234
11.56674313545227,1.9904927015304565,1.002282977104187,0.9824011921882629,39013
11.575875997543335,1.9902384281158447,1.002194881439209,0.982361912727356,39191
11.586689949035645,1.990004301071167,1.0022447109222412,0.9823504686355591,38974
11.596221923828125,1.98971426486969,1.0020190477371216,0.9822946190834045,39414
11.606626272201538,1.9894652366638184,1.0020735263824463,0.9822463989257812,38968
11.616027355194092,1.9891945123672485,1.0019959211349487,0.9822240471839905,39178
11.627077579498291,1.98893141746521,1.0021607875823975,0.9822006821632385,38801
11.6361563205719,1.9886716604232788,1.0021138191223145,0.9821789860725403,39119
11.646195411682129,1.9884155988693237,1.0020672082901,0.9821264743804932,39128
11.656512022018433,1.988174319267273,1.0018677711486816,0.9820895791053772,39373
11.666624546051025,1.987856149673462,1.0018773078918457,0.9820289015769958,39049
11.676703929901123,1.9875882863998413,1.001635193824768,0.9819989800453186,39443
11.687082529067993,1.9873976707458496,1.0018786191940308,0.9819662570953369,38670
11.69717288017273,1.987160563468933,1.0018274784088135,0.981953501701355,39138
11.706504106521606,1.9868377447128296,1.0016353130340576,0.9819801449775696,39369
11.716445207595825,1.9865838289260864,1.001582145690918,0.9819520115852356,39139
11.726036071777344,1.9862709045410156,1.0013779401779175,0.9818710684776306,39396
11.736035823822021,1.9859987497329712,1.0014601945877075,0.9818649888038635,38931
11.74688458442688,1.9857358932495117,1.0013360977172852,0.981838047504425,39264
11.755958557128906,1.9854458570480347,1.0014392137527466,0.9818527698516846,38894
11.766431331634521,1.985175371170044,1.001399278640747,0.9818322658538818,39130
11.777146816253662,1.984850287437439,1.0011892318725586,0.9818224906921387,39406
11.786529541015625,1.9845730066299438,1.0012073516845703,0.9818339347839355,39041
11.796465158462524,1.9842960834503174,1.0012023448944092,0.9818251729011536,39080
11.805986642837524,1.9840415716171265,1.0012763738632202,0.9818675518035889,38952
11.816895484924316,1.9837760925292969,1.001182198524475,0.9818724393844604,39221
11.826605319976807,1.9834798574447632,1.0011287927627563,0.9818977117538452,39158
11.836393117904663,1.9831722974777222,1.0012738704681396,0.9818228483200073,38834
11.846619367599487,1.9829127788543701,1.001318097114563,0.9818817377090454,38990
11.856235027313232,1.9825983047485352,1.001258134841919,0.9818664193153381,39170
11.866057395935059,1.9823551177978516,1.0013113021850586,0.9819185137748718,38988
11.876076459884644,1.9820337295532227,1.001203179359436,0.9819837212562561,39245
11.886452913284302,1.981764316558838,1.0010788440704346,0.9819655418395996,39278
11.897055625915527,1.9815024137496948,1.0011063814163208,0.9820064902305603,39031
11.90626049041748,1.981212854385376,1.00111722946167,0.9820254445075989,39056
11.915698289871216,1.98099684715271,1.001272439956665,0.9821118712425232,38819
11.926982879638672,1.980709433555603,1.0013056993484497,0.982158362865448,39013
11.936672449111938,1.9804097414016724,1.001291036605835,0.9821922779083252,39095
11.94655728340149,1.9801653623580933,1.0012801885604858,0.9822124242782593,39082
11.956550359725952,1.9798476696014404,1.0012761354446411,0.9822069406509399,39078
11.966704368591309,1.9795794486999512,1.0012879371643066,0.9822512865066528,39053
11.975901365280151,1.9793365001678467,1.0013810396194458,0.9823024868965149,38923
11.986752271652222,1.9790418148040771,1.0013973712921143,0.9823419451713562,39043
11.995902299880981,1.9787757396697998,1.0014878511428833,0.9823880791664124,38914
12.00598931312561,1.9785308837890625,1.0013824701309204,0.9824497699737549,39244
12.015991449356079,1.9782052040100098,1.0014054775238037,0.9825241565704346,39033
12.026500463485718,1.9779633283615112,1.0012502670288086,0.982568085193634,39318
12.036041975021362,1.9777178764343262,1.001394510269165,0.9826599359512329,38837
12.046316146850586,1.9775056838989258,1.001308560371399,0.9827249050140381,39204
12.056899785995483,1.9772664308547974,1.001410961151123,0.982778787612915,38904
12.066416263580322,1.9769903421401978,1.0013227462768555,0.9828126430511475,39207
12.075939178466797,1.9767686128616333,1.001444697380066,0.9828834533691406,38875
12.086021900177002,1.976525902748108,1.0014355182647705,0.9829245805740356,39083
12.096775531768799,1.976264476776123,1.0014840364456177,0.9830050468444824,38986
12.107534170150757,1.9760032892227173,1.0014816522598267,0.9830296039581299,39069
12.116881847381592,1.9757360219955444,1.001512050628662,0.9830721616744995,39024
12.126571416854858,1.9754818677902222,1.0013970136642456,0.9831491708755493,39244
12.137120723724365,1.9752358198165894,1.0014657974243164,0.9831802845001221,38959
12.147691249847412,1.9749890565872192,1.0014322996139526,0.983260452747345,39116
12.157168626785278,1.9747565984725952,1.0018218755722046,0.9833430647850037,38434
12.166780471801758,1.9744539260864258,1.0014575719833374,0.9834034442901611,39646
12.176438808441162,1.974271297454834,1.0017391443252563,0.9834778904914856,38606
12.187535047531128,1.9739875793457031,1.0014979839324951,0.9835799336433411,39445
12.196325302124023,1.9737646579742432,1.0015854835510254,0.9836630821228027,38924
12.206153631210327,1.9735785722732544,1.001523494720459,0.9837258458137512,39158
12.216708183288574,1.9733808040618896,1.001581072807312,0.9838406443595886,38970
12.227418422698975,1.973186731338501,1.0015026330947876,0.9838986992835999,39188
12.236989736557007,1.9729896783828735,1.0014690160751343,0.9839552044868469,39120
12.247034549713135,1.9727731943130493,1.0013691186904907,0.9840719699859619,39222
12.256352663040161,1.9725592136383057,1.0014539957046509,0.984149158000946,38926
12.266434907913208,1.972245454788208,1.001261830329895,0.9842320084571838,39372
12.276177167892456,1.9720379114151,1.0015226602554321,0.9843172430992126,38634
12.286475419998169,1.9717659950256348,1.0012670755386353,0.9843935370445251,39472
12.297344446182251,1.9715352058410645,1.001312255859375,0.9844672679901123,38992
12.306613445281982,1.971328616142273,1.0012303590774536,0.9844878911972046,39196
12.31688117980957,1.971075415611267,1.0012840032577515,0.9845951199531555,38979
12.326574563980103,1.9708980321884155,1.0012656450271606,0.9846758246421814,39092
12.336293935775757,1.97068452835083,1.0013477802276611,0.9847680330276489,38931
12.346964836120605,1.9704769849777222,1.0015147924423218,0.9848191738128662,38787
12.35643982887268,1.9702996015548706,1.0013866424560547,0.984889805316925,39262
12.366745948791504,1.9700661897659302,1.0013728141784668,0.9849589467048645,39080
12.376677751541138,1.9698798656463623,1.0013445615768433,0.9850892424583435,39108
12.386249303817749,1.969734787940979,1.001381278038025,0.9851590991020203,38993
12.39648151397705,1.9695453643798828,1.0013535022735596,0.9852467775344849,39102
12.405725955963135,1.969360113143921,1.001289963722229,0.9853132963180542,39154
12.415877103805542,1.9691892862319946,1.001210331916809,0.9853929281234741,39176
12.425988912582397,1.969029188156128,1.0013518333435059,0.9854534864425659,38831
12.436053991317749,1.9688316583633423,1.0011893510818481,0.9855462312698364,39318
12.446779727935791,1.9686689376831055,1.0012997388839722,0.9856191873550415,38876
12.456234455108643,1.9685018062591553,1.0012121200561523,0.9857077598571777,39195
12.465783596038818,1.9683202505111694,1.001219630241394,0.9857525825500488,39044
12.476094007492065,1.9681520462036133,1.0011546611785889,0.9858299493789673,39166
12.486736297607422,1.968001365661621,1.0011392831802368,0.9859075546264648,39077
12.49632453918457,1.96784245967865,1.0011852979660034,0.9860129356384277,38982
12.506700992584229,1.9676884412765503,1.001114845275879,0.9860700368881226,39167
12.516030311584473,1.9674981832504272,1.0010762214660645,0.9861571788787842,39117
12.526417255401611,1.967346429824829,1.001089334487915,0.9862315058708191,39036
12.536837339401245,1.967175006866455,1.0009766817092896,0.9862841963768005,39243
12.54632568359375,1.9670054912567139,1.0009268522262573,0.9864035844802856,39139
12.557076215744019,1.9668620824813843,1.0013291835784912,0.9865389466285706,38407
12.566989660263062,1.966733694076538,1.0013020038604736,0.9866312146186829,39094
12.576642751693726,1.9665405750274658,1.0013036727905273,0.9867894053459167,39044
12.586588859558105,1.9663326740264893,1.0010864734649658,0.986887514591217,39403
12.595990657806396,1.966220736503601,1.0011308193206787,0.9869717359542847,38985
12.60613489151001,1.966066598892212,1.0012456178665161,0.9870345592498779,38875
12.616367816925049,1.9659574031829834,1.0010489225387573,0.9871777296066284,39367
12.626915216445923,1.9658172130584717,1.001257061958313,0.9872714281082153,38717
12.636814832687378,1.9657171964645386,1.0011754035949707,0.9873436093330383,39183
12.647072315216064,1.9655741453170776,1.0012120008468628,0.9874008297920227,38991
12.656453847885132,1.9654765129089355,1.0011847019195557,0.9874857664108276,39096
12.666714429855347,1.9654203653335571,1.0013290643692017,0.9875772595405579,38818
12.677314519882202,1.9653207063674927,1.0012251138687134,0.9876715540885925,39218
12.686376810073853,1.9652267694473267,1.001310110092163,0.9877681136131287,38912
12.695873737335205,1.9651520252227783,1.001196265220642,0.9878261089324951,39235
12.705970287322998,1.9650791883468628,1.0011736154556274,0.9879230260848999,39088
12.716019630432129,1.9650169610977173,1.0011565685272217,0.9879863262176514,39081
12.72644567489624,1.9649441242218018,1.0011029243469238,0.9881090521812439,39140
12.736995220184326,1.964909553527832,1.0012032985687256,0.9881796836853027,38892
12.746454000473022,1.9648652076721191,1.0009957551956177,0.9882487058639526,39391
12.757062435150146,1.9648102521896362,1.0010731220245361,0.988305389881134,38931
12.766218185424805,1.9647740125656128,1.0009974241256714,0.9884106516838074,39166
12.77614974975586,1.964752197265625,1.0010106563568115,0.9884769320487976,39047
12.78616189956665,1.9647294282913208,1.0009493827819824,0.988537073135376,39157
12.797036409378052,1.9647358655929565,1.0010684728622437,0.9885992407798767,38865
12.8067626953125,1.9647387266159058,1.0009410381317139,0.9886330366134644,39264
12.81585693359375,1.964720368385315,1.0009307861328125,0.988682210445404,39076
12.826279163360596,1.964733600616455,1.0009196996688843,0.9887439608573914,39078
12.835833311080933,1.9647599458694458,1.0008748769760132,0.9888314604759216,39130
12.84684419631958,1.9647855758666992,1.0009360313415527,0.9888792037963867,38958
12.857130289077759,1.9648303985595703,1.0009398460388184,0.9889257550239563,39054
12.86645245552063,1.9648571014404297,1.0009503364562988,0.9889779686927795,39041
12.876858234405518,1.9648995399475098,1.000903844833374,0.9890207648277283,39132
12.887048482894897,1.9649977684020996,1.0010019540786743,0.9890445470809937,38901
12.89747929573059,1.9650579690933228,1.0008518695831299,0.9891217350959778,39302
12.906232357025146,1.9651002883911133,1.0010234117507935,0.9891511797904968,38775
12.916927337646484,1.9652312994003296,1.0008865594863892,0.9892482161521912,39279
12.927453756332397,1.9653294086456299,1.0009381771087646,0.98926842212677,38977
12.936525821685791,1.9654449224472046,1.0009099245071411,0.9893440008163452,39107
12.946754932403564,1.9655672311782837,1.0010040998458862,0.9893391132354736,38904
12.955930233001709,1.9657140970230103,1.0009429454803467,0.9893577694892883,39156
12.966839075088501,1.9658511877059937,1.0010682344436646,0.9894247055053711,38854
12.977290868759155,1.9659770727157593,1.0010732412338257,0.9894806742668152,39044
12.98700737953186,1.9660981893539429,1.0009723901748657,0.9895001649856567,39214
12.997386693954468,1.9662476778030396,1.0010432004928589,0.9895617365837097,38938
13.006433248519897,1.9664498567581177,1.0010861158370972,0.9895909428596497,38988
13.01595401763916,1.9666253328323364,1.0011008977890015,0.9896190166473389,39029
13.026610374450684,1.9667962789535522,1.0010701417922974,0.9896589517593384,39100
13.03670358657837,1.9669731855392456,1.0011348724365234,0.989708423614502,38946
13.0467689037323,1.9671268463134766,1.0010563135147095,0.9897027015686035,39175
13.05663013458252,1.9673205614089966,1.001050591468811,0.989734947681427,39069
13.06664514541626,1.9675158262252808,1.0010379552841187,0.9897385835647583,39079
13.0763521194458,1.9676769971847534,1.0010945796966553,0.9897857308387756,38961
13.086042404174805,1.9678866863250732,1.0011190176010132,0.9898151755332947,39014
13.096214771270752,1.9680671691894531,1.0010982751846313,0.9898144602775574,39087
13.106131792068481,1.9682674407958984,1.0011430978775024,0.9898270964622498,38982
13.116267919540405,1.9684948921203613,1.0011485815048218,0.9898344874382019,39045
13.126572370529175,1.9686919450759888,1.0011707544326782,0.9898347854614258,39014
13.137062788009644,1.9688823223114014,1.001209020614624,0.9898597598075867,38988
13.147286176681519,1.9691213369369507,1.0013444423675537,0.989867091178894,38817
13.156042337417603,1.9693704843521118,1.001165509223938,0.989883542060852,39338
13.166751384735107,1.969590663909912,1.0011944770812988,0.9899178147315979,39001
13.176684141159058,1.9698551893234253,1.0011850595474243,0.9899117350578308,39072
13.186982870101929,1.9700604677200317,1.0012000799179077,0.9899343252182007,39029
13.196853876113892,1.9703351259231567,1.001268744468689,0.9899729490280151,38937
13.207010984420776,1.9705939292907715,1.0013840198516846,0.9899844527244568,38863
13.216601371765137,1.9708601236343384,1.0011976957321167,0.9900262355804443,39349
13.226502418518066,1.9711335897445679,1.0012037754058838,0.9900556802749634,39040
13.23660159111023,1.9714405536651611,1.0015147924423218,0.9900640249252319,38550
13.246762990951538,1.9717010259628296,1.0015215873718262,0.9900754690170288,39033
13.256434440612793,1.9720128774642944,1.001723289489746,0.9901262521743774,38709
13.266283750534058,1.9722790718078613,1.0017600059509277,0.9901483654975891,38975
13.276814222335815,1.9725468158721924,1.0018559694290161,0.9901679754257202,38876
13.28588080406189,1.972792625427246,1.0018547773361206,0.9901900887489319,39042
13.296140432357788,1.9730814695358276,1.002008318901062,0.9902520179748535,38785
13.307104110717773,1.9733294248580933,1.0021036863327026,0.9902865290641785,38878
13.3170325756073,1.973563551902771,1.002180814743042,0.9903063774108887,38901
13.325932025909424,1.9738497734069824,1.0021997690200806,0.9903191328048706,39000
13.336615324020386,1.974157691001892,1.0022475719451904,0.9903219938278198,38952
13.346956968307495,1.9744679927825928,1.002288818359375,0.9903484582901001,38960
13.356058835983276,1.9747761487960815,1.002413272857666,0.9903759360313416,38825
13.367120742797852,1.9750914573669434,1.002350926399231,0.9904154539108276,39130
13.376695156097412,1.97542142868042,1.0026131868362427,0.9904447197914124,38597
13.386736869812012,1.9757851362228394,1.0025570392608643,0.9904417395591736,39115
13.396323680877686,1.9760180711746216,1.0025694370269775,0.9904602766036987,38993
13.406389474868774,1.9763010740280151,1.0025959014892578,0.9904707670211792,38981
13.416556596755981,1.976576328277588,1.0026429891586304,0.9905129075050354,38941
13.425904273986816,1.976852297782898,1.0028340816497803,0.9905177354812622,38713
13.436218500137329,1.9771077632904053,1.0028728246688843,0.9905340671539307,38954
13.44618010520935,1.977378487586975,1.003009557723999,0.9905374646186829,38790
13.4559805393219,1.9776873588562012,1.0030759572982788,0.9905357956886292,38906
13.465766906738281,1.9779504537582397,1.0030471086502075,0.9905560612678528,39060
13.475917100906372,1.9782465696334839,1.0031154155731201,0.9906025528907776,38901
13.485899209976196,1.978524923324585,1.0032150745391846,0.9906113147735596,38854
13.496185302734375,1.9788028001785278,1.0033791065216064,0.9906169176101685,38747
13.506154298782349,1.9790505170822144,1.0033414363861084,0.9905610680580139,39071
13.516827583312988,1.979290246963501,1.0034505128860474,0.9905681610107422,38830
13.526876449584961,1.9796143770217896,1.0033670663833618,0.990595281124115,39143
13.536195516586304,1.9798908233642578,1.0035814046859741,0.9905881881713867,38658
13.546172142028809,1.9801443815231323,1.0036767721176147,0.9906191825866699,38850
13.55685544013977,1.9803872108459473,1.0037072896957397,0.9906303286552429,38949
13.566919088363647,1.9805761575698853,1.0037264823913574,0.9906461238861084,38972
13.576642990112305,1.9807966947555542,1.003705382347107,0.9906177520751953,39040
13.586034536361694,1.9809999465942383,1.0037075281143188,0.9906403422355652,39002
13.597453355789185,1.9812136888504028,1.0037180185317993,0.9906305074691772,38977
13.60637640953064,1.981406807899475,1.0037239789962769,0.990638256072998,39006
13.616018772125244,1.9816182851791382,1.0038414001464844,0.9905992746353149,38822
13.626697301864624,1.9817806482315063,1.0037394762039185,0.990626335144043,39168
13.636138677597046,1.981987714767456,1.0038392543792725,0.9905623197555542,38843
13.64694094657898,1.9821847677230835,1.0039381980895996,0.9905852675437927,38845
13.65587306022644,1.982409954071045,1.0040292739868164,0.9905762076377869,38856
13.666630268096924,1.9825820922851562,1.0038704872131348,0.9905826449394226,39263
13.675925016403198,1.9827626943588257,1.003983497619629,0.9905768036842346,38821
13.68674921989441,1.982995629310608,1.0038179159164429,0.9905886650085449,39269
13.69633412361145,1.9831796884536743,1.0038942098617554,0.9905838370323181,38882
13.706083297729492,1.9833532571792603,1.0039035081863403,0.9905679225921631,38996
13.716411828994751,1.9835091829299927,1.0039273500442505,0.990563690662384,38970
13.726341247558594,1.9836838245391846,1.0040003061294556,0.9905797839164734,38891
13.73598837852478,1.9838815927505493,1.0040243864059448,0.9905844330787659,38969
13.746467590332031,1.9840240478515625,1.0039514303207397,0.9905972480773926,39124
13.75708794593811,1.9842923879623413,1.0040664672851562,0.9906811714172363,38826
13.765775203704834,1.9844506978988647,1.0040509700775146,0.9907258749008179,39033
13.77592396736145,1.984621524810791,1.0041471719741821,0.9907296299934387,38847
13.786210060119629,1.984837293624878,1.0043185949325562,0.9907445907592773,38734
13.796507120132446,1.9850167036056519,1.0044103860855103,0.9908149242401123,38857
13.807264566421509,1.9850993156433105,1.003836750984192,0.9907840490341187,39932
13.816412448883057,1.985273003578186,1.0040175914764404,0.9908087253570557,38727
13.827026128768921,1.985429286956787,1.0039852857589722,0.990871787071228,39071
13.837017059326172,1.98556387424469,1.003967046737671,0.9909339547157288,39047
13.847254037857056,1.9857313632965088,1.0040390491485596,0.990911602973938,38897
13.856856107711792,1.9859051704406738,1.0039061307907104,0.9909574389457703,39236
13.866422414779663,1.9860293865203857,1.0039318799972534,0.9910456538200378,38984
13.877405405044556,1.9861949682235718,1.003913164138794,0.9910395741462708,39054
13.886985063552856,1.9863426685333252,1.0039690732955933,0.9911032319068909,38930
13.896551609039307,1.98647940158844,1.0039808750152588,0.9911549687385559,39007
13.906891822814941,1.9866619110107422,1.0039857625961304,0.9912604689598083,39021
13.916673421859741,1.986804723739624,1.0039911270141602,0.9912768006324768,39018
13.926884889602661,1.9869369268417358,1.00385582447052,0.9913281202316284,39244
13.936713933944702,1.987090826034546,1.0039639472961426,0.9913864135742188,38856
13.947031021118164,1.9872207641601562,1.00380277633667,0.9914244413375854,39297
13.957313537597656,1.98735773563385,1.0038236379623413,0.9915199875831604,39002
13.966548204421997,1.9874861240386963,1.0036866664886475,0.991585910320282,39262
13.977356910705566,1.987573504447937,1.003616213798523,0.9917151927947998,39158
13.986165046691895,1.987718105316162,1.0034337043762207,0.9917882084846497,39340
13.996731758117676,1.987873911857605,1.0036026239395142,0.9918999075889587,38773
14.006907939910889,1.9880163669586182,1.0034966468811035,0.9919683337211609,39223
14.01685619354248,1.9881043434143066,1.003461480140686,0.9920215606689453,39107
14.026895761489868,1.9881807565689087,1.0033248662948608,0.9921210408210754,39275
14.03668761253357,1.9882793426513672,1.003241777420044,0.9922261834144592,39199
14.046398878097534,1.988337516784668,1.003082513809204,0.9922946691513062,39323
14.055943965911865,1.9884283542633057,1.0030624866485596,0.992416262626648,39099
14.06602954864502,1.9885333776474,1.0029958486557007,0.9924928545951843,39175
14.075893640518188,1.988633394241333,1.002934217453003,0.9925972819328308,39178
14.086961269378662,1.9886877536773682,1.0028096437454224,0.9926862716674805,39276
14.097286701202393,1.9887436628341675,1.0026901960372925,0.992789626121521,39274
14.106108903884888,1.988815188407898,1.0024503469467163,0.9928871393203735,39479
14.116923570632935,1.9888604879379272,1.0022528171539307,0.9930018782615662,39469
14.126534938812256,1.988930344581604,1.0023024082183838,0.9931412935256958,38962
14.136720180511475,1.9889918565750122,1.002107858657837,0.9932478666305542,39412
14.1471107006073,1.9890714883804321,1.0021573305130005,0.9933652877807617,39021
14.15616512298584,1.989133358001709,1.002030611038208,0.9934632778167725,39303
14.167155742645264,1.9891828298568726,1.0020067691802979,0.9936254620552063,39163
14.176356554031372,1.9892456531524658,1.0019289255142212,0.9937559962272644,39248
14.18630599975586,1.9893020391464233,1.0018936395645142,0.9939061403274536,39167
14.196045398712158,1.989364743232727,1.001801609992981,0.9940470457077026,39267
14.206682682037354,1.9894226789474487,1.0019108057022095,0.9941859245300293,38949
14.216912508010864,1.9894702434539795,1.001757264137268,0.9942965507507324,39369
14.227040767669678,1.9895061254501343,1.001712441444397,0.9945029020309448,39197
14.237001180648804,1.9895853996276855,1.0016862154006958,0.9946584105491638,39155
14.24718713760376,1.9896453619003296,1.0015913248062134,0.9948330521583557,39304
14.256213665008545,1.9898115396499634,1.0015772581100464,0.995014488697052,39154
14.266187906265259,1.9898788928985596,1.0014092922210693,0.9951936602592468,39409
14.276724338531494,1.9899353981018066,1.0014387369155884,0.9954326152801514,39094
14.286549806594849,1.9900115728378296,1.0013341903686523,0.9955642223358154,39298
14.296913385391235,1.9900623559951782,1.0012609958648682,0.9958212375640869,39261
14.306731462478638,1.9901251792907715,1.00120210647583,0.9960159659385681,39245
14.315997838973999,1.9902280569076538,1.0011494159698486,0.9961833953857422,39242
14.326636791229248,1.990257740020752,1.001041054725647,0.9963782429695129,39329
14.336878776550293,1.990342140197754,1.0010557174682617,0.9966117143630981,39125
14.346235275268555,1.9904217720031738,1.000970721244812,0.9967972040176392,39292
14.356614589691162,1.9905011653900146,1.000955581665039,0.9969882965087891,39187
14.366466999053955,1.9906060695648193,1.0009732246398926,0.99720698595047,39124
14.376570463180542,1.990683913230896,1.0009022951126099,0.9974038600921631,39284
14.386732339859009,1.9907546043395996,1.0009534358978271,0.9975576996803284,39074
14.396003007888794,1.990866780281067,1.0008302927017212,0.9977149367332458,39356
14.406527519226074,1.9909920692443848,1.001001238822937,0.9979572296142578,38906
14.415956497192383,1.9910948276519775,1.0010122060775757,0.9981421232223511,39151
14.426154613494873,1.991194725036621,1.000916600227356,0.9983142018318176,39330
14.436173677444458,1.9912828207015991,1.0009474754333496,0.9985153675079346,39107
14.446165084838867,1.9913489818572998,1.0008183717727661,0.9987091422080994,39437
14.456534147262573,1.9913922548294067,1.000857949256897,0.9988847970962524,39045
14.466354608535767,1.9914838075637817,1.001057744026184,0.9991413950920105,38856
14.476320266723633,1.9915975332260132,1.0012010335922241,0.9993554949760437,38938
14.486404657363892,1.991645097732544,1.001249074935913,0.9995545148849487,39089
14.496077537536621,1.9916787147521973,1.001109004020691,0.9997549653053284,39412
14.506100416183472,1.9916951656341553,1.0012233257293701,0.9999350905418396,39006
14.516070127487183,1.991745114326477,1.0012167692184448,1.0001078844070435,39174
14.526519775390625,1.9917893409729004,1.001248836517334,1.0002775192260742,39116
14.536762714385986,1.9918292760849,1.0013314485549927,1.000436782836914,39060
14.54649567604065,1.991856575012207,1.0012964010238647,1.0006394386291504,39228
14.556841135025024,1.9918640851974487,1.0012764930725098,1.0008227825164795,39214
14.566960096359253,1.9918909072875977,1.00124192237854,1.0009806156158447,39226
14.57598876953125,1.9919040203094482,1.001328468322754,1.0011546611785889,39049
14.586117267608643,1.9919512271881104,1.0013786554336548,1.0013035535812378,39098
14.596545219421387,1.9919685125350952,1.0013667345046997,1.0014430284500122,39213
14.60707139968872,1.991972804069519,1.001405119895935,1.0015745162963867,39107
14.616527557373047,1.9919841289520264,1.001423716545105,1.001697063446045,39151
14.626745700836182,1.9919836521148682,1.0013997554779053,1.0018306970596313,39216
14.635933637619019,1.9919542074203491,1.0014119148254395,1.0019525289535522,39171
14.646344900131226,1.991974115371704,1.0016887187957764,1.0020679235458374,38724
14.656120300292969,1.9919241666793823,1.001691460609436,1.0022364854812622,39180
14.666046619415283,1.9918864965438843,1.001684308052063,1.0023242235183716,39206
14.676024913787842,1.9918686151504517,1.0017849206924438,1.0024726390838623,38987
14.68733024597168,1.99183189868927,1.001837968826294,1.0025904178619385,39121
14.69595217704773,1.9917685985565186,1.001843810081482,1.0026984214782715,39195
14.706593751907349,1.9917365312576294,1.0019497871398926,1.002784013748169,38988
14.71704649925232,1.9916943311691284,1.0019142627716064,1.0029102563858032,39234
14.726604700088501,1.9916809797286987,1.0022038221359253,1.0030286312103271,38702
14.737181901931763,1.9916222095489502,1.002136468887329,1.0031136274337769,39257
14.746416568756104,1.9916208982467651,1.0024564266204834,1.0032380819320679,38689
14.756680488586426,1.9915961027145386,1.002450704574585,1.0033342838287354,39190
14.766746997833252,1.9915094375610352,1.0025218725204468,1.003512978553772,39075
14.776583433151245,1.9914482831954956,1.0025149583816528,1.0036203861236572,39158
14.786158800125122,1.9913666248321533,1.0026872158050537,1.0037270784378052,38878
14.796252727508545,1.9913040399551392,1.0026918649673462,1.0038560628890991,39134
14.807103872299194,1.9911736249923706,1.0028016567230225,1.0039472579956055,38989
14.81705927848816,1.9911025762557983,1.0028131008148193,1.0041300058364868,39157
14.826296091079712,1.991004228591919,1.0030441284179688,1.0042115449905396,38810
14.836018800735474,1.990930199623108,1.0030364990234375,1.0043270587921143,39155
14.847383260726929,1.990867257118225,1.0032217502593994,1.0044397115707397,38812
14.856409072875977,1.9908055067062378,1.0031906366348267,1.00454580783844,39158
14.86623501777649,1.9907273054122925,1.0033975839614868,1.0046687126159668,38842
14.876357793807983,1.9906672239303589,1.0033483505249023,1.0047856569290161,39221
14.885948419570923,1.9906150102615356,1.0035524368286133,1.0049238204956055,38800
14.897011280059814,1.9905637502670288,1.0035611391067505,1.0049976110458374,39097
14.906495094299316,1.9905184507369995,1.0036582946777344,1.0051112174987793,38962
14.916045904159546,1.9904719591140747,1.003727912902832,1.0051994323730469,39009
14.926705837249756,1.990444540977478,1.0038138628005981,1.0053298473358154,38963
14.936074018478394,1.9904074668884277,1.0039337873458862,1.0054506063461304,38918
14.94689393043518,1.9903744459152222,1.0040175914764404,1.0055803060531616,38946
14.95618724822998,1.9904556274414062,1.0046907663345337,1.0057852268218994,37998
14.966264724731445,1.9904017448425293,1.0047293901443481,1.0059149265289307,39011
14.976208686828613,1.990403413772583,1.0049445629119873,1.006036400794983,38785
14.986523866653442,1.9903968572616577,1.0050753355026245,1.006178855895996,38841
14.996992826461792,1.9904019832611084,1.005237102508545,1.0062958002090454,38797
15.007301568984985,1.990370512008667,1.005456566810608,1.0064241886138916,38688
15.016055345535278,1.9903876781463623,1.0054823160171509,1.0065659284591675,39018
15.026328086853027,1.9904308319091797,1.005669355392456,1.0067322254180908,38698
15.037061214447021,1.9904676675796509,1.0056580305099487,1.0068910121917725,39031
15.04624319076538,1.9904475212097168,1.0057563781738281,1.0070946216583252,38865
15.056254625320435,1.9905424118041992,1.0058542490005493,1.0072425603866577,38823
15.066427230834961,1.9905822277069092,1.0059125423431396,1.0073717832565308,38912
15.077184200286865,1.9906460046768188,1.0060489177703857,1.0075124502182007,38780
15.086094617843628,1.9907387495040894,1.0059984922409058,1.0076268911361694,39079
15.096123218536377,1.9908238649368286,1.0062587261199951,1.0078386068344116,38572
15.106445074081421,1.9909332990646362,1.0062166452407837,1.0079840421676636,39036
15.116634607315063,1.990997552871704,1.006284236907959,1.0081580877304077,38896
15.126347541809082,1.9911270141601562,1.0066401958465576,1.0083335638046265,38383
15.135924577713013,1.9913172721862793,1.006800889968872,1.0085288286209106,38704
15.147541522979736,1.9915143251419067,1.0072365999221802,1.0087683200836182,38238
15.156436204910278,1.9916409254074097,1.0073399543762207,1.0089396238327026,38743
15.165741920471191,1.9917765855789185,1.0074423551559448,1.0091321468353271,38805
15.176852941513062,1.991886854171753,1.007330060005188,1.009285569190979,39150
15.186641454696655,1.9920637607574463,1.0074208974838257,1.009507179260254,38778
15.197082042694092,1.9922099113464355,1.0074723958969116,1.0096830129623413,38805
15.20623779296875,1.9923909902572632,1.0076839923858643,1.0098724365234375,38605
15.215781927108765,1.9925785064697266,1.0076504945755005,1.0100491046905518,38971
15.226696491241455,1.9927411079406738,1.0078598260879517,1.0102550983428955,38557
15.236865758895874,1.992941975593567,1.0078774690628052,1.0104271173477173,38887
15.246657848358154,1.9931567907333374,1.007698893547058,1.0106571912765503,39178
15.257017850875854,1.9933515787124634,1.0077649354934692,1.0108505487442017,38821
15.266647577285767,1.9935870170593262,1.0077931880950928,1.0110467672348022,38839
15.276299953460693,1.9938114881515503,1.0078407526016235,1.0112478733062744,38825
15.286699533462524,1.994018316268921,1.0078991651535034,1.0114414691925049,38756
15.296537399291992,1.9942201375961304,1.0078399181365967,1.0116517543792725,38985
15.306533575057983,1.9944841861724854,1.0078363418579102,1.0118842124938965,38916
15.316219091415405,1.9947543144226074,1.0079602003097534,1.0121246576309204,38674
15.326784372329712,1.9950672388076782,1.0081084966659546,1.0123775005340576,38647
15.336070537567139,1.995362401008606,1.0083225965499878,1.0125921964645386,38523
15.346652030944824,1.9956772327423096,1.0083727836608887,1.0128110647201538,38785
15.356567144393921,1.9958927631378174,1.0082710981369019,1.0130053758621216,39041
15.36684799194336,1.9961870908737183,1.0081523656845093,1.0132063627243042,39046
15.376626968383789,1.9964367151260376,1.008104920387268,1.0134377479553223,38917
15.385773420333862,1.996695637702942,1.0080595016479492,1.0136548280715942,38926
15.396196365356445,1.9970006942749023,1.0079927444458008,1.0138649940490723,38993
15.406003475189209,1.997320532798767,1.0079094171524048,1.014121174812317,39024
15.415934562683105,1.997599482536316,1.0079028606414795,1.0143018960952759,38837
15.426099061965942,1.9979420900344849,1.007876992225647,1.0144556760787964,38887
15.437096118927002,1.9982441663742065,1.00773286819458,1.0147241353988647,39088
15.447354316711426,1.9985690116882324,1.007781744003296,1.0148870944976807,38791
15.456178665161133,1.9989427328109741,1.0074955224990845,1.0151208639144897,39329
15.466834545135498,1.9992477893829346,1.0075411796569824,1.015371561050415,38733
15.477300643920898,1.9995352029800415,1.0072649717330933,1.015553593635559,39314
15.486046552658081,1.9998646974563599,1.0071896314620972,1.015747308731079,39007
15.496610641479492,2.000185251235962,1.0070604085922241,1.0159001350402832,39051
15.506662368774414,2.000589609146118,1.0068302154541016,1.016189455986023,39251
15.516143798828125,2.0009121894836426,1.0067722797393799,1.0163259506225586,38973
15.527215003967285,2.0012378692626953,1.0066032409667969,1.0165715217590332,39120
15.53656792640686,2.001589298248291,1.0064606666564941,1.0167566537857056,39100
15.546468734741211,2.0019350051879883,1.006385087966919,1.016960859298706,39003
15.556597709655762,2.0023128986358643,1.0061894655227661,1.0171397924423218,39202
15.566423654556274,2.002761125564575,1.006581425666809,1.0173848867416382,38237
15.57698655128479,2.0030734539031982,1.0062545537948608,1.0175644159317017,39407
15.58589243888855,2.0034422874450684,1.0058780908584595,1.017792820930481,39504
15.597160577774048,2.0038156509399414,1.0059067010879517,1.0180021524429321,38832
15.606282711029053,2.0042061805725098,1.0059459209442139,1.0182033777236938,38812
15.616132736206055,2.004568338394165,1.0058096647262573,1.0183945894241333,39119
15.62663745880127,2.0049972534179688,1.0056788921356201,1.01862633228302,39089
15.636069774627686,2.0054194927215576,1.005710482597351,1.0187797546386719,38843
15.646919012069702,2.005833864212036,1.0055590867996216,1.01890230178833,39136
15.656763553619385,2.0062637329101562,1.0056780576705933,1.0191172361373901,38699
15.666471719741821,2.0066583156585693,1.00535249710083,1.0192770957946777,39425
15.676542520523071,2.007115602493286,1.0053397417068481,1.0194472074508667,38924
15.686572313308716,2.0074899196624756,1.0053881406784058,1.0196117162704468,38814
15.696237325668335,2.0079309940338135,1.0053404569625854,1.0197577476501465,38982
15.70621132850647,2.0083394050598145,1.005157709121704,1.0199041366577148,39189
15.716447591781616,2.008733034133911,1.0052036046981812,1.0200600624084473,38840
15.726242780685425,2.0091447830200195,1.0049296617507935,1.0202341079711914,39351
15.736811876296997,2.009575605392456,1.0049712657928467,1.0203970670700073,38845
15.746059656143188,2.0100362300872803,1.005013108253479,1.0205646753311157,38835
15.756865978240967,2.0104832649230957,1.0049543380737305,1.0207141637802124,39016
15.766134023666382,2.010960340499878,1.0047155618667603,1.020829200744629,39299
15.77601170539856,2.011357545852661,1.0048270225524902,1.0209327936172485,38733
15.786723613739014,2.011843681335449,1.0046708583831787,1.0210227966308594,39168
15.79672908782959,2.012242078781128,1.00468111038208,1.0211435556411743,38906
15.806710481643677,2.0126683712005615,1.0046863555908203,1.0212836265563965,38910
15.81664490699768,2.013080358505249,1.0046441555023193,1.02139413356781,38977
15.82674241065979,2.0135481357574463,1.0044348239898682,1.0214977264404297,39272
15.835898876190186,2.0140089988708496,1.0045396089553833,1.021602749824524,38755
15.846459150314331,2.0145232677459717,1.004443883895874,1.021673321723938,39077
15.857295513153076,2.0149624347686768,1.0045011043548584,1.0217409133911133,38828
15.866037130355835,2.0153753757476807,1.0045398473739624,1.0218114852905273,38862
15.876554012298584,2.015808582305908,1.004617691040039,1.0219342708587646,38794
15.886108160018921,2.016197681427002,1.0044118165969849,1.021983027458191,39255
15.89687967300415,2.0166499614715576,1.004316806793213,1.0220563411712646,39077
15.906007051467896,2.0171990394592285,1.004393219947815,1.0221208333969116,38806
15.916073083877563,2.01764178276062,1.0046193599700928,1.0222076177597046,38562
15.927451372146606,2.018160343170166,1.0049705505371094,1.022299885749817,38342
15.935774564743042,2.018502712249756,1.0044881105422974,1.022333025932312,39690
15.946107864379883,2.018911838531494,1.0046296119689941,1.0224305391311646,38682
15.956250667572021,2.01936411857605,1.0045944452285767,1.022484540939331,38983
15.966670989990234,2.0197548866271973,1.004715085029602,1.0225335359573364,38719
15.975929260253906,2.0202040672302246,1.0047833919525146,1.0224860906600952,38802
15.985907316207886,2.0206243991851807,1.0047581195831299,1.022502064704895,38963
15.996471405029297,2.021012306213379,1.0046972036361694,1.0225099325180054,39017
16.006098747253418,2.0214450359344482,1.0046055316925049,1.0225982666015625,39063
16.016513109207153,2.0218262672424316,1.004523754119873,1.022640347480774,39044
16.02672505378723,2.02221417427063,1.0044827461242676,1.0227062702178955,38996
16.036315441131592,2.022569179534912,1.0041285753250122,1.0226565599441528,39500
16.046037197113037,2.0229387283325195,1.0041630268096924,1.0226448774337769,38871
16.05600142478943,2.0233631134033203,1.0042561292648315,1.0225930213928223,38792
16.066041946411133,2.0236597061157227,1.0040949583053589,1.022534728050232,39195
16.07657217979431,2.023972988128662,1.0040297508239746,1.0225430727005005,39037
16.086116313934326,2.0243711471557617,1.003866195678711,1.0224751234054565,39181
16.096940994262695,2.024704933166504,1.0038849115371704,1.0224722623825073,38914
16.10641884803772,2.02508282661438,1.0037424564361572,1.0224543809890747,39183
16.116690635681152,2.0253984928131104,1.0037256479263306,1.0223616361618042,38974
16.126211166381836,2.025797128677368,1.003411054611206,1.0223205089569092,39453
16.137478351593018,2.0261173248291016,1.003389596939087,1.022225022315979,38983
16.147396087646484,2.026430130004883,1.0032751560211182,1.0221819877624512,39141
16.156583547592163,2.026749849319458,1.003360390663147,1.022086262702942,38823
16.16615128517151,2.02699875831604,1.0031918287277222,1.0220359563827515,39230
16.176162242889404,2.0272953510284424,1.0032029151916504,1.021916389465332,38941
16.187108755111694,2.027618169784546,1.0031697750091553,1.0218167304992676,39015
16.19625759124756,2.02782940864563,1.0029653310775757,1.0217323303222656,39282
16.20607900619507,2.02809739112854,1.0029265880584717,1.0216255187988281,39041
16.216535091400146,2.028420925140381,1.002934455871582,1.0215057134628296,38949
16.226161241531372,2.028690814971924,1.0029568672180176,1.0213963985443115,38930
16.23613214492798,2.0289528369903564,1.0027469396591187,1.0212578773498535,39291
16.247063159942627,2.029162883758545,1.002650499343872,1.021119236946106,39129
16.256454706192017,2.029473304748535,1.002553105354309,1.021018385887146,39151
16.266003847122192,2.029698610305786,1.002568006515503,1.0208766460418701,38954
16.276320457458496,2.0299196243286133,1.0024887323379517,1.0207221508026123,39095
16.285972595214844,2.030132293701172,1.0024940967559814,1.0205676555633545,38964
16.295990228652954,2.0303306579589844,1.0022598505020142,1.0203936100006104,39355
16.306174755096436,2.030548572540283,1.002320408821106,1.0202677249908447,38872
16.316123008728027,2.030708074569702,1.0021566152572632,1.0200834274291992,39242
16.326116800308228,2.0308828353881836,1.0023020505905151,1.0199387073516846,38746
16.336458444595337,2.031062126159668,1.002191185951233,1.019742488861084,39156
16.346546411514282,2.0312600135803223,1.0021915435791016,1.019546389579773,38977
16.35660982131958,2.03139066696167,1.0021597146987915,1.0193616151809692,39042
16.366751432418823,2.03157114982605,1.0022063255310059,1.0190911293029785,38899
16.376168251037598,2.031681776046753,1.0021549463272095,1.0189179182052612,39066
16.38618516921997,2.0318267345428467,1.0021781921386719,1.0187313556671143,38932
16.39607524871826,2.031940460205078,1.0020461082458496,1.0185679197311401,39198
16.40599536895752,2.0320496559143066,1.0020567178726196,1.0183707475662231,38954
16.416606187820435,2.032177209854126,1.001912236213684,1.0181474685668945,39232
16.426326990127563,2.0322630405426025,1.0020095109939575,1.017930507659912,38830
16.437044620513916,2.0323667526245117,1.0019913911819458,1.0177448987960815,39017
16.447749614715576,2.0323784351348877,1.0016580820083618,1.0175329446792603,39517
16.456665754318237,2.0324761867523193,1.001721978187561,1.0173366069793701,38910
16.466773509979248,2.0325942039489746,1.0017356872558594,1.017082691192627,39001
16.476247787475586,2.032642364501953,1.0016984939575195,1.0168907642364502,39045
16.48618721961975,2.0327160358428955,1.0017058849334717,1.0166364908218384,38982
16.49664831161499,2.032780170440674,1.0017218589782715,1.0163097381591797,38970
16.50712251663208,2.032857894897461,1.0016921758651733,1.0160889625549316,39045
16.515929460525513,2.0329067707061768,1.0017883777618408,1.0159060955047607,38837
16.526870727539062,2.0329415798187256,1.0016932487487793,1.0156704187393188,39156
16.536758184432983,2.0330183506011963,1.001874327659607,1.0153957605361938,38695
16.547486543655396,2.033094882965088,1.001855731010437,1.0151216983795166,39025
16.557058572769165,2.033111333847046,1.0019760131835938,1.0149224996566772,38768
16.565837621688843,2.033139944076538,1.001930832862854,1.014695644378662,39057
16.576125860214233,2.033135175704956,1.001827597618103,1.0145066976547241,39163
16.586429595947266,2.03314208984375,1.0019197463989258,1.0142786502838135,38854
16.596490383148193,2.033128261566162,1.0017955303192139,1.0140656232833862,39199
16.607057094573975,2.033155679702759,1.001935601234436,1.0138312578201294,38789
16.616321802139282,2.033159017562866,1.0018675327301025,1.013550043106079,39109
16.626575231552124,2.0331459045410156,1.0020478963851929,1.013336181640625,38679
16.636558771133423,2.033163070678711,1.0019649267196655,1.0130969285964966,39126
16.64743208885193,2.033170700073242,1.0020606517791748,1.0127984285354614,38828
16.656688690185547,2.0331599712371826,1.0020203590393066,1.012546181678772,39069
16.66736888885498,2.0331919193267822,1.0020796060562134,1.0123428106307983,38887
16.676713466644287,2.033144950866699,1.002137541770935,1.0121492147445679,38897
16.686694383621216,2.033156394958496,1.0021827220916748,1.0119298696517944,38912
16.697054862976074,2.033109664916992,1.0020819902420044,1.0116853713989258,39122
16.707402229309082,2.0330810546875,1.0020761489868164,1.0115035772323608,39001
16.716551780700684,2.0330238342285156,1.0019367933273315,1.0113179683685303,39244
16.726482152938843,2.032963752746582,1.002031922340393,1.0111405849456787,38854
16.7363338470459,2.0329389572143555,1.0021429061889648,1.0109423398971558,38822
16.746779441833496,2.03288197517395,1.0022289752960205,1.0107539892196655,38841
16.756276607513428,2.0328502655029297,1.002253532409668,1.0106147527694702,38946
16.76585030555725,2.0327951908111572,1.0020989179611206,1.0104358196258545,39244
16.77693009376526,2.0327463150024414,1.0021586418151855,1.0103081464767456,38896
16.78582763671875,2.03267502784729,1.0021460056304932,1.0101500749588013,39020
16.79581093788147,2.0326263904571533,1.00227952003479,1.0100106000900269,38753
16.806126832962036,2.03259015083313,1.0023438930511475,1.0099034309387207,38881
16.816120862960815,2.03257155418396,1.002322793006897,1.0097407102584839,39002
16.82646083831787,2.0324900150299072,1.002532720565796,1.0095906257629395,38653
16.836148738861084,2.0324313640594482,1.0024359226226807,1.0094244480133057,39147
16.846344232559204,2.032353401184082,1.0025972127914429,1.0092949867248535,38721
16.856900691986084,2.0322957038879395,1.0024691820144653,1.0091472864151,39185
16.86649775505066,2.032215118408203,1.002582311630249,1.008984088897705,38770
16.877020597457886,2.0321426391601562,1.00265634059906,1.0088773965835571,38868
16.885836601257324,2.0320756435394287,1.0026034116744995,1.0087372064590454,39044
16.896138906478882,2.0320029258728027,1.0027499198913574,1.008616328239441,38738
16.906388759613037,2.03193736076355,1.0027128458023071,1.008512258529663,39014
16.91593289375305,2.031820297241211,1.0028254985809326,1.0083726644515991,38788
16.926086902618408,2.0317325592041016,1.0027592182159424,1.0083116292953491,39091
16.936453104019165,2.031618118286133,1.0027750730514526,1.0082050561904907,38952
16.947303295135498,2.031522512435913,1.0028491020202637,1.0081217288970947,38867
16.95712685585022,2.0314218997955322,1.002869725227356,1.007956624031067,38934
16.966989278793335,2.031268835067749,1.0030018091201782,1.0078374147415161,38740
16.975992918014526,2.0311763286590576,1.003020167350769,1.0077447891235352,38919
16.986634492874146,2.0310564041137695,1.0030810832977295,1.0075949430465698,38856
16.996682167053223,2.0309360027313232,1.003029227256775,1.0075092315673828,39050
17.006479263305664,2.0308282375335693,1.0030778646469116,1.007425308227539,38876
17.0163791179657,2.030712604522705,1.003095030784607,1.0073881149291992,38922
17.026687145233154,2.0306015014648438,1.0031459331512451,1.007315754890442,38927
17.036463737487793,2.030463933944702,1.0031555891036987,1.007285237312317,38942
17.046342849731445,2.0303232669830322,1.0031236410140991,1.007253885269165,39001
17.05597233772278,2.03019642829895,1.00312340259552,1.0071862936019897,38969
17.066673278808594,2.0300381183624268,1.003066062927246,1.0071384906768799,39061
17.076266527175903,2.0298948287963867,1.00314199924469,1.0071241855621338,38822
17.086629629135132,2.0297491550445557,1.0030713081359863,1.0070937871932983,39083
17.09627103805542,2.029623508453369,1.0031198263168335,1.0070815086364746,38859
17.106719493865967,2.0294644832611084,1.0032079219818115,1.0069959163665771,38830
17.11575722694397,2.0293128490448,1.003061294555664,1.0070120096206665,39200
17.126493453979492,2.029148817062378,1.003344178199768,1.0069199800491333,38501
17.136668920516968,2.0290164947509766,1.003393530845642,1.0069036483764648,38880
17.147403478622437,2.0288147926330566,1.0035513639450073,1.006947636604309,38687
17.157219171524048,2.028606653213501,1.0034884214401245,1.0069222450256348,39048
17.16683340072632,2.0284111499786377,1.0034550428390503,1.0069482326507568,38991
17.17622470855713,2.0281894207000732,1.0034592151641846,1.0069319009780884,38954
17.186190843582153,2.028015375137329,1.003366470336914,1.0069502592086792,39108
17.19606876373291,2.027818202972412,1.0035855770111084,1.0069196224212646,38588
17.206576347351074,2.0275893211364746,1.0034881830215454,1.006929874420166,39118
17.216466665267944,2.0273449420928955,1.0035308599472046,1.0070204734802246,38848
17.226587772369385,2.0271518230438232,1.003519892692566,1.0070286989212036,38975
17.23640727996826,2.0269582271575928,1.0034960508346558,1.007088303565979,38987
17.246825695037842,2.0267586708068848,1.0036994218826294,1.0071617364883423,38625
17.255926609039307,2.0265746116638184,1.0036059617996216,1.0072258710861206,39090
17.2670476436615,2.0263493061065674,1.003720998764038,1.0072746276855469,38744
17.276254892349243,2.0261504650115967,1.0035899877548218,1.0073438882827759,39169
17.28693437576294,2.025928258895874,1.0036876201629639,1.0074111223220825,38786
17.29578924179077,2.025688648223877,1.0037591457366943,1.0074386596679688,38834
17.305919408798218,2.025397539138794,1.0036611557006836,1.0075697898864746,39089
17.317056894302368,2.0251474380493164,1.0038135051727295,1.0076537132263184,38702
17.32677435874939,2.024909019470215,1.003757119178772,1.0077332258224487,39047
17.336917877197266,2.024614095687866,1.003861904144287,1.0078048706054688,38762
17.347026824951172,2.024343967437744,1.003873586654663,1.0078774690628052,38932
17.357017278671265,2.0240743160247803,1.0038764476776123,1.0080171823501587,38932
17.36686897277832,2.023742437362671,1.0038734674453735,1.008081078529358,38951
17.377020835876465,2.023495674133301,1.0038901567459106,1.0081913471221924,38909
17.386449575424194,2.0231683254241943,1.0039761066436768,1.0082522630691528,38811
17.396703720092773,2.022841691970825,1.0039918422698975,1.008347988128662,38928
17.406747102737427,2.0225367546081543,1.0039806365966797,1.0084054470062256,38961
17.416869640350342,2.0222692489624023,1.0041754245758057,1.0085285902023315,38633
17.42711615562439,2.0219926834106445,1.0041500329971313,1.0086212158203125,38989
17.436120986938477,2.021618604660034,1.0041930675506592,1.0086843967437744,38859
17.447943210601807,2.0213069915771484,1.0041955709457397,1.0087569952011108,38931
17.45678997039795,2.0209476947784424,1.0041407346725464,1.0088551044464111,39038
17.46687912940979,2.02059006690979,1.0042816400527954,1.00895094871521,38736
17.47688579559326,2.0201776027679443,1.0041900873184204,1.009078025817871,39092
17.486616849899292,2.0197908878326416,1.0042167901992798,1.009223461151123,38900
17.49609136581421,2.019401788711548,1.0041202306747437,1.0093692541122437,39130
17.506292581558228,2.0189833641052246,1.004063606262207,1.0094940662384033,39046
17.516191244125366,2.0185999870300293,1.0040098428726196,1.0096303224563599,39053
17.526615858078003,2.0181684494018555,1.0039876699447632,1.009759783744812,39004
17.537233114242554,2.017791986465454,1.0039455890655518,1.0099440813064575,39039
17.547267198562622,2.017371416091919,1.0038623809814453,1.01006281375885,39106
17.55603837966919,2.0168862342834473,1.0038211345672607,1.0102487802505493,39044
17.566272020339966,2.0164742469787598,1.0036423206329346,1.0103875398635864,39250
17.576128721237183,2.0159971714019775,1.003650426864624,1.0104891061782837,39003
17.58603072166443,2.0156238079071045,1.0035655498504639,1.0106202363967896,39132
17.596210956573486,2.015169143676758,1.0036609172821045,1.0107351541519165,38843
17.60692286491394,2.0147008895874023,1.0035864114761353,1.0108580589294434,39092
17.616252899169922,2.0141820907592773,1.0035147666931152,1.0110177993774414,39107
17.626604080200195,2.0136754512786865,1.0034586191177368,1.0111323595046997,39091
17.636717081069946,2.0131986141204834,1.00339937210083,1.0112473964691162,39100
17.646904230117798,2.0126991271972656,1.0032861232757568,1.0113831758499146,39183
17.656884908676147,2.0121989250183105,1.0031872987747192,1.011583924293518,39162
17.665932416915894,2.0117459297180176,1.0031291246414185,1.0116980075836182,39105
17.677110195159912,2.0112264156341553,1.0029826164245605,1.0118367671966553,39266
17.68686580657959,2.0106849670410156,1.0030570030212402,1.0120153427124023,38880
17.696130752563477,2.0101399421691895,1.0028589963912964,1.012145757675171,39359
17.705999851226807,2.0095715522766113,1.0028772354125977,1.012302279472351,38972
17.716264963150024,2.0090408325195312,1.0026121139526367,1.0124354362487793,39444
17.726057767868042,2.0084357261657715,1.0027880668640137,1.0125449895858765,38741
17.736042976379395,2.007927179336548,1.0025625228881836,1.0127005577087402,39400
17.747292280197144,2.007328510284424,1.002495288848877,1.012811541557312,39120
17.75645399093628,2.006842613220215,1.0024064779281616,1.0129501819610596,39186
17.766096830368042,2.0062427520751953,1.0023771524429321,1.0130475759506226,39080
17.77772283554077,2.0056569576263428,1.0023809671401978,1.0131741762161255,39035
17.787009954452515,2.004986047744751,1.0021723508834839,1.0132453441619873,39373
17.796868085861206,2.0044069290161133,1.0021755695343018,1.0134031772613525,39028
17.806305170059204,2.0038251876831055,1.0020414590835571,1.0135151147842407,39272
17.816708087921143,2.003221035003662,1.0020534992218018,1.013659119606018,39022
17.82606840133667,2.0026469230651855,1.001844882965088,1.013771414756775,39382
17.837075233459473,2.0020253658294678,1.001760482788086,1.0139292478561401,39182
17.846219301223755,2.001398801803589,1.0016217231750488,1.0140266418457031,39294
17.856111764907837,2.000725746154785,1.0016006231307983,1.0141032934188843,39091
17.86624550819397,2.000070810317993,1.0014985799789429,1.0142405033111572,39216
17.877476453781128,1.999470591545105,1.0014411211013794,1.0143085718154907,39152
17.8867826461792,1.9988397359848022,1.001404047012329,1.0143821239471436,39119
17.896575689315796,1.998215913772583,1.0013071298599243,1.0144487619400024,39222
17.90671133995056,1.997599482536316,1.001089334487915,1.0145471096038818,39419
17.916995525360107,1.9970060586929321,1.0010100603103638,1.0145931243896484,39202
17.926679849624634,1.9963409900665283,1.0011556148529053,1.01463782787323,38838
17.9365816116333,1.9957127571105957,1.001137137413025,1.0147171020507812,39091
17.94758105278015,1.9950218200683594,1.000945806503296,1.0147080421447754,39371
17.956212282180786,1.9943143129348755,1.0007117986679077,1.0147451162338257,39447
17.96635413169861,1.9936676025390625,1.0005607604980469,1.0147902965545654,39334
17.976340770721436,1.9930440187454224,1.0004417896270752,1.0148420333862305,39286
17.98624300956726,1.9924628734588623,1.0002964735031128,1.0148487091064453,39323
17.995911359786987,1.9918248653411865,1.0002129077911377,1.0148710012435913,39229
18.006490230560303,1.9910693168640137,1.0000849962234497,1.0148707628250122,39294
18.016743659973145,1.9904035329818726,1.0001887083053589,1.0148762464523315,38931
18.026911973953247,1.989707350730896,1.0000529289245605,1.0149641036987305,39315
18.035946130752563,1.9890518188476562,0.9996815919876099,1.0148892402648926,39698
18.046570777893066,1.988427758216858,0.9996099472045898,1.0149041414260864,39224
18.05614948272705,1.9878005981445312,0.999350905418396,1.0149197578430176,39539
18.066425323486328,1.9871313571929932,0.9994053244590759,1.014933466911316,39026
18.07709836959839,1.9864778518676758,0.9992598295211792,1.0148621797561646,39353
18.08623194694519,1.9857840538024902,0.9991337060928345,1.014858365058899,39323
18.0969820022583,1.9851808547973633,0.9990853071212769,1.0147676467895508,39208
18.106675148010254,1.9845620393753052,0.9990434050559998,1.0147404670715332,39197
18.11675453186035,1.983944058418274,0.9988493323326111,1.0146852731704712,39438
18.12625479698181,1.983333945274353,0.9986913800239563,1.0146628618240356,39389
18.136963367462158,1.982749342918396,0.9986695647239685,1.0146352052688599,39175
18.146588802337646,1.982085943222046,0.9985159635543823,1.0145610570907593,39389
18.15700626373291,1.9814471006393433,0.9985195994377136,1.0144294500350952,39142
18.16720962524414,1.9808850288391113,0.9983799457550049,1.0143293142318726,39377
18.176576852798462,1.980286955833435,0.9983817338943481,1.014242172241211,39149
18.186466932296753,1.9797401428222656,0.9980371594429016,1.0141657590866089,39709
18.196327209472656,1.979136347770691,0.9978556632995605,1.0140818357467651,39459
18.206552267074585,1.978527545928955,0.9975670576095581,1.014000415802002,39639
18.216379642486572,1.9780235290527344,0.9973757266998291,1.0138647556304932,39486
18.226819038391113,1.9775091409683228,0.9974122047424316,1.013791799545288,39119
18.23642086982727,1.9769423007965088,0.9974162578582764,1.0136831998825073,39172
18.24638819694519,1.9764115810394287,0.9973809719085693,1.0134978294372559,39238
18.256670236587524,1.9759223461151123,0.9973747134208679,1.0134104490280151,39193
18.266456842422485,1.9753865003585815,0.9970844984054565,1.013310194015503,39655
18.276440620422363,1.9749215841293335,0.9970955848693848,1.0132147073745728,39172
18.286553859710693,1.9744678735733032,0.996996283531189,1.0131365060806274,39354
18.296696424484253,1.9740043878555298,0.9969973564147949,1.0130178928375244,39188
18.306769609451294,1.9735885858535767,0.9970229864120483,1.0129541158676147,39156
18.316231966018677,1.9731647968292236,0.9971295595169067,1.0128533840179443,39021
18.32670569419861,1.9727184772491455,0.9970585703849792,1.0127297639846802,39310
18.33603572845459,1.9723252058029175,0.997221052646637,1.0125919580459595,38928
18.3464412689209,1.9719687700271606,0.9972823262214661,1.0125367641448975,39091
18.356780290603638,1.9715408086776733,0.997304379940033,1.0124152898788452,39154
18.366554021835327,1.9711625576019287,0.9972137808799744,1.0123558044433594,39358
18.377044200897217,1.9708508253097534,0.9973323345184326,1.012255311012268,38982
18.386008739471436,1.9705148935317993,0.9972085952758789,1.0122134685516357,39394
18.396108150482178,1.970192313194275,0.9974791407585144,1.0120924711227417,38751
18.406489610671997,1.9699052572250366,0.9974825978279114,1.0120654106140137,39180
18.416832208633423,1.9695810079574585,0.9977073669433594,1.0120062828063965,38827
18.426767349243164,1.9693065881729126,0.9976903796195984,1.0119162797927856,39214
18.436498403549194,1.9690048694610596,0.9977635741233826,1.011860966682434,39070
18.44649386405945,1.9687453508377075,0.9978475570678711,1.0117757320404053,39048
18.456335306167603,1.9684860706329346,0.9979673027992249,1.0117398500442505,38994
18.465950965881348,1.9682807922363281,0.9981465935707092,1.011643886566162,38896
18.476527214050293,1.9680368900299072,0.9982287287712097,1.0115705728530884,39026
18.486159801483154,1.9677376747131348,0.9980958104133606,1.011474370956421,39393
18.49636197090149,1.967523455619812,0.9980366230010986,1.0114161968231201,39274
18.50646734237671,1.9674168825149536,0.9983658790588379,1.011351227760315,38645
18.516201496124268,1.967280387878418,0.9984437823295593,1.0112980604171753,39042
18.526832103729248,1.9671847820281982,0.9986250400543213,1.011263132095337,38885
18.536861658096313,1.9670425653457642,0.9987517595291138,1.0111860036849976,38952
18.54653835296631,1.9669718742370605,0.9988277554512024,1.0111416578292847,39048
18.557122707366943,1.9668689966201782,0.9989736080169678,1.0110878944396973,38925
18.566656351089478,1.9667932987213135,0.9992075562477112,1.011048436164856,38772
18.57632565498352,1.96671462059021,0.9994527697563171,1.0110273361206055,38762
18.58590579032898,1.966726541519165,0.9996181726455688,1.0110114812850952,38883
18.595868587493896,1.9667006731033325,0.9998270273208618,1.0109902620315552,38819
18.606643199920654,1.9667495489120483,1.0001006126403809,1.010970950126648,38696
18.616663694381714,1.96677827835083,1.0004242658615112,1.0109418630599976,38609
18.626664400100708,1.9668238162994385,1.0005637407302856,1.0109378099441528,38914
18.63599181175232,1.9668599367141724,1.000854730606079,1.0109556913375854,38656
18.64702081680298,1.9669684171676636,1.0011320114135742,1.010985016822815,38663
18.656101942062378,1.9670482873916626,1.0014358758926392,1.0109916925430298,38630
18.667154550552368,1.9671201705932617,1.001552939414978,1.011020302772522,38929
18.676586389541626,1.9672218561172485,1.0019139051437378,1.0110291242599487,38528
18.686673641204834,1.9673535823822021,1.0022209882736206,1.011051893234253,38603
18.69635033607483,1.9675434827804565,1.0025534629821777,1.0110491514205933,38554
18.706497192382812,1.9676896333694458,1.0027614831924438,1.0110993385314941,38743
18.715864658355713,1.9678531885147095,1.0030694007873535,1.011147141456604,38600
18.72718381881714,1.9680287837982178,1.0032217502593994,1.0112171173095703,38821
18.736936569213867,1.9682111740112305,1.0035881996154785,1.011309027671814,38489
18.746567010879517,1.968407392501831,1.0039619207382202,1.011361837387085,38476
18.757012605667114,1.9686895608901978,1.0045967102050781,1.0114201307296753,38019
18.767424821853638,1.9688637256622314,1.0047682523727417,1.0115182399749756,38772
18.777276754379272,1.9690793752670288,1.0049632787704468,1.011591911315918,38740
18.786772966384888,1.9693455696105957,1.0052692890167236,1.0116709470748901,38552
18.796213150024414,1.9695662260055542,1.0053746700286865,1.0117835998535156,38865
18.806737422943115,1.9698553085327148,1.0057299137115479,1.0118550062179565,38471
18.816073417663574,1.970102310180664,1.0060001611709595,1.0119380950927734,38569
18.826608657836914,1.9703823328018188,1.0064526796340942,1.01203191280365,38282
18.83689856529236,1.9706149101257324,1.006572961807251,1.0121607780456543,38817
18.846205234527588,1.9708954095840454,1.007051944732666,1.0122390985488892,38263
18.856486558914185,1.9712474346160889,1.0072972774505615,1.0123668909072876,38621
18.866418600082397,1.9715567827224731,1.0078173875808716,1.0124996900558472,38151
18.87606143951416,1.9718315601348877,1.0080218315124512,1.012621283531189,38632
18.886034965515137,1.9721134901046753,1.008246898651123,1.0127239227294922,38618
18.896134614944458,1.9724761247634888,1.0086860656738281,1.0128426551818848,38255
18.906145572662354,1.97279953956604,1.0087789297103882,1.0129215717315674,38820
18.916638612747192,1.9731028079986572,1.0090640783309937,1.0130655765533447,38507
18.926623582839966,1.9734418392181396,1.0092140436172485,1.0132261514663696,38707
18.93677592277527,1.9737775325775146,1.0094168186187744,1.0133650302886963,38629
18.947177171707153,1.974120020866394,1.009521245956421,1.0134817361831665,38767
18.956372022628784,1.9745063781738281,1.0097160339355469,1.013580083847046,38611
18.96743106842041,1.9748241901397705,1.0098966360092163,1.0136770009994507,38641
18.977391004562378,1.9751793146133423,1.0102291107177734,1.0138084888458252,38397
18.98584485054016,1.9755290746688843,1.010399580001831,1.013942837715149,38667
18.99714732170105,1.9758771657943726,1.0105866193771362,1.0140477418899536,38613
19.007108688354492,1.9762020111083984,1.0109012126922607,1.014143705368042,38411
19.016340255737305,1.976452112197876,1.0109515190124512,1.0142500400543213,38830
19.027419567108154,1.9767251014709473,1.011153221130371,1.014301061630249,38569
19.03791880607605,1.977018117904663,1.0112223625183105,1.014384150505066,38799
19.046766757965088,1.977306604385376,1.0113813877105713,1.0144330263137817,38651
19.056371450424194,1.9776326417922974,1.0112969875335693,1.014522910118103,39019
19.066771984100342,1.9779490232467651,1.0114703178405762,1.0145227909088135,38611
19.076268911361694,1.978218674659729,1.0113930702209473,1.0145748853683472,38996
19.086095094680786,1.9785869121551514,1.0115718841552734,1.0145857334136963,38619
19.09711718559265,1.9788635969161987,1.0114487409591675,1.0146390199661255,39071
19.106153964996338,1.97920823097229,1.0116558074951172,1.0146634578704834,38559
19.117077589035034,1.9795219898223877,1.0114784240722656,1.014654278755188,39151
19.127175092697144,1.979773759841919,1.0115399360656738,1.0146498680114746,38785
19.136095762252808,1.9800199270248413,1.0115046501159668,1.014623761177063,38926
19.14633536338806,1.980228304862976,1.0112978219985962,1.014574408531189,39233
19.156190156936646,1.9804880619049072,1.0114065408706665,1.0145124197006226,38725
19.165939807891846,1.9807451963424683,1.0112974643707275,1.0145108699798584,39036
19.176881551742554,1.9810088872909546,1.0114275217056274,1.0144180059432983,38678
19.186633110046387,1.981265902519226,1.0111678838729858,1.0143171548843384,39290
19.196669340133667,1.9815541505813599,1.0113043785095215,1.0142064094543457,38655
19.20633554458618,1.9817626476287842,1.011048436164856,1.014134168624878,39296
19.216289043426514,1.9820137023925781,1.0111442804336548,1.0140177011489868,38732
19.22739338874817,1.9822478294372559,1.0109049081802368,1.0139195919036865,39260
19.23618245124817,1.98250412940979,1.0110703706741333,1.0137542486190796,38623
19.246712684631348,1.9827511310577393,1.0107117891311646,1.013614296913147,39459
19.256352424621582,1.9829412698745728,1.0107758045196533,1.0134074687957764,38800
19.266506671905518,1.983197808265686,1.0105347633361816,1.0132441520690918,39258
19.27751088142395,1.9834095239639282,1.0105434656143188,1.0131001472473145,38890
19.287099361419678,1.9836424589157104,1.0102180242538452,1.0129355192184448,39406
19.29700207710266,1.9837589263916016,1.0099185705184937,1.0126960277557373,39396
19.306968927383423,1.983940839767456,1.0095962285995483,1.012468695640564,39415
19.316959619522095,1.9840869903564453,1.0096015930175781,1.0121625661849976,38893
19.326477527618408,1.9842076301574707,1.009152889251709,1.0119391679763794,39627
19.336655378341675,1.9843599796295166,1.0092213153839111,1.0116485357284546,38839
19.347046375274658,1.9844989776611328,1.0088680982589722,1.0113338232040405,39466
19.35619878768921,1.9846409559249878,1.0087740421295166,1.011064052581787,39090
19.366618633270264,1.984830617904663,1.0084974765777588,1.0107115507125854,39342
19.376253843307495,1.9849529266357422,1.0084123611450195,1.0104255676269531,39067
19.38676404953003,1.985110878944397,1.0082637071609497,1.0100229978561401,39163
19.396546602249146,1.9852471351623535,1.0082086324691772,1.0096296072006226,39031
19.406788110733032,1.985319972038269,1.007934331893921,1.0092518329620361,39407
19.417006731033325,1.9853960275650024,1.0074437856674194,1.0088622570037842,39733
19.42673349380493,1.985517978668213,1.007128357887268,1.0084223747253418,39454
19.436656951904297,1.9856089353561401,1.007007122039795,1.0079686641693115,39139
19.44633436203003,1.9857347011566162,1.0069162845611572,1.007530689239502,39102
19.455920219421387,1.9858473539352417,1.0068284273147583,1.0070877075195312,39109
19.46611499786377,1.9859637022018433,1.0067650079727173,1.0066038370132446,39070
19.47591805458069,1.9860734939575195,1.0066252946853638,1.0061187744140625,39192
19.48595356941223,1.9861701726913452,1.0065340995788574,1.0055960416793823,39116
19.496928453445435,1.986270785331726,1.0062220096588135,1.0050525665283203,39481
19.50601100921631,1.986339807510376,1.0060611963272095,1.004529356956482,39246
19.516465663909912,1.9864110946655273,1.005810022354126,1.0039907693862915,39378
19.526196479797363,1.9865514039993286,1.0058492422103882,1.0033810138702393,38922
19.53594136238098,1.986650824546814,1.0057257413864136,1.0029035806655884,39181
19.546085119247437,1.9867851734161377,1.0057737827301025,1.0022697448730469,38910
19.556678295135498,1.9869027137756348,1.0056654214859009,1.0016947984695435,39166
19.566998958587646,1.9869898557662964,1.0055880546569824,1.001136302947998,39123
19.57667326927185,1.9870895147323608,1.005216360092163,1.0005583763122559,39594
19.586289167404175,1.9871745109558105,1.005014181137085,0.9998921751976013,39328
19.596468210220337,1.9872422218322754,1.0047824382781982,0.9992626309394836,39347
19.606140613555908,1.987374186515808,1.0047563314437866,0.998652458190918,39054
19.61593246459961,1.987476110458374,1.0047982931137085,0.9979708194732666,38929
19.626056432724,1.9875787496566772,1.0046237707138062,0.9973365664482117,39280
19.636674642562866,1.9877173900604248,1.004580020904541,0.9967676997184753,39097
19.646456718444824,1.987735629081726,1.004050850868225,0.9960755109786987,39854
19.656239986419678,1.9877448081970215,1.0034993886947632,0.9953661561012268,39924
19.66591191291809,1.9878629446029663,1.003570318222046,0.9946366548538208,38896
19.67605185508728,1.987980842590332,1.0034886598587036,0.9939402341842651,39137
19.686225175857544,1.9880589246749878,1.0033780336380005,0.9933021664619446,39219
19.696311473846436,1.9881733655929565,1.0033007860183716,0.9926154613494873,39155
19.70582866668701,1.9882917404174805,1.0030542612075806,0.9919119477272034,39432
19.716395616531372,1.9883147478103638,1.0024563074111938,0.9911169409751892,39998
19.726723670959473,1.988407015800476,1.0021811723709106,0.9903663396835327,39498
19.736644744873047,1.9885615110397339,1.002186894416809,0.9896761178970337,39022
19.74611520767212,1.9886808395385742,1.0019943714141846,0.9889795184135437,39348
19.7564218044281,1.9888489246368408,1.001784324645996,0.9883573055267334,39403
19.767248153686523,1.9888637065887451,1.001152753829956,0.9874547719955444,40082
19.777014017105103,1.988974690437317,1.0007450580596924,0.9866949915885925,39721
19.786036729812622,1.9891263246536255,1.0008234977722168,0.9859793186187744,38930
19.7967369556427,1.9892971515655518,1.0006238222122192,0.985309898853302,39390
19.806216955184937,1.98945951461792,1.000512957572937,0.9846345782279968,39269
19.81691026687622,1.9896243810653687,1.0002537965774536,0.9838219881057739,39496
19.82684350013733,1.9897782802581787,1.0000001192092896,0.9830261468887329,39500
19.83716368675232,1.9898874759674072,0.9998244643211365,0.9822499752044678,39366
19.84691858291626,1.9900380373001099,0.9996203184127808,0.9815515279769897,39429
19.8568115234375,1.990242838859558,0.999576210975647,0.9808281660079956,39160
19.866287231445312,1.9904426336288452,0.9994780421257019,0.9800667762756348,39265
19.87605905532837,1.9905775785446167,0.9993114471435547,0.9792744517326355,39367
19.88715100288391,1.990735411643982,0.9990212321281433,0.9785133004188538,39568
19.89627695083618,1.9909491539001465,0.9989590644836426,0.9777851700782776,39210
19.907095909118652,1.991053819656372,0.9986991882324219,0.9770104289054871,39520
19.916274547576904,1.9912269115447998,0.9986466765403748,0.9762389063835144,39205
19.926508903503418,1.9914246797561646,0.9987320899963379,0.9754428267478943,38974
19.93672752380371,1.9915845394134521,0.9984252452850342,0.9747161865234375,39614
19.94669795036316,1.9916877746582031,0.9981434345245361,0.9739800691604614,39579
19.956695318222046,1.9918715953826904,0.9981722235679626,0.9732569456100464,39080
19.96732258796692,1.9920032024383545,0.9977909922599792,0.9724538326263428,39732
19.975958824157715,1.9921691417694092,0.9978708028793335,0.9716749787330627,39014
19.987184047698975,1.992315649986267,0.9977405071258545,0.9709588885307312,39331
19.99729585647583,1.992518663406372,0.9974631071090698,0.9702762365341187,39577
