timestamp,cur_x,cur_y,cur_z,thrust
0.0028297901153564453,1.0285155773162842,0.17977795004844666,5.190725326538086,56000
0.007664680480957031,1.028564453125,0.17985139787197113,5.190718173980713,56000
0.012665510177612305,1.0285693407058716,0.17976807057857513,5.190711975097656,56000
0.01837468147277832,1.0285074710845947,0.17987580597400665,5.190720081329346,56000
0.023527145385742188,1.0286167860031128,0.17972588539123535,5.190721035003662,56000
0.031061649322509766,1.0285340547561646,0.1797635555267334,5.190731525421143,56000
0.03568863868713379,1.028595209121704,0.1797848641872406,5.190724849700928,56000
0.04366731643676758,1.0285567045211792,0.17978058755397797,5.1907196044921875,56000
0.050478458404541016,1.0285351276397705,0.1798766702413559,5.1907057762146,56000
0.05596208572387695,1.0286093950271606,0.1797814816236496,5.190717697143555,56000
0.06342506408691406,1.02849543094635,0.17984268069267273,5.190714359283447,56000
0.06934928894042969,1.0286366939544678,0.17973697185516357,5.190729141235352,56000
0.07700514793395996,1.0285319089889526,0.17974820733070374,5.1907172203063965,56000
0.0823831558227539,1.0285695791244507,0.1798170953989029,5.190723896026611,56000
0.0907905101776123,1.0285638570785522,0.17975036799907684,5.190715312957764,56000
0.09657859802246094,1.0284972190856934,0.17991141974925995,5.190700531005859,56000
0.10585451126098633,1.028580665588379,0.1797885000705719,5.190728664398193,56000
0.1109628677368164,1.0284892320632935,0.17982997000217438,5.190726280212402,56000
0.11963748931884766,1.02863347530365,0.17972345650196075,5.190743446350098,56000
0.12661027908325195,1.0285375118255615,0.17971454560756683,5.190718650817871,56000
0.13478446006774902,1.0285338163375854,0.17989788949489594,5.190704822540283,56000
0.14543581008911133,1.0286098718643188,0.1797894388437271,5.19068717956543,56000
0.15100312232971191,1.0284830331802368,0.17987892031669617,5.190680503845215,56000
0.1592707633972168,1.0286295413970947,0.17981530725955963,5.190723419189453,56000
0.1648540496826172,1.0286022424697876,0.17979541420936584,5.19071102142334,56000
0.17183232307434082,1.0287683010101318,0.17979887127876282,5.190680503845215,56000
0.17722535133361816,1.0288023948669434,0.1797645539045334,5.190648078918457,56000
0.1847085952758789,1.0287730693817139,0.17997530102729797,5.190600395202637,56000
0.19047760963439941,1.0289530754089355,0.17994610965251923,5.190555572509766,56000
0.19872260093688965,1.028960943222046,0.179964080452919,5.190515995025635,56000
0.20778203010559082,1.0291846990585327,0.17998051643371582,5.1904473304748535,56000
0.21508479118347168,1.0292919874191284,0.18003904819488525,5.190255165100098,56000
0.23034286499023438,1.0295120477676392,0.1803266704082489,5.190147399902344,56000
0.2338886260986328,1.0298049449920654,0.18071140348911285,5.190001010894775,56000
0.2438044548034668,1.0299437046051025,0.18130432069301605,5.189803123474121,56000
0.2538108825683594,1.0304181575775146,0.18176354467868805,5.189568996429443,56000
0.2646934986114502,1.0307679176330566,0.18255703151226044,5.189315319061279,56000
0.2743809223175049,1.0312498807907104,0.1834099292755127,5.18902587890625,56000
0.28516697883605957,1.0315759181976318,0.18451721966266632,5.188667297363281,56000
0.2951071262359619,1.0321269035339355,0.18577583134174347,5.188419342041016,56000
0.3062782287597656,1.0326589345932007,0.1872454434633255,5.187981605529785,56000
0.3167586326599121,1.0331326723098755,0.18901528418064117,5.187495231628418,56000
0.32493138313293457,1.0338002443313599,0.1905449479818344,5.186990261077881,56000
0.33405494689941406,1.034393072128296,0.1924370676279068,5.186374664306641,56000
0.34581923484802246,1.0351686477661133,0.19432832300662994,5.1857757568359375,56000
0.3568916320800781,1.0359200239181519,0.1963544636964798,5.184989929199219,56000
0.3652970790863037,1.0365827083587646,0.19892069697380066,5.184060573577881,56000
0.37470340728759766,1.0374411344528198,0.20132501423358917,5.183067321777344,56000
0.3846604824066162,1.038185715675354,0.20396237075328827,5.182051181793213,56000
0.39423203468322754,1.0392005443572998,0.2065141499042511,5.181047439575195,56000
0.40513014793395996,1.0400915145874023,0.20953527092933655,5.179891586303711,56000
0.41532349586486816,1.0411763191223145,0.21269160509109497,5.1786980628967285,56000
0.42421603202819824,1.042353630065918,0.2159966677427292,5.177281379699707,56000
0.43637824058532715,1.043487548828125,0.21954795718193054,5.175979137420654,56000
0.4446544647216797,1.0447636842727661,0.22309862077236176,5.174569129943848,56000
0.4539949893951416,1.0460656881332397,0.22661259770393372,5.173169136047363,56000
0.465259313583374,1.0475754737854004,0.23026476800441742,5.171672344207764,56000
0.4740891456604004,1.0488730669021606,0.23424220085144043,5.170044898986816,56000
0.4863741397857666,1.050290822982788,0.2384197860956192,5.168311595916748,56000
0.49407196044921875,1.052003264427185,0.2422890067100525,5.16659688949585,56000
0.5046770572662354,1.0535132884979248,0.24666279554367065,5.164765357971191,56000
0.5157177448272705,1.0552430152893066,0.2509835660457611,5.162912845611572,56000
0.5245790481567383,1.0568716526031494,0.2554119825363159,5.160951137542725,56000
0.5363900661468506,1.058566927909851,0.2600170373916626,5.158977031707764,56000
0.5470685958862305,1.0603457689285278,0.26446643471717834,5.156991481781006,56000
0.5551469326019287,1.0620061159133911,0.26932743191719055,5.154956340789795,56000
0.5639462471008301,1.063882827758789,0.2741905450820923,5.152827262878418,56000
0.5741891860961914,1.0655409097671509,0.2793063819408417,5.150720596313477,56000
0.5844016075134277,1.0674402713775635,0.28434649109840393,5.148609638214111,56000
0.5951430797576904,1.069208025932312,0.2894625961780548,5.146480560302734,56000
0.6040668487548828,1.0710569620132446,0.2948625683784485,5.144297122955322,56000
0.6168117523193359,1.0729314088821411,0.30013206601142883,5.142123222351074,56000
0.6241695880889893,1.0747122764587402,0.30570265650749207,5.139962673187256,56000
0.6347808837890625,1.0768041610717773,0.3110538423061371,5.1377129554748535,56000
0.6444969177246094,1.0784034729003906,0.31710949540138245,5.135575771331787,56000
0.6546330451965332,1.0803192853927612,0.3230370879173279,5.133475303649902,56000
0.6651222705841064,1.0822256803512573,0.3289014995098114,5.131372928619385,56000
0.6745359897613525,1.0839895009994507,0.33518049120903015,5.129297733306885,56000
0.6841123104095459,1.0859341621398926,0.34129777550697327,5.127220153808594,56000
0.6943244934082031,1.0877097845077515,0.347585529088974,5.125208854675293,56000
0.7056212425231934,1.0896987915039062,0.35390856862068176,5.123159408569336,56000
0.715338945388794,1.091423749923706,0.3604475259780884,5.1211161613464355,56000
0.7267236709594727,1.0932705402374268,0.36715129017829895,5.119112491607666,56000
0.7343771457672119,1.095183253288269,0.3737030327320099,5.117201328277588,56000
0.7443842887878418,1.0968419313430786,0.38062623143196106,5.115231990814209,56000
0.7542726993560791,1.0987592935562134,0.38735097646713257,5.1133503913879395,56000
0.7648329734802246,1.1004979610443115,0.3942634165287018,5.111521244049072,56000
0.7739222049713135,1.1023061275482178,0.40119993686676025,5.109659671783447,56000
0.784351110458374,1.1040537357330322,0.40819573402404785,5.107852458953857,56000
0.7950870990753174,1.1057238578796387,0.41558486223220825,5.10598087310791,56000
0.8041896820068359,1.1074719429016113,0.422794371843338,5.104146957397461,56000
0.8166158199310303,1.1089794635772705,0.43018093705177307,5.102416515350342,56000
0.8269805908203125,1.11074960231781,0.43748918175697327,5.100662708282471,56000
0.8348193168640137,1.1123156547546387,0.4450112581253052,5.0988054275512695,56000
0.8452188968658447,1.113969087600708,0.45264825224876404,5.0970330238342285,56000
0.8546385765075684,1.115638256072998,0.46030235290527344,5.0952677726745605,55975
0.8647868633270264,1.1171239614486694,0.46823692321777344,5.093601703643799,55408
0.874089241027832,1.1188005208969116,0.47586143016815186,5.092066764831543,55557
0.8870692253112793,1.1202850341796875,0.4837687313556671,5.090494155883789,55003
0.8950099945068359,1.1219534873962402,0.49181318283081055,5.088841438293457,54599
0.9042460918426514,1.1235146522521973,0.49980953335762024,5.0872697830200195,54442
0.9169352054595947,1.1250696182250977,0.5081126093864441,5.085727214813232,53853
0.9246878623962402,1.1266659498214722,0.5161978602409363,5.084308624267578,53679
0.9349286556243896,1.1280243396759033,0.5246644020080566,5.082744598388672,53356
0.9460527896881104,1.1295949220657349,0.5329297780990601,5.081350803375244,53160
0.9541816711425781,1.1309741735458374,0.5413421392440796,5.080004692077637,52756
0.9656839370727539,1.132511019706726,0.5497111678123474,5.0786590576171875,52586
0.9763555526733398,1.1339131593704224,0.5580602884292603,5.077372074127197,52369
0.9855606555938721,1.1352006196975708,0.5667382478713989,5.0760722160339355,51707
0.994152307510376,1.1365127563476562,0.575318455696106,5.074774265289307,51345
1.0041418075561523,1.1376858949661255,0.5840657353401184,5.073500633239746,51352
1.0150716304779053,1.1390557289123535,0.5926430225372314,5.0722880363464355,51090
1.0238492488861084,1.1401296854019165,0.6012469530105591,5.071150779724121,50851
1.0365560054779053,1.1412945985794067,0.6099570989608765,5.069954872131348,50420
1.0475068092346191,1.1425073146820068,0.61883544921875,5.068887233734131,49971
1.0570900440216064,1.143428087234497,0.6276444792747498,5.067752361297607,49802
1.0674619674682617,1.1445542573928833,0.6364063620567322,5.066780090332031,49594
1.0783507823944092,1.1454849243164062,0.6453415751457214,5.065736293792725,49154
1.0845096111297607,1.1465733051300049,0.6539601683616638,5.064841270446777,49270
1.0945603847503662,1.1475311517715454,0.6627512574195862,5.0639729499816895,48804
1.103954792022705,1.1483696699142456,0.6717320680618286,5.0629143714904785,48310
1.1155941486358643,1.1493200063705444,0.6803832650184631,5.062239170074463,48451
1.1251466274261475,1.149977207183838,0.689355194568634,5.061405181884766,47815
1.1366422176361084,1.1509109735488892,0.6980631351470947,5.060641288757324,47840
1.1478750705718994,1.1515412330627441,0.7067551612854004,5.060110569000244,47642
1.1547980308532715,1.1522618532180786,0.7155250310897827,5.059345722198486,47290
1.1648547649383545,1.1530182361602783,0.7241238355636597,5.058804512023926,47225
1.1744389533996582,1.1534852981567383,0.7328354120254517,5.0581231117248535,46840
1.1841928958892822,1.1544839143753052,0.7411465048789978,5.057640075683594,47064
1.1974670886993408,1.154677391052246,0.7498139142990112,5.057121276855469,46378
1.2052533626556396,1.1553364992141724,0.7583465576171875,5.056642055511475,46289
1.2153711318969727,1.1558834314346313,0.766642689704895,5.056354522705078,46347
1.2247846126556396,1.1562600135803223,0.7751066088676453,5.055836200714111,45888
1.2347896099090576,1.1566494703292847,0.7833266854286194,5.0555925369262695,45917
1.2451388835906982,1.1569437980651855,0.7916138172149658,5.0553507804870605,45579
1.2575199604034424,1.1574039459228516,0.7996895909309387,5.055131912231445,45586
1.2651617527008057,1.1575559377670288,0.8077570199966431,5.055014133453369,45373
1.27409029006958,1.158002495765686,0.8159011602401733,5.054755210876465,45026
1.2847509384155273,1.158158779144287,0.8236916065216064,5.054745674133301,45224
1.2941133975982666,1.1583611965179443,0.831524133682251,5.054805755615234,44963
1.3075048923492432,1.1584893465042114,0.8392001986503601,5.054947376251221,44847
1.3143229484558105,1.1591140031814575,0.8463729619979858,5.054771423339844,45256
1.3253190517425537,1.1590499877929688,0.8540579676628113,5.054812908172607,44404
1.3363738059997559,1.159296989440918,0.8610709309577942,5.055324554443359,44991
1.3465008735656738,1.1592767238616943,0.8683640956878662,5.05559778213501,44476
1.3559517860412598,1.1588324308395386,0.8759742379188538,5.055624008178711,43806
1.3666961193084717,1.1584643125534058,0.8834084868431091,5.055979251861572,43791
1.374375820159912,1.1583999395370483,0.890382707118988,5.056419372558594,44189
1.3842225074768066,1.1581240892410278,0.897255539894104,5.056868553161621,44050
1.39548659324646,1.158371090888977,0.9033509492874146,5.057552814483643,44794
1.4045045375823975,1.157839298248291,0.9100843071937561,5.058160781860352,43841
1.4140417575836182,1.15761137008667,0.9165259003639221,5.058737277984619,43623
1.4273250102996826,1.156793236732483,0.9234622120857239,5.059243202209473,43478
1.4343068599700928,1.1562615633010864,0.929807186126709,5.059942245483398,43666
1.4452643394470215,1.1561951637268066,0.9356541037559509,5.060777187347412,44114
1.4547312259674072,1.1559439897537231,0.9412845969200134,5.061718940734863,44151
1.4641764163970947,1.1555802822113037,0.9474825859069824,5.062338829040527,43288
1.4749395847320557,1.1550027132034302,0.9533147811889648,5.063283920288086,43524
1.484107494354248,1.1539946794509888,0.9595400094985962,5.06400203704834,42906
1.4961869716644287,1.1534051895141602,0.9650424122810364,5.065032005310059,43585
1.5043528079986572,1.1525814533233643,0.9705224633216858,5.065951824188232,43454
1.516740083694458,1.1518638134002686,0.9757081270217896,5.06710958480835,43595
1.5249223709106445,1.1516034603118896,0.9801371097564697,5.068276882171631,44395
1.5352222919464111,1.1509703397750854,0.9851896166801453,5.069227695465088,43466
1.5446314811706543,1.1500766277313232,0.9897767305374146,5.070577621459961,43877
1.5556578636169434,1.1486343145370483,0.9950786232948303,5.071644306182861,42847
1.567237377166748,1.1477631330490112,0.9994828104972839,5.072883605957031,43771
1.5765330791473389,1.146718144416809,1.0041910409927368,5.073988914489746,43301
1.585343599319458,1.1463277339935303,1.0077002048492432,5.075411319732666,44580
1.5945100784301758,1.1453607082366943,1.011717677116394,5.076811790466309,43889
1.6175098419189453,1.1442540884017944,1.015693187713623,5.078138828277588,43605
1.6211216449737549,1.143370270729065,1.0194666385650635,5.079647064208984,44035
1.629194974899292,1.1417551040649414,1.0235811471939087,5.08101224899292,43368
1.6342487335205078,1.1409186124801636,1.026607632637024,5.082623481750488,44537
1.6455981731414795,1.1404141187667847,1.0292301177978516,5.0844221115112305,44978
1.6542494297027588,1.1395074129104614,1.032210111618042,5.085984230041504,44380
1.6663522720336914,1.1382191181182861,1.0354490280151367,5.087745189666748,43974
1.6747639179229736,1.1368408203125,1.0385918617248535,5.0893425941467285,44012
1.6842410564422607,1.1354511976242065,1.041604995727539,5.091081142425537,44072
1.6955702304840088,1.133428692817688,1.044954538345337,5.0926008224487305,43559
1.7044596672058105,1.132158875465393,1.0475388765335083,5.094322681427002,44398
1.7167866230010986,1.1313310861587524,1.0492277145385742,5.0962371826171875,45446
1.7268097400665283,1.1299935579299927,1.0514518022537231,5.098027229309082,44681
1.734623908996582,1.1277263164520264,1.0544190406799316,5.099721431732178,43671
1.7449004650115967,1.1261409521102905,1.0566037893295288,5.101560115814209,44568
1.7544012069702148,1.1252529621124268,1.0579487085342407,5.103315353393555,45333
1.7644271850585938,1.123403787612915,1.059744119644165,5.1055216789245605,44919
1.7739899158477783,1.1224762201309204,1.060927152633667,5.107441425323486,45801
1.784346580505371,1.1210469007492065,1.0622577667236328,5.109570503234863,45387
1.7951383590698242,1.1196930408477783,1.0634469985961914,5.11143684387207,45489
1.8054862022399902,1.1182665824890137,1.0645757913589478,5.113588809967041,45528
1.8158257007598877,1.1165121793746948,1.0659234523773193,5.115688323974609,45231
1.8241827487945557,1.1148713827133179,1.067026138305664,5.1177144050598145,45468
1.8363289833068848,1.1127021312713623,1.0682812929153442,5.119729042053223,45270
1.8459985256195068,1.1108794212341309,1.0693272352218628,5.121826171875,45467
1.8550608158111572,1.1092355251312256,1.0700584650039673,5.123831748962402,45836
1.8642847537994385,1.107347846031189,1.0707823038101196,5.125974655151367,45808
1.8743071556091309,1.105618953704834,1.071374535560608,5.128077030181885,45935
1.8841030597686768,1.103682279586792,1.071853518486023,5.1301398277282715,46055
1.8952875137329102,1.1011260747909546,1.0731980800628662,5.132144927978516,44966
1.9063825607299805,1.1000347137451172,1.0724138021469116,5.134426116943359,47557
1.9178931713104248,1.0981597900390625,1.0725140571594238,5.136685371398926,46493
1.924579381942749,1.0961928367614746,1.0727733373641968,5.13887357711792,46240
1.9349422454833984,1.0941587686538696,1.072742223739624,5.141025543212891,46605
1.9451210498809814,1.0925079584121704,1.0725454092025757,5.143348693847656,46815
1.9554920196533203,1.09042489528656,1.072399616241455,5.145460605621338,46754
1.9664525985717773,1.0885635614395142,1.0720592737197876,5.147785663604736,46989
1.9743435382843018,1.0858732461929321,1.0722095966339111,5.150348663330078,46400
1.9842538833618164,1.0836745500564575,1.0719434022903442,5.152459144592285,46897
1.994981288909912,1.082897424697876,1.0705883502960205,5.154735088348389,48243
2.0054149627685547,1.079822063446045,1.0708588361740112,5.157172679901123,46283
2.015580415725708,1.077918291091919,1.0702677965164185,5.15947961807251,47307
2.0259451866149902,1.0760101079940796,1.0695310831069946,5.161800861358643,47550
2.0372366905212402,1.0740327835083008,1.0688287019729614,5.164185047149658,47507
2.048168897628784,1.0721877813339233,1.067893147468567,5.166599273681641,47811
2.0552749633789062,1.069307565689087,1.0680625438690186,5.1689558029174805,46361
2.065511465072632,1.0682392120361328,1.0660887956619263,5.171535491943359,49203
2.074321746826172,1.0662882328033447,1.0649291276931763,5.174097537994385,48171
2.084049701690674,1.0642012357711792,1.0640679597854614,5.176337718963623,47716
2.093890428543091,1.0621823072433472,1.062967300415039,5.178801536560059,48232
2.1061720848083496,1.060275673866272,1.061728835105896,5.181300640106201,48359
2.114185333251953,1.0581538677215576,1.0606242418289185,5.183632850646973,48214
2.125253677368164,1.056068778038025,1.059285283088684,5.186196327209473,48535
2.134016513824463,1.0540046691894531,1.0581741333007812,5.188516139984131,48292
2.1447865962982178,1.051868200302124,1.0567861795425415,5.190974235534668,48591
2.1549055576324463,1.049601435661316,1.0555875301361084,5.193955898284912,48563
2.1658294200897217,1.0475062131881714,1.0542978048324585,5.196351528167725,48636
2.1774439811706543,1.0443726778030396,1.0537688732147217,5.198548316955566,47723
2.184634208679199,1.0415560007095337,1.05326247215271,5.2011284828186035,47652
2.195050001144409,1.03948974609375,1.051608681678772,5.203384876251221,49227
2.2050535678863525,1.0374284982681274,1.0501781702041626,5.205832004547119,48924
2.2144086360931396,1.0354400873184204,1.0485538244247437,5.208491802215576,49208
2.223891496658325,1.0330827236175537,1.0472089052200317,5.210883140563965,48916
2.235095977783203,1.0311225652694702,1.0456173419952393,5.213516712188721,49258
2.246028184890747,1.02887761592865,1.0440250635147095,5.2160491943359375,49309
2.255178451538086,1.026755452156067,1.0424189567565918,5.218579292297363,49366
2.265141248703003,1.0245612859725952,1.0407387018203735,5.221125602722168,49508
2.2756309509277344,1.0223945379257202,1.0390775203704834,5.223649978637695,49540
2.2864139080047607,1.0202311277389526,1.0374205112457275,5.226170539855957,49588
2.294339179992676,1.0177783966064453,1.0359675884246826,5.228567600250244,49390
2.305055618286133,1.0157663822174072,1.0342068672180176,5.231234550476074,49813
2.3158047199249268,1.013486385345459,1.0324416160583496,5.233782768249512,49875
2.326629638671875,1.011217713356018,1.0308239459991455,5.236307144165039,49743
2.334308624267578,1.0089341402053833,1.0291051864624023,5.238887310028076,49921
2.3478152751922607,1.0065679550170898,1.0273499488830566,5.241283416748047,50018
2.355246067047119,1.004375696182251,1.0255663394927979,5.243780136108398,50109
2.3643605709075928,1.0019941329956055,1.0239616632461548,5.246301174163818,49948
2.375391721725464,0.9999223947525024,1.0221242904663086,5.248910903930664,50284
2.3842737674713135,0.997548520565033,1.0204352140426636,5.251339435577393,50131
2.394334077835083,0.9952743053436279,1.0187432765960693,5.253875732421875,50238
2.407721519470215,0.9930477738380432,1.0170080661773682,5.256449222564697,50323
2.416325330734253,0.9907833933830261,1.015290379524231,5.258902549743652,50354
2.4250588417053223,0.9886106848716736,1.0135763883590698,5.261401176452637,50403
2.4344122409820557,0.9863460063934326,1.0118623971939087,5.264091491699219,50458
2.444876194000244,0.9840019345283508,1.0102717876434326,5.266429901123047,50361
2.4547672271728516,0.9817273616790771,1.0085697174072266,5.268986701965332,50545
2.465003252029419,0.9794830679893494,1.0068470239639282,5.271627426147461,50628
2.4750916957855225,0.9772823452949524,1.0051429271697998,5.274135112762451,50658
2.4861109256744385,0.9748437404632568,1.0035406351089478,5.276444435119629,50587
2.4978134632110596,0.9726324081420898,1.0019696950912476,5.278899669647217,50601
2.503970146179199,0.970283567905426,1.000431776046753,5.281393051147461,50609
2.515223741531372,0.9680113792419434,0.9988290667533875,5.28386116027832,50736
2.5245752334594727,0.9659191370010376,0.9971067309379578,5.286503314971924,50934
2.5340771675109863,0.9635613560676575,0.9956306219100952,5.288917064666748,50687
2.5453643798828125,0.9612551331520081,0.9942377209663391,5.291200637817383,50631
2.556194305419922,0.9589952826499939,0.9926049113273621,5.293806552886963,50974
2.564284563064575,0.9567448496818542,0.9911612272262573,5.296214580535889,50789
2.5755133628845215,0.9542961120605469,0.9898678660392761,5.298496723175049,50651
2.584176778793335,0.9520834684371948,0.9884377121925354,5.300968170166016,50858
2.5945489406585693,0.9498327374458313,0.9870595335960388,5.3033647537231445,50838
2.6051719188690186,0.9473780989646912,0.9858224987983704,5.305603981018066,50713
2.616154670715332,0.9452858567237854,0.9842817187309265,5.308292388916016,51127
2.6242728233337402,0.9428761601448059,0.9830438494682312,5.3104777336120605,50804
2.6342811584472656,0.9406190514564514,0.9817482829093933,5.312973976135254,50916
2.6442461013793945,0.9382714629173279,0.9805770516395569,5.315335750579834,50797
2.6551430225372314,0.9358558058738708,0.9795194864273071,5.31751823425293,50692
2.6646463871002197,0.933729350566864,0.9782363176345825,5.3199639320373535,51004
2.6756341457366943,0.93120276927948,0.9771881103515625,5.322171688079834,50759
2.6839232444763184,0.9288963675498962,0.976062536239624,5.324481964111328,50894
2.6965155601501465,0.9265603423118591,0.9749031662940979,5.326789379119873,50970
2.706726551055908,0.9241726994514465,0.9739981293678284,5.329031467437744,50688
2.715261936187744,0.9219070672988892,0.9729757905006409,5.331297874450684,50858
2.7239644527435303,0.9194954633712769,0.9719482064247131,5.333530902862549,50894
2.735200881958008,0.9171736836433411,0.9710752964019775,5.3358354568481445,50738
2.7443888187408447,0.9147747159004211,0.9701312780380249,5.338084697723389,50864
2.7554471492767334,0.9125054478645325,0.9692010283470154,5.3403000831604,50879
2.7675890922546387,0.9100756645202637,0.9683256149291992,5.342325687408447,50839
2.7740533351898193,0.9077186584472656,0.9673898816108704,5.344685077667236,50930
2.8557074069976807,0.905308187007904,0.9666126370429993,5.346734046936035,50756
2.984076499938965,0.8794627785682678,0.9586095213890076,5.3700480461120605,51020
2.9937896728515625,0.8772977590560913,0.9578554034233093,5.372120380401611,51011
3.0070817470550537,0.8750930428504944,0.9572189450263977,5.374066352844238,50894
3.015603542327881,0.872869074344635,0.956597089767456,5.37654972076416,50900
3.02142596244812,0.8705063462257385,0.955824613571167,5.378448963165283,51096
3.0307915210723877,0.8684389591217041,0.955104410648346,5.380662441253662,51063
3.0377912521362305,0.8659447431564331,0.954654335975647,5.382599353790283,50770
3.044635534286499,0.8635591864585876,0.954216480255127,5.384528160095215,50767
3.051603078842163,0.8612855672836304,0.9537349939346313,5.386478900909424,50801
3.0605435371398926,0.8588402271270752,0.9534434080123901,5.388404369354248,50577
3.0667061805725098,0.856640100479126,0.952960729598999,5.39033842086792,50853
3.0747570991516113,0.8542175889015198,0.9527814984321594,5.392288684844971,50479
3.0797030925750732,0.8518780469894409,0.9525563716888428,5.394242763519287,50548
3.088409900665283,0.8496609330177307,0.9521165490150452,5.396195888519287,50811
3.0937631130218506,0.847051739692688,0.9523636102676392,5.398065090179443,49980
3.102398157119751,0.8450835943222046,0.9516432881355286,5.399911403656006,51162
3.1075947284698486,0.8424275517463684,0.9519996047019958,5.401724815368652,49825
3.116441011428833,0.840309202671051,0.9517167806625366,5.403613090515137,50658
3.1217668056488037,0.8382331132888794,0.9511290788650513,5.405580520629883,50991
3.130019426345825,0.8357314467430115,0.9514709711074829,5.407443046569824,49905
3.135756492614746,0.8336018919944763,0.9512225389480591,5.409308433532715,50630
3.1449382305145264,0.8313104510307312,0.9510138034820557,5.411132335662842,50542
3.1502468585968018,0.8291171789169312,0.9510612487792969,5.413005828857422,50259
3.159259796142578,0.8268750309944153,0.9509568810462952,5.414907932281494,50430
3.1645545959472656,0.8247413635253906,0.9507867097854614,5.416706085205078,50534
3.173769950866699,0.822571873664856,0.9506968259811401,5.418598651885986,50415
3.179091691970825,0.8203607797622681,0.9507154226303101,5.420479774475098,50312
3.1876397132873535,0.8184901475906372,0.9504282474517822,5.422451972961426,50674
3.1934027671813965,0.816794216632843,0.949804961681366,5.424283027648926,51102
3.2022721767425537,0.8144914507865906,0.9502764344215393,5.426175594329834,49756
3.207798480987549,0.8127486705780029,0.9497150778770447,5.427977561950684,51048
3.2166152000427246,0.8109617233276367,0.9491032958030701,5.429860591888428,51078
3.222421407699585,0.8093755841255188,0.948255717754364,5.431849002838135,51441
3.2316107749938965,0.807208776473999,0.9484508037567139,5.433682441711426,50187
3.236882448196411,0.8051604628562927,0.9484665989875793,5.435472011566162,50426
3.2461371421813965,0.802636444568634,0.9490427374839783,5.437210559844971,49672
3.2573115825653076,0.800554096698761,0.9492369890213013,5.438955307006836,50131
3.267695188522339,0.7984844446182251,0.9493299722671509,5.4407172203063965,50210
3.27535343170166,0.796468198299408,0.9494298696517944,5.442502021789551,50229
3.284727096557617,0.794838011264801,0.9490566849708557,5.444305419921875,50798
3.29532527923584,0.792344331741333,0.9497274160385132,5.4459991455078125,49564
3.3044044971466064,0.7908269166946411,0.9493037462234497,5.447781085968018,50909
3.3151843547821045,0.7887287139892578,0.9494544267654419,5.4494524002075195,50150
3.326676368713379,0.7867507338523865,0.9497635960578918,5.451206207275391,50005
3.338168144226074,0.7844070792198181,0.950364887714386,5.452877998352051,49592
3.345454454421997,0.7824421525001526,0.9505136013031006,5.4545722007751465,50128
3.3543143272399902,0.7808873653411865,0.9502818584442139,5.456386089324951,50564
3.3657643795013428,0.7784096598625183,0.9513174891471863,5.457853317260742,49068
3.3768465518951416,0.7766317129135132,0.9512473940849304,5.4598164558410645,50420
3.3879456520080566,0.7750630974769592,0.9509210586547852,5.461516380310059,50664
3.3952698707580566,0.7726795077323914,0.952139139175415,5.462939262390137,48823
3.4048473834991455,0.7708231806755066,0.9521219730377197,5.464928150177002,50302
3.4153196811676025,0.7689141035079956,0.9523518681526184,5.466646671295166,49905
3.426697254180908,0.767430305480957,0.9522309899330139,5.46835470199585,50384
3.4380929470062256,0.765112042427063,0.9529982805252075,5.470038414001465,49390
3.4441306591033936,0.7633708715438843,0.9532226324081421,5.471766471862793,49987
3.4552557468414307,0.7614299058914185,0.953597903251648,5.473482608795166,49743
3.464813709259033,0.7599466443061829,0.9535316228866577,5.475178241729736,50291
3.4741225242614746,0.757750391960144,0.9542719125747681,5.476805686950684,49254
3.485543966293335,0.7562380433082581,0.9541927576065063,5.478536605834961,50277
3.4945671558380127,0.7540473937988281,0.9551012516021729,5.480250358581543,49053
3.5081489086151123,0.7522457242012024,0.955309271812439,5.481889247894287,49990
3.5155439376831055,0.7504948377609253,0.9556668400764465,5.483506679534912,49701
3.5248124599456787,0.7490095496177673,0.9556211829185486,5.485265254974365,50209
3.535602331161499,0.7468457221984863,0.9564763307571411,5.486924648284912,49037
3.546370029449463,0.7451088428497314,0.9567438364028931,5.48858118057251,49798
3.554696798324585,0.7436528205871582,0.9566012620925903,5.49031400680542,50220
3.5643808841705322,0.7418816685676575,0.9570955634117126,5.491980075836182,49592
3.574483871459961,0.739745557308197,0.9578485488891602,5.493574619293213,49213
3.58778977394104,0.7380452156066895,0.9581640958786011,5.495273590087891,49696
3.5952727794647217,0.7362750172615051,0.9585006833076477,5.496968746185303,49593
3.604769229888916,0.7344812750816345,0.9590046405792236,5.498607158660889,49400
3.6139039993286133,0.7327856421470642,0.9592932462692261,5.500286102294922,49612
3.6253418922424316,0.7310571074485779,0.959560751914978,5.501964569091797,49715
3.6364705562591553,0.7293409705162048,0.9600663185119629,5.503629684448242,49441
3.648167133331299,0.7276349663734436,0.9602957963943481,5.50532341003418,49753
3.6650068759918213,0.7259916067123413,0.9605858325958252,5.507037162780762,49562
3.672377824783325,0.7242026329040527,0.9610321521759033,5.508678913116455,49469
3.6775765419006348,0.722482442855835,0.9613993763923645,5.510313034057617,49465
3.686551094055176,0.720880389213562,0.9615828990936279,5.5120439529418945,49736
3.6975605487823486,0.7191646695137024,0.9619989395141602,5.513655185699463,49447
3.7046573162078857,0.7174209356307983,0.9624620079994202,5.515329837799072,49419
3.7142322063446045,0.7158077359199524,0.9625564217567444,5.517068386077881,49813
3.7239902019500732,0.7141352295875549,0.9628673791885376,5.518680572509766,49505
3.7345049381256104,0.7124585509300232,0.9632663726806641,5.520413875579834,49390
3.7442047595977783,0.7107709646224976,0.9634841084480286,5.522068023681641,49559
3.754114866256714,0.7091495990753174,0.9638460874557495,5.5236992835998535,49471
3.7641332149505615,0.7074117064476013,0.9642350673675537,5.525341987609863,49446
3.7748403549194336,0.7057416439056396,0.9646389484405518,5.527100563049316,49406
3.7841885089874268,0.7042113542556763,0.9647501111030579,5.528791427612305,49712
3.794248580932617,0.7025003433227539,0.9650378227233887,5.530486583709717,49443
3.8053054809570312,0.700894296169281,0.9653564095497131,5.5322041511535645,49384
3.8147027492523193,0.6991918683052063,0.9657185077667236,5.533847808837891,49367
3.8243417739868164,0.6976192593574524,0.9660126566886902,5.535516738891602,49528
3.834272623062134,0.6959928870201111,0.9662848711013794,5.537259578704834,49476
3.845022439956665,0.6943394541740417,0.966711699962616,5.538971900939941,49302
3.854246139526367,0.69272780418396,0.9669735431671143,5.540757656097412,49452
3.86470365524292,0.6911606788635254,0.9670629501342773,5.542420864105225,49576
3.874687910079956,0.6895681023597717,0.9674800634384155,5.544101715087891,49249
3.885730743408203,0.6879011392593384,0.9678428173065186,5.545816898345947,49327
3.894401788711548,0.6863889694213867,0.968064546585083,5.547543525695801,49527
3.906426191329956,0.6847385764122009,0.9683804512023926,5.549320697784424,49377
3.916694164276123,0.6835667490959167,0.9681313037872314,5.551109313964844,49952
3.925107955932617,0.681615948677063,0.9690088629722595,5.552823543548584,48665
3.934351921081543,0.6800509095191956,0.9692608118057251,5.55446195602417,49402
3.9443960189819336,0.6788375973701477,0.9690797924995422,5.556328296661377,49887
3.957087278366089,0.6770190596580505,0.9696283936500549,5.557972431182861,49090
3.9641501903533936,0.6754046082496643,0.9700412750244141,5.559665679931641,49208
3.97405743598938,0.6738683581352234,0.9703121781349182,5.561443328857422,49321
3.9846251010894775,0.6723366975784302,0.970557689666748,5.563175678253174,49312
3.994612693786621,0.6707980036735535,0.9708214402198792,5.5649733543396,49339
4.005343437194824,0.6692640781402588,0.9710705280303955,5.566680431365967,49338
4.016085624694824,0.6677394509315491,0.971350908279419,5.5684309005737305,49324
4.027451992034912,0.6662301421165466,0.9716424345970154,5.570181846618652,49282
4.034527063369751,0.6646785736083984,0.9718706011772156,5.571895122528076,49352
4.045238256454468,0.6631783843040466,0.9722156524658203,5.573695182800293,49149
4.0546534061431885,0.6616880297660828,0.9722544550895691,5.575375556945801,49552
4.065788269042969,0.6601742506027222,0.9726439714431763,5.5771307945251465,49111
4.074281215667725,0.6585966348648071,0.9730374217033386,5.578813552856445,49151
4.084892272949219,0.6571040749549866,0.9732083082199097,5.580557823181152,49337
4.09409236907959,0.6557443141937256,0.9732471704483032,5.582276344299316,49515
4.104825019836426,0.6541656255722046,0.9734887480735779,5.583932399749756,49291
4.114583492279053,0.6526938676834106,0.9737956523895264,5.585676193237305,49186
4.124404430389404,0.6512216329574585,0.9739589691162109,5.5873589515686035,49389
4.136377334594727,0.6497490406036377,0.9741752743721008,5.5890212059021,49327
4.144822120666504,0.6483055949211121,0.9743616580963135,5.59072208404541,49255
4.15478515625,0.6464785933494568,0.9748796224594116,5.592262268066406,48953
4.164259672164917,0.6454015374183655,0.9747728705406189,5.594050884246826,49624
4.175770282745361,0.6438611149787903,0.9748742580413818,5.59568977355957,49407
4.186343669891357,0.6424817442893982,0.9751482009887695,5.597352027893066,49179
4.19496750831604,0.6410225629806519,0.9752160906791687,5.599009037017822,49481
4.204512596130371,0.6392576098442078,0.975671648979187,5.600497245788574,49008
4.2157368659973145,0.6377934217453003,0.9759509563446045,5.602076530456543,49145
4.224315881729126,0.6366973519325256,0.9755677580833435,5.603805065155029,49888
4.2341628074646,0.6353477239608765,0.9756962060928345,5.605441093444824,49339
4.2456889152526855,0.6334968209266663,0.9761785864830017,5.606866836547852,48949
4.254251956939697,0.6323731541633606,0.9760789275169373,5.608558654785156,49670
4.2645392417907715,0.630734920501709,0.9763846397399902,5.610021591186523,49095
4.274578094482422,0.6295748353004456,0.9761727452278137,5.611690998077393,49758
4.284343957901001,0.6282101273536682,0.9762088060379028,5.613267421722412,49410
4.295124769210815,0.6264553666114807,0.9765728116035461,5.614651203155518,49057
4.305752277374268,0.6250918507575989,0.9768412709236145,5.616174697875977,49120
4.31507420539856,0.6239787936210632,0.9764415621757507,5.617834091186523,50005
4.3248820304870605,0.6220552325248718,0.9764913320541382,5.619264125823975,49413
4.334893465042114,0.6209104657173157,0.9768644571304321,5.620683193206787,49122
4.344543695449829,0.6193106770515442,0.9765780568122864,5.6221747398376465,49764
4.369072675704956,0.6181551218032837,0.9770369529724121,5.623665809631348,48896
4.374936819076538,0.6167165637016296,0.9770345687866211,5.625153541564941,49519
4.381425857543945,0.6150553226470947,0.976876974105835,5.626321792602539,49653
4.387504577636719,0.6140766739845276,0.9771712422370911,5.627993106842041,49141
4.394455432891846,0.6125105619430542,0.9767355918884277,5.629419326782227,50061
4.404803991317749,0.6115447878837585,0.9772462248802185,5.631093502044678,48853
4.415340900421143,0.6101011037826538,0.9770227074623108,5.632298469543457,49745
4.424494028091431,0.6085683703422546,0.9768635630607605,5.633669376373291,49596
4.434664487838745,0.6071133613586426,0.9775579571723938,5.634923458099365,48667
4.444591522216797,0.6058632731437683,0.9778800010681152,5.636508464813232,49153
4.4546027183532715,0.6045714616775513,0.9768816232681274,5.637768745422363,50675
4.464242696762085,0.6036099195480347,0.9774066209793091,5.639279365539551,48811
4.474533796310425,0.6016907095909119,0.9772640466690063,5.640425205230713,49727
4.484670162200928,0.6005694270133972,0.9776866436004639,5.641700744628906,48878
4.494488477706909,0.5992336869239807,0.9778964519500732,5.642751693725586,49226
4.504964113235474,0.5981139540672302,0.9769056439399719,5.644522666931152,50655
4.514674425125122,0.5969330668449402,0.9769079685211182,5.645763397216797,49533
4.52466082572937,0.5955951809883118,0.9769324064254761,5.647032737731934,49594
4.534454822540283,0.5941352844238281,0.97795569896698,5.648039817810059,48238
4.545149087905884,0.5930591225624084,0.9776346683502197,5.649600028991699,49775
4.554699897766113,0.592036783695221,0.977393627166748,5.650914669036865,49696
4.565265417098999,0.590640664100647,0.9769260287284851,5.652205944061279,50081
4.574845552444458,0.5894200205802917,0.9769282937049866,5.653475761413574,49603
4.584001064300537,0.5880268216133118,0.9782673120498657,5.65444803237915,47892
4.59440279006958,0.587225615978241,0.9777403473854065,5.65601921081543,50115
4.604030132293701,0.5855016112327576,0.9779447317123413,5.656742095947266,49062
4.615165948867798,0.5842185616493225,0.977366030216217,5.658248424530029,50196
4.6242430210113525,0.583492636680603,0.9774404764175415,5.659476280212402,49382
4.635087251663208,0.5819224715232849,0.9780387878417969,5.660233497619629,48864
4.643919467926025,0.5805749297142029,0.9774940609931946,5.661514759063721,50162
4.6540186405181885,0.5799984335899353,0.9777973294258118,5.663186073303223,49049
4.66522216796875,0.5785205364227295,0.9772076606750488,5.664157867431641,50207
4.674169063568115,0.5772675275802612,0.978321373462677,5.665098667144775,48059
4.6855309009552,0.5762162804603577,0.9781063199043274,5.666530132293701,49808
4.694018125534058,0.5752618312835693,0.9778789281845093,5.667695999145508,49662
4.704326868057251,0.573811411857605,0.9782441854476929,5.6686930656433105,49078
4.714959621429443,0.5730409026145935,0.9777397513389587,5.669930934906006,50094
4.724439859390259,0.5711038112640381,0.977802574634552,5.670539855957031,49357
4.73438835144043,0.5704203248023987,0.9782451391220093,5.672065734863281,48934
4.745459794998169,0.5692720413208008,0.9781733155250549,5.67314338684082,49527
4.754730939865112,0.5681285262107849,0.9782967567443848,5.67423152923584,49282
4.764589309692383,0.5670481324195862,0.9782445430755615,5.675333499908447,49606
4.774150133132935,0.5659441351890564,0.9780915975570679,5.676414489746094,49652
4.784299373626709,0.5647953152656555,0.9782727360725403,5.677228927612305,49221
4.794502019882202,0.5635272264480591,0.9780440330505371,5.678126811981201,49705
4.804895401000977,0.562658429145813,0.9780447483062744,5.679619312286377,49437
4.81439208984375,0.561526894569397,0.9780147075653076,5.680617332458496,49544
4.82515025138855,0.5604439377784729,0.978010356426239,5.681673526763916,49480
4.83465576171875,0.5593562722206116,0.9780531525611877,5.6827521324157715,49458
4.845434665679932,0.5582491755485535,0.9779402613639832,5.683783054351807,49627
4.8549158573150635,0.5572901964187622,0.9778202176094055,5.684754848480225,49583
4.864114284515381,0.556188702583313,0.9777052402496338,5.685771465301514,49552
4.875102996826172,0.5551391839981079,0.9777183532714844,5.686795234680176,49461
4.896749019622803,0.5541477203369141,0.9775575995445251,5.687819004058838,49761
4.899781227111816,0.5527717471122742,0.9768930077552795,5.688644886016846,50300
4.905824184417725,0.5517582893371582,0.9768005013465881,5.689623832702637,49641
4.915321350097656,0.5507047176361084,0.9767555594444275,5.690667152404785,49528
4.924090147018433,0.5500381588935852,0.9774447083473206,5.691802501678467,48656
4.93500018119812,0.5486816763877869,0.9767453074455261,5.692641258239746,50350
4.945152521133423,0.547741711139679,0.976564884185791,5.693525314331055,49687
4.954436302185059,0.546779990196228,0.9763806462287903,5.6945600509643555,49812
4.9644153118133545,0.5460435152053833,0.9772055745124817,5.695692539215088,48527
4.974633455276489,0.5447556972503662,0.976413369178772,5.696598052978516,50477
4.9842848777771,0.5438400506973267,0.976285994052887,5.69746208190918,49507
4.994154930114746,0.5428419709205627,0.9762328267097473,5.6984405517578125,49626
5.0042219161987305,0.5421304702758789,0.9771501421928406,5.699559688568115,48401
5.015268564224243,0.5411974787712097,0.9769392609596252,5.700562953948975,49813
5.024554252624512,0.5403332114219666,0.9768145680427551,5.701457500457764,49564
5.034332275390625,0.5392512679100037,0.9768967628479004,5.702401638031006,49416
5.0442633628845215,0.5383729934692383,0.9769324660301208,5.7033867835998535,49417
5.065290212631226,0.53727787733078,0.9765110015869141,5.704188346862793,49922
5.070444107055664,0.5361436605453491,0.9760544896125793,5.705105781555176,50073
5.074500560760498,0.5354963541030884,0.9767131805419922,5.706088066101074,48745
5.084382772445679,0.5345932245254517,0.9765497446060181,5.707005023956299,49784
5.09501314163208,0.5336734652519226,0.9764828681945801,5.707980632781982,49523
5.104556560516357,0.5326339602470398,0.9765705466270447,5.708868980407715,49409
5.114552974700928,0.5318076014518738,0.9764091372489929,5.709767818450928,49650
5.125207424163818,0.5308985710144043,0.9763362407684326,5.710579872131348,49515
5.134259223937988,0.5299468636512756,0.9763315916061401,5.711432933807373,49578
5.145051002502441,0.5286994576454163,0.9757640361785889,5.712170600891113,50221
5.155090093612671,0.5281280279159546,0.9762590527534485,5.713171482086182,48920
5.16424298286438,0.5273363590240479,0.9761294722557068,5.714038848876953,49721
5.174145221710205,0.5263726115226746,0.9761545062065125,5.714871406555176,49365
5.184743404388428,0.5255696177482605,0.9761187434196472,5.715679168701172,49463
5.1942362785339355,0.5246571898460388,0.976089596748352,5.716526031494141,49559
5.204317569732666,0.5237900614738464,0.9761132597923279,5.71730899810791,49523
5.214314699172974,0.5229484438896179,0.9760909676551819,5.718151569366455,49560
5.224933624267578,0.5221351385116577,0.9759268760681152,5.718954086303711,49717
5.2345521450042725,0.5213373303413391,0.9759065508842468,5.719728469848633,49484
5.24502158164978,0.5204145908355713,0.9759793877601624,5.720499038696289,49318
5.255110740661621,0.519606351852417,0.9759716987609863,5.721241474151611,49488
5.264941215515137,0.5188610553741455,0.9759041666984558,5.7219929695129395,49621
5.274983882904053,0.5180097222328186,0.9758771657943726,5.722758769989014,49571
5.284816265106201,0.5172625780105591,0.9758544564247131,5.723501205444336,49525
5.294934272766113,0.5164140462875366,0.9758831858634949,5.724239349365234,49420
5.305647373199463,0.5156539678573608,0.9759722948074341,5.724989414215088,49320
5.315048933029175,0.5148351192474365,0.9760380983352661,5.725696086883545,49402
5.324300527572632,0.5141215324401855,0.9758989810943604,5.726354122161865,49649
5.3346943855285645,0.5134004354476929,0.9758468866348267,5.72704553604126,49545
5.345078706741333,0.5126472115516663,0.9758269190788269,5.727713108062744,49524
5.355288982391357,0.5119516849517822,0.9759129881858826,5.728431224822998,49355
5.365413665771484,0.5112025141716003,0.9758308529853821,5.729099750518799,49549
5.374161005020142,0.5105199813842773,0.9758813381195068,5.729748725891113,49356
5.385185956954956,0.509789228439331,0.9759258031845093,5.730387210845947,49484
5.394794225692749,0.5091658234596252,0.9758139848709106,5.731003284454346,49624
5.4041056632995605,0.508545994758606,0.9757618308067322,5.731600761413574,49526
5.415467262268066,0.5077952146530151,0.975847601890564,5.732200622558594,49369
5.425319671630859,0.5072023272514343,0.9758515357971191,5.732858180999756,49355
5.434846639633179,0.5065295696258545,0.9758405089378357,5.733466625213623,49494
5.444908618927002,0.5059149265289307,0.9758523106575012,5.734071731567383,49461
5.454608917236328,0.5053425431251526,0.9758673310279846,5.734620094299316,49483
5.465383052825928,0.5047393441200256,0.9757590889930725,5.735179901123047,49614
5.4747583866119385,0.5042203068733215,0.9756821393966675,5.735803127288818,49337
5.48450493812561,0.503562331199646,0.9757698774337769,5.736368656158447,49408
5.494826316833496,0.5031008124351501,0.9757637977600098,5.7369065284729,49471
5.50516152381897,0.5025401711463928,0.9757550358772278,5.737472057342529,49468
5.5152952671051025,0.5020194053649902,0.9757843017578125,5.737974166870117,49447
5.524371862411499,0.5015682578086853,0.9756971001625061,5.738545894622803,49653
5.535039901733398,0.5010561347007751,0.9756070971488953,5.739047527313232,49446
5.545454025268555,0.5006223320960999,0.975557804107666,5.739561557769775,49390
5.555316686630249,0.5001253485679626,0.9754931926727295,5.740076065063477,49589
5.565141439437866,0.49974116683006287,0.9754714369773865,5.740520477294922,49432
5.574331521987915,0.4992925822734833,0.9755436778068542,5.741005897521973,49481
5.585628032684326,0.498855859041214,0.9755651354789734,5.741451740264893,49420
5.595160722732544,0.49853163957595825,0.975522518157959,5.741914749145508,49501
5.604343414306641,0.4981171786785126,0.9755252003669739,5.742374897003174,49331
5.614822626113892,0.4977701008319855,0.9755051136016846,5.742801666259766,49401
5.625458478927612,0.49744120240211487,0.9754722118377686,5.743227481842041,49485
5.635013818740845,0.49713829159736633,0.9753062725067139,5.74366569519043,49702
5.644481897354126,0.4968700110912323,0.975302517414093,5.744078159332275,49547
5.654802322387695,0.49654510617256165,0.9752869009971619,5.744452953338623,49487
5.664309740066528,0.4963746964931488,0.9752389788627625,5.7448039054870605,49408
5.675302267074585,0.4960767328739166,0.9751968383789062,5.745177745819092,49459
5.684276342391968,0.49587011337280273,0.9751833081245422,5.745555877685547,49444
5.694245338439941,0.4956466257572174,0.975121259689331,5.745931148529053,49513
5.71444034576416,0.49548840522766113,0.9749976396560669,5.746274948120117,49691
5.7182841300964355,0.4952971339225769,0.9750778675079346,5.746649742126465,49403
5.727198839187622,0.4950610101222992,0.9750086069107056,5.746944904327393,49557
5.735230207443237,0.494989812374115,0.9748930931091309,5.747264862060547,49487
5.744559288024902,0.49481281638145447,0.9748395681381226,5.747594356536865,49420
5.755488395690918,0.49471911787986755,0.9748032689094543,5.747872829437256,49529
5.76521372795105,0.4946266710758209,0.9746860265731812,5.7481560707092285,49667
5.774149417877197,0.49452561140060425,0.9745538830757141,5.748437404632568,42000
5.783887624740601,0.4944755733013153,0.9745456576347351,5.748730659484863,49207
5.794028997421265,0.49436959624290466,0.9744371771812439,5.748948574066162,49196
5.815069675445557,0.4943535327911377,0.9743523001670837,5.749189853668213,48595
5.8195037841796875,0.49430572986602783,0.9742834568023682,5.7493896484375,49307
5.824662208557129,0.49432021379470825,0.9742148518562317,5.749527931213379,49196
5.835250616073608,0.4944838881492615,0.9739689230918884,5.7496466636657715,49716
5.844279527664185,0.49458998441696167,0.9736928343772888,5.749689102172852,49634
5.85445761680603,0.4948357343673706,0.9733372330665588,5.749629974365234,49624
5.864947319030762,0.49497491121292114,0.9730773568153381,5.749492645263672,49340
5.874524831771851,0.49524810910224915,0.9726898074150085,5.749323844909668,49486
5.885160446166992,0.4955456852912903,0.9722657203674316,5.749063014984131,49678
5.895047187805176,0.4957808256149292,0.9719031453132629,5.748691558837891,49773
5.905390739440918,0.496110200881958,0.9715718626976013,5.748381614685059,49964
5.914617300033569,0.4963562488555908,0.9711841940879822,5.748003959655762,49606
5.924994468688965,0.49666813015937805,0.9708818793296814,5.7475433349609375,49865
5.935039758682251,0.49698156118392944,0.9705079197883606,5.747012138366699,49415
5.944804906845093,0.4974665939807892,0.9699798822402954,5.746445178985596,50078
5.954538583755493,0.4978865385055542,0.9695629477500916,5.745829105377197,49535
5.965155839920044,0.49838608503341675,0.9689337611198425,5.745169639587402,50440
5.9748759269714355,0.49895113706588745,0.9684785604476929,5.744480133056641,49807
5.9850914478302,0.4994029402732849,0.9681033492088318,5.743721961975098,50060
5.995439052581787,0.4999421238899231,0.9677785634994507,5.742833137512207,49750
6.004290819168091,0.5005306005477905,0.9674510955810547,5.74184513092041,49654
6.014492034912109,0.5011738538742065,0.9668476581573486,5.740799427032471,50001
6.025177478790283,0.5019543170928955,0.966299831867218,5.739663600921631,49965
6.034052610397339,0.5025888681411743,0.9658035635948181,5.738474369049072,50079
6.044579744338989,0.5033829212188721,0.9653686285018921,5.737168788909912,49779
6.055089712142944,0.5041173100471497,0.9648624658584595,5.735774040222168,50260
6.065259218215942,0.5049754977226257,0.9643694162368774,5.734230995178223,49920
6.075325965881348,0.5058693289756775,0.9638283848762512,5.732583522796631,50102
6.084784746170044,0.5067306756973267,0.9633232355117798,5.730838298797607,50127
6.094961643218994,0.5076201558113098,0.9629244208335876,5.7290754318237305,49890
6.104378700256348,0.5084950923919678,0.9625073075294495,5.7272233963012695,50032
6.115032434463501,0.5096574425697327,0.9615745544433594,5.725286483764648,50519
6.12516188621521,0.5105561017990112,0.9613018035888672,5.723174095153809,49941
6.135486602783203,0.511576235294342,0.9609971642494202,5.72104024887085,50012
6.144001722335815,0.5126520991325378,0.9605199694633484,5.718835830688477,50136
6.1547956466674805,0.5134281516075134,0.959073007106781,5.716519832611084,51296
6.165428876876831,0.5145578980445862,0.9587284922599792,5.714141368865967,50031
6.174612998962402,0.5159311294555664,0.9590935707092285,5.711794853210449,49368
6.184567928314209,0.5170968174934387,0.9585587382316589,5.709192276000977,50405
6.194755792617798,0.5182836055755615,0.9580095410346985,5.706636428833008,50123
6.204746961593628,0.5191159844398499,0.9568241834640503,5.703897476196289,51283
6.215060472488403,0.5206479430198669,0.9572591781616211,5.701229572296143,49290
6.224114894866943,0.5215557217597961,0.9559405446052551,5.698256492614746,51515
6.234563827514648,0.5227339267730713,0.9556658864021301,5.69540548324585,49817
6.243958950042725,0.5239909887313843,0.9552358984947205,5.692451477050781,50659
6.264666795730591,0.5255997180938721,0.955310046672821,5.689563751220703,49846
6.270374536514282,0.5265894532203674,0.9543544054031372,5.686282634735107,50956
6.276398420333862,0.5280891060829163,0.9547749757766724,5.6831841468811035,49593
6.284612655639648,0.5295260548591614,0.9541677832603455,5.67997932434082,50749
6.294016361236572,0.5307245850563049,0.9538975954055786,5.676733493804932,49902
6.314934730529785,0.5319798588752747,0.9538770318031311,5.6730499267578125,50085
6.31982421875,0.5334393382072449,0.9528053998947144,5.669704437255859,51154
6.325634241104126,0.5347830057144165,0.9528614282608032,5.666326999664307,50039
6.334922790527344,0.5360997319221497,0.9522736072540283,5.662614345550537,51322
6.345176935195923,0.5372471213340759,0.9514188170433044,5.659055233001709,51089
6.355161190032959,0.5389652252197266,0.9518750309944153,5.655507564544678,49450
6.365150451660156,0.5399346947669983,0.9510368704795837,5.651618480682373,51190
6.375065326690674,0.5416423678398132,0.9510335326194763,5.64776086807251,49976
6.38390326499939,0.5427419543266296,0.9504029154777527,5.644035816192627,51279
6.395447492599487,0.5443592667579651,0.9506272077560425,5.640106678009033,49975
6.404136896133423,0.5457825064659119,0.9503536224365234,5.636110782623291,50845
6.414226770401001,0.5471331477165222,0.9502573013305664,5.632124900817871,50274
6.424091577529907,0.5483037233352661,0.9497779607772827,5.628105163574219,50711
6.434389352798462,0.5498613119125366,0.9499466419219971,5.624014377593994,49891
6.445119142532349,0.5511876344680786,0.9499008059501648,5.619848728179932,50509
6.464114189147949,0.5526087880134583,0.9497998356819153,5.6156840324401855,50842
6.466839075088501,0.5539659857749939,0.9495453238487244,5.611449718475342,50377
6.473994731903076,0.5553169250488281,0.9495909810066223,5.6071457862854,50484
6.484253883361816,0.5566019415855408,0.9495919346809387,5.602894306182861,50402
6.49381685256958,0.5580539107322693,0.9493303894996643,5.598501682281494,50506
6.503845930099487,0.559625506401062,0.9491807222366333,5.594176769256592,50479
6.514309883117676,0.5605807900428772,0.9496982097625732,5.589657306671143,49933
6.52427339553833,0.5621142387390137,0.9494163990020752,5.58524227142334,51449
6.534084796905518,0.5632719993591309,0.9496239423751831,5.580747127532959,49734
6.543989181518555,0.5649662017822266,0.9492475390434265,5.576315879821777,51013
6.554629802703857,0.5659924745559692,0.9496766924858093,5.571654796600342,49770
6.564741134643555,0.5676303505897522,0.9493408799171448,5.567081451416016,51008
6.5744383335113525,0.5688620805740356,0.9496182203292847,5.5625152587890625,50021
6.584381818771362,0.5698617100715637,0.9502291679382324,5.557793617248535,49954
6.594836950302124,0.5715018510818481,0.9498715996742249,5.553215026855469,50999
6.604881286621094,0.5726877450942993,0.9501303434371948,5.548513889312744,50010
6.614670753479004,0.5737208724021912,0.9507594108581543,5.543756008148193,49858
6.624692440032959,0.5752810835838318,0.9504287838935852,5.539137840270996,50874
6.634446859359741,0.5762224793434143,0.9513087272644043,5.534298896789551,49269
6.645359754562378,0.5777983665466309,0.9512214660644531,5.529576301574707,50757
6.6548779010772705,0.5790835022926331,0.9514597654342651,5.5248613357543945,49971
6.665167570114136,0.5803214907646179,0.951793909072876,5.520103931427002,50299
6.675237655639648,0.5816060900688171,0.9520125985145569,5.515327453613281,50187
6.685167551040649,0.5827934741973877,0.9523987770080566,5.510499000549316,49950
6.694049835205078,0.5837857723236084,0.9533751010894775,5.505618095397949,49251
6.714963674545288,0.5849460363388062,0.953834593296051,5.500795364379883,49998
6.7195210456848145,0.5862978100776672,0.954059362411499,5.495940208435059,49869
6.735016822814941,0.5875229835510254,0.9546428322792053,5.4911723136901855,49671
6.740326404571533,0.5888053774833679,0.9550750851631165,5.486279487609863,49596
6.747165203094482,0.5903908014297485,0.954994261264801,5.48147439956665,50669
6.755303859710693,0.5916333198547363,0.9554296731948853,5.476556301116943,49861
6.764010429382324,0.5926663279533386,0.9564074277877808,5.471636772155762,49314
6.7745201587677,0.5941980481147766,0.9564188718795776,5.466712474822998,50696
6.784764528274536,0.5955768823623657,0.9568183422088623,5.461773872375488,49349
6.79428505897522,0.596789538860321,0.9574598670005798,5.456873893737793,49672
6.816534042358398,0.5981370210647583,0.9580463767051697,5.451937198638916,49775
6.8197314739227295,0.5998079180717468,0.958095371723175,5.447067737579346,50022
6.826304197311401,0.600295901298523,0.9598476886749268,5.441843509674072,48123
6.834329605102539,0.6021702885627747,0.9597030282020569,5.437185287475586,50613
6.844402551651001,0.6029302477836609,0.9611265659332275,5.431885719299316,48141
6.867243051528931,0.6044741272926331,0.9613909721374512,5.427239894866943,49955
6.8704869747161865,0.6061368584632874,0.9614675045013428,5.422404766082764,49907
6.8759565353393555,0.607172429561615,0.9625784754753113,5.417540550231934,48910
6.8846704959869385,0.6088035106658936,0.96280437707901,5.412641525268555,50018
6.894589424133301,0.6098542213439941,0.9638323783874512,5.407695770263672,48773
6.9152843952178955,0.6112905740737915,0.9644193053245544,5.402899265289307,49551
6.9200310707092285,0.6126009225845337,0.9649832248687744,5.398062705993652,49242
6.9266228675842285,0.6144847869873047,0.9648653268814087,5.393263339996338,50273
6.934772253036499,0.6159257888793945,0.9654746651649475,5.3884596824646,49370
6.944407224655151,0.6173309087753296,0.9659914374351501,5.383567810058594,49724
6.967845678329468,0.6188174486160278,0.9665771722793579,5.378755569458008,49587
6.971311807632446,0.6197090744972229,0.9680619835853577,5.3736162185668945,48076
6.977012634277344,0.6213560700416565,0.9684434533119202,5.36903190612793,49581
6.985156297683716,0.6225807070732117,0.9693352580070496,5.364023685455322,48666
6.994284152984619,0.6240439414978027,0.9698393940925598,5.359221458435059,49821
7.005385398864746,0.6255566477775574,0.9703176617622375,5.354434967041016,48995
7.014262914657593,0.6269806027412415,0.9709236025810242,5.349656105041504,49645
7.024174690246582,0.6293315291404724,0.969978392124176,5.3451104164123535,50834
7.034255027770996,0.6303086876869202,0.9713090062141418,5.34020471572876,48374
7.044055461883545,0.6314756274223328,0.9725027680397034,5.335506439208984,48894
7.064183473587036,0.6328797340393066,0.9731796383857727,5.33078670501709,48866
7.069976329803467,0.6346149444580078,0.9735811352729797,5.326320171356201,49253
7.076444387435913,0.6362071633338928,0.9741103053092957,5.3214945793151855,49257
7.084550142288208,0.6376824975013733,0.9746953248977661,5.316919803619385,49277
7.094060182571411,0.6395547986030579,0.9749268889427185,5.3122639656066895,49673
7.104794263839722,0.6410718560218811,0.9753447771072388,5.307575702667236,49359
7.115199327468872,0.642667829990387,0.9758757948875427,5.3029680252075195,49275
7.124377965927124,0.6441516876220703,0.9767429828643799,5.298426628112793,48816
7.134641408920288,0.6456592082977295,0.977290153503418,5.293745040893555,49169
7.144119501113892,0.647276759147644,0.9779602289199829,5.2891693115234375,48965
7.1651060581207275,0.648675799369812,0.9785948395729065,5.284692764282227,49070
7.170098543167114,0.6504545211791992,0.9792814254760742,5.280093193054199,48785
7.174895286560059,0.6519547700881958,0.9798604249954224,5.2756195068359375,49163
7.184109210968018,0.6535022258758545,0.9805538058280945,5.271020889282227,48829
7.205167531967163,0.6549178957939148,0.9813827872276306,5.26652193069458,48884
7.210026264190674,0.6565372347831726,0.9818811416625977,5.262043476104736,48950
7.215951919555664,0.658045768737793,0.9824674725532532,5.257604598999023,48956
7.2245872020721436,0.6595599055290222,0.9832162261009216,5.253177642822266,49069
7.234739542007446,0.661100447177887,0.9840195775032043,5.2485833168029785,48383
7.244510650634766,0.6623800992965698,0.9851762056350708,5.2443389892578125,48130
7.254485845565796,0.6641587018966675,0.9853277802467346,5.239832878112793,49327
7.265179395675659,0.6654191613197327,0.9864906668663025,5.23561954498291,48036
7.274205923080444,0.6668787598609924,0.9871028065681458,5.231268882751465,48937
7.284884929656982,0.6688257455825806,0.9871771335601807,5.226705074310303,49394
7.294708013534546,0.6699097156524658,0.9884383678436279,5.222491264343262,48259
7.304070949554443,0.6714857816696167,0.9889693856239319,5.218057155609131,48704
7.315004825592041,0.6729510426521301,0.9895550608634949,5.213741779327393,48588
7.324667692184448,0.6745352149009705,0.9901133179664612,5.2094526290893555,48780
7.334713459014893,0.6763818860054016,0.9901160001754761,5.204963684082031,49530
7.34398341178894,0.677915096282959,0.9906193614006042,5.200619220733643,48906
7.35403037071228,0.6790587306022644,0.9918944835662842,5.196534633636475,48087
7.364552974700928,0.6808838248252869,0.9918652772903442,5.192099094390869,49480
7.3740856647491455,0.6820489764213562,0.9929891228675842,5.187982559204102,47862
7.384943962097168,0.6835929155349731,0.9935259819030762,5.183739185333252,48870
7.394129753112793,0.6850016713142395,0.9940440058708191,5.1795654296875,48610
7.40505313873291,0.6865440607070923,0.9945036172866821,5.1753411293029785,48854
7.4144182205200195,0.6880178451538086,0.995015025138855,5.1711106300354,48730
7.424717426300049,0.6895706057548523,0.9954890012741089,5.166860580444336,48758
7.4347004890441895,0.6909984350204468,0.9960415363311768,5.162740230560303,48619
7.444248914718628,0.6924850344657898,0.9964188933372498,5.1585917472839355,48876
7.454735517501831,0.6940506100654602,0.9968189597129822,5.154369354248047,48825
7.465163469314575,0.6954102516174316,0.9973612427711487,5.150259494781494,48686
7.474686861038208,0.6969254016876221,0.9977819919586182,5.146083831787109,48827
7.485177755355835,0.6984519958496094,0.9981437921524048,5.141965866088867,48813
7.495117425918579,0.6998898386955261,0.998561680316925,5.137851715087891,48709
7.504404783248901,0.7013537287712097,0.9990769624710083,5.133788585662842,48604
7.5149102210998535,0.7027785181999207,0.9993444085121155,5.129670143127441,48910
7.524054527282715,0.7043710947036743,0.9997317790985107,5.1255574226379395,48945
7.546974420547485,0.7056846022605896,1.0002236366271973,5.121529579162598,48531
7.55078911781311,0.7072049975395203,1.0004727840423584,5.117427349090576,48797
7.556879997253418,0.7087050080299377,1.000755786895752,5.113396167755127,48770
7.564732789993286,0.7100234627723694,1.0011720657348633,5.109370231628418,48656
7.575213432312012,0.7115088701248169,1.0014673471450806,5.105341911315918,48976
7.584043502807617,0.7128973603248596,1.0017050504684448,5.1013007164001465,48861
7.595010995864868,0.7143218517303467,1.002070426940918,5.097279071807861,48541
7.6145830154418945,0.7156720161437988,1.0024478435516357,5.093342304229736,48709
7.6204822063446045,0.7170842885971069,1.002626657485962,5.089380264282227,48829
7.62456488609314,0.7184767127037048,1.0029053688049316,5.085407257080078,48729
7.634774446487427,0.7197390198707581,1.0032638311386108,5.081537246704102,48643
7.644928216934204,0.7211827635765076,1.003490686416626,5.077580451965332,48833
7.654902935028076,0.7225269675254822,1.0037401914596558,5.073631286621094,48755
7.6645894050598145,0.723899245262146,1.0040491819381714,5.069707870483398,48762
7.674282073974609,0.7251603603363037,1.004298210144043,5.0659098625183105,48633
7.685019254684448,0.72655189037323,1.00444495677948,5.062064170837402,48833
7.694451808929443,0.7278956174850464,1.0046062469482422,5.058185577392578,48837
7.705165863037109,0.7291544675827026,1.0049327611923218,5.0542778968811035,48630
7.7152581214904785,0.7305474877357483,1.0051257610321045,5.050409317016602,48802
7.72400975227356,0.731783926486969,1.0052616596221924,5.046675682067871,48801
7.734407901763916,0.7330973148345947,1.005437970161438,5.042861461639404,48766
7.965954065322876,0.7356405258178711,1.005752682685852,5.0353264808654785,48596
7.971792221069336,0.7505112886428833,1.0072888135910034,4.991389751434326,47071
7.977797031402588,0.7517903447151184,1.0073364973068237,4.987710475921631,48855
7.984483003616333,0.7529659867286682,1.007375717163086,4.984224796295166,48864
7.990143537521362,0.7542718052864075,1.007434606552124,4.980653285980225,48839
7.9965198040008545,0.7553972601890564,1.007462739944458,4.977138519287109,48875
8.002545356750488,0.7566678524017334,1.007469892501831,4.973621845245361,48900
8.00829005241394,0.7578639984130859,1.0075849294662476,4.970145225524902,48767
8.01457953453064,0.7590570449829102,1.0076088905334473,4.9665632247924805,48876
8.020424842834473,0.760272741317749,1.0076746940612793,4.963064670562744,48644
8.026051044464111,0.7614830732345581,1.0076839923858643,4.959667682647705,48887
8.031661987304688,0.7627077102661133,1.0076438188552856,4.956242084503174,48947
8.037355422973633,0.7638100981712341,1.0077532529830933,4.95285177230835,48764
8.042078256607056,0.7651055455207825,1.0077656507492065,4.949426651000977,48871
8.047563314437866,0.7662414312362671,1.0078057050704956,4.946057319641113,48593
8.053209066390991,0.7673293352127075,1.007936716079712,4.942777633666992,48726
8.058330059051514,0.7685796618461609,1.007854700088501,4.939523220062256,48911
8.064363718032837,0.7696775197982788,1.0078293085098267,4.93621826171875,48607
8.06963062286377,0.7708010673522949,1.0078626871109009,4.932998180389404,48837
8.07568359375,0.7719915509223938,1.0078825950622559,4.929710865020752,48695
8.081275224685669,0.7730963826179504,1.0077799558639526,4.9264750480651855,48905
8.086601495742798,0.7741764187812805,1.0078538656234741,4.923337459564209,48643
8.09205436706543,0.7752848863601685,1.00779128074646,4.920202255249023,48939
8.097479581832886,0.7764971256256104,1.007614254951477,4.917062282562256,49005
8.104652643203735,0.777500331401825,1.0075998306274414,4.9139885902404785,48827
8.114585638046265,0.7786939740180969,1.0075739622116089,4.910801887512207,48814
8.125193119049072,0.7798046469688416,1.0074490308761597,4.907710552215576,48904
8.134991645812988,0.7807932496070862,1.0074454545974731,4.904714584350586,48719
8.144886493682861,0.7819642424583435,1.0073298215866089,4.901660919189453,48939
8.165571212768555,0.7830287218093872,1.0072354078292847,4.898636341094971,48902
8.171262979507446,0.7841194272041321,1.007171869277954,4.895622253417969,48948
8.177077293395996,0.7854165434837341,1.006677508354187,4.892275810241699,49479
8.185075283050537,0.786552369594574,1.0064711570739746,4.889288902282715,48938
8.194605827331543,0.7876294255256653,1.0063049793243408,4.886352062225342,49064
8.204920530319214,0.7886735200881958,1.0061132907867432,4.883421421051025,49027
8.215246677398682,0.7903038263320923,1.0053739547729492,4.880006313323975,49741
8.224032878875732,0.7912498116493225,1.0052658319473267,4.877139091491699,48982
8.234395265579224,0.7923177480697632,1.0051541328430176,4.8742852210998535,49044
8.244370937347412,0.7934064269065857,1.0049734115600586,4.8714399337768555,49043
8.264384508132935,0.7944818735122681,1.0047810077667236,4.868630886077881,48955
8.266921758651733,0.7955620884895325,1.0046204328536987,4.865798473358154,49122
8.275517225265503,0.7965355515480042,1.0044971704483032,4.86301326751709,49021
8.284516096115112,0.7976329326629639,1.0043821334838867,4.860200881958008,49008
8.294318437576294,0.7987329363822937,1.0041521787643433,4.857385635375977,49216
8.305183172225952,0.7997718453407288,1.0039271116256714,4.854681491851807,49027
8.314685821533203,0.8007756471633911,1.003745198249817,4.851987838745117,49047
8.33668327331543,0.8018397688865662,1.0035433769226074,4.849189281463623,49064
8.3395676612854,0.8028754591941833,1.003350019454956,4.846396446228027,49185
8.345200538635254,0.8038643002510071,1.003136396408081,4.843624114990234,49161
8.364372253417969,0.8048815727233887,1.002927541732788,4.840934753417969,49089
8.369086980819702,0.8059626817703247,1.00260591506958,4.838205337524414,49357
8.373991250991821,0.8069887161254883,1.0023317337036133,4.835525989532471,49309
8.384660959243774,0.8083762526512146,1.0016160011291504,4.832354545593262,49671
8.394335985183716,0.8093822002410889,1.0013080835342407,4.829654693603516,49320
8.415069818496704,0.8105307817459106,1.0009945631027222,4.826932907104492,49371
8.41955852508545,0.8114742040634155,1.0007834434509277,4.824288368225098,49273
8.424484252929688,0.8125100135803223,1.0004875659942627,4.8217082023620605,49311
8.434937238693237,0.8134526610374451,1.0002477169036865,4.819094657897949,49245
8.44382619857788,0.8142910599708557,1.0003808736801147,4.81672477722168,48794
8.464296340942383,0.8153110146522522,1.0002449750900269,4.814125061035156,49044
8.470240116119385,0.8162199258804321,1.0000007152557373,4.811556816101074,49327
8.474220275878906,0.8172379732131958,0.9997800588607788,4.808993816375732,49251
8.484483242034912,0.8182399272918701,0.9994626045227051,4.806422233581543,49346
8.494776487350464,0.8191674947738647,0.9991617798805237,4.803871154785156,49261
8.50514817237854,0.8202148675918579,0.9989709854125977,4.801174640655518,49306
8.515565156936646,0.8210946917533875,0.9986332654953003,4.798612117767334,49425
8.524623394012451,0.8221174478530884,0.998373806476593,4.796053409576416,49337
8.534958839416504,0.8230673670768738,0.9979701042175293,4.79351806640625,49522
8.545104026794434,0.8239516615867615,0.9977120757102966,4.791011333465576,49334
8.564828157424927,0.824794352054596,0.9975073337554932,4.788595676422119,49244
8.574758768081665,0.8256845474243164,0.9972671270370483,4.786075592041016,49390
8.58068060874939,0.8266288042068481,0.9970414638519287,4.783569812774658,49380
8.586905002593994,0.827515184879303,0.9966673254966736,4.781086444854736,49459
8.595458269119263,0.8281920552253723,0.9967502951622009,4.778730869293213,48956
8.615056276321411,0.8290882706642151,0.9963674545288086,4.776269912719727,49461
8.624778747558594,0.8299975991249084,0.9960489273071289,4.773789405822754,49514
8.630066156387329,0.8307960033416748,0.995947003364563,4.77119255065918,49257
8.634725332260132,0.8318188190460205,0.9952167272567749,4.768670558929443,49941
8.644927978515625,0.8324949145317078,0.9952787756919861,4.7663254737854,49018
8.655544519424438,0.8333015441894531,0.9948856830596924,4.763885021209717,49654
8.665446519851685,0.8343065977096558,0.994453489780426,4.761370658874512,49597
8.674507141113281,0.8351753354072571,0.994054913520813,4.7589545249938965,49633
8.684579610824585,0.8358230590820312,0.9940943717956543,4.756655216217041,49100
8.69497537612915,0.8367537260055542,0.9936890006065369,4.754145622253418,49639
8.715382814407349,0.837533175945282,0.9933321475982666,4.75175666809082,49546
8.71978211402893,0.8382815718650818,0.9933425188064575,4.7495808601379395,49191
8.726572751998901,0.8391969799995422,0.9928040504455566,4.747097015380859,49830
8.734811305999756,0.8398711681365967,0.9928836226463318,4.744879722595215,49052
8.744908809661865,0.8406226634979248,0.9927231669425964,4.74255895614624,49388
8.767242193222046,0.8413614630699158,0.9925714731216431,4.740149021148682,49273
8.770353317260742,0.8422638177871704,0.9922300577163696,4.7379865646362305,49640
8.78496503829956,0.8431602716445923,0.9917444586753845,4.7355523109436035,49782
8.7893705368042,0.8439058065414429,0.9918042421340942,4.733443737030029,49171
8.796220064163208,0.8447153568267822,0.9914882183074951,4.7311553955078125,49575
8.815209865570068,0.8454451560974121,0.9914977550506592,4.72893762588501,49155
8.819644689559937,0.8462998270988464,0.9912945628166199,4.726754188537598,49498
8.826560020446777,0.8471361994743347,0.9910046458244324,4.724539279937744,49513
8.834275484085083,0.8479488492012024,0.9909558892250061,4.722385406494141,49272
8.844217777252197,0.8487371802330017,0.990710973739624,4.720212459564209,49531
8.864319324493408,0.8495925664901733,0.9905390739440918,4.718064785003662,49372
8.870018005371094,0.8503822088241577,0.990454912185669,4.715928554534912,49374
8.885064125061035,0.8510046005249023,0.9906826615333557,4.714052677154541,48936
8.891483068466187,0.8519031405448914,0.9905693531036377,4.712048530578613,49405
8.895199537277222,0.8526734709739685,0.990424394607544,4.709961414337158,49323
8.916003227233887,0.8535362482070923,0.9903798699378967,4.707993984222412,49233
8.925007343292236,0.8543998003005981,0.9902388453483582,4.705968856811523,49443
8.929836750030518,0.855269193649292,0.9901823401451111,4.703948497772217,49343
8.934373140335083,0.8562061786651611,0.990100622177124,4.701995849609375,49275
8.944543600082397,0.8570403456687927,0.9899644255638123,4.700072765350342,49390
8.95407485961914,0.8579040765762329,0.9899264574050903,4.698141574859619,49276
8.96458625793457,0.85878586769104,0.9897763729095459,4.696208477020264,49427
8.97532033920288,0.8597370982170105,0.989797830581665,4.694319725036621,49215
8.994532823562622,0.8606120347976685,0.9897252321243286,4.692402362823486,49264
8.999589681625366,0.861518919467926,0.9896363019943237,4.69054651260376,49390
9.004124164581299,0.8624182343482971,0.9895803332328796,4.688736915588379,49308
9.015353441238403,0.8632981181144714,0.9894765615463257,4.686865329742432,49371
9.037294864654541,0.8643127679824829,0.9895848631858826,4.684948444366455,49079
9.040744304656982,0.8651890754699707,0.9894189834594727,4.683267116546631,49485
9.044214248657227,0.8660746216773987,0.9895725250244141,4.681320667266846,49042
9.065127849578857,0.8671327829360962,0.9893367886543274,4.679699420928955,49537
9.07430386543274,0.8680573105812073,0.9893730282783508,4.677919387817383,49177
9.085084199905396,0.8691121339797974,0.9892936944961548,4.676319122314453,49317
9.094494104385376,0.8700002431869507,0.9892486333847046,4.674554824829102,49328
9.097561836242676,0.8710424900054932,0.9892835021018982,4.672914028167725,49243
9.114624500274658,0.8720548152923584,0.9892376661300659,4.671299457550049,49272
9.116828680038452,0.8729768395423889,0.9892754554748535,4.669676303863525,49238
9.134840726852417,0.8739911317825317,0.989204466342926,4.668085098266602,49282
9.140466690063477,0.8749717473983765,0.9890962243080139,4.666518211364746,49417
9.14417028427124,0.8760255575180054,0.989207923412323,4.665041446685791,49071
9.164035320281982,0.8769858479499817,0.9891362190246582,4.663420677185059,49344
9.166985750198364,0.8779972791671753,0.9891589283943176,4.661956310272217,49256
9.184116125106812,0.879000186920166,0.9891213178634644,4.6605143547058105,49251
9.193942070007324,0.8800292611122131,0.9890871047973633,4.659070014953613,49279
9.198735475540161,0.8811087608337402,0.9890918731689453,4.657674789428711,49277
9.215453386306763,0.8820320963859558,0.9891107678413391,4.656185150146484,49168
9.221111059188843,0.8830681443214417,0.9891650080680847,4.6548542976379395,49213
9.23488163948059,0.8841288089752197,0.989069402217865,4.653459072113037,49356
9.23976993560791,0.8851777911186218,0.989109456539154,4.652130603790283,49231
9.244452953338623,0.8862188458442688,0.989111065864563,4.650844573974609,49200
9.264440774917603,0.8871921896934509,0.989132821559906,4.649493217468262,49212
9.269171476364136,0.8882691860198975,0.9891844987869263,4.64821195602417,49212
9.275195360183716,0.8893253803253174,0.9891824126243591,4.646890163421631,49219
9.294595956802368,0.890389084815979,0.9892736673355103,4.645696640014648,49109
9.297548294067383,0.891399085521698,0.989231288433075,4.644446849822998,49321
9.306529998779297,0.8924206495285034,0.989324152469635,4.643247127532959,49114
9.315193891525269,0.8935556411743164,0.9893941879272461,4.642045497894287,49149
9.335226774215698,0.894601583480835,0.9894182682037354,4.640865802764893,49167
9.344405174255371,0.895679235458374,0.9894787669181824,4.639748573303223,49187
9.347540855407715,0.8966919779777527,0.9895265698432922,4.638620376586914,49201
9.354993104934692,0.8977609276771545,0.989642858505249,4.637508869171143,49048
9.363932847976685,0.8988814949989319,0.9896339774131775,4.636422157287598,49231
9.374455451965332,0.8998846411705017,0.9897152781486511,4.635397911071777,49144
9.3842613697052,0.9009389281272888,0.9899181723594666,4.634376049041748,48973
9.39419412612915,0.9020347595214844,0.9899356365203857,4.633323669433594,49194
9.414451122283936,0.9030858278274536,0.990105926990509,4.632326126098633,48985
9.424515962600708,0.9040533304214478,0.9901654124259949,4.631375789642334,49163
9.434703350067139,0.9051520228385925,0.990234911441803,4.630410194396973,49119
9.445051670074463,0.9062541723251343,0.9904314875602722,4.629372596740723,48966
9.44981598854065,0.9072720408439636,0.9904671311378479,4.628568172454834,49182
9.454324960708618,0.9083691239356995,0.9906643629074097,4.6277055740356445,48920
9.464274644851685,0.9093768000602722,0.9907194972038269,4.626780033111572,49130
9.473910093307495,0.9104722738265991,0.9908612370491028,4.625942230224609,49005
9.484184741973877,0.9114985466003418,0.9910783767700195,4.625017166137695,48939
9.494044065475464,0.91257244348526,0.9910371899604797,4.624310493469238,49231
9.50427770614624,0.913707435131073,0.9911772012710571,4.623487949371338,49004
9.524422407150269,0.9147293567657471,0.9913184642791748,4.622659206390381,48979
9.526896476745605,0.9157916903495789,0.9915241599082947,4.621938705444336,48941
9.544939994812012,0.9168625473976135,0.9915478825569153,4.621196269989014,49137
9.55070972442627,0.9178979992866516,0.9917295575141907,4.620414733886719,48964
9.565319299697876,0.9189464449882507,0.9919085502624512,4.619729995727539,48926
9.574744462966919,0.9199437499046326,0.9921326637268066,4.618949890136719,48875
9.584722995758057,0.9211087822914124,0.9923108220100403,4.618329048156738,48927
9.590601682662964,0.922159731388092,0.9923266172409058,4.6177825927734375,49143
9.594314575195312,0.9232305288314819,0.9925761222839355,4.6171793937683105,48812
9.604850053787231,0.9243449568748474,0.99260014295578,4.616570949554443,49113
9.624897956848145,0.9253948926925659,0.992807149887085,4.616004467010498,48862
9.629674911499023,0.9264644980430603,0.9930438995361328,4.615468978881836,48854
9.644731998443604,0.9275097846984863,0.9931365251541138,4.61483097076416,49003
9.649576902389526,0.9285953640937805,0.9934234023094177,4.614250659942627,48782
9.654070138931274,0.9296313524246216,0.9935523271560669,4.6137261390686035,48933
9.664036273956299,0.9306458234786987,0.9938408732414246,4.613153457641602,48749
9.685402870178223,0.9317424297332764,0.9939903616905212,4.612656116485596,48915
9.695428848266602,0.9328133463859558,0.9942100048065186,4.612155914306641,48818
9.700546026229858,0.9339966773986816,0.9943227171897888,4.611799716949463,48963
9.717954397201538,0.935113787651062,0.9944128394126892,4.61133337020874,48957
9.720951795578003,0.936221718788147,0.9946392178535461,4.610906600952148,48816
9.726286172866821,0.9372833371162415,0.9948480129241943,4.610497951507568,48806
9.734549283981323,0.9386471509933472,0.9946742057800293,4.60988187789917,49277
9.744194746017456,0.9397765398025513,0.9948316812515259,4.609481334686279,48879
9.754733562469482,0.9408440589904785,0.9951023459434509,4.60910701751709,48742
9.77398133277893,0.9419921636581421,0.9953989386558533,4.608717918395996,48683
9.784780263900757,0.9429649114608765,0.9957732558250427,4.6083574295043945,48603
9.79443073272705,0.9440407156944275,0.9960730075836182,4.608081817626953,48668
9.805276155471802,0.9452447891235352,0.9960540533065796,4.60763692855835,49052
9.814263582229614,0.9463800191879272,0.9962770938873291,4.607349395751953,48753
9.819488525390625,0.9474675059318542,0.9966778755187988,4.607131481170654,48543
9.834897756576538,0.9486100077629089,0.9966903328895569,4.606754779815674,48989
9.840741157531738,0.9497285485267639,0.9971442222595215,4.606473445892334,48465
9.855084657669067,0.9508851170539856,0.9972866773605347,4.6061906814575195,48816
9.8606116771698,0.9519973993301392,0.9975024461746216,4.606054782867432,48739
9.8751060962677,0.953231692314148,0.9975969791412354,4.605749607086182,48845
9.88702917098999,0.9541882276535034,0.9979942440986633,4.605552673339844,48506
9.890239238739014,0.9554316401481628,0.998223602771759,4.605440616607666,48700
9.896386861801147,0.9564144611358643,0.9984130859375,4.60518217086792,48725
9.904382944107056,0.9575366973876953,0.998589277267456,4.605102062225342,48748
9.914024353027344,0.9586759805679321,0.9988135695457458,4.604830265045166,48684
9.925159692764282,0.9598343372344971,0.9989510178565979,4.604823589324951,48781
9.944102048873901,0.960893988609314,0.9991899132728577,4.6045989990234375,48644
9.954247951507568,0.9619464874267578,0.999325156211853,4.604486465454102,48779
9.957333087921143,0.9630447626113892,0.9995707273483276,4.604410648345947,48639
9.964580535888672,0.964119553565979,0.9997416734695435,4.60429048538208,48715
9.984623908996582,0.9652432799339294,0.9999443292617798,4.604213237762451,48673
9.994126319885254,0.9664678573608398,1.0000211000442505,4.604193210601807,48828
10.004055261611938,0.9675518274307251,1.0002024173736572,4.604160308837891,48691
10.014204025268555,0.9686378836631775,1.000409722328186,4.604119300842285,48655
10.024074792861938,0.9696253538131714,1.0005513429641724,4.603992938995361,48727
10.034376621246338,0.9706798195838928,1.0007978677749634,4.603996276855469,48596
10.037609815597534,0.9718710780143738,1.0008885860443115,4.604002475738525,48785
10.055159568786621,0.9729520082473755,1.0010179281234741,4.604009628295898,48732
10.064965009689331,0.9740895628929138,1.0010929107666016,4.603984832763672,48796
10.073985815048218,0.9751010537147522,1.001036524772644,4.603838920593262,48952
10.086611986160278,0.9760698080062866,1.0014361143112183,4.603970050811768,48394
10.089678764343262,0.9770495295524597,1.001610517501831,4.603897571563721,48662
10.09531831741333,0.9780611395835876,1.0018556118011475,4.603955268859863,48567
10.115647315979004,0.9792330861091614,1.0018402338027954,4.604116439819336,48879
10.124151468276978,0.9802883267402649,1.0018168687820435,4.6041951179504395,48893
10.134285926818848,0.9814181327819824,1.0016695261001587,4.604059219360352,49046
10.145045280456543,0.982353925704956,1.0017657279968262,4.604147911071777,48748
10.154578685760498,0.9832922220230103,1.0021859407424927,4.604363918304443,48353
10.164743661880493,0.984346866607666,1.002243161201477,4.604511737823486,48784
10.169448137283325,0.985284686088562,1.0024781227111816,4.60462760925293,48563
10.184714078903198,0.9865230321884155,1.0022048950195312,4.604727268218994,49176
10.190692901611328,0.9874922037124634,1.002170443534851,4.604806423187256,48896
10.196190118789673,0.9884572625160217,1.002453088760376,4.605062484741211,48507
10.20404577255249,0.9894807934761047,1.0023304224014282,4.60508918762207,48996
10.225425004959106,0.9904776215553284,1.002653956413269,4.605452537536621,48453
10.235191583633423,0.9915200471878052,1.0026308298110962,4.605614185333252,48871
10.245136737823486,0.992458164691925,1.002629280090332,4.605823516845703,48837
10.249852657318115,0.9935246706008911,1.0025806427001953,4.6060333251953125,48900
10.264872789382935,0.9945433735847473,1.0024993419647217,4.606203556060791,48940
10.269779682159424,0.9956164956092834,1.0025482177734375,4.606464862823486,48784
10.28539752960205,0.9966630339622498,1.002329707145691,4.60654354095459,49113
10.298024415969849,0.9975045323371887,1.002528190612793,4.606881141662598,48607
10.301222324371338,0.9984704852104187,1.0024062395095825,4.60700798034668,48993
10.315147876739502,0.9994341731071472,1.0023380517959595,4.607288837432861,48936
10.319646120071411,1.0005537271499634,1.0020755529403687,4.607448577880859,49172
10.324345827102661,1.0016080141067505,1.001896619796753,4.607702732086182,49079
10.344804048538208,1.002442717552185,1.0020910501480103,4.608067989349365,48627
10.350422620773315,1.0033745765686035,1.001969337463379,4.608305931091309,49006
10.354366302490234,1.004271388053894,1.0018963813781738,4.608527660369873,48954
10.375012874603271,1.0053318738937378,1.001683235168457,4.608877182006836,49130
10.380724906921387,1.0064295530319214,1.0013670921325684,4.609184741973877,49258
10.387536525726318,1.0073262453079224,1.0014851093292236,4.609625339508057,48736
10.405350923538208,1.008274793624878,1.0012507438659668,4.609910488128662,49168
10.415387392044067,1.009208083152771,1.0012125968933105,4.610272407531738,48928
10.425366401672363,1.0100847482681274,1.00098717212677,4.610522270202637,49169
10.435187816619873,1.011070966720581,1.0008597373962402,4.6108622550964355,49049
10.440126895904541,1.0122114419937134,1.0004867315292358,4.61118745803833,49353
10.455009937286377,1.0132254362106323,1.000077486038208,4.611453533172607,49416
10.464390754699707,1.0140678882598877,1.0001522302627563,4.611941337585449,48833
10.474497318267822,1.0150097608566284,0.9997762441635132,4.612155914306641,49390
10.484489679336548,1.015890121459961,0.9996896982192993,4.61253023147583,49031
10.495232343673706,1.016837477684021,0.999424159526825,4.612880229949951,49268
10.504664182662964,1.0177146196365356,0.9991095066070557,4.613214492797852,49326
10.510337114334106,1.0186126232147217,0.9989955425262451,4.613482475280762,49088
10.52480435371399,1.0194905996322632,0.9985785484313965,4.613896369934082,49479
10.535083532333374,1.0203582048416138,0.9983723163604736,4.614273548126221,49219
10.54424500465393,1.0212734937667847,0.9979707598686218,4.614657402038574,49476
10.555191993713379,1.022110104560852,0.9977393746376038,4.615059852600098,49274
10.564040660858154,1.0231322050094604,0.9972466826438904,4.615345478057861,49608
10.573980808258057,1.0238906145095825,0.9971076250076294,4.615804195404053,49181
10.58502984046936,1.0247002840042114,0.996958315372467,4.616146564483643,49205
10.594846487045288,1.0255639553070068,0.9965671300888062,4.616534233093262,49501
10.604793548583984,1.0264217853546143,0.9962428212165833,4.617019176483154,49433
10.614545822143555,1.0273447036743164,0.9958229660987854,4.617468357086182,49567
10.624733209609985,1.0282533168792725,0.9953418374061584,4.61784029006958,49656
10.635108470916748,1.029139518737793,0.9950693845748901,4.618344783782959,49407
10.644755125045776,1.0297775268554688,0.9948874711990356,4.618760585784912,49307
10.654837608337402,1.0304784774780273,0.9947948455810547,4.619143486022949,49201
10.664941310882568,1.0313857793807983,0.9940429925918579,4.619444847106934,50017
10.669100046157837,1.032148838043213,0.9937141537666321,4.619847297668457,49508
10.67558217048645,1.0330052375793457,0.9932733178138733,4.620274066925049,49690
10.693915605545044,1.033889651298523,0.9925590753555298,4.620502471923828,50033
10.699311256408691,1.0345269441604614,0.992449164390564,4.621014595031738,49285
10.705261707305908,1.035119652748108,0.9923138618469238,4.621401786804199,49341
10.724260568618774,1.0357468128204346,0.9921429753303528,4.621849060058594,49391
10.727046012878418,1.036508560180664,0.9917564392089844,4.622248649597168,49639
10.744196891784668,1.037233829498291,0.9913493394851685,4.622633934020996,49688
10.747200727462769,1.0380713939666748,0.9908556342124939,4.62321662902832,49795
10.764395952224731,1.0386673212051392,0.9904831647872925,4.623600959777832,49687
10.774208545684814,1.0393366813659668,0.9902526140213013,4.624039173126221,49515
10.785488605499268,1.039944052696228,0.9899889230728149,4.624387264251709,49561
10.795536994934082,1.0405752658843994,0.9897618293762207,4.624824523925781,49526
10.805033683776855,1.0413421392440796,0.9893366098403931,4.625312328338623,49778
10.814920425415039,1.0419632196426392,0.9889249801635742,4.625784397125244,49768
10.824490547180176,1.0426515340805054,0.9884498119354248,4.626231670379639,49866
10.834088802337646,1.0432252883911133,0.9880713820457458,4.626681327819824,49759
10.844510555267334,1.043753743171692,0.9879492521286011,4.627048969268799,49459
10.84727692604065,1.0444015264511108,0.987589418888092,4.62749719619751,49737
10.856950044631958,1.0449470281600952,0.9872748851776123,4.627951145172119,49713
10.87488842010498,1.0456701517105103,0.9867932200431824,4.628363609313965,49940
10.884960651397705,1.0462332963943481,0.9863024950027466,4.62880802154541,49948
10.894802331924438,1.0468385219573975,0.9858871102333069,4.629241943359375,49882
10.904794931411743,1.047368049621582,0.9855024814605713,4.629642009735107,49848
10.91499400138855,1.0479168891906738,0.9852810502052307,4.630125999450684,49666
10.924511432647705,1.0484144687652588,0.98496013879776,4.630408763885498,49799
10.934853315353394,1.0489115715026855,0.9845620393753052,4.6309003829956055,49896
10.944332122802734,1.0495418310165405,0.9841325283050537,4.631353378295898,49951
10.954748153686523,1.0500763654708862,0.983678936958313,4.631786346435547,49995
10.965218782424927,1.0506479740142822,0.9834772944450378,4.632257461547852,49698
10.974665641784668,1.0511858463287354,0.9831060171127319,4.632774353027344,49919
10.984652996063232,1.051616907119751,0.9828159213066101,4.6332244873046875,49825
10.994079113006592,1.0521026849746704,0.982471764087677,4.633551597595215,49906
11.004826068878174,1.052565097808838,0.9821000099182129,4.634044170379639,49947
11.014719247817993,1.0530651807785034,0.9817915558815002,4.6344895362854,49886
11.024343490600586,1.0534801483154297,0.9814749956130981,4.634931564331055,49906
11.034491777420044,1.0539252758026123,0.9813676476478577,4.635365962982178,49658
11.044504165649414,1.054439663887024,0.9809695482254028,4.635898590087891,50022
11.054209232330322,1.0548357963562012,0.9805856347084045,4.636417865753174,50008
11.065128326416016,1.055275321006775,0.9803003072738647,4.636826038360596,49912
11.075490474700928,1.0556323528289795,0.9799843430519104,4.637287139892578,49955
11.08479118347168,1.0560659170150757,0.9798079133033752,4.637740612030029,49793
11.095237731933594,1.0564407110214233,0.9795126914978027,4.63822603225708,49943
11.104800462722778,1.0568100214004517,0.9793301224708557,4.638727188110352,49814
11.115384340286255,1.057214617729187,0.9788318276405334,4.63920259475708,50219
11.124241590499878,1.057547926902771,0.9784851670265198,4.639665603637695,50039
11.134731531143188,1.057975172996521,0.9782297611236572,4.640137195587158,49949
11.145121574401855,1.0582655668258667,0.977948784828186,4.640570163726807,49985
11.155017852783203,1.0585706233978271,0.9777461290359497,4.640960216522217,49899
11.1651771068573,1.0588732957839966,0.9773685932159424,4.641407489776611,50122
11.174203157424927,1.059146761894226,0.9771023988723755,4.6418843269348145,49994
11.185117959976196,1.059586524963379,0.976682722568512,4.642439842224121,50201
11.195140361785889,1.0598615407943726,0.9763064980506897,4.642902374267578,50154
11.20525074005127,1.0601990222930908,0.9761389493942261,4.643377304077148,49914
11.214730262756348,1.0604050159454346,0.9758961796760559,4.643778324127197,50014
11.224725484848022,1.0606682300567627,0.9756722450256348,4.644267559051514,49993
11.234078407287598,1.0609862804412842,0.9753639101982117,4.644769668579102,50110
11.245123863220215,1.0611953735351562,0.975124180316925,4.645271301269531,50035
11.254122495651245,1.0615652799606323,0.9748989939689636,4.645759105682373,50030
11.26442813873291,1.0619277954101562,0.9745699167251587,4.6464338302612305,50160
11.274257183074951,1.062131643295288,0.9745398759841919,4.646925926208496,49829
11.284427881240845,1.0623083114624023,0.9742163419723511,4.647451877593994,50150
11.294032335281372,1.0624988079071045,0.9741200804710388,4.647913932800293,49899
11.304769277572632,1.0628166198730469,0.9738446474075317,4.648455619812012,50135
11.314679384231567,1.0630604028701782,0.9736274480819702,4.648993015289307,50055
11.324141025543213,1.0633271932601929,0.9734711050987244,4.64955472946167,49994
11.334330320358276,1.0635343790054321,0.9732508659362793,4.6501078605651855,50080
11.345290660858154,1.0637071132659912,0.9731765985488892,4.650755882263184,49914
11.354671955108643,1.063916563987732,0.9729368686676025,4.651357650756836,50126
11.365172624588013,1.0641130208969116,0.9727776646614075,4.65189790725708,50026
11.375380516052246,1.0643671751022339,0.972675621509552,4.65235710144043,49967
11.384855031967163,1.0644975900650024,0.972491979598999,4.652927398681641,50062
11.393994808197021,1.0646679401397705,0.9724383354187012,4.653497695922852,49908
11.40534520149231,1.0647985935211182,0.9722667932510376,4.654088973999023,50061
11.414897918701172,1.064924955368042,0.9722170233726501,4.654738903045654,49923
11.424251556396484,1.0651711225509644,0.9720259308815002,4.655311584472656,50103
11.43454623222351,1.0653506517410278,0.9718731045722961,4.655930042266846,50045
11.445376873016357,1.0656311511993408,0.9717099070549011,4.65660285949707,50072
11.454935073852539,1.0657317638397217,0.9716448783874512,4.657160758972168,49953
11.464659214019775,1.0658851861953735,0.971677839756012,4.657799243927002,49838
11.474936485290527,1.0660109519958496,0.9716412425041199,4.65845251083374,49926
11.485733985900879,1.06613028049469,0.9716581106185913,4.6591315269470215,49858
11.49479365348816,1.0664869546890259,0.971518874168396,4.65980863571167,50076
11.504886865615845,1.0666381120681763,0.9714082479476929,4.660501956939697,49992
11.514586925506592,1.0668667554855347,0.9714470505714417,4.66117000579834,49834
11.524017810821533,1.0669686794281006,0.9713832139968872,4.661887168884277,49962
11.535054206848145,1.0670477151870728,0.9715385437011719,4.662590980529785,49700
11.54534101486206,1.0671865940093994,0.9716105461120605,4.663261890411377,49819
11.555219650268555,1.0672816038131714,0.9716376662254333,4.663930892944336,49844
11.564371347427368,1.067573070526123,0.9715689420700073,4.6646528244018555,49960
11.574095010757446,1.0676543712615967,0.9714562296867371,4.665346622467041,50016
11.58426547050476,1.0677857398986816,0.9716097712516785,4.66607141494751,49694
11.594246864318848,1.0678293704986572,0.9716148972511292,4.666774272918701,49892
11.605156183242798,1.0679041147232056,0.9719400405883789,4.667524337768555,49485
11.615038871765137,1.068044662475586,0.9720156192779541,4.668224811553955,49793
11.624654293060303,1.068127155303955,0.9720519185066223,4.668946266174316,49819
11.635308027267456,1.0682907104492188,0.9720944762229919,4.6696953773498535,49807
11.64585280418396,1.0683940649032593,0.9720982909202576,4.670494079589844,49857
11.65477967262268,1.0684248208999634,0.9723547101020813,4.671257019042969,49583
11.665074110031128,1.0684669017791748,0.97251296043396,4.671995162963867,49653
11.675208568572998,1.0684679746627808,0.9727591872215271,4.672755718231201,49553
11.68501615524292,1.0685721635818481,0.9729031920433044,4.6735663414001465,49675
11.694687604904175,1.0686179399490356,0.9729419350624084,4.674365997314453,49791
11.70518684387207,1.0687044858932495,0.973100483417511,4.675137519836426,49645
11.715389013290405,1.0686919689178467,0.9732527732849121,4.67588472366333,49658
11.72440481185913,1.0686620473861694,0.9735561013221741,4.676702499389648,49461
11.735315322875977,1.068687081336975,0.9737046360969543,4.67748498916626,49656
11.744648933410645,1.0686721801757812,0.973876416683197,4.678295612335205,49609
11.755188465118408,1.068737506866455,0.9739981889724731,4.6790971755981445,49672
11.764648199081421,1.0687452554702759,0.974060595035553,4.679882049560547,49735
11.774234294891357,1.0687615871429443,0.9743015766143799,4.680690288543701,49519
11.784956932067871,1.0687317848205566,0.9746306538581848,4.681548118591309,49406
11.795100688934326,1.0686273574829102,0.9750083684921265,4.682397842407227,49332
11.804069519042969,1.0686670541763306,0.9751741886138916,4.683248043060303,49580
11.81478500366211,1.0686359405517578,0.975321888923645,4.684121608734131,49588
11.824537515640259,1.0686849355697632,0.975570559501648,4.6849870681762695,49470
11.83419132232666,1.0687041282653809,0.9757039546966553,4.686018466949463,49611
11.844675064086914,1.0686215162277222,0.9760956764221191,4.686886787414551,49279
11.854498386383057,1.0684833526611328,0.9764419198036194,4.687635898590088,49339
11.864498853683472,1.0683456659317017,0.9767674803733826,4.688583850860596,49338
11.87454080581665,1.068361520767212,0.9770214557647705,4.689477443695068,49420
11.885184049606323,1.068292260169983,0.9772102236747742,4.690414905548096,49491
11.894466638565063,1.0682355165481567,0.9775776863098145,4.691346645355225,49263
11.904478311538696,1.0681438446044922,0.9778446555137634,4.692259311676025,49391
11.915334224700928,1.0680428743362427,0.9781433939933777,4.6932549476623535,49321
11.924297571182251,1.067986249923706,0.978446364402771,4.694186687469482,49328
11.935086011886597,1.0678750276565552,0.9787601828575134,4.6951470375061035,49305
11.944836378097534,1.0678863525390625,0.9789935350418091,4.696052551269531,49395
11.954188823699951,1.067765474319458,0.979336142539978,4.696910381317139,49243
11.96500539779663,1.0676497220993042,0.9797471165657043,4.697871685028076,49148
11.974530458450317,1.0675983428955078,0.9799237251281738,4.698889255523682,49428
11.985086441040039,1.0674011707305908,0.9802961945533752,4.699825763702393,49179
11.994958639144897,1.0673589706420898,0.9805750846862793,4.700748920440674,49308
12.005060195922852,1.067226767539978,0.980801522731781,4.701694011688232,49334
12.015090227127075,1.0671558380126953,0.9810934066772461,4.702600955963135,49249
12.024563789367676,1.066985845565796,0.9813698530197144,4.703570365905762,49289
12.034958124160767,1.0667610168457031,0.9817878603935242,4.704542636871338,49093
12.044635772705078,1.0666395425796509,0.9820572137832642,4.705499172210693,49235
12.054834842681885,1.0663985013961792,0.982363224029541,4.7064714431762695,49191
12.064786195755005,1.0663000345230103,0.9826812744140625,4.707417964935303,49180
12.075207710266113,1.0660877227783203,0.982938826084137,4.708407878875732,49237
12.085410833358765,1.065922498703003,0.9833250641822815,4.70937967300415,49069
12.09526014328003,1.0656818151474,0.9835975170135498,4.710400581359863,49203
12.105087995529175,1.065367579460144,0.9839963912963867,4.711373329162598,49035
12.114038944244385,1.0652023553848267,0.9842913150787354,4.712346076965332,49161
12.124222755432129,1.0649465322494507,0.984552264213562,4.713345050811768,49182
12.134743928909302,1.0647848844528198,0.9848930835723877,4.71429967880249,49079
12.145084381103516,1.064554214477539,0.9851054549217224,4.7153143882751465,49229
12.154332876205444,1.0642211437225342,0.9855338335037231,4.716316223144531,48947
12.16398811340332,1.063928484916687,0.9858917593955994,4.717282772064209,49042
12.17505431175232,1.0636340379714966,0.9862229228019714,4.718255996704102,49047
12.18525218963623,1.0634404420852661,0.9864632487297058,4.7191948890686035,49157
12.194074630737305,1.06314218044281,0.9866557121276855,4.720181941986084,49193
12.205645322799683,1.0628758668899536,0.9870048761367798,4.721160888671875,49003
12.21445345878601,1.0625213384628296,0.9872761964797974,4.722135543823242,49095
12.224227666854858,1.0621496438980103,0.9876627326011658,4.723080158233643,48943
12.23520827293396,1.0619302988052368,0.9877920150756836,4.723950386047363,49258
12.244771242141724,1.0615384578704834,0.9880956411361694,4.724894046783447,49024
12.254555225372314,1.0613062381744385,0.9883445501327515,4.725785255432129,49099
12.265518426895142,1.0609076023101807,0.9885584115982056,4.72674560546875,49115
12.274288654327393,1.0606346130371094,0.9887736439704895,4.727683067321777,49108
12.284359693527222,1.0601005554199219,0.9892296195030212,4.7286224365234375,48831
12.294362783432007,1.059492588043213,0.9898768663406372,4.72960090637207,48572
12.30430293083191,1.0592750310897827,0.9898647665977478,4.730470180511475,49357
12.314448833465576,1.0587040185928345,0.9903278350830078,4.731517314910889,48734
12.324581861495972,1.0582795143127441,0.9906980395317078,4.732416152954102,48900
12.335108041763306,1.0580374002456665,0.9904817938804626,4.733299255371094,49562
12.345185041427612,1.0575239658355713,0.9908804893493652,4.734255313873291,48837
12.354830980300903,1.056885838508606,0.9915024042129517,4.735294342041016,48570
12.364989042282104,1.0563308000564575,0.991914689540863,4.736148357391357,48774
12.374234676361084,1.055917501449585,0.9922085404396057,4.737077236175537,48891
12.384435176849365,1.0555384159088135,0.9920308589935303,4.737972259521484,49470
12.394120931625366,1.05520498752594,0.9921736717224121,4.738846778869629,49102
12.404348373413086,1.0546588897705078,0.9924167990684509,4.739777565002441,48994
12.415263414382935,1.0538159608840942,0.9932326674461365,4.740718841552734,48270
12.424261331558228,1.053359031677246,0.9934794306755066,4.741580963134766,48953
12.434687376022339,1.0527946949005127,0.9936708807945251,4.742506504058838,48961
12.445353984832764,1.0524542331695557,0.9936221241950989,4.743344783782959,49269
12.454671382904053,1.0518687963485718,0.9937652349472046,4.744266510009766,49049
12.465119123458862,1.0511798858642578,0.9943792223930359,4.745156764984131,48488
12.474669456481934,1.0507076978683472,0.9943265318870544,4.745945453643799,49284
12.484755754470825,1.0500433444976807,0.9946050643920898,4.74678897857666,48828
12.494085550308228,1.049399971961975,0.9950204491615295,4.747653007507324,48721
12.504780054092407,1.0489282608032227,0.9946348667144775,4.748401165008545,49663
12.514571905136108,1.0484249591827393,0.9947677850723267,4.749174118041992,49008
12.52488374710083,1.047802448272705,0.9949398040771484,4.750032424926758,49031
12.535025835037231,1.047041416168213,0.9953223466873169,4.750861167907715,48719
12.544885635375977,1.0464228391647339,0.9956172108650208,4.75172233581543,48827
12.555185556411743,1.0458492040634155,0.9955275654792786,4.752440929412842,49269
12.564762592315674,1.0452953577041626,0.9958000779151917,4.75334358215332,48847
12.574249505996704,1.0447484254837036,0.9956386685371399,4.7540411949157715,49379
12.588643312454224,1.044058918952942,0.9959225654602051,4.754806041717529,48804
12.594803094863892,1.0433756113052368,0.9962286949157715,4.75563383102417,48812
12.605441331863403,1.0424317121505737,0.9969480633735657,4.756725788116455,48258
12.615137100219727,1.0420186519622803,0.9967608451843262,4.757320404052734,49352
12.62542200088501,1.0411075353622437,0.9972608685493469,4.758386135101318,48482
12.635018110275269,1.0405784845352173,0.9973837733268738,4.759112358093262,49010
12.645406246185303,1.0400229692459106,0.9972125291824341,4.759690284729004,49283
12.655110836029053,1.0391672849655151,0.9975924491882324,4.7605180740356445,48664
12.664363861083984,1.0382652282714844,0.998245894908905,4.761526584625244,48337
12.674591541290283,1.037384033203125,0.9985350370407104,4.762333393096924,48715
12.684210300445557,1.036749005317688,0.9986732006072998,4.76306676864624,48862
12.694029331207275,1.0363259315490723,0.9980238080024719,4.763409614562988,49859
12.704797983169556,1.0352991819381714,0.998669445514679,4.764343738555908,48300
12.715307235717773,1.0345408916473389,0.9988192915916443,4.765115737915039,48982
12.724756479263306,1.0335386991500854,0.9993962049484253,4.7660675048828125,48305
12.734366655349731,1.0327577590942383,0.9995653629302979,4.766779899597168,48847
12.745821237564087,1.0319759845733643,0.9996837973594666,4.767462730407715,48853
12.754803895950317,1.0309617519378662,1.00030517578125,4.768424034118652,48288
12.764511108398438,1.0301605463027954,1.0003671646118164,4.7691216468811035,48934
12.77456784248352,1.0293914079666138,1.0005632638931274,4.769781589508057,48722
12.784780263900757,1.0287812948226929,1.0002288818359375,4.770129680633545,49435
12.794204950332642,1.0275124311447144,1.001312255859375,4.77134370803833,47707
12.804615259170532,1.0267438888549805,1.001438021659851,4.772014141082764,48879
12.814198732376099,1.0261757373809814,1.001031756401062,4.772313117980957,49385
12.824502944946289,1.0252280235290527,1.0014606714248657,4.773112773895264,48467
12.834800481796265,1.02445387840271,1.0015262365341187,4.773809432983398,48957
12.844820737838745,1.0235644578933716,1.001752495765686,4.774474620819092,48663
12.854921579360962,1.0225682258605957,1.0022506713867188,4.77528715133667,48372
12.864004850387573,1.021663784980774,1.0023735761642456,4.775898456573486,48802
12.874093294143677,1.0208709239959717,1.0025080442428589,4.776453495025635,48756
12.885748147964478,1.0203723907470703,1.00169837474823,4.776494979858398,49940
12.894969701766968,1.0195300579071045,1.001848578453064,4.777067184448242,48777
12.905070781707764,1.018609642982483,1.0019681453704834,4.777651309967041,48914
12.915053844451904,1.0175360441207886,1.0024174451828003,4.778371334075928,48406
12.924436092376709,1.0166271924972534,1.002606749534607,4.778923988342285,48729
12.935483694076538,1.015689730644226,1.0026532411575317,4.77940034866333,48863
12.945058345794678,1.0149147510528564,1.0027726888656616,4.779867649078369,48788
12.954368591308594,1.0141549110412598,1.00250244140625,4.780178546905518,49263
12.964133262634277,1.0132043361663818,1.0026612281799316,4.780698776245117,48737
12.974072456359863,1.0121266841888428,1.0031344890594482,4.781430721282959,48409
12.984489679336548,1.0111745595932007,1.0032857656478882,4.781912803649902,48734
12.994696140289307,1.0103460550308228,1.0033918619155884,4.782327651977539,48766
13.004351377487183,1.009569764137268,1.0030776262283325,4.782581329345703,49304
13.014562845230103,1.0087616443634033,1.0031455755233765,4.782986164093018,48836
13.024785280227661,1.0078120231628418,1.003227710723877,4.78345251083374,48852
13.035353183746338,1.0067657232284546,1.0034220218658447,4.783923149108887,48666
13.04447889328003,1.005737543106079,1.003887414932251,4.7845635414123535,48365
13.054500102996826,1.0048186779022217,1.0039814710617065,4.784940242767334,48797
13.065550565719604,1.0039464235305786,1.0040388107299805,4.7853007316589355,48794
13.074531078338623,1.003161072731018,1.003678560256958,4.7854790687561035,49352
13.085416078567505,1.0022412538528442,1.0037367343902588,4.78584098815918,48804
13.095274209976196,1.0012600421905518,1.0038800239562988,4.786273002624512,48775
13.1055006980896,1.000139594078064,1.0044076442718506,4.786856174468994,48255
13.114103555679321,0.9992631077766418,1.0045162439346313,4.787195682525635,48784
13.125000715255737,0.9983598589897156,1.0041923522949219,4.78735876083374,49252
13.13525104522705,0.9975292682647705,1.0042078495025635,4.787628650665283,48877
13.144599676132202,0.9966158866882324,1.0041093826293945,4.787889003753662,49017
13.154069900512695,0.9956743121147156,1.0042908191680908,4.7882161140441895,48667
13.164999961853027,0.9947019219398499,1.0044666528701782,4.788559436798096,48707
13.17416000366211,0.9935351610183716,1.0048258304595947,4.789058685302734,48432
13.18462347984314,0.9927084445953369,1.0048844814300537,4.789309501647949,48828
13.19443941116333,0.9918827414512634,1.0045175552368164,4.789367198944092,49299
13.204078674316406,0.9910503625869751,1.0045124292373657,4.7896270751953125,48879
13.214329242706299,0.9898849129676819,1.0050597190856934,4.79025411605835,48241
13.224170684814453,0.9891932606697083,1.0046387910842896,4.790171146392822,49363
13.23460841178894,0.9882785677909851,1.004777193069458,4.790419578552246,48662
13.244577646255493,0.9873055219650269,1.0047506093978882,4.790701389312744,49000
13.254140853881836,0.9865619540214539,1.004722237586975,4.790929794311523,48916
13.264848470687866,0.9856947660446167,1.0045771598815918,4.791137218475342,49068
13.274199962615967,0.98483806848526,1.0045666694641113,4.791312217712402,48848
13.285338878631592,0.9840134978294373,1.0046499967575073,4.791533470153809,48793
13.295156717300415,0.9830188155174255,1.0047177076339722,4.791788101196289,48816
13.304173707962036,0.9822059273719788,1.0046977996826172,4.79197883605957,48900
13.314972162246704,0.9812090396881104,1.0047074556350708,4.792273998260498,48875
13.323930740356445,0.980399489402771,1.0046570301055908,4.792449474334717,48965
13.334229707717896,0.979564368724823,1.0046240091323853,4.792651653289795,48902
13.3450345993042,0.9786139726638794,1.0046818256378174,4.792806625366211,48778
13.354124307632446,0.9778457283973694,1.004618763923645,4.792895793914795,48966
13.365356922149658,0.9769289493560791,1.0045865774154663,4.793044567108154,48907
13.374692916870117,0.9761225581169128,1.0045567750930786,4.793191432952881,48963
13.38489317893982,0.9753481149673462,1.0043973922729492,4.793299198150635,49090
13.394132137298584,0.9745371341705322,1.0043669939041138,4.793391704559326,48914
13.405101776123047,0.9736272096633911,1.0044682025909424,4.793626308441162,48747
13.414721488952637,0.9727030396461487,1.0045104026794434,4.793757438659668,48830
13.425225257873535,0.9719220995903015,1.0044571161270142,4.793842792510986,48935
13.434523582458496,0.971066415309906,1.0043127536773682,4.793904781341553,49058
13.4450044631958,0.9702075719833374,1.0043452978134155,4.793999671936035,48867
13.454264402389526,0.9693572521209717,1.0042660236358643,4.79409122467041,48998
13.464603900909424,0.9684751033782959,1.004259705543518,4.794145107269287,48868
13.475503921508789,0.967639684677124,1.0042169094085693,4.794153690338135,48930
13.484116315841675,0.9667779803276062,1.0041288137435913,4.794206619262695,48982
13.495083808898926,0.9659338593482971,1.004075527191162,4.794249057769775,48961
13.504510402679443,0.9650967717170715,1.003951907157898,4.79424524307251,49061
13.514524459838867,0.9640159606933594,1.0044400691986084,4.794607639312744,48282
13.523952722549438,0.9633913636207581,1.0038164854049683,4.794252395629883,49640
13.534342288970947,0.9625933170318604,1.0037320852279663,4.794220924377441,48897
13.544704914093018,0.9617986679077148,1.0036733150482178,4.794236183166504,49054
13.554469347000122,0.9609301686286926,1.003528118133545,4.7941975593566895,49089
13.56408143043518,0.9601879119873047,1.0034791231155396,4.794153213500977,48941
13.574236631393433,0.9593794345855713,1.0033552646636963,4.794082164764404,49084
13.585197925567627,0.95863276720047,1.003233551979065,4.793981075286865,49045
13.595055341720581,0.9578619599342346,1.0031180381774902,4.793882369995117,49056
13.604579448699951,0.9570245146751404,1.00303316116333,4.793786525726318,49002
13.614831924438477,0.9563027620315552,1.002954125404358,4.793692588806152,49037
13.624440670013428,0.955509603023529,1.0028131008148193,4.793585777282715,49096
13.63433837890625,0.9547713994979858,1.0027707815170288,4.793490886688232,48972
13.645170211791992,0.9540270566940308,1.0026475191116333,4.793328762054443,49067
13.654115200042725,0.9530658721923828,1.0030360221862793,4.793520927429199,48427
13.665350437164307,0.9524155259132385,1.0029020309448242,4.7933855056762695,49087
13.67479920387268,0.9516085386276245,1.0027767419815063,4.79326868057251,48998
13.68424367904663,0.9509389400482178,1.002711296081543,4.7931013107299805,48984
13.694260358810425,0.9505330324172974,1.0020668506622314,4.792561054229736,49741
13.704630136489868,0.949834942817688,1.002047061920166,4.792394638061523,48948
13.715233564376831,0.9492504596710205,1.0018603801727295,4.792176246643066,49234
13.725178956985474,0.9483544826507568,1.0022497177124023,4.792313098907471,48454
13.734740734100342,0.9477695226669312,1.0021131038665771,4.792068958282471,49088
13.745004415512085,0.9471367597579956,1.0020092725753784,4.791841983795166,49028
13.754785060882568,0.9465492963790894,1.0019218921661377,4.7916035652160645,49067
13.764739036560059,0.9459671378135681,1.0017997026443481,4.791350841522217,49082
13.774052143096924,0.9455839991569519,1.0013052225112915,4.790728569030762,49524
13.784430980682373,0.9450932145118713,1.0011762380599976,4.790455341339111,49117
13.794110298156738,0.9442428946495056,1.0015780925750732,4.790530681610107,48517
13.804365158081055,0.9438039064407349,1.0014917850494385,4.790204048156738,49067
13.814738988876343,0.9435538053512573,1.0008271932601929,4.789511680603027,49709
13.823922634124756,0.9428160190582275,1.0012789964675903,4.789571285247803,48415
13.834674596786499,0.9422650337219238,1.0011792182922363,4.789290428161621,49089
13.844523429870605,0.9417688846588135,1.001083493232727,4.78896427154541,49034
13.854233741760254,0.9416205286979675,1.0004421472549438,4.7881855964660645,49752
13.86419415473938,0.9411162734031677,1.0003383159637451,4.787816524505615,49091
13.873888969421387,0.9405093789100647,1.0007895231246948,4.787789344787598,48522
13.884169340133667,0.9400154948234558,1.0006290674209595,4.7873969078063965,49160
13.893832921981812,0.9396211504936218,1.0005000829696655,4.786980152130127,49013
13.905074119567871,0.9392415285110474,1.0004128217697144,4.786592483520508,49117
13.914036750793457,0.9387587904930115,1.000333547592163,4.786181449890137,49071
13.924657106399536,0.9383247494697571,1.0003684759140015,4.785733699798584,48963
13.93487548828125,0.9378896951675415,1.0002464056015015,4.7852935791015625,49129
13.9447762966156,0.9375883340835571,1.0000896453857422,4.784795761108398,49145
13.955188512802124,0.9372523427009583,0.9999258518218994,4.784342288970947,49144
13.964380264282227,0.9369175434112549,0.9997928142547607,4.7838358879089355,49164
13.975247621536255,0.936625599861145,0.9997676610946655,4.783324241638184,49032
13.984150648117065,0.9362084865570068,0.9996860027313232,4.7828521728515625,49125
13.994640111923218,0.936000645160675,0.9995536208152771,4.782299041748047,49147
14.004163980484009,0.935900092124939,0.9989107847213745,4.781434059143066,49815
14.014379262924194,0.9355824589729309,0.9988815188407898,4.780954837799072,49040
14.025201797485352,0.9350985288619995,0.9992625117301941,4.7807936668396,48585
14.034189462661743,0.9347766637802124,0.999046802520752,4.780073642730713,49292
14.044516801834106,0.9345545768737793,0.998999834060669,4.779531955718994,49029
14.054272890090942,0.9341903924942017,0.9989023208618164,4.778976917266846,49168
14.06452751159668,0.9340136647224426,0.9987754225730896,4.778416156768799,49173
14.07518458366394,0.9337920546531677,0.9986094236373901,4.777872085571289,49169
14.085280418395996,0.9335541725158691,0.9985817074775696,4.77728796005249,49090
14.0941002368927,0.9333509802818298,0.9984567761421204,4.776700973510742,49194
14.10410761833191,0.9331185817718506,0.9983202219009399,4.7760796546936035,49195
14.11484980583191,0.9329796433448792,0.998256504535675,4.775461196899414,49148
14.124426126480103,0.9327518939971924,0.9981197118759155,4.774884223937988,49216
14.134643793106079,0.9326356053352356,0.9980418682098389,4.774295806884766,49128
14.144887447357178,0.9324556589126587,0.9979886412620544,4.773681163787842,49048
14.154435157775879,0.9323169589042664,0.9979099631309509,4.773066520690918,49163
14.164360523223877,0.93227219581604,0.9977877736091614,4.772399425506592,49206
14.174118757247925,0.9321333169937134,0.9976440072059631,4.771775245666504,49243
14.183831930160522,0.932075560092926,0.9976040720939636,4.771188259124756,49131
14.194048166275024,0.9319916367530823,0.9974205493927002,4.770573616027832,49275
14.204289436340332,0.9319494366645813,0.9973095655441284,4.769922733306885,49174
14.214479923248291,0.931908130645752,0.997225821018219,4.7692790031433105,49139
14.224176406860352,0.9318354725837708,0.9971261620521545,4.768637657165527,49188
14.23449993133545,0.9318658709526062,0.9969995021820068,4.767989635467529,49263
14.244673490524292,0.9317432641983032,0.9969291090965271,4.767359256744385,49181
14.254209280014038,0.9318184852600098,0.9968631863594055,4.766709804534912,49160
14.264084339141846,0.9318373203277588,0.9967142939567566,4.766040325164795,49247
14.274893283843994,0.9318713545799255,0.9966344237327576,4.765349388122559,49147
14.28462028503418,0.9320034980773926,0.9965348839759827,4.764668941497803,49180
14.29519009590149,0.9320157766342163,0.9963537454605103,4.764013290405273,49309
14.30458950996399,0.9321516752243042,0.996254026889801,4.763367176055908,49260
14.31444764137268,0.9322143197059631,0.9961479902267456,4.762738227844238,49247
14.32401418685913,0.9323071241378784,0.9960927367210388,4.762049674987793,49166
14.334673166275024,0.9324186444282532,0.9960978627204895,4.761361598968506,49086
14.345136165618896,0.9325358867645264,0.9959996938705444,4.76072359085083,49187
14.354896545410156,0.9327502846717834,0.9959086775779724,4.760101318359375,49203
14.364211082458496,0.932908296585083,0.9957675337791443,4.759467601776123,49301
14.374349355697632,0.9331489205360413,0.9956386685371399,4.758795261383057,49306
14.385292530059814,0.933356523513794,0.9955571293830872,4.758145332336426,49229
14.39523696899414,0.933569073677063,0.9955185055732727,4.757513523101807,49155
14.405115842819214,0.9338401556015015,0.9953811168670654,4.7568511962890625,49267
14.414495468139648,0.9341126084327698,0.9952967166900635,4.756229400634766,49210
14.425145864486694,0.9342994093894958,0.9953281879425049,4.755673408508301,49113
14.43459177017212,0.9344874620437622,0.9953275322914124,4.755061626434326,49153
14.44488525390625,0.9349151849746704,0.995213508605957,4.754364013671875,49276
14.454535722732544,0.9350951313972473,0.9952857494354248,4.753769874572754,49029
14.465039491653442,0.93539959192276,0.9953047633171082,4.753154754638672,49078
14.47433090209961,0.9357659816741943,0.9952174425125122,4.75252103805542,49205
14.484387636184692,0.9360424280166626,0.9951558709144592,4.751906394958496,49197
14.4947190284729,0.9363991022109985,0.9951918125152588,4.751284122467041,49112
14.504445552825928,0.936728298664093,0.9951040744781494,4.750608444213867,49265
14.514583587646484,0.9370562434196472,0.9951562285423279,4.749982833862305,49051
14.524616718292236,0.9373595118522644,0.9952077865600586,4.749345779418945,49049
14.535165548324585,0.9377016425132751,0.9951797127723694,4.74870491027832,49125
14.54531717300415,0.93793785572052,0.9954278469085693,4.748195171356201,48816
14.554654121398926,0.9382538199424744,0.9954052567481995,4.7475714683532715,49140
14.564600944519043,0.9386663436889648,0.9954845309257507,4.74696683883667,49009
14.574522495269775,0.9392934441566467,0.9950683116912842,4.746185779571533,49646
14.58493971824646,0.939545750617981,0.9953762292861938,4.745681285858154,48721
14.595272779464722,0.9401437044143677,0.9950752258300781,4.744959354400635,49515
14.60503888130188,0.9404904842376709,0.9950573444366455,4.744363307952881,49086
14.614581108093262,0.9407973289489746,0.9954327940940857,4.74385929107666,48704
14.625009775161743,0.9413919448852539,0.9950858950614929,4.743112564086914,49549
14.634695291519165,0.9418796896934509,0.9951615929603577,4.742520332336426,49003
14.64507246017456,0.9421910047531128,0.9953565001487732,4.742071628570557,48931
14.65499997138977,0.9426559209823608,0.9953323006629944,4.741469383239746,49106
14.664581060409546,0.943159282207489,0.995384693145752,4.740863800048828,49006
14.675031661987305,0.9436208009719849,0.9953905940055847,4.740211486816406,49096
14.68471646308899,0.944226861000061,0.9954379796981812,4.739605903625488,49053
14.694690942764282,0.9447106719017029,0.995414674282074,4.739035129547119,49165
14.705356121063232,0.9452528953552246,0.9954332709312439,4.738437652587891,49074
14.715165138244629,0.9458245038986206,0.995356023311615,4.737846851348877,49182
14.724563360214233,0.9462341070175171,0.9954968094825745,4.737266540527344,48947
14.73522138595581,0.9468169808387756,0.9955934286117554,4.7366132736206055,48992
14.745513916015625,0.9473711252212524,0.9954949021339417,4.735942363739014,49221
14.75518250465393,0.9480112791061401,0.9955170750617981,4.735304832458496,49084
14.764254570007324,0.9485856890678406,0.9954954385757446,4.7347092628479,49153
14.774182796478271,0.9490917325019836,0.9954999685287476,4.734147548675537,49094
14.785385370254517,0.9497366547584534,0.9955384731292725,4.733493328094482,49064
14.794391632080078,0.9502387642860413,0.9956064224243164,4.732870578765869,49003
14.804847002029419,0.9507977962493896,0.9958359599113464,4.73225736618042,48824
14.814564943313599,0.9513853192329407,0.9957352876663208,4.7316575050354,49235
14.824374437332153,0.9520254731178284,0.9957510828971863,4.731085300445557,49053
14.834711790084839,0.9528295397758484,0.9955141544342041,4.730381965637207,49404
14.844696283340454,0.9532831907272339,0.9958299398422241,4.729897499084473,48706
14.854838371276855,0.9539555907249451,0.9958880543708801,4.729301452636719,49077
14.8654203414917,0.954525887966156,0.9959561824798584,4.728713512420654,48993
14.874111890792847,0.9551541209220886,0.9961024522781372,4.7281694412231445,48913
14.885844707489014,0.9560928344726562,0.9956697821617126,4.727339267730713,49620
14.89443826675415,0.956744909286499,0.9957439303398132,4.726776123046875,48981
14.904903650283813,0.9574301838874817,0.9957977533340454,4.726198673248291,49086
14.91511082649231,0.9579848647117615,0.995974600315094,4.725571632385254,48881
14.92463207244873,0.9586445093154907,0.9960864782333374,4.724972724914551,48983
14.935438871383667,0.9592353105545044,0.9961147904396057,4.724381923675537,49056
14.945674180984497,0.9598979949951172,0.9962007403373718,4.723802089691162,48987
14.955363035202026,0.9605808854103088,0.9961742758750916,4.723199844360352,49127
14.965030908584595,0.9612367749214172,0.9962624907493591,4.722614765167236,48949
14.974625825881958,0.9619284272193909,0.996397852897644,4.721992492675781,48930
14.98484206199646,0.962492048740387,0.9964867830276489,4.721420764923096,48988
14.99437665939331,0.9631016254425049,0.9967429041862488,4.7209153175354,48793
15.00495171546936,0.9637736678123474,0.9965847730636597,4.720219612121582,49279
15.01426911354065,0.9643263816833496,0.9967108964920044,4.719653606414795,48894
15.02425217628479,0.9650247097015381,0.9967066645622253,4.719033718109131,49105
15.034561395645142,0.9655343294143677,0.9969793558120728,4.718538284301758,48730
15.044154405593872,0.9662060737609863,0.9970293641090393,4.717924118041992,49023
15.0549476146698,0.9668053984642029,0.9969615936279297,4.717257976531982,49157
15.064473628997803,0.9673758745193481,0.9970407485961914,4.716712474822998,49015
15.075382947921753,0.9680458307266235,0.9968608617782593,4.716030120849609,49321
15.085042953491211,0.9686063528060913,0.9969425797462463,4.715428352355957,48957
15.094951868057251,0.9690932035446167,0.9971823692321777,4.714948654174805,48804
15.104244709014893,0.9696582555770874,0.9971234202384949,4.714279651641846,49143
15.114609718322754,0.9701218605041504,0.9973357319831848,4.713836193084717,48817
15.125108242034912,0.97072833776474,0.9972261786460876,4.713225364685059,49252
15.134917736053467,0.9712772965431213,0.9972403645515442,4.712658405303955,49054
15.145249843597412,0.9719112515449524,0.9969608783721924,4.711989879608154,49432
15.155153512954712,0.9723972678184509,0.9969984292984009,4.711421012878418,49027
15.16498589515686,0.972797155380249,0.9972552061080933,4.7109785079956055,48807
15.175077199935913,0.9733245968818665,0.9971045851707458,4.710366249084473,49285
15.184293746948242,0.9736610054969788,0.9976030588150024,4.710073471069336,48483
15.194775819778442,0.9743365049362183,0.9971543550491333,4.709347724914551,49685
15.204910516738892,0.9749609231948853,0.9968974590301514,4.708651065826416,49356
15.214902877807617,0.9755049347877502,0.9968898892402649,4.708090782165527,49150
15.22469162940979,0.9758608937263489,0.9969180226325989,4.707573413848877,49085
15.234338521957397,0.9761314988136292,0.9974352717399597,4.707282543182373,48483
15.244349479675293,0.976573646068573,0.9974868893623352,4.7067437171936035,49053
15.254131317138672,0.9770903587341309,0.9974292516708374,4.706150054931641,49133
15.26430892944336,0.9778280854225159,0.996829092502594,4.705280780792236,49848
15.274288415908813,0.9783567190170288,0.9967291355133057,4.704705715179443,49227
15.28436541557312,0.9788047075271606,0.9967129826545715,4.704157829284668,49191
15.29418683052063,0.979207456111908,0.996792197227478,4.703615188598633,49035
15.304428339004517,0.9794616103172302,0.9973583221435547,4.703352451324463,48440
15.315438747406006,0.9799173474311829,0.9973044991493225,4.702805519104004,49192
15.324363946914673,0.9805445075035095,0.9968869090080261,4.7020673751831055,49612
15.335081815719604,0.9812057614326477,0.9965261220932007,4.7013773918151855,49543
15.344026803970337,0.9816107153892517,0.9965044856071472,4.70082950592041,49179
15.354790449142456,0.9820680618286133,0.9965556263923645,4.700310230255127,49114
15.364824056625366,0.9823302626609802,0.9970428943634033,4.700031280517578,48551
15.374491214752197,0.9827497601509094,0.9971464276313782,4.699486255645752,48999
15.385143280029297,0.9833303093910217,0.9968682527542114,4.698982238769531,49422
15.39520263671875,0.9839833974838257,0.99643474817276,4.698272228240967,49653
15.404711246490479,0.9845344424247742,0.9962913393974304,4.697762966156006,49320
15.415343284606934,0.9850298762321472,0.9962182641029358,4.697222709655762,49252
15.424816370010376,0.9854624271392822,0.9962940216064453,4.696720600128174,49061
15.434155702590942,0.9857529997825623,0.9967714548110962,4.6964945793151855,48580
15.44419240951538,0.9862451553344727,0.9968045353889465,4.695880889892578,49100
15.45432424545288,0.9869791269302368,0.9961435794830322,4.695221424102783,49885
15.464844703674316,0.987605631351471,0.9959458112716675,4.694686412811279,49365
15.474681377410889,0.9880751967430115,0.9959331750869751,4.694155693054199,49224
15.484889268875122,0.9884759783744812,0.9963594675064087,4.693789958953857,48637
15.49491000175476,0.9889777302742004,0.9963932037353516,4.6932783126831055,49101
15.504170417785645,0.9895042181015015,0.9965034127235413,4.692857265472412,48952
15.51433515548706,0.9902688264846802,0.9959216713905334,4.6921491622924805,49843
15.524786949157715,0.9909047484397888,0.995696485042572,4.691740036010742,49399
15.534763813018799,0.9915661811828613,0.9956987500190735,4.691163539886475,49194
15.544434070587158,0.9919108152389526,0.9961740374565125,4.6909637451171875,48579
15.554529428482056,0.9925161600112915,0.9961807131767273,4.690551280975342,49130
15.565055847167969,0.9931652545928955,0.9959715604782104,4.690023422241211,49356
15.574582576751709,0.9938240051269531,0.9957796335220337,4.689631462097168,49380
15.585280179977417,0.9945757985115051,0.9954400658607483,4.689012050628662,49579
15.595661163330078,0.9951450824737549,0.9954043030738831,4.688589572906494,49204
15.604764461517334,0.9956965446472168,0.9956421852111816,4.688179969787598,48905
15.614986419677734,0.996290922164917,0.9956426620483398,4.687720775604248,49159
15.624588966369629,0.9968008995056152,0.9958235621452332,4.687536239624023,48896
15.63489317893982,0.997549831867218,0.9955347180366516,4.686942100524902,49509
15.644368410110474,0.9981663823127747,0.9955300092697144,4.686401844024658,49130
15.65437936782837,0.9988769292831421,0.995202362537384,4.685779094696045,49574
15.66565752029419,0.9994264245033264,0.9955261945724487,4.685519218444824,48750
15.675048589706421,0.9999542236328125,0.9956997036933899,4.685189723968506,48961
15.68562650680542,1.0006518363952637,0.9956547021865845,4.684796333312988,49170
15.694956302642822,1.0013291835784912,0.9955668449401855,4.684381484985352,49247
15.704951286315918,1.0022835731506348,0.9949711561203003,4.683664321899414,49885
15.715091705322266,1.0029733180999756,0.9949377179145813,4.68324089050293,49197
15.725236892700195,1.0035685300827026,0.9952820539474487,4.683067321777344,48783
15.735411643981934,1.0042897462844849,0.9952362775802612,4.682749271392822,49217
15.745242357254028,1.004905343055725,0.9954646825790405,4.682372093200684,48847
15.754876375198364,1.005670189857483,0.9954203963279724,4.682022571563721,49214
15.765652656555176,1.006659746170044,0.9947261810302734,4.681459903717041,49977
15.774807929992676,1.0075035095214844,0.994671106338501,4.681063175201416,49241
15.78535008430481,1.0082545280456543,0.9946738481521606,4.680702209472656,49207
15.79522967338562,1.0088318586349487,0.995055079460144,4.680548667907715,48712
15.804896593093872,1.0095024108886719,0.9952455759048462,4.680219650268555,48925
15.814350843429565,1.0102442502975464,0.9951576590538025,4.679874897003174,49230
15.825144052505493,1.0111430883407593,0.9948571920394897,4.6794047355651855,49510
15.8345046043396,1.012052059173584,0.994418740272522,4.678835868835449,49694
15.844314813613892,1.0128108263015747,0.9944730401039124,4.678428649902344,49116
15.855432987213135,1.0134373903274536,0.9946992993354797,4.67818021774292,48923
15.864907503128052,1.0140811204910278,0.9949811697006226,4.678019046783447,48809
15.87435269355774,1.0148892402648926,0.994861900806427,4.677658557891846,49290
15.884428977966309,1.0156961679458618,0.9946954250335693,4.677326679229736,49346
15.895359516143799,1.0166224241256714,0.9943938255310059,4.676934242248535,49544
15.904401063919067,1.017723798751831,0.9938941597938538,4.6763153076171875,49786
15.91434097290039,1.0185259580612183,0.9938943386077881,4.676013469696045,49195
15.925286769866943,1.019226312637329,0.9941689372062683,4.676001071929932,48894
15.935362100601196,1.0201342105865479,0.9939015507698059,4.6754350662231445,49516
15.944781064987183,1.0208790302276611,0.9941403269767761,4.675354957580566,48879
15.954658269882202,1.0218148231506348,0.9940274357795715,4.675023078918457,49344
15.964313268661499,1.0228300094604492,0.9936252236366272,4.674535274505615,49635
15.974994659423828,1.023710012435913,0.99359130859375,4.674436569213867,49231
15.98542308807373,1.0244475603103638,0.9937308430671692,4.674093723297119,49051
15.994648456573486,1.0251789093017578,0.9940235018730164,4.67392110824585,48837
16.004375457763672,1.0261454582214355,0.993923008441925,4.67367696762085,49303
16.014334440231323,1.02706778049469,0.9937962293624878,4.673366069793701,49285
16.024260997772217,1.0282173156738281,0.9931834936141968,4.672787189483643,49962
16.034249305725098,1.0290942192077637,0.9930810928344727,4.672464847564697,49310
16.04442811012268,1.0297690629959106,0.9935953617095947,4.672422409057617,48622
16.05566120147705,1.0306695699691772,0.993651270866394,4.672140598297119,49128
16.064903259277344,1.031549096107483,0.9936954975128174,4.671871662139893,49089
16.074520587921143,1.0325924158096313,0.9933760762214661,4.6714186668396,49577
16.08447813987732,1.0336744785308838,0.9929778575897217,4.670899391174316,49675
16.094587326049805,1.0346078872680664,0.9929532408714294,4.67062520980835,49247
16.105425596237183,1.0355168581008911,0.9929690361022949,4.670263767242432,49208
16.115386962890625,1.0363579988479614,0.9931075572967529,4.6699910163879395,49033
16.125606536865234,1.0372434854507446,0.9931631088256836,4.669723033905029,49132
16.135847330093384,1.03814697265625,0.9931671619415283,4.669464111328125,49194
16.143946647644043,1.039044976234436,0.9932977557182312,4.669216156005859,49025
16.154597520828247,1.040013074874878,0.9933142066001892,4.668934345245361,49154
16.164482355117798,1.0408600568771362,0.9935904741287231,4.668783664703369,48811
16.174186944961548,1.0417877435684204,0.9936568140983582,4.668498992919922,49088
16.18510103225708,1.0426801443099976,0.9936999082565308,4.668239116668701,49101
16.19568395614624,1.0436939001083374,0.9937344789505005,4.66797399520874,49133
16.20573329925537,1.0446799993515015,0.9937340021133423,4.667724132537842,49164
16.21420931816101,1.0456310510635376,0.9937554001808167,4.66748571395874,49129
16.22589921951294,1.0466513633728027,0.9937944412231445,4.667243957519531,49099
16.234646797180176,1.0475385189056396,0.9939090013504028,4.667036533355713,49014
16.244739055633545,1.0485594272613525,0.9939964413642883,4.666793346405029,49051
16.255091428756714,1.0495774745941162,0.9939619302749634,4.666521072387695,49206
16.26510739326477,1.0506305694580078,0.9939572811126709,4.666280746459961,49150
16.2743980884552,1.0516631603240967,0.9939664602279663,4.666070461273193,49172
16.284209489822388,1.0526432991027832,0.994018018245697,4.665844440460205,49072
16.294452667236328,1.0536421537399292,0.9941041469573975,4.665611267089844,49038
16.30563449859619,1.0546164512634277,0.9941079616546631,4.665403366088867,49152
16.314850568771362,1.0556951761245728,0.9941512942314148,4.665149211883545,49111
16.32419443130493,1.0567599534988403,0.9940720200538635,4.664895534515381,49230
16.33526086807251,1.0577607154846191,0.9940396547317505,4.6646528244018555,49209
16.34532117843628,1.0588185787200928,0.994018018245697,4.664429664611816,49174
16.354609966278076,1.0597971677780151,0.9940469861030579,4.66420841217041,49105
16.36505389213562,1.060854434967041,0.9941233396530151,4.664070129394531,49059
16.374220848083496,1.061860203742981,0.9941285252571106,4.663902759552002,49149
16.385027170181274,1.0629583597183228,0.9940982460975647,4.663730621337891,49200
16.39421582221985,1.0641083717346191,0.9939590692520142,4.663544178009033,49325
16.404449939727783,1.065123200416565,0.9939466714859009,4.663385391235352,49151
16.414448976516724,1.0662167072296143,0.9940090179443359,4.663210868835449,49076
16.424580097198486,1.0671714544296265,0.9940664768218994,4.663052558898926,49075
16.43467688560486,1.0681712627410889,0.9942158460617065,4.662832260131836,48967
16.444414615631104,1.0693291425704956,0.9940985441207886,4.662755012512207,49291
16.45457625389099,1.0704363584518433,0.9940348267555237,4.662612438201904,49216
16.464585065841675,1.0715924501419067,0.9939538836479187,4.662458419799805,49260
16.47420597076416,1.0725698471069336,0.9939844012260437,4.6623358726501465,49098
16.484567165374756,1.0736544132232666,0.9941334128379822,4.662248134613037,48963
16.49440860748291,1.074644684791565,0.9941794276237488,4.662156105041504,49076
16.50443148612976,1.0757622718811035,0.9942194223403931,4.662062644958496,49090
16.515275478363037,1.076922059059143,0.9941093921661377,4.66201114654541,49278
16.525097608566284,1.0780245065689087,0.994088351726532,4.661934852600098,49155
16.534488439559937,1.0792059898376465,0.9940995573997498,4.661869525909424,49129
16.544886350631714,1.0801759958267212,0.99416184425354,4.661802291870117,49052
16.555108308792114,1.0811957120895386,0.9943268895149231,4.661679267883301,48932
16.565091848373413,1.082295298576355,0.9942883849143982,4.66164493560791,49168
16.57472538948059,1.0834448337554932,0.9942736029624939,4.661627769470215,49133
16.58453345298767,1.0846351385116577,0.9941297769546509,4.661600589752197,49320
16.595128536224365,1.0856852531433105,0.9941015839576721,4.661599159240723,49172
16.60493540763855,1.0868030786514282,0.9941772222518921,4.661614418029785,49046
16.61465549468994,1.0878134965896606,0.9942531585693359,4.661643028259277,49041
16.62445306777954,1.088951826095581,0.9943683743476868,4.6616902351379395,48968
16.635021448135376,1.0901727676391602,0.9940541386604309,4.661624431610107,49528
16.644834756851196,1.0912771224975586,0.9939902424812317,4.661687850952148,49189
16.65500783920288,1.092500925064087,0.9939050078392029,4.661777019500732,49276
16.66556453704834,1.0935204029083252,0.9939265847206116,4.661829471588135,49113
16.675161838531494,1.0946061611175537,0.994081974029541,4.661925315856934,48955
16.68412709236145,1.0955811738967896,0.9941144585609436,4.662046909332275,49087
16.694095134735107,1.0966770648956299,0.9941554665565491,4.662182807922363,49065
16.704201221466064,1.0979362726211548,0.9938908219337463,4.662381172180176,49451
16.714346408843994,1.0989855527877808,0.9938236474990845,4.6625213623046875,49205
16.7247371673584,1.1001702547073364,0.9937240481376648,4.662485122680664,49292
16.735213041305542,1.101210594177246,0.9936957359313965,4.662720203399658,49158
16.74420738220215,1.1022706031799316,0.9937784671783447,4.6628851890563965,49071
16.754618644714355,1.1032882928848267,0.9937155842781067,4.663078308105469,49218
16.765403270721436,1.1042910814285278,0.9937577247619629,4.663197994232178,49082
16.77479648590088,1.1054754257202148,0.9936549663543701,4.663414001464844,49270
16.784236907958984,1.1065046787261963,0.9936715960502625,4.663637638092041,49119
16.795087814331055,1.107576847076416,0.9936952590942383,4.6638712882995605,49128
16.80515193939209,1.1085346937179565,0.9936574101448059,4.664123058319092,49193
16.81536316871643,1.1094588041305542,0.9937208890914917,4.664396286010742,49064
16.825263738632202,1.1105384826660156,0.9936566352844238,4.664679050445557,49201
16.834999322891235,1.1115226745605469,0.993631899356842,4.664966106414795,49186
16.844456672668457,1.11265230178833,0.9934829473495483,4.665245056152344,49336
16.855283737182617,1.113564372062683,0.9933953881263733,4.665652275085449,49256
16.864701986312866,1.114583134651184,0.993438184261322,4.665998935699463,49122
16.875181436538696,1.1155309677124023,0.9933884739875793,4.666344165802002,49233
16.88532829284668,1.1163936853408813,0.9935157299041748,4.666630268096924,48991
16.894915342330933,1.1173909902572632,0.9934384822845459,4.6669793128967285,49246
16.90479016304016,1.1183041334152222,0.9934234619140625,4.667403697967529,49150
16.915421724319458,1.1192837953567505,0.993369996547699,4.667844772338867,49222
16.925484657287598,1.1201549768447876,0.9932999610900879,4.668262481689453,49239
16.935380935668945,1.1210622787475586,0.9933153986930847,4.668674468994141,49156
16.944777488708496,1.1219953298568726,0.9931974411010742,4.669074058532715,49318
16.955159664154053,1.1228511333465576,0.9932246804237366,4.669529438018799,49131
16.965375900268555,1.1238114833831787,0.9930547475814819,4.670068264007568,49370
16.975277185440063,1.1245204210281372,0.99310302734375,4.67048978805542,49097
16.984328269958496,1.1253750324249268,0.9931469559669495,4.6709794998168945,49117
16.994338274002075,1.126163125038147,0.9930723309516907,4.671504497528076,49259
17.004295587539673,1.1269806623458862,0.9930947422981262,4.672023296356201,49154
17.01511573791504,1.1278234720230103,0.9929749965667725,4.672536849975586,49339
17.024654626846313,1.1286345720291138,0.9929746389389038,4.673166275024414,49156
17.03423762321472,1.1294527053833008,0.9929543137550354,4.673788070678711,49185
17.045114994049072,1.1301299333572388,0.9929423928260803,4.6744279861450195,49176
17.05479621887207,1.1308425664901733,0.9931309223175049,4.674983501434326,48939
17.06438183784485,1.131596565246582,0.9930544495582581,4.675601005554199,49291
17.074187994003296,1.1323163509368896,0.9930453300476074,4.676227569580078,49180
17.085443019866943,1.1331770420074463,0.992833137512207,4.676975727081299,49444
17.095459938049316,1.1337599754333496,0.9928789734840393,4.67763090133667,49100
17.105101108551025,1.1344574689865112,0.9929379224777222,4.6783342361450195,49101
17.11432433128357,1.1350617408752441,0.9928540587425232,4.679114818572998,49278
17.12428379058838,1.1356828212738037,0.9929924607276917,4.679760456085205,49042
17.135089874267578,1.1364110708236694,0.9928714036941528,4.680482864379883,49334
17.143919706344604,1.1370928287506104,0.9928080439567566,4.6813130378723145,49253
17.15417981147766,1.1378371715545654,0.9927111864089966,4.682102203369141,49292
17.16396689414978,1.1383647918701172,0.9926983118057251,4.682912826538086,49181
17.174460887908936,1.138990879058838,0.9928054809570312,4.68369722366333,49068
17.18447184562683,1.1395024061203003,0.9928370118141174,4.68454122543335,49141
17.194265842437744,1.1400837898254395,0.9928508400917053,4.685409069061279,49170
17.204075574874878,1.140806794166565,0.9926578402519226,4.686280250549316,49451
17.214827060699463,1.1413753032684326,0.992560088634491,4.687123775482178,49298
17.22496271133423,1.1419814825057983,0.9925541877746582,4.687979698181152,49213
17.23428773880005,1.1424955129623413,0.9924417734146118,4.688845157623291,49323
17.24507164955139,1.1428560018539429,0.9927048087120056,4.689821720123291,48873
17.254348754882812,1.1434520483016968,0.9924728274345398,4.690723419189453,49535
17.26471757888794,1.1439515352249146,0.99241703748703,4.691722393035889,49241
17.274575233459473,1.1445640325546265,0.9922412037849426,4.692683219909668,49457
17.284154891967773,1.1451990604400635,0.9919469356536865,4.693744659423828,49552
17.29431676864624,1.1454609632492065,0.9922755360603333,4.69468355178833,48810
17.304548501968384,1.1458027362823486,0.9923080801963806,4.695730209350586,49181
17.31457281112671,1.1462148427963257,0.9923157691955566,4.696831703186035,49176
17.325030088424683,1.146677851676941,0.9921715259552002,4.697911262512207,49416
17.33430051803589,1.147118330001831,0.9920845031738281,4.698965072631836,49334
17.344724655151367,1.1477445363998413,0.9918801188468933,4.700082302093506,49484
17.354511976242065,1.1480846405029297,0.9918575286865234,4.701160907745361,49238
17.364756107330322,1.148430585861206,0.992030918598175,4.702264308929443,49006
17.374703645706177,1.1486355066299438,0.9920518398284912,4.703373432159424,49212
17.385512590408325,1.148924708366394,0.9922096729278564,4.704684734344482,49031
17.3943293094635,1.1494673490524292,0.9918555021286011,4.705672264099121,49664
17.404716730117798,1.1497915983200073,0.9916940927505493,4.70682954788208,49411
17.41535258293152,1.1502500772476196,0.9915943145751953,4.707922458648682,49388
17.42431950569153,1.1504673957824707,0.9915332794189453,4.709054946899414,49325
17.434724807739258,1.1507049798965454,0.9915822148323059,4.71024227142334,49180
17.445183277130127,1.1509732007980347,0.9914746284484863,4.711434841156006,49407
17.4545259475708,1.1511499881744385,0.9916181564331055,4.712704658508301,49079
17.464228630065918,1.1516419649124146,0.9911966919898987,4.713748931884766,49778
17.4747953414917,1.1519140005111694,0.9909905195236206,4.714956760406494,49496
17.4847993850708,1.1521790027618408,0.9908871054649353,4.716123104095459,49462
17.49476647377014,1.1523743867874146,0.9907507300376892,4.717320442199707,49442
17.50479555130005,1.1524869203567505,0.990720272064209,4.718523025512695,49317
17.514907598495483,1.1527864933013916,0.9905073046684265,4.71967887878418,49564
17.52426052093506,1.1530017852783203,0.9903421998023987,4.720848560333252,49490
17.5350239276886,1.1533150672912598,0.9900876879692078,4.721971035003662,49620
17.544270038604736,1.153448224067688,0.9898573160171509,4.7231574058532715,49607
17.554407119750977,1.153662085533142,0.9898682832717896,4.724427700042725,49323
17.565305948257446,1.1538063287734985,0.9896743297576904,4.725617408752441,49565
17.575161933898926,1.1539090871810913,0.9896101355552673,4.726779937744141,49391
17.58574151992798,1.1541409492492676,0.9894152879714966,4.727963447570801,49586
17.594794034957886,1.1541991233825684,0.9893012046813965,4.729097843170166,49470
17.604777336120605,1.154404640197754,0.98902827501297,4.7303266525268555,49673
17.614941358566284,1.1544431447982788,0.9888726472854614,4.7314887046813965,49551
17.62545871734619,1.1545358896255493,0.988765299320221,4.732717990875244,49500
17.634984970092773,1.1546072959899902,0.9886311292648315,4.7338361740112305,49535
17.644468784332275,1.1546677350997925,0.9883871078491211,4.735050201416016,49663
17.65546441078186,1.1547565460205078,0.9882532358169556,4.73615026473999,49531
17.665268659591675,1.1547155380249023,0.988041341304779,4.737401485443115,49643
17.674814462661743,1.1547520160675049,0.9879318475723267,4.73853063583374,49506
17.685614109039307,1.154757022857666,0.9876856803894043,4.73978328704834,49750
17.694700717926025,1.154747486114502,0.9875928163528442,4.740939617156982,49495
17.705209732055664,1.1547971963882446,0.9874159693717957,4.741990566253662,49635
17.715287685394287,1.1548001766204834,0.9871994256973267,4.743139743804932,49661
17.725029706954956,1.1548634767532349,0.9869996905326843,4.744391918182373,49661
17.735456943511963,1.154744029045105,0.9868865013122559,4.745612621307373,49560
17.745068788528442,1.1545820236206055,0.9869320392608643,4.746683120727539,49393
17.75441265106201,1.1545076370239258,0.9869386553764343,4.747880935668945,49435
17.765239477157593,1.1544479131698608,0.9867825508117676,4.748999118804932,49603
17.77521848678589,1.1546897888183594,0.9862123727798462,4.750062465667725,50120
17.785663843154907,1.15470552444458,0.9858497977256775,4.7512078285217285,49887
17.79451084136963,1.1543933153152466,0.9860230684280396,4.752261638641357,49288
17.804826736450195,1.1541627645492554,0.9859936833381653,4.753436088562012,49514
17.814795970916748,1.1539562940597534,0.9859623312950134,4.754496097564697,49479
17.824448823928833,1.1539186239242554,0.9857187271118164,4.755573749542236,49770
17.835187435150146,1.1537532806396484,0.9854763746261597,4.756705284118652,49759
17.844693183898926,1.153740406036377,0.9851855635643005,4.757882595062256,49843
17.855186939239502,1.1534838676452637,0.9851005673408508,4.758992671966553,49583
17.864803075790405,1.153175711631775,0.9851490259170532,4.7600860595703125,49438
17.87498450279236,1.1528671979904175,0.9851779341697693,4.761200904846191,49480
17.88535451889038,1.1525132656097412,0.9852803349494934,4.762421607971191,49378
17.894802570343018,1.1525598764419556,0.984773576259613,4.763395309448242,50084
17.905365228652954,1.1523758172988892,0.9844167828559875,4.76461124420166,49915
17.914433240890503,1.1522266864776611,0.9843457341194153,4.7656941413879395,49627
17.9243426322937,1.1518564224243164,0.9843629598617554,4.766740798950195,49485
17.935218811035156,1.151547908782959,0.9843919277191162,4.767852783203125,49477
17.944106578826904,1.151282548904419,0.9842600226402283,4.768980979919434,49706
17.955328941345215,1.1509699821472168,0.984114408493042,4.7701005935668945,49683
17.96513533592224,1.1508432626724243,0.9838093519210815,4.771156311035156,49928
17.974382877349854,1.1505811214447021,0.9835665822029114,4.772190570831299,49807
17.98503851890564,1.150322675704956,0.9834709167480469,4.773258686065674,49669
17.99547505378723,1.1498286724090576,0.9836386442184448,4.774361610412598,49361
18.005597352981567,1.149383783340454,0.9835759401321411,4.775393009185791,49654
18.015429258346558,1.1491926908493042,0.9831218719482422,4.776298999786377,50068
18.025118350982666,1.1488518714904785,0.9828510880470276,4.777326583862305,49891
18.034998893737793,1.148648977279663,0.9825919270515442,4.77830696105957,49903
18.044658660888672,1.1482548713684082,0.9823724031448364,4.779379367828369,49855
18.05532693862915,1.1478317975997925,0.9823806285858154,4.780324459075928,49587
18.065165758132935,1.1473495960235596,0.9822670817375183,4.781265735626221,49725
18.075064182281494,1.1468446254730225,0.9822906255722046,4.7824015617370605,49552
18.085105419158936,1.146668791770935,0.9818204045295715,4.783304214477539,50161
18.09509253501892,1.1462898254394531,0.9815875887870789,4.784283638000488,49886
18.1050066947937,1.145950436592102,0.9814535975456238,4.785198211669922,49794
18.11464762687683,1.1454625129699707,0.9812706708908081,4.786149024963379,49843
18.125428438186646,1.1449894905090332,0.9811925292015076,4.787110805511475,49684
18.135010242462158,1.1447036266326904,0.980830192565918,4.788144588470459,50105
18.144608974456787,1.1442487239837646,0.9805891513824463,4.789097785949707,49931
18.155283451080322,1.1439363956451416,0.9804694056510925,4.789877891540527,49818
18.164637804031372,1.1434199810028076,0.9803556203842163,4.790706157684326,49789
18.174401998519897,1.1429568529129028,0.9802364110946655,4.791674613952637,49757
18.184351444244385,1.1425402164459229,0.980005145072937,4.792679786682129,49951
18.194711208343506,1.142019271850586,0.9798625111579895,4.793521881103516,49835
18.20525860786438,1.1416075229644775,0.979665994644165,4.794256210327148,49934
18.214733362197876,1.1410856246948242,0.9795459508895874,4.794986248016357,49822
18.224445581436157,1.1406923532485962,0.9793241024017334,4.795830249786377,49944
18.23499369621277,1.140181303024292,0.9791451692581177,4.796711444854736,49887
18.24449110031128,1.13950514793396,0.9792636632919312,4.797599792480469,49533
18.254534006118774,1.1390670537948608,0.9789007306098938,4.79827880859375,50132
18.264933347702026,1.1384856700897217,0.9788414239883423,4.799065113067627,49750
18.27536129951477,1.138059377670288,0.9786787033081055,4.799727916717529,49933
18.28572702407837,1.1374623775482178,0.9785155653953552,4.8004865646362305,49887
18.295013666152954,1.136899471282959,0.978437066078186,4.801244258880615,49773
18.304260730743408,1.136155605316162,0.9784448146820068,4.802115440368652,49703
18.31522274017334,1.1355456113815308,0.9784470200538635,4.802828788757324,49696
18.325161933898926,1.1350444555282593,0.9781349301338196,4.803424835205078,50088
18.33510446548462,1.1344327926635742,0.9780460596084595,4.804057598114014,49827
18.345093727111816,1.1339038610458374,0.9779450297355652,4.804745197296143,49856
18.355039358139038,1.1331223249435425,0.9776749610900879,4.805591583251953,50025
18.365235328674316,1.1324009895324707,0.9778028726577759,4.8062543869018555,49562
18.374804735183716,1.1317510604858398,0.9777178764343262,4.806944370269775,49841
18.384480237960815,1.1308797597885132,0.9779912829399109,4.807621002197266,49377
18.39507746696472,1.1305092573165894,0.9776812195777893,4.808225154876709,50096
18.404210567474365,1.1297606229782104,0.9775610566139221,4.808897495269775,49844
18.41427779197693,1.1291109323501587,0.9775807857513428,4.8095703125,49703
18.424757480621338,1.128321647644043,0.9776051640510559,4.810273170471191,49686
18.435035943984985,1.1274936199188232,0.977827250957489,4.810844421386719,49435
18.445016860961914,1.126916527748108,0.9776716828346252,4.811551094055176,49908
18.454595804214478,1.126079797744751,0.9776942729949951,4.8121232986450195,49669
18.464482069015503,1.125377893447876,0.977733314037323,4.812623023986816,49674
18.474398612976074,1.1244890689849854,0.9776861071586609,4.813258647918701,49759
18.485108137130737,1.1236377954483032,0.9778639674186707,4.813728332519531,49473
18.495021104812622,1.122800350189209,0.9778972864151001,4.814381122589111,49662
18.50485110282898,1.1218631267547607,0.9780788421630859,4.814920425415039,49456
18.51541233062744,1.121151328086853,0.9781079888343811,4.815449237823486,49672
18.524763584136963,1.1202512979507446,0.9781075716018677,4.816046237945557,49672
18.535526275634766,1.1196808815002441,0.9778919816017151,4.816601753234863,49943
18.54504418373108,1.1187794208526611,0.9779946804046631,4.817208766937256,49560
18.554884910583496,1.117701768875122,0.9784517884254456,4.8177690505981445,49143
18.56484580039978,1.1167833805084229,0.9786720275878906,4.818325996398926,49403
18.57471203804016,1.1158077716827393,0.9788943529129028,4.8188982009887695,49367
18.585355043411255,1.1150420904159546,0.9790357947349548,4.819371223449707,49475
18.596152782440186,1.114322543144226,0.9789167046546936,4.82004451751709,49774
18.605141401290894,1.1134462356567383,0.9791555404663086,4.820607662200928,49320
18.615449905395508,1.112263560295105,0.9796642661094666,4.821168422698975,49057
18.625883102416992,1.1111267805099487,0.9802196621894836,4.821667671203613,48925
18.634973287582397,1.1101046800613403,0.9807142615318298,4.822289943695068,48981
18.645113468170166,1.109246015548706,0.980699896812439,4.822859764099121,49570
18.65525984764099,1.108593463897705,0.9806204438209534,4.8234453201293945,49648
18.66445755958557,1.1076041460037231,0.9808422923088074,4.824007987976074,49312
18.675174236297607,1.1065822839736938,0.9812946319580078,4.824510097503662,49032
18.684504747390747,1.105387806892395,0.9818020462989807,4.8250412940979,48935
18.695387840270996,1.1043050289154053,0.9822964668273926,4.825585842132568,48919
18.704450130462646,1.1033365726470947,0.9826043844223022,4.826181411743164,49096
18.715514659881592,1.102277398109436,0.9828710556030273,4.826754093170166,49187
18.724594831466675,1.1015206575393677,0.9830024838447571,4.827229976654053,49322
18.73532748222351,1.1004763841629028,0.9833227396011353,4.827753067016602,49083
18.744829177856445,1.0992308855056763,0.9840971231460571,4.828212738037109,48533
18.754509210586548,1.0981162786483765,0.9846075773239136,4.8288469314575195,48840
18.764281511306763,1.0971485376358032,0.984666109085083,4.829420566558838,49329
18.774232149124146,1.0963157415390015,0.9847494959831238,4.82986307144165,49313
18.785045862197876,1.095432996749878,0.9848185777664185,4.830389022827148,49347
18.795605897903442,1.094468116760254,0.9852308630943298,4.830904960632324,48919
18.804577589035034,1.093252182006836,0.9857674837112427,4.831541061401367,48762
18.814460039138794,1.0918798446655273,0.986587405204773,4.832216739654541,48378
18.825115442276,1.0908966064453125,0.9868603944778442,4.832860946655273,49026
18.835211992263794,1.0897550582885742,0.9872461557388306,4.8334431648254395,48835
18.845112562179565,1.0887318849563599,0.9875614643096924,4.833942413330078,48949
18.8550705909729,1.0878015756607056,0.987740159034729,4.834447860717773,49087
18.865211725234985,1.086314082145691,0.9887361526489258,4.835050106048584,48079
18.874181270599365,1.0853520631790161,0.9889109134674072,4.835597038269043,49084
18.885050296783447,1.084266185760498,0.9892134666442871,4.836136341094971,48860
18.894580602645874,1.0829328298568726,0.990058422088623,4.836719036102295,48256
18.905410289764404,1.0821038484573364,0.989890992641449,4.837172031402588,49438
18.914874792099,1.0810257196426392,0.9903419613838196,4.837647914886475,48635
18.924951553344727,1.0797916650772095,0.9907994270324707,4.8382248878479,48695
18.935558080673218,1.0782569646835327,0.9917997121810913,4.838802814483643,47964
18.944152116775513,1.0771403312683105,0.9920933842658997,4.839375019073486,48809
18.954689502716064,1.0761913061141968,0.992074728012085,4.839749336242676,49139
18.96456742286682,1.0751651525497437,0.9923825263977051,4.840139389038086,48795
18.974210500717163,1.0739561319351196,0.9926469922065735,4.840582370758057,48862
18.985695362091064,1.0724204778671265,0.9936132431030273,4.841135501861572,47925
18.99446392059326,1.0714775323867798,0.9935061931610107,4.841571807861328,49240
19.004719257354736,1.0701249837875366,0.9939966201782227,4.842103004455566,48454
19.01432728767395,1.0687847137451172,0.9945826530456543,4.842495918273926,48416
19.024243116378784,1.067744255065918,0.994577169418335,4.842905044555664,49072
19.03513193130493,1.0663455724716187,0.995413601398468,4.843378067016602,48019
19.044980764389038,1.0653307437896729,0.9952662587165833,4.843790531158447,49236
19.054489850997925,1.063977599143982,0.9957118034362793,4.844230651855469,48440
19.065162658691406,1.062339186668396,0.9968164563179016,4.844897270202637,47706
19.07485294342041,1.0611553192138672,0.9969064593315125,4.84514045715332,48871
19.084506273269653,1.0602128505706787,0.9967666864395142,4.8454413414001465,49104
19.09456777572632,1.0590014457702637,0.9969180822372437,4.84580659866333,48828
19.10440492630005,1.0577534437179565,0.9972019791603088,4.846115589141846,48663
19.114468336105347,1.0564254522323608,0.9975130558013916,4.846498012542725,48589
19.12538480758667,1.0547229051589966,0.9984115958213806,4.846909523010254,47846
19.134422063827515,1.053505301475525,0.9986114501953125,4.847267150878906,48690
19.144285917282104,1.0523648262023926,0.998563289642334,4.847426891326904,48935
19.155373334884644,1.0512704849243164,0.9984956979751587,4.847536563873291,49011
19.16553807258606,1.0502338409423828,0.9982021450996399,4.847640037536621,49305
19.175015926361084,1.048537015914917,0.9989651441574097,4.848127365112305,48004
19.18494749069214,1.0469719171524048,0.9997443556785583,4.848609447479248,47978
19.194568872451782,1.0455882549285889,0.9999735951423645,4.848788261413574,48552
19.20454502105713,1.0444080829620361,1.0000916719436646,4.848925590515137,48679
19.21497392654419,1.0431339740753174,1.000106692314148,4.849091529846191,48842
19.22435450553894,1.0417280197143555,1.0005346536636353,4.849451541900635,48347
19.234415531158447,1.040380835533142,1.000728726387024,4.849647521972656,48610
19.244712591171265,1.0389189720153809,1.0010805130004883,4.84979772567749,48372
19.25501012802124,1.0375398397445679,1.0014522075653076,4.849960803985596,48366
19.264662981033325,1.036150336265564,1.0016502141952515,4.850098133087158,48554
19.27450156211853,1.0345968008041382,1.0023094415664673,4.8504958152771,47977
19.28447723388672,1.0335230827331543,1.0018391609191895,4.850276947021484,49349
19.294478178024292,1.0322120189666748,1.0020309686660767,4.850351333618164,48501
19.304122924804688,1.0306057929992676,1.0026774406433105,4.8507256507873535,48038
19.315032243728638,1.0294511318206787,1.0024150609970093,4.850388526916504,49076
19.324782371520996,1.0281672477722168,1.0025594234466553,4.850393772125244,48548
19.33465552330017,1.026865839958191,1.0025346279144287,4.850425720214844,48822
19.34434223175049,1.0252898931503296,1.0031957626342773,4.850729465484619,47946
19.354522228240967,1.0242478847503662,1.0026923418045044,4.85038948059082,49359
19.364808559417725,1.0230224132537842,1.002730131149292,4.8502936363220215,48654
19.37443470954895,1.0214298963546753,1.0033302307128906,4.850534915924072,48057
19.384952545166016,1.0203384160995483,1.0028798580169678,4.850186824798584,49290
19.39449167251587,1.0191529989242554,1.002881407737732,4.8500823974609375,48703
19.40411901473999,1.0179249048233032,1.0027499198913574,4.849950790405273,48942
19.414791345596313,1.0166760683059692,1.002755045890808,4.849792003631592,48735
19.425323247909546,1.0155785083770752,1.0023787021636963,4.849455833435059,49212
19.434218168258667,1.0142111778259277,1.0027083158493042,4.849487781524658,48349
19.444944143295288,1.0130871534347534,1.002611756324768,4.849295139312744,48901
19.455363273620605,1.011821985244751,1.0024747848510742,4.849143028259277,48892
19.465646028518677,1.0107158422470093,1.002385139465332,4.848982334136963,48865
19.47508406639099,1.0095794200897217,1.0022152662277222,4.848763465881348,48961
19.48505973815918,1.0084826946258545,1.0021611452102661,4.848515033721924,48821
19.495349407196045,1.0073500871658325,1.0020817518234253,4.848291873931885,48861
19.504920959472656,1.0062226057052612,1.001904845237732,4.848064422607422,48978
19.514742136001587,1.0052931308746338,1.0016748905181885,4.847836017608643,49054
19.525010108947754,1.0042248964309692,1.0014724731445312,4.8476033210754395,49029
19.534654140472412,1.0032423734664917,1.0012869834899902,4.847311496734619,49010
19.544676542282104,1.0022790431976318,1.001121997833252,4.847029685974121,48982
19.555527687072754,1.0012903213500977,1.0010305643081665,4.846759796142578,48896
19.565619230270386,1.000315546989441,1.0008530616760254,4.846488952636719,49010
19.575549602508545,0.9993564486503601,1.0005602836608887,4.846190452575684,49157
19.584693670272827,0.998527467250824,1.0003981590270996,4.845891952514648,49001
19.595370531082153,0.997879683971405,0.9997588992118835,4.845340728759766,49600
19.60498332977295,0.9970579743385315,0.9996603727340698,4.845004081726074,48934
19.6151385307312,0.99601811170578,0.9998019337654114,4.844860076904297,48686
19.624435663223267,0.9950316548347473,0.9996476769447327,4.84453821182251,49006
19.635055541992188,0.9942963719367981,0.9994056820869446,4.844180583953857,49103
19.645681619644165,0.9935346841812134,0.9991257190704346,4.8437819480896,49171
19.654296875,0.9928966760635376,0.9988975524902344,4.8433380126953125,49129
19.66505193710327,0.9923347234725952,0.998288094997406,4.84271240234375,49596
19.675663471221924,0.9914097785949707,0.9984524846076965,4.8425703048706055,48657
19.684425354003906,0.9906930923461914,0.9982618093490601,4.842208385467529,49119
19.695371627807617,0.9899488091468811,0.9981335401535034,4.841810703277588,48998
19.704786777496338,0.9893492460250854,0.9980335831642151,4.8413987159729,48989
19.71466588973999,0.9889370799064636,0.997383177280426,4.840769290924072,49664
19.725032091140747,0.9884373545646667,0.9972016215324402,4.840310573577881,49097
19.734844207763672,0.9878566265106201,0.9969646334648132,4.839910984039307,49212
19.74423837661743,0.9872123599052429,0.9968753457069397,4.839522361755371,48992
19.75493621826172,0.9864528775215149,0.9972150325775146,4.83935022354126,48496
19.764814853668213,0.9860602617263794,0.9967751502990723,4.838706016540527,49433
19.774677276611328,0.9856492877006531,0.9966153502464294,4.83826208114624,49049
19.78488850593567,0.9852005839347839,0.996398389339447,4.837810039520264,49203
19.795578002929688,0.9847908616065979,0.996244490146637,4.837377548217773,49077
19.804654359817505,0.9843315482139587,0.9961440563201904,4.836992263793945,49035
19.815224170684814,0.9838289022445679,0.9960894584655762,4.836577892303467,48983
19.825071573257446,0.9833910465240479,0.9960743188858032,4.836113452911377,48937
19.834306716918945,0.9828724265098572,0.9959840774536133,4.835684776306152,49026
19.845210075378418,0.9825335144996643,0.9959080815315247,4.835255146026611,49000
19.854349613189697,0.982186496257782,0.9957392811775208,4.834805011749268,49046
19.864315271377563,0.9817718863487244,0.9957063794136047,4.834364891052246,49020
19.87421226501465,0.9814251065254211,0.9956678152084351,4.8339056968688965,48976
19.884885787963867,0.9808990359306335,0.9956743717193604,4.833431720733643,48925
19.894981384277344,0.9805936217308044,0.9956408739089966,4.832913875579834,48960
19.90430212020874,0.979605495929718,0.9963753819465637,4.8329596519470215,48015
19.914416074752808,0.9792901873588562,0.9962877035140991,4.832450866699219,49007
19.92465591430664,0.9795641303062439,0.9953767657279968,4.831488609313965,49958
19.934361219406128,0.9784700870513916,0.9963013529777527,4.831575870513916,47786
19.94450569152832,0.9781566858291626,0.9963111877441406,4.831092834472656,48958
19.95441174507141,0.977770209312439,0.996271550655365,4.830595016479492,48885
19.964584827423096,0.9775069355964661,0.9963141679763794,4.830125331878662,48857
19.974749326705933,0.9771307110786438,0.9962889552116394,4.829689979553223,48929
19.985479831695557,0.9768364429473877,0.9962919354438782,4.829227447509766,48890
19.994831323623657,0.9765381217002869,0.9962812066078186,4.828769207000732,48859
