timestamp,cur_x,cur_y,cur_z,thrust
0.0009741783142089844,1.5739481449127197,0.07131344079971313,1.5079110860824585,36220
0.002686738967895508,1.5740203857421875,0.07172945886850357,1.5077937841415405,36000
0.004880428314208984,1.5740569829940796,0.07177655398845673,1.5077977180480957,36053
0.007509469985961914,1.5740456581115723,0.0717867836356163,1.5077632665634155,44000
0.010840177536010742,1.5739384889602661,0.0713498666882515,1.5078966617584229,44000
0.013341665267944336,1.5739407539367676,0.07127728313207626,1.5078831911087036,44000
0.015619277954101562,1.5739798545837402,0.07126416265964508,1.5078766345977783,44000
0.01820087432861328,1.5739651918411255,0.07106420397758484,1.5079641342163086,44000
0.02294611930847168,1.5740340948104858,0.07155069708824158,1.5078190565109253,44000
0.025213241577148438,1.5740439891815186,0.07180155813694,1.507721185684204,44000
0.029598236083984375,1.5739502906799316,0.07138168811798096,1.5079045295715332,44000
0.039688825607299805,1.57396399974823,0.0713983103632927,1.5079004764556885,44000
0.04972338676452637,1.5739305019378662,0.07138444483280182,1.5078989267349243,44000
0.059810638427734375,1.5739705562591553,0.0711376965045929,1.5079935789108276,44000
0.07002687454223633,1.5740058422088623,0.0716513991355896,1.5078330039978027,44000
0.07984614372253418,1.573967695236206,0.07122283428907394,1.507987141609192,44000
0.09006667137145996,1.573938012123108,0.0713067427277565,1.5079694986343384,44000
0.10015726089477539,1.573941946029663,0.07127363979816437,1.5079615116119385,44000
0.11354851722717285,1.5739699602127075,0.07134319096803665,1.5079126358032227,44000
0.12007308006286621,1.5739953517913818,0.07131616771221161,1.5079569816589355,44000
0.13010740280151367,1.5739301443099976,0.07120318710803986,1.5079900026321411,44000
0.13988399505615234,1.573948621749878,0.07118955254554749,1.5080125331878662,44000
0.15123605728149414,1.573973536491394,0.07137299329042435,1.5079933404922485,44000
0.16008281707763672,1.5739688873291016,0.07135701179504395,1.5079795122146606,44000
0.16990923881530762,1.574016809463501,0.07138437032699585,1.50797438621521,44000
0.18006491661071777,1.5740386247634888,0.07151602953672409,1.5079559087753296,44000
0.19008302688598633,1.5741713047027588,0.07186158001422882,1.5079485177993774,44000
0.2002086639404297,1.5743159055709839,0.0717502310872078,1.508227825164795,44000
0.21020221710205078,1.5745408535003662,0.07189848273992538,1.5082958936691284,44000
0.22075319290161133,1.575244665145874,0.073961541056633,1.5079845190048218,44000
0.23001503944396973,1.575483798980713,0.07466250658035278,1.508022665977478,44000
0.24051308631896973,1.5758376121520996,0.07577620446681976,1.5078551769256592,44000
0.25015783309936523,1.5761150121688843,0.07720140367746353,1.5077439546585083,44000
0.26024675369262695,1.5759551525115967,0.07689457386732101,1.5090769529342651,44000
0.27036142349243164,1.5775291919708252,0.07991524785757065,1.5079853534698486,44000
0.280383825302124,1.5781652927398682,0.08138798177242279,1.5078942775726318,44000
0.2900080680847168,1.578873634338379,0.08358323574066162,1.5078487396240234,44000
0.2999739646911621,1.5794458389282227,0.08514130115509033,1.508516550064087,44000
0.3105030059814453,1.580451488494873,0.08813292533159256,1.5083540678024292,44000
0.32084178924560547,1.5812946557998657,0.09126584231853485,1.50885009765625,44000
0.33020448684692383,1.5826293230056763,0.09454168379306793,1.5088462829589844,44000
0.34032344818115234,1.583404779434204,0.0963895246386528,1.5092628002166748,44000
0.3501152992248535,1.5843840837478638,0.09939383715391159,1.5096770524978638,44000
0.3601200580596924,1.585753321647644,0.10319273918867111,1.5096405744552612,44000
0.3703269958496094,1.587222695350647,0.10820003598928452,1.5098583698272705,44000
0.37990593910217285,1.5882552862167358,0.11182290315628052,1.5102487802505493,44000
0.3901946544647217,1.5897481441497803,0.1162586435675621,1.5107066631317139,44000
0.4002819061279297,1.5909267663955688,0.12053708732128143,1.5107532739639282,44000
0.40981245040893555,1.5924503803253174,0.12450826168060303,1.511755108833313,44000
0.4205348491668701,1.5932129621505737,0.1287071257829666,1.5121465921401978,44000
0.42981505393981934,1.5954209566116333,0.13383156061172485,1.5122992992401123,44000
0.44045019149780273,1.596822738647461,0.13821941614151,1.5130366086959839,44000
0.4501512050628662,1.598568081855774,0.1438257396221161,1.5133693218231201,44000
0.45996642112731934,1.6000384092330933,0.14882792532444,1.5140197277069092,44000
0.4701504707336426,1.6018873453140259,0.15252156555652618,1.514805555343628,44000
0.4804863929748535,1.6038671731948853,0.15976469218730927,1.5149258375167847,44000
0.4902303218841553,1.6052095890045166,0.16337884962558746,1.5164892673492432,44000
0.516228199005127,1.6071916818618774,0.16997899115085602,1.5163798332214355,44000
0.5238735675811768,1.6086634397506714,0.17558419704437256,1.5170719623565674,44000
0.5267212390899658,1.6107245683670044,0.18185341358184814,1.517341136932373,44000
0.5297069549560547,1.6126354932785034,0.18726585805416107,1.5182008743286133,44000
0.5399091243743896,1.614796757698059,0.19429048895835876,1.518558144569397,44000
0.5499815940856934,1.6165904998779297,0.19987408816814423,1.5196503400802612,44000
0.5601122379302979,1.6182899475097656,0.20598363876342773,1.520118236541748,44000
0.5704104900360107,1.6199069023132324,0.211857408285141,1.5210524797439575,44000
0.5801191329956055,1.6224445104599,0.21906256675720215,1.5214166641235352,44000
0.589909553527832,1.6242257356643677,0.2253521829843521,1.5219327211380005,44000
0.6002397537231445,1.62635338306427,0.23282507061958313,1.5225794315338135,44000
0.6103272438049316,1.6283538341522217,0.23940107226371765,1.523217797279358,44000
0.6199877262115479,1.6304446458816528,0.2465488463640213,1.5237822532653809,44000
0.6298654079437256,1.6326467990875244,0.25437259674072266,1.5241458415985107,43889
0.6400725841522217,1.634395718574524,0.26033705472946167,1.5253242254257202,44000
0.6500804424285889,1.6365736722946167,0.2685984671115875,1.5256156921386719,42613
0.6601128578186035,1.6383156776428223,0.2744351029396057,1.5271354913711548,44000
0.6700534820556641,1.6405583620071411,0.2832132875919342,1.5269880294799805,41308
0.6797974109649658,1.6423982381820679,0.2899353802204132,1.5281116962432861,44000
0.6905856132507324,1.6446791887283325,0.2981366217136383,1.5284006595611572,41759
0.7005472183227539,1.6464979648590088,0.3052040636539459,1.5295279026031494,43492
0.710411548614502,1.6484713554382324,0.3126821219921112,1.5302588939666748,42529
0.7204830646514893,1.6508536338806152,0.32243067026138306,1.5298892259597778,38666
0.730133056640625,1.6526890993118286,0.3290393352508545,1.5312191247940063,43475
0.7404727935791016,1.6547939777374268,0.33783677220344543,1.5312609672546387,39513
0.7499439716339111,1.6570241451263428,0.3465266823768616,1.5320173501968384,39722
0.7604997158050537,1.6586837768554688,0.35456690192222595,1.5324132442474365,40321
0.7703297138214111,1.660849690437317,0.36322280764579773,1.5329314470291138,37468
0.7802066802978516,1.6629043817520142,0.3720757067203522,1.533267617225647,38390
0.7905206680297852,1.664676547050476,0.3797239363193512,1.5341154336929321,41758
0.8006885051727295,1.666437029838562,0.3881205916404724,1.5347400903701782,38716
0.8104591369628906,1.668648600578308,0.3977070450782776,1.5350151062011719,36665
0.8201837539672852,1.670728325843811,0.4060411751270294,1.535657525062561,38315
0.8300416469573975,1.6724843978881836,0.4148569405078888,1.5359129905700684,37073
0.8402366638183594,1.674282431602478,0.4233006238937378,1.5364110469818115,36000
0.8505167961120605,1.676084280014038,0.4315755069255829,1.5372711420059204,37596
0.8601763248443604,1.6779967546463013,0.4401102066040039,1.537725567817688,38657
0.8706037998199463,1.679682970046997,0.4482775330543518,1.5381261110305786,37276
0.881704568862915,1.6814838647842407,0.45670652389526367,1.5388338565826416,36000
0.8900308609008789,1.6835705041885376,0.4661673605442047,1.5389900207519531,36419
0.900331974029541,1.684999942779541,0.4732911288738251,1.5397117137908936,38162
0.9100320339202881,1.6866681575775146,0.4820038378238678,1.5398836135864258,36000
0.9201564788818359,1.688638687133789,0.4905399978160858,1.5403368473052979,36000
0.9306938648223877,1.6904209852218628,0.49843311309814453,1.5409018993377686,36331
0.9405810832977295,1.6919318437576294,0.507292628288269,1.5413050651550293,36000
0.9503586292266846,1.6934877634048462,0.5146734714508057,1.541597843170166,36682
0.9601395130157471,1.6951404809951782,0.5224248170852661,1.5421638488769531,36000
0.9704670906066895,1.6969504356384277,0.5308265686035156,1.5424331426620483,36000
0.9809732437133789,1.6985087394714355,0.5385494828224182,1.5429282188415527,36000
0.9903249740600586,1.700076699256897,0.5460926294326782,1.5432875156402588,36000
1.0002877712249756,1.7014926671981812,0.5533124208450317,1.5439374446868896,36000
1.010495901107788,1.7032848596572876,0.5620551705360413,1.5436863899230957,36000
1.0203821659088135,1.7047191858291626,0.5691931247711182,1.5442413091659546,36000
1.0303986072540283,1.705655574798584,0.5751845240592957,1.5452373027801514,38834
1.040337085723877,1.707560420036316,0.5833445191383362,1.5452783107757568,36000
1.0504875183105469,1.70891535282135,0.5908350944519043,1.5455067157745361,36000
1.0604853630065918,1.7104240655899048,0.5979726910591125,1.5455204248428345,36000
1.0704481601715088,1.7115511894226074,0.6037717461585999,1.546195149421692,36811
1.080674409866333,1.7130683660507202,0.611335039138794,1.5463613271713257,36000
1.0908465385437012,1.7143785953521729,0.6173457503318787,1.5465667247772217,36348
1.1006598472595215,1.7157472372055054,0.6239544153213501,1.5472666025161743,36000
1.1105194091796875,1.7170257568359375,0.6308329105377197,1.54715895652771,36000
1.1206083297729492,1.7180984020233154,0.6366391777992249,1.5481882095336914,36000
1.1304912567138672,1.7197166681289673,0.6432487964630127,1.5478955507278442,36000
1.1404519081115723,1.7210144996643066,0.65012127161026,1.5478949546813965,36000
1.150712251663208,1.722274661064148,0.6553003787994385,1.548462986946106,36000
1.160461664199829,1.7228199243545532,0.6608210206031799,1.5493232011795044,37110
1.170346736907959,1.724063515663147,0.6674961447715759,1.5489864349365234,36000
1.1804001331329346,1.7255281209945679,0.6732825636863708,1.5491700172424316,36000
1.1903793811798096,1.7264801263809204,0.6782264113426208,1.5497570037841797,36880
1.2002649307250977,1.7271347045898438,0.6837694048881531,1.5496947765350342,36000
1.2149550914764404,1.7285242080688477,0.6889731884002686,1.5501230955123901,36154
1.2204790115356445,1.7296055555343628,0.6940857768058777,1.5503431558609009,36366
1.230407476425171,1.730268120765686,0.6995410323143005,1.5506157875061035,36000
1.240574598312378,1.731034517288208,0.704721987247467,1.5507923364639282,36000
1.250614881515503,1.7323060035705566,0.709530770778656,1.5509785413742065,36379
1.2606236934661865,1.7330734729766846,0.7143486738204956,1.5511388778686523,36258
1.2707083225250244,1.7338773012161255,0.7194982171058655,1.5513356924057007,36000
1.280656099319458,1.7344707250595093,0.7249963879585266,1.550675868988037,36000
1.2904715538024902,1.7357739210128784,0.7283946871757507,1.5516085624694824,38303
1.3005402088165283,1.736217975616455,0.7323917746543884,1.5518330335617065,37342
1.3105251789093018,1.5329875946044922,0.14332976937294006,0.5960683226585388,44000
1.319929599761963,1.5318869352340698,0.14797385036945343,0.5959293246269226,44000
1.3303906917572021,1.7385234832763672,0.7450686693191528,1.552105188369751,36000
1.3404479026794434,1.739079236984253,0.7495708465576172,1.5520904064178467,44000
1.3543546199798584,1.7397466897964478,0.7529914975166321,1.552340030670166,36000
1.3636927604675293,1.7406187057495117,0.756837785243988,1.5521624088287354,37089
1.3794105052947998,1.741224765777588,0.7607877254486084,1.552430272102356,36941
1.385836124420166,1.7415845394134521,0.764175534248352,1.5523759126663208,37812
1.3946938514709473,1.74178147315979,0.7664502263069153,1.5526642799377441,39410
1.4016468524932861,1.7427505254745483,0.7715733051300049,1.5526739358901978,36000
1.4126813411712646,1.743553876876831,0.7757123708724976,1.5527139902114868,36517
1.4212157726287842,1.743914008140564,0.7787652611732483,1.5527169704437256,37633
1.4310925006866455,1.7435624599456787,0.7814457416534424,1.5530014038085938,38412
1.4420504570007324,1.7447530031204224,0.7861458659172058,1.553381323814392,36000
1.4514803886413574,1.7448692321777344,0.7893458008766174,1.5532686710357666,38294
1.465198278427124,1.7446237802505493,0.7930393218994141,1.5538278818130493,36370
1.471717357635498,1.7455838918685913,0.797780454158783,1.553722620010376,36000
1.483034372329712,1.7455981969833374,0.7998794913291931,1.5540883541107178,39805
1.4942266941070557,1.7452131509780884,0.8014916777610779,1.5540192127227783,39594
1.5033462047576904,1.7457644939422607,0.8070623874664307,1.5544061660766602,36000
1.5202383995056152,1.7468210458755493,0.8131721615791321,1.5546727180480957,36000
1.5302093029022217,1.7464184761047363,0.8191468119621277,1.5548369884490967,36000
1.5611705780029297,1.7475687265396118,0.8276270627975464,1.5553793907165527,36000
1.5700457096099854,1.7470364570617676,0.8301198482513428,1.555091381072998,38611
1.5801920890808105,1.7468507289886475,0.8343678712844849,1.5553175210952759,36000
1.6002485752105713,1.7465122938156128,0.8391090035438538,1.5550661087036133,36000
1.6100053787231445,1.746599793434143,0.8422224521636963,1.555184006690979,37483
1.6203937530517578,1.7468600273132324,0.845967710018158,1.5550013780593872,36000
1.637727975845337,1.7461090087890625,0.8489052653312683,1.5551576614379883,36820
1.642486333847046,1.7463359832763672,0.8507208824157715,1.554783821105957,38558
1.6503543853759766,1.7454822063446045,0.8537256121635437,1.554465889930725,36745
1.6704044342041016,1.7444943189620972,0.857883870601654,1.5540183782577515,36000
1.7028396129608154,1.7432347536087036,0.866035521030426,1.552770733833313,36000
1.7104923725128174,1.7429026365280151,0.8685680031776428,1.552502155303955,37912
1.7213490009307861,1.7424033880233765,0.8707113265991211,1.5519118309020996,37212
1.7306160926818848,1.741371750831604,0.8725467920303345,1.551093578338623,38565
1.7412524223327637,1.7407386302947998,0.8744578957557678,1.550646424293518,38635
1.750866413116455,1.7397692203521729,0.8765408396720886,1.549890160560608,38546
1.7611398696899414,1.7387139797210693,0.8781482577323914,1.549263596534729,39052
1.7802584171295166,1.7371686697006226,0.882487416267395,1.5474308729171753,36000
1.7904729843139648,1.736261010169983,0.8833485841751099,1.546615481376648,40534
1.8003273010253906,1.7353274822235107,0.8853731751441956,1.5458097457885742,38261
1.8106703758239746,1.734296202659607,0.8867861032485962,1.5446466207504272,39679
1.820286750793457,1.7332819700241089,0.8882299661636353,1.5436933040618896,39341
1.8301279544830322,1.7318682670593262,0.8899347186088562,1.5426570177078247,39129
1.8411777019500732,1.7306534051895142,0.8904082775115967,1.5414485931396484,41119
1.850334882736206,1.729582667350769,0.8915718197822571,1.5402216911315918,39911
1.8601481914520264,1.728318691253662,0.8930295705795288,1.5391223430633545,39809
1.8704893589019775,1.7268681526184082,0.8941287398338318,1.5379087924957275,40196
1.8802745342254639,1.7259738445281982,0.8957442045211792,1.536378264427185,39280
1.8913946151733398,1.7246630191802979,0.8975053429603577,1.534893274307251,39059
1.9002952575683594,1.7227075099945068,0.8985046148300171,1.5334465503692627,40242
1.9102907180786133,1.7213542461395264,0.8993810415267944,1.5315793752670288,40400
1.9230165481567383,1.720430850982666,0.900791347026825,1.5301029682159424,39767
1.9303467273712158,1.718379259109497,0.90232914686203,1.5285404920578003,39644
1.9404401779174805,1.7165133953094482,0.9027174711227417,1.5267002582550049,41255
1.960780382156372,1.7137600183486938,0.905584454536438,1.5231519937515259,39004
1.9716365337371826,1.711708426475525,0.9063104391098022,1.5212414264678955,40569
1.981760025024414,1.710037112236023,0.9076244235038757,1.519068956375122,39878
2.010571002960205,1.7039008140563965,0.9101333022117615,1.5126404762268066,41038
2.0311248302459717,1.70025634765625,0.9129485487937927,1.5081068277359009,39335
2.041193723678589,1.6987289190292358,0.9143550395965576,1.5060136318206787,39304
2.050344944000244,1.6967278718948364,0.9157056212425232,1.5035390853881836,39839
2.0608129501342773,1.6944668292999268,0.9166702628135681,1.5009821653366089,40143
2.070760726928711,1.692769169807434,0.9184688925743103,1.4987995624542236,38830
2.080033302307129,1.690085530281067,0.9195847511291504,1.4960931539535522,40037
2.090186357498169,1.6881498098373413,0.9206308722496033,1.4935723543167114,39855
2.100341558456421,1.6857526302337646,0.9218251705169678,1.4910246133804321,39890
2.121248245239258,1.68169105052948,0.9248156547546387,1.4854164123535156,38216
2.1306660175323486,1.6795159578323364,0.9261581301689148,1.4827375411987305,39096
2.1400649547576904,1.677473545074463,0.926950991153717,1.4799693822860718,40533
2.1704845428466797,1.670680046081543,0.9307131171226501,1.4712145328521729,37756
2.1805624961853027,1.6684714555740356,0.9324249029159546,1.468459963798523,38348
2.1927781105041504,1.6660107374191284,0.9344536066055298,1.465590476989746,38723
2.200374126434326,1.663986325263977,0.9354570508003235,1.4624824523925781,39572
2.2113356590270996,1.661370873451233,0.9367570877075195,1.4594837427139282,39088
2.2213964462280273,1.6593968868255615,0.9373120069503784,1.456618070602417,40360
2.230543851852417,1.6571590900421143,0.9389758706092834,1.453436017036438,38534
2.243151903152466,1.6549746990203857,0.9411505460739136,1.450294852256775,37702
2.250511407852173,1.6525087356567383,0.9420341849327087,1.4469146728515625,39644
2.2610626220703125,1.650270700454712,0.9431765079498291,1.4438419342041016,39092
2.2704758644104004,1.6478593349456787,0.9446620345115662,1.440289855003357,38735
2.2802183628082275,1.6456729173660278,0.9460384845733643,1.4372068643569946,38836
2.2904820442199707,1.6431206464767456,0.9476081728935242,1.4337410926818848,38424
2.3030741214752197,1.6408385038375854,0.9486647248268127,1.4305609464645386,39145
2.310936450958252,1.638745903968811,0.9499051570892334,1.4274203777313232,38884
2.320469856262207,1.6363378763198853,0.9515653848648071,1.4239202737808228,38741
2.3315770626068115,1.6340869665145874,0.9532244801521301,1.4204667806625366,37518
2.340588331222534,1.6317310333251953,0.9539239406585693,1.4170236587524414,39638
2.3514599800109863,1.6294429302215576,0.9555624127388,1.4134186506271362,38015
2.3626294136047363,1.6271960735321045,0.9569932222366333,1.4101009368896484,38450
2.370594024658203,1.624893307685852,0.9580593705177307,1.4066040515899658,38867
2.380697727203369,1.6225697994232178,0.9592666625976562,1.4029797315597534,38666
2.3899950981140137,1.6203796863555908,0.9604883790016174,1.3994548320770264,38599
2.400575876235962,1.6179685592651367,0.9618602395057678,1.396026849746704,38368
2.410520553588867,1.6157772541046143,0.9628833532333374,1.3923594951629639,38846
2.4213624000549316,1.6134546995162964,0.9641035795211792,1.388789176940918,38879
2.430494785308838,1.6111928224563599,0.9647396206855774,1.3854156732559204,39058
2.440420627593994,1.6090424060821533,0.9664575457572937,1.3815890550613403,37613
2.4503426551818848,1.6067315340042114,0.9672366380691528,1.3778421878814697,39174
2.461648941040039,1.60432767868042,0.9684282541275024,1.3742866516113281,38390
2.4712815284729004,1.6024142503738403,0.9695672988891602,1.3708014488220215,38532
2.480379581451416,1.5999460220336914,0.9704270362854004,1.3669424057006836,38890
2.4912374019622803,1.5976130962371826,0.971122682094574,1.3633772134780884,39145
2.5030202865600586,1.5956536531448364,0.9729942679405212,1.359512209892273,37252
2.5111913681030273,1.593265175819397,0.9730361104011536,1.3557161092758179,40177
2.520260810852051,1.5910090208053589,0.9742164015769958,1.3521571159362793,38260
2.5306265354156494,1.5889216661453247,0.9749259948730469,1.3483917713165283,39120
2.540672540664673,1.5866605043411255,0.9759109616279602,1.3448044061660767,38528
2.5510404109954834,1.5844770669937134,0.976652979850769,1.3410075902938843,38968
2.5603575706481934,1.5823514461517334,0.9775990843772888,1.33714759349823,38560
2.5704100131988525,1.5801520347595215,0.9781068563461304,1.333231806755066,39288
2.582920551300049,1.5779837369918823,0.9787346124649048,1.3296129703521729,39091
2.5905349254608154,1.575930118560791,0.9799021482467651,1.3257694244384766,38199
2.6002583503723145,1.5738757848739624,0.9806787371635437,1.3218954801559448,38771
2.609663963317871,1.5715527534484863,0.9814119935035706,1.3182358741760254,38840
2.6208596229553223,1.5694971084594727,0.9818432927131653,1.3143901824951172,39322
2.630321979522705,1.5672693252563477,0.9827717542648315,1.310694932937622,38477
2.6400644779205322,1.5651856660842896,0.9830052256584167,1.3068293333053589,39621
2.6523938179016113,1.5632474422454834,0.9839074611663818,1.3029510974884033,38504
2.6627697944641113,1.5611238479614258,0.9841594099998474,1.2993353605270386,39534
2.6730399131774902,1.5591379404067993,0.9848892092704773,1.2953901290893555,38781
2.680184841156006,1.557066559791565,0.9851933121681213,1.2915257215499878,39412
2.6940345764160156,1.5550615787506104,0.9858019948005676,1.287880539894104,38942
2.700794219970703,1.5530881881713867,0.98626708984375,1.2840999364852905,39647
2.710334539413452,1.551019549369812,0.9867351055145264,1.2802443504333496,38681
2.7201454639434814,1.5489054918289185,0.9870816469192505,1.2764127254486084,39299
2.7305071353912354,1.5469778776168823,0.987664520740509,1.2724623680114746,38972
2.7410762310028076,1.5450018644332886,0.9881643652915955,1.2688987255096436,39020
2.750227689743042,1.542951226234436,0.988517701625824,1.265141487121582,39810
2.7614805698394775,1.541056752204895,0.988871693611145,1.2611722946166992,38755
2.770275592803955,1.539214015007019,0.9892541170120239,1.2574779987335205,39224
2.7802114486694336,1.5372700691223145,0.9897394180297852,1.2536711692810059,39076
2.790249824523926,1.5353078842163086,0.99016273021698,1.2498153448104858,39683
2.8002750873565674,1.5336493253707886,0.9903863072395325,1.2460904121398926,38959
2.8101887702941895,1.5314692258834839,0.9905756711959839,1.2423958778381348,39469
2.8202409744262695,1.5296382904052734,0.99073725938797,1.2387629747390747,39539
2.831052541732788,1.527768850326538,0.9912695288658142,1.2349932193756104,38936
2.840139150619507,1.525933861732483,0.9916613101959229,1.2311582565307617,39640
2.8501875400543213,1.5242129564285278,0.99195796251297,1.2274844646453857,38896
2.8601956367492676,1.5222817659378052,0.9922824501991272,1.2239418029785156,39282
2.8701446056365967,1.5206754207611084,0.9923282861709595,1.220145344734192,39729
2.8802671432495117,1.5187381505966187,0.9927703142166138,1.2164206504821777,38983
2.889949321746826,1.5170320272445679,0.993040919303894,1.2128154039382935,39356
2.8994855880737305,1.5152298212051392,0.9932290315628052,1.2091763019561768,39508
2.909536123275757,1.513580083847046,0.9935890436172485,1.2054808139801025,39220
2.9198241233825684,1.5118509531021118,0.9938828349113464,1.202040433883667,39292
2.9297378063201904,1.5101826190948486,0.99415123462677,1.1982662677764893,39347
2.9397284984588623,1.508478045463562,0.99448561668396,1.1947108507156372,39128
2.9497785568237305,1.5068259239196777,0.9947286248207092,1.1911033391952515,39461
2.960162878036499,1.5050297975540161,0.9951940774917603,1.1877113580703735,38996
2.969672203063965,1.50351083278656,0.9951457381248474,1.1839872598648071,39866
2.9800658226013184,1.5018658638000488,0.9955459833145142,1.1804795265197754,39227
2.989969253540039,1.5002458095550537,0.9957401752471924,1.1770427227020264,39402
3.000028133392334,1.4986467361450195,0.9957787990570068,1.1735275983810425,39718
3.0101633071899414,1.497119665145874,0.9962818026542664,1.1700342893600464,38970
3.0201995372772217,1.4955357313156128,0.996293306350708,1.1665693521499634,39622
3.0302186012268066,1.4939048290252686,0.9971668124198914,1.1631067991256714,38450
3.042584180831909,1.4925769567489624,0.9968867897987366,1.1597720384597778,40150
3.0505306720733643,1.4909206628799438,0.9973253011703491,1.1563453674316406,39206
3.0603222846984863,1.4895492792129517,0.9973879456520081,1.1528940200805664,39570
3.070378065109253,1.4878908395767212,0.9977084398269653,1.1494942903518677,39321
3.081662654876709,1.4865891933441162,0.9979392886161804,1.1462465524673462,39349
3.090637445449829,1.4849289655685425,0.9985244274139404,1.1429201364517212,38816
3.1011369228363037,1.4835859537124634,0.9985296130180359,1.1396604776382446,39847
3.1124441623687744,1.482238531112671,0.9985998272895813,1.1363584995269775,39875
3.1204769611358643,1.4807333946228027,0.9989594221115112,1.133014440536499,39184
3.130358934402466,1.4794384241104126,0.9991403222084045,1.1297564506530762,39339
3.1404428482055664,1.4780856370925903,0.9993457198143005,1.126631259918213,39567
3.151273727416992,1.476654052734375,0.9996140599250793,1.123512864112854,39377
3.160404682159424,1.4754754304885864,0.9997521042823792,1.12034010887146,39508
3.170339822769165,1.4740561246871948,1.0000957250595093,1.1170761585235596,39280
3.1800265312194824,1.4727847576141357,1.0001366138458252,1.1140550374984741,39714
3.1907482147216797,1.4714229106903076,1.0004701614379883,1.1109905242919922,39497
3.200289249420166,1.470211386680603,1.0006920099258423,1.107930302619934,39346
3.2102696895599365,1.4688632488250732,1.0007007122039795,1.1049776077270508,39885
3.2229840755462646,1.4676555395126343,1.001123070716858,1.1018967628479004,39111
3.2300896644592285,1.4664256572723389,1.000941514968872,1.0991443395614624,40178
3.240151882171631,1.4651906490325928,1.0013113021850586,1.0960842370986938,39389
3.25014591217041,1.4639854431152344,1.00175142288208,1.0930391550064087,39019
3.2598323822021484,1.4629486799240112,1.001900553703308,1.0901124477386475,39789
3.269925355911255,1.4616830348968506,1.0021518468856812,1.0872575044631958,39551
3.280974864959717,1.4605587720870972,1.0020889043807983,1.0843498706817627,40017
3.2902653217315674,1.4593323469161987,1.002583622932434,1.0815424919128418,39029
3.3025622367858887,1.4581815004348755,1.0024415254592896,1.079032301902771,40202
3.3108632564544678,1.4571133852005005,1.0032081604003906,1.0759286880493164,38854
3.3202953338623047,1.4560762643814087,1.0032641887664795,1.073240876197815,39776
3.330388307571411,1.455046534538269,1.0032296180725098,1.0707846879959106,40314
3.3414928913116455,1.4538103342056274,1.0039305686950684,1.0678235292434692,38764
3.350416660308838,1.4528933763504028,1.0038740634918213,1.0652514696121216,39809
3.3635504245758057,1.4518545866012573,1.0039008855819702,1.0627403259277344,40294
3.370220422744751,1.4507150650024414,1.004106879234314,1.060112476348877,39651
3.380452871322632,1.4498000144958496,1.0045615434646606,1.0576027631759644,39172
3.391082286834717,1.4488263130187988,1.0049654245376587,1.0548876523971558,39454
3.4003610610961914,1.447658658027649,1.0055841207504272,1.0523571968078613,39149
3.410951614379883,1.4467664957046509,1.0055173635482788,1.049976110458374,40367
3.4213600158691406,1.4458998441696167,1.0057003498077393,1.0475167036056519,39868
3.4304916858673096,1.4449669122695923,1.0060769319534302,1.0452104806900024,39468
3.440673351287842,1.4440324306488037,1.0065014362335205,1.0426396131515503,39368
3.450301170349121,1.443009853363037,1.0068435668945312,1.0404165983200073,39760
3.4601237773895264,1.4422249794006348,1.006966471672058,1.0382050275802612,40034
3.470085382461548,1.4414085149765015,1.0073482990264893,1.0355664491653442,39689
3.480893135070801,1.4405176639556885,1.0078009366989136,1.0334179401397705,39396
3.4902708530426025,1.4396973848342896,1.0079195499420166,1.0311189889907837,40137
3.500358819961548,1.4387943744659424,1.0084660053253174,1.0289173126220703,39432
3.5103018283843994,1.4378811120986938,1.0090830326080322,1.026748776435852,39283
3.5205233097076416,1.4372508525848389,1.0089925527572632,1.024747371673584,40636
3.5301296710968018,1.4363350868225098,1.0094952583312988,1.0224934816360474,39710
3.540295362472534,1.4355731010437012,1.0102598667144775,1.0202418565750122,39821
3.5527119636535645,1.4348492622375488,1.0103507041931152,1.0182291269302368,39460
3.561171293258667,1.434058666229248,1.0106981992721558,1.0162103176116943,40251
3.571110248565674,1.4332767724990845,1.0111668109893799,1.0144269466400146,40331
3.5800116062164307,1.4326550960540771,1.011749029159546,1.0122952461242676,38690
3.590237855911255,1.4318574666976929,1.0118252038955688,1.0103743076324463,40227
3.600381374359131,1.4312227964401245,1.0124106407165527,1.0083926916122437,40652
3.610267162322998,1.4304957389831543,1.0128446817398071,1.0064996480941772,39236
3.620025396347046,1.4298186302185059,1.0129873752593994,1.0046732425689697,41572
3.6301252841949463,1.4291164875030518,1.0137399435043335,1.0027779340744019,38526
3.6409459114074707,1.4284709692001343,1.0141927003860474,1.0011332035064697,39799
3.6511518955230713,1.4279078245162964,1.0146138668060303,0.9993733763694763,40459
3.660175323486328,1.4272857904434204,1.015212893486023,0.997385561466217,39876
3.6703360080718994,1.4267162084579468,1.015608549118042,0.9958513975143433,41435
3.68019962310791,1.4261555671691895,1.0162529945373535,0.9940173029899597,39834
3.6911160945892334,1.4254835844039917,1.016662359237671,0.9924861192703247,39028
3.700481414794922,1.4247099161148071,1.0173481702804565,0.9906654357910156,39975
3.7102038860321045,1.4243196249008179,1.0174682140350342,0.9893810153007507,40813
3.7216522693634033,1.423887848854065,1.018129825592041,0.9877827167510986,40166
3.733250856399536,1.4233375787734985,1.0188875198364258,0.9862624406814575,39635
3.740359306335449,1.4228237867355347,1.0194761753082275,0.984668493270874,40139
3.7502171993255615,1.4222990274429321,1.0200775861740112,0.98322594165802,40729
3.7603819370269775,1.421813726425171,1.0205929279327393,0.981677234172821,40188
3.7705533504486084,1.421299934387207,1.0212297439575195,0.9802696704864502,41881
3.7801191806793213,1.420841932296753,1.0217692852020264,0.9790272116661072,39577
3.7906036376953125,1.4204212427139282,1.022415041923523,0.9776625633239746,40495
3.800525188446045,1.420069694519043,1.0231099128723145,0.9763327836990356,40238
3.8102800846099854,1.4196635484695435,1.0238616466522217,0.9749243259429932,40291
3.820326805114746,1.4191879034042358,1.0247288942337036,0.9736221432685852,40229
3.83030104637146,1.4186656475067139,1.025402307510376,0.9723960757255554,40347
3.840137481689453,1.4183727502822876,1.0259678363800049,0.9712550044059753,42660
3.8529369831085205,1.4179900884628296,1.0266252756118774,0.9700191617012024,39730
3.8597967624664307,1.4176031351089478,1.027434229850769,0.9689871668815613,40534
3.8707573413848877,1.4172641038894653,1.028309941291809,0.9679954648017883,40640
3.8799755573272705,1.4168814420700073,1.0293304920196533,0.9668030142784119,40053
3.89115309715271,1.416568636894226,1.0303735733032227,0.9654196500778198,40492
3.9000918865203857,1.4161869287490845,1.0310174226760864,0.9646898508071899,41079
3.9105334281921387,1.4159797430038452,1.0318573713302612,0.9636591076850891,41622
3.920196294784546,1.4157226085662842,1.032801628112793,0.9627916216850281,42235
3.9299886226654053,1.415492296218872,1.033751130104065,0.9618905782699585,39600
3.9404311180114746,1.4150699377059937,1.0352108478546143,0.9607452154159546,40016
3.950209140777588,1.4148849248886108,1.0363211631774902,0.9599664211273193,40499
3.9600577354431152,1.4146678447723389,1.0371613502502441,0.9591805338859558,41818
3.9701502323150635,1.414452075958252,1.0383018255233765,0.9582939743995667,42026
3.9805216789245605,1.4141967296600342,1.0390450954437256,0.9576870799064636,40412
3.9899535179138184,1.4139395952224731,1.040413737297058,0.9568070769309998,40749
4.0003557205200195,1.4136176109313965,1.0416114330291748,0.9559668898582458,40552
4.010379314422607,1.4135428667068481,1.04302978515625,0.9552494287490845,41150
4.020129919052124,1.4133241176605225,1.0440739393234253,0.9546392560005188,41374
4.030262231826782,1.413059115409851,1.0454909801483154,0.9539808630943298,41239
4.039984464645386,1.4128679037094116,1.0468939542770386,0.9533551335334778,40739
4.050422668457031,1.4128563404083252,1.0485371351242065,0.9527233839035034,40524
4.060396432876587,1.4126275777816772,1.0499186515808105,0.9521588683128357,41329
4.07000994682312,1.4125739336013794,1.051218032836914,0.951617956161499,41661
4.080416440963745,1.412419319152832,1.0527946949005127,0.9510199427604675,41592
4.090707302093506,1.4122296571731567,1.054437518119812,0.9505339860916138,40400
4.100529193878174,1.4120702743530273,1.0559033155441284,0.9500044584274292,41412
4.110008955001831,1.4120410680770874,1.0573216676712036,0.9497345685958862,41303
4.1203296184539795,1.411882758140564,1.0592939853668213,0.949151337146759,40798
4.130079507827759,1.4118032455444336,1.0609151124954224,0.9488787055015564,40924
4.140856504440308,1.4117568731307983,1.0624858140945435,0.9484962224960327,41732
4.150355577468872,1.411643624305725,1.0642282962799072,0.9482756853103638,40856
4.160430908203125,1.4116722345352173,1.0662184953689575,0.9479056596755981,40980
4.170531272888184,1.4114423990249634,1.0683231353759766,0.9475955367088318,40107
4.182960748672485,1.411486029624939,1.069770336151123,0.9474399089813232,41760
4.191123008728027,1.4113951921463013,1.0716520547866821,0.9472659826278687,41180
4.200181722640991,1.4113287925720215,1.074257731437683,0.9469072818756104,39415
4.210436582565308,1.4113914966583252,1.0759434700012207,0.9469163417816162,43710
4.220574855804443,1.411414384841919,1.0781338214874268,0.946747899055481,38974
4.230486154556274,1.4111992120742798,1.0805631875991821,0.946449339389801,39338
4.240124940872192,1.411260724067688,1.0826109647750854,0.9463472962379456,40003
4.2501280307769775,1.4112201929092407,1.084267258644104,0.9465118646621704,42699
4.260154485702515,1.4112091064453125,1.0872714519500732,0.9462519288063049,39148
4.2702412605285645,1.4112753868103027,1.0889837741851807,0.9464580416679382,40217
4.280325651168823,1.4112515449523926,1.0910972356796265,0.9465431571006775,41608
4.290347576141357,1.411204218864441,1.0937913656234741,0.9464656114578247,37650
4.300202369689941,1.411307454109192,1.0961357355117798,0.9465892910957336,40536
4.3106529712677,1.411359190940857,1.0983635187149048,0.9466497302055359,41903
4.320438861846924,1.4112474918365479,1.1011450290679932,0.9465547800064087,37650
4.330367803573608,1.411414623260498,1.1029002666473389,0.9470610022544861,40846
4.340449094772339,1.4115402698516846,1.1056281328201294,0.946998655796051,39131
4.350280046463013,1.4114389419555664,1.1082900762557983,0.9471033215522766,38231
4.360118389129639,1.4115453958511353,1.110321283340454,0.9476603865623474,40593
4.37036657333374,1.4116438627243042,1.1129730939865112,0.9477518796920776,38852
4.381516933441162,1.4116880893707275,1.115483045578003,0.9481124877929688,38547
4.390714645385742,1.4118834733963013,1.1180061101913452,0.948273241519928,38784
4.399923086166382,1.4119640588760376,1.1204262971878052,0.9488000869750977,38649
4.410192966461182,1.411950707435608,1.1231367588043213,0.9488946199417114,38383
4.421631813049316,1.4121880531311035,1.1253187656402588,0.9495032429695129,38669
4.43182897567749,1.412278652191162,1.127878189086914,0.9500089287757874,39002
4.440610885620117,1.4122835397720337,1.1306105852127075,0.9501083493232727,37296
4.450347423553467,1.4124386310577393,1.132663607597351,0.9507798552513123,38821
4.460403680801392,1.4125572443008423,1.1354658603668213,0.9513193368911743,37733
4.5016045570373535,1.4126384258270264,1.1378344297409058,0.9516792297363281,37520
4.507684230804443,1.4128838777542114,1.1401352882385254,0.9523208141326904,37885
4.514216184616089,1.4129334688186646,1.1427361965179443,0.9528236985206604,37667
4.522977590560913,1.4131702184677124,1.1452019214630127,0.9534533619880676,37391
4.530062913894653,1.4132609367370605,1.147342562675476,0.9539951086044312,37925
4.53803277015686,1.4132920503616333,1.1498805284500122,0.9544227123260498,37110
4.544134616851807,1.4134857654571533,1.1521284580230713,0.9550957083702087,37180
4.552733898162842,1.4136379957199097,1.1539061069488525,0.9561129808425903,38244
4.55937647819519,1.4135525226593018,1.156389832496643,0.9567702412605286,36811
4.567927360534668,1.4137452840805054,1.158603549003601,0.9573448896408081,36501
4.5746824741363525,1.413980484008789,1.1605943441390991,0.9582058191299438,37563
4.5834808349609375,1.4141688346862793,1.162656545639038,0.9589641094207764,37025
4.591993570327759,1.414294958114624,1.1654086112976074,0.9593018889427185,36000
4.600514888763428,1.41429603099823,1.1672217845916748,0.9602043032646179,37436
4.612418174743652,1.4145257472991943,1.168725609779358,0.9614967703819275,37942
4.6209516525268555,1.4147120714187622,1.1704868078231812,0.962314784526825,36971
4.6303391456604,1.4146863222122192,1.1727019548416138,0.9630001187324524,36000
4.640345335006714,1.415024757385254,1.1747183799743652,0.9636922478675842,36000
4.651463031768799,1.4151815176010132,1.1759113073349,0.9648880958557129,39035
4.660504102706909,1.415286660194397,1.1773203611373901,0.9661946296691895,39035
4.670258045196533,1.4154571294784546,1.179434061050415,0.966955304145813,39035
4.6803624629974365,1.4156631231307983,1.1813608407974243,0.9676181077957153,39035
4.6901373863220215,1.415848970413208,1.1819005012512207,0.9693004488945007,39035
4.700570821762085,1.415893793106079,1.1834114789962769,0.9703872799873352,39035
4.71099853515625,1.4162088632583618,1.18472421169281,0.9713019132614136,39035
4.720331907272339,1.4162659645080566,1.1859798431396484,0.9725889563560486,39035
4.73029899597168,1.416419267654419,1.187093734741211,0.9738237857818604,39035
4.740271091461182,1.4167206287384033,1.188624620437622,0.9748634099960327,39035
4.750692844390869,1.4167588949203491,1.1895352602005005,0.9763262271881104,39035
4.759960651397705,1.4169405698776245,1.1905651092529297,0.9775804877281189,39035
4.770079135894775,1.4171652793884277,1.191847562789917,0.9787403345108032,39035
4.780351877212524,1.4172778129577637,1.1928292512893677,0.9801217913627625,36000
4.791192293167114,1.4174929857254028,1.193851113319397,0.9814148545265198,36505
4.800556898117065,1.417664885520935,1.1950844526290894,0.9827951788902283,36000
4.810806512832642,1.4178296327590942,1.1959547996520996,0.9840991497039795,36295
4.820297479629517,1.4179606437683105,1.1965539455413818,0.9857940077781677,36643
4.830162525177002,1.4182391166687012,1.1972757577896118,0.9872655272483826,36600
4.8403754234313965,1.418325662612915,1.1979849338531494,0.9891020059585571,36000
4.850115776062012,1.4186335802078247,1.1995242834091187,0.990150511264801,36000
4.861653089523315,1.418702483177185,1.1997438669204712,0.9921156167984009,36530
4.870254278182983,1.4188624620437622,1.2004356384277344,0.9935462474822998,36579
4.880437850952148,1.4192005395889282,1.201250433921814,0.9953302145004272,36000
4.891329765319824,1.4193288087844849,1.2020182609558105,0.9968761801719666,36000
4.8999083042144775,1.4194467067718506,1.2021665573120117,0.998749852180481,36507
4.910181760787964,1.419594407081604,1.2027934789657593,1.0003348588943481,36000
4.920347690582275,1.4197016954421997,1.2026610374450684,1.0024510622024536,36579
4.930098295211792,1.4197944402694702,1.2030302286148071,1.004194974899292,36061
4.94042706489563,1.420104742050171,1.2040677070617676,1.0055667161941528,36000
4.950021266937256,1.4202674627304077,1.2038062810897827,1.0076488256454468,36826
4.961214303970337,1.4204000234603882,1.2039369344711304,1.0093109607696533,36587
4.970850467681885,1.4204905033111572,1.2042491436004639,1.0111502408981323,36000
4.980471134185791,1.420580267906189,1.2033787965774536,1.0134937763214111,37643
4.990323305130005,1.4209402799606323,1.2040212154388428,1.0149140357971191,36000
5.000342607498169,1.4210635423660278,1.2037310600280762,1.0168495178222656,36009
5.011070251464844,1.4212037324905396,1.202734351158142,1.019328236579895,38061
5.021343946456909,1.4215595722198486,1.2024189233779907,1.021091341972351,36303
5.031159162521362,1.4217239618301392,1.2021534442901611,1.0231623649597168,36000
5.041367053985596,1.4217891693115234,1.2017643451690674,1.025159478187561,36519
5.050390720367432,1.4220013618469238,1.2006423473358154,1.027504324913025,37403
5.060952663421631,1.4221110343933105,1.2000936269760132,1.0293587446212769,36448
5.070170879364014,1.4223313331604004,1.1991896629333496,1.0315890312194824,36578
5.080009698867798,1.4223048686981201,1.1983559131622314,1.0337891578674316,36000
5.0899817943573,1.422439455986023,1.197330117225647,1.0359784364700317,38868
5.1003522872924805,1.4227666854858398,1.1968144178390503,1.037825584411621,36021
5.111109256744385,1.4230680465698242,1.1955902576446533,1.0400922298431396,37172
5.120353937149048,1.423303246498108,1.194811224937439,1.0422680377960205,36857
5.131272792816162,1.4233851432800293,1.1927099227905273,1.0448905229568481,38534
5.140215873718262,1.4234806299209595,1.191433310508728,1.046949028968811,37215
5.150478363037109,1.4237860441207886,1.1905732154846191,1.0490535497665405,36000
5.159951210021973,1.4240293502807617,1.1891224384307861,1.051490068435669,37524
5.170414924621582,1.4243311882019043,1.187886357307434,1.05379319190979,37078
5.1800453662872314,1.424296498298645,1.185661792755127,1.0560812950134277,38416
5.190494060516357,1.4243985414505005,1.1839324235916138,1.0585072040557861,37766
5.200491905212402,1.4246002435684204,1.18221914768219,1.0607585906982422,37731
5.210289001464844,1.4244468212127686,1.1805702447891235,1.0631330013275146,37409
5.220232009887695,1.4248762130737305,1.1788142919540405,1.0655094385147095,37549
5.2300567626953125,1.4252021312713623,1.177551031112671,1.0677772760391235,36838
5.240718364715576,1.4257012605667114,1.1761876344680786,1.0702005624771118,36975
5.250264406204224,1.4253146648406982,1.173097014427185,1.0726215839385986,39917
5.260777235031128,1.4257625341415405,1.1715664863586426,1.0748519897460938,37350
5.270399570465088,1.425600528717041,1.1690930128097534,1.0776395797729492,38480
5.280302286148071,1.4260588884353638,1.1672680377960205,1.0796682834625244,37915
5.2906718254089355,1.4262511730194092,1.1654789447784424,1.0821408033370972,37123
5.301023721694946,1.4261929988861084,1.1625168323516846,1.0846819877624512,39852
5.310295104980469,1.4264936447143555,1.1609654426574707,1.0869826078414917,36000
5.321375846862793,1.4264448881149292,1.1581951379776,1.0894830226898193,41350
5.331234455108643,1.4268831014633179,1.1564414501190186,1.0917803049087524,37813
5.340212821960449,1.4268864393234253,1.1534687280654907,1.0943769216537476,37198
5.350124835968018,1.4270448684692383,1.151340365409851,1.0966792106628418,40362
5.361008644104004,1.4270650148391724,1.1482481956481934,1.0992275476455688,39356
5.3699493408203125,1.4271868467330933,1.1460213661193848,1.1015921831130981,38588
5.380849599838257,1.4274908304214478,1.1436299085617065,1.1040560007095337,38295
5.391086578369141,1.427608847618103,1.1412858963012695,1.106518030166626,36356
5.400486469268799,1.4279544353485107,1.1388254165649414,1.1088404655456543,40851
5.411438703536987,1.4279934167861938,1.1361218690872192,1.1114237308502197,39168
5.420522451400757,1.428112506866455,1.1333017349243164,1.113781213760376,39369
5.430114507675171,1.4283398389816284,1.1307191848754883,1.116332769393921,38826
5.440415382385254,1.4284014701843262,1.1279799938201904,1.118719458580017,39149
5.450594186782837,1.4287010431289673,1.1256860494613647,1.1211819648742676,38560
5.460203409194946,1.4289146661758423,1.1232470273971558,1.1233989000320435,38748
5.470456600189209,1.4290903806686401,1.1203532218933105,1.1259446144104004,37606
5.480228662490845,1.4291472434997559,1.1176068782806396,1.1283409595489502,41344
5.490286350250244,1.4294416904449463,1.1150321960449219,1.130780577659607,38955
5.500271558761597,1.4295917749404907,1.1124180555343628,1.1330809593200684,39124
5.510105133056641,1.4297932386398315,1.109704852104187,1.1354694366455078,39416
5.520470142364502,1.430033802986145,1.107276439666748,1.1376866102218628,39015
5.531153678894043,1.4302122592926025,1.1045665740966797,1.1401660442352295,39411
5.540360927581787,1.430363655090332,1.1019059419631958,1.142504096031189,39518
5.550420522689819,1.4305986166000366,1.099273920059204,1.1449908018112183,39339
5.55978536605835,1.4305893182754517,1.0962659120559692,1.1473160982131958,39906
5.5700671672821045,1.430886149406433,1.093561053276062,1.1498754024505615,39576
5.580083847045898,1.4311014413833618,1.0908108949661255,1.1521137952804565,39611
5.590562582015991,1.4312621355056763,1.0882214307785034,1.1545867919921875,39505
5.600480079650879,1.4315322637557983,1.0857634544372559,1.1566487550735474,39290
5.610229253768921,1.4319010972976685,1.083383321762085,1.1591483354568481,39219
5.619792699813843,1.432010293006897,1.0805871486663818,1.16135573387146,40006
5.631683588027954,1.4322187900543213,1.0777384042739868,1.1638484001159668,40132
5.640297174453735,1.4323201179504395,1.0751898288726807,1.1660325527191162,39650
5.650396347045898,1.4326385259628296,1.0723947286605835,1.1684083938598633,40025
5.6605212688446045,1.432903528213501,1.0699759721755981,1.1705451011657715,39729
5.670623540878296,1.4331059455871582,1.0674291849136353,1.172853946685791,39774
5.680701732635498,1.4333823919296265,1.06492280960083,1.1750179529190063,39805
5.690343618392944,1.4335577487945557,1.0621825456619263,1.177323341369629,40288
5.700281858444214,1.4339666366577148,1.0599982738494873,1.1794589757919312,39410
5.710252523422241,1.434194564819336,1.0571194887161255,1.181711196899414,39260
5.720385313034058,1.4342492818832397,1.054480791091919,1.183927059173584,41854
5.730719566345215,1.434649109840393,1.0518969297409058,1.1861604452133179,40357
5.740511178970337,1.434762716293335,1.0493453741073608,1.188276767730713,40175
5.750517129898071,1.4351532459259033,1.047017216682434,1.1903778314590454,39932
5.7605414390563965,1.4354687929153442,1.0445899963378906,1.1924880743026733,40249
5.770477056503296,1.4356391429901123,1.0421148538589478,1.194753646850586,40561
5.78027081489563,1.4359444379806519,1.0398175716400146,1.196744680404663,40265
5.790421724319458,1.43608558177948,1.0373445749282837,1.1989598274230957,40503
5.801218032836914,1.4365214109420776,1.0350968837738037,1.2010455131530762,44000
5.810396671295166,1.4368337392807007,1.032841444015503,1.2029411792755127,38998
5.821715831756592,1.4370274543762207,1.0303928852081299,1.2051308155059814,38998
5.830951690673828,1.4374516010284424,1.0282011032104492,1.2072480916976929,38998
5.840688228607178,1.4376835823059082,1.025686264038086,1.2094686031341553,38998
5.8504931926727295,1.4379746913909912,1.0236772298812866,1.2114020586013794,38998
5.861268043518066,1.4383081197738647,1.0214498043060303,1.2134453058242798,38998
5.8705503940582275,1.4384537935256958,1.0192419290542603,1.2153587341308594,38998
5.880389928817749,1.4389612674713135,1.0173863172531128,1.2173922061920166,38998
5.890281677246094,1.439255714416504,1.0153894424438477,1.2193019390106201,38998
5.900684595108032,1.4394773244857788,1.0131516456604004,1.221463680267334,38998
5.910030841827393,1.4398415088653564,1.0111552476882935,1.22333824634552,38998
5.9203691482543945,1.440149188041687,1.009202480316162,1.2252802848815918,38998
5.930116415023804,1.4405471086502075,1.007317066192627,1.227142572402954,38998
5.940678358078003,1.440697193145752,1.0050758123397827,1.22910475730896,38998
5.950749397277832,1.4410603046417236,1.0032713413238525,1.2309998273849487,38998
5.960498809814453,1.4414807558059692,1.001247525215149,1.23296320438385,38998
5.970371723175049,1.4418350458145142,0.9992333054542542,1.2348183393478394,38998
5.980632781982422,1.4421944618225098,0.9972390532493591,1.236730933189392,44000
5.990396022796631,1.4425243139266968,0.9954579472541809,1.2385318279266357,41045
6.001126766204834,1.4429433345794678,0.9934300780296326,1.2403310537338257,41504
6.011282444000244,1.4432047605514526,0.9912566542625427,1.2421046495437622,41814
6.020448207855225,1.4435549974441528,0.9892351031303406,1.2440723180770874,41578
6.030383110046387,1.4437421560287476,0.9872398972511292,1.2457654476165771,40982
6.040717840194702,1.4439884424209595,0.9850897789001465,1.2475732564926147,42543
6.050671577453613,1.4445098638534546,0.9831348061561584,1.2495990991592407,41751
6.060450553894043,1.4448906183242798,0.9812847375869751,1.251259684562683,41539
6.0712974071502686,1.4453376531600952,0.9794086813926697,1.2529901266098022,41759
6.081196546554565,1.445658802986145,0.9776313900947571,1.2546842098236084,41659
6.090474367141724,1.4459513425827026,0.975915253162384,1.2564102411270142,41634
6.100560903549194,1.4463832378387451,0.9740403294563293,1.2581766843795776,41968
6.110756874084473,1.4468154907226562,0.97255539894104,1.2598587274551392,41434
6.121560096740723,1.4470988512039185,0.9707261919975281,1.2616182565689087,42013
6.130506277084351,1.4476100206375122,0.9689911007881165,1.263198971748352,42026
6.141834735870361,1.4480676651000977,0.9676965475082397,1.2650448083877563,41273
6.1514739990234375,1.4485127925872803,0.9662643074989319,1.2666614055633545,41590
6.1605446338653564,1.4490201473236084,0.9646813273429871,1.2682335376739502,41755
6.170404672622681,1.4493097066879272,0.9634804129600525,1.269840955734253,41541
6.180394649505615,1.4495855569839478,0.9624325037002563,1.271517276763916,41135
6.190535306930542,1.450071930885315,0.960635781288147,1.2731560468673706,42453
6.200343370437622,1.4506491422653198,0.9595736861228943,1.274790644645691,41393
6.211594820022583,1.4509379863739014,0.9583759307861328,1.276511788368225,41500
6.221391439437866,1.4514943361282349,0.9573047161102295,1.278063416481018,41479
6.231111764907837,1.451941967010498,0.9562669396400452,1.2795803546905518,41413
6.240179061889648,1.452330470085144,0.955359697341919,1.2812073230743408,41316
6.251692533493042,1.4527177810668945,0.9542529582977295,1.282744288444519,41633
6.26035475730896,1.4531278610229492,0.9534990191459656,1.284202218055725,41184
6.271349906921387,1.453665018081665,0.9528700113296509,1.2857874631881714,40862
6.28064751625061,1.4542301893234253,0.9521085023880005,1.2873424291610718,41265
6.290001153945923,1.4545847177505493,0.9517015814781189,1.2886476516723633,40645
6.300495862960815,1.45524001121521,0.951347291469574,1.29056715965271,40643
6.310751676559448,1.4558286666870117,0.9506822824478149,1.2919278144836426,41180
6.321066379547119,1.4561054706573486,0.9500243067741394,1.293420672416687,41271
6.331185340881348,1.45669424533844,0.9497938752174377,1.2949377298355103,40516
6.341062545776367,1.4569703340530396,0.9497386813163757,1.2965407371520996,40237
6.35156512260437,1.4576581716537476,0.9491643905639648,1.2978641986846924,41276
6.360494613647461,1.4580179452896118,0.9491158127784729,1.2991788387298584,40259
6.370408773422241,1.4586533308029175,0.9486737847328186,1.300701379776001,40901
6.380423069000244,1.4591524600982666,0.9484607577323914,1.302164912223816,40654
6.3911192417144775,1.4597290754318237,0.9484692215919495,1.3038274049758911,40249
6.40120530128479,1.460166096687317,0.9487578272819519,1.3052144050598145,39827
6.410214185714722,1.460842490196228,0.9484490156173706,1.306604027748108,40850
6.420623064041138,1.4612425565719604,0.9482933878898621,1.3079774379730225,40610
6.4302144050598145,1.4617639780044556,0.9480378031730652,1.3094791173934937,40735
6.4402244091033936,1.4622787237167358,0.9483041167259216,1.3108869791030884,39881
6.450397253036499,1.4627803564071655,0.9485645294189453,1.3120187520980835,39911
6.460372447967529,1.4633193016052246,0.9491823315620422,1.3136329650878906,39370
6.4708192348480225,1.4636939764022827,0.9494969844818115,1.3150081634521484,39855
6.479891061782837,1.4646075963974,0.9492437839508057,1.3165208101272583,40951
6.490864992141724,1.4648634195327759,0.9494470953941345,1.3177158832550049,39916
6.500271558761597,1.4654406309127808,0.9497849345207214,1.3191932439804077,39794
6.5102667808532715,1.4661422967910767,0.9500982165336609,1.3205456733703613,39969
6.520989179611206,1.4669184684753418,0.950189471244812,1.321915864944458,40229
6.530333995819092,1.4673477411270142,0.9508904814720154,1.3234117031097412,39200
6.540273427963257,1.4678534269332886,0.951277494430542,1.3244954347610474,39615
6.550429344177246,1.4686857461929321,0.9515494108200073,1.3259625434875488,39944
6.560041427612305,1.469454050064087,0.952204704284668,1.3273124694824219,39390
6.570304870605469,1.4698606729507446,0.9525341987609863,1.3286734819412231,39677
6.58037257194519,1.4703071117401123,0.9531939625740051,1.3299263715744019,39389
6.59028697013855,1.4708447456359863,0.9526407718658447,1.3314201831817627,41232
6.600302457809448,1.4716078042984009,0.9535426497459412,1.3325856924057007,38796
6.610296010971069,1.4713295698165894,0.956070065498352,1.333530068397522,36220
6.620394945144653,1.4726622104644775,0.9547064900398254,1.3351815938949585,42353
6.63025426864624,1.4730663299560547,0.954969584941864,1.3365540504455566,39981
6.640442848205566,1.4736735820770264,0.9555716514587402,1.3375805616378784,39185
6.650400638580322,1.4742769002914429,0.9560540318489075,1.3388746976852417,39468
6.660670042037964,1.4748306274414062,0.9568008780479431,1.3400661945343018,39032
6.670482635498047,1.4753538370132446,0.9571791887283325,1.3413617610931396,39618
6.679955720901489,1.4758998155593872,0.9577013850212097,1.3426637649536133,39389
6.691107988357544,1.4763013124465942,0.9579359889030457,1.3437554836273193,39814
6.70054817199707,1.4768630266189575,0.9588196277618408,1.3451513051986694,38770
6.709956169128418,1.4774483442306519,0.9591235518455505,1.3462564945220947,39651
6.72020697593689,1.4770714044570923,0.9606907367706299,1.3472427129745483,37653
6.730571031570435,1.478624939918518,0.9597057104110718,1.348449468612671,41709
6.740350723266602,1.4792754650115967,0.9604951739311218,1.3497368097305298,38925
6.7497172355651855,1.4777863025665283,0.9619127511978149,1.3503828048706055,37747
6.75960111618042,1.4801923036575317,0.9609895944595337,1.3522019386291504,41611
6.770254373550415,1.4805128574371338,0.9618331789970398,1.3532105684280396,38782
6.780097007751465,1.481252670288086,0.962357759475708,1.354211688041687,39181
6.791079521179199,1.4807332754135132,0.9651398062705994,1.3551770448684692,36000
6.80138087272644,1.48218834400177,0.9632368683815002,1.3565982580184937,43089
6.809838056564331,1.482755184173584,0.963787317276001,1.357639193534851,39258
6.820946216583252,1.4830267429351807,0.9644330143928528,1.3586950302124023,38890
6.831129312515259,1.4834740161895752,0.9648265838623047,1.359780192375183,39382
6.840433120727539,1.4841382503509521,0.9657424092292786,1.3607726097106934,38523
6.850259065628052,1.484539270401001,0.966105580329895,1.3617371320724487,39382
6.860665559768677,1.4848986864089966,0.9660928845405579,1.3627809286117554,40012
6.870579481124878,1.4856042861938477,0.9666856527328491,1.3638982772827148,39030
6.880676984786987,1.4858819246292114,0.9669888615608215,1.3648099899291992,39410
6.8902435302734375,1.4865127801895142,0.9678060412406921,1.365993857383728,38617
6.900132656097412,1.4868412017822266,0.967631459236145,1.3670475482940674,40196
6.910207748413086,1.4875754117965698,0.9681255221366882,1.367835521697998,39133
6.920472145080566,1.4878116846084595,0.9682492017745972,1.3687833547592163,39691
6.93117094039917,1.4879839420318604,0.9684257507324219,1.3697943687438965,39613
6.940462589263916,1.4884814023971558,0.9688439965248108,1.3707233667373657,39212
6.950087308883667,1.488671898841858,0.9696416258811951,1.3716604709625244,38583
6.960206031799316,1.4893137216567993,0.969597339630127,1.3728153705596924,39939
6.971135377883911,1.4897974729537964,0.9697037935256958,1.3737766742706299,39696
6.980146169662476,1.490296483039856,0.970117449760437,1.3745167255401611,39182
6.990177392959595,1.4908254146575928,0.9702377915382385,1.3755220174789429,39644
6.999962091445923,1.4910991191864014,0.9707737565040588,1.3763967752456665,38970
7.010240316390991,1.4913084506988525,0.9706224203109741,1.3771694898605347,40075
7.021047592163086,1.491877794265747,0.9711093902587891,1.3782248497009277,39040
7.030292510986328,1.4919788837432861,0.9716747403144836,1.3790565729141235,38889
7.040710687637329,1.4922722578048706,0.9719095826148987,1.3798370361328125,39448
7.0503950119018555,1.492688775062561,0.9723166823387146,1.3806381225585938,39111
7.060451984405518,1.4933655261993408,0.9724408388137817,1.3815667629241943,39576
7.0707619190216064,1.49330472946167,0.9735641479492188,1.3821665048599243,37952
7.080331087112427,1.4936370849609375,0.9738709330558777,1.383121132850647,39250
7.090277433395386,1.494109034538269,0.9741488099098206,1.3838975429534912,39287
7.100303888320923,1.4943917989730835,0.9742738604545593,1.3846389055252075,39529
7.110513925552368,1.4948877096176147,0.9740978479385376,1.3854293823242188,40011
7.120155096054077,1.4953371286392212,0.9747602939605713,1.3862884044647217,38651
7.130165100097656,1.495471477508545,0.9744154810905457,1.3870445489883423,40272
7.1401896476745605,1.495811104774475,0.9746813178062439,1.3877919912338257,39290
7.1502580642700195,1.4965641498565674,0.9744347333908081,1.3886990547180176,40113
7.160118341445923,1.4966340065002441,0.9751700758934021,1.3892396688461304,38522
7.170332670211792,1.497029185295105,0.9758492112159729,1.3899202346801758,38597
7.180558919906616,1.4971923828125,0.975527286529541,1.390669822692871,40199
7.1904191970825195,1.4977200031280518,0.9759486317634583,1.3914653062820435,38999
7.200235843658447,1.4978994131088257,0.9759730100631714,1.3922450542449951,39639
7.209963083267212,1.4980703592300415,0.9760289192199707,1.3928124904632568,39584
7.219976425170898,1.4985417127609253,0.9762981534004211,1.3934739828109741,39236
7.230231046676636,1.4988296031951904,0.9764299988746643,1.3941048383712769,39452
7.2410008907318115,1.4991884231567383,0.976666271686554,1.3947899341583252,39275
7.250472068786621,1.499504566192627,0.9767885804176331,1.3955202102661133,39460
7.260083436965942,1.4997652769088745,0.976690948009491,1.3961327075958252,39810
7.270200729370117,1.5000228881835938,0.9768194556236267,1.3967962265014648,39448
7.28019905090332,1.5002926588058472,0.9770285487174988,1.3974331617355347,39314
7.290971994400024,1.5008583068847656,0.9766161441802979,1.398175597190857,40317
7.300343751907349,1.5012043714523315,0.976762592792511,1.3987009525299072,39416
7.310280799865723,1.5013058185577393,0.9768619537353516,1.399309754371643,39502
7.321085453033447,1.5012500286102295,0.9771684408187866,1.399746060371399,39150
7.330421447753906,1.5013673305511475,0.9775649309158325,1.4002870321273804,39001
7.3404600620269775,1.5017613172531128,0.9773792624473572,1.4009276628494263,39927
7.350616216659546,1.501767873764038,0.9773322343826294,1.4013866186141968,39707
7.361128330230713,1.5021846294403076,0.9775912761688232,1.4019798040390015,39222
7.370334625244141,1.5025399923324585,0.9775413274765015,1.402674913406372,39714
7.380007266998291,1.50247323513031,0.9779627323150635,1.4031261205673218,38942
7.389934301376343,1.503029465675354,0.9780868887901306,1.403690218925476,39424
7.399904251098633,1.5034071207046509,0.9772204160690308,1.4043099880218506,41021
7.410266637802124,1.5036544799804688,0.9770217537879944,1.40486478805542,39960
7.419982433319092,1.5037615299224854,0.9768235683441162,1.4054949283599854,39994
7.4306418895721436,1.5039665699005127,0.9768286347389221,1.4059401750564575,39649
7.440469980239868,1.5042569637298584,0.9768935441970825,1.4064213037490845,39559
7.449957609176636,1.5043503046035767,0.9770281910896301,1.40689218044281,39428
7.460027694702148,1.504461646080017,0.9772492051124573,1.4072768688201904,39292
7.470439434051514,1.5045160055160522,0.9770455360412598,1.4077292680740356,39979
7.480880498886108,1.5045636892318726,0.9772800803184509,1.4083244800567627,39265
7.490068674087524,1.5048390626907349,0.9775024056434631,1.4087436199188232,39289
7.500242710113525,1.5046495199203491,0.9778357148170471,1.4089280366897583,39086
7.511047840118408,1.5048693418502808,0.9777640104293823,1.4093738794326782,39740
7.520403861999512,1.505255103111267,0.978350043296814,1.4096416234970093,38661
7.530171632766724,1.5052170753479004,0.9781153798103333,1.4101191759109497,40014
7.540165185928345,1.5053704977035522,0.9781799912452698,1.410607099533081,39488
7.550598382949829,1.5055086612701416,0.978327214717865,1.4111218452453613,39393
7.561492443084717,1.5057804584503174,0.9776983261108398,1.4115431308746338,40634
7.57054591178894,1.5058788061141968,0.9775511622428894,1.4118651151657104,39898
7.580116033554077,1.5061542987823486,0.9780954718589783,1.4123055934906006,38749
7.590141773223877,1.5062302350997925,0.9780745506286621,1.4126389026641846,39668
7.6002702713012695,1.5062835216522217,0.9776903390884399,1.4129245281219482,40234
7.6108527183532715,1.5063928365707397,0.9777233004570007,1.4132413864135742,39567
7.620481252670288,1.506401777267456,0.9776668548583984,1.4135254621505737,39747
7.630464553833008,1.506224274635315,0.9778405427932739,1.413884162902832,39351
7.640193700790405,1.5063189268112183,0.977841854095459,1.4142311811447144,39644
7.65046501159668,1.5064901113510132,0.9782231450080872,1.4144378900527954,38999
7.660175800323486,1.506716251373291,0.9781757593154907,1.4146873950958252,39707
7.670342206954956,1.5066182613372803,0.9777839779853821,1.4151028394699097,40236
7.680148124694824,1.506668210029602,0.9776071310043335,1.4154248237609863,39927
7.690515756607056,1.5067015886306763,0.9775728583335876,1.4157034158706665,39709
7.700214147567749,1.5067280530929565,0.9774336218833923,1.4159913063049316,39873
7.70980978012085,1.506727695465088,0.9773960113525391,1.4162395000457764,39721
7.720491409301758,1.5067665576934814,0.9774078130722046,1.4163767099380493,39627
7.730463743209839,1.5069005489349365,0.9775902032852173,1.4165526628494263,39358
7.7410361766815186,1.5068926811218262,0.9775984287261963,1.416724681854248,39616
7.749844074249268,1.5070314407348633,0.9773145318031311,1.4169971942901611,40102
7.760034799575806,1.507071614265442,0.9773025512695312,1.417279839515686,39660
7.770179271697998,1.507063388824463,0.9772744178771973,1.4174385070800781,39716
7.781099796295166,1.5071008205413818,0.9772555828094482,1.4176274538040161,39677
7.790131330490112,1.507133960723877,0.9775952100753784,1.4177569150924683,39099
7.800269842147827,1.5072215795516968,0.9775754809379578,1.4178049564361572,39686
7.811201333999634,1.5071760416030884,0.9772862792015076,1.4178990125656128,40094
7.820508003234863,1.5071724653244019,0.9772894978523254,1.41805100440979,39652
7.8307459354400635,1.5071378946304321,0.9772480130195618,1.4181838035583496,39728
7.839968919754028,1.5071133375167847,0.9772236943244934,1.418283224105835,39691
7.851004123687744,1.5070691108703613,0.9772633910179138,1.4183727502822876,39591
7.860105991363525,1.5070679187774658,0.9771749377250671,1.4184950590133667,39799
7.870025157928467,1.5073589086532593,0.9766531586647034,1.4188141822814941,40503
7.880089998245239,1.506987452507019,0.9772929549217224,1.4186832904815674,38627
7.890427112579346,1.5072698593139648,0.9767702221870422,1.418989658355713,40536
7.900251865386963,1.5069128274917603,0.9773393869400024,1.4187475442886353,38704
7.910389184951782,1.5071464776992798,0.9768819808959961,1.4190644025802612,40420
7.920506954193115,1.5066020488739014,0.977568507194519,1.4188848733901978,38520
7.930335760116577,1.506636381149292,0.9779935479164124,1.4188718795776367,38977
7.9401445388793945,1.5066343545913696,0.9774138331413269,1.4190679788589478,40555
7.95002818107605,1.5064594745635986,0.9778825044631958,1.4187670946121216,38854
7.961045980453491,1.50636625289917,0.977933943271637,1.4187989234924316,39590
7.970268249511719,1.5061484575271606,0.9782175421714783,1.4187482595443726,39138
7.980537176132202,1.5060864686965942,0.9782577753067017,1.418664574623108,39568
7.99024224281311,1.5059583187103271,0.9782485365867615,1.4186680316925049,39625
8.00117826461792,1.5059963464736938,0.9786718487739563,1.4185805320739746,38940
8.010481595993042,1.5057908296585083,0.9784230589866638,1.4185521602630615,40011
8.021334886550903,1.5056793689727783,0.9784802198410034,1.418500304222107,39529
8.030468225479126,1.5054775476455688,0.9788194894790649,1.418445110321045,39089
8.040325403213501,1.5053459405899048,0.9787472486495972,1.418252944946289,39731
8.050491094589233,1.5053635835647583,0.9784800410270691,1.4181699752807617,40031
8.059991359710693,1.5053950548171997,0.9789018630981445,1.4180406332015991,38951
8.07005524635315,1.5052698850631714,0.9788650870323181,1.417872428894043,39675
8.080425024032593,1.505027413368225,0.9785792231559753,1.4179425239562988,40059
8.09024429321289,1.5048637390136719,0.9785338044166565,1.41758131980896,39687
8.100301027297974,1.5047403573989868,0.9786463975906372,1.4175145626068115,39456
8.110398292541504,1.5044996738433838,0.9788486361503601,1.4172406196594238,39289
8.121291399002075,1.5042873620986938,0.9787954688072205,1.417069911956787,39683
8.131246566772461,1.5043020248413086,0.9791499972343445,1.416899561882019,39038
8.1403226852417,1.503906011581421,0.9789000153541565,1.4167656898498535,40016
8.151204347610474,1.5040061473846436,0.9784670472145081,1.416811227798462,40303
8.160123109817505,1.5038444995880127,0.9784362316131592,1.4164718389511108,39691
8.17013955116272,1.5037028789520264,0.9784368276596069,1.4163113832473755,39636
8.180281639099121,1.503523588180542,0.9784600734710693,1.416138768196106,39597
8.190261363983154,1.5033758878707886,0.9783948659896851,1.4159358739852905,39724
8.200269937515259,1.5031218528747559,0.9785388112068176,1.4157001972198486,39392
8.210056066513062,1.5028196573257446,0.9787395596504211,1.4154943227767944,39298
8.220203161239624,1.5027215480804443,0.9787856340408325,1.4150948524475098,39538
8.230273485183716,1.5022008419036865,0.9791392683982849,1.414772868156433,39028
8.240288019180298,1.5020312070846558,0.9791958928108215,1.414475679397583,39515
8.250294208526611,1.5017722845077515,0.9794343709945679,1.4141823053359985,39196
8.26024866104126,1.5019699335098267,0.9790441989898682,1.4140701293945312,40236
8.270930528640747,1.5018006563186646,0.9790616631507874,1.4137917757034302,39565
8.280851602554321,1.501573085784912,0.979019820690155,1.4134025573730469,39698
8.290149927139282,1.5010689496994019,0.9794071316719055,1.412959098815918,38979
8.300008535385132,1.5011110305786133,0.9790535569190979,1.4126461744308472,40173
8.310013055801392,1.5012190341949463,0.9786346554756165,1.4125226736068726,40277
8.320254802703857,1.5006481409072876,0.979320764541626,1.4119527339935303,38522
8.330358266830444,1.5004149675369263,0.9796984791755676,1.4114902019500732,39004
8.340387105941772,1.5003468990325928,0.9788805246353149,1.4113627672195435,40897
8.35026478767395,1.4996849298477173,0.9797871112823486,1.410737156867981,38121
8.360037326812744,1.4996256828308105,0.9795422554016113,1.4103924036026,40033
8.370326280593872,1.4996206760406494,0.9794064164161682,1.4100675582885742,39787
8.380101680755615,1.4992412328720093,0.9793313145637512,1.4096877574920654,39729
8.390607118606567,1.4990582466125488,0.9793540239334106,1.409298300743103,39589
8.400546550750732,1.4991111755371094,0.9788244962692261,1.409123182296753,40459
8.410451412200928,1.4988912343978882,0.978843092918396,1.4087620973587036,39592
8.419961929321289,1.498436689376831,0.9794833064079285,1.408237099647522,38597
8.431123733520508,1.497907280921936,0.9798583984375,1.4074524641036987,38993
8.440210103988647,1.4977978467941284,0.9798336625099182,1.4070366621017456,39604
8.450269937515259,1.4975823163986206,0.9797406196594238,1.4067230224609375,39735
8.46004581451416,1.4975827932357788,0.9793015122413635,1.4063440561294556,40306
8.470109939575195,1.497451901435852,0.9797495603561401,1.405901551246643,38887
8.480157375335693,1.4969871044158936,0.9795544147491455,1.4054620265960693,39924
8.490712404251099,1.4968053102493286,0.9797788262367249,1.4049540758132935,39221
8.500411033630371,1.4964969158172607,0.979674220085144,1.4043231010437012,39771
8.510201930999756,1.4962490797042847,0.9796543121337891,1.4038023948669434,39621
8.520249128341675,1.4957654476165771,0.9797877073287964,1.4033265113830566,39386
8.530368328094482,1.4956605434417725,0.9801419377326965,1.4029079675674438,39022
8.540278434753418,1.4953556060791016,0.9798109531402588,1.4023724794387817,40117
8.55044674873352,1.4950618743896484,0.9801124334335327,1.4018001556396484,39088
8.560283899307251,1.494917869567871,0.9801406860351562,1.4013034105300903,39555
8.570156335830688,1.494650959968567,0.9802222847938538,1.4008039236068726,39440
8.580122232437134,1.4949332475662231,0.9800065159797668,1.4001864194869995,39938
8.590420246124268,1.4945311546325684,0.9793640375137329,1.3997360467910767,40631
8.600627183914185,1.4943435192108154,0.9793492555618286,1.3993189334869385,39641
8.610056161880493,1.4940763711929321,0.9794369339942932,1.398768663406372,39487
8.619851112365723,1.4939711093902588,0.9795793294906616,1.3982799053192139,39378
8.630477905273438,1.4936413764953613,0.9794269800186157,1.397803783416748,39842
8.639879941940308,1.4933370351791382,0.9797355532646179,1.3971476554870605,39110
8.65001630783081,1.4932407140731812,0.9795563817024231,1.3966459035873413,39890
8.660645246505737,1.4928339719772339,0.9798068404197693,1.3960528373718262,39188
8.66995358467102,1.4924603700637817,0.9800278544425964,1.395479679107666,39247
8.680244445800781,1.4921355247497559,0.979689359664917,1.3950221538543701,40132
8.690482378005981,1.4920028448104858,0.979539155960083,1.39437735080719,39843
8.700408697128296,1.4918138980865479,0.979797899723053,1.3937783241271973,39187
8.711423873901367,1.4914451837539673,0.9798616766929626,1.393368124961853,39499
8.72056269645691,1.4914205074310303,0.9802272915840149,1.392708659172058,38996
8.730389595031738,1.491195797920227,0.980226457118988,1.392168402671814,39589
8.740525722503662,1.490810513496399,0.9796068668365479,1.3916395902633667,40584
8.750461339950562,1.4906467199325562,0.9796625971794128,1.3911173343658447,39517
8.760229349136353,1.4904062747955322,0.979747474193573,1.390404462814331,39473
8.770387649536133,1.4901105165481567,0.9796921014785767,1.3898452520370483,39690
8.78007960319519,1.4897886514663696,0.9800875186920166,1.389415979385376,38957
8.791218996047974,1.489741563796997,0.9802787899971008,1.388932228088379,39280
8.801206827163696,1.4899381399154663,0.9795802235603333,1.3883440494537354,40721
8.811091899871826,1.4895075559616089,0.9792811870574951,1.3878791332244873,40087
8.820152521133423,1.4889893531799316,0.9799394011497498,1.3871461153030396,38553
8.830360889434814,1.4887298345565796,0.9799882769584656,1.3866288661956787,39520
8.840474128723145,1.4885191917419434,0.9798829555511475,1.3861373662948608,39758
8.850167036056519,1.488171100616455,0.9800217747688293,1.385521411895752,39370
8.860242366790771,1.488188624382019,0.9798763394355774,1.3850011825561523,39832
8.869960308074951,1.4883289337158203,0.9794329404830933,1.3846431970596313,40319
8.880189895629883,1.4878793954849243,0.9798884391784668,1.3837769031524658,38874
8.890231370925903,1.487697720527649,0.9800815582275391,1.3832378387451172,39287
8.901143550872803,1.4874986410140991,0.9801381826400757,1.382636308670044,39496
8.910724401473999,1.4872791767120361,0.9801919460296631,1.3821686506271362,39508
8.92074990272522,1.487213134765625,0.9799833297729492,1.3816628456115723,39929
8.930138111114502,1.4868212938308716,0.9799893498420715,1.3809484243392944,39587
8.940256834030151,1.4869424104690552,0.9807378649711609,1.3804701566696167,38381
8.950289249420166,1.4867677688598633,0.9807995557785034,1.3800312280654907,39477
8.960395574569702,1.4864784479141235,0.9805309176445007,1.3794114589691162,40010
8.970359563827515,1.48659348487854,0.9797825813293457,1.3789204359054565,40801
8.981154918670654,1.4864628314971924,0.979576826095581,1.378471851348877,39938
8.991403818130493,1.4863578081130981,0.9794690012931824,1.3780889511108398,39786
9.000324249267578,1.486242413520813,0.9794246554374695,1.3776130676269531,39684
9.010393857955933,1.4855948686599731,0.979788064956665,1.376795768737793,39023
9.021564245223999,1.4856305122375488,0.9800604581832886,1.376335620880127,39161
9.030490398406982,1.485283613204956,0.9802064299583435,1.3757798671722412,39359
9.040339708328247,1.4851763248443604,0.9801054000854492,1.3752344846725464,39758
9.050225496292114,1.485203504562378,0.9801605343818665,1.3747180700302124,39506
9.0610511302948,1.48503839969635,0.980135440826416,1.374215841293335,39635
9.071237564086914,1.484928846359253,0.9802647829055786,1.3736567497253418,39386
9.080134391784668,1.4848111867904663,0.9802767634391785,1.3731940984725952,39573
9.090587854385376,1.4845850467681885,0.9799087047576904,1.3727115392684937,40192
9.10046911239624,1.484425663948059,0.9800819754600525,1.3722057342529297,39320
9.111090660095215,1.4844553470611572,0.9799784421920776,1.3716342449188232,39765
9.120235919952393,1.4843084812164307,0.9799466729164124,1.3712891340255737,39653
9.130390644073486,1.484316110610962,0.980006217956543,1.37064528465271,39504
9.140835285186768,1.4842499494552612,0.9801045656204224,1.3701457977294922,39440
9.151178359985352,1.4841744899749756,0.9802803993225098,1.3695796728134155,39313
9.160370588302612,1.4842337369918823,0.9801521301269531,1.3691388368606567,39801
9.170346975326538,1.484080195426941,0.9800166487693787,1.3686683177947998,39821
9.181084871292114,1.4840078353881836,0.9799418449401855,1.3681399822235107,39720
9.190438985824585,1.4838283061981201,0.98012775182724,1.3676434755325317,39302
9.201053380966187,1.4839587211608887,0.9806296229362488,1.3671551942825317,38783
9.21015477180481,1.484043002128601,0.9805356860160828,1.3664705753326416,39740
9.220372200012207,1.4842473268508911,0.9796201586723328,1.3662078380584717,41084
9.230356693267822,1.484101414680481,0.9797331094741821,1.3657960891723633,39428
9.240998268127441,1.484104871749878,0.9796459078788757,1.3653866052627563,39740
9.250576257705688,1.4837634563446045,0.9798755049705505,1.364814281463623,39241
9.261208057403564,1.4839683771133423,0.9795534610748291,1.3644731044769287,40130
9.270422458648682,1.4838128089904785,0.9793367385864258,1.364050030708313,39970
9.281233787536621,1.4838484525680542,0.9802554249763489,1.3632020950317383,38125
9.29127836227417,1.4837956428527832,0.9800069332122803,1.3627266883850098,39995
9.300185441970825,1.4842009544372559,0.9795610308647156,1.3624134063720703,40347
9.310157060623169,1.4840255975723267,0.9800175428390503,1.3619990348815918,38869
9.320161819458008,1.4841976165771484,0.9793286919593811,1.3614853620529175,40718
9.330346822738647,1.4842287302017212,0.9793778657913208,1.36107337474823,39551
9.341573238372803,1.4841691255569458,0.9790934920310974,1.3606574535369873,40072
9.350406646728516,1.4838590621948242,0.9804309606552124,1.360040307044983,37451
9.360024213790894,1.483910322189331,0.980354368686676,1.3594812154769897,39713
9.370272874832153,1.4839370250701904,0.9801788330078125,1.358992338180542,39910
9.380013704299927,1.4841418266296387,0.9800196290016174,1.3584954738616943,39859
9.39003300666809,1.4841859340667725,0.9806729555130005,1.3581082820892334,38543
9.400318145751953,1.4841363430023193,0.9808177947998047,1.3576993942260742,39348
9.410420417785645,1.4843436479568481,0.9799168109893799,1.357262372970581,41069
9.421423435211182,1.4842498302459717,0.980724036693573,1.3568158149719238,38301
9.430402040481567,1.4844852685928345,0.9804378747940063,1.3564411401748657,40031
9.440733671188354,1.4847187995910645,0.9795153141021729,1.356103539466858,41117
9.450339317321777,1.4846909046173096,0.9795066714286804,1.3555611371994019,39631
9.46039342880249,1.4847924709320068,0.9793508052825928,1.355126142501831,39845
9.470458269119263,1.4846783876419067,0.9803175330162048,1.3545236587524414,38057
9.480483770370483,1.4847946166992188,0.9803056120872498,1.3541532754898071,39610
9.490539073944092,1.4849127531051636,0.9803974032402039,1.35360848903656,39482
9.50063443183899,1.4849917888641357,0.9802639484405518,1.353204607963562,39815
9.510413408279419,1.4852967262268066,0.9792540073394775,1.352993369102478,41245
9.5202157497406,1.4853397607803345,0.9791551828384399,1.3526170253753662,39785
9.531376361846924,1.4852533340454102,0.9802325367927551,1.3519413471221924,37853
9.540463924407959,1.485345482826233,0.9803850650787354,1.3515050411224365,39346
9.551896095275879,1.485763430595398,0.9798645973205566,1.351193904876709,40478
9.56005311012268,1.485913872718811,0.9793950915336609,1.350829005241394,40383
9.57125973701477,1.4860814809799194,0.979274570941925,1.3504573106765747,39799
9.580124616622925,1.4862748384475708,0.9792690873146057,1.3499706983566284,39629
9.590128421783447,1.4863855838775635,0.9793194532394409,1.3496334552764893,39537
9.600319623947144,1.4865448474884033,0.9792352318763733,1.3493225574493408,39769
9.610196113586426,1.4865601062774658,0.9801231026649475,1.3488349914550781,38189
9.620371580123901,1.4867676496505737,0.9797090291976929,1.3483942747116089,40277
9.630422592163086,1.4869208335876465,0.980192244052887,1.3479342460632324,38856
9.640144109725952,1.487147331237793,0.9803580045700073,1.347520351409912,39324
9.65080976486206,1.48739492893219,0.9803118109703064,1.3471364974975586,39694
9.660775423049927,1.487781047821045,0.9800953269004822,1.3468883037567139,39958
9.67126202583313,1.488197922706604,0.9798028469085693,1.346381425857544,40087
9.680985450744629,1.4887332916259766,0.9799099564552307,1.346017599105835,39453
9.690376996994019,1.4893841743469238,0.9801061749458313,1.3456312417984009,39279
9.70053744316101,1.4900212287902832,0.9806733131408691,1.3452777862548828,38667
9.71055817604065,1.4908279180526733,0.980825662612915,1.3448984622955322,39340
9.720396995544434,1.4915611743927002,0.9805387258529663,1.344445824623108,40077
9.73038625717163,1.4924805164337158,0.98023521900177,1.3441599607467651,40101
9.740393877029419,1.4933665990829468,0.980987012386322,1.3438206911087036,38373
9.750497817993164,1.4946320056915283,0.980460524559021,1.343400478363037,40478
9.76041579246521,1.4958552122116089,0.9807090759277344,1.3430588245391846,39184
9.770249366760254,1.497058391571045,0.9807677865028381,1.3427765369415283,39486
9.780184268951416,1.4983962774276733,0.9807747006416321,1.3423033952713013,39594
9.790698528289795,1.4997755289077759,0.9806026816368103,1.341882586479187,39870
9.800498723983765,1.5012673139572144,0.9807185530662537,1.3415799140930176,39416
9.811034679412842,1.5031315088272095,0.9808416366577148,1.341161847114563,39396
9.820225477218628,1.5046935081481934,0.98086017370224,1.3407012224197388,39561
9.831403255462646,1.50649893283844,0.980774998664856,1.3403172492980957,39747
9.840433120727539,1.5084350109100342,0.981164813041687,1.3398550748825073,38955
9.851156949996948,1.5105323791503906,0.9810150861740112,1.3394865989685059,39824
9.86022138595581,1.512586236000061,0.9808189868927002,1.3389925956726074,39935
9.871254682540894,1.5146929025650024,0.9808804392814636,1.3385852575302124,39514
9.880695104598999,1.5172677040100098,0.9808605909347534,1.3383195400238037,39625
9.891391515731812,1.5194568634033203,0.9807415008544922,1.337715744972229,39799
9.90011191368103,1.5220577716827393,0.980826199054718,1.3370740413665771,39451
9.910467863082886,1.5246349573135376,0.9808698892593384,1.33663809299469,39543
9.920772552490234,1.5275357961654663,0.9811343550682068,1.3360894918441772,39175
9.931233644485474,1.5302222967147827,0.9813663363456726,1.3357101678848267,39217
9.941332340240479,1.533300757408142,0.981014609336853,1.335145354270935,40167
9.950564622879028,1.5363510847091675,0.9808513522148132,1.334625244140625,39881
9.961187362670898,1.5392425060272217,0.9807127118110657,1.3339756727218628,39841
9.971140146255493,1.5425609350204468,0.9808337092399597,1.333310842514038,39387
9.98051118850708,1.5457055568695068,0.9811314940452576,1.3325409889221191,39120
9.991253137588501,1.5490262508392334,0.9803819060325623,1.3318781852722168,40818
10.001089572906494,1.5523242950439453,0.9808439612388611,1.3313565254211426,38880
10.011085271835327,1.5557726621627808,0.9803102016448975,1.3305062055587769,40455
10.021237134933472,1.5593911409378052,0.9801611304283142,1.3298825025558472,39865
10.030507564544678,1.5630910396575928,0.980434000492096,1.3290345668792725,39164
10.040923595428467,1.566930890083313,0.9806713461875916,1.3280328512191772,39225
10.05074667930603,1.570672631263733,0.9803710579872131,1.3272768259048462,40109
10.061767101287842,1.5746822357177734,0.9798961877822876,1.326447606086731,40390
10.070527791976929,1.5786203145980835,0.9799162149429321,1.3253588676452637,39583
10.080543518066406,1.5826746225357056,0.9797891974449158,1.3244459629058838,39820
10.090177059173584,1.586918592453003,0.9799580574035645,1.3235198259353638,39356
10.100600481033325,1.5910149812698364,0.9798882603645325,1.322274088859558,39742
10.11063814163208,1.5952937602996826,0.9799575805664062,1.3212281465530396,39508
10.120170831680298,1.599633812904358,0.9797908663749695,1.3198809623718262,39885
10.130592584609985,1.6039302349090576,0.9797650575637817,1.3187716007232666,39664
10.141201734542847,1.6082767248153687,0.9795841574668884,1.3176500797271729,39911
10.150279998779297,1.6129004955291748,0.9795505404472351,1.3162503242492676,39673
10.160922765731812,1.6173895597457886,0.9797107577323914,1.3148257732391357,39360
10.170761346817017,1.6220632791519165,0.9796752333641052,1.3134238719940186,39671
10.181504249572754,1.626688838005066,0.9793282151222229,1.3118243217468262,40182
10.190513610839844,1.6314058303833008,0.9793223738670349,1.3103227615356445,39630
10.200017929077148,1.6360944509506226,0.9790842533111572,1.3087754249572754,40009
10.211204767227173,1.6409441232681274,0.9790518879890442,1.306958794593811,39675
10.220407485961914,1.6456366777420044,0.9787009954452515,1.305514931678772,40195
10.231026649475098,1.650584101676941,0.9785831570625305,1.3036119937896729,39822
10.241290807723999,1.6555289030075073,0.9786819219589233,1.3018628358840942,39472
10.251059770584106,1.6605054140090942,0.9788244962692261,1.3000025749206543,39397
10.261059999465942,1.665465235710144,0.978945255279541,1.297886610031128,39417
10.271435737609863,1.6702316999435425,0.9796746373176575,1.296087384223938,38415
10.281428098678589,1.6754658222198486,0.9790326952934265,1.294079303741455,40634
10.290461540222168,1.68036687374115,0.9787495732307434,1.2918463945388794,40032
10.300594329833984,1.6853036880493164,0.9785417318344116,1.2897731065750122,39960
10.310447931289673,1.6903952360153198,0.9786568284034729,1.2875127792358398,39430
10.3206148147583,1.6954357624053955,0.9787147641181946,1.2851487398147583,39528
10.330536842346191,1.7008270025253296,0.9787662625312805,1.2826807498931885,39515
10.340498685836792,1.705761432647705,0.9781786799430847,1.2802503108978271,40540
10.350363731384277,1.7108886241912842,0.9782925248146057,1.2777717113494873,39409
10.360488891601562,1.716072916984558,0.9784855842590332,1.2753161191940308,39317
10.371537923812866,1.7212072610855103,0.9782649874687195,1.2727175951004028,39966
10.38123106956482,1.726113200187683,0.9779707193374634,1.2700071334838867,40043
10.396498680114746,1.7315006256103516,0.9778861999511719,1.2670849561691284,39770
10.40291976928711,1.736557126045227,0.9778982400894165,1.2643579244613647,39587
10.4105863571167,1.741736888885498,0.977917492389679,1.2614988088607788,39563
10.420581817626953,1.7467447519302368,0.977848470211029,1.258614182472229,39745
10.430725574493408,1.7518070936203003,0.9777498841285706,1.2557169198989868,39743
10.44105339050293,1.7569910287857056,0.977948784828186,1.2528116703033447,39292
10.450431823730469,1.7619688510894775,0.977461040019989,1.2496392726898193,40384
10.461209297180176,1.767210602760315,0.9777640700340271,1.2462778091430664,39097
10.471113443374634,1.7722193002700806,0.977777898311615,1.2429829835891724,39612
10.480409383773804,1.7773860692977905,0.9778855443000793,1.239740014076233,39363
10.491338968276978,1.7822377681732178,0.9778543710708618,1.2364833354949951,39682
10.500104427337646,1.787085771560669,0.9772524833679199,1.2330721616744995,40481
10.511736631393433,1.7921528816223145,0.9773648381233215,1.229720950126648,39482
10.520588159561157,1.797213077545166,0.9775954484939575,1.226245641708374,39288
10.530009746551514,1.8020845651626587,0.9775605201721191,1.2226463556289673,39629
10.539916515350342,1.8068411350250244,0.9778192043304443,1.2191323041915894,39140
10.550171852111816,1.8116363286972046,0.9774678945541382,1.2155611515045166,40172
10.560332536697388,1.8164228200912476,0.9774060845375061,1.211968183517456,39684
10.57030439376831,1.8213374614715576,0.9775978326797485,1.2080914974212646,39314
10.580737829208374,1.826002597808838,0.9775009751319885,1.2043043375015259,39758
10.590545654296875,1.8306437730789185,0.9776226282119751,1.200538992881775,39342
10.600346088409424,1.835304617881775,0.9776772260665894,1.1966369152069092,39558
10.610532760620117,1.8398357629776,0.9774726629257202,1.1928361654281616,39902
10.621054649353027,1.844478726387024,0.9774439334869385,1.1889004707336426,39634
10.631237268447876,1.8489190340042114,0.9775627851486206,1.18504798412323,39436
10.640432834625244,1.8534345626831055,0.977654755115509,1.1810935735702515,39433
10.651041746139526,1.8578085899353027,0.9777241349220276,1.1770869493484497,39460
10.661090850830078,1.862312912940979,0.9778488278388977,1.1730477809906006,39402
10.670470476150513,1.8664820194244385,0.9777992367744446,1.169006586074829,39612
10.68047308921814,1.8707643747329712,0.9777140021324158,1.1648764610290527,39730
10.690534591674805,1.8750885725021362,0.9778664708137512,1.1607534885406494,39336
10.700485467910767,1.8790723085403442,0.9782729148864746,1.156632423400879,38993
10.710450649261475,1.883227825164795,0.9781859517097473,1.1526092290878296,39694
10.720703601837158,1.887270212173462,0.9781947731971741,1.1483958959579468,39484
10.731628179550171,1.891461730003357,0.9783424139022827,1.1442444324493408,39374
10.740670919418335,1.8953264951705933,0.9785045981407166,1.140012502670288,39316
10.7506263256073,1.899189829826355,0.9783685803413391,1.1358250379562378,39735
10.7606201171875,1.9031444787979126,0.9788036942481995,1.1314176321029663,38880
10.770625829696655,1.9070662260055542,0.9790886640548706,1.127246618270874,39148
10.780367851257324,1.9107898473739624,0.9792409539222717,1.1229000091552734,39207
10.790847539901733,1.9143091440200806,0.978872537612915,1.1188138723373413,40107
10.801487684249878,1.9179935455322266,0.9788210988044739,1.1147124767303467,39638
10.81144380569458,1.9216526746749878,0.9796901345252991,1.1102455854415894,38253
10.820761680603027,1.925052285194397,0.9798579216003418,1.1059558391571045,39321
10.830615758895874,1.9285480976104736,0.9796837568283081,1.101845383644104,39557
10.84142804145813,1.9318829774856567,0.9795536994934082,1.0975154638290405,39719
10.851208925247192,1.9353994131088257,0.9799542427062988,1.0933226346969604,38980
10.861241579055786,1.9384232759475708,0.9798390865325928,1.0890660285949707,39808
10.871595859527588,1.9417459964752197,0.9797714352607727,1.0850580930709839,39540
10.881860971450806,1.9449074268341064,0.9799522161483765,1.0808180570602417,39294
10.890922546386719,1.9481757879257202,0.9803199768066406,1.0764367580413818,38947
10.902045249938965,1.95125150680542,0.980869472026825,1.0722389221191406,38633
10.911622524261475,1.954198956489563,0.9805624485015869,1.0681449174880981,39965
10.920622825622559,1.9571558237075806,0.9806963205337524,1.06394624710083,39375
10.93065881729126,1.9600982666015625,0.9807756543159485,1.0599684715270996,39417
10.940696477890015,1.9629408121109009,0.980663537979126,1.0557500123977661,39596
10.950953960418701,1.9657704830169678,0.9808788895606995,1.0517257452011108,39282
10.960471630096436,1.9686081409454346,0.9810770153999329,1.0475506782531738,39184
10.971657514572144,1.9713300466537476,0.9810926914215088,1.0436733961105347,39500
10.980578422546387,1.9739757776260376,0.9810743927955627,1.0395140647888184,39707
10.990735292434692,1.976503849029541,0.9808146953582764,1.0356605052947998,40015
10.999897956848145,1.9791030883789062,0.980678915977478,1.0316969156265259,39648
11.010168075561523,1.9817849397659302,0.9812536835670471,1.0277031660079956,38676
11.020580291748047,1.984115481376648,0.9809480309486389,1.0236868858337402,40052
11.030383586883545,1.9866300821304321,0.9812437295913696,1.0197981595993042,38892
11.040392637252808,1.9890825748443604,0.9816667437553406,1.0159742832183838,38981
11.050419092178345,1.991179347038269,0.9810848832130432,1.012158989906311,40473
11.060346126556396,1.9936021566390991,0.9813476800918579,1.0084969997406006,38973
11.07051396369934,1.9955745935440063,0.9792829155921936,1.0045684576034546,43085
11.080595970153809,1.9980096817016602,0.981168270111084,1.000977635383606,36485
11.090640544891357,2.000267744064331,0.9815203547477722,0.997353196144104,39692
11.101299285888672,2.0023081302642822,0.9812721610069275,0.9935375452041626,39452
11.110235214233398,2.0045642852783203,0.9817835092544556,0.99006587266922,38449
11.1201331615448,2.0065035820007324,0.9815065860748291,0.9865672588348389,40289
11.130064487457275,2.0084168910980225,0.9809379577636719,0.9828929901123047,40254
11.140430688858032,2.010608196258545,0.981685221195221,0.9794828295707703,38486
11.150112628936768,2.0125725269317627,0.9815630912780762,0.9761428236961365,39824
11.161054611206055,2.014439344406128,0.981461763381958,0.9727107286453247,39498
11.170372724533081,2.016291618347168,0.9814417362213135,0.9692204594612122,39723
11.180407047271729,2.0181949138641357,0.9819134473800659,0.9659284949302673,38803
11.191421508789062,2.0199732780456543,0.9814835786819458,0.9626399278640747,40409
11.201656103134155,2.021794080734253,0.981583297252655,0.959298849105835,39140
11.211184740066528,2.0235178470611572,0.9816213846206665,0.9561323523521423,39658
11.220916032791138,2.0252158641815186,0.9814905524253845,0.9529905319213867,39828
11.230377674102783,2.026901960372925,0.9813807606697083,0.9499297142028809,39618
11.240473508834839,2.028425455093384,0.981268584728241,0.9468337893486023,39939
11.25026798248291,2.0300755500793457,0.9814490079879761,0.9438539743423462,39254
11.260426044464111,2.0316691398620605,0.9814469814300537,0.9410178661346436,39694
11.271259784698486,2.0332489013671875,0.9813703894615173,0.9380294680595398,39684
11.280510187149048,2.0346126556396484,0.9810781478881836,0.9351030588150024,39981
11.290390253067017,2.0362181663513184,0.9815149903297424,0.9322270750999451,39060
11.300414323806763,2.0375986099243164,0.9810492396354675,0.9295529723167419,40259
11.310471296310425,2.0389649868011475,0.9810807704925537,0.9267557263374329,39511
11.320488929748535,2.040308952331543,0.9810038208961487,0.9239715337753296,39847
11.330734968185425,2.041684150695801,0.981075644493103,0.9213089942932129,39539
11.341186761856079,2.0430800914764404,0.9813815355300903,0.9188498854637146,38970
11.35002088546753,2.0442962646484375,0.9808772206306458,0.9163075685501099,40586
11.360189437866211,2.04549503326416,0.9806917905807495,0.9137140512466431,39571
11.37088918685913,2.046701669692993,0.9799588322639465,0.9112176895141602,41145
11.380746603012085,2.0479886531829834,0.9808323383331299,0.9089901447296143,38073
11.390482187271118,2.048954725265503,0.9806811809539795,0.9065468311309814,40232
11.400423288345337,2.050309419631958,0.9808023571968079,0.9043762683868408,39064
11.410505056381226,2.0513181686401367,0.9801709055900574,0.9019631743431091,40661
11.420171976089478,2.052368640899658,0.9802772998809814,0.8998106122016907,39430
11.431074619293213,2.0534112453460693,0.9803511500358582,0.8978341817855835,39591
11.440825939178467,2.054307222366333,0.9795295000076294,0.8954136371612549,40978
11.45134162902832,2.0554823875427246,0.9802044034004211,0.893417239189148,38370
11.461048603057861,2.05631947517395,0.9799655079841614,0.891377329826355,40491
11.470361471176147,2.05734920501709,0.9798345565795898,0.8893551230430603,39376
11.479923248291016,2.0583558082580566,0.9799982309341431,0.8875182867050171,39549
11.490392923355103,2.0591378211975098,0.9798347353935242,0.88554447889328,40007
11.500250339508057,2.0598111152648926,0.9796872735023499,0.8837692141532898,39578
11.510252237319946,2.0608983039855957,0.9801925420761108,0.8819686770439148,39004
11.520500898361206,2.0616772174835205,0.9802367687225342,0.8802554607391357,39516
11.530424118041992,2.062326431274414,0.979753851890564,0.8784255981445312,40121
11.540499448776245,2.06307053565979,0.9798410534858704,0.8769391775131226,39591
11.550569295883179,2.063784599304199,0.9791014790534973,0.8753524422645569,40985
11.560200214385986,2.064556360244751,0.9792548418045044,0.8736776113510132,39251
11.570446729660034,2.0651707649230957,0.9792678356170654,0.8723286390304565,39939
11.580149412155151,2.065934896469116,0.979491651058197,0.8708853721618652,39082
11.590355396270752,2.0664241313934326,0.9789907336235046,0.8693937659263611,40361
11.608586549758911,2.067026376724243,0.9790204167366028,0.8680239319801331,39602
11.626240253448486,2.067722797393799,0.9786551594734192,0.8667155504226685,40422
11.63425588607788,2.068302869796753,0.9787108898162842,0.8654904365539551,39647
11.639758825302124,2.068840980529785,0.9790081977844238,0.8642901182174683,39113
11.645751953125,2.0695085525512695,0.9788450598716736,0.8630355596542358,39955
11.651735067367554,2.070021390914917,0.9790217280387878,0.8619656562805176,39185
11.660232543945312,2.0706329345703125,0.9788532257080078,0.8610501885414124,40026
11.671339750289917,2.0710597038269043,0.9788772463798523,0.8598135113716125,39443
11.680575847625732,2.0716419219970703,0.9788686633110046,0.8586894869804382,39797
11.690404653549194,2.0721240043640137,0.9790953993797302,0.8578809499740601,39219
11.700202465057373,2.072538375854492,0.9790903925895691,0.8568902015686035,39696
11.711288690567017,2.0730979442596436,0.9790615439414978,0.8559716939926147,39614
11.72030258178711,2.0735960006713867,0.9793065190315247,0.8552324175834656,39198
11.730602264404297,2.0739686489105225,0.9791362881660461,0.8543338775634766,39964
11.741043329238892,2.0745086669921875,0.9793723225593567,0.8536213636398315,39201
11.750345945358276,2.074934720993042,0.9792388081550598,0.8527649641036987,39781
11.760459899902344,2.0754153728485107,0.9793808460235596,0.8520998358726501,39271
11.771285772323608,2.075798511505127,0.9795995354652405,0.8513836860656738,39415
11.780360460281372,2.076201915740967,0.9795888066291809,0.8508240580558777,39590
11.790425300598145,2.0766103267669678,0.9794039726257324,0.8503437638282776,39882
11.80022406578064,2.0770206451416016,0.9796863198280334,0.8497457504272461,39154
11.810384750366211,2.077465295791626,0.9797342419624329,0.8492177724838257,39558
11.820476770401001,2.0778579711914062,0.9798993468284607,0.848538339138031,39362
11.830492973327637,2.0783348083496094,0.9805216193199158,0.8482157588005066,38571
11.840303659439087,2.078787088394165,0.9808290600776672,0.8479065895080566,38944
11.850374698638916,2.0791549682617188,0.981002688407898,0.8476305603981018,39171
11.861285209655762,2.079554319381714,0.9811497926712036,0.8472989201545715,39294
11.86979079246521,2.0799572467803955,0.9813972115516663,0.8469604849815369,39123
11.881278038024902,2.0803520679473877,0.9817329049110413,0.8466790318489075,39002
11.890347719192505,2.080693483352661,0.9820229411125183,0.8465045690536499,38863
11.900397300720215,2.081109046936035,0.9822701811790466,0.8463220596313477,39180
11.910606861114502,2.0814998149871826,0.9827284216880798,0.8462284803390503,38756
11.92030143737793,2.0818867683410645,0.9828326106071472,0.8461536765098572,39183
11.930157899856567,2.0823187828063965,0.9827457070350647,0.8460807204246521,39519
11.940591812133789,2.0826685428619385,0.9826639890670776,0.8458529114723206,39576
11.950218439102173,2.0829830169677734,0.9829729795455933,0.8458815813064575,39156
11.960360050201416,2.083369731903076,0.9832066297531128,0.845908522605896,39191
11.971189498901367,2.0838208198547363,0.9836047291755676,0.84598308801651,38757
11.980379343032837,2.084205150604248,0.9837841391563416,0.8461060523986816,39019
11.990586757659912,2.084488868713379,0.9839785099029541,0.8462282419204712,39131
12.000463247299194,2.084779977798462,0.9842630624771118,0.8463789224624634,39027
12.010191440582275,2.085228681564331,0.984958291053772,0.8465280532836914,38230
12.02047061920166,2.0855729579925537,0.984872043132782,0.8467804789543152,39490
12.030380487442017,2.085968017578125,0.9852279424667358,0.8472207188606262,38636
12.04054880142212,2.0862648487091064,0.9856945276260376,0.8475111126899719,38834
12.050368070602417,2.0865752696990967,0.985919177532196,0.8477975726127625,38917
12.060566902160645,2.0868375301361084,0.9859219789505005,0.8480711579322815,39328
12.071149110794067,2.0871405601501465,0.986094057559967,0.8484582304954529,39042
12.08010458946228,2.087472438812256,0.9863966107368469,0.848853588104248,38924
12.091298580169678,2.087775945663452,0.9865853190422058,0.8492332100868225,39078
12.100855827331543,2.0880541801452637,0.9866582751274109,0.849808931350708,39194
12.110526323318481,2.0883376598358154,0.9869125485420227,0.8502167463302612,38976
12.120196342468262,2.0887441635131836,0.9874446988105774,0.8507539629936218,36000
12.130211353302002,2.0889997482299805,0.9876413941383362,0.8512425422668457,39138
12.140066385269165,2.089250326156616,0.9878736734390259,0.851761519908905,39138
12.15026068687439,2.0896148681640625,0.9881805181503296,0.8523563146591187,39138
12.160109281539917,2.0898470878601074,0.9882904291152954,0.8528806567192078,39138
12.170246601104736,2.090219497680664,0.9887668490409851,0.8536372780799866,39138
12.18022871017456,2.0904064178466797,0.9890974164009094,0.8543152213096619,39138
12.190166473388672,2.090548038482666,0.9890438318252563,0.8548722267150879,39138
12.20029902458191,2.090733528137207,0.9892480373382568,0.8554782271385193,39138
12.210108757019043,2.0908894538879395,0.9892699122428894,0.8562516570091248,39138
12.220263719558716,2.091123342514038,0.9894796013832092,0.8569133281707764,39138
12.230540037155151,2.0913479328155518,0.9895923733711243,0.8576584458351135,39138
12.240395545959473,2.0915019512176514,0.9899479150772095,0.8584292531013489,39138
12.25067138671875,2.0916941165924072,0.9900762438774109,0.8591644763946533,39138
12.260547161102295,2.091852903366089,0.9902527928352356,0.8599504232406616,39138
12.270632982254028,2.0920255184173584,0.9902520775794983,0.8608897924423218,39138
12.280503749847412,2.0921952724456787,0.9904281497001648,0.8616237640380859,39138
12.290695905685425,2.092306137084961,0.9903829097747803,0.8624226450920105,39138
12.30028772354126,2.092521905899048,0.9911604523658752,0.8634991645812988,39138
12.310025691986084,2.0926554203033447,0.9910547137260437,0.8642418384552002,39138
12.320370435714722,2.0926201343536377,0.9908075332641602,0.8650370836257935,39138
12.330332279205322,2.092895030975342,0.9912747144699097,0.866040825843811,39138
12.340240478515625,2.0929901599884033,0.9916850328445435,0.8670632243156433,39138
12.350580215454102,2.0930604934692383,0.9916821122169495,0.8679665923118591,39138
12.360411643981934,2.0931220054626465,0.991563081741333,0.8688379526138306,39138
12.370280504226685,2.093102216720581,0.9913060665130615,0.8697291612625122,39138
12.380953311920166,2.0932865142822266,0.9923935532569885,0.8709259629249573,39138
12.390331268310547,2.093271017074585,0.9924764633178711,0.8719548583030701,39138
12.400159358978271,2.093219757080078,0.9924156069755554,0.8729521632194519,39138
12.410330057144165,2.0932109355926514,0.992540180683136,0.8739339709281921,39138
12.420287132263184,2.0931591987609863,0.992577850818634,0.8750967979431152,39138
12.430388689041138,2.0932397842407227,0.9932572245597839,0.8761551976203918,39138
12.441471576690674,2.093191146850586,0.9931707978248596,0.8772690892219543,39138
12.450928926467896,2.093148946762085,0.9933552145957947,0.8782330751419067,39138
12.461488723754883,2.09301495552063,0.9933291673660278,0.8793354630470276,39138
12.470475673675537,2.093097448348999,0.9941144585609436,0.8804987072944641,39138
12.480669498443604,2.0929696559906006,0.994086742401123,0.8816137909889221,39138
12.490661144256592,2.0928871631622314,0.9939926266670227,0.8826637268066406,39138
12.5012686252594,2.092702865600586,0.9943846464157104,0.8839117884635925,39138
12.511699438095093,2.0925633907318115,0.994718611240387,0.8851565718650818,39138
12.52064561843872,2.092414379119873,0.9948310256004333,0.8862123489379883,39138
12.530584335327148,2.092202663421631,0.9948948621749878,0.8873797655105591,39138
12.540755033493042,2.092040777206421,0.9955300688743591,0.8887325525283813,39138
12.550361394882202,2.091902017593384,0.9955016374588013,0.8897963762283325,39138
12.560367107391357,2.091611385345459,0.9956477880477905,0.8910287618637085,39138
12.570093393325806,2.0914244651794434,0.9956017732620239,0.8921816945075989,39138
12.580357074737549,2.0912537574768066,0.9963052272796631,0.8933588862419128,39138
12.590664386749268,2.090947389602661,0.9964568614959717,0.8945074677467346,39138
12.600579023361206,2.090651035308838,0.9963182806968689,0.895733118057251,39138
12.610735177993774,2.0904572010040283,0.9969894886016846,0.8968892693519592,39138
12.620362043380737,2.090162515640259,0.9973874092102051,0.8981619477272034,39138
12.630496501922607,2.089771270751953,0.9972870349884033,0.8994010090827942,39138
12.640472173690796,2.0893006324768066,0.9971460700035095,0.9004687666893005,39138
12.651082277297974,2.088940382003784,0.9979614019393921,0.9016805291175842,39138
12.660357236862183,2.088435411453247,0.9976816773414612,0.9028313755989075,39138
12.671244859695435,2.0878782272338867,0.99798184633255,0.9040840268135071,39138
12.680888414382935,2.087512493133545,0.9980289340019226,0.9050251841545105,39138
12.69132399559021,2.0869321823120117,0.9974927306175232,0.9062572121620178,39138
12.700400829315186,2.086531162261963,0.9986042380332947,0.907328724861145,39138
12.710442304611206,2.0858964920043945,0.9989761114120483,0.9084659218788147,39138
12.720412492752075,2.0851950645446777,0.9985443949699402,0.9096916913986206,39138
12.730466604232788,2.0846710205078125,0.9989212155342102,0.9107213616371155,39138
12.740541458129883,2.08420991897583,0.9991665482521057,0.9117285013198853,39138
12.750540256500244,2.0834710597991943,0.9992851614952087,0.912742555141449,39138
12.760671377182007,2.0826690196990967,0.9991901516914368,0.9139809608459473,39138
12.770532846450806,2.0819613933563232,0.9992492198944092,0.915013313293457,39138
12.780719995498657,2.081207513809204,0.9994373917579651,0.9159257411956787,39138
12.790500402450562,2.0803468227386475,0.999739944934845,0.9171292781829834,39138
12.801486492156982,2.079636812210083,0.9997736215591431,0.9181010127067566,39138
12.811493873596191,2.0789060592651367,0.9998289346694946,0.9190026521682739,39138
12.820209980010986,2.0779054164886475,0.9997564554214478,0.9201692342758179,39138
12.830457210540771,2.0770416259765625,0.9998395442962646,0.9210958480834961,39138
12.840683937072754,2.076315402984619,1.000477910041809,0.9220705628395081,39138
12.851459980010986,2.075300693511963,1.000141978263855,0.9230505228042603,39138
12.860647439956665,2.0742695331573486,0.9998195171356201,0.9240730404853821,39138
12.870363473892212,2.073436737060547,1.00026535987854,0.924909234046936,39138
12.88095235824585,2.0724117755889893,1.0005823373794556,0.9259341359138489,39138
12.890047788619995,2.0712034702301025,1.0000327825546265,0.9269711971282959,39138
12.900214433670044,2.070172071456909,1.0001389980316162,0.9278668761253357,39138
12.91021203994751,2.069302797317505,1.0004531145095825,0.9287753105163574,39138
12.920258283615112,2.0680556297302246,1.0000110864639282,0.9297581911087036,39138
12.930010557174683,2.0669565200805664,1.0003200769424438,0.9308245182037354,39138
12.9402334690094,2.0658252239227295,1.000504732131958,0.9315599203109741,39138
12.950443744659424,2.064741611480713,1.0000758171081543,0.9325540661811829,39138
12.961119890213013,2.0634608268737793,0.9999567866325378,0.9336166977882385,39138
12.970390558242798,2.0623068809509277,1.0001866817474365,0.9345271587371826,39138
12.980064153671265,2.0610077381134033,1.000029444694519,0.9353943467140198,39138
12.9901704788208,2.059723377227783,0.9995396137237549,0.9363144040107727,39138
13.000262975692749,2.058579206466675,0.9999599456787109,0.9372884035110474,39138
13.01042127609253,2.0571177005767822,0.9995853304862976,0.9382413029670715,39138
13.020279169082642,2.055727481842041,0.9991918206214905,0.9389705657958984,39138
13.030265092849731,2.0544357299804688,0.9992348551750183,0.9399308562278748,39138
13.040380239486694,2.052938222885132,0.9979390501976013,0.9406797289848328,39138
13.050642967224121,2.051626443862915,0.9992075562477112,0.9417157769203186,39138
13.060413122177124,2.0503008365631104,0.9991967082023621,0.9426930546760559,39138
13.07025957107544,2.0488040447235107,0.9991070628166199,0.9436324238777161,39138
13.08138394355774,2.0473685264587402,0.9983943700790405,0.9444120526313782,39138
13.090253353118896,2.045823574066162,0.998579204082489,0.9454330801963806,39138
13.100138187408447,2.0443248748779297,0.9982965588569641,0.9463101029396057,39138
13.110134840011597,2.042754650115967,0.9976829886436462,0.9471742510795593,39138
13.120247840881348,2.0412280559539795,0.99809730052948,0.9482095241546631,39138
13.130959510803223,2.039793014526367,0.9980257153511047,0.9491758346557617,39138
13.14133620262146,2.0380918979644775,0.9974260330200195,0.9502143859863281,39138
13.150217056274414,2.0365049839019775,0.9972128868103027,0.95103520154953,39138
13.160383462905884,2.0349533557891846,0.9969114661216736,0.9519593715667725,39138
13.170329809188843,2.033342123031616,0.9965550303459167,0.9530666470527649,39138
13.180055379867554,2.031459093093872,0.9944244623184204,0.9538344144821167,39138
13.190988063812256,2.0300862789154053,0.9962671995162964,0.9548343420028687,39138
13.200492858886719,2.0284719467163086,0.9959785342216492,0.9558714628219604,39138
13.210233688354492,2.026554822921753,0.9952355027198792,0.9568637609481812,39138
13.22040867805481,2.0250046253204346,0.9950699806213379,0.9576720595359802,39138
13.230242490768433,2.023073196411133,0.9942214488983154,0.9587723612785339,39138
13.240419149398804,2.02140474319458,0.993601381778717,0.9596434235572815,39138
13.250460386276245,2.0194807052612305,0.9932090640068054,0.9604223966598511,39138
13.260135889053345,2.0178585052490234,0.9931482076644897,0.9615267515182495,39138
13.270423650741577,2.0159878730773926,0.9923128485679626,0.9624332785606384,39138
13.280140161514282,2.0140786170959473,0.9912578463554382,0.9630685448646545,39138
13.290685653686523,2.0122435092926025,0.9913202524185181,0.9642278552055359,39138
13.300516605377197,2.01056170463562,0.9907984137535095,0.9651530981063843,39138
13.310097455978394,2.0085389614105225,0.9899948239326477,0.9659358263015747,39138
13.32159161567688,2.0067639350891113,0.9896709322929382,0.966870129108429,39138
13.330385208129883,2.0048158168792725,0.9889048933982849,0.9678770303726196,39138
13.340030670166016,2.003032684326172,0.9886085987091064,0.9686069488525391,44000
13.350072145462036,2.0009331703186035,0.9874871969223022,0.9695826172828674,41337
13.360501527786255,1.9991166591644287,0.9867101907730103,0.9705406427383423,40775
13.370351076126099,1.9970831871032715,0.9863473773002625,0.9712916612625122,40232
13.380455732345581,1.9952991008758545,0.9857814311981201,0.9722188115119934,40483
13.390138149261475,1.9932806491851807,0.9850677847862244,0.9731728434562683,40745
13.4003746509552,1.9913914203643799,0.9845969676971436,0.9739391207695007,40383
13.410435199737549,1.9894713163375854,0.9840439558029175,0.974845290184021,40511
13.420242071151733,1.9873043298721313,0.9829202890396118,0.9756070375442505,41425
13.430397510528564,1.9854792356491089,0.9827220439910889,0.9765005111694336,39990
13.440524339675903,1.983365774154663,0.9816997647285461,0.9773970246315002,41344
13.450493335723877,1.9814666509628296,0.9816648364067078,0.9782275557518005,39722
13.460254430770874,1.9794453382492065,0.9810394048690796,0.978992760181427,40726
13.470227003097534,1.9774515628814697,0.9802355766296387,0.9800273180007935,40985
13.48049259185791,1.9752761125564575,0.9795193076133728,0.9807090163230896,40852
13.490294933319092,1.973344326019287,0.9791244864463806,0.9814311861991882,40371
13.501144886016846,1.9711819887161255,0.9783586263656616,0.9823241233825684,40988
13.511054754257202,1.9692901372909546,0.9780390858650208,0.9831379652023315,40250
13.531209707260132,1.9671579599380493,0.9774878621101379,0.9838371276855469,40705
13.533618927001953,1.965166687965393,0.9773392677307129,0.9845190644264221,39964
13.540735721588135,1.9630018472671509,0.97664874792099,0.9854211211204529,40893
13.550280809402466,1.9610501527786255,0.9763308763504028,0.9860822558403015,40284
13.56089997291565,1.9589964151382446,0.9761123657226562,0.9867631196975708,40138
13.570701837539673,1.9567015171051025,0.9741415977478027,0.9874778985977173,42989
13.580724477767944,1.9550206661224365,0.9757638573646545,0.9882441163063049,37271
13.590360164642334,1.952903389930725,0.9753832817077637,0.9889134168624878,40383
13.601568222045898,1.9508705139160156,0.975243330001831,0.9896186590194702,39973
13.611284255981445,1.948777198791504,0.9746211767196655,0.9904046654701233,40820
13.620344877243042,1.9468083381652832,0.9744415283203125,0.9910717010498047,40102
13.631333589553833,1.9445695877075195,0.9739982485771179,0.9917660355567932,40557
13.640341997146606,1.9426681995391846,0.9739450216293335,0.9925652742385864,39910
13.650291442871094,1.9404973983764648,0.9736058712005615,0.9931535720825195,40386
13.660343885421753,1.9385998249053955,0.9737184047698975,0.9937407374382019,39655
13.680817365646362,1.9366093873977661,0.9738631248474121,0.9944023489952087,39609
13.683608531951904,1.9344598054885864,0.9734406471252441,0.9950799942016602,40512
13.692211389541626,1.9325878620147705,0.9735886454582214,0.9957737922668457,39607
13.700680017471313,1.9304252862930298,0.9733734726905823,0.9962868690490723,40192
13.711066007614136,1.9284526109695435,0.9732565879821777,0.99699866771698,40032
13.720337629318237,1.926437258720398,0.973337709903717,0.9976065754890442,39720
13.730485200881958,1.9244704246520996,0.9732862114906311,0.9981797933578491,39927
13.740119457244873,1.9226394891738892,0.973778486251831,0.9988004565238953,39071
13.750458478927612,1.920662522315979,0.9738353490829468,0.9993544816970825,39736
13.760586023330688,1.9185702800750732,0.9733054637908936,1.0001296997070312,40730
13.780460357666016,1.9166069030761719,0.9736456274986267,1.0005676746368408,39290
13.78374433517456,1.9146560430526733,0.9734838604927063,1.0012052059173584,40098
13.790270805358887,1.9127908945083618,0.9742223620414734,1.0017105340957642,38710
13.80043888092041,1.9108296632766724,0.9742452502250671,1.002507209777832,39791
13.811416864395142,1.9090923070907593,0.9745720624923706,1.0029897689819336,39346
13.820411682128906,1.9070944786071777,0.9747582674026489,1.0035027265548706,39534
13.830492496490479,1.9051083326339722,0.9748477339744568,1.004112958908081,39718
13.840367317199707,1.9031972885131836,0.9749300479888916,1.004732608795166,39716
13.850440979003906,1.901371955871582,0.9750685095787048,1.00532865524292,39615
13.860243082046509,1.8995732069015503,0.9755434393882751,1.0057225227355957,39061
13.870466709136963,1.8976781368255615,0.9754846096038818,1.0062657594680786,39928
13.88141393661499,1.8957908153533936,0.9760931134223938,1.0067650079727173,38879
13.890477418899536,1.8939393758773804,0.9759839177131653,1.0073871612548828,40022
13.900404214859009,1.89223313331604,0.9761441946029663,1.0078903436660767,39596
13.911030054092407,1.8904320001602173,0.9767332673072815,1.0083433389663696,38890
13.921512126922607,1.8886656761169434,0.97681725025177,1.0087974071502686,39662
13.930423498153687,1.8868520259857178,0.9772358536720276,1.009459376335144,39185
13.940179347991943,1.8851768970489502,0.9777565002441406,1.0099836587905884,38993
13.95108413696289,1.8834807872772217,0.9780888557434082,1.0104557275772095,39327
13.96019434928894,1.8818053007125854,0.9785473942756653,1.0108189582824707,39104
13.970373392105103,1.8799664974212646,0.9785959124565125,1.0114121437072754,39756
13.980376482009888,1.8782682418823242,0.9788676500320435,1.0119448900222778,39414
13.990318536758423,1.8765307664871216,0.9788984656333923,1.0124391317367554,39744
14.000272512435913,1.8750487565994263,0.9794578552246094,1.0129631757736206,38902
14.010966777801514,1.873500943183899,0.9802244305610657,1.0132561922073364,38502
14.020339965820312,1.87155282497406,0.9800381660461426,1.0137200355529785,40167
14.030436515808105,1.870012640953064,0.9806585907936096,1.0142595767974854,38842
14.040626525878906,1.868499994277954,0.9809027910232544,1.0147899389266968,39399
14.050395727157593,1.8669135570526123,0.9814614057540894,1.0152239799499512,38923
14.061481714248657,1.865310788154602,0.9818342924118042,1.015631079673767,39190
14.070295572280884,1.8637596368789673,0.9819803833961487,1.0161348581314087,39589
14.081247568130493,1.8621805906295776,0.9822830557823181,1.0165324211120605,39324
14.09078598022461,1.860534429550171,0.9825499057769775,1.0170480012893677,39345
14.10016393661499,1.8590112924575806,0.9827830791473389,1.0174299478530884,39410
14.11006760597229,1.857481837272644,0.9829651117324829,1.0178226232528687,39541
14.12032437324524,1.8560148477554321,0.9835392236709595,1.0182743072509766,38833
14.130292177200317,1.8545442819595337,0.9837684631347656,1.0185991525650024,39352
14.140125274658203,1.8530229330062866,0.9839128851890564,1.0192339420318604,39676
14.150569200515747,1.8515205383300781,0.984374463558197,1.019502878189087,38922
14.170674085617065,1.8501096963882446,0.9844943881034851,1.0198580026626587,39805
14.173229217529297,1.8486154079437256,0.9849969148635864,1.0203304290771484,38806
14.181262969970703,1.8472316265106201,0.9855626821517944,1.020691990852356,38775
14.190518379211426,1.8458842039108276,0.9858232140541077,1.0211654901504517,39451
14.200372457504272,1.8443527221679688,0.9857855439186096,1.0216695070266724,39951
14.21012568473816,1.8430836200714111,0.9860023856163025,1.0220305919647217,39258
14.221023797988892,1.841700792312622,0.9866756796836853,1.0222947597503662,38648
14.23027515411377,1.8402833938598633,0.9868942499160767,1.022684097290039,39360
14.240335941314697,1.8388757705688477,0.9873592853546143,1.0230211019515991,39052
14.26020884513855,1.8376498222351074,0.987336277961731,1.0234698057174683,40055
14.270720481872559,1.8362058401107788,0.9877408742904663,1.023758888244629,38919
14.273778438568115,1.834882378578186,0.9880355596542358,1.024228572845459,39087
14.283068895339966,1.8336340188980103,0.9878937602043152,1.024500846862793,40035
14.291390419006348,1.8323640823364258,0.9882813692092896,1.024855375289917,39127
14.31056809425354,1.8309955596923828,0.9890880584716797,1.0250996351242065,38604
14.320621252059937,1.829650640487671,0.9891944527626038,1.0254743099212646,39372
14.323776721954346,1.828418493270874,0.9894639849662781,1.0258703231811523,39104
14.330303430557251,1.8272120952606201,0.9894943237304688,1.0263044834136963,39957
14.340266227722168,1.8259035348892212,0.9897964596748352,1.0266005992889404,39173
14.350332975387573,1.8246979713439941,0.9899018406867981,1.0268468856811523,39472
14.360449314117432,1.8235530853271484,0.9903050661087036,1.027226209640503,39069
14.380738019943237,1.8224565982818604,0.990595281124115,1.0274631977081299,39276
14.384348630905151,1.8210759162902832,0.990821361541748,1.0278215408325195,39157
14.391040563583374,1.819801688194275,0.9912611246109009,1.0280115604400635,39080
14.40032148361206,1.8187397718429565,0.9910117983818054,1.0284935235977173,40082
14.410370588302612,1.817598819732666,0.9909695982933044,1.0288982391357422,39974
14.420367956161499,1.8164232969284058,0.9914427399635315,1.0290687084197998,38780
14.43063235282898,1.8154507875442505,0.9917802810668945,1.0293811559677124,39074
14.4404456615448,1.8140922784805298,0.9917935132980347,1.0295629501342773,39739
14.460254907608032,1.8130539655685425,0.9922047853469849,1.029783844947815,39171
14.463382482528687,1.8121180534362793,0.9921560287475586,1.030147671699524,39587
14.470259666442871,1.810944676399231,0.9922824501991272,1.0303536653518677,39569
14.480015754699707,1.8098031282424927,0.9923339486122131,1.0305877923965454,39456
14.4903404712677,1.8087809085845947,0.9926021099090576,1.030940294265747,39202
14.50058627128601,1.8077521324157715,0.9927775859832764,1.0313045978546143,39332
14.510348796844482,1.806902527809143,0.9927065372467041,1.0314918756484985,39904
14.530600547790527,1.805748462677002,0.99315345287323,1.0316773653030396,39126
14.540471076965332,1.8045166730880737,0.9935590624809265,1.0317847728729248,38843
14.542823076248169,1.8036344051361084,0.9938884377479553,1.0321458578109741,38957
14.551774740219116,1.8027316331863403,0.9935376048088074,1.032355785369873,40689
14.560961723327637,1.801832675933838,0.9936091303825378,1.0326080322265625,39590
14.581636190414429,1.8009371757507324,0.9939923286437988,1.0328824520111084,39129
14.59128737449646,1.7999193668365479,0.9942176342010498,1.033109426498413,39133
14.600494861602783,1.7990986108779907,0.9943037033081055,1.0333867073059082,39835
14.603368520736694,1.7981483936309814,0.9942125082015991,1.0336403846740723,39647
14.610514163970947,1.7971763610839844,0.9943926334381104,1.0339423418045044,39310
14.630603313446045,1.7963483333587646,0.9946179389953613,1.0342161655426025,39428
14.633533477783203,1.7956465482711792,0.9947851300239563,1.0343929529190063,39226
14.651249170303345,1.7946969270706177,0.9947261810302734,1.0345425605773926,39862
14.660388231277466,1.7937322854995728,0.9955376982688904,1.0346328020095825,38497
14.664010047912598,1.7929701805114746,0.9954255819320679,1.0348955392837524,39666
14.670593738555908,1.7921979427337646,0.9955649375915527,1.0350799560546875,39703
14.691691637039185,1.7913717031478882,0.9953901171684265,1.0352816581726074,39710
14.694548606872559,1.7907183170318604,0.9953939914703369,1.0355358123779297,39759
14.710166215896606,1.7899678945541382,0.9956544041633606,1.0357805490493774,39166
14.712781429290771,1.7891699075698853,0.9962027668952942,1.0358526706695557,38601
14.721421718597412,1.7884734869003296,0.9964553713798523,1.036041498184204,39419
14.731194734573364,1.7877436876296997,0.99640953540802,1.0362627506256104,39893
14.740251064300537,1.7870234251022339,0.9963979721069336,1.0364460945129395,39704
14.75038456916809,1.7863208055496216,0.9964630603790283,1.0366182327270508,39472
14.760557413101196,1.7857778072357178,0.9965513348579407,1.0367511510849,39482
14.781235933303833,1.7850488424301147,0.997128427028656,1.0367891788482666,38846
14.791331052780151,1.7843843698501587,0.9972667694091797,1.0369092226028442,39357
14.796094179153442,1.783665657043457,0.9976503849029541,1.0370458364486694,38852
14.802950859069824,1.7831271886825562,0.9972920417785645,1.037283182144165,40445
14.811089992523193,1.7825515270233154,0.997307538986206,1.0374677181243896,39805
14.820379734039307,1.7819463014602661,0.9972275495529175,1.0376768112182617,39661
14.83042025566101,1.7814533710479736,0.9972950220108032,1.0378562211990356,39314
14.840463638305664,1.7810065746307373,0.9974705576896667,1.0379650592803955,39289
14.851469278335571,1.7803802490234375,0.9976896643638611,1.0380102396011353,39398
14.86137866973877,1.7798664569854736,0.9980959892272949,1.0380566120147705,38983
14.870420217514038,1.779253363609314,0.9980198740959167,1.0381194353103638,39645
14.880210161209106,1.7787257432937622,0.9980851411819458,1.0382670164108276,39632
14.901451587677002,1.7783432006835938,0.9983716607093811,1.0383871793746948,39183
14.904119968414307,1.777886986732483,0.9985808730125427,1.038544774055481,39136
14.910208225250244,1.7773993015289307,0.9985231161117554,1.038683533668518,39667
14.931656837463379,1.7769972085952759,0.9987330436706543,1.0387678146362305,39367
14.934532403945923,1.7765847444534302,0.998896062374115,1.0388033390045166,39207
14.950525760650635,1.7761147022247314,0.9988823533058167,1.038843035697937,39682
14.95317792892456,1.7757766246795654,0.9989066123962402,1.0388888120651245,39432
14.97029423713684,1.7753238677978516,0.9989238977432251,1.0389518737792969,39646
14.973457336425781,1.7749261856079102,0.9991710782051086,1.0389671325683594,39072
14.990625381469727,1.7745583057403564,0.9992209672927856,1.0390347242355347,39615
15.000589609146118,1.774181842803955,0.9992020130157471,1.0391433238983154,39706
15.010552644729614,1.7738829851150513,0.9995419979095459,1.0392051935195923,38955
15.02057671546936,1.773427128791809,0.9998742938041687,1.0392011404037476,38951
15.030805110931396,1.7732363939285278,0.9996727108955383,1.0392767190933228,39873
15.034512519836426,1.772916316986084,0.9996464252471924,1.0394620895385742,39508
15.041025161743164,1.7725920677185059,0.9997344613075256,1.0394622087478638,39538
15.06097149848938,1.7723664045333862,0.9999315142631531,1.0394392013549805,39260
15.064046621322632,1.7721331119537354,1.0000231266021729,1.0394493341445923,39315
15.071031093597412,1.7718404531478882,1.0002660751342773,1.0394055843353271,39135
15.090235710144043,1.7715779542922974,1.0002621412277222,1.039402961730957,39646
15.100643157958984,1.7712070941925049,1.0001466274261475,1.039411187171936,39647
15.110965490341187,1.771081566810608,1.0002495050430298,1.039335012435913,39263
15.1165132522583,1.7709243297576904,1.0002630949020386,1.0394527912139893,39437
15.131426811218262,1.7707691192626953,1.0003314018249512,1.0394612550735474,39301
15.136478185653687,1.770574688911438,1.0003883838653564,1.0394558906555176,39364
15.15129280090332,1.7703964710235596,1.0004621744155884,1.0393781661987305,39430
15.16050410270691,1.7701966762542725,1.0006769895553589,1.0392942428588867,39076
15.170297622680664,1.7701059579849243,1.0005954504013062,1.0393043756484985,39605
15.181258916854858,1.769869089126587,1.0007436275482178,1.0393317937850952,39291
15.183751106262207,1.7698146104812622,1.0009547472000122,1.0392873287200928,39106
15.20040249824524,1.7696374654769897,1.000900149345398,1.0392534732818604,39420
15.204492092132568,1.769510269165039,1.0010247230529785,1.03917396068573,39241
15.21086573600769,1.769473671913147,1.0012931823730469,1.0389591455459595,39095
15.230450630187988,1.7693392038345337,1.0011439323425293,1.0389946699142456,39841
15.24165940284729,1.7692140340805054,1.0011935234069824,1.0389057397842407,39361
15.250490665435791,1.7691389322280884,1.0012271404266357,1.0388931035995483,39363
15.261123180389404,1.769089698791504,1.0014996528625488,1.0387628078460693,36000
15.27052354812622,1.7689458131790161,1.0018997192382812,1.038527250289917,39170
15.281529426574707,1.7688376903533936,1.001905083656311,1.0384799242019653,39170
15.286962509155273,1.768811583518982,1.0019875764846802,1.03837251663208,39170
15.301855564117432,1.768799901008606,1.0021809339523315,1.0382109880447388,39170
15.311697721481323,1.7688443660736084,1.0019481182098389,1.038157343864441,39170
15.320997714996338,1.7687581777572632,1.0024710893630981,1.0380233526229858,39170
15.324618577957153,1.7686793804168701,1.0025520324707031,1.037908911705017,39170
15.340338230133057,1.7688310146331787,1.002235770225525,1.0377955436706543,39170
15.351287364959717,1.7686729431152344,1.0026350021362305,1.0376228094100952,39170
15.353575944900513,1.7688144445419312,1.0022993087768555,1.0375677347183228,39170
15.36044692993164,1.7687855958938599,1.002242088317871,1.0374959707260132,39170
15.380446672439575,1.7687944173812866,1.002203106880188,1.03741455078125,39170
15.384041547775269,1.7688169479370117,1.002196192741394,1.0372917652130127,39170
15.40026330947876,1.768865942955017,1.002216100692749,1.0371850728988647,39170
15.403817415237427,1.7688862085342407,1.0021950006484985,1.0370378494262695,39170
15.410703897476196,1.7689180374145508,1.0021929740905762,1.036895513534546,39170
15.430480003356934,1.7689889669418335,1.0022635459899902,1.036763310432434,39170
15.440376996994019,1.769041895866394,1.0023081302642822,1.0365445613861084,39170
15.450435400009155,1.7690855264663696,1.0023442506790161,1.036371111869812,39170
15.460327625274658,1.7691307067871094,1.0022563934326172,1.0362013578414917,39170
15.470324039459229,1.769240379333496,1.0021973848342896,1.0360742807388306,39170
15.47333550453186,1.7693214416503906,1.002102255821228,1.0359351634979248,39170
15.490374088287354,1.7693917751312256,1.001954197883606,1.035805106163025,39170
15.500437498092651,1.769532322883606,1.0019351243972778,1.0356824398040771,39170
15.51124382019043,1.7696352005004883,1.001955270767212,1.0354493856430054,39170
15.520512342453003,1.769737958908081,1.0018150806427002,1.0353378057479858,39170
15.530551195144653,1.769851803779602,1.001813530921936,1.0351696014404297,39170
15.54058837890625,1.770011067390442,1.0017300844192505,1.0350193977355957,39170
15.551655054092407,1.7701692581176758,1.0017825365066528,1.0348073244094849,39170
15.56118655204773,1.7703170776367188,1.0019705295562744,1.0344858169555664,39170
15.570662260055542,1.770440936088562,1.0020315647125244,1.0343115329742432,39170
15.580597877502441,1.7705758810043335,1.0018465518951416,1.0341154336929321,39170
15.5908842086792,1.7707877159118652,1.0013569593429565,1.0340440273284912,39170
15.60041856765747,1.7709500789642334,1.0012260675430298,1.0338841676712036,39170
15.610703468322754,1.771132230758667,1.001151204109192,1.0337046384811401,39170
15.620976448059082,1.7713291645050049,1.0011084079742432,1.0334237813949585,39170
15.631252765655518,1.7715097665786743,1.0011532306671143,1.0331659317016602,39170
15.636770963668823,1.7716853618621826,1.001083254814148,1.03298819065094,39170
15.65058445930481,1.7719054222106934,1.0009862184524536,1.032753586769104,39170
15.661169528961182,1.7720659971237183,1.000889778137207,1.0325686931610107,39170
15.670568227767944,1.7722104787826538,1.0007975101470947,1.0324015617370605,39170
15.681532382965088,1.7724124193191528,1.000808835029602,1.0321285724639893,39170
15.69074821472168,1.7726012468338013,1.0009127855300903,1.0317579507827759,39170
15.700650453567505,1.7728240489959717,1.000840187072754,1.03152334690094,39170
15.71019458770752,1.7730579376220703,1.0005804300308228,1.0312546491622925,39170
15.720543384552002,1.7732298374176025,1.0003695487976074,1.031029462814331,39170
15.730400085449219,1.77352774143219,1.0002082586288452,1.030853033065796,39170
15.740791320800781,1.7737849950790405,1.0000203847885132,1.0305670499801636,39170
15.750462532043457,1.7740144729614258,0.9999374747276306,1.0303384065628052,39170
15.760462284088135,1.7743531465530396,1.0000686645507812,1.0301424264907837,39170
15.771164417266846,1.7745983600616455,0.9998792409896851,1.0299382209777832,39170
15.781294107437134,1.7748334407806396,0.9997238516807556,1.0296519994735718,39170
15.790448427200317,1.7751885652542114,0.9993515610694885,1.0294684171676636,39170
15.800546169281006,1.7754523754119873,0.9992015361785889,1.029192328453064,39170
15.81055760383606,1.7758007049560547,0.9991969466209412,1.0289976596832275,39170
15.820502996444702,1.7760862112045288,0.9991394877433777,1.028728723526001,39170
15.831216096878052,1.7763879299163818,0.9992896914482117,1.0283445119857788,39170
15.840535402297974,1.776642084121704,0.9991841316223145,1.0281193256378174,39170
15.850425481796265,1.7768611907958984,0.9989956021308899,1.0278550386428833,39170
15.860356330871582,1.7771533727645874,0.9988538026809692,1.027563214302063,39170
15.863357305526733,1.7774677276611328,0.9987760782241821,1.0273131132125854,39170
15.881200313568115,1.7777565717697144,0.9985069036483765,1.027015209197998,39170
15.891085863113403,1.77809739112854,0.9983706474304199,1.0267469882965088,39170
15.900883674621582,1.7785625457763672,0.9981932044029236,1.0265487432479858,39170
15.910192728042603,1.778804063796997,0.9978927373886108,1.0262812376022339,39170
15.921217679977417,1.7791465520858765,0.9978728890419006,1.0259156227111816,39170
15.930366516113281,1.7795183658599854,0.997832715511322,1.0257000923156738,39170
15.941559314727783,1.7799299955368042,0.9976041913032532,1.025469422340393,39170
15.950250148773193,1.7803115844726562,0.9974536895751953,1.0251951217651367,39170
15.960973262786865,1.7805968523025513,0.9973440170288086,1.0248582363128662,39170
15.97047734260559,1.7809823751449585,0.9971053600311279,1.0245004892349243,39170
15.980441808700562,1.7813057899475098,0.9970017671585083,1.0242433547973633,39170
15.990349054336548,1.781664252281189,0.9968534111976624,1.023951768875122,39170
16.000367641448975,1.782034158706665,0.9968181252479553,1.0235965251922607,39170
16.010852336883545,1.7824264764785767,0.9964708685874939,1.023388147354126,39170
16.02074146270752,1.7828291654586792,0.996231198310852,1.0231735706329346,39170
16.031615495681763,1.7831337451934814,0.9959056377410889,1.0228908061981201,39170
16.04061770439148,1.7836403846740723,0.9958301186561584,1.022580623626709,39170
16.050413131713867,1.7840946912765503,0.9956552982330322,1.022322654724121,39170
16.061143159866333,1.784467339515686,0.9956144690513611,1.021912693977356,39170
16.070357084274292,1.784881830215454,0.9953972101211548,1.0216879844665527,39170
16.08018207550049,1.7852516174316406,0.9951336979866028,1.021401047706604,39170
16.09038543701172,1.7856276035308838,0.9948284029960632,1.0209990739822388,44000
16.101573944091797,1.7860491275787354,0.9947719573974609,1.020674705505371,36000
16.110502243041992,1.7864800691604614,0.9946267604827881,1.0204349756240845,39170
16.120466470718384,1.7869534492492676,0.9945233464241028,1.0201423168182373,44000
16.130610466003418,1.78732430934906,0.9942912459373474,1.0199062824249268,39612
16.14053773880005,1.7878459692001343,0.9941028356552124,1.019557237625122,39626
16.150727033615112,1.7882553339004517,0.993802547454834,1.0193301439285278,39796
16.16046380996704,1.7886546850204468,0.9934556484222412,1.0190882682800293,39808
16.17145085334778,1.789139747619629,0.9932194948196411,1.0187891721725464,39669
16.180335998535156,1.7896578311920166,0.9931265115737915,1.0183323621749878,39401
16.19024395942688,1.7900207042694092,0.9929149746894836,1.018120527267456,39645
16.200570106506348,1.790428638458252,0.9929606914520264,1.0177570581436157,39276
16.210116147994995,1.7909201383590698,0.9925274848937988,1.0175446271896362,39995
16.221020698547363,1.7913333177566528,0.9924449324607849,1.0172442197799683,39474
16.231337547302246,1.7919094562530518,0.9926262497901917,1.016988754272461,38996
16.24108123779297,1.792372226715088,0.9927666783332825,1.0167051553726196,39118
16.25044560432434,1.7927680015563965,0.992655873298645,1.0162956714630127,39570
16.26055669784546,1.7932567596435547,0.9927424192428589,1.0160198211669922,39259
16.270287036895752,1.7937284708023071,0.9922674298286438,1.015873670578003,40082
16.281457901000977,1.7942378520965576,0.9923930168151855,1.0154368877410889,39180
16.29036831855774,1.7947567701339722,0.9924386739730835,1.015136480331421,39188
16.301518201828003,1.7953068017959595,0.9925929307937622,1.0148189067840576,39135
16.310943841934204,1.7957360744476318,0.9926861524581909,1.0145655870437622,39236
16.320477962493896,1.7961652278900146,0.9927322268486023,1.0142452716827393,39318
16.330151796340942,1.7966455221176147,0.992716908454895,1.013974905014038,39390
16.340516090393066,1.7971765995025635,0.992548942565918,1.0136743783950806,39599
16.350724697113037,1.7976279258728027,0.9924324154853821,1.013409972190857,39593
16.36128330230713,1.798169493675232,0.992578387260437,1.0130585432052612,39062
16.370233058929443,1.7985889911651611,0.9925199151039124,1.0128681659698486,39457
16.380353927612305,1.7990694046020508,0.9925613403320312,1.012602686882019,39317
16.3903865814209,1.7997938394546509,0.9926958084106445,1.0121636390686035,36000
16.400596618652344,1.80022132396698,0.9927467107772827,1.011898398399353,39173
16.41057801246643,1.8008378744125366,0.992702066898346,1.0116132497787476,39173
16.420548915863037,1.8012735843658447,0.9926555752754211,1.0113356113433838,39173
16.43050479888916,1.8017292022705078,0.992697536945343,1.0110580921173096,39173
16.440537214279175,1.8022096157073975,0.9925456047058105,1.010711908340454,39173
16.45017147064209,1.8026437759399414,0.9927763342857361,1.010373830795288,39173
16.46085548400879,1.8032305240631104,0.9928032755851746,1.0101028680801392,39173
16.47111988067627,1.803737998008728,0.9928175210952759,1.0098068714141846,39173
16.480019569396973,1.8041696548461914,0.9927484393119812,1.0095807313919067,39173
16.490726709365845,1.8047679662704468,0.9927104711532593,1.0091627836227417,39173
16.500581741333008,1.8053804636001587,0.992590069770813,1.0089154243469238,39173
16.510016202926636,1.8059173822402954,0.9921830296516418,1.0086005926132202,39173
16.520456790924072,1.8063578605651855,0.9919583201408386,1.0083086490631104,44000
16.530149936676025,1.8068351745605469,0.9919798374176025,1.0080113410949707,39301
16.54047703742981,1.8075318336486816,0.9924529790878296,1.0076738595962524,36000
16.550440073013306,1.8080379962921143,0.992439866065979,1.007387399673462,39173
16.56054377555847,1.8084005117416382,0.9924356341362,1.007063865661621,39173
16.57037043571472,1.8089293241500854,0.9924226999282837,1.006739616394043,39173
16.580663442611694,1.809478521347046,0.9921320676803589,1.0064386129379272,39173
16.590511083602905,1.809944748878479,0.9920673966407776,1.0060524940490723,39173
16.600693464279175,1.8105665445327759,0.9915964603424072,1.0058869123458862,44000
16.610272884368896,1.811165452003479,0.9917106032371521,1.005608081817627,39223
16.621636390686035,1.8116356134414673,0.9916240572929382,1.0052331686019897,39439
16.631026029586792,1.8121325969696045,0.9913763403892517,1.004912257194519,39815
16.640493869781494,1.8126885890960693,0.9912928342819214,1.0045382976531982,39483
16.650615692138672,1.813177227973938,0.9912639260292053,1.0043143033981323,39458
16.6600284576416,1.8135747909545898,0.9912869334220886,1.0039503574371338,39348
16.67056655883789,1.814136266708374,0.9911066293716431,1.0036449432373047,39665
16.680325984954834,1.8146710395812988,0.9909924864768982,1.0032612085342407,39614
16.6906578540802,1.815285086631775,0.9908509850502014,1.0029058456420898,39613
16.700540781021118,1.815738558769226,0.9908818602561951,1.0025951862335205,39337
16.71025562286377,1.8163105249404907,0.9907888174057007,1.0023882389068604,39561
16.720026969909668,1.816756010055542,0.9905761480331421,1.0020328760147095,39752
16.730361938476562,1.8172762393951416,0.9905151724815369,1.0017651319503784,39507
16.74033761024475,1.8177798986434937,0.9904154539108276,1.001461386680603,39537
16.75119662284851,1.8182343244552612,0.9906113743782043,1.0011261701583862,39113
16.759963035583496,1.8187977075576782,0.9905924201011658,1.0008491277694702,39444
16.770485877990723,1.819299340248108,0.9905956983566284,1.0005402565002441,39396
16.780258655548096,1.8198171854019165,0.9902830719947815,1.0002374649047852,39915
16.790444135665894,1.8203749656677246,0.9903070330619812,0.9999290108680725,39413
16.80051827430725,1.8208667039871216,0.9902356863021851,0.9995526671409607,39516
16.810543060302734,1.8213586807250977,0.9903156757354736,0.9992510676383972,39299
16.82111620903015,1.8218363523483276,0.9902010560035706,0.9989116787910461,39611
16.83130168914795,1.8223143815994263,0.9899601340293884,0.9985430836677551,39796
16.84018087387085,1.8228590488433838,0.9902738332748413,0.9982699155807495,38904
16.85032629966736,1.823350429534912,0.9902684092521667,0.998001754283905,39421
16.86080312728882,1.8237992525100708,0.990234375,0.99772709608078,39494
16.870301485061646,1.8242523670196533,0.990134060382843,0.9974085688591003,39580
16.880246877670288,1.824831485748291,0.989913284778595,0.9971632361412048,39791
16.89038586616516,1.8253411054611206,0.9898506999015808,0.9968352317810059,39490
16.900362253189087,1.8258311748504639,0.9900023937225342,0.9965272545814514,39210
16.91049027442932,1.826380729675293,0.9901580214500427,0.9962405562400818,39157
16.92034649848938,1.8268096446990967,0.9901729226112366,0.9959216713905334,39392
16.930646181106567,1.8272812366485596,0.9903225898742676,0.9956954121589661,39175
16.94068455696106,1.8277450799942017,0.9903072118759155,0.9954560399055481,39460
16.9505717754364,1.828250527381897,0.9903767704963684,0.9951799511909485,39313
16.96037983894348,1.8286783695220947,0.9904735088348389,0.9948954582214355,39275
16.970626831054688,1.8291224241256714,0.9904505610466003,0.9945563077926636,39462
16.980615615844727,1.8295577764511108,0.9904937744140625,0.9941219687461853,39348
16.99128556251526,1.8300466537475586,0.9901273250579834,0.9939335584640503,40012
17.0002543926239,1.8306121826171875,0.9904451966285706,0.9937232732772827,38882
17.010542631149292,1.8310327529907227,0.9905584454536438,0.9934605360031128,39221
17.020708322525024,1.831438660621643,0.9905241131782532,0.9931422472000122,39472
17.031511306762695,1.8319683074951172,0.990772545337677,0.9928860068321228,36000
17.041034698486328,1.8323392868041992,0.9906757473945618,0.9926061034202576,39178
17.05020046234131,1.832793116569519,0.9905659556388855,0.9924075603485107,44000
17.06119656562805,1.8331871032714844,0.99057936668396,0.9921269416809082,39401
17.071492433547974,1.8337043523788452,0.9907416701316833,0.9919371008872986,36000
17.079998254776,1.8341988325119019,0.9907422661781311,0.9916505217552185,39178
17.091004610061646,1.8346858024597168,0.9908417463302612,0.9912469983100891,39178
17.100712537765503,1.8351787328720093,0.9908071756362915,0.991025984287262,39178
17.110331535339355,1.8355834484100342,0.9908702969551086,0.9907566905021667,39178
17.12041473388672,1.8360090255737305,0.9907249212265015,0.990488588809967,39178
17.13030481338501,1.8364335298538208,0.9907678365707397,0.9901939630508423,39178
17.140392541885376,1.8368146419525146,0.9907458424568176,0.9899465441703796,39178
17.150474309921265,1.8372712135314941,0.9907581210136414,0.9897345304489136,39178
17.161293029785156,1.837685227394104,0.9906241297721863,0.9894630908966064,39178
17.171266317367554,1.8381530046463013,0.9906457662582397,0.9891990423202515,39178
17.18132781982422,1.8385664224624634,0.9906696677207947,0.9889540076255798,39178
17.190231323242188,1.8389873504638672,0.9906980395317078,0.9886725544929504,39178
17.20044994354248,1.8394503593444824,0.9907408356666565,0.9883952140808105,39178
17.210331916809082,1.8399204015731812,0.9906774759292603,0.9881328344345093,39178
17.22039818763733,1.8404449224472046,0.9903244376182556,0.9878841042518616,44000
17.230592250823975,1.8408235311508179,0.9904181957244873,0.987606942653656,36000
17.2402081489563,1.8411914110183716,0.9904705286026001,0.9873678088188171,39178
17.250574111938477,1.8416370153427124,0.9905585646629333,0.9870803952217102,39178
17.26023507118225,1.8420007228851318,0.9904779195785522,0.9868450164794922,39178
17.270206689834595,1.842373251914978,0.9904890060424805,0.9866222739219666,39178
17.280675649642944,1.8427866697311401,0.9904266595840454,0.9864512085914612,39178
17.290616273880005,1.8431771993637085,0.9903799295425415,0.9862088561058044,39178
17.300434112548828,1.8436048030853271,0.9902104735374451,0.9859491586685181,44000
17.310200691223145,1.8440062999725342,0.9902305006980896,0.9856958985328674,36000
17.321184396743774,1.844428300857544,0.9902341365814209,0.985409140586853,39178
17.33119773864746,1.8448638916015625,0.9901583194732666,0.98514324426651,44000
17.340739727020264,1.8453211784362793,0.9900017976760864,0.9848794937133789,39672
17.351186275482178,1.8458244800567627,0.9902765154838562,0.984611451625824,36000
17.360183238983154,1.8460946083068848,0.9900884032249451,0.9843798875808716,44000
17.3703932762146,1.8465039730072021,0.9901249408721924,0.9841046929359436,36000
17.381255865097046,1.8468801975250244,0.9900560975074768,0.9838788509368896,44000
17.391085863113403,1.8472257852554321,0.9899118542671204,0.9836635589599609,39655
17.40029788017273,1.8476258516311646,0.9898867011070251,0.98345947265625,39462
17.40988516807556,1.8479318618774414,0.9895374774932861,0.9832322597503662,39993
17.42048740386963,1.8482879400253296,0.9894390106201172,0.9830300211906433,39593
17.430304765701294,1.8486357927322388,0.9893708229064941,0.9827194809913635,39552
17.4403817653656,1.8491121530532837,0.989486575126648,0.9824736714363098,39249
17.45060634613037,1.8495533466339111,0.9894410967826843,0.9822331666946411,39511
17.461202144622803,1.849945306777954,0.9890758395195007,0.981995165348053,40024
17.471107959747314,1.8502928018569946,0.9892586469650269,0.9816211462020874,39150
17.480350732803345,1.8506028652191162,0.9892429709434509,0.9814063310623169,39464
17.490726470947266,1.8509435653686523,0.9892553091049194,0.9811248779296875,39423
17.500701904296875,1.8512864112854004,0.9891370534896851,0.9808671474456787,39635
17.5114426612854,1.8516262769699097,0.9891678094863892,0.9806325435638428,39394
17.520474195480347,1.851947546005249,0.9891568422317505,0.9804578423500061,39461
17.53050208091736,1.8523026704788208,0.9892830848693848,0.9802676439285278,39242
17.541510820388794,1.8525500297546387,0.9892663359642029,0.9800606369972229,39469
17.551427364349365,1.8528333902359009,0.9890576004981995,0.9798531532287598,39780
17.561469078063965,1.8531501293182373,0.9890806078910828,0.9796019196510315,39411
17.57048726081848,1.8534959554672241,0.9890663027763367,0.979285717010498,39473
17.580485582351685,1.8540277481079102,0.9893664717674255,0.9790542125701904,38961
17.590610027313232,1.854462742805481,0.9896438121795654,0.9787468910217285,38988
17.600860357284546,1.8546711206436157,0.989311158657074,0.978600263595581,39971
17.61041522026062,1.8549706935882568,0.9893161058425903,0.9783935546875,39427
17.620546340942383,1.855290412902832,0.9893764853477478,0.9781450033187866,39350
17.6312518119812,1.8555896282196045,0.9893695116043091,0.977947473526001,39449
17.640862941741943,1.8558237552642822,0.9892532825469971,0.9777902960777283,39627
17.651156187057495,1.8561406135559082,0.9892881512641907,0.9775930643081665,39387
17.660016775131226,1.856441617012024,0.9892634749412537,0.9773905873298645,39486
17.67081308364868,1.8568718433380127,0.9892604947090149,0.9771422743797302,39452
17.681015968322754,1.85715651512146,0.98929762840271,0.9769688844680786,39386
17.690295934677124,1.8574175834655762,0.9892997145652771,0.9767842292785645,39432
17.700286626815796,1.8577048778533936,0.9893123507499695,0.9765822887420654,39425
17.71062397956848,1.8580158948898315,0.9893896579742432,0.976326584815979,39319
17.720322132110596,1.8582549095153809,0.9894644021987915,0.9760411381721497,39319
17.73038101196289,1.8585647344589233,0.9894249439239502,0.9758427739143372,39501
17.740403652191162,1.8589214086532593,0.9893922805786133,0.9756153225898743,39492
17.750375270843506,1.8592044115066528,0.9893496632575989,0.9754070043563843,39517
17.76122784614563,1.8595249652862549,0.9891689419746399,0.9753681421279907,39730
17.770351886749268,1.8597478866577148,0.989144504070282,0.975185215473175,39495
17.780438899993896,1.8600130081176758,0.9889473915100098,0.9749978184700012,39766
17.790586948394775,1.8602888584136963,0.9888073801994324,0.9748212099075317,39689
17.800473928451538,1.8606348037719727,0.9888380765914917,0.9747015833854675,39410
17.810179233551025,1.86086106300354,0.98872971534729,0.9745463728904724,39642
17.820101499557495,1.8611679077148438,0.9892290830612183,0.974379301071167,38629
17.83015751838684,1.8613805770874023,0.9890831708908081,0.9742622375488281,39697
17.840921640396118,1.8616195917129517,0.9890615344047546,0.9740103483200073,39470
17.85024666786194,1.8618303537368774,0.9890227317810059,0.9738528728485107,39525
17.86007022857666,1.8620696067810059,0.9889856576919556,0.9736724495887756,39506
17.870885848999023,1.8622814416885376,0.9889463186264038,0.9735780954360962,39522
17.88112187385559,1.8625259399414062,0.9889379739761353,0.9734989404678345,39469
17.890376091003418,1.862791657447815,0.9888901114463806,0.9733652472496033,39538
17.900444746017456,1.8630266189575195,0.9888998866081238,0.973232626914978,39436
17.910219192504883,1.8634321689605713,0.9893546104431152,0.9730477333068848,38729
17.921013355255127,1.8637206554412842,0.9894550442695618,0.9729640483856201,39275
17.93124771118164,1.8639558553695679,0.9895012378692627,0.9728924036026001,39358
17.941142320632935,1.864214539527893,0.9896529316902161,0.9726963639259338,36000
17.951146841049194,1.8645538091659546,0.9898896217346191,0.9725289344787598,39184
17.960840702056885,1.864805817604065,0.9898253083229065,0.9724448919296265,39184
17.970490217208862,1.8649722337722778,0.9897781610488892,0.9723139405250549,39184
17.981257438659668,1.8651480674743652,0.989569902420044,0.9723386168479919,44000
17.991350650787354,1.8654223680496216,0.9894798398017883,0.9723294973373413,39591
18.00045156478882,1.865622639656067,0.9892874360084534,0.9721643924713135,39751
18.010944843292236,1.8658157587051392,0.9893027544021606,0.9720942974090576,39431
18.02183437347412,1.8659906387329102,0.9893332719802856,0.9720820784568787,39414
18.031360626220703,1.8662017583847046,0.9893671870231628,0.9719749689102173,39389
18.041030883789062,1.8664240837097168,0.9896712303161621,0.9719165563583374,36000
18.05021357536316,1.8665889501571655,0.9894446134567261,0.971816897392273,44000
18.0599946975708,1.866761565208435,0.9893989562988281,0.9717962741851807,39492
18.07011580467224,1.8670248985290527,0.9896933436393738,0.9717921018600464,36000
18.080173015594482,1.867209553718567,0.9896289706230164,0.971734344959259,39185
18.210217475891113,1.867694616317749,0.9895800948143005,0.9716169238090515,44000
18.215471506118774,1.8678512573242188,0.9894927144050598,0.9715583324432373,39584
18.22163200378418,1.8680561780929565,0.9895830750465393,0.9715245366096497,39304
18.228705406188965,1.8683326244354248,0.9897698163986206,0.9714856147766113,36000
18.234941482543945,1.8684827089309692,0.9898574352264404,0.9714437127113342,39185
18.240941286087036,1.8686370849609375,0.9899109601974487,0.9713652729988098,39185
18.24625825881958,1.8687928915023804,0.9899153709411621,0.9713330268859863,39185
18.251951217651367,1.8689123392105103,0.9899128675460815,0.9713156223297119,39185
18.257524013519287,1.8690587282180786,0.9898576140403748,0.9713003635406494,39185
18.263100385665894,1.86923086643219,0.9898103475570679,0.971291184425354,39185
18.268283367156982,1.8694292306900024,0.9896384477615356,0.9713370203971863,39185
18.274030447006226,1.8695454597473145,0.9896251559257507,0.9713243246078491,39185
18.279839277267456,1.8696889877319336,0.9895635843276978,0.971327006816864,39185
18.285241842269897,1.8698480129241943,0.9895765781402588,0.971309244632721,39185
18.290605545043945,1.8699787855148315,0.9895232915878296,0.9712715148925781,44000
18.295835971832275,1.8701744079589844,0.9894092082977295,0.9712221622467041,39629
18.301565885543823,1.8702501058578491,0.9892011880874634,0.9712125658988953,39786
18.30704951286316,1.8704009056091309,0.9892512559890747,0.9711531400680542,39375
18.312971591949463,1.8705276250839233,0.9892702102661133,0.9711302518844604,39428
18.318403720855713,1.8706331253051758,0.9892857074737549,0.9711267352104187,39434
18.324166774749756,1.8707431554794312,0.9892238974571228,0.9711185693740845,39547
18.329120874404907,1.87083101272583,0.9891398549079895,0.9711138606071472,39600
18.331955432891846,1.8709275722503662,0.9890308976173401,0.9711613059043884,39631
18.340846061706543,1.871047019958496,0.9889622926712036,0.9711951613426208,39575
18.351423025131226,1.871160864830017,0.9889129996299744,0.9712562561035156,39542
18.361359119415283,1.8713454008102417,0.9891268610954285,0.9713140726089478,39119
18.37036681175232,1.8714429140090942,0.9891140460968018,0.9713222980499268,39479
18.381142139434814,1.8715252876281738,0.9891279339790344,0.9713211059570312,39423
18.391451835632324,1.8716336488723755,0.9890782833099365,0.9713464975357056,39545
18.40109372138977,1.8716987371444702,0.9890543818473816,0.97136390209198,39501
18.410569429397583,1.8718327283859253,0.9891292452812195,0.9714229702949524,39332
18.4213707447052,1.87189781665802,0.9891122579574585,0.9714297652244568,39489
18.43037724494934,1.8719542026519775,0.9890775084495544,0.9714429974555969,39508
18.44059443473816,1.8720556497573853,0.9891022443771362,0.9714645147323608,39426
18.450485706329346,1.8722163438796997,0.9891486763954163,0.9715138077735901,39379
18.461401224136353,1.8722772598266602,0.9891160130500793,0.9715542197227478,39522
18.47049117088318,1.8723214864730835,0.9889457821846008,0.9716197848320007,39721
18.48054575920105,1.8723784685134888,0.9888996481895447,0.9716843962669373,39546
18.49119210243225,1.8724651336669922,0.9888882040977478,0.9717012047767639,39492
18.500911712646484,1.872610092163086,0.988946795463562,0.97175133228302,39372
18.510549068450928,1.8726671934127808,0.9890226721763611,0.9717840552330017,39334
18.520516872406006,1.8727537393569946,0.9891254305839539,0.9718227982521057,39297
18.530093908309937,1.872813105583191,0.9890825748443604,0.9718442559242249,39524
18.540613412857056,1.872866153717041,0.9890620112419128,0.9719085097312927,39493
18.550933837890625,1.8729687929153442,0.9891454577445984,0.971985936164856,39327
18.56052565574646,1.8730897903442383,0.9892042279243469,0.9720078706741333,39365
18.57054376602173,1.873217225074768,0.9890936017036438,0.9721379280090332,39631
18.58037304878235,1.8732726573944092,0.9891064167022705,0.9721654653549194,39433
18.590420961380005,1.873326063156128,0.9890359044075012,0.9722012281417847,39590
18.6002938747406,1.8733372688293457,0.9885828495025635,0.972256600856781,40195
18.61049246788025,1.873421549797058,0.9885463118553162,0.9723299145698547,39529
18.62056612968445,1.8735802173614502,0.988705039024353,0.9723721742630005,39235
18.631046533584595,1.8736754655838013,0.9888597130775452,0.9724783897399902,39226
18.64036536216736,1.8737319707870483,0.9888771772384644,0.9724943041801453,39420
18.65020990371704,1.873810052871704,0.9889874458312988,0.9725357890129089,39286
18.659914016723633,1.8738386631011963,0.9889121055603027,0.972615122795105,39586
18.669928073883057,1.8739081621170044,0.9889059066772461,0.9726809859275818,39468
18.679922103881836,1.874004602432251,0.9889748692512512,0.9727476239204407,39362
18.69027328491211,1.8740774393081665,0.989037036895752,0.9728365540504456,39362
18.70132350921631,1.8741545677185059,0.9890866279602051,0.9728495478630066,39378
18.710221767425537,1.8741810321807861,0.989079475402832,0.972898542881012,39468
18.721322536468506,1.8742530345916748,0.9890275001525879,0.9729678630828857,39550
18.73143243789673,1.874304175376892,0.9888861775398254,0.973081111907959,39684
18.740704774856567,1.8743733167648315,0.988827645778656,0.9731875658035278,39568
18.75048279762268,1.8744466304779053,0.9889233708381653,0.9733083248138428,39318
18.76022243499756,1.8745977878570557,0.9893896579742432,0.9734683632850647,38716
18.770519256591797,1.8746747970581055,0.9894406199455261,0.973543643951416,39374
18.780413150787354,1.8747432231903076,0.9894537329673767,0.9735907316207886,39401
18.790440797805786,1.8747855424880981,0.9893946647644043,0.9736613631248474,39551
18.800564289093018,1.8748708963394165,0.9893956780433655,0.973715603351593,39443
18.810431718826294,1.8749316930770874,0.9894315600395203,0.9738194942474365,39401
18.82036328315735,1.8750418424606323,0.9896291494369507,0.9738925695419312,36000
18.83040714263916,1.875123143196106,0.9896796345710754,0.9739289283752441,39191
18.84110164642334,1.8751835823059082,0.9897297620773315,0.9740164875984192,39191
18.850300550460815,1.8752716779708862,0.9895574450492859,0.9740920066833496,39191
18.8601496219635,1.8753480911254883,0.9895374774932861,0.974187970161438,39191
18.870383262634277,1.8754355907440186,0.9893900752067566,0.9742811322212219,44000
18.880149126052856,1.8754675388336182,0.9892135858535767,0.9744433760643005,39735
18.889988899230957,1.8756189346313477,0.9893901944160461,0.9744754433631897,39184
18.90063714981079,1.87571382522583,0.9893721342086792,0.9745385646820068,39491
18.910418033599854,1.8757373094558716,0.9891532063484192,0.9746308922767639,39812
18.920875549316406,1.8758182525634766,0.9891651272773743,0.9746899604797363,39436
18.931246042251587,1.8759286403656006,0.9891493916511536,0.9746696352958679,39495
18.94053030014038,1.8760184049606323,0.9890223741531372,0.9747355580329895,39668
18.951425313949585,1.8761168718338013,0.9888564348220825,0.9748943448066711,39730
18.961174726486206,1.8762187957763672,0.9887439608573914,0.9749951362609863,39657
18.971184492111206,1.8763079643249512,0.9886390566825867,0.975043773651123,39656
18.981188774108887,1.876420021057129,0.9886513352394104,0.9751095175743103,39463
18.99121618270874,1.876494288444519,0.9885337948799133,0.9752187132835388,39667
19.001024961471558,1.8765907287597656,0.9884432554244995,0.9752811789512634,39634
19.0105984210968,1.8767118453979492,0.9882691502571106,0.9753612279891968,39766
19.020447969436646,1.8768025636672974,0.9882186055183411,0.975464403629303,39560
19.030989408493042,1.876988410949707,0.9879977703094482,0.9756379723548889,39851
19.04048228263855,1.8771657943725586,0.9883970618247986,0.9756230115890503,38849
19.050633430480957,1.8772897720336914,0.9883482456207275,0.9757727980613708,39567
19.060410737991333,1.877462387084961,0.9884660243988037,0.9758155345916748,39282
19.070504665374756,1.8775062561035156,0.9883309006690979,0.9758771061897278,39698
19.080516576766968,1.8774809837341309,0.9880560636520386,0.9759061932563782,39933
19.090266942977905,1.8776406049728394,0.9880817532539368,0.9761123061180115,39452
19.100588083267212,1.8777598142623901,0.9880834817886353,0.9761799573898315,39506
19.111149787902832,1.877885341644287,0.9881414771080017,0.9761877059936523,39392
19.12099862098694,1.8779346942901611,0.9880269765853882,0.9762871265411377,39677
19.1310613155365,1.877996563911438,0.9879640340805054,0.9763208031654358,39605
19.140151500701904,1.8781397342681885,0.9878203868865967,0.9763883352279663,39729
19.14992117881775,1.8782365322113037,0.987707257270813,0.9764589667320251,39687
19.160030364990234,1.8783739805221558,0.9876993298530579,0.9765636324882507,39513
19.170666456222534,1.878485083580017,0.987788200378418,0.9766048192977905,39359
19.180134296417236,1.8786133527755737,0.9877783060073853,0.9766440391540527,39514
19.19014000892639,1.8786945343017578,0.9877521395683289,0.9766402840614319,39546
19.200164079666138,1.8787577152252197,0.9876601099967957,0.9766809344291687,39655
19.209846019744873,1.8788331747055054,0.9875672459602356,0.9767561554908752,39662
19.220561981201172,1.8789616823196411,0.9875549077987671,0.9768059849739075,39533
19.230270624160767,1.8790669441223145,0.9875115156173706,0.9768730998039246,39581
19.24023199081421,1.8791604042053223,0.9874419569969177,0.976893961429596,39623
19.250025272369385,1.879231333732605,0.9873077869415283,0.9769487977027893,39742
19.261033535003662,1.879343867301941,0.9873509407043457,0.9769808053970337,39443
19.26999807357788,1.8794333934783936,0.9873092174530029,0.9770215153694153,39594
19.279932737350464,1.8795979022979736,0.9872097969055176,0.9770684838294983,39671
19.290600299835205,1.8796921968460083,0.9873037338256836,0.9771336913108826,39375
19.300297498703003,1.8797500133514404,0.9871597290039062,0.9771584272384644,39749
19.310230493545532,1.8798301219940186,0.987122118473053,0.9771918058395386,39581
19.320380449295044,1.879876732826233,0.9870330691337585,0.977211594581604,39675
19.330437421798706,1.8799818754196167,0.9870136976242065,0.9772207140922546,39561
19.340407609939575,1.8801703453063965,0.9864720106124878,0.9773786664009094,40410
19.35039782524109,1.880272626876831,0.986531138420105,0.9774205684661865,39440
19.360552072525024,1.8803784847259521,0.9865731000900269,0.9774813055992126,39493
19.370402336120605,1.8805252313613892,0.9871271252632141,0.9776182770729065,38636
19.38058614730835,1.8805315494537354,0.9867331981658936,0.9776312708854675,40157
19.39044952392578,1.8805822134017944,0.9863095879554749,0.9776309728622437,40209
19.400744199752808,1.8807016611099243,0.9862653613090515,0.9776479005813599,39625
19.411126375198364,1.8808380365371704,0.9865541458129883,0.9777240753173828,39086
19.421399116516113,1.880934238433838,0.9866648316383362,0.9777747988700867,39352
19.430335760116577,1.881065011024475,0.986663281917572,0.9778015613555908,39536
19.44186806678772,1.8811925649642944,0.986699104309082,0.9778269529342651,39476
19.45067286491394,1.881273627281189,0.9866564869880676,0.9778491854667664,39621
19.46013331413269,1.8813592195510864,0.9866195917129517,0.9778984785079956,39588
19.470510959625244,1.8814646005630493,0.9866443276405334,0.9779226183891296,39497
19.480600357055664,1.8815560340881348,0.9866957664489746,0.9779409170150757,39459
19.490681409835815,1.881603717803955,0.9866812825202942,0.977977991104126,39562
19.500434637069702,1.8816933631896973,0.9866603016853333,0.9780557751655579,39580
19.51120352745056,1.881808876991272,0.9865237474441528,0.9781610369682312,39762
19.52044129371643,1.8819386959075928,0.9864960312843323,0.9781807661056519,39593
19.530543088912964,1.8820428848266602,0.9865444302558899,0.9781870245933533,39463
19.540667295455933,1.8821332454681396,0.9866518378257751,0.9781955480575562,39368
19.550423622131348,1.882219672203064,0.9866744875907898,0.9782329201698303,39497
19.560208320617676,1.882306694984436,0.9866583943367004,0.9782758951187134,39571
19.57049250602722,1.8823964595794678,0.9866016507148743,0.9783459305763245,39629
19.580475330352783,1.882470965385437,0.9866804480552673,0.9783914089202881,39422
19.590407371520996,1.882533311843872,0.9868884682655334,0.978416383266449,39195
19.600258111953735,1.8827052116394043,0.9871323704719543,0.9784195423126221,39137
19.610584259033203,1.8827379941940308,0.987061083316803,0.9784016013145447,39636
19.62057590484619,1.8827970027923584,0.98688805103302,0.9784486889839172,39804
19.63042163848877,1.8829665184020996,0.987213671207428,0.9785750508308411,39013
19.64020323753357,1.8830310106277466,0.9871820211410522,0.9786616563796997,39584
19.650925636291504,1.8830777406692505,0.9871829152107239,0.9787236452102661,39525
19.66002869606018,1.8831554651260376,0.9873850345611572,0.9787673950195312,39188
19.670212507247925,1.8832497596740723,0.9874421954154968,0.9788294434547424,39436
19.679999113082886,1.8833175897598267,0.9874184131622314,0.9788945317268372,39551
19.690359354019165,1.8833858966827393,0.9874042868614197,0.9788999557495117,39549
19.700165510177612,1.883488655090332,0.9874253273010254,0.9789479374885559,39489
19.71036982536316,1.8835530281066895,0.9875509738922119,0.9789963364601135,39322
19.720293283462524,1.8836092948913574,0.987589955329895,0.979050874710083,39456
19.73041319847107,1.8836356401443481,0.98752760887146,0.9791094064712524,39614
19.740022897720337,1.8838468790054321,0.9877371191978455,0.9791503548622131,39174
19.751023292541504,1.8838943243026733,0.9876415133476257,0.9792423248291016,39674
19.760470151901245,1.883960485458374,0.987644612789154,0.9792806506156921,39507
19.771182537078857,1.883872151374817,0.9873019456863403,0.979336142539978,40079
19.780349016189575,1.8840426206588745,0.9875588417053223,0.9794430732727051,39110
19.790578365325928,1.8840566873550415,0.9874559044837952,0.9795119762420654,39710
19.80133080482483,1.8841359615325928,0.9874698519706726,0.9795859456062317,39488
19.81008005142212,1.8841915130615234,0.9874427318572998,0.9796602725982666,39572
19.820806980133057,1.8843226432800293,0.9873017072677612,0.97976154088974,39752
19.831231117248535,1.8843796253204346,0.9873502254486084,0.9797728657722473,39451
19.84026598930359,1.884420394897461,0.9873514771461487,0.9798999428749084,39530
19.85053563117981,1.8844428062438965,0.9872785806655884,0.9799845218658447,39647
19.860175848007202,1.8845081329345703,0.9871447086334229,0.9800602793693542,39747
19.870596170425415,1.8845751285552979,0.9871179461479187,0.9801428914070129,39583
19.880149126052856,1.8845782279968262,0.9870231747627258,0.9802600741386414,39688
19.891413688659668,1.8846526145935059,0.9869179129600525,0.9803252816200256,39706
19.90038013458252,1.884729027748108,0.9868491291999817,0.9804002046585083,39658
19.91002082824707,1.8847346305847168,0.9867713451385498,0.980492115020752,39671
19.920414447784424,1.884782314300537,0.9867785573005676,0.9805799126625061,39541
19.930923461914062,1.8848316669464111,0.9867899417877197,0.980672299861908,39530
19.940577507019043,1.8848708868026733,0.9867687821388245,0.9807193279266357,39572
19.95105791091919,1.8849095106124878,0.9867264032363892,0.9807831645011902,39617
19.96020245552063,1.884903907775879,0.9867113828659058,0.9808793067932129,39567
19.971455812454224,1.8849416971206665,0.9867013096809387,0.9809456467628479,39567
19.981276512145996,1.8849868774414062,0.9866995215415955,0.9809993505477905,39555
19.990458011627197,1.885039210319519,0.9866921305656433,0.9810904264450073,39563
20.000187397003174,1.8850479125976562,0.9866646528244019,0.9811530709266663,39593
