time_s,x,y,z
20250910_153003.121960,2.03129506111145,0.13880062103271484,2.9549739360809326
20250910_153003.122904,2.031294584274292,0.1389075368642807,2.9550068378448486
20250910_153003.123742,2.0313777923583984,0.13838820159435272,2.95516037940979
20250910_153003.125126,2.0314385890960693,0.13839973509311676,2.955183506011963
20250910_153003.126726,2.03133487701416,0.1388016939163208,2.954951524734497
20250910_153003.127603,2.03133487701416,0.13881926238536835,2.9549453258514404
20250910_153003.129776,2.03145694732666,0.13842158019542694,2.955157995223999
20250910_153003.131297,2.031324863433838,0.13879823684692383,2.9549553394317627
20250910_153003.132141,2.031357526779175,0.13884790241718292,2.9549691677093506
20250910_153003.133140,2.0313901901245117,0.13840602338314056,2.9551644325256348
20250910_153003.135850,2.0314528942108154,0.13839037716388702,2.9551849365234375
20250910_153003.139334,2.0313405990600586,0.13894708454608917,2.9550061225891113
20250910_153003.150569,2.031407356262207,0.13887983560562134,2.954954147338867
20250910_153003.159610,2.0314488410949707,0.13847948610782623,2.9551799297332764
20250910_153003.169543,2.0315816402435303,0.1382972002029419,2.955216407775879
20250910_153003.179620,2.0313913822174072,0.1382811963558197,2.955122470855713
20250910_153003.189783,2.031404495239258,0.1381600797176361,2.9551682472229004
20250910_153003.199753,2.031402111053467,0.13847270607948303,2.955186367034912
20250910_153003.210076,2.0314579010009766,0.13849620521068573,2.955172061920166
20250910_153003.220302,2.0313267707824707,0.13887175917625427,2.954939365386963
20250910_153003.230125,2.0314297676086426,0.1384454220533371,2.955143928527832
20250910_153003.239492,2.0314924716949463,0.1385515034198761,2.955162525177002
20250910_153003.249556,2.031486749649048,0.13848719000816345,2.955167770385742
20250910_153003.260241,2.031651496887207,0.1384969800710678,2.9551756381988525
20250910_153003.270017,2.0317604541778564,0.13849703967571259,2.955111026763916
20250910_153003.279826,2.0318753719329834,0.13862895965576172,2.9550769329071045
20250910_153003.290067,2.0319430828094482,0.13868452608585358,2.955064296722412
20250910_153003.299961,2.032050848007202,0.1386995017528534,2.95503830909729
20250910_153003.310138,2.0323281288146973,0.13848453760147095,2.955034017562866
20250910_153003.319604,2.0322728157043457,0.13870151340961456,2.9549472332000732
20250910_153003.329943,2.0325980186462402,0.1386498063802719,2.9550182819366455
20250910_153003.340008,2.0326974391937256,0.13928967714309692,2.954958915710449
20250910_153003.350256,2.0330541133880615,0.13988164067268372,2.9546899795532227
20250910_153003.360146,2.0334978103637695,0.13995210826396942,2.9547364711761475
20250910_153003.369997,2.033776044845581,0.14126822352409363,2.954533815383911
20250910_153003.380168,2.0344276428222656,0.14129452407360077,2.9545559883117676
20250910_153003.390520,2.034836530685425,0.1425279974937439,2.9544172286987305
20250910_153003.400359,2.0354528427124023,0.14363804459571838,2.9542441368103027
20250910_153003.409780,2.0360426902770996,0.1453101485967636,2.9538543224334717
20250910_153003.420587,2.036736488342285,0.1474791318178177,2.953486919403076
20250910_153003.430580,2.037414789199829,0.14842450618743896,2.953425407409668
20250910_153003.440517,2.0380821228027344,0.15089625120162964,2.952932834625244
20250910_153003.449755,2.0388331413269043,0.15301547944545746,2.9523839950561523
20250910_153003.459800,2.0397655963897705,0.1550135761499405,2.9519550800323486
20250910_153003.470962,2.040548324584961,0.15813401341438293,2.95125150680542
20250910_153003.480308,2.0413053035736084,0.16061201691627502,2.950754165649414
20250910_153003.490560,2.0422756671905518,0.16338041424751282,2.950162649154663
20250910_153003.500079,2.04311466217041,0.16668643057346344,2.9493675231933594
20250910_153003.509978,2.0440046787261963,0.17013230919837952,2.948540687561035
20250910_153003.520389,2.0450000762939453,0.1737949252128601,2.947685956954956
20250910_153003.530113,2.046180248260498,0.1773386001586914,2.946784019470215
20250910_153003.540492,2.0474464893341064,0.1810978651046753,2.9459147453308105
20250910_153003.550353,2.0486512184143066,0.1851958930492401,2.9448635578155518
20250910_153003.560079,2.0500450134277344,0.18927517533302307,2.9438698291778564
20250910_153003.570071,2.0512537956237793,0.19307591021060944,2.9425690174102783
20250910_153003.580420,2.0529274940490723,0.19738131761550903,2.941380500793457
20250910_153003.590218,2.0543389320373535,0.20202410221099854,2.940082311630249
20250910_153003.600050,2.055889368057251,0.20682549476623535,2.938774824142456
20250910_153003.609895,2.0574395656585693,0.21178175508975983,2.9371728897094727
20250910_153003.620061,2.0591557025909424,0.21636803448200226,2.935884475708008
20250910_153003.630179,2.0609030723571777,0.22128012776374817,2.934314727783203
20250910_153003.639817,2.062593936920166,0.22624920308589935,2.932749032974243
20250910_153003.650263,2.0642170906066895,0.23159947991371155,2.93088960647583
20250910_153003.660092,2.06604266166687,0.23685075342655182,2.9290707111358643
20250910_153003.671493,2.0680387020111084,0.24199463427066803,2.9273271560668945
20250910_153003.679993,2.0696797370910645,0.24765244126319885,2.925495147705078
20250910_153003.690141,2.0714709758758545,0.25299301743507385,2.9235808849334717
20250910_153003.700149,2.073408365249634,0.258408784866333,2.92142391204834
20250910_153003.710217,2.075302839279175,0.26386600732803345,2.9195802211761475
20250910_153003.720401,2.076998710632324,0.2694530785083771,2.9171674251556396
20250910_153003.730075,2.0790305137634277,0.27526190876960754,2.9150238037109375
20250910_153003.740304,2.0810184478759766,0.28109508752822876,2.912776231765747
20250910_153003.750124,2.0831267833709717,0.286888062953949,2.910353422164917
20250910_153003.760032,2.0852460861206055,0.2928943336009979,2.9080657958984375
20250910_153003.769585,2.0872790813446045,0.29841378331184387,2.9056389331817627
20250910_153003.780111,2.089524269104004,0.3043677806854248,2.903179168701172
20250910_153003.790109,2.091688394546509,0.31057122349739075,2.9006295204162598
20250910_153003.799908,2.0939884185791016,0.316668838262558,2.898175001144409
20250910_153003.809289,2.0962860584259033,0.3229314684867859,2.8956892490386963
20250910_153003.820231,2.098599433898926,0.32910430431365967,2.8929359912872314
20250910_153003.830201,2.1010282039642334,0.33511409163475037,2.8903422355651855
20250910_153003.840080,2.1034488677978516,0.3412625193595886,2.8876090049743652
20250910_153003.850772,2.105816125869751,0.34767067432403564,2.884824514389038
20250910_153003.859998,2.108339309692383,0.3542560935020447,2.8819634914398193
20250910_153003.870146,2.1108438968658447,0.3607226312160492,2.8791050910949707
20250910_153003.879762,2.113311290740967,0.3670967221260071,2.876189947128296
20250910_153003.890279,2.115636110305786,0.37384670972824097,2.8730268478393555
20250910_153003.900178,2.1182405948638916,0.3802383840084076,2.870161294937134
20250910_153003.910055,2.120811939239502,0.38675740361213684,2.867187023162842
20250910_153003.919938,2.12335467338562,0.3934314250946045,2.8639464378356934
20250910_153003.930173,2.1259841918945312,0.4001675546169281,2.860867977142334
20250910_153003.940124,2.128662109375,0.4067198634147644,2.857727527618408
20250910_153003.950052,2.1310935020446777,0.41349363327026367,2.8545312881469727
20250910_153003.960123,2.133758306503296,0.4200470447540283,2.851557731628418
20250910_153003.969975,2.136305093765259,0.42706161737442017,2.8483033180236816
20250910_153003.980350,2.1390082836151123,0.43379950523376465,2.8450305461883545
20250910_153003.990203,2.141721248626709,0.4403773248195648,2.84189772605896
20250910_153004.000112,2.1441636085510254,0.4476557970046997,2.838507890701294
20250910_153004.009965,2.1467337608337402,0.45438820123672485,2.835191488265991
20250910_153004.020106,2.1493148803710938,0.46134671568870544,2.831953763961792
20250910_153004.030084,2.151901960372925,0.4683735966682434,2.828770637512207
20250910_153004.040570,2.1545495986938477,0.4753035008907318,2.825472116470337
20250910_153004.050145,2.1571028232574463,0.48227936029434204,2.822307825088501
20250910_153004.060110,2.1597211360931396,0.48926842212677,2.819185256958008
20250910_153004.070126,2.16214919090271,0.4965900480747223,2.815840721130371
20250910_153004.080182,2.1645679473876953,0.5036224126815796,2.81270170211792
20250910_153004.090100,2.1672325134277344,0.5104585886001587,2.8095052242279053
20250910_153004.099966,2.169682025909424,0.5174835920333862,2.806347370147705
20250910_153004.110027,2.1720924377441406,0.5244385004043579,2.803300619125366
20250910_153004.120045,2.1743979454040527,0.5317502021789551,2.8001370429992676
20250910_153004.130194,2.1768696308135986,0.538808286190033,2.797072410583496
20250910_153004.140058,2.179272413253784,0.5454778075218201,2.794053077697754
20250910_153004.150052,2.1816539764404297,0.5522235035896301,2.7910330295562744
20250910_153004.159952,2.1835997104644775,0.559645414352417,2.788102149963379
20250910_153004.170108,2.185847282409668,0.566408634185791,2.7851948738098145
20250910_153004.180179,2.188095808029175,0.5730659365653992,2.782285451889038
20250910_153004.189881,2.190349578857422,0.5798362493515015,2.7795305252075195
20250910_153004.199868,2.1922073364257812,0.5868436694145203,2.7767279148101807
20250910_153004.210029,2.19425106048584,0.5934326648712158,2.7739641666412354
20250910_153004.219959,2.196220636367798,0.5999218225479126,2.771305799484253
20250910_153004.229957,2.1981730461120605,0.6066060662269592,2.768747329711914
20250910_153004.240118,2.1998941898345947,0.6132011413574219,2.766047477722168
20250910_153004.250093,2.2018496990203857,0.6195366978645325,2.763474464416504
20250910_153004.260260,2.2035627365112305,0.6260294318199158,2.76098895072937
20250910_153004.270022,2.2052745819091797,0.6324800848960876,2.758528470993042
20250910_153004.280102,2.2068803310394287,0.6386566758155823,2.7561511993408203
20250910_153004.290147,2.2085843086242676,0.6446085572242737,2.7539148330688477
20250910_153004.299867,2.2100670337677,0.650816798210144,2.7516517639160156
20250910_153004.310084,2.21163272857666,0.6571894884109497,2.749283790588379
20250910_153004.320231,2.213120698928833,0.6630080342292786,2.747117042541504
20250910_153004.330061,2.214409589767456,0.6691002249717712,2.7450530529022217
20250910_153004.340063,2.215886354446411,0.6747559309005737,2.7430226802825928
20250910_153004.350388,2.217174530029297,0.6802678108215332,2.7410809993743896
20250910_153004.360240,2.218388080596924,0.6861274838447571,2.7390799522399902
20250910_153004.370134,2.219449281692505,0.6916460394859314,2.737156867980957
20250910_153004.380064,2.2206456661224365,0.6970105767250061,2.735379457473755
20250910_153004.390214,2.2216432094573975,0.7025050520896912,2.7335665225982666
20250910_153004.400044,2.222597360610962,0.7078853249549866,2.731841802597046
20250910_153004.410038,2.2236461639404297,0.7126817107200623,2.730283260345459
20250910_153004.419996,2.224353551864624,0.7180553078651428,2.7286484241485596
20250910_153004.430410,2.22531795501709,0.7227240204811096,2.7271132469177246
20250910_153004.440174,2.2259984016418457,0.7279051542282104,2.7255489826202393
20250910_153004.450504,2.2268481254577637,0.7324804067611694,2.724093198776245
20250910_153004.460172,2.2276113033294678,0.7369993925094604,2.7224924564361572
20250910_153004.470622,2.2280917167663574,0.7418748140335083,2.7213306427001953
20250910_153004.480058,2.2285754680633545,0.7462677955627441,2.7202131748199463
20250910_153004.489933,2.2290563583374023,0.7507092356681824,2.718864917755127
20250910_153004.500028,2.229738712310791,0.7550912499427795,2.7173242568969727
20250910_153004.509359,2.2301650047302246,0.7592647671699524,2.7162914276123047
20250910_153004.519895,2.2304465770721436,0.7634317278862,2.7152109146118164
20250910_153004.530261,2.2305428981781006,0.7676993012428284,2.714301824569702
20250910_153004.540379,2.2311198711395264,0.7712639570236206,2.7132482528686523
20250910_153004.549452,2.2311923503875732,0.7749680876731873,2.7123351097106934
20250910_153004.560044,2.231196403503418,0.7787708044052124,2.7115683555603027
20250910_153004.569845,2.2312815189361572,0.782358705997467,2.7106785774230957
20250910_153004.580008,2.231639862060547,0.7852936387062073,2.7097907066345215
20250910_153004.589227,2.231658697128296,0.7887992262840271,2.7091071605682373
20250910_153004.599543,2.231400728225708,0.7921007871627808,2.708298921585083
20250910_153004.610188,2.2312705516815186,0.7955908179283142,2.7078030109405518
20250910_153004.620421,2.231395959854126,0.7982216477394104,2.7068512439727783
20250910_153004.629635,2.2308924198150635,0.8013161420822144,2.7064690589904785
20250910_153004.639417,2.2311031818389893,0.8035526871681213,2.705872058868408
20250910_153004.649923,2.230762243270874,0.8064674735069275,2.705350637435913
20250910_153004.660325,2.230135917663574,0.8094837069511414,2.70503830909729
20250910_153004.669528,2.229793071746826,0.8120309710502625,2.704697370529175
20250910_153004.679926,2.2294235229492188,0.8143401741981506,2.704312562942505
20250910_153004.690003,2.2290377616882324,0.8164344429969788,2.7040722370147705
20250910_153004.700043,2.228609323501587,0.8187597393989563,2.703784227371216
20250910_153004.710114,2.2280516624450684,0.8208510279655457,2.7036898136138916
20250910_153004.720431,2.227663040161133,0.8228453397750854,2.703521728515625
20250910_153004.730139,2.2271358966827393,0.8248931169509888,2.703303337097168
20250910_153004.740061,2.2264819145202637,0.8267889022827148,2.70324969291687
20250910_153004.750098,2.225884437561035,0.8283137083053589,2.7032527923583984
20250910_153004.760246,2.225412130355835,0.829426646232605,2.7031641006469727
20250910_153004.770300,2.224635601043701,0.8312181234359741,2.7030487060546875
20250910_153004.780343,2.2239420413970947,0.8328516483306885,2.703082799911499
20250910_153004.789637,2.223353624343872,0.8343477845191956,2.703279495239258
20250910_153004.800209,2.2226243019104004,0.835503101348877,2.703447103500366
20250910_153004.810046,2.2215943336486816,0.8368897438049316,2.7034828662872314
20250910_153004.820301,2.2207934856414795,0.8375457525253296,2.7036421298980713
20250910_153004.830092,2.220310688018799,0.8380680680274963,2.7038516998291016
20250910_153004.840296,2.219202756881714,0.8395127058029175,2.7040624618530273
20250910_153004.850174,2.218273162841797,0.8406057953834534,2.704376697540283
20250910_153004.860043,2.21732497215271,0.8414044976234436,2.7046940326690674
20250910_153004.870380,2.216403007507324,0.8419647216796875,2.705005407333374
20250910_153004.880340,2.2153167724609375,0.8425175547599792,2.7053897380828857
20250910_153004.889628,2.214355230331421,0.842823326587677,2.705688953399658
20250910_153004.899967,2.213611602783203,0.8427362442016602,2.7061665058135986
20250910_153004.909928,2.21227765083313,0.8437821865081787,2.7066473960876465
20250910_153004.920030,2.2109692096710205,0.8445867300033569,2.706986427307129
20250910_153004.929897,2.2098312377929688,0.8447480201721191,2.707489490509033
20250910_153004.939662,2.2087879180908203,0.8443601727485657,2.708204746246338
20250910_153004.950125,2.2075347900390625,0.8447883129119873,2.708632230758667
20250910_153004.960143,2.206390380859375,0.8444188833236694,2.70918345451355
20250910_153004.969968,2.2051870822906494,0.8443337082862854,2.7097690105438232
20250910_153004.979976,2.2039272785186768,0.8447442650794983,2.710357189178467
20250910_153004.990048,2.202446937561035,0.8449425101280212,2.7110495567321777
20250910_153005.000007,2.2012369632720947,0.8447012901306152,2.7116706371307373
20250910_153005.010010,2.2000250816345215,0.8443883657455444,2.712388753890991
20250910_153005.020037,2.198667287826538,0.8440101742744446,2.713061571121216
20250910_153005.030132,2.197178363800049,0.8437663316726685,2.7137277126312256
20250910_153005.039816,2.195791244506836,0.8434648513793945,2.714369058609009
20250910_153005.049940,2.1945269107818604,0.8431476950645447,2.7150633335113525
20250910_153005.060176,2.193171501159668,0.8428062200546265,2.7157695293426514
20250910_153005.070096,2.191715955734253,0.8420923352241516,2.716503858566284
20250910_153005.080149,2.1902828216552734,0.8414062857627869,2.717472791671753
20250910_153005.089942,2.1889355182647705,0.8407534956932068,2.7182812690734863
20250910_153005.100045,2.1875662803649902,0.8403028845787048,2.719127655029297
20250910_153005.110029,2.1860861778259277,0.8396903872489929,2.7199618816375732
20250910_153005.120492,2.1843972206115723,0.8394009470939636,2.720724105834961
20250910_153005.130119,2.1826815605163574,0.8389264345169067,2.721539258956909
20250910_153005.140039,2.1817574501037598,0.8374612927436829,2.7224974632263184
20250910_153005.149925,2.1802456378936768,0.8364870548248291,2.7234020233154297
20250910_153005.160281,2.178544759750366,0.8358777761459351,2.72432541847229
20250910_153005.170171,2.177083969116211,0.8351161479949951,2.72517466545105
20250910_153005.180237,2.175562620162964,0.8344387412071228,2.726088285446167
20250910_153005.190014,2.174036741256714,0.8335889577865601,2.7270655632019043
20250910_153005.200220,2.172628402709961,0.8324008584022522,2.728091239929199
20250910_153005.210111,2.170910358428955,0.8315109014511108,2.7291266918182373
20250910_153005.220359,2.1693999767303467,0.8304913640022278,2.730133295059204
20250910_153005.230087,2.167834520339966,0.8295550346374512,2.7311601638793945
20250910_153005.240261,2.166361093521118,0.8283650875091553,2.7322309017181396
20250910_153005.250264,2.164842128753662,0.8274357318878174,2.7332394123077393
20250910_153005.259908,2.163217067718506,0.8265515565872192,2.7342281341552734
20250910_153005.270121,2.1615920066833496,0.8254873752593994,2.7352499961853027
20250910_153005.279978,2.159608840942383,0.8246763348579407,2.736255168914795
20250910_153005.290321,2.158545732498169,0.8230419158935547,2.737370491027832
20250910_153005.300274,2.1568355560302734,0.8222576975822449,2.7384395599365234
20250910_153005.310269,2.155094623565674,0.8212384581565857,2.739487409591675
20250910_153005.320356,2.1535563468933105,0.8202776312828064,2.740460157394409
20250910_153005.330173,2.1521191596984863,0.8188710808753967,2.741680383682251
20250910_153005.339965,2.150493860244751,0.817587673664093,2.742779493331909
20250910_153005.350125,2.148610830307007,0.816649854183197,2.743788480758667
20250910_153005.359976,2.1469881534576416,0.815735936164856,2.7448647022247314
20250910_153005.370053,2.1454813480377197,0.8145418763160706,2.745931625366211
20250910_153005.379876,2.1439740657806396,0.8131962418556213,2.747103691101074
20250910_153005.390279,2.142361640930176,0.8120148777961731,2.7482194900512695
20250910_153005.399715,2.1406145095825195,0.8110439777374268,2.749272346496582
20250910_153005.409324,2.138903856277466,0.8094100952148438,2.7505812644958496
20250910_153005.420168,2.1373825073242188,0.8083351254463196,2.7517552375793457
20250910_153005.429667,2.1359407901763916,0.8070762753486633,2.7527358531951904
20250910_153005.447253,2.1342170238494873,0.8058311343193054,2.754157543182373
20250910_153005.451084,2.1325454711914062,0.8048861026763916,2.7553203105926514
20250910_153005.460670,2.130859136581421,0.8037262558937073,2.756497859954834
20250910_153005.471087,2.1292564868927,0.8027101159095764,2.7576491832733154
20250910_153005.480838,2.1275081634521484,0.8015646934509277,2.7588491439819336
20250910_153005.489727,2.125969648361206,0.8002529740333557,2.7600269317626953
20250910_153005.499547,2.1243224143981934,0.7991371750831604,2.7612411975860596
20250910_153005.510140,2.1225883960723877,0.7981709837913513,2.7623820304870605
20250910_153005.520302,2.1208674907684326,0.7971223592758179,2.7635021209716797
20250910_153005.529998,2.119450569152832,0.7958488464355469,2.7647626399993896
20250910_153005.539677,2.1177773475646973,0.794459342956543,2.7660622596740723
20250910_153005.549966,2.1160390377044678,0.793623149394989,2.7672173976898193
20250910_153005.560076,2.1141715049743652,0.7928048968315125,2.768484115600586
20250910_153005.569832,2.112781286239624,0.79160076379776,2.7698090076446533
20250910_153005.580105,2.1112000942230225,0.7906047701835632,2.7710838317871094
20250910_153005.590301,2.109462022781372,0.7897354364395142,2.772310495376587
20250910_153005.600198,2.107893943786621,0.7887270450592041,2.773557186126709
20250910_153005.609853,2.1063568592071533,0.7876635193824768,2.7749431133270264
20250910_153005.619509,2.1046876907348633,0.7865720391273499,2.77624249458313
20250910_153005.629415,2.103053331375122,0.7856680750846863,2.7774569988250732
20250910_153005.640028,2.1014389991760254,0.7849147319793701,2.778764009475708
20250910_153005.650018,2.099663019180298,0.7842063307762146,2.7800965309143066
20250910_153005.660338,2.098158836364746,0.7831664681434631,2.781442165374756
20250910_153005.670002,2.096508741378784,0.7823458313941956,2.7827653884887695
20250910_153005.680060,2.094850540161133,0.7815178632736206,2.784083604812622
20250910_153005.689897,2.0932464599609375,0.7806258201599121,2.7853915691375732
20250910_153005.699760,2.0914714336395264,0.7799943089485168,2.7867519855499268
20250910_153005.710032,2.090045213699341,0.7791602611541748,2.788156032562256
20250910_153005.720227,2.088423728942871,0.7784159779548645,2.7894742488861084
20250910_153005.730280,2.0867483615875244,0.7777696251869202,2.790841579437256
20250910_153005.740133,2.0850048065185547,0.7772468328475952,2.7922425270080566
20250910_153005.750027,2.0835843086242676,0.7761403918266296,2.793604850769043
20250910_153005.760274,2.081990957260132,0.7755835056304932,2.795010805130005
20250910_153005.769776,2.0804061889648438,0.7750507593154907,2.796430826187134
20250910_153005.780081,2.0786349773406982,0.7746722102165222,2.797842025756836
20250910_153005.790074,2.077158212661743,0.7739805579185486,2.7991690635681152
20250910_153005.800111,2.0757086277008057,0.7732146382331848,2.8006272315979004
20250910_153005.810081,2.074129581451416,0.7726712822914124,2.80202579498291
20250910_153005.820070,2.0725114345550537,0.7719575762748718,2.803330421447754
20250910_153005.829898,2.0709121227264404,0.7715754508972168,2.804755449295044
20250910_153005.839941,2.0694143772125244,0.7710708379745483,2.806088447570801
20250910_153005.850078,2.0677359104156494,0.7707405090332031,2.8076040744781494
20250910_153005.859912,2.0663087368011475,0.7699928879737854,2.809056282043457
20250910_153005.869885,2.064754009246826,0.7695561647415161,2.81050443649292
20250910_153005.880110,2.0632569789886475,0.769156277179718,2.811933755874634
20250910_153005.889862,2.0616490840911865,0.7687345147132874,2.8133578300476074
20250910_153005.900025,2.0602166652679443,0.7681303024291992,2.814811944961548
20250910_153005.909650,2.058688163757324,0.7678110003471375,2.8162808418273926
20250910_153005.919715,2.0572245121002197,0.7672881484031677,2.817763566970825
20250910_153005.930079,2.0557363033294678,0.7669655680656433,2.8191885948181152
20250910_153005.939971,2.0541937351226807,0.7664815187454224,2.8205244541168213
20250910_153005.950191,2.052659034729004,0.7661929726600647,2.82196044921875
20250910_153005.960042,2.051297187805176,0.7656991481781006,2.823490619659424
20250910_153005.969814,2.0497875213623047,0.7653581500053406,2.8249948024749756
20250910_153005.980022,2.048302173614502,0.765009343624115,2.8264408111572266
20250910_153005.990095,2.04671311378479,0.7648559212684631,2.8278393745422363
20250910_153006.000069,2.0452535152435303,0.7645820379257202,2.8293278217315674
20250910_153006.010007,2.0438036918640137,0.764275848865509,2.830807685852051
20250910_153006.019631,2.042559862136841,0.7637563347816467,2.832322835922241
20250910_153006.029560,2.0410332679748535,0.7635427713394165,2.8337550163269043
20250910_153006.039672,2.039519786834717,0.7632766366004944,2.8352415561676025
20250910_153006.050113,2.038212776184082,0.7630776762962341,2.8367269039154053
20250910_153006.060003,2.0368146896362305,0.7629170417785645,2.838226795196533
20250910_153006.069929,2.0354580879211426,0.7626284956932068,2.839688777923584
20250910_153006.079945,2.0339066982269287,0.7625296711921692,2.841207504272461
20250910_153006.089839,2.0326406955718994,0.7622318267822266,2.8427987098693848
20250910_153006.100417,2.0313210487365723,0.7620226740837097,2.844329357147217
20250910_153006.110199,2.030097723007202,0.7618686556816101,2.8458664417266846
20250910_153006.119517,2.028620481491089,0.7619131207466125,2.8473711013793945
20250910_153006.130064,2.027233839035034,0.7616505026817322,2.8489229679107666
20250910_153006.140049,2.0259974002838135,0.7614052891731262,2.850433826446533
20250910_153006.149460,2.0247581005096436,0.7612664699554443,2.852022171020508
20250910_153006.160056,2.023391008377075,0.7612723112106323,2.853551149368286
20250910_153006.170056,2.0220794677734375,0.7611922025680542,2.8551268577575684
20250910_153006.180040,2.0208356380462646,0.7610370516777039,2.85664963722229
20250910_153006.189898,2.019465684890747,0.7610883712768555,2.858175277709961
20250910_153006.199476,2.018299102783203,0.7609253525733948,2.859715461730957
20250910_153006.210280,2.0170392990112305,0.7608050107955933,2.861382246017456
20250910_153006.220118,2.015806198120117,0.7607095837593079,2.8629934787750244
20250910_153006.230160,2.0146398544311523,0.760615348815918,2.8646087646484375
20250910_153006.240188,2.013545513153076,0.7605080604553223,2.8661141395568848
20250910_153006.250187,2.012140989303589,0.7607590556144714,2.8677377700805664
20250910_153006.260227,2.0109593868255615,0.7607950568199158,2.8693583011627197
20250910_153006.270230,2.009835720062256,0.7606374621391296,2.8710241317749023
20250910_153006.280371,2.0087406635284424,0.7605111598968506,2.8727290630340576
20250910_153006.290131,2.007625102996826,0.7605576515197754,2.8743293285369873
20250910_153006.300076,2.006347417831421,0.7607405781745911,2.8759877681732178
20250910_153006.310194,2.005284547805786,0.7606780529022217,2.8775928020477295
20250910_153006.319975,2.0040996074676514,0.7606698870658875,2.8791861534118652
20250910_153006.329936,2.003002405166626,0.7606382369995117,2.8808107376098633
20250910_153006.339951,2.0017201900482178,0.7608949542045593,2.882521390914917
20250910_153006.349936,2.0007290840148926,0.760920524597168,2.8842289447784424
20250910_153006.359994,1.9996644258499146,0.7609944343566895,2.885849714279175
20250910_153006.369959,1.9985567331314087,0.7610757946968079,2.887584924697876
20250910_153006.379890,1.9974521398544312,0.7611448168754578,2.889355182647705
20250910_153006.390065,1.996222972869873,0.7614243626594543,2.89103364944458
20250910_153006.400248,1.99519681930542,0.7614636421203613,2.8927195072174072
20250910_153006.409925,1.994126319885254,0.7616837024688721,2.894425630569458
20250910_153006.419608,1.9932262897491455,0.7616695165634155,2.896226167678833
20250910_153006.429488,1.9921379089355469,0.7617774605751038,2.898038148880005
20250910_153006.439658,1.991029143333435,0.76195228099823,2.899761199951172
20250910_153006.449737,1.989935040473938,0.7621862292289734,2.9015684127807617
20250910_153006.459869,1.9888315200805664,0.7624830007553101,2.903341770172119
20250910_153006.469714,1.9878960847854614,0.7625643610954285,2.905081272125244
20250910_153006.479779,1.9867842197418213,0.7627565860748291,2.906897783279419
20250910_153006.489792,1.9858319759368896,0.7629035115242004,2.9088025093078613
20250910_153006.499751,1.9848041534423828,0.7631704807281494,2.9106409549713135
20250910_153006.510139,1.9838294982910156,0.7633302211761475,2.9124419689178467
20250910_153006.520251,1.9829864501953125,0.7634469270706177,2.9142258167266846
20250910_153006.530008,1.9817664623260498,0.763913631439209,2.9161524772644043
20250910_153006.539626,1.9807053804397583,0.7641862034797668,2.918006420135498
20250910_153006.550137,1.9796925783157349,0.7643114328384399,2.919891357421875
20250910_153006.559828,1.978835940361023,0.7644982933998108,2.921816825866699
20250910_153006.570135,1.977826476097107,0.7649148106575012,2.9237115383148193
20250910_153006.579999,1.9767569303512573,0.7652074098587036,2.9255571365356445
20250910_153006.590094,1.9758329391479492,0.76549232006073,2.9273698329925537
20250910_153006.600254,1.9748570919036865,0.7658307552337646,2.9293365478515625
20250910_153006.610140,1.9737943410873413,0.7660903334617615,2.931264877319336
20250910_153006.620065,1.9729002714157104,0.7662804126739502,2.9332387447357178
20250910_153006.630543,1.9719154834747314,0.7666758894920349,2.9351415634155273
20250910_153006.640118,1.9709529876708984,0.7671145796775818,2.937091112136841
20250910_153006.650411,1.9700967073440552,0.7673934698104858,2.9390065670013428
20250910_153006.660152,1.969122290611267,0.7676628232002258,2.9409685134887695
20250910_153006.670286,1.9679713249206543,0.7682176232337952,2.9429807662963867
20250910_153006.679858,1.9670010805130005,0.7684962153434753,2.9449126720428467
20250910_153006.690267,1.9660874605178833,0.7687896490097046,2.9468204975128174
20250910_153006.699932,1.9653041362762451,0.769067108631134,2.948824882507324
20250910_153006.710240,1.9644166231155396,0.7694965600967407,2.950803518295288
20250910_153006.719916,1.963442325592041,0.769866943359375,2.952744483947754
20250910_153006.729854,1.9624807834625244,0.7700671553611755,2.954684019088745
20250910_153006.739615,1.961530089378357,0.7704946398735046,2.956721544265747
20250910_153006.750094,1.9606354236602783,0.7706966996192932,2.9587745666503906
20250910_153006.760007,1.959839940071106,0.7710182070732117,2.9606902599334717
20250910_153006.770041,1.9589539766311646,0.7713788747787476,2.96279239654541
20250910_153006.780039,1.9579604864120483,0.7718218564987183,2.9648361206054688
20250910_153006.789911,1.9571813344955444,0.7720000147819519,2.9668123722076416
20250910_153006.800350,1.956329107284546,0.7722414135932922,2.968921422958374
20250910_153006.809913,1.9554839134216309,0.7725300788879395,2.970937728881836
20250910_153006.819796,1.954605221748352,0.7727225422859192,2.973095417022705
20250910_153006.829931,1.9538743495941162,0.772996187210083,2.9750399589538574
20250910_153006.839761,1.952964425086975,0.7734218239784241,2.977036237716675
20250910_153006.849814,1.9521600008010864,0.7736924886703491,2.97908353805542
20250910_153006.860125,1.9513866901397705,0.7739059925079346,2.9810538291931152
20250910_153006.870173,1.9505865573883057,0.7742329239845276,2.983166456222534
20250910_153006.880554,1.9496644735336304,0.774677038192749,2.9851419925689697
20250910_153006.890019,1.9490180015563965,0.7745956182479858,2.987415075302124
20250910_153006.899782,1.9483888149261475,0.7747690677642822,2.989417552947998
20250910_153006.909790,1.9474530220031738,0.7751027941703796,2.9914839267730713
20250910_153006.919976,1.9467381238937378,0.7753278017044067,2.9935643672943115
20250910_153006.930034,1.9460101127624512,0.7754483819007874,2.995535135269165
20250910_153006.939405,1.9452869892120361,0.7756113409996033,2.9976389408111572
20250910_153006.949378,1.9445230960845947,0.7759386301040649,2.999696969985962
20250910_153006.959958,1.9438437223434448,0.7761217951774597,3.001781702041626
20250910_153006.969995,1.9431726932525635,0.7762644290924072,3.003760576248169
20250910_153006.980140,1.9424347877502441,0.7765432596206665,3.0058419704437256
20250910_153006.990038,1.9419161081314087,0.7765489816665649,3.0079452991485596
20250910_153007.000130,1.9412174224853516,0.7766943573951721,3.009993314743042
20250910_153007.010241,1.9406824111938477,0.7767101526260376,3.011993646621704
20250910_153007.020150,1.9399597644805908,0.7770010828971863,3.014036178588867
20250910_153007.030001,1.9391149282455444,0.7774292826652527,3.0160698890686035
20250910_153007.040121,1.938637614250183,0.7774121165275574,3.0181033611297607
20250910_153007.050031,1.9379960298538208,0.7775363326072693,3.0201303958892822
20250910_153007.060103,1.9373383522033691,0.7775903344154358,3.0222136974334717
20250910_153007.069873,1.9366270303726196,0.7777896523475647,3.024308681488037
20250910_153007.080218,1.9359946250915527,0.7779178023338318,3.0263566970825195
20250910_153007.090467,1.9352846145629883,0.7782361507415771,3.028409481048584
20250910_153007.100488,1.9347612857818604,0.7784417867660522,3.030548572540283
20250910_153007.110156,1.9341715574264526,0.7787162065505981,3.0323948860168457
20250910_153007.120153,1.9336707592010498,0.7786654829978943,3.0345473289489746
20250910_153007.130503,1.9330867528915405,0.7786030769348145,3.0366737842559814
20250910_153007.139515,1.9325432777404785,0.7786911725997925,3.0387301445007324
20250910_153007.149727,1.9321560859680176,0.7787237167358398,3.040827751159668
20250910_153007.159357,1.931661605834961,0.778708279132843,3.042919874191284
20250910_153007.170160,1.9311965703964233,0.778828501701355,3.045025110244751
20250910_153007.180040,1.9306410551071167,0.7789164185523987,3.0470545291900635
20250910_153007.189968,1.9300979375839233,0.7790250778198242,3.0489909648895264
20250910_153007.199881,1.9296685457229614,0.7788178324699402,3.0511837005615234
20250910_153007.210238,1.9291198253631592,0.778887152671814,3.0532338619232178
20250910_153007.220042,1.928696632385254,0.7789366245269775,3.055327892303467
20250910_153007.230064,1.9282852411270142,0.7789870500564575,3.0573298931121826
20250910_153007.239436,1.9279643297195435,0.7789693474769592,3.059290885925293
20250910_153007.249813,1.9275391101837158,0.7789757251739502,3.061338186264038
20250910_153007.260187,1.9271137714385986,0.7788774967193604,3.0635569095611572
20250910_153007.270087,1.926606297492981,0.7790322303771973,3.065539836883545
20250910_153007.280245,1.9264289140701294,0.7786871790885925,3.0677285194396973
20250910_153007.289350,1.9260543584823608,0.7787636518478394,3.0696351528167725
20250910_153007.300149,1.9256610870361328,0.7786908149719238,3.071699380874634
20250910_153007.310112,1.9252901077270508,0.7787083387374878,3.073765277862549
20250910_153007.320189,1.9250543117523193,0.7785133719444275,3.075817108154297
20250910_153007.329233,1.9246727228164673,0.7784531712532043,3.07790207862854
20250910_153007.340140,1.9243807792663574,0.7783269286155701,3.080097198486328
20250910_153007.350227,1.9240281581878662,0.7785297632217407,3.0820393562316895
20250910_153007.360132,1.9238134622573853,0.7784079909324646,3.084185838699341
20250910_153007.369934,1.923484206199646,0.7784364223480225,3.086148738861084
20250910_153007.380163,1.9231730699539185,0.7783774733543396,3.0882620811462402
20250910_153007.390043,1.9227936267852783,0.7783600091934204,3.0904006958007812
20250910_153007.400265,1.922602653503418,0.7781617641448975,3.0924925804138184
20250910_153007.409621,1.922373652458191,0.7781593203544617,3.0944910049438477
20250910_153007.420152,1.9221174716949463,0.7781561017036438,3.0966529846191406
20250910_153007.430292,1.9218446016311646,0.7781772017478943,3.098660469055176
20250910_153007.439891,1.9216309785842896,0.7781442403793335,3.10077166557312
20250910_153007.450246,1.921399474143982,0.7780850529670715,3.1029136180877686
20250910_153007.460076,1.9212660789489746,0.7779680490493774,3.104961395263672
20250910_153007.470271,1.9211755990982056,0.7777087688446045,3.107102394104004
20250910_153007.480106,1.9209827184677124,0.7776856422424316,3.1091508865356445
20250910_153007.489677,1.9207115173339844,0.7778306007385254,3.111257553100586
20250910_153007.499830,1.9205708503723145,0.777800977230072,3.1132867336273193
20250910_153007.509886,1.9206054210662842,0.7774991989135742,3.1152923107147217
20250910_153007.519899,1.9203951358795166,0.7776384353637695,3.1174073219299316
20250910_153007.529970,1.9203146696090698,0.7774369716644287,3.1194868087768555
20250910_153007.539662,1.920146107673645,0.7774047255516052,3.1215853691101074
20250910_153007.550106,1.9199988842010498,0.777367889881134,3.123626232147217
20250910_153007.560211,1.9198983907699585,0.7773144841194153,3.1256680488586426
20250910_153007.570321,1.919914722442627,0.7771266102790833,3.127845525741577
20250910_153007.579221,1.9197405576705933,0.777203381061554,3.129885673522949
20250910_153007.589906,1.9196586608886719,0.7771605253219604,3.13192081451416
20250910_153007.600053,1.9195502996444702,0.7770639657974243,3.134023904800415
20250910_153007.610007,1.9195504188537598,0.7768893241882324,3.1361682415008545
20250910_153007.619952,1.9194706678390503,0.7770047783851624,3.1382102966308594
20250910_153007.630574,1.9193753004074097,0.7769942283630371,3.1402599811553955
20250910_153007.639969,1.9193294048309326,0.7769674062728882,3.1422929763793945
20250910_153007.650089,1.9193905591964722,0.7768203020095825,3.1444027423858643
20250910_153007.659743,1.9192719459533691,0.7769303917884827,3.1464762687683105
20250910_153007.670212,1.9191886186599731,0.776893675327301,3.1484994888305664
20250910_153007.680059,1.9189656972885132,0.7771012187004089,3.1505959033966064
20250910_153007.690203,1.9191632270812988,0.7769287824630737,3.1526033878326416
20250910_153007.700321,1.9191479682922363,0.7769603133201599,3.1546456813812256
20250910_153007.710042,1.9190236330032349,0.7770826816558838,3.156712532043457
20250910_153007.720098,1.9189813137054443,0.7770411372184753,3.158722400665283
20250910_153007.730055,1.9190021753311157,0.7770487070083618,3.160876512527466
20250910_153007.740037,1.9190729856491089,0.7770159840583801,3.162846326828003
20250910_153007.750653,1.9191416501998901,0.7770267724990845,3.1649179458618164
20250910_153007.759533,1.9193098545074463,0.776923656463623,3.167081117630005
20250910_153007.770116,1.9191256761550903,0.7772087454795837,3.169027805328369
20250910_153007.780011,1.9193389415740967,0.7769918441772461,3.1711649894714355
20250910_153007.790265,1.919472575187683,0.7769697904586792,3.1731081008911133
20250910_153007.800185,1.919498324394226,0.7770867943763733,3.175114154815674
20250910_153007.810055,1.9196056127548218,0.7770755290985107,3.1771981716156006
20250910_153007.820340,1.9197487831115723,0.776990532875061,3.1792349815368652
20250910_153007.830054,1.9198085069656372,0.7770847082138062,3.1812613010406494
20250910_153007.840066,1.9198623895645142,0.7772018313407898,3.1831252574920654
20250910_153007.850274,1.9199199676513672,0.7772675156593323,3.1852002143859863
20250910_153007.860075,1.9201359748840332,0.7771444916725159,3.1873393058776855
20250910_153007.870120,1.920200228691101,0.7772684097290039,3.189338207244873
20250910_153007.880219,1.9203691482543945,0.7773095965385437,3.191408395767212
20250910_153007.889889,1.9205266237258911,0.7773650288581848,3.193267822265625
20250910_153007.900073,1.9207830429077148,0.7772464752197266,3.1954808235168457
20250910_153007.909898,1.9208861589431763,0.7772970199584961,3.197420120239258
20250910_153007.920141,1.9210504293441772,0.7773237228393555,3.1994497776031494
20250910_153007.930234,1.9211623668670654,0.7774060368537903,3.20143461227417
20250910_153007.940431,1.921304702758789,0.7774707078933716,3.203495502471924
20250910_153007.950087,1.9215044975280762,0.7775388956069946,3.2055411338806152
20250910_153007.960415,1.921705961227417,0.7776138186454773,3.2075233459472656
20250910_153007.970303,1.9218136072158813,0.7777536511421204,3.209463119506836
20250910_153007.980169,1.9220367670059204,0.7777736783027649,3.2114760875701904
20250910_153007.990046,1.9223594665527344,0.7776867747306824,3.2134833335876465
20250910_153008.000679,1.9224827289581299,0.7778750658035278,3.2154245376586914
20250910_153008.010138,1.9227230548858643,0.7779206037521362,3.2173848152160645
20250910_153008.020289,1.9229068756103516,0.77801114320755,3.2193143367767334
20250910_153008.030526,1.923294186592102,0.7779229283332825,3.2213313579559326
20250910_153008.040279,1.9235249757766724,0.7780531048774719,3.223219871520996
20250910_153008.050298,1.9237618446350098,0.7780807018280029,3.2251622676849365
20250910_153008.060164,1.9240628480911255,0.778095543384552,3.2271671295166016
20250910_153008.070104,1.9243451356887817,0.778251588344574,3.229039192199707
20250910_153008.079391,1.9247111082077026,0.7781910300254822,3.2310104370117188
20250910_153008.089899,1.9250394105911255,0.7782429456710815,3.232974052429199
20250910_153008.100283,1.9252654314041138,0.7784715294837952,3.234851121902466
20250910_153008.110052,1.9256300926208496,0.7784555554389954,3.236736297607422
20250910_153008.120178,1.9260685443878174,0.7782799601554871,3.2388322353363037
20250910_153008.130319,1.9262464046478271,0.7785362005233765,3.2406017780303955
20250910_153008.140177,1.9266706705093384,0.7785274386405945,3.2425930500030518
20250910_153008.150254,1.9268642663955688,0.7788170576095581,3.2444100379943848
20250910_153008.159978,1.9272100925445557,0.7789570093154907,3.246202230453491
20250910_153008.170138,1.9277019500732422,0.7789492011070251,3.248199701309204
20250910_153008.179833,1.927939534187317,0.7792667150497437,3.250002145767212
20250910_153008.189672,1.9282788038253784,0.7793418765068054,3.251889228820801
20250910_153008.200224,1.928592324256897,0.7795067429542542,3.25376558303833
20250910_153008.210382,1.9290765523910522,0.7795143723487854,3.255837917327881
20250910_153008.219876,1.92942214012146,0.7797463536262512,3.257490634918213
20250910_153008.229899,1.929844856262207,0.7798799872398376,3.2593324184417725
20250910_153008.239684,1.9301929473876953,0.7800869345664978,3.2611687183380127
20250910_153008.249347,1.9305976629257202,0.7801607251167297,3.262991428375244
20250910_153008.259938,1.9311082363128662,0.7801370620727539,3.264864921569824
20250910_153008.269330,1.931473731994629,0.7803522348403931,3.2666516304016113
20250910_153008.279475,1.9319101572036743,0.7805148363113403,3.2683870792388916
20250910_153008.290192,1.932328701019287,0.7807340025901794,3.270176410675049
20250910_153008.299829,1.9327667951583862,0.780870258808136,3.2719790935516357
20250910_153008.309749,1.9332062005996704,0.7809171080589294,3.273806095123291
20250910_153008.319796,1.9335761070251465,0.7811157703399658,3.275543689727783
20250910_153008.329951,1.9340215921401978,0.7812110185623169,3.2773289680480957
20250910_153008.339783,1.9344234466552734,0.7813758850097656,3.2789831161499023
20250910_153008.349378,1.9348843097686768,0.781536340713501,3.280790090560913
20250910_153008.359796,1.9353395700454712,0.7816480994224548,3.282531499862671
20250910_153008.369836,1.9357459545135498,0.7817978858947754,3.284291982650757
20250910_153008.379952,1.9361851215362549,0.7819657325744629,3.2860255241394043
20250910_153008.390109,1.9366058111190796,0.7820942997932434,3.2876999378204346
20250910_153008.399850,1.937180995941162,0.782111644744873,3.289459228515625
20250910_153008.409215,1.9376802444458008,0.7822352051734924,3.291186809539795
20250910_153008.419893,1.9381189346313477,0.7823833227157593,3.2928671836853027
20250910_153008.429163,1.9385772943496704,0.7824959754943848,3.2945363521575928
20250910_153008.439882,1.9389638900756836,0.7827650308609009,3.2962629795074463
20250910_153008.449354,1.9395395517349243,0.78275465965271,3.2978298664093018
20250910_153008.459544,1.9400992393493652,0.7828143239021301,3.299534320831299
20250910_153008.469388,1.940590739250183,0.7829242944717407,3.3011486530303955
20250910_153008.479924,1.9410686492919922,0.7831511497497559,3.3027193546295166
20250910_153008.489900,1.941588282585144,0.7832683324813843,3.304323434829712
20250910_153008.500031,1.942176103591919,0.7833036184310913,3.306002616882324
20250910_153008.510168,1.9426891803741455,0.7834465503692627,3.3075718879699707
20250910_153008.520100,1.9433015584945679,0.7835136651992798,3.309178113937378
20250910_153008.529778,1.9438589811325073,0.7835800051689148,3.3107173442840576
20250910_153008.539861,1.944342017173767,0.7837352156639099,3.3122732639312744
20250910_153008.549937,1.9448893070220947,0.7838436961174011,3.313884735107422
20250910_153008.560100,1.9454336166381836,0.7839573621749878,3.3153862953186035
20250910_153008.570193,1.9460549354553223,0.784024715423584,3.317033052444458
20250910_153008.579972,1.946555495262146,0.7842332720756531,3.3185877799987793
20250910_153008.589577,1.9471616744995117,0.7843902111053467,3.3201138973236084
20250910_153008.600160,1.9477908611297607,0.78435879945755,3.321655035018921
20250910_153008.610018,1.9483453035354614,0.7845150232315063,3.3231873512268066
20250910_153008.620075,1.9489296674728394,0.7846007347106934,3.3247134685516357
20250910_153008.629877,1.9494978189468384,0.7847276926040649,3.326321840286255
20250910_153008.640097,1.950108528137207,0.784788966178894,3.3277273178100586
20250910_153008.650030,1.950655221939087,0.7850109934806824,3.3292250633239746
20250910_153008.659963,1.9512834548950195,0.7851489782333374,3.330744981765747
20250910_153008.670124,1.9519490003585815,0.7851627469062805,3.3322343826293945
20250910_153008.680053,1.9524365663528442,0.7853363156318665,3.3337862491607666
20250910_153008.689969,1.9531636238098145,0.7853890061378479,3.335196018218994
20250910_153008.699943,1.9536956548690796,0.7855058908462524,3.336682081222534
20250910_153008.710122,1.9543224573135376,0.7858119010925293,3.338196039199829
20250910_153008.720182,1.9549577236175537,0.7858788967132568,3.3395609855651855
20250910_153008.730039,1.955565333366394,0.7860029935836792,3.341063976287842
20250910_153008.739777,1.95615816116333,0.7860729098320007,3.3425023555755615
20250910_153008.749804,1.956799864768982,0.7862371206283569,3.3439319133758545
20250910_153008.760040,1.9574235677719116,0.7864636778831482,3.345215320587158
20250910_153008.770120,1.9580135345458984,0.7866277694702148,3.346743583679199
20250910_153008.779739,1.9586350917816162,0.7868170738220215,3.348206043243408
20250910_153008.789546,1.9593015909194946,0.7868751287460327,3.349663257598877
20250910_153008.799917,1.9598968029022217,0.7870214581489563,3.351128101348877
20250910_153008.809630,1.9605668783187866,0.7871420383453369,3.3524930477142334
20250910_153008.820185,1.9611128568649292,0.7873973846435547,3.3538548946380615
20250910_153008.829953,1.9617376327514648,0.7875452041625977,3.355248212814331
20250910_153008.839428,1.9623688459396362,0.7876611351966858,3.356584310531616
20250910_153008.849605,1.9630025625228882,0.787868857383728,3.3580875396728516
20250910_153008.859899,1.963617205619812,0.7879636883735657,3.3593783378601074
20250910_153008.869978,1.964187502861023,0.7880996465682983,3.3607707023620605
20250910_153008.880169,1.9647687673568726,0.7882964611053467,3.362210750579834
20250910_153008.890048,1.9653736352920532,0.7885662317276001,3.363546848297119
20250910_153008.900044,1.966023325920105,0.7887771725654602,3.3648862838745117
20250910_153008.909662,1.9666688442230225,0.7888992428779602,3.3661649227142334
20250910_153008.919967,1.9672693014144897,0.7890124320983887,3.367532968521118
20250910_153008.930041,1.9678668975830078,0.7891854643821716,3.368900775909424
20250910_153008.940314,1.9683359861373901,0.7894436120986938,3.37034010887146
20250910_153008.949932,1.9689843654632568,0.7896798849105835,3.3716518878936768
20250910_153008.960094,1.9696060419082642,0.789970338344574,3.372950315475464
20250910_153008.969928,1.9701992273330688,0.7901567220687866,3.3743107318878174
20250910_153008.979596,1.9707684516906738,0.7903082370758057,3.3756282329559326
20250910_153008.989952,1.9715394973754883,0.7902932167053223,3.3769328594207764
20250910_153009.000043,1.972128987312317,0.7905266284942627,3.3783035278320312
20250910_153009.010306,1.9727128744125366,0.7907213568687439,3.3795721530914307
20250910_153009.020182,1.9732816219329834,0.7910475134849548,3.3808727264404297
20250910_153009.030090,1.9738147258758545,0.7913176417350769,3.3822669982910156
20250910_153009.040064,1.9744349718093872,0.7914029359817505,3.3834879398345947
20250910_153009.050195,1.975041389465332,0.791505753993988,3.3848745822906494
20250910_153009.060083,1.9756053686141968,0.7917160987854004,3.3861522674560547
20250910_153009.070045,1.9761850833892822,0.7919416427612305,3.387420415878296
20250910_153009.079996,1.9767707586288452,0.792130708694458,3.388650417327881
20250910_153009.090086,1.9774479866027832,0.7922865748405457,3.389920711517334
20250910_153009.100438,1.9779900312423706,0.792513370513916,3.39117169380188
20250910_153009.110003,1.9785062074661255,0.792695164680481,3.392425537109375
20250910_153009.120296,1.979060173034668,0.79277503490448,3.3937909603118896
20250910_153009.129936,1.9796209335327148,0.7929927110671997,3.3950440883636475
20250910_153009.140046,1.9801019430160522,0.7932779788970947,3.396332263946533
20250910_153009.149815,1.980751872062683,0.7933505773544312,3.397517442703247
20250910_153009.159569,1.9812681674957275,0.7935523986816406,3.398763656616211
20250910_153009.169815,1.9817745685577393,0.7937326431274414,3.399967670440674
20250910_153009.180184,1.9823206663131714,0.7938146591186523,3.4011893272399902
20250910_153009.190137,1.9829144477844238,0.7939373850822449,3.4025375843048096
20250910_153009.199927,1.9834349155426025,0.7941562533378601,3.4036710262298584
20250910_153009.209707,1.9839820861816406,0.7943695187568665,3.4048912525177
20250910_153009.220226,1.984479546546936,0.7945433855056763,3.40609073638916
20250910_153009.229800,1.9850149154663086,0.7948294281959534,3.4072625637054443
20250910_153009.239610,1.9855165481567383,0.7950071096420288,3.408392906188965
20250910_153009.249925,1.986068606376648,0.7951532006263733,3.4096386432647705
20250910_153009.259887,1.986547827720642,0.7953587174415588,3.4108004570007324
20250910_153009.269948,1.9871567487716675,0.795459508895874,3.411994695663452
20250910_153009.279918,1.9875177145004272,0.7958189845085144,3.413250684738159
20250910_153009.290080,1.9881049394607544,0.7962853312492371,3.4143178462982178
20250910_153009.299829,1.9885668754577637,0.7962148189544678,3.4155383110046387
20250910_153009.309361,1.9891419410705566,0.7962594032287598,3.4166040420532227
20250910_153009.319918,1.9896036386489868,0.7964699864387512,3.417771577835083
20250910_153009.330081,1.9900922775268555,0.7966876029968262,3.4189109802246094
20250910_153009.340074,1.990592360496521,0.7968905568122864,3.420077085494995
20250910_153009.350002,1.9910883903503418,0.7970824837684631,3.421133518218994
20250910_153009.360284,1.9914623498916626,0.7974028587341309,3.422367811203003
20250910_153009.370238,1.9920251369476318,0.7975002527236938,3.4233195781707764
20250910_153009.380057,1.9924150705337524,0.7977790236473083,3.4244816303253174
20250910_153009.390051,1.9928644895553589,0.7979598641395569,3.4255802631378174
20250910_153009.399795,1.9932968616485596,0.7982047200202942,3.4266304969787598
20250910_153009.410012,1.9937752485275269,0.7984206080436707,3.4277477264404297
20250910_153009.419951,1.9942892789840698,0.7985770106315613,3.428767204284668
20250910_153009.430236,1.9948259592056274,0.7988107800483704,3.4297256469726562
20250910_153009.440394,1.9953663349151611,0.798822820186615,3.4307687282562256
20250910_153009.449936,1.9958149194717407,0.798951268196106,3.431792974472046
20250910_153009.460066,1.996217966079712,0.799115777015686,3.432791233062744
20250910_153009.469897,1.9966671466827393,0.7995092868804932,3.4338488578796387
20250910_153009.479743,1.9970804452896118,0.7997477650642395,3.434861183166504
20250910_153009.489827,1.9975371360778809,0.7998974919319153,3.435778856277466
20250910_153009.499939,1.998048186302185,0.8003337383270264,3.4366705417633057
20250910_153009.510199,1.9985398054122925,0.8004922270774841,3.43762469291687
20250910_153009.520003,1.9989696741104126,0.8004602193832397,3.4386470317840576
20250910_153009.529933,1.999552845954895,0.8004509210586548,3.439582347869873
20250910_153009.540252,2.00002121925354,0.8006394505500793,3.440514326095581
20250910_153009.549955,2.0006065368652344,0.8005989193916321,3.4413681030273438
20250910_153009.560058,2.001039505004883,0.8007267117500305,3.4423317909240723
20250910_153009.570157,2.0015177726745605,0.8008301854133606,3.443096160888672
20250910_153009.580022,2.001955509185791,0.8010168075561523,3.444019079208374
20250910_153009.590044,2.0024383068084717,0.8012267351150513,3.4448583126068115
20250910_153009.600111,2.00291109085083,0.8014352917671204,3.4457874298095703
20250910_153009.609942,2.003450870513916,0.8014885187149048,3.4465441703796387
20250910_153009.619896,2.0039424896240234,0.8015335202217102,3.447350025177002
20250910_153009.630121,2.004408836364746,0.8016735315322876,3.4482367038726807
20250910_153009.640009,2.0048837661743164,0.8017057180404663,3.449136734008789
20250910_153009.650066,2.00545072555542,0.8017266988754272,3.4498353004455566
20250910_153009.659941,2.005981206893921,0.8017280101776123,3.4506473541259766
20250910_153009.670471,2.006470203399658,0.8018337488174438,3.4513676166534424
20250910_153009.680178,2.006976842880249,0.8018928170204163,3.452110528945923
20250910_153009.689860,2.0074684619903564,0.8020339608192444,3.452864646911621
20250910_153009.699488,2.008005380630493,0.8021121025085449,3.453613042831421
20250910_153009.710016,2.00854754447937,0.8022331595420837,3.4542973041534424
20250910_153009.719560,2.0090744495391846,0.8022510409355164,3.454977035522461
20250910_153009.730448,2.00968074798584,0.8021962642669678,3.455676794052124
20250910_153009.739683,2.010219097137451,0.8023754954338074,3.456329345703125
20250910_153009.750325,2.010812759399414,0.8023533225059509,3.457056999206543
20250910_153009.759967,2.0114128589630127,0.8022768497467041,3.4576146602630615
20250910_153009.770062,2.0120179653167725,0.8022527694702148,3.458268642425537
20250910_153009.779834,2.012498140335083,0.8023630380630493,3.4589269161224365
20250910_153009.789750,2.013033866882324,0.8024402856826782,3.45951771736145
20250910_153009.800529,2.013575792312622,0.8025795221328735,3.4600939750671387
20250910_153009.810140,2.014138698577881,0.802619457244873,3.460742235183716
20250910_153009.819908,2.0147061347961426,0.8025601506233215,3.4612841606140137
20250910_153009.830126,2.015296220779419,0.8025323152542114,3.4618687629699707
20250910_153009.839940,2.0159037113189697,0.8024335503578186,3.4624147415161133
20250910_153009.849944,2.0165202617645264,0.802379846572876,3.4629039764404297
20250910_153009.860125,2.0171074867248535,0.8023305535316467,3.4634292125701904
20250910_153009.870269,2.017672061920166,0.8022436499595642,3.4639508724212646
20250910_153009.880117,2.018216133117676,0.8022127747535706,3.4644198417663574
20250910_153009.890276,2.0187487602233887,0.8021173477172852,3.4649860858917236
20250910_153009.899956,2.019408941268921,0.8023827075958252,3.46541428565979
20250910_153009.910051,2.0200161933898926,0.8023181557655334,3.4658544063568115
20250910_153009.920015,2.0206058025360107,0.8019099235534668,3.4663612842559814
20250910_153009.930027,2.021200656890869,0.8018373847007751,3.4667792320251465
20250910_153009.940005,2.0218493938446045,0.8020228147506714,3.4670822620391846
20250910_153009.949921,2.022404670715332,0.8017529845237732,3.4675750732421875
20250910_153009.959758,2.023027181625366,0.8018949031829834,3.4678919315338135
20250910_153009.970028,2.0236494541168213,0.8017776608467102,3.468301773071289
20250910_153009.979769,2.0242576599121094,0.8017134070396423,3.468693494796753
20250910_153009.989696,2.024869680404663,0.8013631105422974,3.4691641330718994
20250910_153010.000064,2.025485038757324,0.8013073801994324,3.469499111175537
20250910_153010.010477,2.0261380672454834,0.8011549711227417,3.4698171615600586
20250910_153010.020193,2.0267069339752197,0.8011260032653809,3.470121383666992
20250910_153010.030257,2.027287483215332,0.801068902015686,3.4704363346099854
20250910_153010.039883,2.0278921127319336,0.8010392785072327,3.4707348346710205
20250910_153010.050037,2.028507947921753,0.8011386394500732,3.4709668159484863
20250910_153010.059973,2.0291996002197266,0.8012001514434814,3.471151828765869
20250910_153010.070121,2.0298330783843994,0.8009589314460754,3.471486806869507
20250910_153010.079524,2.0304269790649414,0.8008871078491211,3.471747636795044
20250910_153010.090558,2.0309834480285645,0.8008871674537659,3.4719762802124023
20250910_153010.099609,2.031588554382324,0.8008098006248474,3.472200393676758
20250910_153010.109747,2.0321547985076904,0.8007574081420898,3.4724771976470947
20250910_153010.119802,2.032792568206787,0.8011311292648315,3.4725966453552246
20250910_153010.129665,2.0334320068359375,0.8010362982749939,3.4728047847747803
20250910_153010.139924,2.0340383052825928,0.8007131814956665,3.4730749130249023
20250910_153010.150125,2.034653663635254,0.8008045554161072,3.4731898307800293
20250910_153010.159710,2.035242795944214,0.8006181120872498,3.4733729362487793
20250910_153010.170015,2.0359714031219482,0.8005779981613159,3.4735045433044434
20250910_153010.179961,2.03659987449646,0.8005340099334717,3.473660707473755
20250910_153010.190270,2.0371766090393066,0.8005141615867615,3.4737801551818848
20250910_153010.199567,2.037755250930786,0.800416111946106,3.4738900661468506
20250910_153010.210489,2.0383059978485107,0.800350546836853,3.474015712738037
20250910_153010.219601,2.038973808288574,0.8002259135246277,3.4741132259368896
20250910_153010.230649,2.0395545959472656,0.8001946806907654,3.474256753921509
20250910_153010.239697,2.0401597023010254,0.8001526594161987,3.474346160888672
20250910_153010.249569,2.040750741958618,0.8000491857528687,3.4743757247924805
20250910_153010.259939,2.0412914752960205,0.7998677492141724,3.474484443664551
20250910_153010.269502,2.0419585704803467,0.7998972535133362,3.4743711948394775
20250910_153010.279743,2.0425853729248047,0.7997465133666992,3.4743738174438477
20250910_153010.290802,2.0431623458862305,0.7995899319648743,3.4744796752929688
20250910_153010.299959,2.04386043548584,0.7993885278701782,3.474337339401245
20250910_153010.310072,2.044532537460327,0.7995532155036926,3.4742205142974854
20250910_153010.319862,2.045142650604248,0.7994447946548462,3.474199056625366
20250910_153010.330134,2.045758008956909,0.7993564605712891,3.474139451980591
20250910_153010.339953,2.0464065074920654,0.7991732954978943,3.4740591049194336
20250910_153010.350094,2.047013998031616,0.7989584803581238,3.474036455154419
20250910_153010.359608,2.0476667881011963,0.7984011769294739,3.474006414413452
20250910_153010.369786,2.04827880859375,0.7982142567634583,3.4738988876342773
20250910_153010.380025,2.048888921737671,0.7980571389198303,3.473811388015747
20250910_153010.389852,2.049490451812744,0.7979758977890015,3.4736850261688232
20250910_153010.400034,2.0500895977020264,0.7978896498680115,3.4735381603240967
20250910_153010.409520,2.0507261753082275,0.7976909875869751,3.4733991622924805
20250910_153010.420164,2.0513641834259033,0.7974859476089478,3.4732372760772705
20250910_153010.430077,2.0520200729370117,0.7972413301467896,3.4730608463287354
20250910_153010.440050,2.0526392459869385,0.7970349788665771,3.4728827476501465
20250910_153010.450027,2.0532350540161133,0.796902596950531,3.472687244415283
20250910_153010.460046,2.053873062133789,0.7969100475311279,3.4724113941192627
20250910_153010.470486,2.0544872283935547,0.7968840599060059,3.472182273864746
20250910_153010.480232,2.055086135864258,0.7967237234115601,3.4719560146331787
20250910_153010.490242,2.0556180477142334,0.7964895367622375,3.471787691116333
20250910_153010.500095,2.0563366413116455,0.7962196469306946,3.4714324474334717
20250910_153010.510069,2.0570297241210938,0.7962430715560913,3.4710426330566406
20250910_153010.520129,2.0576391220092773,0.7958040833473206,3.4707858562469482
20250910_153010.529959,2.058239698410034,0.7957506775856018,3.4703972339630127
20250910_153010.539650,2.0588769912719727,0.7955562472343445,3.4700303077697754
20250910_153010.550188,2.0594990253448486,0.7953603267669678,3.4696693420410156
20250910_153010.560041,2.0601589679718018,0.7952694892883301,3.46927547454834
20250910_153010.569848,2.060819625854492,0.7949214577674866,3.4689717292785645
20250910_153010.579934,2.0614027976989746,0.7947686910629272,3.4685981273651123
20250910_153010.590155,2.062047243118286,0.7946516871452332,3.4681615829467773
20250910_153010.600114,2.0626275539398193,0.7946335673332214,3.467771291732788
20250910_153010.609854,2.063279867172241,0.7947924733161926,3.4673097133636475
20250910_153010.620188,2.0638349056243896,0.7947564721107483,3.4669225215911865
20250910_153010.629617,2.0644376277923584,0.7946053147315979,3.4664881229400635
20250910_153010.639854,2.0650670528411865,0.7943625450134277,3.4660120010375977
20250910_153010.649752,2.0656394958496094,0.7939203381538391,3.4656455516815186
20250910_153010.659943,2.066230535507202,0.7938594222068787,3.465167284011841
20250910_153010.670468,2.066831350326538,0.7938361763954163,3.464648723602295
20250910_153010.680477,2.0673553943634033,0.7937427163124084,3.4641575813293457
20250910_153010.690344,2.067897319793701,0.793619692325592,3.4636638164520264
20250910_153010.700560,2.068422317504883,0.7935634851455688,3.463132381439209
20250910_153010.710133,2.069042682647705,0.7934455871582031,3.4626259803771973
20250910_153010.720107,2.0696921348571777,0.793301522731781,3.4621098041534424
20250910_153010.730215,2.070326566696167,0.7936210036277771,3.461426019668579
20250910_153010.740288,2.0708935260772705,0.7936376333236694,3.460747003555298
20250910_153010.750138,2.07143235206604,0.7935468554496765,3.460165500640869
20250910_153010.760150,2.071951389312744,0.7935054898262024,3.459552764892578
20250910_153010.769780,2.0724833011627197,0.7931803464889526,3.4590158462524414
20250910_153010.790550,2.0731101036071777,0.793350875377655,3.458280324935913
20250910_153010.792178,2.0736916065216064,0.7932177186012268,3.457721710205078
20250910_153010.800353,2.074300765991211,0.7929993271827698,3.457191228866577
20250910_153010.810072,2.0748326778411865,0.7929216623306274,3.456538438796997
20250910_153010.820121,2.0753908157348633,0.7927982211112976,3.455831289291382
20250910_153010.830546,2.0759084224700928,0.7927210330963135,3.45516300201416
20250910_153010.839806,2.076507329940796,0.7930476665496826,3.4543943405151367
20250910_153010.850027,2.077014446258545,0.7927104234695435,3.45379900932312
20250910_153010.859648,2.0775909423828125,0.7927610874176025,3.4530158042907715
20250910_153010.870144,2.0781006813049316,0.7927050590515137,3.4524056911468506
20250910_153010.880303,2.0786619186401367,0.7930525541305542,3.4516146183013916
20250910_153010.890098,2.0792839527130127,0.7928540706634521,3.450827121734619
20250910_153010.899961,2.0798158645629883,0.792503833770752,3.4500441551208496
20250910_153010.910250,2.0803465843200684,0.7926883697509766,3.449286937713623
20250910_153010.920081,2.0808963775634766,0.7926785349845886,3.448573589324951
20250910_153010.930006,2.0814554691314697,0.7929127216339111,3.447817325592041
20250910_153010.939966,2.081918478012085,0.7928798198699951,3.4471230506896973
20250910_153010.950295,2.0823590755462646,0.7924744486808777,3.4463539123535156
20250910_153010.959962,2.0828371047973633,0.7924323678016663,3.4455907344818115
20250910_153010.969828,2.083364963531494,0.792481005191803,3.444777488708496
20250910_153010.980105,2.0839059352874756,0.7925462126731873,3.4439949989318848
20250910_153010.990468,2.0845232009887695,0.7925156354904175,3.443091630935669
20250910_153011.000159,2.0849671363830566,0.7925481200218201,3.4423184394836426
20250910_153011.010128,2.085512161254883,0.7928862571716309,3.4413769245147705
20250910_153011.020201,2.085958480834961,0.792628824710846,3.4406003952026367
20250910_153011.030041,2.086458206176758,0.7926888465881348,3.439723014831543
20250910_153011.039857,2.0869641304016113,0.7930039763450623,3.43882417678833
20250910_153011.050030,2.0875043869018555,0.7928358912467957,3.437948703765869
20250910_153011.060006,2.088012456893921,0.7928548455238342,3.437044858932495
20250910_153011.069911,2.0884716510772705,0.7929136753082275,3.4361302852630615
20250910_153011.079972,2.088956832885742,0.7929233908653259,3.4352259635925293
20250910_153011.090591,2.0894174575805664,0.7929369211196899,3.434298038482666
20250910_153011.100003,2.0899107456207275,0.7929739356040955,3.4334609508514404
20250910_153011.109461,2.090402603149414,0.7930337190628052,3.432516574859619
20250910_153011.119689,2.0909616947174072,0.7933827042579651,3.4314446449279785
20250910_153011.140076,2.0913138389587402,0.7933211922645569,3.430670738220215
20250910_153011.142124,2.0918045043945312,0.7933482527732849,3.4296486377716064
20250910_153011.150234,2.0922691822052,0.7932820916175842,3.428682565689087
20250910_153011.160079,2.0927088260650635,0.7933071851730347,3.4276998043060303
20250910_153011.170176,2.0931339263916016,0.7933355569839478,3.426670551300049
20250910_153011.179934,2.0935282707214355,0.7935472726821899,3.4256277084350586
20250910_153011.189911,2.0939555168151855,0.7936015725135803,3.4246158599853516
20250910_153011.200006,2.094414234161377,0.79362952709198,3.423567533493042
20250910_153011.210002,2.0948238372802734,0.7937216758728027,3.4225575923919678
20250910_153011.220105,2.095287799835205,0.7939738631248474,3.4214820861816406
20250910_153011.229946,2.095802068710327,0.7938873171806335,3.4204282760620117
20250910_153011.240488,2.0961971282958984,0.794022262096405,3.419351816177368
20250910_153011.250576,2.0965898036956787,0.7937596440315247,3.4182679653167725
20250910_153011.260326,2.0970139503479004,0.7938271164894104,3.4171462059020996
20250910_153011.270247,2.0974154472351074,0.7939050793647766,3.416160821914673
20250910_153011.279628,2.0977964401245117,0.7939390540122986,3.415095567703247
20250910_153011.289826,2.098128318786621,0.7939672470092773,3.4139864444732666
20250910_153011.300442,2.098569393157959,0.7939774394035339,3.4128050804138184
20250910_153011.310312,2.0989856719970703,0.7941186428070068,3.411609172821045
20250910_153011.319914,2.099355459213257,0.7942551374435425,3.4104368686676025
20250910_153011.329921,2.099719524383545,0.794309139251709,3.409385919570923
20250910_153011.340049,2.1000819206237793,0.7942902445793152,3.4081876277923584
20250910_153011.349962,2.100428819656372,0.7943490147590637,3.4070205688476562
20250910_153011.360184,2.1008400917053223,0.7947995066642761,3.405921459197998
20250910_153011.370314,2.1012790203094482,0.7947128415107727,3.404751777648926
20250910_153011.379967,2.1015915870666504,0.7948078513145447,3.4035110473632812
20250910_153011.389817,2.101959705352783,0.7944994568824768,3.4023444652557373
20250910_153011.399719,2.1023147106170654,0.7945421934127808,3.4011847972869873
20250910_153011.409718,2.102586269378662,0.7946321964263916,3.4000344276428223
20250910_153011.419933,2.102911949157715,0.7946091890335083,3.3987698554992676
20250910_153011.429856,2.103257656097412,0.7946364879608154,3.397583246231079
20250910_153011.439939,2.1036217212677,0.7946601510047913,3.3963255882263184
20250910_153011.450079,2.1039011478424072,0.7948927879333496,3.3949923515319824
20250910_153011.460487,2.1042370796203613,0.7949870228767395,3.3937315940856934
20250910_153011.470082,2.1045777797698975,0.7952978610992432,3.392468214035034
20250910_153011.479905,2.104903221130371,0.794954240322113,3.391226291656494
20250910_153011.490314,2.105206251144409,0.7950606346130371,3.389934778213501
20250910_153011.500385,2.105485439300537,0.7950264811515808,3.388657569885254
20250910_153011.510029,2.105813503265381,0.7951159477233887,3.387355089187622
20250910_153011.520058,2.106123208999634,0.7952044010162354,3.3860554695129395
20250910_153011.529946,2.1063928604125977,0.7953792214393616,3.3848514556884766
20250910_153011.539521,2.106689214706421,0.7951300740242004,3.383575677871704
20250910_153011.550060,2.107009172439575,0.7951062321662903,3.3822593688964844
20250910_153011.560003,2.1071767807006836,0.7952030897140503,3.381000518798828
20250910_153011.570321,2.1075079441070557,0.7952688932418823,3.379706859588623
20250910_153011.580191,2.1078085899353027,0.7952048182487488,3.378366470336914
20250910_153011.590559,2.108046293258667,0.7953727841377258,3.376976251602173
20250910_153011.600060,2.108327865600586,0.7954586744308472,3.3756585121154785
20250910_153011.609948,2.108630657196045,0.795667290687561,3.3743197917938232
20250910_153011.619876,2.10886287689209,0.795425534248352,3.372901439666748
20250910_153011.629998,2.1090927124023438,0.7955237627029419,3.371532678604126
20250910_153011.639953,2.1093552112579346,0.7955484390258789,3.370232105255127
20250910_153011.650789,2.109543561935425,0.7957382798194885,3.3689017295837402
20250910_153011.660052,2.1097593307495117,0.7959920167922974,3.3674468994140625
20250910_153011.670174,2.10996413230896,0.7960354089736938,3.366283416748047
20250910_153011.680410,2.110107660293579,0.7961310744285583,3.365056037902832
20250910_153011.690060,2.110351085662842,0.7965736389160156,3.3635261058807373
20250910_153011.699995,2.1105477809906006,0.7962310314178467,3.3621938228607178
20250910_153011.709808,2.11072039604187,0.7963579893112183,3.3608558177948
20250910_153011.720071,2.1109426021575928,0.7966298460960388,3.3594603538513184
20250910_153011.729797,2.111116886138916,0.7968308329582214,3.3581368923187256
20250910_153011.739439,2.1112356185913086,0.7970342636108398,3.3567395210266113
20250910_153011.750006,2.111377239227295,0.7972655296325684,3.3553290367126465
20250910_153011.759848,2.1115105152130127,0.7974895238876343,3.3539910316467285
20250910_153011.769377,2.111720561981201,0.7976145148277283,3.352621555328369
20250910_153011.779703,2.1118640899658203,0.7978089451789856,3.3512332439422607
20250910_153011.789645,2.1119024753570557,0.7982373237609863,3.3499319553375244
20250910_153011.799834,2.1120564937591553,0.7983949780464172,3.348567008972168
20250910_153011.809456,2.1121561527252197,0.7984600067138672,3.3472108840942383
20250910_153011.819720,2.1122288703918457,0.7987062931060791,3.345921039581299
20250910_153011.830020,2.1123342514038086,0.7990049123764038,3.344620943069458
20250910_153011.839715,2.1123998165130615,0.7992105484008789,3.3431928157806396
20250910_153011.850153,2.1125662326812744,0.7998679280281067,3.3418307304382324
20250910_153011.859803,2.1126291751861572,0.7998673319816589,3.3404974937438965
20250910_153011.870351,2.112774610519409,0.8000887632369995,3.3390469551086426
20250910_153011.879689,2.112804412841797,0.8001748323440552,3.3377692699432373
20250910_153011.889843,2.1127750873565674,0.8006351590156555,3.3364315032958984
20250910_153011.899923,2.1128346920013428,0.8008962273597717,3.3350250720977783
20250910_153011.910155,2.1129519939422607,0.80124431848526,3.3336377143859863
20250910_153011.920002,2.1129438877105713,0.8015350103378296,3.332456588745117
20250910_153011.929969,2.112912178039551,0.8018633723258972,3.331066846847534
20250910_153011.940015,2.1128571033477783,0.8021506667137146,3.3296992778778076
20250910_153011.949958,2.112882614135742,0.8024231791496277,3.3283748626708984
20250910_153011.960008,2.112880229949951,0.8027523159980774,3.3270623683929443
20250910_153011.969893,2.1129658222198486,0.8035038113594055,3.3256349563598633
20250910_153011.980059,2.1129608154296875,0.8033925890922546,3.3242509365081787
20250910_153011.990111,2.112948179244995,0.8037147521972656,3.3229408264160156
20250910_153012.000004,2.1129190921783447,0.8041599988937378,3.321502923965454
20250910_153012.010055,2.112868070602417,0.8044905662536621,3.320263624191284
20250910_153012.019971,2.112793445587158,0.8049122095108032,3.3190114498138428
20250910_153012.030046,2.112772226333618,0.8052204251289368,3.3176393508911133
20250910_153012.040141,2.112691640853882,0.8056506514549255,3.3162786960601807
20250910_153012.050103,2.1126203536987305,0.8059998154640198,3.314964532852173
20250910_153012.060721,2.1125435829162598,0.8062516450881958,3.31380295753479
20250910_153012.070123,2.112375259399414,0.8066896796226501,3.3124983310699463
20250910_153012.079866,2.112309694290161,0.8068678975105286,3.3111534118652344
20250910_153012.090316,2.1122963428497314,0.8072476387023926,3.309849500656128
20250910_153012.099908,2.112133264541626,0.8077022433280945,3.308555841445923
20250910_153012.110195,2.111983299255371,0.8081119656562805,3.3072762489318848
20250910_153012.119941,2.111886739730835,0.8085576891899109,3.3060269355773926
20250910_153012.130179,2.111814498901367,0.8089163899421692,3.3046441078186035
20250910_153012.139909,2.111687421798706,0.8094574809074402,3.303234100341797
20250910_153012.149705,2.1115283966064453,0.8097972273826599,3.302126884460449
20250910_153012.160208,2.111445903778076,0.8100706338882446,3.300758123397827
20250910_153012.170236,2.111299991607666,0.8104801774024963,3.2994484901428223
20250910_153012.179954,2.1111674308776855,0.8108190894126892,3.298290252685547
20250910_153012.190107,2.111046552658081,0.8111672401428223,3.296990394592285
20250910_153012.199900,2.1109018325805664,0.8115455508232117,3.2957777976989746
20250910_153012.210088,2.1106929779052734,0.8119359612464905,3.294477701187134
20250910_153012.220013,2.110511541366577,0.8123247027397156,3.2932357788085938
20250910_153012.229929,2.1104490756988525,0.812741756439209,3.291956901550293
20250910_153012.239919,2.110192060470581,0.8130935430526733,3.290786027908325
20250910_153012.250453,2.110034227371216,0.8134737014770508,3.2895655632019043
20250910_153012.259669,2.1098992824554443,0.813922643661499,3.2882139682769775
20250910_153012.270203,2.1097195148468018,0.8143014311790466,3.287006139755249
20250910_153012.279944,2.1095714569091797,0.8146818280220032,3.2857792377471924
20250910_153012.289742,2.1094682216644287,0.8150519132614136,3.284520149230957
20250910_153012.299752,2.1092922687530518,0.8154126405715942,3.283348321914673
20250910_153012.309827,2.1091721057891846,0.815748929977417,3.2820823192596436
20250910_153012.320168,2.1090188026428223,0.8160287141799927,3.280897855758667
20250910_153012.330195,2.1088802814483643,0.8164821863174438,3.279681921005249
20250910_153012.339881,2.108760118484497,0.816743016242981,3.278487205505371
20250910_153012.349898,2.108586311340332,0.8170478940010071,3.2773609161376953
20250910_153012.359922,2.1084189414978027,0.8173372745513916,3.2760493755340576
20250910_153012.370235,2.1083028316497803,0.8176522850990295,3.2748866081237793
20250910_153012.380073,2.1081881523132324,0.8180141448974609,3.273759365081787
20250910_153012.390010,2.1080803871154785,0.8181999325752258,3.2724952697753906
20250910_153012.400114,2.107969045639038,0.8184367418289185,3.2713747024536133
20250910_153012.410227,2.1078522205352783,0.8188116550445557,3.270048141479492
20250910_153012.420015,2.107769250869751,0.8190416097640991,3.2688660621643066
20250910_153012.429926,2.1076858043670654,0.8193574547767639,3.267768144607544
20250910_153012.439952,2.1076700687408447,0.8196364045143127,3.2664952278137207
20250910_153012.449945,2.107588052749634,0.8198451399803162,3.2653138637542725
20250910_153012.459921,2.1075212955474854,0.8198992013931274,3.264240264892578
20250910_153012.470296,2.107447624206543,0.8200749754905701,3.2629151344299316
20250910_153012.479852,2.1073548793792725,0.8203121423721313,3.261845827102661
20250910_153012.490429,2.1073598861694336,0.8205888271331787,3.2607216835021973
20250910_153012.500356,2.1073477268218994,0.8207405805587769,3.259580373764038
20250910_153012.509889,2.1073453426361084,0.8208094835281372,3.2584710121154785
20250910_153012.520062,2.107269763946533,0.8209246397018433,3.2573111057281494
20250910_153012.530004,2.107424736022949,0.8209630846977234,3.2562389373779297
20250910_153012.540083,2.107269763946533,0.8212540745735168,3.2550160884857178
20250910_153012.550193,2.107344150543213,0.8214525580406189,3.2538602352142334
20250910_153012.560002,2.1074295043945312,0.821504533290863,3.2527377605438232
20250910_153012.570232,2.1075379848480225,0.8214809894561768,3.2517287731170654
20250910_153012.579574,2.107663631439209,0.8215319514274597,3.2505383491516113
20250910_153012.590292,2.107698678970337,0.8215394020080566,3.2494866847991943
20250910_153012.600230,2.1076509952545166,0.8217723369598389,3.2482073307037354
20250910_153012.609700,2.1078128814697266,0.8219476938247681,3.247086524963379
20250910_153012.619439,2.1079862117767334,0.822108268737793,3.2458643913269043
20250910_153012.629843,2.108140468597412,0.8222081661224365,3.244734287261963
20250910_153012.639844,2.108344078063965,0.8220399618148804,3.2438008785247803
20250910_153012.649364,2.1085011959075928,0.8219786286354065,3.242682695388794
20250910_153012.660144,2.1087186336517334,0.8219849467277527,3.2415566444396973
20250910_153012.670478,2.1088197231292725,0.8223304152488708,3.2402381896972656
20250910_153012.680527,2.1090970039367676,0.822413444519043,3.2391583919525146
20250910_153012.690201,2.1092915534973145,0.8223119974136353,3.2381043434143066
20250910_153012.700163,2.109564781188965,0.8222384452819824,3.2369959354400635
20250910_153012.709889,2.1097543239593506,0.8222033381462097,3.2359023094177246
20250910_153012.720045,2.110044479370117,0.8222420811653137,3.2348315715789795
20250910_153012.729843,2.11028790473938,0.8221416473388672,3.233759641647339
20250910_153012.739802,2.110599994659424,0.8220884799957275,3.2326927185058594
20250910_153012.750121,2.110822916030884,0.8222421407699585,3.2315242290496826
20250910_153012.760059,2.1111013889312744,0.822218120098114,3.2304794788360596
20250910_153012.770025,2.1114346981048584,0.8222025036811829,3.229276657104492
20250910_153012.779965,2.1117405891418457,0.8220748901367188,3.2282638549804688
20250910_153012.790081,2.112084150314331,0.8221715688705444,3.227234363555908
20250910_153012.800262,2.1124727725982666,0.8220055103302002,3.2260777950286865
20250910_153012.810018,2.1129353046417236,0.8218957185745239,3.2249863147735596
20250910_153012.819990,2.113288402557373,0.8217973709106445,3.223921060562134
20250910_153012.830143,2.113616943359375,0.8217706680297852,3.2228031158447266
20250910_153012.840124,2.1140096187591553,0.8216251134872437,3.2217512130737305
20250910_153012.850020,2.1144673824310303,0.8215331435203552,3.220618724822998
20250910_153012.859948,2.114891290664673,0.8214617967605591,3.2195491790771484
20250910_153012.870014,2.115345001220703,0.821306049823761,3.2185497283935547
20250910_153012.880258,2.115773916244507,0.8211838603019714,3.2174551486968994
20250910_153012.889787,2.1162703037261963,0.8211643695831299,3.2162833213806152
20250910_153012.899871,2.11676025390625,0.8210102915763855,3.215193271636963
20250910_153012.909813,2.1172876358032227,0.8208581805229187,3.2141339778900146
20250910_153012.919789,2.1178171634674072,0.8207405209541321,3.213054895401001
20250910_153012.930228,2.1182425022125244,0.8207328915596008,3.2118659019470215
20250910_153012.939891,2.118791341781616,0.820490837097168,3.210862398147583
20250910_153012.949936,2.119339942932129,0.8203660845756531,3.2097485065460205
20250910_153012.959978,2.119842767715454,0.8202852010726929,3.208743095397949
20250910_153012.970222,2.1203670501708984,0.8201254606246948,3.2076029777526855
20250910_153012.979812,2.120926856994629,0.8198261857032776,3.2066171169281006
20250910_153012.989763,2.121528387069702,0.8196864128112793,3.2055182456970215
20250910_153012.999883,2.1220688819885254,0.8195004463195801,3.2044477462768555
20250910_153013.010534,2.1229119300842285,0.8190338611602783,3.2034544944763184
20250910_153013.019955,2.123480796813965,0.8188018202781677,3.2024624347686768
20250910_153013.030016,2.124134063720703,0.8186308145523071,3.201343059539795
20250910_153013.039836,2.1247332096099854,0.8184707164764404,3.2003211975097656
20250910_153013.050459,2.125262975692749,0.8185088038444519,3.198983907699585
20250910_153013.060314,2.1259400844573975,0.8181111216545105,3.197944164276123
20250910_153013.069949,2.126608371734619,0.8178229331970215,3.1968939304351807
20250910_153013.079934,2.12727689743042,0.8175018429756165,3.195847272872925
20250910_153013.090501,2.127983808517456,0.8171338438987732,3.1948816776275635
20250910_153013.099962,2.128746747970581,0.8169634342193604,3.193791151046753
20250910_153013.109898,2.129432201385498,0.8167415857315063,3.192624092102051
20250910_153013.119952,2.130138874053955,0.8163561820983887,3.19166898727417
20250910_153013.129874,2.1309728622436523,0.8161786198616028,3.190370798110962
20250910_153013.139819,2.1317532062530518,0.8159362077713013,3.1893351078033447
20250910_153013.149959,2.1324493885040283,0.815531313419342,3.1883327960968018
20250910_153013.160037,2.133220911026001,0.8152593970298767,3.187302350997925
20250910_153013.170013,2.1340394020080566,0.8149990439414978,3.186208486557007
20250910_153013.180125,2.1347360610961914,0.8148046135902405,3.1851022243499756
20250910_153013.190314,2.1355135440826416,0.814386248588562,3.1841204166412354
20250910_153013.199881,2.1362106800079346,0.8140491843223572,3.1831259727478027
20250910_153013.210022,2.1369683742523193,0.8138537406921387,3.1820011138916016
20250910_153013.220203,2.1378414630889893,0.8134809136390686,3.1809070110321045
20250910_153013.229662,2.1386542320251465,0.8134204149246216,3.1798176765441895
20250910_153013.240073,2.1395034790039062,0.813011646270752,3.178675889968872
20250910_153013.250067,2.140321731567383,0.8127121329307556,3.177635908126831
20250910_153013.260268,2.1410861015319824,0.8124261498451233,3.176525115966797
20250910_153013.269442,2.1419966220855713,0.8118895888328552,3.1756432056427
20250910_153013.279367,2.142951011657715,0.8116185069084167,3.174470901489258
20250910_153013.290514,2.1437716484069824,0.8113994002342224,3.173255443572998
20250910_153013.300098,2.144679069519043,0.8110945224761963,3.1722495555877686
20250910_153013.310241,2.145524740219116,0.8110612034797668,3.170961618423462
20250910_153013.320021,2.146472692489624,0.8106256127357483,3.1699118614196777
20250910_153013.329963,2.147303819656372,0.8102691173553467,3.1688106060028076
20250910_153013.340024,2.14814829826355,0.810070276260376,3.167623519897461
20250910_153013.349893,2.1491403579711914,0.8097542524337769,3.1666104793548584
20250910_153013.360062,2.150052070617676,0.8095539808273315,3.1655433177948
20250910_153013.369828,2.1509995460510254,0.8091612458229065,3.164503574371338
20250910_153013.380165,2.151904821395874,0.8087517023086548,3.163455009460449
20250910_153013.390094,2.15279483795166,0.8084326386451721,3.162400960922241
20250910_153013.399907,2.1536662578582764,0.8081328272819519,3.1612911224365234
20250910_153013.409947,2.1546664237976074,0.8078362345695496,3.1602039337158203
20250910_153013.420180,2.1556527614593506,0.8075632452964783,3.159105062484741
20250910_153013.430057,2.15661358833313,0.8073182702064514,3.157992362976074
20250910_153013.439964,2.1575751304626465,0.8071163296699524,3.15678334236145
20250910_153013.450202,2.158428192138672,0.8067778944969177,3.155785083770752
20250910_153013.459842,2.1595582962036133,0.8062102198600769,3.1547491550445557
20250910_153013.470064,2.160540819168091,0.8059760332107544,3.1537041664123535
20250910_153013.480562,2.161428451538086,0.8059269189834595,3.1524174213409424
20250910_153013.490126,2.1624112129211426,0.8057371377944946,3.151228666305542
20250910_153013.500501,2.1634397506713867,0.8053191304206848,3.150325059890747
20250910_153013.509773,2.1644134521484375,0.8050612807273865,3.1492223739624023
20250910_153013.519975,2.165371894836426,0.8046672940254211,3.1481635570526123
20250910_153013.530151,2.1663436889648438,0.8046832084655762,3.1470792293548584
20250910_153013.539677,2.1673436164855957,0.8041720390319824,3.1460769176483154
20250910_153013.550389,2.168322801589966,0.8039045333862305,3.1450133323669434
20250910_153013.559911,2.169340133666992,0.8036097884178162,3.1439523696899414
20250910_153013.570215,2.1703226566314697,0.803450882434845,3.1428542137145996
20250910_153013.580263,2.1712987422943115,0.8033685684204102,3.141730308532715
20250910_153013.589960,2.172260284423828,0.8030226230621338,3.1408119201660156
20250910_153013.599888,2.173273801803589,0.8028592467308044,3.139777183532715
20250910_153013.610017,2.174360513687134,0.8025874495506287,3.1387577056884766
20250910_153013.620090,2.1752402782440186,0.8026938438415527,3.1376099586486816
20250910_153013.630080,2.1762399673461914,0.802481472492218,3.1366095542907715
20250910_153013.640034,2.177210569381714,0.802359938621521,3.1355807781219482
20250910_153013.650114,2.178161859512329,0.8021459579467773,3.1346840858459473
20250910_153013.660112,2.179119825363159,0.8019916415214539,3.1337389945983887
20250910_153013.670301,2.1800734996795654,0.8019217252731323,3.1327199935913086
20250910_153013.680015,2.1810832023620605,0.8018928170204163,3.1316871643066406
20250910_153013.690460,2.1821024417877197,0.8016859889030457,3.130829095840454
20250910_153013.699883,2.1830615997314453,0.8015568852424622,3.1298606395721436
20250910_153013.710280,2.18400502204895,0.801634669303894,3.128857374191284
20250910_153013.720072,2.1849002838134766,0.8016212582588196,3.1279056072235107
20250910_153013.730139,2.1858808994293213,0.8014726638793945,3.1270124912261963
20250910_153013.740078,2.186763286590576,0.8014653921127319,3.126008987426758
20250910_153013.750238,2.1877009868621826,0.8014768958091736,3.1250836849212646
20250910_153013.760124,2.188678503036499,0.8013394474983215,3.1242713928222656
20250910_153013.770047,2.1895666122436523,0.801334023475647,3.123359441757202
20250910_153013.780290,2.190513849258423,0.8012686967849731,3.1224985122680664
20250910_153013.790113,2.191472053527832,0.8012573719024658,3.121525764465332
20250910_153013.800150,2.1923840045928955,0.8011610507965088,3.1207432746887207
20250910_153013.809919,2.193316698074341,0.8012934923171997,3.1197381019592285
20250910_153013.820057,2.1942245960235596,0.8013827800750732,3.1188743114471436
20250910_153013.830296,2.195152521133423,0.8013274669647217,3.1181039810180664
20250910_153013.840041,2.196186065673828,0.8013370633125305,3.1172451972961426
20250910_153013.849970,2.1970365047454834,0.8012555837631226,3.1163840293884277
20250910_153013.860100,2.197901964187622,0.8012228608131409,3.1155800819396973
20250910_153013.870256,2.198791742324829,0.8011849522590637,3.1148858070373535
20250910_153013.880126,2.1996631622314453,0.8013553023338318,3.113973617553711
20250910_153013.889954,2.20070481300354,0.8014012575149536,3.1130900382995605
20250910_153013.900148,2.201625347137451,0.8013747334480286,3.112253189086914
20250910_153013.910004,2.202512264251709,0.8014580607414246,3.1113836765289307
20250910_153013.920244,2.20335054397583,0.8014410138130188,3.1107094287872314
20250910_153013.929855,2.2042222023010254,0.801336407661438,3.110008478164673
20250910_153013.940101,2.205178737640381,0.8013360500335693,3.109245538711548
20250910_153013.949942,2.2060444355010986,0.801458477973938,3.108492851257324
20250910_153013.959942,2.2069432735443115,0.801482617855072,3.1077146530151367
20250910_153013.969762,2.2078402042388916,0.8015743494033813,3.1068081855773926
20250910_153013.979703,2.2087130546569824,0.8016607165336609,3.1060380935668945
20250910_153013.990468,2.209609270095825,0.8015429973602295,3.105454683303833
20250910_153014.000130,2.210538625717163,0.8014376759529114,3.1047234535217285
20250910_153014.009803,2.2113282680511475,0.8016921281814575,3.103848934173584
20250910_153014.019776,2.21219539642334,0.801751971244812,3.1031739711761475
20250910_153014.030045,2.2130484580993652,0.8018801212310791,3.102349042892456
20250910_153014.039727,2.2139132022857666,0.8019425272941589,3.1016223430633545
20250910_153014.049669,2.214830160140991,0.8019692301750183,3.100958824157715
20250910_153014.060182,2.2157161235809326,0.8020020723342896,3.100182294845581
20250910_153014.069921,2.2166407108306885,0.8021124005317688,3.0995423793792725
20250910_153014.080024,2.217466354370117,0.8020755648612976,3.098797559738159
20250910_153014.090018,2.2182881832122803,0.8023025989532471,3.0980162620544434
20250910_153014.100101,2.219130754470825,0.8023403882980347,3.0973575115203857
20250910_153014.109810,2.2200307846069336,0.8023074269294739,3.0966849327087402
20250910_153014.120180,2.2208499908447266,0.8023667335510254,3.096135139465332
20250910_153014.130015,2.2216551303863525,0.8024683594703674,3.0954747200012207
20250910_153014.139811,2.222376823425293,0.8025811314582825,3.0948140621185303
20250910_153014.150017,2.223222255706787,0.8026705384254456,3.094193696975708
20250910_153014.160142,2.2240724563598633,0.802832841873169,3.093488931655884
20250910_153014.170064,2.2249324321746826,0.80283123254776,3.0928614139556885
20250910_153014.179892,2.22573184967041,0.8028903603553772,3.0922181606292725
20250910_153014.190079,2.226473808288574,0.8029918074607849,3.0916121006011963
20250910_153014.199887,2.2272586822509766,0.8030391335487366,3.091012716293335
20250910_153014.209734,2.2280690670013428,0.8032066822052002,3.0903913974761963
20250910_153014.219766,2.228848695755005,0.8034281730651855,3.0898079872131348
20250910_153014.229566,2.2297098636627197,0.8035599589347839,3.089249610900879
20250910_153014.240059,2.230583906173706,0.8037951588630676,3.0887575149536133
20250910_153014.250173,2.2313175201416016,0.803756833076477,3.0881643295288086
20250910_153014.260257,2.2320494651794434,0.8038536906242371,3.08754825592041
20250910_153014.270281,2.232764959335327,0.803972065448761,3.087023973464966
20250910_153014.280014,2.2335569858551025,0.8041651844978333,3.0864479541778564
20250910_153014.289850,2.234304904937744,0.8044760823249817,3.085843324661255
20250910_153014.299955,2.2351138591766357,0.804600179195404,3.085325002670288
20250910_153014.309963,2.235887289047241,0.8046610355377197,3.0847833156585693
20250910_153014.320038,2.236626148223877,0.8047791123390198,3.084322214126587
20250910_153014.330206,2.237309694290161,0.8049554228782654,3.08381724357605
20250910_153014.340370,2.237987756729126,0.8051193356513977,3.083308219909668
20250910_153014.350081,2.238692283630371,0.8053262829780579,3.0827395915985107
20250910_153014.360353,2.2393572330474854,0.8056610226631165,3.0821869373321533
20250910_153014.370291,2.240138292312622,0.8058285713195801,3.081704616546631
20250910_153014.380191,2.240828514099121,0.806008517742157,3.0812151432037354
20250910_153014.390417,2.241549015045166,0.8061439394950867,3.0807294845581055
20250910_153014.400185,2.2422590255737305,0.8063371181488037,3.080301284790039
20250910_153014.410065,2.2429442405700684,0.8065147399902344,3.079864740371704
20250910_153014.420244,2.2436134815216064,0.8067439794540405,3.079375982284546
20250910_153014.430062,2.2441093921661377,0.8071995973587036,3.078857660293579
20250910_153014.439858,2.244795560836792,0.8073011040687561,3.078469753265381
20250910_153014.450180,2.2455148696899414,0.807422399520874,3.078028678894043
20250910_153014.460058,2.2462170124053955,0.8077215552330017,3.077594041824341
20250910_153014.470575,2.246891975402832,0.807965874671936,3.0771617889404297
20250910_153014.479910,2.247541904449463,0.8081614971160889,3.0766983032226562
20250910_153014.489636,2.2480878829956055,0.8085106611251831,3.076150417327881
20250910_153014.499953,2.2487170696258545,0.8087103962898254,3.075744390487671
20250910_153014.510383,2.249307155609131,0.8088852763175964,3.0753135681152344
20250910_153014.519899,2.249922275543213,0.809074878692627,3.074889659881592
20250910_153014.530138,2.250493049621582,0.8092930316925049,3.0744833946228027
20250910_153014.540048,2.251146078109741,0.8095040321350098,3.0740866661071777
20250910_153014.550189,2.2517833709716797,0.8097189664840698,3.0736989974975586
20250910_153014.560254,2.2523815631866455,0.8099287152290344,3.0733017921447754
20250910_153014.570279,2.2529642581939697,0.8101228475570679,3.0728602409362793
20250910_153014.580094,2.253415584564209,0.8104427456855774,3.0723507404327393
20250910_153014.590184,2.2539572715759277,0.8105826377868652,3.0719635486602783
20250910_153014.600174,2.254507064819336,0.8107278347015381,3.071556806564331
20250910_153014.610071,2.2550954818725586,0.8109033703804016,3.07120680809021
20250910_153014.620086,2.255603551864624,0.811080276966095,3.070836067199707
20250910_153014.630181,2.2561490535736084,0.8112417459487915,3.070486068725586
20250910_153014.639509,2.2566733360290527,0.8114226460456848,3.0701236724853516
20250910_153014.650106,2.257260322570801,0.8115605711936951,3.0697739124298096
20250910_153014.659919,2.257786750793457,0.8117470741271973,3.0694618225097656
20250910_153014.670221,2.2582828998565674,0.8119460344314575,3.0691308975219727
20250910_153014.680169,2.2588298320770264,0.812003493309021,3.068795680999756
20250910_153014.689547,2.259307622909546,0.8121922612190247,3.0684707164764404
20250910_153014.699926,2.25978684425354,0.8124374747276306,3.0681655406951904
20250910_153014.709718,2.260256052017212,0.8125484585762024,3.067833662033081
20250910_153014.720068,2.260711431503296,0.8126446604728699,3.0675694942474365
20250910_153014.730104,2.261232376098633,0.8127601146697998,3.0671756267547607
20250910_153014.740070,2.26173996925354,0.812893807888031,3.0668797492980957
20250910_153014.749764,2.2622411251068115,0.8130067586898804,3.0665810108184814
20250910_153014.760239,2.262730598449707,0.8131065964698792,3.0662426948547363
20250910_153014.770042,2.2631969451904297,0.8133180141448975,3.065941333770752
20250910_153014.779946,2.263603925704956,0.8134727478027344,3.065645217895508
20250910_153014.789785,2.2640535831451416,0.8135245442390442,3.0653603076934814
20250910_153014.800300,2.2644827365875244,0.81368488073349,3.0650737285614014
20250910_153014.810009,2.264953136444092,0.8139031529426575,3.0647997856140137
20250910_153014.819936,2.265389919281006,0.8140273094177246,3.0645411014556885
20250910_153014.829887,2.2657861709594727,0.8141968250274658,3.0642812252044678
20250910_153014.839424,2.2661685943603516,0.8143489956855774,3.0640580654144287
20250910_153014.849999,2.2665600776672363,0.814450204372406,3.063803195953369
20250910_153014.860169,2.267052412033081,0.8145307898521423,3.0635318756103516
20250910_153014.869773,2.2673585414886475,0.8148693442344666,3.0632898807525635
20250910_153014.879732,2.2677829265594482,0.8150820732116699,3.0630812644958496
20250910_153014.890032,2.268174648284912,0.8152578473091125,3.0628747940063477
20250910_153014.900066,2.268552780151367,0.8153858184814453,3.062652349472046
20250910_153014.910067,2.268968343734741,0.8154847621917725,3.0623226165771484
20250910_153014.919961,2.2693026065826416,0.8155569434165955,3.062124490737915
20250910_153014.930063,2.2696316242218018,0.8157617449760437,3.061938524246216
20250910_153014.940487,2.269963264465332,0.8160045146942139,3.0617215633392334
20250910_153014.949969,2.270265579223633,0.8161899447441101,3.06150221824646
20250910_153014.960141,2.2705776691436768,0.8163116574287415,3.061335802078247
20250910_153014.969966,2.270843029022217,0.8164563179016113,3.0611698627471924
20250910_153014.979942,2.271120071411133,0.8165771961212158,3.0609829425811768
20250910_153014.990080,2.2713749408721924,0.8166839480400085,3.060840606689453
20250910_153015.000227,2.2717084884643555,0.8167805671691895,3.06070613861084
20250910_153015.010053,2.271787405014038,0.8171878457069397,3.060429573059082
20250910_153015.020228,2.2720680236816406,0.8173460364341736,3.060244560241699
20250910_153015.029860,2.2722983360290527,0.81746506690979,3.060082197189331
20250910_153015.039829,2.2726032733917236,0.8174892663955688,3.0599942207336426
20250910_153015.049925,2.272813320159912,0.8175957202911377,3.0598807334899902
20250910_153015.060055,2.2730250358581543,0.8176858425140381,3.0597219467163086
20250910_153015.070415,2.27323317527771,0.8178521394729614,3.059612512588501
20250910_153015.079322,2.273451328277588,0.8181053996086121,3.059464454650879
20250910_153015.090246,2.2736775875091553,0.8182417750358582,3.05935001373291
20250910_153015.099643,2.273841142654419,0.8183311820030212,3.0592315196990967
20250910_153015.109888,2.273927927017212,0.8184884786605835,3.0591135025024414
20250910_153015.120085,2.2741198539733887,0.818683922290802,3.058992862701416
20250910_153015.130120,2.2742693424224854,0.8188448548316956,3.058906078338623
20250910_153015.139614,2.274427890777588,0.8191353678703308,3.058809280395508
20250910_153015.150844,2.274570941925049,0.8194313049316406,3.0587356090545654
20250910_153015.160251,2.274728298187256,0.8196043372154236,3.058647871017456
20250910_153015.169820,2.274798631668091,0.819778561592102,3.05859375
20250910_153015.180146,2.2748565673828125,0.8199785351753235,3.0585219860076904
20250910_153015.190193,2.2749414443969727,0.8201471567153931,3.058459758758545
20250910_153015.200176,2.2750535011291504,0.8203748464584351,3.058396816253662
20250910_153015.209947,2.2751810550689697,0.8207926750183105,3.0583720207214355
20250910_153015.220003,2.275221109390259,0.8210411071777344,3.058314085006714
20250910_153015.229879,2.275217056274414,0.8210376501083374,3.058220624923706
20250910_153015.239951,2.2752766609191895,0.8211614489555359,3.0582077503204346
20250910_153015.250238,2.2752625942230225,0.8213491439819336,3.058152198791504
20250910_153015.260123,2.2753005027770996,0.8215287327766418,3.0581440925598145
20250910_153015.270225,2.2753140926361084,0.8217428922653198,3.0580942630767822
20250910_153015.280136,2.2753376960754395,0.8220022320747375,3.0580623149871826
20250910_153015.290081,2.275308609008789,0.8222008347511292,3.058035373687744
20250910_153015.300128,2.275272846221924,0.8223089575767517,3.0580263137817383
20250910_153015.310021,2.2751948833465576,0.822486937046051,3.0579943656921387
20250910_153015.320233,2.275144577026367,0.822704553604126,3.0579936504364014
20250910_153015.330192,2.2751221656799316,0.8228625059127808,3.057995557785034
20250910_153015.340087,2.2750914096832275,0.8230167627334595,3.0580177307128906
20250910_153015.350640,2.2750720977783203,0.8231834769248962,3.058025598526001
20250910_153015.359387,2.274989128112793,0.8232983946800232,3.058042526245117
20250910_153015.370273,2.2749223709106445,0.823357880115509,3.058065176010132
20250910_153015.380228,2.2748212814331055,0.8234753012657166,3.0581183433532715
20250910_153015.390025,2.274782657623291,0.8236169219017029,3.05812931060791
20250910_153015.399976,2.2746922969818115,0.8237502574920654,3.058180570602417
20250910_153015.409929,2.2746007442474365,0.8238785266876221,3.058225631713867
20250910_153015.419681,2.274495840072632,0.8239631652832031,3.0582926273345947
20250910_153015.429940,2.2743842601776123,0.824024498462677,3.0583407878875732
20250910_153015.439994,2.2742621898651123,0.8240892887115479,3.0583975315093994
20250910_153015.450073,2.2741734981536865,0.824134111404419,3.0584397315979004
20250910_153015.460062,2.2740416526794434,0.8242243528366089,3.0585052967071533
20250910_153015.470546,2.273951530456543,0.8242387771606445,3.0585477352142334
20250910_153015.480139,2.2738046646118164,0.8242627382278442,3.0586211681365967
20250910_153015.490249,2.273594856262207,0.8243651390075684,3.0586442947387695
20250910_153015.500315,2.273430347442627,0.8243902325630188,3.058717727661133
20250910_153015.510144,2.2732951641082764,0.8244267702102661,3.0587847232818604
20250910_153015.520105,2.27312970161438,0.8244806528091431,3.0588631629943848
20250910_153015.530112,2.2729461193084717,0.8245251774787903,3.0589237213134766
20250910_153015.540368,2.2727837562561035,0.8244867324829102,3.0590295791625977
20250910_153015.550145,2.2725987434387207,0.8245325684547424,3.059089183807373
20250910_153015.560309,2.272409439086914,0.8245716691017151,3.059185743331909
20250910_153015.570029,2.2722408771514893,0.8245814442634583,3.059246301651001
20250910_153015.580144,2.2720463275909424,0.8245342969894409,3.0593552589416504
20250910_153015.590247,2.271878480911255,0.824589192867279,3.0594329833984375
20250910_153015.600210,2.27166748046875,0.824528157711029,3.059506893157959
20250910_153015.609968,2.2714738845825195,0.824508011341095,3.059577703475952
20250910_153015.619978,2.271296739578247,0.8244826197624207,3.059663772583008
20250910_153015.629889,2.2711031436920166,0.8245415687561035,3.0597426891326904
20250910_153015.640297,2.2708499431610107,0.8244990706443787,3.059826374053955
20250910_153015.650213,2.270608901977539,0.8243964910507202,3.05991792678833
20250910_153015.660186,2.270364761352539,0.8243573307991028,3.0600156784057617
20250910_153015.670086,2.2701005935668945,0.824343204498291,3.060137987136841
20250910_153015.679966,2.269840955734253,0.8243128657341003,3.060262680053711
20250910_153015.690408,2.2695603370666504,0.8243042826652527,3.0603671073913574
20250910_153015.699962,2.2692224979400635,0.8243005871772766,3.0604617595672607
20250910_153015.709858,2.2689363956451416,0.8242110013961792,3.0606026649475098
20250910_153015.719943,2.2686383724212646,0.8243752121925354,3.0607731342315674
20250910_153015.730319,2.2682559490203857,0.8242387771606445,3.0609352588653564
20250910_153015.739849,2.2679407596588135,0.824271023273468,3.0610597133636475
20250910_153015.750154,2.267651081085205,0.8242699503898621,3.0612289905548096
20250910_153015.759880,2.2672793865203857,0.8243225812911987,3.061350107192993
20250910_153015.770182,2.266906261444092,0.8242974281311035,3.0615038871765137
20250910_153015.779921,2.2665958404541016,0.8242422938346863,3.061643600463867
20250910_153015.789933,2.2662692070007324,0.8242176175117493,3.0617992877960205
20250910_153015.800188,2.265944480895996,0.8242785930633545,3.0619332790374756
20250910_153015.810221,2.265692949295044,0.8241986632347107,3.062148332595825
20250910_153015.820107,2.2653841972351074,0.8241896629333496,3.0622920989990234
20250910_153015.830133,2.264946460723877,0.8242952823638916,3.062474250793457
20250910_153015.840339,2.2645633220672607,0.8243198990821838,3.062631607055664
20250910_153015.850188,2.2641680240631104,0.8243047595024109,3.062821388244629
20250910_153015.860300,2.2636828422546387,0.8243866562843323,3.062929391860962
20250910_153015.870246,2.263258218765259,0.824463427066803,3.063082456588745
20250910_153015.879935,2.2628159523010254,0.8244995474815369,3.0632317066192627
20250910_153015.890388,2.2624170780181885,0.8245209455490112,3.063408374786377
20250910_153015.909955,2.2619705200195312,0.8245804905891418,3.063595771789551
20250910_153015.911653,2.2615368366241455,0.8245795369148254,3.06379771232605
20250910_153015.919833,2.2611043453216553,0.8245354890823364,3.064021110534668
20250910_153015.930143,2.2606256008148193,0.8245564103126526,3.0642638206481934
20250910_153015.940233,2.2601215839385986,0.8246319890022278,3.0644426345825195
20250910_153015.950139,2.2596898078918457,0.824673593044281,3.0646300315856934
20250910_153015.960244,2.259218692779541,0.824722945690155,3.064817428588867
20250910_153015.969971,2.2586166858673096,0.8248470425605774,3.0651001930236816
20250910_153015.980170,2.2582221031188965,0.8248359560966492,3.0652105808258057
20250910_153015.990011,2.257784843444824,0.8248089551925659,3.0654184818267822
20250910_153016.000201,2.2572813034057617,0.8248864412307739,3.065579891204834
20250910_153016.010260,2.2567830085754395,0.8249441385269165,3.0658040046691895
20250910_153016.020128,2.2562811374664307,0.824951171875,3.066060781478882
20250910_153016.030040,2.255803346633911,0.824979305267334,3.0662498474121094
20250910_153016.040066,2.255297899246216,0.825059711933136,3.06642746925354
20250910_153016.049934,2.254775285720825,0.8250555396080017,3.0666403770446777
20250910_153016.060076,2.2543225288391113,0.8250290155410767,3.0668420791625977
20250910_153016.069956,2.2538046836853027,0.8251150846481323,3.0670182704925537
20250910_153016.080055,2.253354787826538,0.8251276016235352,3.067180633544922
20250910_153016.089954,2.2528886795043945,0.8251125812530518,3.06734037399292
20250910_153016.100386,2.252420663833618,0.8250892162322998,3.067518949508667
20250910_153016.110139,2.2519800662994385,0.8250542283058167,3.0676920413970947
20250910_153016.120011,2.2514758110046387,0.8249752521514893,3.0678324699401855
20250910_153016.130171,2.2510011196136475,0.8249773383140564,3.0680038928985596
20250910_153016.140134,2.25050950050354,0.8250726461410522,3.068164348602295
20250910_153016.150345,2.250077962875366,0.8251243233680725,3.0683274269104004
20250910_153016.159569,2.2496018409729004,0.8251613974571228,3.068488836288452
20250910_153016.169899,2.2490835189819336,0.8250764012336731,3.068758249282837
20250910_153016.180251,2.2486236095428467,0.8250516057014465,3.0689504146575928
20250910_153016.189747,2.248220443725586,0.824999988079071,3.0691428184509277
20250910_153016.200188,2.247828483581543,0.8250647783279419,3.069344997406006
20250910_153016.210072,2.2474429607391357,0.8251532316207886,3.069514036178589
20250910_153016.220532,2.2469611167907715,0.8251616358757019,3.069828748703003
20250910_153016.229954,2.2465109825134277,0.8250933885574341,3.070004940032959
20250910_153016.240593,2.2460484504699707,0.8250505328178406,3.070192575454712
20250910_153016.249880,2.2456235885620117,0.825080156326294,3.070340871810913
20250910_153016.260393,2.24517822265625,0.8250661492347717,3.0705206394195557
20250910_153016.269904,2.244790554046631,0.8252001404762268,3.070697784423828
20250910_153016.279797,2.2444238662719727,0.8251811861991882,3.07086443901062
20250910_153016.290143,2.2440717220306396,0.8251301050186157,3.071018934249878
20250910_153016.300280,2.243635416030884,0.8250887393951416,3.071220636367798
20250910_153016.309809,2.243269205093384,0.8251421451568604,3.0713980197906494
20250910_153016.319723,2.2429163455963135,0.8251656889915466,3.071587324142456
20250910_153016.330037,2.242593765258789,0.8251743316650391,3.0717451572418213
20250910_153016.340171,2.2422797679901123,0.8251804709434509,3.0719189643859863
20250910_153016.349896,2.2419474124908447,0.8252503275871277,3.072110176086426
20250910_153016.360138,2.2416303157806396,0.8252042531967163,3.072288751602173
20250910_153016.369743,2.241272211074829,0.8251878619194031,3.0724895000457764
20250910_153016.380311,2.2409303188323975,0.8252424597740173,3.072676658630371
20250910_153016.390143,2.2406015396118164,0.8252987861633301,3.072870969772339
20250910_153016.400245,2.240327835083008,0.8253113627433777,3.073040246963501
20250910_153016.410203,2.2399673461914062,0.8254085779190063,3.0732147693634033
20250910_153016.420038,2.23968505859375,0.8254395127296448,3.0733883380889893
20250910_153016.430056,2.2393555641174316,0.825403094291687,3.0735886096954346
20250910_153016.440426,2.239035129547119,0.8254265189170837,3.073791742324829
20250910_153016.449786,2.2387375831604004,0.825470507144928,3.07397723197937
20250910_153016.459963,2.2384676933288574,0.8254392147064209,3.0741562843322754
20250910_153016.470024,2.2382118701934814,0.8254558444023132,3.074357271194458
20250910_153016.480061,2.237907648086548,0.825560986995697,3.074575424194336
20250910_153016.489940,2.2376160621643066,0.8255876302719116,3.0747926235198975
20250910_153016.500148,2.237330436706543,0.8255003690719604,3.075014114379883
20250910_153016.510025,2.2370545864105225,0.8254885673522949,3.075214385986328
20250910_153016.520007,2.2368130683898926,0.825510561466217,3.0754122734069824
20250910_153016.529703,2.23661470413208,0.8255084156990051,3.075575113296509
20250910_153016.539944,2.236412286758423,0.8255448341369629,3.075739622116089
20250910_153016.549662,2.2361838817596436,0.8255828022956848,3.075916290283203
20250910_153016.560492,2.235927104949951,0.8255198001861572,3.0760762691497803
20250910_153016.570410,2.235715866088867,0.8254328966140747,3.0762617588043213
20250910_153016.580208,2.2354676723480225,0.8254235982894897,3.0764236450195312
20250910_153016.590209,2.235293388366699,0.8253470063209534,3.0767040252685547
20250910_153016.600142,2.2351129055023193,0.8253527879714966,3.076878547668457
20250910_153016.610027,2.2348968982696533,0.8253981471061707,3.0770814418792725
20250910_153016.620054,2.234668493270874,0.8254011273384094,3.0772628784179688
20250910_153016.629977,2.234468460083008,0.8253483772277832,3.077470064163208
20250910_153016.640018,2.234325885772705,0.8251801133155823,3.07773756980896
20250910_153016.650151,2.2341418266296387,0.8252078890800476,3.077944278717041
20250910_153016.659955,2.2339541912078857,0.8252520561218262,3.0781335830688477
20250910_153016.669915,2.233774423599243,0.8252828121185303,3.0783231258392334
20250910_153016.680117,2.233581781387329,0.8252934813499451,3.0785162448883057
20250910_153016.690162,2.233412742614746,0.8252684473991394,3.078714609146118
20250910_153016.700157,2.2331972122192383,0.8251864910125732,3.07889986038208
20250910_153016.710055,2.2330408096313477,0.8251502513885498,3.0791449546813965
20250910_153016.720150,2.232872724533081,0.8252415060997009,3.0793564319610596
20250910_153016.730017,2.2327427864074707,0.8253450989723206,3.079559087753296
20250910_153016.739956,2.2325706481933594,0.8253595232963562,3.0797553062438965
20250910_153016.750186,2.2323975563049316,0.8252981901168823,3.0799243450164795
20250910_153016.760109,2.2322516441345215,0.8251625895500183,3.0802090167999268
20250910_153016.769750,2.2320382595062256,0.8251825571060181,3.0803873538970947
20250910_153016.779977,2.2319157123565674,0.8251805305480957,3.0805861949920654
20250910_153016.790110,2.2317914962768555,0.8252798914909363,3.0807604789733887
20250910_153016.800256,2.2316815853118896,0.8252992630004883,3.0809452533721924
20250910_153016.809785,2.231511116027832,0.8252796530723572,3.0811643600463867
20250910_153016.820283,2.2313809394836426,0.825236439704895,3.081350326538086
20250910_153016.829921,2.2311642169952393,0.8252268433570862,3.0815796852111816
20250910_153016.840215,2.23105525970459,0.8251269459724426,3.0817928314208984
20250910_153016.849922,2.2309746742248535,0.8251434564590454,3.082031488418579
20250910_153016.860166,2.2308216094970703,0.8253231644630432,3.082268238067627
20250910_153016.870274,2.230713129043579,0.8253211975097656,3.082486391067505
20250910_153016.879999,2.2306084632873535,0.8252256512641907,3.082723379135132
20250910_153016.889794,2.230457305908203,0.8251461386680603,3.082996129989624
20250910_153016.900211,2.2303576469421387,0.8250877261161804,3.083231210708618
20250910_153016.910005,2.2302610874176025,0.8250776529312134,3.083498001098633
20250910_153016.920023,2.230189323425293,0.8251512050628662,3.08378529548645
20250910_153016.930073,2.2301156520843506,0.8251646757125854,3.0840389728546143
20250910_153016.940185,2.2300140857696533,0.8251298666000366,3.0842881202697754
20250910_153016.949914,2.229982376098633,0.8249751925468445,3.0845720767974854
20250910_153016.959964,2.2298336029052734,0.8250284194946289,3.0848467350006104
20250910_153016.970419,2.2297842502593994,0.8250079154968262,3.0851058959960938
20250910_153016.980216,2.2297472953796387,0.8249538540840149,3.0854012966156006
20250910_153016.989867,2.229706048965454,0.8250656127929688,3.0856993198394775
20250910_153016.999996,2.22969651222229,0.8250806927680969,3.0859899520874023
20250910_153017.010307,2.229642391204834,0.8250327706336975,3.086296319961548
20250910_153017.019866,2.2295823097229004,0.8250184655189514,3.0866074562072754
20250910_153017.030235,2.22952938079834,0.8250305652618408,3.086933135986328
20250910_153017.040184,2.2295138835906982,0.8250199556350708,3.0872437953948975
20250910_153017.049901,2.229499101638794,0.8250232934951782,3.087564468383789
20250910_153017.060141,2.2294888496398926,0.8250843286514282,3.087879180908203
20250910_153017.070358,2.2294578552246094,0.8250964283943176,3.0882086753845215
20250910_153017.079919,2.229435682296753,0.825071394443512,3.088581085205078
20250910_153017.089941,2.2293589115142822,0.825063943862915,3.0889275074005127
20250910_153017.100293,2.2292890548706055,0.8251435160636902,3.0892844200134277
20250910_153017.110000,2.2292768955230713,0.8251893520355225,3.0896668434143066
20250910_153017.119788,2.2292661666870117,0.8252747654914856,3.090062141418457
20250910_153017.130117,2.2292606830596924,0.8253976106643677,3.0904366970062256
20250910_153017.139877,2.2292134761810303,0.8254485726356506,3.090820789337158
20250910_153017.150116,2.2291831970214844,0.8254294395446777,3.0912225246429443
20250910_153017.160035,2.229139804840088,0.8254671692848206,3.0916459560394287
20250910_153017.170140,2.22912335395813,0.8255730867385864,3.092092990875244
20250910_153017.180134,2.2291696071624756,0.8256557583808899,3.092569351196289
20250910_153017.189703,2.229159355163574,0.825761616230011,3.0929923057556152
20250910_153017.200143,2.2291088104248047,0.8258888721466064,3.093414306640625
20250910_153017.209458,2.229086399078369,0.825937807559967,3.0938291549682617
20250910_153017.220141,2.2290537357330322,0.825920045375824,3.094254970550537
20250910_153017.229905,2.2290279865264893,0.8259814977645874,3.0947139263153076
20250910_153017.240145,2.229011297225952,0.8261540532112122,3.0951344966888428
20250910_153017.249919,2.229013204574585,0.8262904286384583,3.0956056118011475
20250910_153017.260136,2.22898530960083,0.826391339302063,3.0960533618927
20250910_153017.269925,2.2289137840270996,0.8264888525009155,3.0965161323547363
20250910_153017.280098,2.2288594245910645,0.8265382647514343,3.0969362258911133
20250910_153017.289962,2.2288029193878174,0.8265671133995056,3.0973868370056152
20250910_153017.300087,2.2287776470184326,0.82672119140625,3.097829818725586
20250910_153017.310098,2.2287392616271973,0.8268663883209229,3.098238706588745
20250910_153017.319741,2.2287206649780273,0.8269447684288025,3.09869122505188
20250910_153017.330034,2.228787660598755,0.8269401788711548,3.099165201187134
20250910_153017.339952,2.228736639022827,0.8270270228385925,3.0996432304382324
20250910_153017.350068,2.228689193725586,0.8270891904830933,3.1000921726226807
20250910_153017.359899,2.2286641597747803,0.8270978927612305,3.1005513668060303
20250910_153017.370072,2.2286524772644043,0.8271689414978027,3.100966215133667
20250910_153017.380023,2.228590488433838,0.8272380828857422,3.1014091968536377
20250910_153017.390084,2.2285850048065186,0.8272732496261597,3.1018197536468506
20250910_153017.400188,2.22855281829834,0.8272820115089417,3.102257490158081
20250910_153017.410241,2.228506326675415,0.8273227214813232,3.102674961090088
20250910_153017.419957,2.2285053730010986,0.8272793889045715,3.1030962467193604
20250910_153017.430267,2.228511095046997,0.8272866606712341,3.103541851043701
20250910_153017.440081,2.2285001277923584,0.8273608088493347,3.103952407836914
20250910_153017.449967,2.228508472442627,0.8273839950561523,3.1043550968170166
20250910_153017.460009,2.228549003601074,0.8273522257804871,3.104764223098755
20250910_153017.470105,2.2285315990448,0.8273252844810486,3.1051595211029053
20250910_153017.479905,2.228555917739868,0.8272966146469116,3.105531692504883
20250910_153017.490040,2.2285680770874023,0.8272129893302917,3.105937957763672
20250910_153017.500149,2.228600025177002,0.8271569013595581,3.106313705444336
20250910_153017.510005,2.2286274433135986,0.827151358127594,3.106703042984009
20250910_153017.520036,2.2286782264709473,0.8271034359931946,3.1070556640625
20250910_153017.530115,2.2287421226501465,0.8270533680915833,3.1074154376983643
20250910_153017.540037,2.228778600692749,0.8270480632781982,3.107793092727661
20250910_153017.549912,2.2288382053375244,0.8269096612930298,3.1081795692443848
20250910_153017.559906,2.228869915008545,0.8268147110939026,3.108556032180786
20250910_153017.570003,2.2289059162139893,0.8267889618873596,3.1089351177215576
20250910_153017.580111,2.22894024848938,0.8267707824707031,3.10929536819458
20250910_153017.590110,2.2290239334106445,0.8266934752464294,3.1096107959747314
20250910_153017.600188,2.2290992736816406,0.8266097903251648,3.109919548034668
20250910_153017.610131,2.2291383743286133,0.8265565037727356,3.1102354526519775
20250910_153017.620139,2.2292168140411377,0.8264375925064087,3.1105222702026367
20250910_153017.630137,2.229318141937256,0.8262949585914612,3.1108479499816895
20250910_153017.639765,2.2294669151306152,0.8261858820915222,3.1111154556274414
20250910_153017.650195,2.229550361633301,0.8261905312538147,3.111356258392334
20250910_153017.660347,2.2296929359436035,0.8260927796363831,3.1116442680358887
20250910_153017.670047,2.229832887649536,0.825993001461029,3.111893653869629
20250910_153017.680395,2.2299134731292725,0.8259090781211853,3.112161636352539
20250910_153017.690031,2.230062484741211,0.8257125020027161,3.112412691116333
20250910_153017.700258,2.2301995754241943,0.8255292773246765,3.112668991088867
20250910_153017.710354,2.230353355407715,0.8254668116569519,3.1129038333892822
20250910_153017.720140,2.230447292327881,0.8253569006919861,3.1131317615509033
20250910_153017.730466,2.2306125164031982,0.8252687454223633,3.1133739948272705
20250910_153017.740445,2.230729818344116,0.8250903487205505,3.1136035919189453
20250910_153017.750278,2.230820655822754,0.8249893188476562,3.1138386726379395
20250910_153017.760445,2.2309446334838867,0.8248333930969238,3.1140575408935547
20250910_153017.770126,2.2311270236968994,0.8246453404426575,3.114285945892334
20250910_153017.780037,2.231370210647583,0.8244757056236267,3.1145107746124268
20250910_153017.790100,2.2315967082977295,0.8243722319602966,3.114689350128174
20250910_153017.799871,2.231724500656128,0.8241755962371826,3.1148693561553955
20250910_153017.810177,2.2318644523620605,0.8240131139755249,3.115034341812134
20250910_153017.819733,2.2319889068603516,0.8238770365715027,3.115238904953003
20250910_153017.830179,2.2321674823760986,0.8237348198890686,3.1154229640960693
20250910_153017.839880,2.2323732376098633,0.823564350605011,3.1155803203582764
20250910_153017.850496,2.2325525283813477,0.8234511613845825,3.115739583969116
20250910_153017.859223,2.2326889038085938,0.8233417272567749,3.1159098148345947
20250910_153017.869856,2.2328779697418213,0.8232073783874512,3.1160635948181152
20250910_153017.879859,2.233041524887085,0.8230832815170288,3.116196870803833
20250910_153017.889894,2.2332589626312256,0.8229210376739502,3.116366147994995
20250910_153017.900051,2.2334554195404053,0.822758138179779,3.116474151611328
20250910_153017.909881,2.2336418628692627,0.82260662317276,3.116629123687744
20250910_153017.920063,2.2338035106658936,0.8225172162055969,3.1167349815368652
20250910_153017.929995,2.2339847087860107,0.8224480748176575,3.116868495941162
20250910_153017.940251,2.234172821044922,0.8223310112953186,3.11700701713562
20250910_153017.949967,2.234337568283081,0.8222379684448242,3.1171376705169678
20250910_153017.960046,2.2344770431518555,0.82216477394104,3.1172659397125244
20250910_153017.970067,2.2346575260162354,0.8220053911209106,3.11739182472229
20250910_153017.979917,2.234797239303589,0.8219019174575806,3.1175332069396973
20250910_153017.989811,2.234961986541748,0.8219325542449951,3.117652654647827
20250910_153018.000424,2.2351291179656982,0.8218656778335571,3.1177709102630615
20250910_153018.009924,2.2352707386016846,0.8217875957489014,3.1178886890411377
20250910_153018.020105,2.235379219055176,0.8217592239379883,3.1180357933044434
20250910_153018.030183,2.235485315322876,0.8216938376426697,3.1181819438934326
20250910_153018.039787,2.235629081726074,0.8216342329978943,3.1183102130889893
20250910_153018.050271,2.235745906829834,0.8216479420661926,3.1184566020965576
20250910_153018.060104,2.2359237670898438,0.8216390609741211,3.118623971939087
20250910_153018.070265,2.236009120941162,0.8216525316238403,3.1187641620635986
20250910_153018.079915,2.2361865043640137,0.8215633630752563,3.1189613342285156
20250910_153018.089794,2.2362611293792725,0.8215819597244263,3.119095802307129
20250910_153018.100033,2.2363593578338623,0.821612536907196,3.119255542755127
20250910_153018.109999,2.236445903778076,0.8216392397880554,3.119408369064331
20250910_153018.120429,2.2365386486053467,0.8217287659645081,3.119579792022705
20250910_153018.130208,2.23661732673645,0.8218284249305725,3.119732618331909
20250910_153018.139864,2.2366743087768555,0.8218738436698914,3.1198949813842773
20250910_153018.150290,2.2367281913757324,0.8219688534736633,3.1200881004333496
20250910_153018.159927,2.2367522716522217,0.8220205307006836,3.120298147201538
20250910_153018.169742,2.2367711067199707,0.8221062421798706,3.120532751083374
20250910_153018.180088,2.236816644668579,0.8221737742424011,3.120720863342285
20250910_153018.189747,2.236833333969116,0.822294294834137,3.1209471225738525
20250910_153018.199778,2.236839532852173,0.8224360942840576,3.1211435794830322
20250910_153018.210124,2.2368197441101074,0.8225177526473999,3.1214048862457275
20250910_153018.219784,2.236799716949463,0.8226035833358765,3.1216416358947754
20250910_153018.230477,2.236762523651123,0.8227067589759827,3.121890068054199
20250910_153018.240225,2.23673677444458,0.8228065371513367,3.1221189498901367
20250910_153018.250270,2.236656904220581,0.8229081034660339,3.1223790645599365
20250910_153018.260030,2.2365968227386475,0.8230851888656616,3.122586727142334
20250910_153018.269924,2.2365355491638184,0.8232199549674988,3.122835874557495
20250910_153018.279773,2.236457347869873,0.823380172252655,3.123106002807617
20250910_153018.290308,2.2363264560699463,0.8235248923301697,3.1233479976654053
20250910_153018.299969,2.2362008094787598,0.8236942887306213,3.123610496520996
20250910_153018.310149,2.236097574234009,0.8238568902015686,3.123852014541626
20250910_153018.320308,2.2359981536865234,0.8240300416946411,3.1241185665130615
20250910_153018.330183,2.2358005046844482,0.8242698311805725,3.124375820159912
20250910_153018.340117,2.2356321811676025,0.8244617581367493,3.1246392726898193
20250910_153018.350216,2.2354705333709717,0.8246012926101685,3.124910593032837
20250910_153018.360001,2.235233783721924,0.8250039219856262,3.125267267227173
20250910_153018.369970,2.2350361347198486,0.8250963687896729,3.1254403591156006
20250910_153018.380137,2.2348177433013916,0.8255646824836731,3.125777006149292
20250910_153018.389970,2.2345175743103027,0.8256563544273376,3.125988245010376
20250910_153018.399926,2.2342851161956787,0.8258804678916931,3.126267433166504
20250910_153018.409889,2.234041213989258,0.8260872960090637,3.126530170440674
20250910_153018.420218,2.233788013458252,0.8262636065483093,3.126809597015381
20250910_153018.429949,2.233536958694458,0.8264795541763306,3.1270689964294434
20250910_153018.440512,2.2332794666290283,0.826752781867981,3.1273317337036133
20250910_153018.449917,2.2330305576324463,0.8269347548484802,3.1275813579559326
20250910_153018.460026,2.2327492237091064,0.8272072076797485,3.1278271675109863
20250910_153018.469795,2.2324109077453613,0.8274853825569153,3.128065824508667
20250910_153018.479848,2.2320609092712402,0.8277224898338318,3.1283135414123535
20250910_153018.490037,2.231639862060547,0.8279653191566467,3.1285746097564697
20250910_153018.500074,2.231262445449829,0.8282232880592346,3.128810167312622
20250910_153018.510055,2.2309060096740723,0.8285093903541565,3.129058599472046
20250910_153018.520249,2.230614423751831,0.8287355303764343,3.129307508468628
20250910_153018.530225,2.230008125305176,0.8293237686157227,3.129307270050049
20250910_153018.540424,2.2297918796539307,0.8294000029563904,3.129772424697876
20250910_153018.550258,2.229386568069458,0.8295770287513733,3.130002975463867
20250910_153018.559942,2.2290167808532715,0.8297880291938782,3.130248546600342
20250910_153018.569924,2.228485345840454,0.8301645517349243,3.130446195602417
20250910_153018.580193,2.228072166442871,0.8305081129074097,3.1306796073913574
20250910_153018.590147,2.2276413440704346,0.8307794332504272,3.1308891773223877
20250910_153018.599569,2.2272210121154785,0.8312506675720215,3.131135940551758
20250910_153018.610057,2.226713180541992,0.8313072919845581,3.131342649459839
20250910_153018.620046,2.2261765003204346,0.8316056132316589,3.1315319538116455
20250910_153018.630213,2.225698709487915,0.8318776488304138,3.1317639350891113
20250910_153018.640278,2.2252280712127686,0.832297146320343,3.131978750228882
20250910_153018.650435,2.2247135639190674,0.8326669931411743,3.1321780681610107
20250910_153018.660134,2.2242002487182617,0.8329420685768127,3.1324172019958496
20250910_153018.670285,2.223663568496704,0.8332532644271851,3.132643222808838
20250910_153018.679471,2.2231054306030273,0.8335263729095459,3.1328952312469482
20250910_153018.689488,2.222621440887451,0.833949625492096,3.133145570755005
20250910_153018.699579,2.2220141887664795,0.8340675234794617,3.133347749710083
20250910_153018.709900,2.2213523387908936,0.8345999717712402,3.1335561275482178
20250910_153018.719900,2.2207753658294678,0.8349153995513916,3.133784055709839
20250910_153018.729871,2.220181941986084,0.8351918458938599,3.1340348720550537
20250910_153018.740017,2.2195348739624023,0.8354998230934143,3.134277820587158
20250910_153018.750103,2.2189457416534424,0.8358083367347717,3.1345200538635254
20250910_153018.759944,2.218317985534668,0.836104691028595,3.134761095046997
20250910_153018.769624,2.2176108360290527,0.8365867137908936,3.135004758834839
20250910_153018.779888,2.216973066329956,0.8369091749191284,3.135267496109009
20250910_153018.790080,2.2163147926330566,0.837225079536438,3.135488748550415
20250910_153018.800262,2.215639591217041,0.8375295996665955,3.1357204914093018
20250910_153018.809439,2.214938163757324,0.837868332862854,3.136007070541382
20250910_153018.820169,2.2141666412353516,0.83822101354599,3.1362550258636475
20250910_153018.829934,2.2134053707122803,0.8385231494903564,3.1365153789520264
20250910_153018.839964,2.2126669883728027,0.8388381600379944,3.136735677719116
20250910_153018.849872,2.211951971054077,0.8391472101211548,3.1369922161102295
20250910_153018.860157,2.2111997604370117,0.8394309282302856,3.1372861862182617
20250910_153018.870337,2.2103312015533447,0.8397965431213379,3.1375582218170166
20250910_153018.880017,2.2095251083374023,0.8400923609733582,3.137866973876953
20250910_153018.889829,2.208498239517212,0.8406218886375427,3.137932538986206
20250910_153018.900159,2.2076921463012695,0.840884804725647,3.138234853744507
20250910_153018.909927,2.2068440914154053,0.8412680625915527,3.13854718208313
20250910_153018.920210,2.206179618835449,0.8414934873580933,3.1391429901123047
20250910_153018.929925,2.2053611278533936,0.8415489196777344,3.139404058456421
20250910_153018.939811,2.204462766647339,0.841786801815033,3.139707326889038
20250910_153018.950047,2.203580617904663,0.8420383930206299,3.14003586769104
20250910_153018.960010,2.2024052143096924,0.8426901698112488,3.1401023864746094
20250910_153018.979822,2.2015154361724854,0.8429293632507324,3.140392541885376
20250910_153018.981667,2.200744867324829,0.8429858684539795,3.140925407409668
20250910_153018.990144,2.1998236179351807,0.8432356715202332,3.1412391662597656
20250910_153018.999873,2.1988508701324463,0.8434199690818787,3.1416053771972656
20250910_153019.010024,2.197880744934082,0.8437064290046692,3.1419243812561035
20250910_153019.020303,2.1968917846679688,0.84394371509552,3.1422905921936035
20250910_153019.029995,2.1959145069122314,0.844081699848175,3.142719268798828
20250910_153019.039974,2.194965362548828,0.8444125056266785,3.1430256366729736
20250910_153019.050195,2.193983316421509,0.8447046875953674,3.14332914352417
20250910_153019.060104,2.1929376125335693,0.8449497818946838,3.143726348876953
20250910_153019.070038,2.19191575050354,0.8451185822486877,3.1441266536712646
20250910_153019.080042,2.190917491912842,0.8452993035316467,3.1444926261901855
20250910_153019.090013,2.189845323562622,0.845547616481781,3.1448495388031006
20250910_153019.100243,2.188772201538086,0.845798134803772,3.1452972888946533
20250910_153019.110230,2.1878015995025635,0.8459507822990417,3.1456589698791504
20250910_153019.120030,2.186770439147949,0.8461907505989075,3.1460583209991455
20250910_153019.130069,2.185662269592285,0.8464341759681702,3.1464686393737793
20250910_153019.140244,2.1846096515655518,0.8465580344200134,3.146845817565918
20250910_153019.150659,2.183591604232788,0.8467192649841309,3.1472291946411133
20250910_153019.159535,2.1825461387634277,0.8469123244285583,3.1476032733917236
20250910_153019.170464,2.1814639568328857,0.8471537232398987,3.147953748703003
20250910_153019.179632,2.1803975105285645,0.8473418354988098,3.1483230590820312
20250910_153019.189951,2.179205894470215,0.8475931286811829,3.148679256439209
20250910_153019.200044,2.1782419681549072,0.8475155234336853,3.1491591930389404
20250910_153019.209916,2.1770827770233154,0.8476683497428894,3.1495463848114014
20250910_153019.219912,2.176008462905884,0.8478431701660156,3.1499276161193848
20250910_153019.230045,2.174970865249634,0.847977340221405,3.150322437286377
20250910_153019.239555,2.173935890197754,0.8480580449104309,3.150681734085083
20250910_153019.250108,2.1727328300476074,0.8483161330223083,3.151128053665161
20250910_153019.259942,2.1716105937957764,0.8484016060829163,3.1515159606933594
20250910_153019.270466,2.170584201812744,0.8483961820602417,3.151920795440674
20250910_153019.279942,2.169468879699707,0.8484852910041809,3.152280807495117
20250910_153019.289259,2.168388843536377,0.8485419750213623,3.1526272296905518
20250910_153019.300194,2.1672921180725098,0.8485990166664124,3.1530425548553467
20250910_153019.310142,2.1662425994873047,0.8486849069595337,3.1533689498901367
20250910_153019.320138,2.165168285369873,0.8487211465835571,3.1537482738494873
20250910_153019.330044,2.164013624191284,0.8489477038383484,3.153963565826416
20250910_153019.339616,2.1629879474639893,0.8487523794174194,3.1545090675354004
20250910_153019.350180,2.161804676055908,0.8488093018531799,3.154836893081665
20250910_153019.359878,2.1609251499176025,0.8486720323562622,3.1552932262420654
20250910_153019.369973,2.1599392890930176,0.8486334681510925,3.1556427478790283
20250910_153019.379936,2.1589159965515137,0.8486127853393555,3.156024932861328
20250910_153019.390019,2.1578259468078613,0.8486950397491455,3.1563467979431152
20250910_153019.400099,2.1568374633789062,0.8486084938049316,3.156676769256592
20250910_153019.410210,2.1556758880615234,0.8483403921127319,3.1571223735809326
20250910_153019.420225,2.1546497344970703,0.8483786582946777,3.1574294567108154
20250910_153019.440488,2.153505563735962,0.8483884930610657,3.1578500270843506
20250910_153019.442719,2.152547597885132,0.8483042120933533,3.1581640243530273
20250910_153019.450113,2.151653528213501,0.8483219146728516,3.1583073139190674
20250910_153019.459814,2.1505916118621826,0.8483306169509888,3.1585869789123535
20250910_153019.469656,2.14957857131958,0.8481400609016418,3.158954620361328
20250910_153019.480115,2.14849591255188,0.8480761647224426,3.1592864990234375
20250910_153019.490063,2.1475729942321777,0.8479991555213928,3.1596174240112305
20250910_153019.500107,2.146592617034912,0.847926676273346,3.159914970397949
20250910_153019.509458,2.145660400390625,0.8477773070335388,3.160278797149658
20250910_153019.520042,2.1447339057922363,0.8476742506027222,3.1605138778686523
20250910_153019.529968,2.143610715866089,0.8476731181144714,3.1609303951263428
20250910_153019.539735,2.1426877975463867,0.8475879430770874,3.161078453063965
20250910_153019.549588,2.141807794570923,0.8474450707435608,3.161360025405884
20250910_153019.559946,2.1408495903015137,0.8472716808319092,3.1618146896362305
20250910_153019.570104,2.1399617195129395,0.8471423387527466,3.1620640754699707
20250910_153019.580075,2.1389987468719482,0.8469862937927246,3.1623494625091553
20250910_153019.589734,2.1379568576812744,0.8468799591064453,3.1626088619232178
20250910_153019.600303,2.137024402618408,0.8467815518379211,3.1628615856170654
20250910_153019.610245,2.136154890060425,0.8466207385063171,3.1631076335906982
20250910_153019.620047,2.135317325592041,0.846630871295929,3.1631948947906494
20250910_153019.629600,2.134460926055908,0.8465731143951416,3.1634633541107178
20250910_153019.640348,2.1334333419799805,0.8466200828552246,3.163728713989258
20250910_153019.650316,2.1325504779815674,0.8463378548622131,3.1640865802764893
20250910_153019.660198,2.131671905517578,0.846117377281189,3.1644625663757324
20250910_153019.670419,2.1308138370513916,0.8460602164268494,3.164649486541748
20250910_153019.680009,2.1299493312835693,0.8458755016326904,3.164968729019165
20250910_153019.690269,2.129138946533203,0.8458455801010132,3.165111541748047
20250910_153019.700004,2.128242254257202,0.845837414264679,3.1653456687927246
20250910_153019.709496,2.1273741722106934,0.8457425832748413,3.1655447483062744
20250910_153019.719671,2.126655101776123,0.8454525470733643,3.1658339500427246
20250910_153019.740299,2.12585711479187,0.8452492356300354,3.166062116622925
20250910_153019.741489,2.124995470046997,0.8451198935508728,3.166344165802002
20250910_153019.749678,2.124114751815796,0.8450703620910645,3.1667003631591797
20250910_153019.759953,2.123354196548462,0.8448890447616577,3.1668190956115723
20250910_153019.770236,2.122532844543457,0.8448703289031982,3.166996479034424
20250910_153019.780089,2.1216821670532227,0.8447917699813843,3.1671578884124756
20250910_153019.789800,2.120920419692993,0.8446420431137085,3.167386770248413
20250910_153019.799966,2.120234727859497,0.8445166349411011,3.167588233947754
20250910_153019.809581,2.1194851398468018,0.8445090055465698,3.1677560806274414
20250910_153019.820122,2.1187894344329834,0.8444036245346069,3.1678435802459717
20250910_153019.829859,2.1179795265197754,0.8443208932876587,3.168058395385742
20250910_153019.840285,2.1171889305114746,0.8443372249603271,3.1682376861572266
20250910_153019.850082,2.116393566131592,0.8442753553390503,3.168395757675171
20250910_153019.860100,2.11566424369812,0.844048023223877,3.1686689853668213
20250910_153019.869841,2.1149356365203857,0.843802273273468,3.1689341068267822
20250910_153019.879701,2.1142656803131104,0.8436968326568604,3.1691060066223145
20250910_153019.889724,2.1135480403900146,0.8435481190681458,3.1693248748779297
20250910_153019.900363,2.112891674041748,0.8435396552085876,3.1693711280822754
20250910_153019.910047,2.1121442317962646,0.8435459136962891,3.1695773601531982
20250910_153019.920202,2.11149001121521,0.8433997631072998,3.16975736618042
20250910_153019.930029,2.110805034637451,0.8432853817939758,3.169926881790161
20250910_153019.939968,2.1102120876312256,0.8431400060653687,3.170128583908081
20250910_153019.949491,2.1095473766326904,0.8430616855621338,3.170339345932007
20250910_153019.959443,2.108851909637451,0.842866837978363,3.170663833618164
20250910_153019.970349,2.108253240585327,0.8428154587745667,3.170844078063965
20250910_153019.980262,2.1076247692108154,0.8427576422691345,3.1710240840911865
20250910_153019.990038,2.107025384902954,0.8426401019096375,3.171226978302002
20250910_153020.000027,2.106363534927368,0.8425976037979126,3.1714203357696533
20250910_153020.010068,2.105804204940796,0.8425667881965637,3.171596050262451
20250910_153020.020242,2.105210065841675,0.8424871563911438,3.1717538833618164
20250910_153020.030216,2.104665517807007,0.8424203395843506,3.171971321105957
20250910_153020.040183,2.1041107177734375,0.842450737953186,3.1720707416534424
20250910_153020.050119,2.103590965270996,0.8424638509750366,3.1722190380096436
20250910_153020.060188,2.1030850410461426,0.8422895073890686,3.172569751739502
20250910_153020.070206,2.1025145053863525,0.8423964381217957,3.1726324558258057
20250910_153020.080579,2.1019785404205322,0.8422659635543823,3.172996759414673
20250910_153020.090050,2.101473808288574,0.8422929644584656,3.1732287406921387
20250910_153020.100003,2.1010007858276367,0.8422418832778931,3.1734566688537598
20250910_153020.110259,2.100651979446411,0.8419649004936218,3.17387056350708
20250910_153020.119919,2.1001052856445312,0.8421487212181091,3.174013614654541
20250910_153020.130073,2.0997419357299805,0.841910719871521,3.174450635910034
20250910_153020.140038,2.0993289947509766,0.8419225811958313,3.1747305393218994
20250910_153020.150514,2.0988128185272217,0.8421171307563782,3.174874782562256
20250910_153020.159833,2.0984442234039307,0.842146098613739,3.1751012802124023
20250910_153020.169993,2.098083257675171,0.8420904874801636,3.1754913330078125
20250910_153020.180415,2.0976202487945557,0.8422622084617615,3.175670862197876
20250910_153020.189952,2.097278118133545,0.8422179818153381,3.1760220527648926
20250910_153020.200117,2.096867799758911,0.8423166871070862,3.176330327987671
20250910_153020.209957,2.096501588821411,0.8423548340797424,3.176614761352539
20250910_153020.220292,2.0961081981658936,0.8424506783485413,3.176920175552368
20250910_153020.230134,2.095707416534424,0.842552125453949,3.177164077758789
20250910_153020.240054,2.095407009124756,0.8425735831260681,3.1775004863739014
20250910_153020.250099,2.095082998275757,0.8426526188850403,3.1778111457824707
20250910_153020.260230,2.094790458679199,0.842621386051178,3.178215742111206
20250910_153020.269973,2.094498634338379,0.8427088260650635,3.1784708499908447
20250910_153020.280171,2.0942184925079346,0.8427515029907227,3.1787989139556885
20250910_153020.290354,2.0938947200775146,0.8428255319595337,3.1790976524353027
20250910_153020.300132,2.0935826301574707,0.8428764939308167,3.179435968399048
20250910_153020.309902,2.0932390689849854,0.8428859114646912,3.1798815727233887
20250910_153020.319921,2.0929017066955566,0.8430018424987793,3.1802589893341064
20250910_153020.330201,2.092500686645508,0.8432588577270508,3.1805644035339355
20250910_153020.339799,2.092235565185547,0.8433380722999573,3.180964469909668
20250910_153020.350027,2.091975212097168,0.8434953689575195,3.181328773498535
20250910_153020.359702,2.0917251110076904,0.8436459302902222,3.1816928386688232
20250910_153020.369997,2.0914762020111084,0.8437715768814087,3.1820602416992188
20250910_153020.379957,2.0912280082702637,0.8439079523086548,3.182432174682617
20250910_153020.390342,2.090951919555664,0.8440797328948975,3.1827714443206787
20250910_153020.399908,2.0907130241394043,0.8441907167434692,3.1831419467926025
20250910_153020.409933,2.090561866760254,0.8442335724830627,3.1836373805999756
20250910_153020.419994,2.090261459350586,0.844525933265686,3.1839256286621094
20250910_153020.430037,2.090038776397705,0.8446570038795471,3.1842963695526123
20250910_153020.439739,2.0898358821868896,0.8448219895362854,3.1846957206726074
20250910_153020.449906,2.089585304260254,0.8450421690940857,3.185065269470215
20250910_153020.460316,2.0893924236297607,0.8452289700508118,3.1853480339050293
20250910_153020.470494,2.089157819747925,0.8453595042228699,3.185732126235962
20250910_153020.479925,2.088904857635498,0.8455825448036194,3.1860923767089844
20250910_153020.490181,2.0886783599853516,0.8458139300346375,3.186473846435547
20250910_153020.500047,2.0885002613067627,0.8459670543670654,3.186811685562134
20250910_153020.509741,2.0882768630981445,0.8460990786552429,3.1872851848602295
20250910_153020.520208,2.088010311126709,0.846493661403656,3.187455177307129
20250910_153020.529796,2.08785343170166,0.846592366695404,3.18790340423584
20250910_153020.539855,2.087660312652588,0.846636950969696,3.1883580684661865
20250910_153020.550057,2.08748722076416,0.8468290567398071,3.1887080669403076
20250910_153020.560019,2.0873312950134277,0.8470409512519836,3.189086675643921
20250910_153020.570058,2.087139368057251,0.8472474813461304,3.1894636154174805
20250910_153020.579872,2.0869901180267334,0.8474932909011841,3.1897754669189453
20250910_153020.589782,2.0867793560028076,0.8476065397262573,3.1901705265045166
20250910_153020.599957,2.0865941047668457,0.8477420806884766,3.1905267238616943
20250910_153020.610198,2.086570978164673,0.8478309512138367,3.19095516204834
20250910_153020.619929,2.0863394737243652,0.8480758666992188,3.1912307739257812
20250910_153020.630222,2.0862255096435547,0.8483697772026062,3.1915149688720703
20250910_153020.640276,2.0860648155212402,0.8484885096549988,3.1919047832489014
20250910_153020.650939,2.0858683586120605,0.8487741351127625,3.1921536922454834
20250910_153020.660098,2.0856525897979736,0.8490146994590759,3.1924259662628174
20250910_153020.669929,2.0855064392089844,0.8491808772087097,3.192756414413452
20250910_153020.679933,2.0853476524353027,0.8493022918701172,3.1931910514831543
20250910_153020.690126,2.085225820541382,0.8496373891830444,3.1933770179748535
20250910_153020.700155,2.0851078033447266,0.8497520685195923,3.193721294403076
20250910_153020.710030,2.0849902629852295,0.8499473333358765,3.1939661502838135
20250910_153020.730233,2.084827423095703,0.8500404953956604,3.194319248199463
20250910_153020.739956,2.0846810340881348,0.8502047061920166,3.1946072578430176
20250910_153020.749729,2.084569215774536,0.8503591418266296,3.19488787651062
20250910_153020.750873,2.084435224533081,0.8506837487220764,3.1950201988220215
20250910_153020.760177,2.084285020828247,0.8508347272872925,3.195324182510376
20250910_153020.780176,2.084191083908081,0.8509925603866577,3.1955666542053223
20250910_153020.781855,2.0840888023376465,0.851135790348053,3.195805549621582
20250910_153020.789699,2.0839905738830566,0.8512969017028809,3.1960744857788086
20250910_153020.800003,2.0839312076568604,0.8513619303703308,3.1964049339294434
20250910_153020.810106,2.083843469619751,0.8515028953552246,3.196632146835327
20250910_153020.819935,2.0836987495422363,0.8517096042633057,3.1969311237335205
20250910_153020.830092,2.0836617946624756,0.8519874215126038,3.197056770324707
20250910_153020.840068,2.083524703979492,0.8521612286567688,3.197277307510376
20250910_153020.850103,2.08341646194458,0.8523092865943909,3.197492837905884
20250910_153020.860060,2.0833022594451904,0.852478563785553,3.1977744102478027
20250910_153020.870069,2.0831542015075684,0.8525328040122986,3.198026418685913
20250910_153020.880450,2.0830602645874023,0.8527336716651917,3.198298692703247
20250910_153020.889922,2.083036184310913,0.8529230952262878,3.1984851360321045
20250910_153020.900287,2.0828893184661865,0.8531976342201233,3.198575258255005
20250910_153020.910353,2.0827536582946777,0.8534432053565979,3.1986823081970215
20250910_153020.919965,2.0826575756073,0.8534870743751526,3.198949098587036
20250910_153020.930226,2.082587718963623,0.8535937070846558,3.1991569995880127
20250910_153020.940308,2.0825419425964355,0.8537237644195557,3.199294090270996
20250910_153020.949910,2.082505941390991,0.8538974523544312,3.199458122253418
20250910_153020.959934,2.0825185775756836,0.854112982749939,3.19954776763916
20250910_153020.970083,2.0824196338653564,0.8543134927749634,3.1997056007385254
20250910_153020.980031,2.082345485687256,0.8543548583984375,3.199906587600708
20250910_153020.989892,2.0823042392730713,0.8544102907180786,3.200082540512085
20250910_153021.000375,2.0822794437408447,0.8545175790786743,3.2002060413360596
20250910_153021.010134,2.082298755645752,0.8545976281166077,3.2004518508911133
20250910_153021.030160,2.0822324752807617,0.8548076152801514,3.200490951538086
20250910_153021.032524,2.0822765827178955,0.8550052046775818,3.200528383255005
20250910_153021.050129,2.0822665691375732,0.8549253344535828,3.200834274291992
20250910_153021.052548,2.0822396278381348,0.8549573421478271,3.200989246368408
20250910_153021.060197,2.082228660583496,0.8550266623497009,3.201138496398926
20250910_153021.070307,2.0822393894195557,0.8552007079124451,3.2012250423431396
20250910_153021.080506,2.0822384357452393,0.8553219437599182,3.201357126235962
20250910_153021.090194,2.082263469696045,0.8553712964057922,3.20145845413208
20250910_153021.100094,2.082257032394409,0.8554726243019104,3.201589345932007
20250910_153021.110617,2.0822510719299316,0.8555631041526794,3.2016804218292236
20250910_153021.120191,2.082223892211914,0.8556303977966309,3.201815128326416
20250910_153021.140078,2.082287549972534,0.8557707071304321,3.2018187046051025
20250910_153021.142202,2.0823214054107666,0.8558648228645325,3.2019248008728027
20250910_153021.150491,2.0823442935943604,0.8558610081672668,3.202085018157959
20250910_153021.159883,2.0824053287506104,0.8559700846672058,3.2020680904388428
20250910_153021.170089,2.082428455352783,0.8559404611587524,3.202244758605957
20250910_153021.180088,2.0824997425079346,0.8559715151786804,3.20231294631958
20250910_153021.189938,2.0825772285461426,0.8559821844100952,3.202382802963257
20250910_153021.209792,2.0826950073242188,0.8560272455215454,3.202425241470337
20250910_153021.211815,2.0827293395996094,0.8562508225440979,3.2023191452026367
20250910_153021.220182,2.082824468612671,0.8562623858451843,3.2023587226867676
20250910_153021.230093,2.0829336643218994,0.8562589883804321,3.2023913860321045
20250910_153021.239711,2.0830605030059814,0.8562995195388794,3.20245361328125
20250910_153021.249923,2.083186149597168,0.8564140200614929,3.2023913860321045
20250910_153021.260013,2.0832934379577637,0.8563401699066162,3.202544689178467
20250910_153021.269860,2.0835084915161133,0.8562948703765869,3.20267915725708
20250910_153021.280163,2.0835840702056885,0.8565486073493958,3.2025604248046875
20250910_153021.290427,2.083758592605591,0.8565616011619568,3.2025959491729736
20250910_153021.300164,2.083875894546509,0.8564696311950684,3.202739715576172
20250910_153021.320178,2.0840351581573486,0.8566010594367981,3.20268177986145
20250910_153021.321421,2.084177255630493,0.8565155267715454,3.202807664871216
20250910_153021.329905,2.0843307971954346,0.856467604637146,3.202904462814331
20250910_153021.339860,2.0845208168029785,0.8565782904624939,3.202849864959717
20250910_153021.350004,2.08478045463562,0.856517493724823,3.202861785888672
20250910_153021.360094,2.0849833488464355,0.856515109539032,3.202873468399048
20250910_153021.370116,2.0852034091949463,0.8564428687095642,3.2029519081115723
20250910_153021.389707,2.085416078567505,0.8565430045127869,3.2028608322143555
20250910_153021.391233,2.0856130123138428,0.8565484285354614,3.2028753757476807
20250910_153021.400308,2.0858874320983887,0.8563902974128723,3.2029640674591064
20250910_153021.410676,2.0861334800720215,0.8564163446426392,3.2029454708099365
20250910_153021.419891,2.0864529609680176,0.8563269972801208,3.2029945850372314
20250910_153021.430300,2.086777925491333,0.8562152981758118,3.203035831451416
20250910_153021.439900,2.0870702266693115,0.8561891913414001,3.2029788494110107
20250910_153021.450038,2.0873396396636963,0.8562107682228088,3.2029480934143066
20250910_153021.460180,2.087613582611084,0.8561717867851257,3.2028775215148926
20250910_153021.480123,2.0878989696502686,0.8561640381813049,3.2028684616088867
20250910_153021.489955,2.088243246078491,0.8562180995941162,3.202793598175049
20250910_153021.491739,2.0885426998138428,0.8563293814659119,3.202662706375122
20250910_153021.510270,2.0887229442596436,0.8564268350601196,3.202565908432007
20250910_153021.520297,2.089073419570923,0.8564184308052063,3.202529191970825
20250910_153021.522297,2.0894734859466553,0.8563187718391418,3.202465534210205
20250910_153021.539902,2.0898661613464355,0.8562638759613037,3.2024052143096924
20250910_153021.541884,2.0902392864227295,0.8562689423561096,3.2023119926452637
20250910_153021.549932,2.0906567573547363,0.8563752174377441,3.202113389968872
20250910_153021.559940,2.091053009033203,0.8562266230583191,3.2021782398223877
20250910_153021.569892,2.091383218765259,0.8562751412391663,3.201897382736206
20250910_153021.579704,2.09177565574646,0.8562344908714294,3.2017860412597656
20250910_153021.589938,2.092223882675171,0.8560650944709778,3.2018094062805176
20250910_153021.600478,2.092633008956909,0.8560367226600647,3.201707124710083
20250910_153021.620218,2.0930638313293457,0.8560171127319336,3.201573610305786
20250910_153021.622347,2.0935542583465576,0.8559284806251526,3.2014968395233154
20250910_153021.639865,2.0938961505889893,0.8560455441474915,3.201124668121338
20250910_153021.641824,2.0943362712860107,0.8559362888336182,3.201003074645996
20250910_153021.660179,2.0947728157043457,0.855914294719696,3.200831174850464
20250910_153021.661873,2.0952348709106445,0.8559104204177856,3.2006590366363525
20250910_153021.670140,2.0957908630371094,0.855764627456665,3.200556755065918
20250910_153021.680147,2.096306324005127,0.8557555079460144,3.2003140449523926
20250910_153021.689902,2.0967681407928467,0.8557233810424805,3.2000961303710938
20250910_153021.709964,2.097104549407959,0.8556529879570007,3.199960470199585
20250910_153021.711307,2.0976226329803467,0.8554990887641907,3.199868679046631
20250910_153021.720173,2.098094940185547,0.8554734587669373,3.199674606323242
20250910_153021.740327,2.098691463470459,0.8554834127426147,3.199397563934326
20250910_153021.750116,2.0992259979248047,0.8553377985954285,3.199298620223999
20250910_153021.751619,2.099730968475342,0.8554852604866028,3.198885440826416
20250910_153021.760219,2.1002485752105713,0.8554971218109131,3.1986801624298096
20250910_153021.770230,2.100710153579712,0.8553370833396912,3.1985485553741455
20250910_153021.789908,2.101207971572876,0.8553392291069031,3.1983301639556885
20250910_153021.791128,2.1017906665802,0.8552470207214355,3.1981799602508545
20250910_153021.799945,2.1023106575012207,0.8553615808486938,3.197754144668579
20250910_153021.809826,2.102904796600342,0.8553041815757751,3.1974849700927734
20250910_153021.820078,2.103555917739868,0.8550354838371277,3.1973841190338135
20250910_153021.839927,2.1041007041931152,0.8550439476966858,3.197070360183716
20250910_153021.841614,2.104600429534912,0.8548974394798279,3.196908473968506
20250910_153021.860546,2.105203866958618,0.8548729419708252,3.196566581726074
20250910_153021.862560,2.1057510375976562,0.8548699617385864,3.1962974071502686
20250910_153021.870177,2.1063716411590576,0.8549560308456421,3.195930242538452
20250910_153021.889755,2.1069676876068115,0.8550799489021301,3.1955573558807373
20250910_153021.900428,2.1074938774108887,0.8550407886505127,3.195359706878662
20250910_153021.910029,2.108060359954834,0.8549704551696777,3.1950812339782715
20250910_153021.911433,2.1086225509643555,0.8547787666320801,3.1948721408843994
20250910_153021.920047,2.1091818809509277,0.8547968864440918,3.1945533752441406
20250910_153021.930240,2.1097941398620605,0.8547446131706238,3.1943740844726562
20250910_153021.950049,2.110342025756836,0.8547466397285461,3.194093704223633
20250910_153021.952150,2.1108779907226562,0.8547776937484741,3.19380259513855
20250910_153021.969931,2.1114518642425537,0.8547443747520447,3.193484306335449
20250910_153021.971273,2.112004280090332,0.8547884225845337,3.1931850910186768
20250910_153021.980070,2.1125712394714355,0.8547133207321167,3.1929097175598145
20250910_153021.989917,2.1132078170776367,0.8546456694602966,3.192626476287842
20250910_153022.000275,2.1138274669647217,0.8546717762947083,3.1923298835754395
20250910_153022.019930,2.1144983768463135,0.8546264171600342,3.1919989585876465
20250910_153022.021437,2.1151084899902344,0.8546765446662903,3.1916182041168213
20250910_153022.039863,2.115720510482788,0.8547037243843079,3.1912693977355957
20250910_153022.049936,2.1163229942321777,0.8546506762504578,3.1909453868865967
20250910_153022.051514,2.1168603897094727,0.8545804619789124,3.1907505989074707
20250910_153022.070344,2.1174893379211426,0.8544479608535767,3.1904478073120117
20250910_153022.080050,2.118128776550293,0.8544026017189026,3.1901135444641113
20250910_153022.082203,2.1187903881073,0.8542286157608032,3.1899805068969727
20250910_153022.100412,2.119373321533203,0.854272723197937,3.1895787715911865
20250910_153022.101770,2.119938373565674,0.8542149066925049,3.1892387866973877
20250910_153022.109964,2.120504379272461,0.8541684150695801,3.188924551010132
20250910_153022.120127,2.1211228370666504,0.8541486859321594,3.188629388809204
20250910_153022.140203,2.1217470169067383,0.85423344373703,3.1882874965667725
20250910_153022.141433,2.122537851333618,0.854158878326416,3.1879589557647705
20250910_153022.160248,2.1231703758239746,0.8540849089622498,3.1876585483551025
20250910_153022.161472,2.1238298416137695,0.8539955615997314,3.1872947216033936
20250910_153022.170101,2.1244091987609863,0.854049563407898,3.1870276927948
20250910_153022.197643,2.1251168251037598,0.8539097309112549,3.1867516040802
20250910_153022.200977,2.1256954669952393,0.854049801826477,3.1862964630126953
20250910_153022.209852,2.126326084136963,0.8542202711105347,3.1858725547790527
20250910_153022.220423,2.1269280910491943,0.8542503118515015,3.1855392456054688
20250910_153022.221744,2.127627372741699,0.8540365099906921,3.1852970123291016
20250910_153022.230125,2.1282482147216797,0.8538357615470886,3.1850996017456055
20250910_153022.250005,2.1290035247802734,0.8537011742591858,3.1848435401916504
20250910_153022.259684,2.1296885013580322,0.8536430597305298,3.1844136714935303
20250910_153022.269886,2.1303441524505615,0.8536142110824585,3.1840596199035645
20250910_153022.280175,2.1309900283813477,0.8536186218261719,3.1836981773376465
20250910_153022.289973,2.131772041320801,0.8535059094429016,3.183311700820923
20250910_153022.299936,2.1324610710144043,0.8534181714057922,3.182922601699829
20250910_153022.309933,2.1330387592315674,0.8534298539161682,3.18243670463562
20250910_153022.311834,2.1337294578552246,0.8534212112426758,3.1820008754730225
20250910_153022.320032,2.1343605518341064,0.8531870245933533,3.1816563606262207
20250910_153022.340084,2.13505482673645,0.8531378507614136,3.181255578994751
20250910_153022.341468,2.135800361633301,0.8531830906867981,3.1809685230255127
20250910_153022.360220,2.1364758014678955,0.8527676463127136,3.1805977821350098
20250910_153022.370044,2.1370885372161865,0.8526167869567871,3.180208921432495
20250910_153022.379808,2.1378157138824463,0.8526470065116882,3.1796059608459473
20250910_153022.389825,2.1384246349334717,0.8524507880210876,3.1792283058166504
20250910_153022.400153,2.139117479324341,0.8523015975952148,3.1788508892059326
20250910_153022.410049,2.139744281768799,0.8522357940673828,3.178431749343872
20250910_153022.419995,2.1403608322143555,0.8523005843162537,3.1779534816741943
20250910_153022.421498,2.1411681175231934,0.8519948720932007,3.1776511669158936
20250910_153022.439946,2.1419060230255127,0.8517016172409058,3.1773107051849365
20250910_153022.441640,2.142552137374878,0.8516131043434143,3.176835536956787
20250910_153022.459810,2.1432554721832275,0.8514580726623535,3.176424503326416
20250910_153022.470014,2.143927574157715,0.8513256907463074,3.175995349884033
20250910_153022.480066,2.1446523666381836,0.8511274456977844,3.1755471229553223
20250910_153022.482091,2.1453559398651123,0.8510870933532715,3.1750411987304688
20250910_153022.490095,2.1460635662078857,0.8508778214454651,3.1745758056640625
20250910_153022.510134,2.146693706512451,0.8506552577018738,3.1741843223571777
20250910_153022.519892,2.147355079650879,0.8506115674972534,3.173642158508301
20250910_153022.530046,2.1479790210723877,0.8504329919815063,3.173210382461548
20250910_153022.540255,2.148768663406372,0.8503146171569824,3.1726913452148438
20250910_153022.550413,2.149521589279175,0.8500756621360779,3.172255516052246
20250910_153022.560183,2.1501595973968506,0.8500517010688782,3.171682596206665
20250910_153022.562289,2.150836229324341,0.8499302268028259,3.1711461544036865
20250910_153022.579854,2.151492118835449,0.8497963547706604,3.1706464290618896
20250910_153022.590039,2.152165412902832,0.8497396111488342,3.170142889022827
20250910_153022.592117,2.1528005599975586,0.8496125340461731,3.1696314811706543
20250910_153022.600214,2.15346360206604,0.8493711948394775,3.1692237854003906
20250910_153022.610243,2.154097318649292,0.8492650389671326,3.168729782104492
20250910_153022.620143,2.1547648906707764,0.8491281867027283,3.1682345867156982
20250910_153022.639898,2.155491352081299,0.8488782644271851,3.1677801609039307
20250910_153022.650179,2.156137704849243,0.8487534523010254,3.167295217514038
20250910_153022.660304,2.1567370891571045,0.8486233949661255,3.1669070720672607
20250910_153022.670126,2.1574370861053467,0.8484481573104858,3.166240930557251
20250910_153022.671713,2.158094882965088,0.8482534885406494,3.1657443046569824
20250910_153022.679995,2.1587069034576416,0.8481963276863098,3.1652135848999023
20250910_153022.700141,2.159360408782959,0.8479953408241272,3.1646928787231445
20250910_153022.701681,2.1599960327148438,0.8478237986564636,3.164158821105957
20250910_153022.720293,2.16051983833313,0.8477903604507446,3.163609266281128
20250910_153022.730378,2.161116123199463,0.8477680683135986,3.1630587577819824
20250910_153022.740357,2.1617491245269775,0.8475832343101501,3.1625418663024902
20250910_153022.750280,2.1624205112457275,0.8473955392837524,3.1620185375213623
20250910_153022.760163,2.162998676300049,0.8472272157669067,3.1614878177642822
20250910_153022.770150,2.1636362075805664,0.8470551371574402,3.160936117172241
20250910_153022.772002,2.1642141342163086,0.8468767404556274,3.1604232788085938
20250910_153022.826681,2.164785385131836,0.8467550873756409,3.159909725189209
20250910_153022.832263,2.1653382778167725,0.8466503620147705,3.1594345569610596
20250910_153022.841606,2.1660172939300537,0.8464832901954651,3.158886432647705
20250910_153022.847096,2.166581630706787,0.8464141488075256,3.1583027839660645
20250910_153022.849139,2.1672043800354004,0.8461983799934387,3.1578445434570312
20250910_153022.856159,2.167719841003418,0.8460010290145874,3.1573400497436523
20250910_153022.861605,2.1683428287506104,0.8457424640655518,3.1567554473876953
20250910_153022.870643,2.1688575744628906,0.8456498980522156,3.156255006790161
20250910_153022.880448,2.16937518119812,0.8456501960754395,3.155625581741333
20250910_153022.882834,2.1698877811431885,0.845515787601471,3.1551249027252197
20250910_153022.889774,2.1706039905548096,0.8451595902442932,3.1546854972839355
20250910_153022.900063,2.1710798740386963,0.8449756503105164,3.154186487197876
20250910_153022.910053,2.17160701751709,0.84477299451828,3.1536903381347656
20250910_153022.920007,2.1721508502960205,0.8446198105812073,3.153190851211548
20250910_153022.930042,2.172689914703369,0.8444710373878479,3.1526591777801514
20250910_153022.939853,2.1732048988342285,0.8443591594696045,3.152174234390259
20250910_153022.950466,2.173769474029541,0.8441797494888306,3.1516330242156982
20250910_153022.960123,2.1742565631866455,0.8440746665000916,3.1511619091033936
20250910_153022.969827,2.1747756004333496,0.8438642024993896,3.150646448135376
20250910_153022.979763,2.1753151416778564,0.8436288833618164,3.150160551071167
20250910_153022.990078,2.1758370399475098,0.8434934616088867,3.1496405601501465
20250910_153023.000069,2.176348924636841,0.8434348106384277,3.1491360664367676
20250910_153023.010159,2.1768651008605957,0.8432626128196716,3.1486058235168457
20250910_153023.020045,2.1773014068603516,0.8430605530738831,3.1481006145477295
20250910_153023.021562,2.1777522563934326,0.8429167866706848,3.1476011276245117
20250910_153023.040153,2.1782076358795166,0.8426859974861145,3.147104024887085
20250910_153023.049924,2.1787805557250977,0.8424021601676941,3.1466634273529053
20250910_153023.060004,2.179258108139038,0.8422306180000305,3.146181344985962
20250910_153023.070130,2.179746150970459,0.8420956134796143,3.145709753036499
20250910_153023.080451,2.1802258491516113,0.8419244885444641,3.1452476978302
20250910_153023.090079,2.180633306503296,0.8417962193489075,3.1448299884796143
20250910_153023.100004,2.18107271194458,0.841670036315918,3.1443471908569336
20250910_153023.110070,2.181474447250366,0.8415309190750122,3.1438872814178467
20250910_153023.120289,2.181828737258911,0.8414862155914307,3.143414258956909
20250910_153023.130201,2.1822218894958496,0.8414036631584167,3.1429758071899414
20250910_153023.139901,2.182741641998291,0.8412690758705139,3.1425020694732666
20250910_153023.150079,2.183161497116089,0.8411484956741333,3.1421051025390625
20250910_153023.160203,2.1835694313049316,0.8410254716873169,3.1416707038879395
20250910_153023.169782,2.1839728355407715,0.8409783244132996,3.1412668228149414
20250910_153023.179553,2.184361219406128,0.8409206867218018,3.1408612728118896
20250910_153023.189812,2.184718132019043,0.8408706188201904,3.1404762268066406
20250910_153023.200081,2.1851727962493896,0.8407981991767883,3.140007257461548
20250910_153023.209944,2.185554027557373,0.8407217860221863,3.139554977416992
20250910_153023.219853,2.1859288215637207,0.8406478762626648,3.139190673828125
20250910_153023.229978,2.186290979385376,0.8406308889389038,3.138798952102661
20250910_153023.239794,2.1866326332092285,0.8406527042388916,3.1384165287017822
20250910_153023.250408,2.1869354248046875,0.840633749961853,3.1380155086517334
20250910_153023.259819,2.1873600482940674,0.8405473232269287,3.1376094818115234
20250910_153023.270276,2.187713384628296,0.8404998183250427,3.1372108459472656
20250910_153023.279933,2.1880252361297607,0.8405128717422485,3.136819362640381
20250910_153023.290103,2.1883411407470703,0.8405253887176514,3.1364552974700928
20250910_153023.300021,2.188633441925049,0.8405302166938782,3.1360867023468018
20250910_153023.310194,2.1888928413391113,0.840599775314331,3.1357274055480957
20250910_153023.320047,2.189147472381592,0.8405491709709167,3.135369300842285
20250910_153023.321604,2.1894338130950928,0.8406292796134949,3.135017156600952
20250910_153023.340223,2.189723491668701,0.8407677412033081,3.134633779525757
20250910_153023.349450,2.189941883087158,0.8408440947532654,3.1342806816101074
20250910_153023.360051,2.190181255340576,0.8408137559890747,3.133915662765503
20250910_153023.370412,2.1903793811798096,0.840837836265564,3.133552074432373
20250910_153023.380205,2.190579414367676,0.840842068195343,3.133199691772461
20250910_153023.389855,2.190824031829834,0.8408184051513672,3.1328554153442383
20250910_153023.400169,2.1910321712493896,0.8408973813056946,3.1324946880340576
20250910_153023.410110,2.1911635398864746,0.8410727381706238,3.132108211517334
20250910_153023.420118,2.191340684890747,0.8410844206809998,3.1317479610443115
20250910_153023.429910,2.19150710105896,0.8410915732383728,3.1314470767974854
20250910_153023.439765,2.191648483276367,0.8411521315574646,3.131107807159424
20250910_153023.449689,2.191769599914551,0.8411924242973328,3.1307435035705566
20250910_153023.459698,2.191927671432495,0.8412235975265503,3.130382776260376
20250910_153023.469500,2.1920433044433594,0.8412767648696899,3.130040168762207
20250910_153023.479469,2.1921660900115967,0.841363251209259,3.1296820640563965
20250910_153023.489570,2.1922366619110107,0.8413817286491394,3.1293509006500244
20250910_153023.499767,2.192326068878174,0.8413321375846863,3.129028558731079
20250910_153023.509755,2.192371368408203,0.8413910865783691,3.1286869049072266
20250910_153023.519572,2.1924235820770264,0.8414903283119202,3.128352165222168
20250910_153023.530006,2.1924612522125244,0.8415126800537109,3.128041982650757
20250910_153023.540126,2.1925227642059326,0.8416329026222229,3.127706289291382
20250910_153023.550149,2.1924943923950195,0.8417765498161316,3.127387285232544
20250910_153023.560194,2.1924850940704346,0.8418589234352112,3.1270852088928223
20250910_153023.570345,2.1924660205841064,0.84195476770401,3.1267995834350586
20250910_153023.580237,2.1924140453338623,0.8420917987823486,3.126516819000244
20250910_153023.590167,2.192364454269409,0.8422430753707886,3.12622332572937
20250910_153023.600244,2.192326307296753,0.8423880934715271,3.125943899154663
20250910_153023.610128,2.19217586517334,0.8426643013954163,3.1256184577941895
20250910_153023.620140,2.1921095848083496,0.842849612236023,3.1253292560577393
20250910_153023.630068,2.1919877529144287,0.8430010080337524,3.12508487701416
20250910_153023.639835,2.1918864250183105,0.8432034850120544,3.124821424484253
20250910_153023.650166,2.191709041595459,0.8434404730796814,3.1245405673980713
20250910_153023.659921,2.1915650367736816,0.8436153531074524,3.124300479888916
20250910_153023.669880,2.1914141178131104,0.8438381552696228,3.124070405960083
20250910_153023.680224,2.1912472248077393,0.8440929651260376,3.1237993240356445
20250910_153023.690039,2.1910459995269775,0.8443595767021179,3.123591661453247
20250910_153023.699956,2.1908469200134277,0.8444306254386902,3.1234099864959717
20250910_153023.710320,2.190502643585205,0.8448545932769775,3.1231536865234375
20250910_153023.720147,2.190277338027954,0.8450694680213928,3.1229093074798584
20250910_153023.730039,2.190011978149414,0.8453421592712402,3.1226956844329834
20250910_153023.739924,2.189774513244629,0.8455946445465088,3.1224753856658936
20250910_153023.750170,2.1894948482513428,0.8458976745605469,3.1222891807556152
20250910_153023.759917,2.189086675643921,0.8462984561920166,3.122008800506592
20250910_153023.769921,2.18865966796875,0.8466932773590088,3.1217174530029297
20250910_153023.780273,2.188462495803833,0.8466796278953552,3.1217477321624756
20250910_153023.790022,2.1881144046783447,0.846969485282898,3.1216306686401367
20250910_153023.800177,2.1877894401550293,0.8472337126731873,3.121490240097046
20250910_153023.810189,2.1873631477355957,0.8476368188858032,3.1213560104370117
20250910_153023.820040,2.1870059967041016,0.8479501605033875,3.121271848678589
20250910_153023.830168,2.1866085529327393,0.8481575846672058,3.1211650371551514
20250910_153023.840132,2.1861348152160645,0.8484671711921692,3.1210734844207764
20250910_153023.850232,2.1857569217681885,0.8487265110015869,3.120983839035034
20250910_153023.860218,2.1853408813476562,0.8490260243415833,3.1208784580230713
20250910_153023.870637,2.1848866939544678,0.8493242263793945,3.12076997756958
20250910_153023.879650,2.184417724609375,0.8496690392494202,3.1206982135772705
20250910_153023.890474,2.1838791370391846,0.8500432372093201,3.1206274032592773
20250910_153023.900226,2.183408737182617,0.8502631783485413,3.1205692291259766
20250910_153023.910244,2.1828982830047607,0.8505072593688965,3.120529890060425
20250910_153023.920150,2.1823954582214355,0.8508177995681763,3.120492935180664
20250910_153023.930178,2.1819095611572266,0.8510898351669312,3.120425224304199
20250910_153023.939804,2.181318521499634,0.8515263795852661,3.1203160285949707
20250910_153023.950290,2.1807923316955566,0.8518344163894653,3.120272159576416
20250910_153023.960274,2.1801395416259766,0.8521986603736877,3.1202566623687744
20250910_153023.970258,2.179495334625244,0.8524508476257324,3.1202685832977295
20250910_153023.979821,2.178915023803711,0.8527085781097412,3.1202638149261475
20250910_153023.989544,2.1783316135406494,0.852983295917511,3.1202967166900635
20250910_153024.000392,2.177781105041504,0.8533886075019836,3.120227813720703
20250910_153024.010227,2.177129030227661,0.8536809682846069,3.120288133621216
20250910_153024.020348,2.1763668060302734,0.8540651798248291,3.1204004287719727
20250910_153024.030136,2.175706624984741,0.8543912768363953,3.1204185485839844
20250910_153024.040139,2.175048589706421,0.8545882105827332,3.1204919815063477
20250910_153024.050458,2.1743719577789307,0.8548814654350281,3.120560884475708
20250910_153024.060328,2.1736397743225098,0.8552296161651611,3.1206541061401367
20250910_153024.070321,2.172778367996216,0.8556274771690369,3.120779037475586
20250910_153024.080213,2.172097682952881,0.8558756113052368,3.120859146118164
20250910_153024.089959,2.1713836193084717,0.8562157154083252,3.120901346206665
20250910_153024.099717,2.1705734729766846,0.8564172387123108,3.1210947036743164
20250910_153024.110224,2.1696622371673584,0.8568282723426819,3.12113094329834
20250910_153024.120178,2.168881416320801,0.8571863174438477,3.1212289333343506
20250910_153024.130189,2.1680591106414795,0.8574707508087158,3.121394157409668
20250910_153024.140294,2.167337656021118,0.8578486442565918,3.121483325958252
20250910_153024.150399,2.1665477752685547,0.858196496963501,3.12161922454834
20250910_153024.160178,2.165696382522583,0.8585452437400818,3.121807098388672
20250910_153024.170110,2.164771795272827,0.8588804602622986,3.121962308883667
20250910_153024.180230,2.16398024559021,0.8591139316558838,3.1221563816070557
20250910_153024.190110,2.1631321907043457,0.8594616651535034,3.1223270893096924
20250910_153024.200027,2.162238121032715,0.8597918152809143,3.1225533485412598
20250910_153024.210249,2.1613025665283203,0.8602319955825806,3.1227614879608154
20250910_153024.220213,2.160402297973633,0.8605657815933228,3.1229875087738037
20250910_153024.230140,2.159473180770874,0.8608697652816772,3.12320613861084
20250910_153024.240256,2.158578634262085,0.8610828518867493,3.123436689376831
20250910_153024.250304,2.1575868129730225,0.8614431023597717,3.1236941814422607
20250910_153024.260227,2.156665325164795,0.8617693185806274,3.123929023742676
20250910_153024.270157,2.15574049949646,0.8621994256973267,3.124143362045288
20250910_153024.280080,2.1548306941986084,0.862392008304596,3.124480724334717
20250910_153024.290422,2.1538970470428467,0.8627437949180603,3.124699354171753
20250910_153024.300124,2.152789831161499,0.8631043434143066,3.1249327659606934
20250910_153024.310237,2.151839256286621,0.863246500492096,3.125281810760498
20250910_153024.320214,2.1509010791778564,0.8634981513023376,3.125504970550537
20250910_153024.330357,2.1499195098876953,0.8638452291488647,3.1257662773132324
20250910_153024.339944,2.1486496925354004,0.8645257353782654,3.1257851123809814
20250910_153024.350087,2.1477549076080322,0.8645214438438416,3.126255989074707
20250910_153024.360048,2.146756649017334,0.8646396398544312,3.126605749130249
20250910_153024.370053,2.145803451538086,0.8648033142089844,3.1269774436950684
20250910_153024.380071,2.1447458267211914,0.8650463819503784,3.1272871494293213
20250910_153024.390418,2.1436562538146973,0.8654118776321411,3.12748646736145
20250910_153024.400308,2.1426889896392822,0.8656159043312073,3.1278538703918457
20250910_153024.410201,2.1416802406311035,0.8658421039581299,3.1281545162200928
20250910_153024.420249,2.1405136585235596,0.8661073446273804,3.1284680366516113
20250910_153024.430704,2.139507293701172,0.8662191033363342,3.1287946701049805
20250910_153024.439710,2.138484477996826,0.8663055896759033,3.1291399002075195
20250910_153024.449930,2.137437582015991,0.8664525747299194,3.129448890686035
20250910_153024.460022,2.136298656463623,0.8667051196098328,3.1297671794891357
20250910_153024.470048,2.1352317333221436,0.866897463798523,3.1300458908081055
20250910_153024.480264,2.1341946125030518,0.8670241236686707,3.1303229331970215
20250910_153024.489788,2.1331732273101807,0.8670433163642883,3.130615234375
20250910_153024.500187,2.131972551345825,0.8672663569450378,3.1309115886688232
20250910_153024.510104,2.1309053897857666,0.8673746585845947,3.131218433380127
20250910_153024.520729,2.1298961639404297,0.8674249053001404,3.131518840789795
20250910_153024.530550,2.128845453262329,0.8676517009735107,3.1317481994628906
20250910_153024.540011,2.1277449131011963,0.867724597454071,3.1321592330932617
20250910_153024.550056,2.1265738010406494,0.8677992224693298,3.132462739944458
20250910_153024.560151,2.1255033016204834,0.867816150188446,3.1328186988830566
20250910_153024.569994,2.1244354248046875,0.867889404296875,3.1331262588500977
20250910_153024.579843,2.123333692550659,0.8679824471473694,3.1334176063537598
20250910_153024.589965,2.1221675872802734,0.868130624294281,3.133697986602783
20250910_153024.600372,2.121098518371582,0.8681683540344238,3.134000301361084
20250910_153024.610095,2.1200249195098877,0.8682271838188171,3.1342763900756836
20250910_153024.620189,2.118922472000122,0.868201494216919,3.1345438957214355
20250910_153024.630652,2.117671489715576,0.8682971596717834,3.1347920894622803
20250910_153024.640065,2.1165637969970703,0.8683401942253113,3.1350278854370117
20250910_153024.650323,2.1154611110687256,0.8683379292488098,3.135373115539551
20250910_153024.660342,2.11436128616333,0.8683412671089172,3.1356427669525146
20250910_153024.670106,2.113192319869995,0.8685274124145508,3.1358327865600586
20250910_153024.680078,2.1120362281799316,0.8685526251792908,3.1361117362976074
20250910_153024.689888,2.1109068393707275,0.8685675859451294,3.136281967163086
20250910_153024.699911,2.10979962348938,0.8684931397438049,3.136556625366211
20250910_153024.709949,2.108534336090088,0.8685728907585144,3.136869192123413
20250910_153024.719854,2.1074373722076416,0.8686072826385498,3.137115001678467
20250910_153024.730601,2.106389045715332,0.8686522841453552,3.1373562812805176
20250910_153024.739929,2.1052591800689697,0.8687261939048767,3.1375575065612793
20250910_153024.749944,2.1040666103363037,0.8687757849693298,3.1378209590911865
20250910_153024.760003,2.102884531021118,0.8687784075737,3.1380460262298584
20250910_153024.770087,2.101728677749634,0.8687290549278259,3.138298988342285
20250910_153024.780034,2.100616693496704,0.8687334060668945,3.138474464416504
20250910_153024.790062,2.0994789600372314,0.8688317537307739,3.1386282444000244
20250910_153024.799977,2.0983381271362305,0.8689805865287781,3.1387481689453125
20250910_153024.810492,2.097208261489868,0.8689261674880981,3.138972282409668
20250910_153024.820209,2.096071720123291,0.8687635660171509,3.1392524242401123
20250910_153024.830635,2.094913959503174,0.8686980605125427,3.13944411277771
20250910_153024.839826,2.093653678894043,0.8688677549362183,3.1396164894104004
20250910_153024.850231,2.0926215648651123,0.8688730597496033,3.1397926807403564
20250910_153024.859955,2.0915348529815674,0.8688420057296753,3.13995623588562
20250910_153024.870412,2.0904433727264404,0.8689166307449341,3.140065908432007
20250910_153024.880259,2.0892956256866455,0.8689433932304382,3.1402313709259033
20250910_153024.890193,2.0880701541900635,0.8688859343528748,3.1404638290405273
20250910_153024.900202,2.087008237838745,0.8688667416572571,3.1406033039093018
20250910_153024.910133,2.085916519165039,0.8689386248588562,3.140780448913574
20250910_153024.920193,2.0847597122192383,0.8689929842948914,3.1409313678741455
20250910_153024.930575,2.083582878112793,0.8690836429595947,3.1410841941833496
20250910_153024.939469,2.0824708938598633,0.8691118359565735,3.1412177085876465
20250910_153024.949619,2.08139705657959,0.8691225051879883,3.141324758529663
20250910_153024.959872,2.080267906188965,0.8691794276237488,3.1414828300476074
20250910_153024.970180,2.0791144371032715,0.869359016418457,3.1415278911590576
20250910_153024.980648,2.078077793121338,0.8693457245826721,3.141737222671509
20250910_153024.989611,2.076988458633423,0.8694370985031128,3.1418628692626953
20250910_153025.000069,2.075847625732422,0.8695268034934998,3.1420395374298096
20250910_153025.010158,2.074718713760376,0.8696991801261902,3.142176389694214
20250910_153025.020271,2.0736541748046875,0.8697845935821533,3.142327308654785
20250910_153025.030376,2.0726046562194824,0.8698720932006836,3.1424720287323
20250910_153025.040314,2.071544885635376,0.8700504899024963,3.1426098346710205
20250910_153025.050347,2.070504903793335,0.8702230453491211,3.142681360244751
20250910_153025.060133,2.0693864822387695,0.870471179485321,3.142799139022827
20250910_153025.070295,2.068324565887451,0.8705817461013794,3.1429312229156494
20250910_153025.080216,2.0672950744628906,0.8707225918769836,3.143033266067505
20250910_153025.090555,2.066227436065674,0.8708470463752747,3.143134593963623
20250910_153025.100263,2.0651557445526123,0.8710470795631409,3.1432602405548096
20250910_153025.110140,2.064122200012207,0.8712607622146606,3.1433205604553223
20250910_153025.120103,2.0630531311035156,0.8715097904205322,3.14342999458313
20250910_153025.130459,2.062013626098633,0.8717420101165771,3.1434993743896484
20250910_153025.139918,2.0609426498413086,0.8719750642776489,3.1436092853546143
20250910_153025.149853,2.059906005859375,0.8721428513526917,3.143763303756714
20250910_153025.159965,2.0588161945343018,0.8724127411842346,3.143803596496582
20250910_153025.169698,2.05776309967041,0.8726418018341064,3.14389967918396
20250910_153025.180237,2.056657314300537,0.8730007410049438,3.144010066986084
20250910_153025.189898,2.05560302734375,0.8733602166175842,3.1440722942352295
20250910_153025.199897,2.0545852184295654,0.8735544085502625,3.1441102027893066
20250910_153025.210010,2.0534894466400146,0.8737519383430481,3.144179582595825
20250910_153025.220223,2.052403211593628,0.8740754723548889,3.144249200820923
20250910_153025.230684,2.051394462585449,0.874306857585907,3.14436674118042
20250910_153025.239664,2.050398588180542,0.8745301961898804,3.144447088241577
20250910_153025.249603,2.0494375228881836,0.874904453754425,3.1443824768066406
20250910_153025.259943,2.0483615398406982,0.875130832195282,3.144552230834961
20250910_153025.269715,2.0474371910095215,0.8752858638763428,3.1446523666381836
20250910_153025.280301,2.046389579772949,0.8755376935005188,3.1447088718414307
20250910_153025.289643,2.045362710952759,0.8757959008216858,3.1447911262512207
20250910_153025.300229,2.044308662414551,0.8761171102523804,3.1448256969451904
20250910_153025.309644,2.0433757305145264,0.8762956261634827,3.1448922157287598
20250910_153025.320140,2.042468309402466,0.8764913082122803,3.144951105117798
20250910_153025.330415,2.041433572769165,0.8767026662826538,3.144991636276245
20250910_153025.340103,2.040364980697632,0.8769838809967041,3.144944429397583
20250910_153025.350390,2.0393142700195312,0.8772515654563904,3.145045757293701
20250910_153025.360156,2.0383713245391846,0.8774347901344299,3.1450862884521484
20250910_153025.370097,2.0374436378479004,0.8775923252105713,3.145144462585449
20250910_153025.379959,2.0364856719970703,0.8778249621391296,3.1451637744903564
20250910_153025.389879,2.035316228866577,0.8782742619514465,3.1450977325439453
20250910_153025.399910,2.0343291759490967,0.8783946633338928,3.1451871395111084
20250910_153025.410049,2.0333633422851562,0.878520131111145,3.1452629566192627
20250910_153025.420479,2.032430410385132,0.878682553768158,3.145317792892456
20250910_153025.430595,2.0314648151397705,0.8788869976997375,3.1452932357788086
20250910_153025.440383,2.0305094718933105,0.8791577219963074,3.1453359127044678
20250910_153025.450129,2.0296812057495117,0.8793426752090454,3.145346164703369
20250910_153025.460299,2.028721809387207,0.8795585632324219,3.145353317260742
20250910_153025.470154,2.027785062789917,0.8797069191932678,3.1453208923339844
20250910_153025.480326,2.0267891883850098,0.8799059391021729,3.14536190032959
20250910_153025.490025,2.0259392261505127,0.8799979090690613,3.1453773975372314
20250910_153025.500057,2.0250542163848877,0.8801820874214172,3.1453614234924316
20250910_153025.509748,2.0241477489471436,0.8802664279937744,3.1453676223754883
20250910_153025.520009,2.0231828689575195,0.8804440498352051,3.145308017730713
20250910_153025.530377,2.0222103595733643,0.8806124925613403,3.1452994346618652
20250910_153025.540007,2.0213382244110107,0.8807182312011719,3.145289182662964
20250910_153025.549836,2.0204367637634277,0.8807925581932068,3.145319700241089
20250910_153025.559977,2.0195887088775635,0.8809103965759277,3.145318031311035
20250910_153025.570225,2.018754243850708,0.880952775478363,3.145294427871704
20250910_153025.580164,2.0177743434906006,0.8811620473861694,3.145253896713257
20250910_153025.590478,2.0169291496276855,0.8812479376792908,3.1452293395996094
20250910_153025.599879,2.0161163806915283,0.8812977075576782,3.1452183723449707
20250910_153025.609794,2.0153212547302246,0.8812668323516846,3.14523983001709
20250910_153025.620015,2.0144808292388916,0.8812981843948364,3.145200252532959
20250910_153025.631042,2.0136547088623047,0.8813509941101074,3.145139217376709
20250910_153025.639715,2.012660026550293,0.8815495371818542,3.144996404647827
20250910_153025.649789,2.01190185546875,0.8815857768058777,3.14494252204895
20250910_153025.659928,2.011105537414551,0.8816189169883728,3.1448707580566406
20250910_153025.670117,2.0103161334991455,0.8816717267036438,3.144791603088379
20250910_153025.680495,2.009500741958618,0.8816531300544739,3.1447558403015137
20250910_153025.690122,2.0087215900421143,0.8816638588905334,3.144691228866577
20250910_153025.700311,2.007929801940918,0.8817037343978882,3.1446011066436768
20250910_153025.709844,2.007174015045166,0.8817979097366333,3.1443779468536377
20250910_153025.720269,2.0064191818237305,0.8817092180252075,3.1443824768066406
20250910_153025.730704,2.0057263374328613,0.8816884756088257,3.1442978382110596
20250910_153025.740163,2.0049831867218018,0.8816477060317993,3.1442184448242188
20250910_153025.750454,2.0042459964752197,0.8815548419952393,3.1441125869750977
20250910_153025.760329,2.0035321712493896,0.881534218788147,3.1439974308013916
20250910_153025.770207,2.002896547317505,0.8815446496009827,3.1438684463500977
20250910_153025.780087,2.0021185874938965,0.8815946578979492,3.143679618835449
20250910_153025.789831,2.001490354537964,0.881487250328064,3.1435389518737793
20250910_153025.799927,2.000807762145996,0.8813679218292236,3.1434028148651123
20250910_153025.810008,2.0001418590545654,0.8812629580497742,3.143266439437866
20250910_153025.820391,1.999467372894287,0.881164014339447,3.14313006401062
20250910_153025.830384,1.998859167098999,0.8810968399047852,3.1429593563079834
20250910_153025.839913,1.9982367753982544,0.8811294436454773,3.1427087783813477
20250910_153025.850033,1.9976776838302612,0.8810189962387085,3.1425621509552
20250910_153025.860009,1.9969655275344849,0.8809787631034851,3.142409563064575
20250910_153025.870091,1.9963533878326416,0.8808074593544006,3.142333984375
20250910_153025.880073,1.9957168102264404,0.8806998133659363,3.1421797275543213
20250910_153025.890259,1.9951410293579102,0.8805639743804932,3.1419763565063477
20250910_153025.900215,1.994559645652771,0.8804981708526611,3.14178466796875
20250910_153025.909965,1.9940481185913086,0.8804264068603516,3.1415765285491943
20250910_153025.920197,1.9934958219528198,0.8803466558456421,3.141389846801758
20250910_153025.930415,1.992954969406128,0.8802497982978821,3.14117169380188
20250910_153025.939547,1.9924079179763794,0.8801181316375732,3.140983819961548
20250910_153025.950138,1.9917469024658203,0.880116879940033,3.140681266784668
20250910_153025.960011,1.9912683963775635,0.8800056576728821,3.1404547691345215
20250910_153025.970050,1.9907805919647217,0.8799535632133484,3.1402218341827393
20250910_153025.979949,1.9902936220169067,0.8799193501472473,3.139997959136963
20250910_153025.990259,1.9898055791854858,0.8798569440841675,3.1397616863250732
20250910_153026.000085,1.9892903566360474,0.8797727823257446,3.139571189880371
20250910_153026.010411,1.9888194799423218,0.8797416090965271,3.1392464637756348
20250910_153026.019720,1.9882845878601074,0.8795843720436096,3.1390931606292725
20250910_153026.030143,1.9877945184707642,0.8795159459114075,3.138869524002075
20250910_153026.040107,1.9872181415557861,0.8796484470367432,3.1385631561279297
20250910_153026.050082,1.9866880178451538,0.8798609375953674,3.1381967067718506
20250910_153026.060307,1.986174464225769,0.8797234892845154,3.1380410194396973
20250910_153026.069883,1.9856986999511719,0.8796661496162415,3.1377673149108887
20250910_153026.080076,1.985190510749817,0.8796433806419373,3.1375348567962646
20250910_153026.090549,1.9847701787948608,0.8796013593673706,3.1372883319854736
20250910_153026.100110,1.984320878982544,0.8796036839485168,3.137054681777954
20250910_153026.110105,1.9838746786117554,0.8796579837799072,3.1368002891540527
20250910_153026.120166,1.9834461212158203,0.8796408176422119,3.1365468502044678
20250910_153026.130436,1.9829964637756348,0.8795602917671204,3.136282444000244
20250910_153026.140216,1.9825092554092407,0.8796001672744751,3.13600492477417
20250910_153026.150119,1.982020378112793,0.879650354385376,3.135744333267212
20250910_153026.160343,1.9815974235534668,0.8796824216842651,3.1354668140411377
20250910_153026.169968,1.981191635131836,0.8796829581260681,3.135185480117798
20250910_153026.180081,1.9808026552200317,0.8797608017921448,3.1349024772644043
20250910_153026.190113,1.9803818464279175,0.879772424697876,3.134584903717041
20250910_153026.200158,1.9799680709838867,0.8797722458839417,3.134324550628662
20250910_153026.210119,1.9793883562088013,0.8799800276756287,3.134045362472534
20250910_153026.220147,1.9791642427444458,0.879805326461792,3.1337780952453613
20250910_153026.230665,1.978740930557251,0.8798382878303528,3.133530855178833
20250910_153026.239948,1.97836172580719,0.879930317401886,3.1332554817199707
20250910_153026.250903,1.9779735803604126,0.8800291419029236,3.1330113410949707
20250910_153026.259876,1.9774903059005737,0.8801984786987305,3.13273286819458
20250910_153026.270178,1.977087140083313,0.8802163004875183,3.1324543952941895
20250910_153026.279964,1.9764947891235352,0.88043612241745,3.1320927143096924
20250910_153026.289780,1.9761145114898682,0.8805225491523743,3.131781578063965
20250910_153026.300154,1.97573983669281,0.8806107640266418,3.1315102577209473
20250910_153026.310030,1.9751818180084229,0.8809329271316528,3.1312005519866943
20250910_153026.320026,1.9749723672866821,0.8808990120887756,3.1308929920196533
20250910_153026.330563,1.9745479822158813,0.8810037970542908,3.1305813789367676
20250910_153026.340041,1.9741231203079224,0.8810994029045105,3.1302998065948486
20250910_153026.350011,1.973638653755188,0.8813197016716003,3.130017042160034
20250910_153026.359785,1.9732975959777832,0.8815305233001709,3.129652261734009
20250910_153026.370072,1.9729597568511963,0.8817054033279419,3.129395008087158
20250910_153026.380235,1.9725340604782104,0.8818811178207397,3.129182815551758
20250910_153026.389955,1.972108006477356,0.8820579648017883,3.1288952827453613
20250910_153026.400197,1.9717895984649658,0.8821566104888916,3.1286284923553467
20250910_153026.410078,1.9713811874389648,0.8823309540748596,3.128391981124878
20250910_153026.420503,1.9710179567337036,0.8825641870498657,3.1281590461730957
20250910_153026.430488,1.9703919887542725,0.8829925656318665,3.1278390884399414
20250910_153026.439966,1.970001459121704,0.8832033276557922,3.1275441646575928
20250910_153026.450236,1.9696329832077026,0.8834168910980225,3.1272072792053223
20250910_153026.460168,1.9692126512527466,0.8836220502853394,3.1269302368164062
20250910_153026.470221,1.9688163995742798,0.8838343024253845,3.1266496181488037
20250910_153026.479896,1.968430757522583,0.8840164542198181,3.12636399269104
20250910_153026.489955,1.9680594205856323,0.884225606918335,3.126095771789551
20250910_153026.500241,1.9676450490951538,0.8844289183616638,3.125823974609375
20250910_153026.509907,1.9672799110412598,0.8846175074577332,3.1255204677581787
20250910_153026.520088,1.966887354850769,0.8848778605461121,3.125237226486206
20250910_153026.530288,1.966260552406311,0.8853604197502136,3.124959945678711
20250910_153026.540196,1.9659342765808105,0.8855080008506775,3.1247165203094482
20250910_153026.550130,1.965497374534607,0.8857340812683105,3.124467372894287
20250910_153026.560094,1.9653239250183105,0.8857706785202026,3.124210834503174
20250910_153026.569651,1.9650344848632812,0.885926365852356,3.1239776611328125
20250910_153026.580167,1.9646120071411133,0.8862365484237671,3.12365984916687
20250910_153026.590323,1.9642021656036377,0.8865792155265808,3.1233136653900146
20250910_153026.600135,1.9638279676437378,0.886738121509552,3.1230194568634033
20250910_153026.609635,1.9632985591888428,0.8870732188224792,3.1226868629455566
20250910_153026.620006,1.9629136323928833,0.8872089385986328,3.122358798980713
20250910_153026.630424,1.9624745845794678,0.8875603079795837,3.1220386028289795
20250910_153026.640131,1.9621485471725464,0.8877301216125488,3.1217236518859863
20250910_153026.650084,1.961818814277649,0.8879188299179077,3.1213998794555664
20250910_153026.660151,1.961459755897522,0.8881518244743347,3.121070384979248
20250910_153026.670202,1.9611245393753052,0.8882185220718384,3.120760440826416
20250910_153026.680269,1.9607964754104614,0.8883159160614014,3.120429039001465
20250910_153026.690137,1.960465908050537,0.888492226600647,3.1201019287109375
20250910_153026.700117,1.9603246450424194,0.8884729146957397,3.1198246479034424
20250910_153026.710166,1.9598824977874756,0.8888092041015625,3.119483470916748
20250910_153026.720156,1.9593923091888428,0.8891593813896179,3.11907696723938
20250910_153026.730147,1.959163784980774,0.8891598582267761,3.118774175643921
20250910_153026.740013,1.958683729171753,0.8894630074501038,3.1183969974517822
20250910_153026.750002,1.9583951234817505,0.8895469903945923,3.1180660724639893
20250910_153026.760010,1.9581118822097778,0.8897127509117126,3.117748737335205
20250910_153026.770072,1.9578396081924438,0.8898863196372986,3.117382764816284
20250910_153026.780113,1.9575845003128052,0.8900113701820374,3.117043972015381
20250910_153026.790225,1.9572769403457642,0.8901506066322327,3.1166906356811523
20250910_153026.800165,1.9570159912109375,0.8902460336685181,3.1163108348846436
20250910_153026.810215,1.9569019079208374,0.8901073932647705,3.1159706115722656
20250910_153026.820156,1.9566516876220703,0.8901758193969727,3.1155879497528076
20250910_153026.830181,1.956264615058899,0.8904635310173035,3.115170955657959
20250910_153026.840091,1.9560328722000122,0.8905516862869263,3.1147568225860596
20250910_153026.849813,1.9557900428771973,0.8906230330467224,3.114335060119629
20250910_153026.860261,1.955566644668579,0.8906177282333374,3.1139461994171143
20250910_153026.870115,1.9551702737808228,0.8908241391181946,3.1134557723999023
20250910_153026.879858,1.9548660516738892,0.8909440636634827,3.113037347793579
20250910_153026.889845,1.9546300172805786,0.8910649418830872,3.1126186847686768
20250910_153026.900327,1.9545276165008545,0.8911062479019165,3.11218523979187
20250910_153026.910162,1.9543087482452393,0.8911491632461548,3.1118016242980957
20250910_153026.920032,1.95420241355896,0.8911219239234924,3.1113901138305664
20250910_153026.929915,1.9541703462600708,0.8910268545150757,3.111004590988159
20250910_153026.940200,1.9539942741394043,0.8910132646560669,3.110572338104248
20250910_153026.949936,1.9536707401275635,0.8912370800971985,3.1101157665252686
20250910_153026.960219,1.9535117149353027,0.8913137316703796,3.1096794605255127
20250910_153026.969825,1.9534049034118652,0.8913773894309998,3.109250783920288
20250910_153026.979705,1.953253149986267,0.8914027214050293,3.108802556991577
20250910_153026.989649,1.9530911445617676,0.8914153575897217,3.1083602905273438
20250910_153027.000024,1.9530093669891357,0.8913614153862,3.108060598373413
20250910_153027.010138,1.9528851509094238,0.8913580775260925,3.107621192932129
20250910_153027.020068,1.9527825117111206,0.8914292454719543,3.107151508331299
20250910_153027.030211,1.952825665473938,0.8913114070892334,3.1067237854003906
20250910_153027.040052,1.9525682926177979,0.8915284276008606,3.1061863899230957
20250910_153027.050103,1.952270746231079,0.8917108774185181,3.1056265830993652
20250910_153027.059829,1.9521013498306274,0.8919034004211426,3.1049420833587646
20250910_153027.070352,1.9519799947738647,0.8919802308082581,3.1045074462890625
20250910_153027.079644,1.9518576860427856,0.8920594453811646,3.10404372215271
20250910_153027.089659,1.9518991708755493,0.8919113278388977,3.1036953926086426
20250910_153027.100169,1.9518208503723145,0.8920224905014038,3.1032416820526123
20250910_153027.110040,1.951771855354309,0.8920848369598389,3.1027626991271973
20250910_153027.120035,1.9517143964767456,0.8921327590942383,3.102329969406128
20250910_153027.130349,1.9516271352767944,0.8922098875045776,3.1018335819244385
20250910_153027.140083,1.9513949155807495,0.8925373554229736,3.1012134552001953
20250910_153027.150514,1.951467514038086,0.8924686908721924,3.1007399559020996
20250910_153027.160268,1.9514424800872803,0.8925492763519287,3.10022234916687
20250910_153027.170017,1.9515140056610107,0.8925361633300781,3.0998568534851074
20250910_153027.180098,1.9512109756469727,0.8929835557937622,3.0991806983947754
20250910_153027.190405,1.9512029886245728,0.8929744958877563,3.098698377609253
20250910_153027.200168,1.951141595840454,0.8930066823959351,3.098217487335205
20250910_153027.210050,1.951148509979248,0.8930320739746094,3.0977048873901367
20250910_153027.220145,1.9511480331420898,0.893068253993988,3.097200870513916
20250910_153027.230450,1.9511324167251587,0.8931073546409607,3.0966298580169678
20250910_153027.239802,1.9511152505874634,0.8931577205657959,3.09604811668396
20250910_153027.250232,1.951092004776001,0.8930596113204956,3.0955159664154053
20250910_153027.259914,1.9510914087295532,0.8930050134658813,3.0950047969818115
20250910_153027.270334,1.9511008262634277,0.8929928541183472,3.094489097595215
20250910_153027.280260,1.951094388961792,0.8930391073226929,3.093980550765991
20250910_153027.289868,1.9510859251022339,0.8931515216827393,3.0934481620788574
20250910_153027.300062,1.9510886669158936,0.8931562304496765,3.092935800552368
20250910_153027.309882,1.9511030912399292,0.8931496143341064,3.0924031734466553
20250910_153027.319827,1.9511069059371948,0.8931134343147278,3.091883659362793
20250910_153027.330446,1.9510571956634521,0.8930932879447937,3.0913658142089844
20250910_153027.340062,1.9510581493377686,0.8931312561035156,3.0908780097961426
20250910_153027.349819,1.9511370658874512,0.8931750059127808,3.0903944969177246
20250910_153027.360674,1.9511667490005493,0.8931517004966736,3.0898637771606445
20250910_153027.370266,1.9512169361114502,0.8931661248207092,3.0893523693084717
20250910_153027.380289,1.9513065814971924,0.8931233882904053,3.088864326477051
20250910_153027.390196,1.951332688331604,0.8931167125701904,3.0883171558380127
20250910_153027.400066,1.951371431350708,0.8930962085723877,3.0878093242645264
20250910_153027.409864,1.951399326324463,0.8931287527084351,3.087294101715088
20250910_153027.420111,1.9514596462249756,0.8931295275688171,3.0867791175842285
20250910_153027.430363,1.9515105485916138,0.8931145071983337,3.086263418197632
20250910_153027.440197,1.9515804052352905,0.8931035399436951,3.0857627391815186
20250910_153027.450206,1.951590895652771,0.8931339383125305,3.0852153301239014
20250910_153027.459904,1.9516263008117676,0.8930639028549194,3.0847249031066895
20250910_153027.469956,1.9517111778259277,0.892919659614563,3.0843234062194824
20250910_153027.480244,1.9517247676849365,0.8928893804550171,3.0837676525115967
20250910_153027.489871,1.9518014192581177,0.8928508758544922,3.083207368850708
20250910_153027.500031,1.9518464803695679,0.8928859829902649,3.082589864730835
20250910_153027.510099,1.9519232511520386,0.8927515745162964,3.0822153091430664
20250910_153027.519920,1.9518811702728271,0.8928157687187195,3.0816731452941895
20250910_153027.530585,1.9518821239471436,0.8928353190422058,3.080976963043213
20250910_153027.623258,1.9519351720809937,0.8928117156028748,3.0804693698883057
20250910_153027.632052,1.9517945051193237,0.8930584788322449,3.0799360275268555
20250910_153027.637323,1.9518475532531738,0.8931177854537964,3.0792744159698486
20250910_153027.641029,1.9522926807403564,0.8925551772117615,3.07893443107605
20250910_153027.649921,1.952497124671936,0.8923428654670715,3.0784225463867188
20250910_153027.655622,1.9526275396347046,0.8922116756439209,3.077911138534546
20250910_153027.658122,1.9527009725570679,0.8920369148254395,3.0774383544921875
20250910_153027.661936,1.9528318643569946,0.8918768167495728,3.076969623565674
20250910_153027.664557,1.9529430866241455,0.8917492032051086,3.076448440551758
20250910_153027.667330,1.9530751705169678,0.8915683031082153,3.075873374938965
20250910_153027.671317,1.9532030820846558,0.8914534449577332,3.0753445625305176
20250910_153027.673565,1.9532309770584106,0.8913912773132324,3.074791431427002
20250910_153027.679728,1.9533149003982544,0.8912454843521118,3.0742738246917725
20250910_153027.682690,1.9533672332763672,0.8910556435585022,3.0737459659576416
20250910_153027.696504,1.953451156616211,0.890856921672821,3.07326078414917
20250910_153027.704746,1.9535471200942993,0.8909387588500977,3.072695732116699
20250910_153027.706205,1.953609585762024,0.8907007575035095,3.0722575187683105
20250910_153027.710212,1.9537349939346313,0.8905764222145081,3.071730136871338
20250910_153027.719800,1.9537793397903442,0.8905777931213379,3.0712268352508545
20250910_153027.730010,1.9538453817367554,0.8904430866241455,3.0707037448883057
20250910_153027.739877,1.9539541006088257,0.8902276754379272,3.070155620574951
20250910_153027.750135,1.9538288116455078,0.8906267285346985,3.069411516189575
20250910_153027.760089,1.9539989233016968,0.8906334638595581,3.068906307220459
20250910_153027.770150,1.9539958238601685,0.8907185196876526,3.068387508392334
20250910_153027.779666,1.9542570114135742,0.8904142379760742,3.068006753921509
20250910_153027.789693,1.9543720483779907,0.8903796076774597,3.0674550533294678
20250910_153027.800011,1.9544241428375244,0.8904123306274414,3.066786289215088
20250910_153027.810109,1.954573154449463,0.8902742266654968,3.0662739276885986
20250910_153027.820017,1.9547752141952515,0.8902600407600403,3.0657150745391846
20250910_153027.830002,1.9549062252044678,0.8902825713157654,3.0651516914367676
20250910_153027.840224,1.9550646543502808,0.8901891708374023,3.0645883083343506
20250910_153027.850267,1.9552029371261597,0.890155553817749,3.06402325630188
20250910_153027.860230,1.9552927017211914,0.8901053667068481,3.063403844833374
20250910_153027.870488,1.955456018447876,0.8899663090705872,3.0627999305725098
20250910_153027.880169,1.9555803537368774,0.8898842334747314,3.06221342086792
20250910_153027.890468,1.9556965827941895,0.889863133430481,3.0615627765655518
20250910_153027.900337,1.9559426307678223,0.8897767066955566,3.0609066486358643
20250910_153027.910149,1.9561083316802979,0.8896602392196655,3.0603487491607666
20250910_153027.920144,1.9562228918075562,0.8895657062530518,3.0597524642944336
20250910_153027.930562,1.9563515186309814,0.8894670605659485,3.059173822402954
20250910_153027.940281,1.9566327333450317,0.8891943693161011,3.058573007583618
20250910_153027.950127,1.9566700458526611,0.8892241716384888,3.057865858078003
20250910_153027.959942,1.9568595886230469,0.8892225027084351,3.057270050048828
20250910_153027.970002,1.9570531845092773,0.8891597986221313,3.0566906929016113
20250910_153027.980540,1.9572089910507202,0.8890373706817627,3.0560412406921387
20250910_153027.989945,1.9574239253997803,0.8888386487960815,3.0554609298706055
20250910_153028.000082,1.9575884342193604,0.8887104988098145,3.0548648834228516
20250910_153028.010293,1.9578114748001099,0.8886038064956665,3.0542280673980713
20250910_153028.020540,1.957993507385254,0.8885724544525146,3.053590774536133
20250910_153028.030078,1.9582384824752808,0.8885363340377808,3.052910804748535
20250910_153028.039976,1.9584382772445679,0.8884677290916443,3.0522501468658447
20250910_153028.050280,1.9586254358291626,0.8883478045463562,3.051640510559082
20250910_153028.060288,1.9588079452514648,0.8882704973220825,3.051018476486206
20250910_153028.070104,1.9590163230895996,0.8881382942199707,3.0503318309783936
20250910_153028.080077,1.9592652320861816,0.8880918025970459,3.049654483795166
20250910_153028.090230,1.9595143795013428,0.8881039023399353,3.048959255218506
20250910_153028.100283,1.9597512483596802,0.8880739212036133,3.0482828617095947
20250910_153028.110242,1.9600027799606323,0.8879578709602356,3.047667980194092
20250910_153028.120233,1.9601424932479858,0.8878846168518066,3.0469810962677
20250910_153028.130382,1.9603335857391357,0.8878414034843445,3.046287775039673
20250910_153028.140179,1.960744857788086,0.8876346349716187,3.0456275939941406
20250910_153028.150340,1.961032509803772,0.8876402974128723,3.044947624206543
20250910_153028.160216,1.9613726139068604,0.8876659274101257,3.044260025024414
20250910_153028.169926,1.9617143869400024,0.8876466751098633,3.0435776710510254
20250910_153028.180196,1.9619724750518799,0.8875552415847778,3.042914628982544
20250910_153028.190234,1.962235927581787,0.8874433636665344,3.042266845703125
20250910_153028.200055,1.9625463485717773,0.8874285221099854,3.041588306427002
20250910_153028.209994,1.9628702402114868,0.8873854875564575,3.0408849716186523
20250910_153028.220006,1.9632114171981812,0.8873659372329712,3.040179491043091
20250910_153028.230602,1.9635686874389648,0.8874451518058777,3.0394251346588135
20250910_153028.240209,1.963925838470459,0.8874682188034058,3.038734197616577
20250910_153028.249850,1.964187502861023,0.88725346326828,3.0381808280944824
20250910_153028.260210,1.9645283222198486,0.8871892094612122,3.037484884262085
20250910_153028.269925,1.964849829673767,0.8871671557426453,3.036757230758667
20250910_153028.280127,1.965366005897522,0.8870294690132141,3.0360710620880127
20250910_153028.289735,1.965728521347046,0.8869585394859314,3.035348892211914
20250910_153028.300882,1.9660999774932861,0.8869280815124512,3.0346689224243164
20250910_153028.310074,1.9663281440734863,0.8869731426239014,3.0339221954345703
20250910_153028.320215,1.9666723012924194,0.8869446516036987,3.03320050239563
20250910_153028.330299,1.967056393623352,0.8869454860687256,3.0325324535369873
20250910_153028.340014,1.9674909114837646,0.8869078755378723,3.0317800045013428
20250910_153028.350104,1.9679044485092163,0.8869193196296692,3.0310211181640625
20250910_153028.360412,1.968259334564209,0.8869493007659912,3.0302817821502686
20250910_153028.369865,1.9686576128005981,0.8869958519935608,3.029604196548462
20250910_153028.380268,1.969038486480713,0.8870053887367249,3.028921127319336
20250910_153028.390202,1.9694530963897705,0.8869346976280212,3.028200149536133
20250910_153028.400002,1.9700219631195068,0.8870380520820618,3.027416467666626
20250910_153028.410331,1.970604658126831,0.8869473338127136,3.0267043113708496
20250910_153028.420159,1.9710906744003296,0.8868995904922485,3.0259995460510254
20250910_153028.430650,1.9715656042099,0.8869186043739319,3.025277853012085
20250910_153028.440187,1.9718023538589478,0.8870173692703247,3.0245914459228516
20250910_153028.450202,1.9722554683685303,0.8869511485099792,3.0238330364227295
20250910_153028.460122,1.9727061986923218,0.8869253396987915,3.0231080055236816
20250910_153028.470282,1.9731231927871704,0.8869691491127014,3.0223422050476074
20250910_153028.480334,1.973582148551941,0.8870702981948853,3.021397829055786
20250910_153028.490254,1.9740420579910278,0.8870406150817871,3.020695924758911
20250910_153028.500006,1.9745005369186401,0.8869497776031494,3.0200023651123047
20250910_153028.509947,1.9749857187271118,0.8869615197181702,3.0192480087280273
20250910_153028.520042,1.975489616394043,0.8867977857589722,3.01847243309021
20250910_153028.530348,1.9760198593139648,0.8865729570388794,3.017749309539795
20250910_153028.539999,1.976504921913147,0.886518657207489,3.017036199569702
20250910_153028.550239,1.976999044418335,0.8863949775695801,3.0163021087646484
20250910_153028.560067,1.9775673151016235,0.8861925601959229,3.0156025886535645
20250910_153028.570295,1.9781166315078735,0.8860436081886292,3.014885425567627
20250910_153028.579439,1.9785399436950684,0.88593590259552,3.0141942501068115
20250910_153028.590268,1.9790785312652588,0.8856636881828308,3.0134871006011963
20250910_153028.600126,1.979141354560852,0.8861406445503235,3.0125935077667236
20250910_153028.610157,1.979921817779541,0.8857870101928711,3.0118942260742188
20250910_153028.620042,1.9805222749710083,0.8855732083320618,3.0111796855926514
20250910_153028.629873,1.981113076210022,0.8853262662887573,3.0104281902313232
20250910_153028.640006,1.9815430641174316,0.8851955533027649,3.0096163749694824
20250910_153028.650396,1.9819825887680054,0.884986937046051,3.008974552154541
20250910_153028.659537,1.9824949502944946,0.8847856521606445,3.008239269256592
20250910_153028.670386,1.9829885959625244,0.8846313953399658,3.0074286460876465
20250910_153028.680146,1.9834786653518677,0.8845463991165161,3.00663161277771
20250910_153028.690192,1.9839532375335693,0.8843366503715515,3.005845546722412
20250910_153028.700476,1.9844639301300049,0.884079098701477,3.005115270614624
20250910_153028.710143,1.9850751161575317,0.8837514519691467,3.0043749809265137
20250910_153028.720308,1.9855116605758667,0.8835676312446594,3.0035879611968994
20250910_153028.730345,1.986087679862976,0.8833481669425964,3.0028505325317383
20250910_153028.740261,1.986683964729309,0.8831740617752075,3.002185583114624
20250910_153028.750034,1.987143874168396,0.8830362558364868,3.0013861656188965
20250910_153028.760049,1.9877214431762695,0.8827493190765381,3.000613212585449
20250910_153028.770189,1.9882193803787231,0.8825464844703674,2.9998865127563477
20250910_153028.780267,1.9888746738433838,0.8822810649871826,2.9991607666015625
20250910_153028.789570,1.989416241645813,0.882128894329071,2.998420000076294
20250910_153028.800226,1.9899019002914429,0.881933867931366,2.9976413249969482
20250910_153028.810250,1.9904593229293823,0.8817404508590698,2.996860980987549
20250910_153028.820372,1.9909824132919312,0.8816269040107727,2.9961252212524414
20250910_153028.830048,1.9913843870162964,0.8815593719482422,2.995237350463867
20250910_153028.840267,1.99192476272583,0.8813420534133911,2.994462013244629
20250910_153028.850225,1.9924362897872925,0.8812345266342163,2.993710994720459
20250910_153028.860094,1.9931761026382446,0.8808026313781738,2.9929065704345703
20250910_153028.870095,1.9937169551849365,0.8807023167610168,2.992119312286377
20250910_153028.880356,1.9942468404769897,0.8806041479110718,2.991405725479126
20250910_153028.890190,1.9947785139083862,0.8804759979248047,2.9906554222106934
20250910_153028.900132,1.9953553676605225,0.8803271651268005,2.989867687225342
20250910_153028.910185,1.9960037469863892,0.8800817131996155,2.9891045093536377
20250910_153028.920825,1.996584177017212,0.8800950050354004,2.9883975982666016
20250910_153028.929922,1.9973214864730835,0.8797797560691833,2.987727642059326
20250910_153028.939493,1.997908353805542,0.879676103591919,2.986992359161377
20250910_153028.950014,1.9985870122909546,0.8796027898788452,2.986239433288574
20250910_153028.959951,1.9992005825042725,0.8795452117919922,2.9855127334594727
20250910_153028.970188,1.9997611045837402,0.8794430494308472,2.984769582748413
20250910_153028.979684,2.0003750324249268,0.8793632388114929,2.984057903289795
20250910_153028.990111,2.0010387897491455,0.8792577385902405,2.9833245277404785
20250910_153029.000025,2.001833915710449,0.8790221214294434,2.9826791286468506
20250910_153029.009681,2.002485990524292,0.8790346384048462,2.981975793838501
20250910_153029.020042,2.0031075477600098,0.8790206909179688,2.981271266937256
20250910_153029.029867,2.0036821365356445,0.8789945244789124,2.980506181716919
20250910_153029.039479,2.0043179988861084,0.8789680004119873,2.9798426628112793
20250910_153029.049564,2.005093812942505,0.8789305686950684,2.9790544509887695
20250910_153029.060028,2.005720853805542,0.8790491819381714,2.9783544540405273
20250910_153029.070062,2.0064871311187744,0.8789934515953064,2.977705955505371
20250910_153029.079654,2.0072951316833496,0.8789223432540894,2.977020025253296
20250910_153029.090431,2.0080008506774902,0.8789589405059814,2.9762792587280273
20250910_153029.100420,2.008727550506592,0.878915011882782,2.9755489826202393
20250910_153029.110032,2.009429693222046,0.8789303302764893,2.9749202728271484
20250910_153029.120200,2.0101804733276367,0.878921627998352,2.974259614944458
20250910_153029.130649,2.0108962059020996,0.8790099024772644,2.973586082458496
20250910_153029.140102,2.011692762374878,0.8790256977081299,2.972975969314575
20250910_153029.150016,2.012507200241089,0.8789595365524292,2.972290515899658
20250910_153029.160047,2.013221263885498,0.8790162801742554,2.97161602973938
20250910_153029.170123,2.0139784812927246,0.8790127038955688,2.9709510803222656
20250910_153029.180062,2.014735698699951,0.879147469997406,2.9703638553619385
20250910_153029.189418,2.0154693126678467,0.8792669177055359,2.9696946144104004
20250910_153029.200174,2.016101598739624,0.8795267939567566,2.9690089225769043
20250910_153029.210184,2.016817092895508,0.8796072006225586,2.9684107303619385
20250910_153029.220299,2.0177507400512695,0.8795029520988464,2.967775344848633
20250910_153029.230506,2.0184385776519775,0.879631519317627,2.967134475708008
20250910_153029.240034,2.0191779136657715,0.8797394037246704,2.9665021896362305
20250910_153029.250460,2.019887924194336,0.8798894882202148,2.9658687114715576
20250910_153029.260112,2.0206756591796875,0.8800206780433655,2.9652488231658936
20250910_153029.270187,2.021440029144287,0.880126416683197,2.964625597000122
20250910_153029.280039,2.0222256183624268,0.8803063631057739,2.964008092880249
20250910_153029.289688,2.0231258869171143,0.8803118467330933,2.963381052017212
20250910_153029.300193,2.0239548683166504,0.8803684115409851,2.962745189666748
20250910_153029.310521,2.0247206687927246,0.8805107474327087,2.9620425701141357
20250910_153029.320028,2.0254695415496826,0.8806401491165161,2.9613869190216064
20250910_153029.330705,2.026283025741577,0.8808102011680603,2.9607584476470947
20250910_153029.339532,2.0270185470581055,0.8809986114501953,2.9600989818573
20250910_153029.350155,2.0277223587036133,0.8813241720199585,2.959425449371338
20250910_153029.360036,2.028660297393799,0.8814025521278381,2.9587831497192383
20250910_153029.370371,2.0294101238250732,0.8816261887550354,2.9582033157348633
20250910_153029.380245,2.0302064418792725,0.8816906213760376,2.9575347900390625
20250910_153029.389843,2.0310404300689697,0.8818238973617554,2.956935167312622
20250910_153029.400309,2.0318918228149414,0.8819695115089417,2.9563164710998535
20250910_153029.410479,2.0326905250549316,0.8821298480033875,2.955683946609497
20250910_153029.420278,2.03352952003479,0.8822942972183228,2.955080986022949
20250910_153029.430496,2.0344629287719727,0.8824285268783569,2.9544334411621094
20250910_153029.439501,2.035238027572632,0.8826018571853638,2.9538073539733887
20250910_153029.450364,2.0360488891601562,0.8827388286590576,2.9531705379486084
20250910_153029.459897,2.0367956161499023,0.8829103112220764,2.9525365829467773
20250910_153029.470258,2.037855386734009,0.882932722568512,2.951918840408325
20250910_153029.480244,2.0386791229248047,0.8831828236579895,2.9511559009552
20250910_153029.489678,2.039546012878418,0.8833601474761963,2.95043683052063
20250910_153029.500273,2.040437936782837,0.8835963010787964,2.9497885704040527
20250910_153029.510207,2.0412752628326416,0.8836666345596313,2.949167013168335
20250910_153029.520173,2.042097806930542,0.8837536573410034,2.948533296585083
20250910_153029.530201,2.0430803298950195,0.8838497400283813,2.947829008102417
20250910_153029.539389,2.0439260005950928,0.8840361833572388,2.947265863418579
20250910_153029.549498,2.044814348220825,0.8842182159423828,2.9466357231140137
20250910_153029.559636,2.045738458633423,0.8842912912368774,2.9459924697875977
20250910_153029.570116,2.0466063022613525,0.8844740390777588,2.9453938007354736
20250910_153029.580179,2.047534704208374,0.8845571875572205,2.9446780681610107
20250910_153029.589943,2.0483782291412354,0.8846661448478699,2.944035530090332
20250910_153029.599824,2.0488197803497314,0.8853071928024292,2.94333553314209
20250910_153029.609795,2.0496890544891357,0.8855662941932678,2.942697763442993
20250910_153029.619880,2.0510244369506836,0.8852059841156006,2.942173480987549
20250910_153029.630256,2.051990509033203,0.8852487206459045,2.941610336303711
20250910_153029.640127,2.0528247356414795,0.8853926062583923,2.9410297870635986
20250910_153029.650173,2.0536932945251465,0.8854768872261047,2.940417528152466
20250910_153029.660117,2.054570198059082,0.8855895400047302,2.939822196960449
20250910_153029.670340,2.0555617809295654,0.885774552822113,2.9392359256744385
20250910_153029.680159,2.05656361579895,0.8857969045639038,2.9386417865753174
20250910_153029.689477,2.057408571243286,0.8858370184898376,2.9379842281341553
20250910_153029.700224,2.058319091796875,0.8859312534332275,2.937371253967285
20250910_153029.710035,2.059170722961426,0.8861076831817627,2.9367897510528564
20250910_153029.720393,2.0600686073303223,0.8862096667289734,2.9361937046051025
20250910_153029.730270,2.0609357357025146,0.8863722681999207,2.9356353282928467
20250910_153029.739651,2.062110185623169,0.8863022327423096,2.935068368911743
20250910_153029.750161,2.062954902648926,0.8864350914955139,2.9344775676727295
20250910_153029.759936,2.0638346672058105,0.8865121006965637,2.933950424194336
20250910_153029.770223,2.0646729469299316,0.8866690397262573,2.9333982467651367
20250910_153029.779477,2.0655336380004883,0.8867863416671753,2.9328320026397705
20250910_153029.789351,2.066469192504883,0.8868893384933472,2.932239532470703
20250910_153029.800294,2.067380905151367,0.8869949579238892,2.9316725730895996
20250910_153029.809569,2.0683043003082275,0.887093722820282,2.9311349391937256
20250910_153029.820164,2.0691564083099365,0.8871105909347534,2.9306082725524902
20250910_153029.830166,2.0700113773345947,0.8871689438819885,2.9300527572631836
20250910_153029.839428,2.0709457397460938,0.8871760368347168,2.9295170307159424
20250910_153029.850255,2.0719683170318604,0.8870689868927002,2.928924798965454
20250910_153029.860259,2.0728325843811035,0.887188732624054,2.92842960357666
20250910_153029.870243,2.073716640472412,0.8872501254081726,2.927851676940918
20250910_153029.880200,2.074712038040161,0.8872280120849609,2.9273295402526855
20250910_153029.889774,2.0756120681762695,0.8872018456459045,2.9267866611480713
20250910_153029.900031,2.0765011310577393,0.8871548771858215,2.926264524459839
20250910_153029.910097,2.0774402618408203,0.8871076107025146,2.9257586002349854
20250910_153029.920005,2.078386068344116,0.887064516544342,2.9252493381500244
20250910_153029.930068,2.079308032989502,0.8870978355407715,2.924703359603882
20250910_153029.939957,2.080188035964966,0.8871446847915649,2.9241387844085693
20250910_153029.950448,2.0811848640441895,0.8870368599891663,2.9236364364624023
20250910_153029.960349,2.0822243690490723,0.8868257403373718,2.9230875968933105
20250910_153029.970061,2.0831105709075928,0.8867630362510681,2.9225914478302
20250910_153029.980237,2.08400297164917,0.8866685032844543,2.922069787979126
20250910_153029.990537,2.08494234085083,0.8865941762924194,2.9215188026428223
20250910_153030.000253,2.0858898162841797,0.8865344524383545,2.921030282974243
20250910_153030.009801,2.0870983600616455,0.8861967921257019,2.920423746109009
20250910_153030.020039,2.0879440307617188,0.8862061500549316,2.9199397563934326
20250910_153030.030222,2.08884334564209,0.8860288262367249,2.919415235519409
20250910_153030.039886,2.0897300243377686,0.8859748840332031,2.9188756942749023
20250910_153030.050400,2.090918779373169,0.8855273127555847,2.9183123111724854
20250910_153030.060150,2.0916359424591064,0.8856390118598938,2.917821168899536
20250910_153030.069609,2.092592239379883,0.885546863079071,2.917325735092163
20250910_153030.080039,2.093518018722534,0.8855098485946655,2.9167556762695312
20250910_153030.090081,2.094313859939575,0.8855094313621521,2.916156053543091
20250910_153030.100421,2.0955753326416016,0.8849956393241882,2.915663719177246
20250910_153030.109295,2.096679449081421,0.8846297264099121,2.915243625640869
20250910_153030.119909,2.0973691940307617,0.8847334384918213,2.914729595184326
20250910_153030.130386,2.0983126163482666,0.8845916390419006,2.9141879081726074
20250910_153030.139976,2.0994067192077637,0.8843326568603516,2.9136433601379395
20250910_153030.149822,2.10044527053833,0.8840427994728088,2.913109302520752
20250910_153030.159658,2.1012673377990723,0.8839746117591858,2.9125401973724365
20250910_153030.170274,2.1020355224609375,0.8838773965835571,2.9120423793792725
20250910_153030.180129,2.103102207183838,0.8836066722869873,2.911529779434204
20250910_153030.189536,2.1042652130126953,0.8832855224609375,2.9109318256378174
20250910_153030.200348,2.10532546043396,0.8829871416091919,2.9103622436523438
20250910_153030.209894,2.1061089038848877,0.8829371333122253,2.909785032272339
20250910_153030.219966,2.1068856716156006,0.8829301595687866,2.9092259407043457
20250910_153030.230644,2.1080141067504883,0.8824276924133301,2.908701181411743
20250910_153030.239717,2.108996629714966,0.8820729851722717,2.9081177711486816
20250910_153030.249602,2.1099398136138916,0.8819442391395569,2.907566785812378
20250910_153030.260064,2.1110620498657227,0.8815917372703552,2.9070942401885986
20250910_153030.270067,2.11175799369812,0.8815361857414246,2.906498432159424
20250910_153030.280024,2.1130449771881104,0.8808259963989258,2.905909299850464
20250910_153030.290187,2.1138834953308105,0.8808578848838806,2.9052276611328125
20250910_153030.299304,2.1147470474243164,0.8807477951049805,2.904761552810669
20250910_153030.309606,2.11543345451355,0.8807894587516785,2.904114246368408
20250910_153030.319341,2.1165151596069336,0.8804765939712524,2.9035911560058594
20250910_153030.330556,2.1173131465911865,0.8803236484527588,2.903047800064087
20250910_153030.340061,2.1185507774353027,0.8795320987701416,2.9026525020599365
20250910_153030.349578,2.1191365718841553,0.879683792591095,2.9020354747772217
20250910_153030.359716,2.1200156211853027,0.8796072006225586,2.9014639854431152
20250910_153030.370209,2.120877742767334,0.8793711066246033,2.9009547233581543
20250910_153030.379947,2.1220457553863525,0.8787862062454224,2.9003994464874268
20250910_153030.389500,2.1230051517486572,0.8786645531654358,2.8998403549194336
20250910_153030.399821,2.123725652694702,0.878658652305603,2.899292469024658
20250910_153030.410136,2.1245710849761963,0.878508985042572,2.898756504058838
20250910_153030.419596,2.1254003047943115,0.8783526420593262,2.898242473602295
20250910_153030.429865,2.1263747215270996,0.8779864311218262,2.8976781368255615
20250910_153030.440265,2.127237319946289,0.8777346611022949,2.8971588611602783
20250910_153030.450077,2.1280457973480225,0.8776003122329712,2.8966007232666016
20250910_153030.459625,2.1288905143737793,0.8775289058685303,2.896035671234131
20250910_153030.470309,2.1297903060913086,0.8774080276489258,2.8954973220825195
20250910_153030.480075,2.130742311477661,0.8770706653594971,2.894960641860962
20250910_153030.489930,2.131760597229004,0.8767309188842773,2.894392967224121
20250910_153030.500054,2.13234281539917,0.8767879605293274,2.8938403129577637
20250910_153030.509999,2.1331324577331543,0.876711368560791,2.8932993412017822
20250910_153030.520730,2.1339104175567627,0.8766319751739502,2.8927974700927734
20250910_153030.530331,2.134760618209839,0.876450777053833,2.892235279083252
20250910_153030.539948,2.1357481479644775,0.8761692643165588,2.891681671142578
20250910_153030.550019,2.136345624923706,0.8762134909629822,2.891206979751587
20250910_153030.559712,2.1370387077331543,0.8760417699813843,2.8907041549682617
20250910_153030.570487,2.13771915435791,0.8759894967079163,2.8902034759521484
20250910_153030.580308,2.138435125350952,0.8759506940841675,2.8897242546081543
20250910_153030.589878,2.139281988143921,0.8759065270423889,2.8891959190368652
20250910_153030.599966,2.1399707794189453,0.8758554458618164,2.8887059688568115
20250910_153030.610138,2.140685558319092,0.8757520914077759,2.888160467147827
20250910_153030.620305,2.141301155090332,0.8757156729698181,2.8876285552978516
20250910_153030.630272,2.141892433166504,0.8757602572441101,2.887144088745117
20250910_153030.639763,2.142659902572632,0.8756484985351562,2.8866891860961914
20250910_153030.649793,2.143306255340576,0.8756421208381653,2.886199951171875
20250910_153030.659699,2.143974542617798,0.8756642937660217,2.885701894760132
20250910_153030.669974,2.144667148590088,0.8755537867546082,2.885223150253296
20250910_153030.680098,2.1453003883361816,0.8754139542579651,2.8847460746765137
20250910_153030.690172,2.145901918411255,0.8754619359970093,2.8842737674713135
20250910_153030.699718,2.1465070247650146,0.8756101131439209,2.8837430477142334
20250910_153030.710168,2.147045612335205,0.8756484985351562,2.8832600116729736
20250910_153030.720250,2.1476433277130127,0.8757001161575317,2.8827567100524902
20250910_153030.730668,2.148127317428589,0.8757721781730652,2.8823354244232178
20250910_153030.739558,2.1487061977386475,0.8758331537246704,2.8818700313568115
20250910_153030.749716,2.1492068767547607,0.8758782744407654,2.8813650608062744
20250910_153030.760524,2.1498076915740967,0.8758845329284668,2.8809216022491455
20250910_153030.770367,2.1502695083618164,0.8759822845458984,2.880500555038452
20250910_153030.779636,2.1507418155670166,0.8759604096412659,2.8800208568573
20250910_153030.790042,2.1511995792388916,0.8760045766830444,2.879523277282715
20250910_153030.800095,2.1516318321228027,0.8761402368545532,2.8790674209594727
20250910_153030.810034,2.152085304260254,0.8762573599815369,2.878647804260254
20250910_153030.820016,2.152458906173706,0.8763167858123779,2.878211498260498
20250910_153030.830106,2.152897834777832,0.8763867020606995,2.877774238586426
20250910_153030.840177,2.153315544128418,0.8765085339546204,2.877326488494873
20250910_153030.850144,2.1537065505981445,0.8765527606010437,2.8769068717956543
20250910_153030.859573,2.154050588607788,0.8766493797302246,2.8764848709106445
20250910_153030.870284,2.1544315814971924,0.876812219619751,2.8760650157928467
20250910_153030.880351,2.15486216545105,0.8768539428710938,2.8756513595581055
20250910_153030.889837,2.155186653137207,0.8768700957298279,2.8752243518829346
20250910_153030.900006,2.1555023193359375,0.8769917488098145,2.874830961227417
20250910_153030.909542,2.1557698249816895,0.8772410154342651,2.874366044998169
20250910_153030.920069,2.156052350997925,0.8773355484008789,2.873948335647583
20250910_153030.929967,2.1565659046173096,0.8772594928741455,2.8734817504882812
20250910_153030.939826,2.156651020050049,0.8775808215141296,2.8731160163879395
20250910_153030.950227,2.1569032669067383,0.8776670098304749,2.872708320617676
20250910_153030.960253,2.1571342945098877,0.8777623772621155,2.8723199367523193
20250910_153030.969744,2.1574690341949463,0.8777843713760376,2.8719780445098877
20250910_153030.980379,2.1576805114746094,0.8779487013816833,2.8716137409210205
20250910_153030.990398,2.157881259918213,0.8779948353767395,2.8712010383605957
20250910_153031.000128,2.1581153869628906,0.8781576752662659,2.870791435241699
20250910_153031.010160,2.1583526134490967,0.8783230781555176,2.870366096496582
20250910_153031.020148,2.158583879470825,0.8783583641052246,2.86997127532959
20250910_153031.030255,2.1587648391723633,0.8784407377243042,2.8696398735046387
20250910_153031.040072,2.159003973007202,0.8785443902015686,2.869276762008667
20250910_153031.050302,2.159137010574341,0.8786619901657104,2.8688883781433105
20250910_153031.060205,2.1593151092529297,0.8787039518356323,2.8685355186462402
20250910_153031.069854,2.159482479095459,0.8787574768066406,2.8681752681732178
20250910_153031.080538,2.159651279449463,0.8787875771522522,2.8677940368652344
20250910_153031.090072,2.159745931625366,0.878839373588562,2.867431402206421
20250910_153031.100059,2.1598737239837646,0.8789272904396057,2.8670411109924316
20250910_153031.109908,2.1600120067596436,0.8789379000663757,2.8666844367980957
20250910_153031.120056,2.160116195678711,0.8789803981781006,2.8662750720977783
20250910_153031.130170,2.1602253913879395,0.8789669871330261,2.865910053253174
20250910_153031.140336,2.1603217124938965,0.879030168056488,2.865551471710205
20250910_153031.150179,2.1604135036468506,0.879057765007019,2.8652255535125732
20250910_153031.160171,2.1603152751922607,0.8792661428451538,2.864778995513916
20250910_153031.170014,2.1604175567626953,0.8793109655380249,2.864414930343628
20250910_153031.180463,2.160512685775757,0.8794012069702148,2.864030122756958
20250910_153031.189768,2.160588502883911,0.8793152570724487,2.8637101650238037
20250910_153031.200129,2.160623550415039,0.87935471534729,2.863384962081909
20250910_153031.210066,2.160881757736206,0.8791982531547546,2.8630716800689697
20250910_153031.220154,2.1609084606170654,0.8792222738265991,2.86275577545166
20250910_153031.230072,2.160741090774536,0.8794517517089844,2.862457036972046
20250910_153031.239769,2.160780429840088,0.8794997930526733,2.862147808074951
20250910_153031.250082,2.1608169078826904,0.8795770406723022,2.8618297576904297
20250910_153031.260142,2.1608409881591797,0.8795453906059265,2.861506700515747
20250910_153031.270074,2.160839557647705,0.8795649409294128,2.861215591430664
20250910_153031.280068,2.1608707904815674,0.8796257376670837,2.860887050628662
20250910_153031.290202,2.1608893871307373,0.8796445727348328,2.8606045246124268
20250910_153031.300020,2.16087007522583,0.8797139525413513,2.860311508178711
20250910_153031.310034,2.1608424186706543,0.8798012137413025,2.8600404262542725
20250910_153031.319950,2.1608147621154785,0.8798107504844666,2.859743595123291
20250910_153031.329751,2.1607816219329834,0.8798136115074158,2.8594672679901123
20250910_153031.339592,2.160738468170166,0.8799116611480713,2.859196186065674
20250910_153031.350081,2.1607439517974854,0.8800301551818848,2.858959913253784
20250910_153031.359759,2.160648822784424,0.8801125288009644,2.858689069747925
20250910_153031.369690,2.1605701446533203,0.8800856471061707,2.858421564102173
20250910_153031.380367,2.1605515480041504,0.8801702260971069,2.858147144317627
20250910_153031.390135,2.1603291034698486,0.8804374933242798,2.8578121662139893
20250910_153031.399917,2.1602296829223633,0.8804983496665955,2.8575680255889893
20250910_153031.409669,2.1601521968841553,0.8805720806121826,2.857325315475464
20250910_153031.419959,2.1600635051727295,0.8806926012039185,2.857086181640625
20250910_153031.430280,2.159930467605591,0.8807111978530884,2.8568549156188965
20250910_153031.439872,2.159790277481079,0.8807899951934814,2.8566274642944336
20250910_153031.449654,2.1597254276275635,0.880946934223175,2.856405735015869
20250910_153031.459498,2.159640312194824,0.8810246586799622,2.8562161922454834
20250910_153031.469647,2.1594839096069336,0.881101131439209,2.8560056686401367
20250910_153031.480286,2.1593050956726074,0.8811491131782532,2.8558449745178223
20250910_153031.489611,2.159162759780884,0.8812777400016785,2.855637550354004
20250910_153031.500255,2.158914089202881,0.881325364112854,2.8554580211639404
20250910_153031.510234,2.15877628326416,0.8814938068389893,2.8552346229553223
20250910_153031.520059,2.15857195854187,0.8816301822662354,2.855027198791504
20250910_153031.530241,2.1583874225616455,0.8816688060760498,2.8548057079315186
20250910_153031.540371,2.15816068649292,0.8816559910774231,2.854623794555664
20250910_153031.550234,2.1578338146209717,0.8818826675415039,2.8544046878814697
20250910_153031.559553,2.157625913619995,0.8819741010665894,2.8542299270629883
20250910_153031.570055,2.1574082374572754,0.882051944732666,2.8540337085723877
20250910_153031.580608,2.1571712493896484,0.8821431994438171,2.8538596630096436
20250910_153031.590486,2.156966209411621,0.8822454214096069,2.8536577224731445
20250910_153031.600215,2.1567349433898926,0.8822901248931885,2.8534913063049316
20250910_153031.610178,2.1564602851867676,0.8823109865188599,2.853302001953125
20250910_153031.619939,2.1561954021453857,0.8824014663696289,2.853121519088745
20250910_153031.629964,2.1559336185455322,0.8824563026428223,2.852926731109619
20250910_153031.639529,2.1556410789489746,0.8825680613517761,2.852738380432129
20250910_153031.650186,2.155186176300049,0.8828582167625427,2.8524904251098633
20250910_153031.660075,2.154836893081665,0.8829266428947449,2.8523552417755127
20250910_153031.669963,2.154590129852295,0.8829696774482727,2.8521764278411865
20250910_153031.679947,2.1542487144470215,0.8829866647720337,2.8520472049713135
20250910_153031.690197,2.153799295425415,0.8832110166549683,2.8518853187561035
20250910_153031.700060,2.1536173820495605,0.8832038044929504,2.8517343997955322
20250910_153031.709992,2.1532046794891357,0.8832751512527466,2.851555585861206
20250910_153031.720021,2.152933359146118,0.8833627104759216,2.851386785507202
20250910_153031.730400,2.1526131629943848,0.8834291696548462,2.8512167930603027
20250910_153031.740174,2.1522789001464844,0.8834310173988342,2.851053237915039
20250910_153031.750356,2.1519691944122314,0.8834400773048401,2.85090970993042
20250910_153031.760284,2.1516120433807373,0.8835029006004333,2.850738286972046
20250910_153031.770328,2.1512458324432373,0.8835455775260925,2.8506267070770264
20250910_153031.780428,2.150909185409546,0.8835878968238831,2.8504531383514404
20250910_153031.790249,2.150466203689575,0.8837851285934448,2.850322723388672
20250910_153031.800385,2.1500749588012695,0.8838518857955933,2.8501768112182617
20250910_153031.810202,2.149627208709717,0.8839675784111023,2.8500146865844727
20250910_153031.820099,2.14922833442688,0.8840048909187317,2.8498499393463135
20250910_153031.830377,2.1488728523254395,0.8840553760528564,2.8497273921966553
20250910_153031.839885,2.1485390663146973,0.8840264081954956,2.849569082260132
20250910_153031.850396,2.14815092086792,0.8840849995613098,2.8494136333465576
20250910_153031.860374,2.147672653198242,0.8842315077781677,2.849210262298584
20250910_153031.870277,2.1472630500793457,0.8842450976371765,2.849090337753296
20250910_153031.880332,2.146869659423828,0.884200930595398,2.8489139080047607
20250910_153031.889820,2.1464176177978516,0.8842558860778809,2.8487472534179688
20250910_153031.899489,2.1460459232330322,0.884311318397522,2.8486154079437256
20250910_153031.909960,2.14566707611084,0.884329617023468,2.848477602005005
20250910_153031.920200,2.1451148986816406,0.8845340609550476,2.8482775688171387
20250910_153031.930262,2.14467453956604,0.8846005201339722,2.848126173019409
20250910_153031.940183,2.1442601680755615,0.8845740556716919,2.847949266433716
20250910_153031.949989,2.14365291595459,0.8846310377120972,2.8477530479431152
20250910_153031.960152,2.1432032585144043,0.8846558332443237,2.8475940227508545
20250910_153031.970117,2.142835855484009,0.8847076296806335,2.8474459648132324
20250910_153031.980300,2.142488956451416,0.8847046494483948,2.8472683429718018
20250910_153031.990058,2.1420741081237793,0.8846817016601562,2.8471508026123047
20250910_153032.000198,2.1416397094726562,0.8846933245658875,2.8469817638397217
20250910_153032.009872,2.1410622596740723,0.8846396207809448,2.8467600345611572
20250910_153032.019902,2.1405930519104004,0.8845435380935669,2.846588373184204
20250910_153032.030192,2.1400561332702637,0.8846611976623535,2.8463995456695557
20250910_153032.039860,2.1396565437316895,0.8846888542175293,2.8461897373199463
20250910_153032.050161,2.1392393112182617,0.884621262550354,2.846008062362671
20250910_153032.060164,2.1388232707977295,0.8845566511154175,2.84582781791687
20250910_153032.070176,2.1383399963378906,0.884452760219574,2.8456249237060547
20250910_153032.080568,2.137848377227783,0.8843372464179993,2.845425605773926
20250910_153032.089813,2.1373989582061768,0.8843286037445068,2.845208168029785
20250910_153032.100205,2.136915683746338,0.8844048976898193,2.8449838161468506
20250910_153032.110170,2.136523962020874,0.8843615651130676,2.8447866439819336
20250910_153032.120165,2.136082649230957,0.8843178153038025,2.844611644744873
20250910_153032.130307,2.1354820728302,0.8843640089035034,2.844381332397461
20250910_153032.139995,2.1350293159484863,0.8842828273773193,2.844177484512329
20250910_153032.150170,2.134519577026367,0.8840982913970947,2.8439738750457764
20250910_153032.160343,2.134098529815674,0.8839337825775146,2.8437697887420654
20250910_153032.170157,2.133668899536133,0.8839696049690247,2.843528985977173
20250910_153032.180200,2.1332879066467285,0.8839080929756165,2.8433356285095215
20250910_153032.189742,2.1328718662261963,0.8837971687316895,2.84311580657959
20250910_153032.200102,2.1324148178100586,0.8837653994560242,2.842869758605957
20250910_153032.210441,2.1319127082824707,0.8836540579795837,2.842613697052002
20250910_153032.220415,2.13137149810791,0.883569598197937,2.8423895835876465
20250910_153032.230689,2.1309666633605957,0.8835050463676453,2.842158317565918
20250910_153032.240304,2.130418300628662,0.8836856484413147,2.841921806335449
20250910_153032.250122,2.13002610206604,0.8835951685905457,2.841688394546509
20250910_153032.260065,2.12959623336792,0.8834578394889832,2.8414828777313232
20250910_153032.270207,2.129134178161621,0.8833296895027161,2.841231107711792
20250910_153032.280288,2.1287448406219482,0.8831656575202942,2.840986490249634
20250910_153032.289958,2.128302812576294,0.8830009698867798,2.840754747390747
20250910_153032.300045,2.1278860569000244,0.8829134106636047,2.840500593185425
20250910_153032.310051,2.1275153160095215,0.8828392028808594,2.8402493000030518
20250910_153032.319989,2.127168655395508,0.8826777338981628,2.8400070667266846
20250910_153032.330220,2.1267526149749756,0.8824812769889832,2.8397557735443115
20250910_153032.340167,2.1262221336364746,0.8823855519294739,2.8395185470581055
20250910_153032.350621,2.1258106231689453,0.8821588158607483,2.839259386062622
20250910_153032.360093,2.12539005279541,0.8819869160652161,2.8390300273895264
20250910_153032.370320,2.1249382495880127,0.8819800019264221,2.8387134075164795
20250910_153032.380331,2.1245481967926025,0.8818888664245605,2.8384993076324463
20250910_153032.389997,2.124234199523926,0.8816393613815308,2.838198661804199
20250910_153032.400164,2.123851776123047,0.8814335465431213,2.837991237640381
20250910_153032.410151,2.123473644256592,0.8811973333358765,2.8377485275268555
20250910_153032.420388,2.1230826377868652,0.8809916973114014,2.837557554244995
20250910_153032.430480,2.1227521896362305,0.880813479423523,2.837303876876831
20250910_153032.440484,2.1224327087402344,0.8807049989700317,2.837064027786255
20250910_153032.450213,2.121626853942871,0.8810442686080933,2.836699962615967
20250910_153032.460292,2.121595621109009,0.88039630651474,2.8364667892456055
20250910_153032.470117,2.121389389038086,0.879989743232727,2.8363289833068848
20250910_153032.480512,2.1210579872131348,0.879757285118103,2.8361034393310547
20250910_153032.490257,2.120777130126953,0.8795568346977234,2.8359076976776123
20250910_153032.500249,2.12044620513916,0.8793287873268127,2.8356475830078125
20250910_153032.509964,2.1201424598693848,0.8792436122894287,2.8354341983795166
20250910_153032.519753,2.1198365688323975,0.8790662288665771,2.8352432250976562
20250910_153032.529682,2.1195104122161865,0.8787376284599304,2.8350372314453125
20250910_153032.540026,2.1191985607147217,0.878429651260376,2.834818124771118
20250910_153032.550034,2.1189346313476562,0.8782631158828735,2.8346173763275146
20250910_153032.559590,2.1185715198516846,0.8782480955123901,2.834416151046753
20250910_153032.570329,2.118328094482422,0.8781132698059082,2.834202766418457
20250910_153032.581077,2.118088722229004,0.8780084848403931,2.8339860439300537
20250910_153032.590081,2.1178011894226074,0.8777877688407898,2.833744764328003
20250910_153032.600075,2.1175122261047363,0.8774833083152771,2.833535671234131
20250910_153032.610330,2.117260456085205,0.8773437738418579,2.8333687782287598
20250910_153032.620784,2.1168222427368164,0.8774805068969727,2.83309268951416
20250910_153032.630039,2.1165831089019775,0.8774027228355408,2.832925319671631
20250910_153032.639503,2.1164498329162598,0.8772053122520447,2.8328235149383545
20250910_153032.650370,2.116215944290161,0.8771342635154724,2.832711935043335
20250910_153032.659568,2.1160080432891846,0.8769121766090393,2.832547903060913
20250910_153032.670412,2.1157565116882324,0.8767024278640747,2.8324615955352783
20250910_153032.679738,2.1155405044555664,0.8765004873275757,2.8323168754577637
20250910_153032.689751,2.115320920944214,0.876541018486023,2.832228660583496
20250910_153032.700083,2.1151113510131836,0.8764277100563049,2.8320987224578857
20250910_153032.710035,2.1148552894592285,0.8763800263404846,2.8319876194000244
20250910_153032.719935,2.114640951156616,0.8762692213058472,2.831869602203369
20250910_153032.730045,2.114370584487915,0.8761714696884155,2.831770896911621
20250910_153032.739950,2.1141417026519775,0.8761141896247864,2.8316667079925537
20250910_153032.750053,2.1138923168182373,0.8761462569236755,2.8315629959106445
20250910_153032.760061,2.113673210144043,0.8761576414108276,2.8314449787139893
20250910_153032.770041,2.1134445667266846,0.876140832901001,2.831354856491089
20250910_153032.780194,2.1129496097564697,0.8764922022819519,2.8311781883239746
20250910_153032.789964,2.112647533416748,0.876484751701355,2.8311197757720947
20250910_153032.800143,2.1121275424957275,0.876673698425293,2.830989122390747
20250910_153032.810009,2.112135410308838,0.8764320611953735,2.8309640884399414
20250910_153032.820304,2.1118733882904053,0.876524031162262,2.8308804035186768
20250910_153032.830270,2.1116480827331543,0.8765732049942017,2.8308238983154297
20250910_153032.840019,2.111448287963867,0.8766341209411621,2.830764055252075
20250910_153032.850335,2.111171245574951,0.8767576813697815,2.8307180404663086
20250910_153032.860190,2.1108920574188232,0.8767781853675842,2.8306500911712646
20250910_153032.870225,2.1106011867523193,0.8767324090003967,2.8306033611297607
20250910_153032.880077,2.1103434562683105,0.876774787902832,2.8305389881134033
20250910_153032.890041,2.110090970993042,0.8769329786300659,2.8304905891418457
20250910_153032.900141,2.1098759174346924,0.8770305514335632,2.8304686546325684
20250910_153032.910269,2.1096229553222656,0.877173125743866,2.830472707748413
20250910_153032.920111,2.1092019081115723,0.8774095177650452,2.830458164215088
20250910_153032.930093,2.108900547027588,0.8774450421333313,2.8304202556610107
20250910_153032.940075,2.1086325645446777,0.8774865865707397,2.830415725708008
20250910_153032.950115,2.108314037322998,0.877728283405304,2.8303914070129395
20250910_153032.960284,2.1080362796783447,0.8779844641685486,2.8303794860839844
20250910_153032.970170,2.1078133583068848,0.878142237663269,2.830360174179077
20250910_153032.980049,2.107508420944214,0.8782693147659302,2.830317735671997
20250910_153032.990005,2.107156991958618,0.8784247040748596,2.830260992050171
20250910_153033.000143,2.106877088546753,0.8785315155982971,2.8302390575408936
20250910_153033.010239,2.106609582901001,0.8786759376525879,2.8302369117736816
20250910_153033.020068,2.1063570976257324,0.8789170980453491,2.8302083015441895
20250910_153033.030331,2.1060895919799805,0.8791765570640564,2.8301918506622314
20250910_153033.040082,2.105825662612915,0.8793129324913025,2.8301382064819336
20250910_153033.050051,2.105389356613159,0.879629373550415,2.830127716064453
20250910_153033.059757,2.105036973953247,0.8798810243606567,2.8301289081573486
20250910_153033.070094,2.104529619216919,0.8803261518478394,2.8300368785858154
20250910_153033.080259,2.1043143272399902,0.8803979158401489,2.8300561904907227
20250910_153033.089692,2.1040070056915283,0.8806819915771484,2.8300204277038574
20250910_153033.100149,2.1036012172698975,0.8811202645301819,2.82991099357605
20250910_153033.109575,2.1032872200012207,0.8813431859016418,2.829932689666748
20250910_153033.120138,2.1029775142669678,0.8815442323684692,2.8299038410186768
