time_s,x,y,z
20250821_141616,1.0168472528457642,0.10710596293210983,2.9806296825408936
20250821_141616,1.016774296760559,0.10704144090414047,2.9806106090545654
20250821_141616,1.016708254814148,0.10702009499073029,2.9806108474731445
20250821_141616,1.0167126655578613,0.10692816972732544,2.9805850982666016
20250821_141616,1.0167312622070312,0.10695730149745941,2.9806041717529297
20250821_141616,1.016730785369873,0.107045978307724,2.980619430541992
20250821_141616,1.0167917013168335,0.1071067675948143,2.9806160926818848
20250821_141616,1.0168251991271973,0.1070837751030922,2.980624198913574
20250821_141616,1.0167908668518066,0.10698090493679047,2.980607509613037
20250821_141616,1.0167086124420166,0.10701658576726913,2.9806060791015625
20250821_141616,1.0167219638824463,0.10692795366048813,2.9806151390075684
20250821_141616,1.016743779182434,0.10695813596248627,2.98061466217041
20250821_141616,1.0167584419250488,0.10706799477338791,2.9806365966796875
20250821_141616,1.016762137413025,0.10705215483903885,2.9806056022644043
20250821_141616,1.0167651176452637,0.10703987628221512,2.9806065559387207
20250821_141616,1.0167754888534546,0.10702783614397049,2.980587959289551
20250821_141616,1.016753077507019,0.10703746229410172,2.98061203956604
20250821_141616,1.0167157649993896,0.1070065125823021,2.98063325881958
20250821_141616,1.0167436599731445,0.1069255918264389,2.9806020259857178
20250821_141616,1.0167590379714966,0.1070336326956749,2.98061466217041
20250821_141616,1.016742467880249,0.10706720501184464,2.9806160926818848
20250821_141616,1.0167275667190552,0.10701464116573334,2.980682849884033
20250821_141616,1.0168139934539795,0.10704714059829712,2.9807403087615967
20250821_141616,1.0168079137802124,0.10712383687496185,2.9809305667877197
20250821_141616,1.0169060230255127,0.10699610412120819,2.9810521602630615
20250821_141616,1.0169157981872559,0.10694853216409683,2.9811172485351562
20250821_141616,1.0169121026992798,0.10700353980064392,2.9811651706695557
20250821_141616,1.0169787406921387,0.1072186753153801,2.981128692626953
20250821_141616,1.0170201063156128,0.10736498981714249,2.981152057647705
20250821_141617,1.017058253288269,0.10749410092830658,2.981175184249878
20250821_141617,1.0169514417648315,0.10784310847520828,2.9811127185821533
20250821_141617,1.0170847177505493,0.10815474390983582,2.981011390686035
20250821_141617,1.017244577407837,0.10840946435928345,2.9807302951812744
20250821_141617,1.017504096031189,0.10881996154785156,2.980469226837158
20250821_141617,1.0176314115524292,0.10943538695573807,2.9799106121063232
20250821_141617,1.0178229808807373,0.11019329726696014,2.979316473007202
20250821_141617,1.018156886100769,0.1110752671957016,2.978722095489502
20250821_141617,1.0183250904083252,0.11211000382900238,2.977993965148926
20250821_141617,1.018692970275879,0.1132572814822197,2.9772324562072754
20250821_141617,1.0189177989959717,0.11478046327829361,2.976475477218628
20250821_141617,1.0193179845809937,0.11625383049249649,2.975789785385132
20250821_141617,1.0194947719573975,0.11828881502151489,2.974828004837036
20250821_141617,1.0195029973983765,0.120734304189682,2.973780393600464
20250821_141617,1.0200755596160889,0.12291916459798813,2.9729442596435547
20250821_141617,1.0205180644989014,0.12547758221626282,2.971872329711914
20250821_141617,1.0209784507751465,0.1281694918870926,2.9707834720611572
20250821_141617,1.0214979648590088,0.13104060292243958,2.9695181846618652
20250821_141617,1.0218905210494995,0.13429531455039978,2.9681460857391357
20250821_141617,1.0227419137954712,0.1373806744813919,2.9668385982513428
20250821_141617,1.0231972932815552,0.1411791443824768,2.9655983448028564
20250821_141617,1.0240135192871094,0.1446644365787506,2.9640417098999023
20250821_141617,1.0247398614883423,0.1483929604291916,2.962458372116089
20250821_141617,1.0253711938858032,0.15239053964614868,2.960637092590332
20250821_141617,1.0262629985809326,0.15640202164649963,2.958735704421997
20250821_141617,1.0269443988800049,0.16095983982086182,2.956958293914795
20250821_141617,1.027959942817688,0.16522841155529022,2.9550297260284424
20250821_141617,1.0288925170898438,0.16973568499088287,2.953002691268921
20250821_141617,1.029694676399231,0.1747216135263443,2.9510202407836914
20250821_141617,1.030678629875183,0.1793324053287506,2.9487578868865967
20250821_141617,1.0317223072052002,0.1839570254087448,2.946537733078003
20250821_141617,1.0326703786849976,0.1894887089729309,2.944422721862793
20250821_141617,1.0336006879806519,0.19481730461120605,2.942199945449829
20250821_141617,1.034856915473938,0.19997431337833405,2.940009355545044
20250821_141617,1.0356738567352295,0.20571847259998322,2.937776803970337
20250821_141617,1.0367976427078247,0.21132048964500427,2.9355244636535645
20250821_141617,1.0378130674362183,0.21710097789764404,2.9333267211914062
20250821_141617,1.0388566255569458,0.22309903800487518,2.931204319000244
20250821_141617,1.0400874614715576,0.22913607954978943,2.928793430328369
20250821_141617,1.0412193536758423,0.23536472022533417,2.9265875816345215
20250821_141617,1.0423351526260376,0.2417203038930893,2.9243292808532715
20250821_141617,1.043477177619934,0.24793604016304016,2.9219424724578857
20250821_141617,1.0446009635925293,0.25438636541366577,2.9198215007781982
20250821_141617,1.045631766319275,0.26131704449653625,2.917473316192627
20250821_141617,1.0468109846115112,0.2680063247680664,2.915086269378662
20250821_141617,1.0479801893234253,0.27502867579460144,2.9128799438476562
20250821_141617,1.0491535663604736,0.28193703293800354,2.9104886054992676
20250821_141617,1.050302267074585,0.2891731858253479,2.908207416534424
20250821_141617,1.0513783693313599,0.2963305711746216,2.9059135913848877
20250821_141617,1.0524990558624268,0.3036017119884491,2.9037015438079834
20250821_141617,1.0534248352050781,0.31147727370262146,2.9011104106903076
20250821_141617,1.0547081232070923,0.31895768642425537,2.8988566398620605
20250821_141617,1.055869698524475,0.3266838490962982,2.8963921070098877
20250821_141617,1.057013988494873,0.33449336886405945,2.894207715988159
20250821_141617,1.0582075119018555,0.3421500027179718,2.8919565677642822
20250821_141617,1.0594494342803955,0.3499888479709625,2.889780044555664
20250821_141617,1.0604143142700195,0.358502596616745,2.887484550476074
20250821_141617,1.061719536781311,0.3666618764400482,2.8851568698883057
20250821_141617,1.0626773834228516,0.3753729462623596,2.8827779293060303
20250821_141617,1.0638034343719482,0.3840796649456024,2.8805158138275146
20250821_141617,1.0653003454208374,0.3921175003051758,2.8782975673675537
20250821_141617,1.0663079023361206,0.4009145200252533,2.8760769367218018
20250821_141617,1.0672461986541748,0.41017797589302063,2.873642921447754
20250821_141617,1.0687241554260254,0.41840654611587524,2.8714935779571533
20250821_141617,1.0697598457336426,0.4275481402873993,2.8692984580993652
20250821_141617,1.0710583925247192,0.4365917146205902,2.8671016693115234
20250821_141617,1.072084903717041,0.44598373770713806,2.8649091720581055
20250821_141617,1.0733671188354492,0.45492562651634216,2.86267352104187
20250821_141617,1.0745080709457397,0.4643235504627228,2.860544204711914
20250821_141617,1.0755711793899536,0.4739481806755066,2.8582851886749268
20250821_141617,1.0767050981521606,0.4832412302494049,2.856265068054199
20250821_141617,1.077854037284851,0.4927608072757721,2.854039430618286
20250821_141617,1.0790802240371704,0.5022461414337158,2.851881980895996
20250821_141617,1.0802075862884521,0.5119449496269226,2.849763870239258
20250821_141617,1.0812861919403076,0.5216417908668518,2.8476672172546387
20250821_141617,1.0824483633041382,0.5311245918273926,2.8455958366394043
20250821_141617,1.0833185911178589,0.5411989092826843,2.843487024307251
20250821_141617,1.0844956636428833,0.5507383346557617,2.8416333198547363
20250821_141617,1.0856378078460693,0.5603052973747253,2.839641571044922
20250821_141617,1.0866327285766602,0.5701789855957031,2.8376519680023193
20250821_141617,1.0877081155776978,0.5798752903938293,2.835660934448242
20250821_141617,1.0888373851776123,0.5895306468009949,2.8335328102111816
20250821_141617,1.089920997619629,0.5990505218505859,2.8315370082855225
20250821_141617,1.0910600423812866,0.6082804203033447,2.8295600414276123
20250821_141617,1.0919281244277954,0.6180263161659241,2.8277368545532227
20250821_141617,1.092952013015747,0.6276831030845642,2.825961112976074
20250821_141617,1.0939147472381592,0.6372596621513367,2.8239598274230957
20250821_141617,1.0947823524475098,0.6468940377235413,2.8222999572753906
20250821_141617,1.0957082509994507,0.6563724279403687,2.820542573928833
20250821_141617,1.0964703559875488,0.6657307744026184,2.818655490875244
20250821_141617,1.0973296165466309,0.6749352812767029,2.817009210586548
20250821_141617,1.0980045795440674,0.6843682527542114,2.8152098655700684
20250821_141617,1.098859429359436,0.6934034824371338,2.8133561611175537
20250821_141617,1.0997663736343384,0.7023502588272095,2.8116958141326904
20250821_141617,1.100607991218567,0.7108030319213867,2.8102056980133057
20250821_141617,1.101230502128601,0.7195581197738647,2.8084819316864014
20250821_141617,1.1018410921096802,0.7282485365867615,2.8071892261505127
20250821_141617,1.1023792028427124,0.7370839715003967,2.805598497390747
20250821_141617,1.1029585599899292,0.745471179485321,2.8041276931762695
20250821_141617,1.1033821105957031,0.754055917263031,2.8024635314941406
20250821_141618,1.104012370109558,0.7620335817337036,2.801051616668701
20250821_141618,1.1045464277267456,0.7699577808380127,2.799600124359131
20250821_141618,1.1049950122833252,0.7778185606002808,2.7981042861938477
20250821_141618,1.105562686920166,0.785202145576477,2.7966575622558594
20250821_141618,1.105834722518921,0.7929098010063171,2.7953736782073975
20250821_141618,1.106241226196289,0.8002654314041138,2.794006824493408
20250821_141618,1.1067513227462769,0.8072945475578308,2.792771577835083
20250821_141618,1.107170820236206,0.814339816570282,2.791598081588745
20250821_141618,1.1074316501617432,0.8211379647254944,2.7904374599456787
20250821_141618,1.1075398921966553,0.8279227018356323,2.789245843887329
20250821_141618,1.107889175415039,0.8343716859817505,2.7881362438201904
20250821_141618,1.108012080192566,0.8408322334289551,2.7870497703552246
20250821_141618,1.1081490516662598,0.8469979166984558,2.7859158515930176
20250821_141618,1.108371615409851,0.8529358506202698,2.784874439239502
20250821_141618,1.1086360216140747,0.8586317896842957,2.7839250564575195
20250821_141618,1.108801007270813,0.8639643788337708,2.7829248905181885
20250821_141618,1.1086785793304443,0.8697063326835632,2.782071828842163
20250821_141618,1.1088199615478516,0.8748304843902588,2.7812187671661377
20250821_141618,1.1090631484985352,0.8797029852867126,2.780463457107544
20250821_141618,1.1089375019073486,0.8847455978393555,2.779496431350708
20250821_141618,1.1089425086975098,0.8894221186637878,2.778660297393799
20250821_141618,1.109002947807312,0.8938530087471008,2.7779173851013184
20250821_141618,1.1088706254959106,0.8982728123664856,2.7770698070526123
20250821_141618,1.1089611053466797,0.9022468328475952,2.7764854431152344
20250821_141618,1.1087956428527832,0.9063034057617188,2.7756941318511963
20250821_141618,1.1085197925567627,0.910182774066925,2.774991035461426
20250821_141618,1.108474850654602,0.9137336611747742,2.774416446685791
20250821_141618,1.108315348625183,0.9170763492584229,2.7737784385681152
20250821_141618,1.1081000566482544,0.9203971028327942,2.77321720123291
20250821_141618,1.1077847480773926,0.9235959649085999,2.7727279663085938
20250821_141618,1.107661485671997,0.9262981414794922,2.772268056869507
20250821_141618,1.1072312593460083,0.9291972517967224,2.771773099899292
20250821_141618,1.1070542335510254,0.9315652251243591,2.7714102268218994
20250821_141618,1.1067780256271362,0.9338813424110413,2.771106004714966
20250821_141618,1.1063498258590698,0.9364420175552368,2.770859956741333
20250821_141618,1.1060166358947754,0.938376784324646,2.7704901695251465
20250821_141618,1.1057227849960327,0.9401394128799438,2.770253896713257
20250821_141618,1.105379581451416,0.9417005777359009,2.7700610160827637
20250821_141618,1.1049247980117798,0.9433286786079407,2.7697527408599854
20250821_141618,1.1044788360595703,0.9446424841880798,2.769420862197876
20250821_141618,1.1040880680084229,0.9457809329032898,2.769212007522583
20250821_141618,1.1036120653152466,0.946922779083252,2.7689530849456787
20250821_141618,1.103215217590332,0.9476860165596008,2.7687692642211914
20250821_141618,1.1027919054031372,0.9483291506767273,2.7686593532562256
20250821_141618,1.1022849082946777,0.9487777948379517,2.768536329269409
20250821_141618,1.10170578956604,0.9490910172462463,2.768423557281494
20250821_141618,1.1011914014816284,0.9492206573486328,2.768364429473877
20250821_141618,1.1006393432617188,0.9493685364723206,2.7682857513427734
20250821_141618,1.1001144647598267,0.9492565393447876,2.768291711807251
20250821_141618,1.0994980335235596,0.9490475058555603,2.7683141231536865
20250821_141618,1.0988928079605103,0.9486283659934998,2.7683515548706055
20250821_141618,1.0981334447860718,0.9481995105743408,2.768425226211548
20250821_141618,1.0976290702819824,0.9474483728408813,2.768612861633301
20250821_141618,1.0968518257141113,0.9469460844993591,2.768650770187378
20250821_141618,1.0962934494018555,0.9459717869758606,2.76883864402771
20250821_141618,1.0954874753952026,0.9452810287475586,2.768916368484497
20250821_141618,1.0948171615600586,0.9441573619842529,2.7690794467926025
20250821_141618,1.0941979885101318,0.9428098797798157,2.7692136764526367
20250821_141618,1.0934230089187622,0.9416531324386597,2.769535541534424
20250821_141618,1.0928089618682861,0.9401332139968872,2.7698190212249756
20250821_141618,1.0921047925949097,0.9386439323425293,2.770083427429199
20250821_141618,1.0913879871368408,0.9371519088745117,2.7703444957733154
20250821_141618,1.0907113552093506,0.9354032278060913,2.770519256591797
20250821_141618,1.0900650024414062,0.933671772480011,2.770841121673584
20250821_141618,1.08929443359375,0.9319362044334412,2.7711269855499268
20250821_141618,1.0883647203445435,0.930213212966919,2.771372079849243
20250821_141618,1.0875264406204224,0.928271472454071,2.771691083908081
20250821_141618,1.0869996547698975,0.926114022731781,2.7720632553100586
20250821_141618,1.0862823724746704,0.9240279793739319,2.7724719047546387
20250821_141618,1.0854895114898682,0.9220376014709473,2.7728071212768555
20250821_141618,1.084705114364624,0.9197623133659363,2.773242235183716
20250821_141618,1.0837205648422241,0.9178373217582703,2.7735493183135986
20250821_141618,1.0828264951705933,0.9155147671699524,2.7739529609680176
20250821_141618,1.082268476486206,0.9130234122276306,2.7744998931884766
20250821_141618,1.0815179347991943,0.910750150680542,2.774912118911743
20250821_141618,1.080705165863037,0.9084397554397583,2.7752909660339355
20250821_141618,1.079810380935669,0.9063405394554138,2.7756991386413574
20250821_141618,1.0789554119110107,0.9036686420440674,2.7760720252990723
20250821_141618,1.0781999826431274,0.9013410210609436,2.7766616344451904
20250821_141618,1.0775107145309448,0.8987088799476624,2.7771031856536865
20250821_141618,1.076694369316101,0.8962604999542236,2.777549982070923
20250821_141618,1.075865387916565,0.8940649628639221,2.7779667377471924
20250821_141618,1.0750946998596191,0.8916078805923462,2.77843976020813
20250821_141618,1.0742396116256714,0.8892050981521606,2.7788634300231934
20250821_141618,1.0735703706741333,0.8867417573928833,2.7794182300567627
20250821_141618,1.0727486610412598,0.8841308951377869,2.779958486557007
20250821_141618,1.0718790292739868,0.8817684650421143,2.7803781032562256
20250821_141618,1.0710479021072388,0.8793876767158508,2.780797243118286
20250821_141618,1.0703463554382324,0.877098560333252,2.7812740802764893
20250821_141618,1.069705605506897,0.8745471835136414,2.7817699909210205
20250821_141618,1.0690021514892578,0.8722070455551147,2.7823827266693115
20250821_141618,1.0680906772613525,0.8698113560676575,2.7827682495117188
20250821_141618,1.0672945976257324,0.8673581480979919,2.7833471298217773
20250821_141618,1.0664868354797363,0.8651937246322632,2.7837491035461426
20250821_141618,1.0658849477767944,0.8626384735107422,2.784212827682495
20250821_141618,1.0651215314865112,0.8607103824615479,2.784827709197998
20250821_141618,1.0644997358322144,0.8584659099578857,2.785250425338745
20250821_141618,1.063493251800537,0.856292188167572,2.785451889038086
20250821_141618,1.0629485845565796,0.8541064262390137,2.786226987838745
20250821_141618,1.06207275390625,0.851852536201477,2.7864391803741455
20250821_141619,1.0612729787826538,0.8500585556030273,2.787010908126831
20250821_141619,1.0607097148895264,0.8479754328727722,2.787490129470825
20250821_141619,1.0601158142089844,0.8460245132446289,2.7879741191864014
20250821_141619,1.0596510171890259,0.8437561988830566,2.7885549068450928
20250821_141619,1.0587759017944336,0.8420071601867676,2.7888481616973877
20250821_141619,1.0580599308013916,0.8402068614959717,2.789436101913452
20250821_141619,1.0573920011520386,0.8382007479667664,2.7897844314575195
20250821_141619,1.056700587272644,0.8366245031356812,2.7903313636779785
20250821_141619,1.0562187433242798,0.834769606590271,2.7906837463378906
20250821_141619,1.055593729019165,0.8330666422843933,2.7910401821136475
20250821_141619,1.0549671649932861,0.8314506411552429,2.791490077972412
20250821_141619,1.0542947053909302,0.8299535512924194,2.792090892791748
20250821_141619,1.0536686182022095,0.8283940553665161,2.7926394939422607
20250821_141619,1.0531009435653687,0.8270075917243958,2.7931571006774902
20250821_141619,1.052644968032837,0.8253893852233887,2.7935585975646973
20250821_141619,1.0520919561386108,0.8239557147026062,2.794069766998291
20250821_141619,1.0515443086624146,0.8227307200431824,2.794496536254883
20250821_141619,1.050993800163269,0.8212880492210388,2.7948415279388428
20250821_141619,1.0506083965301514,0.8198360800743103,2.795358419418335
20250821_141619,1.0499811172485352,0.8186676502227783,2.795851230621338
20250821_141619,1.0494481325149536,0.8177323341369629,2.7964189052581787
20250821_141619,1.0489505529403687,0.8166859149932861,2.7969820499420166
20250821_141619,1.0484542846679688,0.8156423568725586,2.7974212169647217
20250821_141619,1.048056960105896,0.8144445419311523,2.7977263927459717
20250821_141619,1.047649621963501,0.8133671283721924,2.798280715942383
20250821_141619,1.0471479892730713,0.8125983476638794,2.798933506011963
20250821_141619,1.046790599822998,0.8115546703338623,2.799339771270752
20250821_141619,1.0463320016860962,0.8107678294181824,2.7998363971710205
20250821_141619,1.0458062887191772,0.8099792003631592,2.800321340560913
20250821_141619,1.0453985929489136,0.8093080520629883,2.8006699085235596
20250821_141619,1.0450172424316406,0.8086668848991394,2.8011436462402344
20250821_141619,1.0446704626083374,0.8079556226730347,2.8017232418060303
20250821_141619,1.0442827939987183,0.807421863079071,2.802273988723755
20250821_141619,1.0438308715820312,0.8069105744361877,2.8029069900512695
20250821_141619,1.043510913848877,0.8061752915382385,2.8035247325897217
20250821_141619,1.0428884029388428,0.8061729073524475,2.8040931224823
20250821_141619,1.0426065921783447,0.8056145906448364,2.804525852203369
20250821_141619,1.0424612760543823,0.8049089908599854,2.805004596710205
20250821_141619,1.0419400930404663,0.8048995733261108,2.805467367172241
20250821_141619,1.041567325592041,0.8046743869781494,2.806067943572998
20250821_141619,1.041089415550232,0.8044407963752747,2.8066768646240234
20250821_141619,1.0407068729400635,0.8044245839118958,2.8073887825012207
20250821_141619,1.0405387878417969,0.8040450215339661,2.8079426288604736
20250821_141619,1.04019296169281,0.804067075252533,2.8085110187530518
20250821_141619,1.0398547649383545,0.804046630859375,2.8091089725494385
20250821_141619,1.0394922494888306,0.8040080070495605,2.8097076416015625
20250821_141619,1.0390466451644897,0.8041508793830872,2.8103411197662354
20250821_141619,1.0385857820510864,0.8043012022972107,2.8109188079833984
20250821_141619,1.0382120609283447,0.804410457611084,2.811523199081421
20250821_141619,1.037981390953064,0.8045809268951416,2.8121178150177
20250821_141619,1.0377761125564575,0.8045506477355957,2.8127753734588623
20250821_141619,1.0373419523239136,0.8048810958862305,2.8132991790771484
20250821_141619,1.037235140800476,0.8046144843101501,2.81408953666687
20250821_141619,1.0367375612258911,0.8051462769508362,2.8147835731506348
20250821_141619,1.0363849401474,0.8054052591323853,2.8155903816223145
20250821_141619,1.036194920539856,0.8055962920188904,2.816387414932251
20250821_141619,1.0359519720077515,0.8058883547782898,2.8169801235198975
20250821_141619,1.0355136394500732,0.8063380718231201,2.817570209503174
20250821_141619,1.0353165864944458,0.8065221905708313,2.81821346282959
20250821_141619,1.0351449251174927,0.8066322803497314,2.819070339202881
20250821_141619,1.0346215963363647,0.8072777986526489,2.81986141204834
20250821_141619,1.0343269109725952,0.807681143283844,2.820735454559326
20250821_141619,1.0339804887771606,0.8083742260932922,2.821375608444214
20250821_141619,1.0337269306182861,0.8087223768234253,2.8220696449279785
20250821_141619,1.03359055519104,0.8089374899864197,2.8229265213012695
20250821_141619,1.0333958864212036,0.8091662526130676,2.823671817779541
20250821_141619,1.0328645706176758,0.8101028800010681,2.824511766433716
20250821_141619,1.0325669050216675,0.8106244206428528,2.825388193130493
20250821_141619,1.0323988199234009,0.8109135627746582,2.826258659362793
20250821_141619,1.0321133136749268,0.8115345239639282,2.8271210193634033
20250821_141619,1.0318281650543213,0.8120260834693909,2.827777147293091
20250821_141619,1.0316627025604248,0.8124970197677612,2.8287346363067627
20250821_141619,1.0313541889190674,0.8132354021072388,2.8296899795532227
20250821_141619,1.0310333967208862,0.8138134479522705,2.8305165767669678
20250821_141619,1.030682921409607,0.8144819140434265,2.83148455619812
20250821_141619,1.0304625034332275,0.8151291608810425,2.8324241638183594
20250821_141619,1.0303338766098022,0.8155224323272705,2.8334004878997803
20250821_141619,1.0299882888793945,0.8162848353385925,2.8341572284698486
20250821_141619,1.0296008586883545,0.8171051144599915,2.8349695205688477
20250821_141619,1.029503583908081,0.8174623847007751,2.8360252380371094
20250821_141619,1.0292412042617798,0.8181055188179016,2.8370273113250732
20250821_141619,1.0290613174438477,0.8184787631034851,2.8379740715026855
20250821_141619,1.0288459062576294,0.8192502856254578,2.8391146659851074
20250821_141619,1.0285217761993408,0.8200622200965881,2.840024471282959
20250821_141619,1.028298020362854,0.8206086158752441,2.840932846069336
20250821_141619,1.028201699256897,0.8209476470947266,2.8420181274414062
20250821_141619,1.028018832206726,0.8215438723564148,2.843168020248413
20250821_141619,1.0275756120681763,0.8226325511932373,2.844149351119995
20250821_141619,1.0274051427841187,0.8231073021888733,2.8452653884887695
20250821_141619,1.0272361040115356,0.8237289786338806,2.846330165863037
20250821_141619,1.0271326303482056,0.8240146040916443,2.847459316253662
20250821_141619,1.0268250703811646,0.8249179720878601,2.8484771251678467
20250821_141619,1.0267609357833862,0.825404167175293,2.8496499061584473
20250821_141619,1.0263746976852417,0.8260530233383179,2.850581645965576
20250821_141619,1.0262490510940552,0.8266632556915283,2.851884365081787
20250821_141619,1.0259528160095215,0.8273646831512451,2.853105306625366
20250821_141619,1.025603175163269,0.8281973004341125,2.854170083999634
20250821_141619,1.0254323482513428,0.8287533521652222,2.855447769165039
20250821_141619,1.0252777338027954,0.8293054699897766,2.8565943241119385
20250821_141619,1.025244951248169,0.8296751976013184,2.8579049110412598
20250821_141620,1.0249484777450562,0.830441951751709,2.859131336212158
20250821_141620,1.0248943567276,0.8309481143951416,2.8604938983917236
20250821_141620,1.024770736694336,0.8314159512519836,2.861854076385498
20250821_141620,1.0244909524917603,0.8320675492286682,2.863128423690796
20250821_141620,1.024341344833374,0.8327785134315491,2.8644614219665527
20250821_141620,1.0242701768875122,0.8332842588424683,2.865847587585449
20250821_141620,1.023945927619934,0.8340757489204407,2.8671233654022217
20250821_141620,1.0238232612609863,0.8344563245773315,2.8685126304626465
20250821_141620,1.023782730102539,0.835021436214447,2.870013475418091
20250821_141620,1.0236659049987793,0.8354849219322205,2.871457576751709
20250821_141620,1.0232763290405273,0.8362478017807007,2.8728628158569336
20250821_141620,1.0232775211334229,0.8366181254386902,2.874371290206909
20250821_141620,1.0231077671051025,0.8371321558952332,2.875782012939453
20250821_141620,1.0229753255844116,0.8377249836921692,2.8772647380828857
20250821_141620,1.023030161857605,0.8378244638442993,2.8788979053497314
20250821_141620,1.0228767395019531,0.8384600281715393,2.880445718765259
20250821_141620,1.0225752592086792,0.8392279744148254,2.881915807723999
20250821_141620,1.022363543510437,0.839848518371582,2.883542060852051
20250821_141620,1.0223089456558228,0.8403026461601257,2.885058641433716
20250821_141620,1.0220664739608765,0.8409545421600342,2.886539936065674
20250821_141620,1.0219659805297852,0.8415435552597046,2.888378858566284
20250821_141620,1.0219237804412842,0.8416966795921326,2.8899152278900146
20250821_141620,1.0218782424926758,0.8420770764350891,2.8916540145874023
20250821_141620,1.0218851566314697,0.8424014449119568,2.8933444023132324
20250821_141620,1.0214923620224,0.8434543013572693,2.8950695991516113
20250821_141620,1.0214381217956543,0.8435913920402527,2.8966152667999268
20250821_141620,1.0214289426803589,0.8440966606140137,2.8985230922698975
20250821_141620,1.0211799144744873,0.8447101712226868,2.900240659713745
20250821_141620,1.0210754871368408,0.8451519012451172,2.901934862136841
20250821_141620,1.0211151838302612,0.8453236222267151,2.903914451599121
20250821_141620,1.0211125612258911,0.8454017043113708,2.905600070953369
20250821_141620,1.0207514762878418,0.8463505506515503,2.907381534576416
20250821_141620,1.0208138227462769,0.8465233445167542,2.909180164337158
20250821_141620,1.0206084251403809,0.8469243049621582,2.9108352661132812
20250821_141620,1.0206935405731201,0.8468360304832458,2.9127602577209473
20250821_141620,1.0206279754638672,0.8471878170967102,2.914785623550415
20250821_141620,1.0202486515045166,0.8478712439537048,2.9166293144226074
20250821_141620,1.0202351808547974,0.8480997681617737,2.9185643196105957
20250821_141620,1.020310401916504,0.848268985748291,2.9205737113952637
20250821_141620,1.0201845169067383,0.8486403822898865,2.9224343299865723
20250821_141620,1.0200328826904297,0.8490607738494873,2.9242570400238037
20250821_141620,1.020089030265808,0.8486385941505432,2.9262304306030273
20250821_141620,1.0197293758392334,0.8493214845657349,2.9281201362609863
20250821_141620,1.0196951627731323,0.8494736552238464,2.9300761222839355
20250821_141620,1.0198407173156738,0.8493596315383911,2.9321887493133545
20250821_141620,1.019741177558899,0.8495770692825317,2.9341795444488525
20250821_141620,1.0194289684295654,0.85023432970047,2.9361588954925537
20250821_141620,1.0196137428283691,0.849820077419281,2.9381706714630127
20250821_141620,1.0193296670913696,0.8502507209777832,2.9403183460235596
20250821_141620,1.0195324420928955,0.8501090407371521,2.9423346519470215
20250821_141620,1.0192855596542358,0.8505339622497559,2.9443461894989014
20250821_141620,1.019272804260254,0.8505128622055054,2.94647479057312
20250821_141620,1.01906418800354,0.850744903087616,2.9485044479370117
20250821_141620,1.0190211534500122,0.8507744669914246,2.9505865573883057
20250821_141620,1.0190587043762207,0.8506601452827454,2.952847480773926
20250821_141620,1.0188510417938232,0.8510984182357788,2.954874277114868
20250821_141620,1.0186887979507446,0.8510253429412842,2.9570443630218506
20250821_141620,1.0187511444091797,0.8509598970413208,2.9592647552490234
20250821_141620,1.0185887813568115,0.8512999415397644,2.9613723754882812
20250821_141620,1.0186266899108887,0.8512768149375916,2.963567018508911
20250821_141620,1.018589973449707,0.8511773347854614,2.965803861618042
20250821_141620,1.0184577703475952,0.8513165712356567,2.967999219894409
20250821_141620,1.0181964635849,0.8515626192092896,2.970182418823242
20250821_141620,1.0184491872787476,0.8513119220733643,2.972568988800049
20250821_141620,1.0182815790176392,0.8515748977661133,2.974915027618408
20250821_141620,1.0180842876434326,0.851711630821228,2.977055072784424
20250821_141620,1.018051266670227,0.8516866564750671,2.979504108428955
20250821_141620,1.0180423259735107,0.8516372442245483,2.9817514419555664
20250821_141620,1.0178929567337036,0.8519114851951599,2.9840569496154785
20250821_141620,1.0178736448287964,0.8519641160964966,2.98624587059021
20250821_141620,1.0177096128463745,0.8519796133041382,2.9886341094970703
20250821_141620,1.0177303552627563,0.8517940044403076,2.9909486770629883
20250821_141620,1.0178031921386719,0.8516592979431152,2.9932968616485596
20250821_141620,1.0179089307785034,0.8515340089797974,2.9956846237182617
20250821_141620,1.017729640007019,0.8517337441444397,2.9979865550994873
20250821_141620,1.0176384449005127,0.8516258597373962,3.0003788471221924
20250821_141620,1.017856240272522,0.851354718208313,3.0028011798858643
20250821_141620,1.0178414583206177,0.8513144850730896,3.005218744277954
20250821_141620,1.0177905559539795,0.851353108882904,3.007511854171753
20250821_141620,1.0178029537200928,0.8511063456535339,3.0100021362304688
20250821_141620,1.0177891254425049,0.8511162996292114,3.012343168258667
20250821_141620,1.0177940130233765,0.8510984778404236,3.0147359371185303
20250821_141620,1.0177830457687378,0.8511021137237549,3.0171570777893066
20250821_141620,1.017909049987793,0.8507584929466248,3.0196714401245117
20250821_141620,1.0179437398910522,0.8507095575332642,3.0221197605133057
20250821_141620,1.017928123474121,0.8506301641464233,3.0245697498321533
20250821_141620,1.0179557800292969,0.850480318069458,3.027008056640625
20250821_141620,1.017876148223877,0.8505340814590454,3.0294477939605713
20250821_141620,1.0180476903915405,0.8503411412239075,3.031924247741699
20250821_141620,1.018121600151062,0.8502533435821533,3.0344324111938477
20250821_141620,1.0180224180221558,0.850482165813446,3.036750316619873
20250821_141620,1.0181835889816284,0.850068211555481,3.039362668991089
20250821_141620,1.0183123350143433,0.8498797416687012,3.041849136352539
20250821_141620,1.0182976722717285,0.8499086499214172,3.0443341732025146
20250821_141620,1.0183494091033936,0.8496987223625183,3.0468170642852783
20250821_141620,1.0185190439224243,0.8494654297828674,3.049351930618286
20250821_141620,1.0185768604278564,0.8494682312011719,3.051804780960083
20250821_141620,1.0185332298278809,0.8495884537696838,3.054241180419922
20250821_141620,1.0187525749206543,0.8491543531417847,3.0567715167999268
20250821_141620,1.0190296173095703,0.848884105682373,3.0593769550323486
20250821_141620,1.0191147327423096,0.8487583994865417,3.0618224143981934
20250821_141621,1.0191752910614014,0.8486851453781128,3.0644168853759766
20250821_141621,1.0192968845367432,0.848610520362854,3.0668540000915527
20250821_141621,1.0194963216781616,0.8485152721405029,3.069364547729492
20250821_141621,1.0195204019546509,0.8483825922012329,3.071838617324829
20250821_141621,1.0196176767349243,0.8483364582061768,3.0743186473846436
20250821_141621,1.0198633670806885,0.8479843735694885,3.076958417892456
20250821_141621,1.0200978517532349,0.847741961479187,3.0795187950134277
20250821_141621,1.0202871561050415,0.8476235866546631,3.0819859504699707
20250821_141621,1.0203173160552979,0.8477163910865784,3.084440231323242
20250821_141621,1.0204710960388184,0.8476027846336365,3.0869364738464355
20250821_141621,1.020603060722351,0.8474465012550354,3.0894434452056885
20250821_141621,1.0209397077560425,0.8473260402679443,3.0919392108917236
20250821_141621,1.0210566520690918,0.8473107814788818,3.094454526901245
20250821_141621,1.0214370489120483,0.8468400239944458,3.0971310138702393
20250821_141621,1.0215309858322144,0.8468296527862549,3.09957218170166
20250821_141621,1.0217115879058838,0.8468427658081055,3.102006673812866
20250821_141621,1.022018551826477,0.8466604948043823,3.104532241821289
20250821_141621,1.0222598314285278,0.8464409708976746,3.1070566177368164
20250821_141621,1.0225305557250977,0.8463636040687561,3.109499454498291
20250821_141621,1.0227482318878174,0.8462563753128052,3.1120035648345947
20250821_141621,1.023003339767456,0.8460069298744202,3.1145570278167725
20250821_141621,1.0233474969863892,0.8458225727081299,3.117043972015381
20250821_141621,1.0236213207244873,0.845858097076416,3.1194469928741455
20250821_141621,1.0239737033843994,0.845599353313446,3.1219897270202637
20250821_141621,1.0241882801055908,0.8455626368522644,3.1244406700134277
20250821_141621,1.024549126625061,0.8452932238578796,3.1269025802612305
20250821_141621,1.0249261856079102,0.8449885249137878,3.129434585571289
20250821_141621,1.025269865989685,0.8449227809906006,3.1318795680999756
20250821_141621,1.0256870985031128,0.8445974588394165,3.1343791484832764
20250821_141621,1.0257729291915894,0.8448492288589478,3.1367523670196533
20250821_141621,1.026376485824585,0.8443245887756348,3.139313220977783
20250821_141621,1.0267997980117798,0.8442097306251526,3.1417644023895264
20250821_141621,1.0271759033203125,0.8439710736274719,3.144270658493042
20250821_141621,1.0275146961212158,0.8439311385154724,3.146780490875244
20250821_141621,1.0279368162155151,0.8437954783439636,3.1492159366607666
20250821_141621,1.0283035039901733,0.8436272144317627,3.1516754627227783
20250821_141621,1.0288654565811157,0.8432315587997437,3.1542389392852783
20250821_141621,1.029327154159546,0.843206524848938,3.156702756881714
20250821_141621,1.0299066305160522,0.842796266078949,3.159285545349121
20250821_141621,1.0303215980529785,0.8427992463111877,3.161668300628662
20250821_141621,1.0308367013931274,0.8426754474639893,3.164113998413086
20250821_141621,1.0313414335250854,0.8423178791999817,3.1666648387908936
20250821_141621,1.0318158864974976,0.8423541188240051,3.169146776199341
20250821_141621,1.0322459936141968,0.8423751592636108,3.171584129333496
20250821_141621,1.0329569578170776,0.841967761516571,3.174055576324463
20250821_141621,1.033496618270874,0.8417773842811584,3.1765389442443848
20250821_141621,1.0340081453323364,0.8417987823486328,3.1789634227752686
20250821_141621,1.0346710681915283,0.8415824174880981,3.181572437286377
20250821_141621,1.0351837873458862,0.8414651155471802,3.184034824371338
20250821_141621,1.0358763933181763,0.8412724733352661,3.186490058898926
20250821_141621,1.0364887714385986,0.8411276936531067,3.1889069080352783
20250821_141621,1.0370806455612183,0.8412015438079834,3.1913907527923584
20250821_141621,1.037631630897522,0.8412676453590393,3.1938817501068115
20250821_141621,1.0383433103561401,0.8410970568656921,3.1963346004486084
20250821_141621,1.0389777421951294,0.8409391045570374,3.1988024711608887
20250821_141621,1.0396963357925415,0.8407500386238098,3.2013320922851562
20250821_141621,1.0403844118118286,0.8408615589141846,3.203777313232422
20250821_141621,1.0410960912704468,0.8406205177307129,3.2062413692474365
20250821_141621,1.0417711734771729,0.8406230807304382,3.2086586952209473
20250821_141621,1.042574167251587,0.8406563997268677,3.2111127376556396
20250821_141621,1.0433299541473389,0.840438961982727,3.2137885093688965
20250821_141621,1.0440164804458618,0.8405307531356812,3.216229200363159
20250821_141621,1.0447953939437866,0.8405085206031799,3.218705892562866
20250821_141621,1.045338749885559,0.840882420539856,3.2211785316467285
20250821_141621,1.0461732149124146,0.8406035900115967,3.2237207889556885
20250821_141621,1.0470112562179565,0.8406559228897095,3.2262394428253174
20250821_141621,1.0478391647338867,0.8405844569206238,3.2287025451660156
20250821_141621,1.0486664772033691,0.8404192924499512,3.2312729358673096
20250821_141621,1.0494672060012817,0.8405519723892212,3.2337512969970703
20250821_141621,1.0502021312713623,0.8406107425689697,3.236154317855835
20250821_141621,1.0510096549987793,0.8405673503875732,3.23871111869812
20250821_141621,1.0518134832382202,0.8406845927238464,3.2411141395568848
20250821_141621,1.0526947975158691,0.8404505252838135,3.243628740310669
20250821_141621,1.0535666942596436,0.8403965830802917,3.246176242828369
20250821_141621,1.054313063621521,0.8405207991600037,3.248624324798584
20250821_141621,1.0552541017532349,0.8405307531356812,3.251084327697754
20250821_141621,1.05605947971344,0.8405761122703552,3.2535407543182373
20250821_141621,1.0569936037063599,0.840586245059967,3.2559762001037598
20250821_141621,1.0578384399414062,0.8404251933097839,3.2585127353668213
20250821_141621,1.0586334466934204,0.8406466245651245,3.260969877243042
20250821_141621,1.0596117973327637,0.8404269218444824,3.263540267944336
20250821_141621,1.0604300498962402,0.8406158089637756,3.2659060955047607
20250821_141621,1.061314582824707,0.8409718871116638,3.2682759761810303
20250821_141621,1.062290072441101,0.8405598998069763,3.2707767486572266
20250821_141621,1.0631994009017944,0.8405300974845886,3.2732625007629395
20250821_141621,1.0641283988952637,0.8405908942222595,3.275787353515625
20250821_141621,1.0649182796478271,0.8406224250793457,3.2782342433929443
20250821_141621,1.0658481121063232,0.8407939076423645,3.2806060314178467
20250821_141621,1.066793441772461,0.8406912088394165,3.2830498218536377
20250821_141621,1.0676658153533936,0.8409351110458374,3.2854788303375244
20250821_141621,1.0686756372451782,0.8407775163650513,3.2879931926727295
20250821_141621,1.0695585012435913,0.8408941030502319,3.290391206741333
20250821_141621,1.0706087350845337,0.8409952521324158,3.2927515506744385
20250821_141621,1.0714292526245117,0.8412467837333679,3.2951622009277344
20250821_141621,1.0724073648452759,0.841097891330719,3.2975568771362305
20250821_141621,1.0733051300048828,0.8413764834403992,3.2999680042266846
20250821_141621,1.0743976831436157,0.8411462903022766,3.3023431301116943
20250821_141621,1.07546067237854,0.8411225080490112,3.304781675338745
20250821_141622,1.0763766765594482,0.8412684798240662,3.307128429412842
20250821_141622,1.0772943496704102,0.8416433930397034,3.3093485832214355
20250821_141622,1.0782440900802612,0.8415688276290894,3.311798334121704
20250821_141622,1.0792734622955322,0.8416216969490051,3.3142306804656982
20250821_141622,1.0802415609359741,0.8418142199516296,3.316523313522339
20250821_141622,1.0813050270080566,0.8416134119033813,3.3188812732696533
20250821_141622,1.0824381113052368,0.8415994644165039,3.3211278915405273
20250821_141622,1.0833370685577393,0.841991662979126,3.323411703109741
20250821_141622,1.0844073295593262,0.8420954346656799,3.3256120681762695
20250821_141622,1.0853724479675293,0.8419936895370483,3.3280107975006104
20250821_141622,1.0863748788833618,0.8421879410743713,3.330288887023926
20250821_141622,1.0875269174575806,0.8420752882957458,3.3324716091156006
20250821_141622,1.0885977745056152,0.8420344591140747,3.334780216217041
20250821_141622,1.0895990133285522,0.8422776460647583,3.3368282318115234
20250821_141622,1.090754747390747,0.8423295617103577,3.3391125202178955
20250821_141622,1.0916664600372314,0.8426794409751892,3.3412513732910156
20250821_141622,1.0927536487579346,0.8425801992416382,3.343585252761841
20250821_141622,1.093864917755127,0.8426011800765991,3.3457789421081543
20250821_141622,1.0949147939682007,0.8428820371627808,3.3478660583496094
20250821_141622,1.0961240530014038,0.8426253199577332,3.350058078765869
20250821_141622,1.0972683429718018,0.8427199721336365,3.352102041244507
20250821_141622,1.0982526540756226,0.8429284691810608,3.3542938232421875
20250821_141622,1.0994004011154175,0.8430039286613464,3.3563828468322754
20250821_141622,1.1005885601043701,0.8428616523742676,3.358544111251831
20250821_141622,1.101651668548584,0.8429432511329651,3.3606503009796143
20250821_141622,1.1028218269348145,0.843203067779541,3.3626327514648438
20250821_141622,1.1039855480194092,0.8433068990707397,3.364720106124878
20250821_141622,1.1049931049346924,0.8433035612106323,3.3668627738952637
20250821_141622,1.1061252355575562,0.8434488773345947,3.3688862323760986
20250821_141622,1.1072083711624146,0.8436086177825928,3.370990514755249
20250821_141622,1.1084386110305786,0.8433666825294495,3.372955322265625
20250821_141622,1.1096264123916626,0.8433493971824646,3.375025749206543
20250821_141622,1.1106783151626587,0.8436284065246582,3.376997470855713
20250821_141622,1.111820101737976,0.8437981605529785,3.3789467811584473
20250821_141622,1.1130937337875366,0.8435031771659851,3.3810572624206543
20250821_141622,1.1142069101333618,0.8435527682304382,3.3829710483551025
20250821_141622,1.1153724193572998,0.8437560796737671,3.3848986625671387
20250821_141622,1.116420030593872,0.8440690636634827,3.3868374824523926
20250821_141622,1.1175416707992554,0.8439851999282837,3.388856887817383
20250821_141622,1.1187738180160522,0.8439918160438538,3.3909242153167725
20250821_141622,1.1198209524154663,0.8441537618637085,3.3927793502807617
20250821_141622,1.121079683303833,0.8440077900886536,3.3946592807769775
20250821_141622,1.122225284576416,0.8440366387367249,3.3966407775878906
20250821_141622,1.1232699155807495,0.8443902730941772,3.3984012603759766
20250821_141622,1.124437928199768,0.8442784547805786,3.400451421737671
20250821_141622,1.1255263090133667,0.8444315791130066,3.4023289680480957
20250821_141622,1.1266686916351318,0.8444696068763733,3.404137134552002
20250821_141622,1.1279102563858032,0.8444533944129944,3.4059994220733643
20250821_141622,1.1290194988250732,0.8445590138435364,3.4077680110931396
20250821_141622,1.1301233768463135,0.8448641300201416,3.4095852375030518
20250821_141622,1.131307601928711,0.8447182178497314,3.411531686782837
20250821_141622,1.1324946880340576,0.8447164297103882,3.413360357284546
20250821_141622,1.1334962844848633,0.8450141549110413,3.4150829315185547
20250821_141622,1.1347954273223877,0.8450411558151245,3.4168174266815186
20250821_141622,1.13587486743927,0.8451663851737976,3.418628454208374
20250821_141622,1.1370316743850708,0.8452539443969727,3.4204273223876953
20250821_141622,1.1381359100341797,0.8453324437141418,3.4222185611724854
20250821_141622,1.1394110918045044,0.8452237248420715,3.4239578247070312
20250821_141622,1.1406434774398804,0.8451632857322693,3.425823450088501
20250821_141622,1.141599416732788,0.84553062915802,3.4274821281433105
20250821_141622,1.142810583114624,0.8455845713615417,3.429271697998047
20250821_141622,1.1439110040664673,0.845786452293396,3.4309773445129395
20250821_141622,1.1450754404067993,0.8456431031227112,3.432750701904297
20250821_141622,1.1462880373001099,0.8456140756607056,3.434450149536133
20250821_141622,1.1474101543426514,0.8456433415412903,3.436169147491455
20250821_141622,1.1484730243682861,0.8459364175796509,3.4378321170806885
20250821_141622,1.1496440172195435,0.8459958434104919,3.439511299133301
20250821_141622,1.1508630514144897,0.8458291888237,3.44116473197937
20250821_141622,1.1520013809204102,0.8458427786827087,3.442802906036377
20250821_141622,1.15308678150177,0.8459792733192444,3.444450855255127
20250821_141622,1.154249668121338,0.8460792303085327,3.446009397506714
20250821_141622,1.1554774045944214,0.8461159467697144,3.4477007389068604
20250821_141622,1.1566530466079712,0.8460670113563538,3.449221611022949
20250821_141622,1.1578357219696045,0.8461445569992065,3.4507548809051514
20250821_141622,1.1589391231536865,0.8462846279144287,3.4524149894714355
20250821_141622,1.160124659538269,0.8463819026947021,3.4539361000061035
20250821_141622,1.1612441539764404,0.8463252782821655,3.455557346343994
20250821_141622,1.1625845432281494,0.846143364906311,3.457179307937622
20250821_141622,1.1637096405029297,0.8463099598884583,3.458627223968506
20250821_141622,1.1647889614105225,0.8464664220809937,3.460200786590576
20250821_141622,1.1659692525863647,0.8465219140052795,3.4617655277252197
20250821_141622,1.167062759399414,0.8465326428413391,3.4633116722106934
20250821_141622,1.1681970357894897,0.8465848565101624,3.464749336242676
20250821_141622,1.169577956199646,0.8463613986968994,3.466254711151123
20250821_141622,1.1706587076187134,0.8466752171516418,3.46767520904541
20250821_141622,1.1718106269836426,0.8466106057167053,3.469193935394287
20250821_141622,1.1729011535644531,0.8466252684593201,3.470787763595581
20250821_141622,1.1741957664489746,0.8464658260345459,3.472118616104126
20250821_141622,1.1753103733062744,0.8466315865516663,3.473526954650879
20250821_141622,1.1765327453613281,0.8467056751251221,3.474945068359375
20250821_141622,1.177626609802246,0.8466325998306274,3.476351022720337
20250821_141622,1.1789437532424927,0.8464109897613525,3.4777443408966064
20250821_141622,1.180083155632019,0.8466091752052307,3.4791271686553955
20250821_141622,1.1812084913253784,0.8466454148292542,3.4804534912109375
20250821_141622,1.1824016571044922,0.8468108773231506,3.4816930294036865
20250821_141622,1.1836744546890259,0.8466355204582214,3.483128786087036
20250821_141622,1.1848225593566895,0.8465125560760498,3.4843480587005615
20250821_141622,1.1859830617904663,0.8465355038642883,3.485743761062622
20250821_141622,1.1871373653411865,0.8464992046356201,3.487034320831299
20250821_141622,1.188331127166748,0.8465917110443115,3.48834228515625
20250821_141623,1.1894608736038208,0.8466018438339233,3.489565372467041
20250821_141623,1.190755844116211,0.8465268611907959,3.490802049636841
20250821_141623,1.1918777227401733,0.8465457558631897,3.4920296669006348
20250821_141623,1.1930291652679443,0.8465023040771484,3.493267297744751
20250821_141623,1.1942301988601685,0.8464718461036682,3.4945743083953857
20250821_141623,1.1955584287643433,0.8462172746658325,3.4956300258636475
20250821_141623,1.1966696977615356,0.8463501930236816,3.496798515319824
20250821_141623,1.1978473663330078,0.8464112281799316,3.497938394546509
20250821_141623,1.1990985870361328,0.8463435769081116,3.4991261959075928
20250821_141623,1.2003883123397827,0.8462468981742859,3.5001604557037354
20250821_141623,1.2014634609222412,0.8463477492332458,3.50131893157959
20250821_141623,1.20269775390625,0.8462954759597778,3.502437114715576
20250821_141623,1.2038055658340454,0.8462953567504883,3.5034806728363037
20250821_141623,1.2052260637283325,0.8460483551025391,3.5045406818389893
20250821_141623,1.2063909769058228,0.8461432456970215,3.5055992603302
20250821_141623,1.2075304985046387,0.8461734652519226,3.5066373348236084
20250821_141623,1.2087666988372803,0.8460355997085571,3.507660150527954
20250821_141623,1.2100788354873657,0.8457866311073303,3.5085537433624268
20250821_141623,1.2113481760025024,0.8456730842590332,3.5096349716186523
20250821_141623,1.2124712467193604,0.8456652164459229,3.5105977058410645
20250821_141623,1.2137463092803955,0.8455825448036194,3.511594772338867
20250821_141623,1.2150852680206299,0.8453518152236938,3.512436866760254
20250821_141623,1.2161669731140137,0.8454435467720032,3.513373613357544
20250821_141623,1.2175012826919556,0.8452966809272766,3.5143489837646484
20250821_141623,1.2186824083328247,0.8452216982841492,3.515254020690918
20250821_141623,1.2199671268463135,0.8450673818588257,3.5160765647888184
20250821_141623,1.221279263496399,0.8449521064758301,3.51696515083313
20250821_141623,1.2224664688110352,0.8449122309684753,3.51781964302063
20250821_141623,1.223799467086792,0.84480881690979,3.5186572074890137
20250821_141623,1.2250282764434814,0.844674289226532,3.519406795501709
20250821_141623,1.2262966632843018,0.8445377945899963,3.520224094390869
20250821_141623,1.227569818496704,0.8444151282310486,3.521061420440674
20250821_141623,1.2288082838058472,0.8442718982696533,3.5218207836151123
20250821_141623,1.2301539182662964,0.844081699848175,3.5225918292999268
20250821_141623,1.231467604637146,0.8439626097679138,3.523308753967285
20250821_141623,1.2327767610549927,0.8438835144042969,3.524036407470703
20250821_141623,1.2340350151062012,0.8436890244483948,3.524717092514038
20250821_141623,1.2353317737579346,0.8436201214790344,3.5253992080688477
20250821_141623,1.2365838289260864,0.8434877395629883,3.526071071624756
20250821_141623,1.2378886938095093,0.8433029651641846,3.526792526245117
20250821_141623,1.2392809391021729,0.8432004451751709,3.5274081230163574
20250821_141623,1.2405251264572144,0.8430754542350769,3.5280020236968994
20250821_141623,1.2418421506881714,0.8430097103118896,3.528594970703125
20250821_141623,1.2432329654693604,0.8427736163139343,3.529182195663452
20250821_141623,1.2444813251495361,0.8427203297615051,3.529766321182251
20250821_141623,1.245810866355896,0.8425791263580322,3.5303471088409424
20250821_141623,1.24711012840271,0.8425220847129822,3.530890941619873
20250821_141623,1.2484980821609497,0.8423025012016296,3.5313870906829834
20250821_141623,1.2498444318771362,0.8421831727027893,3.531904697418213
20250821_141623,1.2511343955993652,0.8421205878257751,3.532393217086792
20250821_141623,1.2524480819702148,0.8420042991638184,3.5328218936920166
20250821_141623,1.253766655921936,0.8419210910797119,3.5333259105682373
20250821_141623,1.2551602125167847,0.841852605342865,3.533775806427002
20250821_141623,1.2564233541488647,0.8417707085609436,3.5341904163360596
20250821_141623,1.2578465938568115,0.8416025042533875,3.534573554992676
20250821_141623,1.2591501474380493,0.8414849042892456,3.535050392150879
20250821_141623,1.2604519128799438,0.841474711894989,3.5354368686676025
20250821_141623,1.2618175745010376,0.8414515852928162,3.535742998123169
20250821_141623,1.2631746530532837,0.8413119316101074,3.53613543510437
20250821_141623,1.2645241022109985,0.8412753343582153,3.5364530086517334
20250821_141623,1.2658262252807617,0.8412300944328308,3.536806583404541
20250821_141623,1.2671642303466797,0.8412091732025146,3.537058115005493
20250821_141623,1.2685476541519165,0.8411378264427185,3.537374258041382
20250821_141623,1.2698994874954224,0.8411413431167603,3.537665367126465
20250821_141623,1.2713420391082764,0.8410541415214539,3.5378899574279785
20250821_141623,1.2726324796676636,0.8411107659339905,3.5381572246551514
20250821_141623,1.273959755897522,0.841099202632904,3.5384132862091064
20250821_141623,1.2752434015274048,0.841169536113739,3.538609266281128
20250821_141623,1.2767127752304077,0.8409514427185059,3.5388476848602295
20250821_141623,1.2780781984329224,0.8409755825996399,3.5390279293060303
20250821_141623,1.279398798942566,0.84107905626297,3.539170026779175
20250821_141623,1.2807704210281372,0.8410165309906006,3.5393292903900146
20250821_141623,1.2820271253585815,0.8410956263542175,3.539475440979004
20250821_141623,1.2834646701812744,0.8411007523536682,3.539632797241211
20250821_141623,1.2847996950149536,0.8411467671394348,3.5398082733154297
20250821_141623,1.2861112356185913,0.8410868644714355,3.5399117469787598
20250821_141623,1.2874114513397217,0.8411921262741089,3.5400187969207764
20250821_141623,1.2887588739395142,0.8411933779716492,3.5401182174682617
20250821_141623,1.2902415990829468,0.8411008715629578,3.540231704711914
20250821_141623,1.2915202379226685,0.8412523865699768,3.540278673171997
20250821_141623,1.2928122282028198,0.8413561582565308,3.5403354167938232
20250821_141623,1.2940876483917236,0.8414625525474548,3.5403685569763184
20250821_141623,1.2954801321029663,0.8414303660392761,3.5404422283172607
20250821_141623,1.296884298324585,0.8413974046707153,3.5404491424560547
20250821_141623,1.298175573348999,0.8415153622627258,3.5404703617095947
20250821_141623,1.299424409866333,0.8415939211845398,3.540468454360962
20250821_141623,1.300787091255188,0.8416200876235962,3.5403971672058105
20250821_141623,1.302137017250061,0.8416765332221985,3.540416955947876
20250821_141623,1.3034040927886963,0.8416950702667236,3.5403952598571777
20250821_141623,1.3046451807022095,0.8417356014251709,3.5403671264648438
20250821_141623,1.3060882091522217,0.8417965769767761,3.5402638912200928
20250821_141623,1.3072718381881714,0.841921329498291,3.540215253829956
20250821_141623,1.30856192111969,0.8418881893157959,3.540147304534912
20250821_141623,1.3098191022872925,0.8420103192329407,3.540027141571045
20250821_141623,1.3111740350723267,0.8420239090919495,3.539914608001709
20250821_141623,1.3124301433563232,0.8421133160591125,3.5398244857788086
20250821_141623,1.3136591911315918,0.842114269733429,3.53971529006958
20250821_141623,1.3148653507232666,0.8422061204910278,3.5395917892456055
20250821_141623,1.3162009716033936,0.842261791229248,3.5394177436828613
20250821_141623,1.317368507385254,0.8423376083374023,3.539275646209717
20250821_141624,1.3186147212982178,0.8424683213233948,3.53912615776062
20250821_141624,1.3198623657226562,0.8426157832145691,3.538950204849243
20250821_141624,1.3211075067520142,0.84258633852005,3.5387465953826904
20250821_141624,1.3223353624343872,0.8427638411521912,3.5385611057281494
20250821_141624,1.3235647678375244,0.8426831960678101,3.538424253463745
20250821_141624,1.3247231245040894,0.8429571986198425,3.538121223449707
20250821_141624,1.3259105682373047,0.8430069088935852,3.537853240966797
20250821_141624,1.3271485567092896,0.8431544899940491,3.5375990867614746
20250821_141624,1.328296184539795,0.843308687210083,3.537376880645752
20250821_141624,1.3294509649276733,0.8435965776443481,3.536990165710449
20250821_141624,1.3306758403778076,0.8436708450317383,3.536654472351074
20250821_141624,1.3318310976028442,0.843812108039856,3.5363619327545166
20250821_141624,1.332953691482544,0.8439539670944214,3.536050319671631
20250821_141624,1.3340706825256348,0.8440653681755066,3.5357439517974854
20250821_141624,1.3352937698364258,0.8442320227622986,3.5353622436523438
20250821_141624,1.3365304470062256,0.8440572023391724,3.5351290702819824
20250821_141624,1.3375853300094604,0.8445960879325867,3.534592866897583
20250821_141624,1.3386766910552979,0.844698429107666,3.5342068672180176
20250821_141624,1.3397456407546997,0.8448261022567749,3.533827781677246
20250821_141624,1.341018557548523,0.844876766204834,3.5333855152130127
20250821_141624,1.3422147035598755,0.8448061943054199,3.5330536365509033
20250821_141624,1.3432083129882812,0.8450499176979065,3.5326085090637207
20250821_141624,1.344382643699646,0.8450026512145996,3.532222270965576
20250821_141624,1.3453363180160522,0.8455556631088257,3.531559944152832
20250821_141624,1.3466356992721558,0.8452195525169373,3.5312116146087646
20250821_141624,1.34755277633667,0.8456324338912964,3.5306055545806885
20250821_141624,1.348831057548523,0.8454715013504028,3.5302443504333496
20250821_141624,1.3497984409332275,0.8458519577980042,3.5296790599823
20250821_141624,1.3510280847549438,0.8457189202308655,3.5292038917541504
20250821_141624,1.352036952972412,0.8459949493408203,3.52862548828125
20250821_141624,1.3530193567276,0.8463524580001831,3.5279953479766846
20250821_141624,1.3541045188903809,0.8463283777236938,3.5275044441223145
20250821_141624,1.3550993204116821,0.8464362621307373,3.5269060134887695
20250821_141624,1.3562648296356201,0.8465244770050049,3.526329517364502
20250821_141624,1.357302188873291,0.8466506600379944,3.525758743286133
20250821_141624,1.3582957983016968,0.847111701965332,3.5250751972198486
20250821_141624,1.3592960834503174,0.8472084999084473,3.524474620819092
20250821_141624,1.3603297472000122,0.8471522331237793,3.523913621902466
20250821_141624,1.3613991737365723,0.8471663594245911,3.5232465267181396
20250821_141624,1.362328052520752,0.8473543524742126,3.5225837230682373
20250821_141624,1.3634769916534424,0.84735506772995,3.521976947784424
20250821_141624,1.3643598556518555,0.8477131724357605,3.521199941635132
20250821_141624,1.3653424978256226,0.8476521372795105,3.5206046104431152
20250821_141624,1.3663396835327148,0.8477606177330017,3.5198445320129395
20250821_141624,1.3672343492507935,0.8478726744651794,3.5191476345062256
20250821_141624,1.3682522773742676,0.8478829264640808,3.5184550285339355
20250821_141624,1.3691006898880005,0.8481194972991943,3.5177114009857178
20250821_141624,1.3700326681137085,0.8482624888420105,3.516965627670288
20250821_141624,1.370991587638855,0.8483431339263916,3.5161943435668945
20250821_141624,1.372005820274353,0.8481989502906799,3.515482187271118
20250821_141624,1.3728898763656616,0.8484023213386536,3.514709949493408
20250821_141624,1.3737369775772095,0.8485526442527771,3.513920307159424
20250821_141624,1.3746271133422852,0.8486382961273193,3.513169050216675
20250821_141624,1.3755295276641846,0.8486591577529907,3.5123395919799805
20250821_141624,1.3764197826385498,0.8488550782203674,3.5114922523498535
20250821_141624,1.3772648572921753,0.8489482402801514,3.5106492042541504
20250821_141624,1.3780721426010132,0.8490562438964844,3.509826898574829
20250821_141624,1.3789355754852295,0.8490924835205078,3.508986473083496
20250821_141624,1.3797436952590942,0.8491460084915161,3.5080976486206055
20250821_141624,1.3805829286575317,0.8491886258125305,3.507227897644043
20250821_141624,1.3814195394515991,0.849244236946106,3.506303071975708
20250821_141624,1.3821616172790527,0.8493039011955261,3.5053799152374268
20250821_141624,1.3828961849212646,0.8494749069213867,3.5044357776641846
20250821_141624,1.3835601806640625,0.8495168089866638,3.503474473953247
20250821_141624,1.3844621181488037,0.8493605256080627,3.502551317214966
20250821_141624,1.3851028680801392,0.8495612740516663,3.5015623569488525
20250821_141624,1.3858107328414917,0.8495795726776123,3.5005831718444824
20250821_141624,1.3865231275558472,0.8496193885803223,3.4996182918548584
20250821_141624,1.3870974779129028,0.849806010723114,3.4985318183898926
20250821_141624,1.3879289627075195,0.8496092557907104,3.497591257095337
20250821_141624,1.3884509801864624,0.8498208522796631,3.4965877532958984
20250821_141624,1.3890997171401978,0.8498660922050476,3.4955081939697266
20250821_141624,1.3897517919540405,0.8499735593795776,3.4944446086883545
20250821_141624,1.390379786491394,0.849947452545166,3.493462085723877
20250821_141624,1.3909584283828735,0.8500077128410339,3.4923675060272217
20250821_141624,1.391531229019165,0.8501365780830383,3.4912941455841064
20250821_141624,1.3921115398406982,0.8501274585723877,3.490201473236084
20250821_141624,1.3926223516464233,0.850243866443634,3.4891135692596436
20250821_141624,1.3931344747543335,0.8503417372703552,3.487974166870117
20250821_141624,1.3937022686004639,0.8503573536872864,3.486787796020508
20250821_141624,1.3941874504089355,0.8503857851028442,3.485653877258301
20250821_141624,1.3947356939315796,0.850435733795166,3.484478235244751
20250821_141624,1.3951866626739502,0.8504577875137329,3.483327865600586
20250821_141624,1.3955861330032349,0.8505823612213135,3.482100486755371
20250821_141624,1.396009922027588,0.8505834937095642,3.4808950424194336
20250821_141624,1.396445870399475,0.8506676554679871,3.4796369075775146
20250821_141624,1.3968744277954102,0.850579023361206,3.4784321784973145
20250821_141624,1.3973095417022705,0.8505229949951172,3.4771859645843506
20250821_141624,1.3976330757141113,0.8506791591644287,3.4758427143096924
20250821_141624,1.3980190753936768,0.8507494926452637,3.474552631378174
20250821_141624,1.3982726335525513,0.8507683873176575,3.473245143890381
20250821_141624,1.398644208908081,0.8508018851280212,3.4719316959381104
20250821_141624,1.3989675045013428,0.8506783246994019,3.4706180095672607
20250821_141624,1.3992669582366943,0.8507564067840576,3.469250202178955
20250821_141624,1.3994818925857544,0.8507626056671143,3.4679369926452637
20250821_141624,1.399725317955017,0.8508005738258362,3.4665558338165283
20250821_141624,1.3999645709991455,0.8508351445198059,3.465155601501465
20250821_141624,1.4002301692962646,0.8508005142211914,3.4637863636016846
20250821_141624,1.4004474878311157,0.8507709503173828,3.462372303009033
20250821_141624,1.4007450342178345,0.8506392240524292,3.4609375
20250821_141624,1.4009376764297485,0.8505935072898865,3.4594953060150146
20250821_141625,1.4010130167007446,0.8506454229354858,3.4579930305480957
20250821_141625,1.4011152982711792,0.85074383020401,3.4565579891204834
20250821_141625,1.4013128280639648,0.8507113456726074,3.4550721645355225
20250821_141625,1.4014012813568115,0.8506874442100525,3.4535818099975586
20250821_141625,1.4015475511550903,0.8506816029548645,3.4520280361175537
20250821_141625,1.401637077331543,0.8506897687911987,3.450470209121704
20250821_141625,1.4017468690872192,0.8506354689598083,3.4489550590515137
20250821_141625,1.4017819166183472,0.8506799340248108,3.447401523590088
20250821_141625,1.4018598794937134,0.8506142497062683,3.4458532333374023
20250821_141625,1.4019829034805298,0.8504830598831177,3.4442851543426514
20250821_141625,1.4019113779067993,0.8505434393882751,3.442681312561035
20250821_141625,1.4018807411193848,0.8505133390426636,3.4410674571990967
20250821_141625,1.401939034461975,0.8504608273506165,3.4394476413726807
20250821_141625,1.4019179344177246,0.850456178188324,3.437894821166992
20250821_141625,1.4018409252166748,0.8504540920257568,3.43619966506958
20250821_141625,1.4016554355621338,0.850656270980835,3.4345617294311523
20250821_141625,1.4015873670578003,0.8505346179008484,3.4329187870025635
20250821_141625,1.401495099067688,0.8504676818847656,3.4312493801116943
20250821_141625,1.4014238119125366,0.8505054712295532,3.4295949935913086
20250821_141625,1.401273488998413,0.8506069779396057,3.427879571914673
20250821_141625,1.4010978937149048,0.8504911065101624,3.4261815547943115
20250821_141625,1.400989294052124,0.850485622882843,3.42449688911438
20250821_141625,1.4007978439331055,0.8505336046218872,3.4227614402770996
20250821_141625,1.4006482362747192,0.850426197052002,3.4210448265075684
20250821_141625,1.4003996849060059,0.850555419921875,3.4192731380462646
20250821_141625,1.4001810550689697,0.8505850434303284,3.4175610542297363
20250821_141625,1.4000052213668823,0.8505603075027466,3.4158172607421875
20250821_141625,1.3997441530227661,0.850583016872406,3.4140586853027344
20250821_141625,1.3995599746704102,0.8505588173866272,3.412317991256714
20250821_141625,1.3992301225662231,0.850561797618866,3.4105207920074463
20250821_141625,1.3990919589996338,0.8505252003669739,3.408684253692627
20250821_141625,1.3987672328948975,0.8506450653076172,3.4068751335144043
20250821_141625,1.3984957933425903,0.8507329225540161,3.40511417388916
20250821_141625,1.398247480392456,0.8506941199302673,3.4033451080322266
20250821_141625,1.3979214429855347,0.8506519198417664,3.40158748626709
20250821_141625,1.3975671529769897,0.8508130311965942,3.399747133255005
20250821_141625,1.397200584411621,0.8507750034332275,3.3978869915008545
20250821_141625,1.3969180583953857,0.8510047197341919,3.395995855331421
20250821_141625,1.3966230154037476,0.8509514927864075,3.394217014312744
20250821_141625,1.396223545074463,0.8508694767951965,3.3923802375793457
20250821_141625,1.395911693572998,0.8507367372512817,3.390615463256836
20250821_141625,1.3955650329589844,0.8509364128112793,3.3887319564819336
20250821_141625,1.3952449560165405,0.8507412672042847,3.3868935108184814
20250821_141625,1.3948298692703247,0.8509544730186462,3.384990930557251
20250821_141625,1.394452691078186,0.850865364074707,3.3831160068511963
20250821_141625,1.3940225839614868,0.8511111736297607,3.3811676502227783
20250821_141625,1.3935397863388062,0.8509854078292847,3.3793845176696777
20250821_141625,1.3931421041488647,0.8510268926620483,3.3774633407592773
20250821_141625,1.3927398920059204,0.851121187210083,3.3756067752838135
20250821_141625,1.392350673675537,0.8511680364608765,3.373688220977783
20250821_141625,1.3918511867523193,0.8513407707214355,3.3717892169952393
20250821_141625,1.3913395404815674,0.8514608144760132,3.369856834411621
20250821_141625,1.3909873962402344,0.851409375667572,3.367993116378784
20250821_141625,1.39041006565094,0.8517239093780518,3.36602783203125
20250821_141625,1.390064001083374,0.851527750492096,3.3642325401306152
20250821_141625,1.3895646333694458,0.8516117930412292,3.3623194694519043
20250821_141625,1.3891422748565674,0.8517730236053467,3.36041522026062
20250821_141625,1.3885211944580078,0.8520525693893433,3.3584036827087402
20250821_141625,1.3879694938659668,0.8521214723587036,3.356499671936035
20250821_141625,1.3874537944793701,0.8522672057151794,3.3545427322387695
20250821_141625,1.3868930339813232,0.8525497913360596,3.3526201248168945
20250821_141625,1.3863524198532104,0.852560818195343,3.350632429122925
20250821_141625,1.3858903646469116,0.8525835871696472,3.34869647026062
20250821_141625,1.385390281677246,0.8526371121406555,3.346798896789551
20250821_141625,1.3847870826721191,0.8529070615768433,3.34468412399292
20250821_141625,1.3841207027435303,0.8532127141952515,3.342728853225708
20250821_141625,1.3835675716400146,0.8532928228378296,3.3407704830169678
20250821_141625,1.3829736709594727,0.8534188270568848,3.3387675285339355
20250821_141625,1.3824361562728882,0.8535683751106262,3.3367369174957275
20250821_141625,1.3818057775497437,0.8536686897277832,3.3347668647766113
20250821_141625,1.3811872005462646,0.8538333177566528,3.332723617553711
20250821_141625,1.3806039094924927,0.8541017770767212,3.3306572437286377
20250821_141625,1.3800116777420044,0.8541885018348694,3.328734874725342
20250821_141625,1.3793751001358032,0.8542290925979614,3.326775550842285
20250821_141625,1.3787020444869995,0.8544625043869019,3.3247361183166504
20250821_141625,1.3780878782272339,0.8546527624130249,3.3226630687713623
20250821_141625,1.3774052858352661,0.8547959923744202,3.3206212520599365
20250821_141625,1.3767653703689575,0.8550276160240173,3.318593740463257
20250821_141625,1.3760886192321777,0.8552608489990234,3.3165228366851807
20250821_141625,1.3754196166992188,0.8553337454795837,3.3144922256469727
20250821_141625,1.3747745752334595,0.8553879857063293,3.312554359436035
20250821_141625,1.3740183115005493,0.8556275367736816,3.3104212284088135
20250821_141625,1.3734270334243774,0.8556405901908875,3.3083913326263428
20250821_141625,1.3726919889450073,0.8559574484825134,3.3062667846679688
20250821_141625,1.3719580173492432,0.8561973571777344,3.3041634559631348
20250821_141625,1.3712263107299805,0.8563554286956787,3.3020684719085693
20250821_141625,1.3705943822860718,0.8562643527984619,3.30008602142334
20250821_141625,1.3698649406433105,0.8562814593315125,3.298065423965454
20250821_141625,1.3692190647125244,0.8564548492431641,3.2959296703338623
20250821_141625,1.368388056755066,0.8567321300506592,3.293813467025757
20250821_141625,1.367685079574585,0.8567235469818115,3.2917568683624268
20250821_141625,1.3669146299362183,0.8568472266197205,3.2896947860717773
20250821_141625,1.3661412000656128,0.8570140600204468,3.2875473499298096
20250821_141625,1.3655405044555664,0.8569937944412231,3.285524606704712
20250821_141625,1.3647547960281372,0.8568927645683289,3.283451557159424
20250821_141625,1.364039659500122,0.8571183085441589,3.2812893390655518
20250821_141625,1.3631755113601685,0.8574026226997375,3.2791762351989746
20250821_141625,1.3624041080474854,0.8573654890060425,3.2770326137542725
20250821_141625,1.361625075340271,0.8575921058654785,3.2749626636505127
20250821_141626,1.3608547449111938,0.8576146960258484,3.272836923599243
20250821_141626,1.360152006149292,0.8575984239578247,3.2707252502441406
20250821_141626,1.359386920928955,0.8576052188873291,3.268634557723999
20250821_141626,1.3586283922195435,0.857750654220581,3.266502857208252
20250821_141626,1.3576539754867554,0.8580777049064636,3.2642643451690674
20250821_141626,1.356876254081726,0.8581584692001343,3.2622506618499756
20250821_141626,1.3560473918914795,0.858237087726593,3.2601418495178223
20250821_141626,1.3552569150924683,0.8581967353820801,3.2580273151397705
20250821_141626,1.3545552492141724,0.8581986427307129,3.2559385299682617
20250821_141626,1.3536959886550903,0.8582485914230347,3.2537786960601807
20250821_141626,1.3528773784637451,0.8582176566123962,3.251706838607788
20250821_141626,1.3519847393035889,0.8585824966430664,3.2494943141937256
20250821_141626,1.3510740995407104,0.8586701154708862,3.2473602294921875
20250821_141626,1.3503239154815674,0.8584700226783752,3.2453036308288574
20250821_141626,1.3494783639907837,0.8584853410720825,3.2432196140289307
20250821_141626,1.3486039638519287,0.8585159182548523,3.241039276123047
20250821_141626,1.3478082418441772,0.8584065437316895,3.2391088008880615
20250821_141626,1.3468823432922363,0.8586507439613342,3.236903429031372
20250821_141626,1.3459125757217407,0.8588510751724243,3.234614849090576
20250821_141626,1.345109224319458,0.8584946393966675,3.232752799987793
20250821_141626,1.3442659378051758,0.8584338426589966,3.230560541152954
20250821_141626,1.343316912651062,0.8584204912185669,3.228510618209839
20250821_141626,1.3424147367477417,0.8585737347602844,3.2263920307159424
20250821_141626,1.3415296077728271,0.8584972023963928,3.2243120670318604
20250821_141626,1.340495228767395,0.8586634397506714,3.2221477031707764
20250821_141626,1.3398011922836304,0.8585203886032104,3.220144748687744
20250821_141626,1.338747262954712,0.8585680723190308,3.2180254459381104
20250821_141626,1.3378779888153076,0.8586437106132507,3.2159385681152344
20250821_141626,1.336971640586853,0.8585029244422913,3.213913917541504
20250821_141626,1.3360053300857544,0.8584899306297302,3.211846351623535
20250821_141626,1.3349218368530273,0.8588449954986572,3.2095983028411865
20250821_141626,1.3340225219726562,0.858832061290741,3.2075893878936768
20250821_141626,1.3330321311950684,0.8587362766265869,3.2055273056030273
20250821_141626,1.332122564315796,0.8586350679397583,3.2035109996795654
20250821_141626,1.3312005996704102,0.8586506247520447,3.2015185356140137
20250821_141626,1.3301355838775635,0.8586412668228149,3.1993350982666016
20250821_141626,1.329053282737732,0.8586819767951965,3.197265386581421
20250821_141626,1.3281172513961792,0.8585852384567261,3.1952064037323
20250821_141626,1.3271126747131348,0.8585463166236877,3.1931450366973877
20250821_141626,1.3261585235595703,0.8585766553878784,3.1911261081695557
20250821_141626,1.3251113891601562,0.8584684729576111,3.1891417503356934
20250821_141626,1.3239750862121582,0.8585385680198669,3.187056541442871
20250821_141626,1.322969913482666,0.8586709499359131,3.185000419616699
20250821_141626,1.321993350982666,0.8586699962615967,3.1829605102539062
20250821_141626,1.3211473226547241,0.8583414554595947,3.1809897422790527
20250821_141626,1.3201013803482056,0.8582732677459717,3.1790192127227783
20250821_141626,1.318942904472351,0.8584160804748535,3.176950693130493
20250821_141626,1.3178822994232178,0.8583686947822571,3.1749770641326904
20250821_141626,1.31692373752594,0.858214795589447,3.1729867458343506
20250821_141626,1.3158276081085205,0.8582287430763245,3.170933723449707
20250821_141626,1.3148225545883179,0.858201265335083,3.168884515762329
20250821_141626,1.3137481212615967,0.8582504391670227,3.1668219566345215
20250821_141626,1.3126320838928223,0.8581613302230835,3.164914608001709
20250821_141626,1.3116506338119507,0.8580369353294373,3.1628763675689697
20250821_141626,1.3104817867279053,0.858252227306366,3.1608893871307373
20250821_141626,1.3094096183776855,0.8580643534660339,3.158870220184326
20250821_141626,1.3084300756454468,0.8579267859458923,3.1568288803100586
20250821_141626,1.3073540925979614,0.8579235672950745,3.1547863483428955
20250821_141626,1.3062043190002441,0.8579616546630859,3.1527538299560547
20250821_141626,1.3051460981369019,0.8579086065292358,3.150819778442383
20250821_141626,1.3040024042129517,0.8577933311462402,3.1488242149353027
20250821_141626,1.3029181957244873,0.8577545881271362,3.1468822956085205
20250821_141626,1.3019158840179443,0.8577082753181458,3.1449053287506104
20250821_141626,1.3008298873901367,0.8578576445579529,3.1428937911987305
20250821_141626,1.299728512763977,0.8578140139579773,3.1409108638763428
20250821_141626,1.2987288236618042,0.8576740026473999,3.138932466506958
20250821_141626,1.2975516319274902,0.8577478528022766,3.1369614601135254
20250821_141626,1.2964836359024048,0.8575647473335266,3.135012149810791
20250821_141626,1.2954124212265015,0.8576182723045349,3.1330084800720215
20250821_141626,1.2943472862243652,0.8574808835983276,3.1310884952545166
20250821_141626,1.2933597564697266,0.8574044108390808,3.1290981769561768
20250821_141626,1.2920249700546265,0.8576354384422302,3.1270651817321777
20250821_141626,1.2909671068191528,0.8575062155723572,3.125112771987915
20250821_141626,1.289929747581482,0.8573736548423767,3.123234272003174
20250821_141626,1.288744568824768,0.8574113845825195,3.121220111846924
20250821_141626,1.2877132892608643,0.8574113845825195,3.119293212890625
20250821_141626,1.2865486145019531,0.8574119806289673,3.117340326309204
20250821_141626,1.285459041595459,0.8573471307754517,3.1153218746185303
20250821_141626,1.2844024896621704,0.8573657274246216,3.113492965698242
20250821_141626,1.2832107543945312,0.8574555516242981,3.111494779586792
20250821_141626,1.2820978164672852,0.8573160171508789,3.1095218658447266
20250821_141626,1.2810442447662354,0.8572999238967896,3.107668876647949
20250821_141626,1.2799350023269653,0.8572873473167419,3.105797290802002
20250821_141626,1.278786063194275,0.8573777675628662,3.103804111480713
20250821_141626,1.2777286767959595,0.8574162125587463,3.10189151763916
20250821_141626,1.2765611410140991,0.8573049902915955,3.099895477294922
20250821_141626,1.275516390800476,0.8573347330093384,3.098198890686035
20250821_141626,1.2744518518447876,0.8571379780769348,3.0961661338806152
20250821_141626,1.2732051610946655,0.8573518991470337,3.0942912101745605
20250821_141626,1.2721196413040161,0.8573877215385437,3.092438220977783
20250821_141626,1.2710119485855103,0.8572812676429749,3.090489387512207
20250821_141626,1.2699271440505981,0.857235312461853,3.0886332988739014
20250821_141626,1.2688478231430054,0.8571966886520386,3.0866641998291016
20250821_141626,1.2676640748977661,0.8572258949279785,3.0847971439361572
20250821_141626,1.2666019201278687,0.857139527797699,3.082862377166748
20250821_141626,1.265511393547058,0.8570224642753601,3.081040859222412
20250821_141626,1.2642563581466675,0.8573303818702698,3.079225540161133
20250821_141626,1.2632708549499512,0.8573219776153564,3.0773448944091797
20250821_141626,1.2621551752090454,0.8572865128517151,3.0755982398986816
20250821_141626,1.261061191558838,0.8572588562965393,3.073700428009033
20250821_141627,1.259978175163269,0.8572053909301758,3.0719265937805176
20250821_141627,1.258780837059021,0.8573415875434875,3.0700697898864746
20250821_141627,1.257705807685852,0.8573389053344727,3.068230152130127
20250821_141627,1.2566583156585693,0.8570967316627502,3.0664072036743164
20250821_141627,1.2556871175765991,0.856967568397522,3.0646276473999023
20250821_141627,1.2545311450958252,0.8572824001312256,3.0628018379211426
20250821_141627,1.2534574270248413,0.8570919036865234,3.060939073562622
20250821_141627,1.2522714138031006,0.8572394251823425,3.0591812133789062
20250821_141627,1.251275658607483,0.8572474718093872,3.057471990585327
20250821_141627,1.250230312347412,0.8570929765701294,3.0556981563568115
20250821_141627,1.2491397857666016,0.857134997844696,3.053899049758911
20250821_141627,1.2480323314666748,0.8571130037307739,3.0520832538604736
20250821_141627,1.2469040155410767,0.8571009635925293,3.0503268241882324
20250821_141627,1.245930790901184,0.857028603553772,3.048644542694092
20250821_141627,1.2447116374969482,0.8572208285331726,3.0467417240142822
20250821_141627,1.243651032447815,0.8571191430091858,3.045060396194458
20250821_141627,1.24265718460083,0.8570191264152527,3.0432920455932617
20250821_141627,1.2415677309036255,0.8571422100067139,3.0415899753570557
20250821_141627,1.2405333518981934,0.857104480266571,3.0399768352508545
20250821_141627,1.2395315170288086,0.8570488095283508,3.0382988452911377
20250821_141627,1.2383302450180054,0.8572708964347839,3.0364880561828613
20250821_141627,1.2373318672180176,0.8572525382041931,3.034818410873413
20250821_141627,1.236333966255188,0.8570001125335693,3.033038854598999
20250821_141627,1.2353521585464478,0.8572222590446472,3.0315024852752686
20250821_141627,1.234212875366211,0.857310950756073,3.0297749042510986
20250821_141627,1.2332643270492554,0.8571970462799072,3.0281496047973633
20250821_141627,1.2322391271591187,0.8572604656219482,3.0265204906463623
20250821_141627,1.2311183214187622,0.8573507070541382,3.0248196125030518
20250821_141627,1.230270266532898,0.8570257425308228,3.023082971572876
20250821_141627,1.2292457818984985,0.8574197292327881,3.0216119289398193
20250821_141627,1.2281631231307983,0.8572248220443726,3.0198001861572266
20250821_141627,1.2271724939346313,0.8572584390640259,3.01827335357666
20250821_141627,1.2262694835662842,0.8572121262550354,3.0167577266693115
20250821_141627,1.225307822227478,0.8572743535041809,3.0151526927948
20250821_141627,1.2241860628128052,0.8577213287353516,3.013484477996826
20250821_141627,1.2232258319854736,0.8575454950332642,3.0118050575256348
20250821_141627,1.2222037315368652,0.8574797511100769,3.0102529525756836
20250821_141627,1.2212282419204712,0.8576493859291077,3.008718729019165
20250821_141627,1.2202987670898438,0.8575226068496704,3.0072762966156006
20250821_141627,1.2194327116012573,0.8574737906455994,3.0057735443115234
20250821_141627,1.2183793783187866,0.8577175140380859,3.0041966438293457
20250821_141627,1.2174267768859863,0.857904314994812,3.002676248550415
20250821_141627,1.216509461402893,0.8577831983566284,3.0010385513305664
20250821_141627,1.2155853509902954,0.8576483130455017,2.9996001720428467
20250821_141627,1.214697241783142,0.8577740788459778,2.99814510345459
20250821_141627,1.2137349843978882,0.8578751087188721,2.9967148303985596
20250821_141627,1.2127718925476074,0.8579146862030029,2.99529767036438
20250821_141627,1.2118784189224243,0.8580000400543213,2.993772506713867
20250821_141627,1.2109767198562622,0.858038604259491,2.9922516345977783
20250821_141627,1.2101727724075317,0.8580165505409241,2.990854024887085
20250821_141627,1.2092149257659912,0.8582338690757751,2.9894299507141113
20250821_141627,1.2082958221435547,0.858119785785675,2.988016128540039
20250821_141627,1.2073955535888672,0.8581107258796692,2.9865458011627197
20250821_141627,1.206494688987732,0.8580548167228699,2.985135078430176
20250821_141627,1.2056994438171387,0.8581919074058533,2.9837749004364014
20250821_141627,1.2047663927078247,0.8582804799079895,2.982189893722534
20250821_141627,1.2039233446121216,0.8582291603088379,2.980813980102539
20250821_141627,1.2030450105667114,0.8582148551940918,2.9794747829437256
20250821_141627,1.2021681070327759,0.8581633567810059,2.978111743927002
20250821_141627,1.201350450515747,0.8582233190536499,2.976712703704834
20250821_141627,1.2005733251571655,0.8580768704414368,2.9753825664520264
20250821_141627,1.1997714042663574,0.8580302000045776,2.9739043712615967
20250821_141627,1.1989011764526367,0.8581840395927429,2.972560405731201
20250821_141627,1.1979938745498657,0.8582022786140442,2.9711830615997314
20250821_141627,1.1971853971481323,0.8582565784454346,2.969911813735962
20250821_141627,1.1962984800338745,0.8581773042678833,2.9685397148132324
20250821_141627,1.1955779790878296,0.8581669330596924,2.967238426208496
20250821_141627,1.1947364807128906,0.8581472635269165,2.9659199714660645
20250821_141627,1.1939656734466553,0.8581368327140808,2.964599132537842
20250821_141627,1.1931382417678833,0.8582310676574707,2.9632568359375
20250821_141627,1.1923564672470093,0.8582295775413513,2.961904764175415
20250821_141627,1.191534161567688,0.8582642078399658,2.9606802463531494
20250821_141627,1.1906371116638184,0.8582597374916077,2.959427833557129
20250821_141627,1.1899112462997437,0.8582634925842285,2.958198308944702
20250821_141627,1.1891255378723145,0.8582792282104492,2.956888437271118
20250821_141627,1.188283085823059,0.8583166003227234,2.9556093215942383
20250821_141627,1.1875104904174805,0.8583842515945435,2.9543938636779785
20250821_141627,1.186605453491211,0.8585681915283203,2.9531197547912598
20250821_141627,1.1858232021331787,0.8585054874420166,2.9519197940826416
20250821_141627,1.1849656105041504,0.8586309552192688,2.950767993927002
20250821_141627,1.184252381324768,0.858409583568573,2.9496259689331055
20250821_141627,1.1835417747497559,0.8581934571266174,2.948293924331665
20250821_141627,1.1826961040496826,0.8583674430847168,2.947145700454712
20250821_141627,1.1819262504577637,0.8584508299827576,2.9458670616149902
20250821_141627,1.1811689138412476,0.858440637588501,2.944756031036377
20250821_141627,1.1804039478302002,0.8584256768226624,2.9436371326446533
20250821_141627,1.1795965433120728,0.8584701418876648,2.942472219467163
20250821_141627,1.1788369417190552,0.8584913015365601,2.9414243698120117
20250821_141627,1.1781485080718994,0.8583903908729553,2.9402289390563965
20250821_141627,1.1773977279663086,0.8584594130516052,2.939113140106201
20250821_141627,1.1766037940979004,0.8586332201957703,2.9379429817199707
20250821_141627,1.1758278608322144,0.8585569858551025,2.9367623329162598
20250821_141627,1.1751234531402588,0.8583739399909973,2.9357080459594727
20250821_141627,1.1743862628936768,0.8583783507347107,2.9346301555633545
20250821_141627,1.1736423969268799,0.8584040999412537,2.9335386753082275
20250821_141627,1.172932744026184,0.8583346605300903,2.93241024017334
20250821_141627,1.1721971035003662,0.8582276701927185,2.9313883781433105
20250821_141627,1.1715162992477417,0.8582090735435486,2.9303717613220215
20250821_141627,1.1707478761672974,0.8583196401596069,2.929331064224243
20250821_141627,1.1699864864349365,0.8583064079284668,2.9282662868499756
20250821_141628,1.1691852807998657,0.8582824468612671,2.927203893661499
20250821_141628,1.1684807538986206,0.8583025336265564,2.926149606704712
20250821_141628,1.1677649021148682,0.8582354784011841,2.9250590801239014
20250821_141628,1.1670773029327393,0.8580970764160156,2.9240121841430664
20250821_141628,1.1664838790893555,0.8578150868415833,2.9230542182922363
20250821_141628,1.1657201051712036,0.8577154874801636,2.9220669269561768
20250821_141628,1.1650015115737915,0.8575456142425537,2.921110153198242
20250821_141628,1.1642951965332031,0.8576549887657166,2.9201436042785645
20250821_141628,1.1635719537734985,0.8577375411987305,2.919133186340332
20250821_141628,1.1629149913787842,0.8575842976570129,2.918200731277466
20250821_141628,1.1621896028518677,0.8576275110244751,2.9172043800354004
20250821_141628,1.1614527702331543,0.8576053977012634,2.916252613067627
20250821_141628,1.160758376121521,0.8573523759841919,2.915261745452881
20250821_141628,1.160035252571106,0.8571316599845886,2.914236068725586
20250821_141628,1.1594488620758057,0.8571071028709412,2.9133057594299316
20250821_141628,1.1587203741073608,0.8572987914085388,2.9124884605407715
20250821_141628,1.1580426692962646,0.8571096658706665,2.9115655422210693
20250821_141628,1.157306432723999,0.857182502746582,2.910628080368042
20250821_141628,1.1566332578659058,0.857011079788208,2.909722089767456
20250821_141628,1.1559548377990723,0.8569586873054504,2.90885591506958
20250821_141628,1.1552599668502808,0.856940507888794,2.9079437255859375
20250821_141628,1.1545970439910889,0.8568956255912781,2.907029867172241
20250821_141628,1.1538552045822144,0.857137143611908,2.906186103820801
20250821_141628,1.1532177925109863,0.8568857312202454,2.905247926712036
20250821_141628,1.1525368690490723,0.856894314289093,2.9043946266174316
20250821_141628,1.1518222093582153,0.8570734858512878,2.903705596923828
20250821_141628,1.1511567831039429,0.85683274269104,2.9027671813964844
20250821_141628,1.1505475044250488,0.8569454550743103,2.9020166397094727
20250821_141628,1.1499537229537964,0.8570847511291504,2.9012086391448975
20250821_141628,1.1493207216262817,0.8571393489837646,2.900393009185791
20250821_141628,1.14863920211792,0.85718834400177,2.899618625640869
20250821_141628,1.1479061841964722,0.857136607170105,2.898806571960449
20250821_141628,1.1472351551055908,0.8570780754089355,2.898059606552124
20250821_141628,1.146525263786316,0.8571935296058655,2.8972439765930176
20250821_141628,1.1459344625473022,0.857115626335144,2.8963804244995117
20250821_141628,1.1453367471694946,0.8571995496749878,2.895612955093384
20250821_141628,1.1445986032485962,0.8571609258651733,2.894778251647949
20250821_141628,1.1439145803451538,0.8574088215827942,2.8941099643707275
20250821_141628,1.14324951171875,0.8573525547981262,2.8933606147766113
20250821_141628,1.1425837278366089,0.8573843240737915,2.8927488327026367
20250821_141628,1.1419346332550049,0.8574901819229126,2.892033338546753
20250821_141628,1.1413142681121826,0.8576512336730957,2.891340494155884
20250821_141628,1.1407324075698853,0.8577377200126648,2.8906748294830322
20250821_141628,1.140101432800293,0.857770562171936,2.8899004459381104
20250821_141628,1.1393589973449707,0.8579596877098083,2.889190196990967
20250821_141628,1.138756513595581,0.8578460216522217,2.8885183334350586
20250821_141628,1.138108253479004,0.8577961325645447,2.888011932373047
20250821_141628,1.137473464012146,0.8578563332557678,2.8872900009155273
20250821_141628,1.1368932723999023,0.8581255674362183,2.886735200881958
20250821_141628,1.1362836360931396,0.8581847548484802,2.886172294616699
20250821_141628,1.1356700658798218,0.8583268523216248,2.8855345249176025
20250821_141628,1.1350288391113281,0.858380913734436,2.8848841190338135
20250821_141628,1.1344120502471924,0.8585073947906494,2.8843586444854736
20250821_141628,1.1337239742279053,0.8585754632949829,2.883786201477051
20250821_141628,1.1331464052200317,0.8586307764053345,2.8831522464752197
20250821_141628,1.1325985193252563,0.8587057590484619,2.8824985027313232
20250821_141628,1.1319682598114014,0.8586839437484741,2.881910800933838
20250821_141628,1.1314178705215454,0.8588300943374634,2.881366491317749
20250821_141628,1.1307282447814941,0.8588281869888306,2.880894184112549
20250821_141628,1.130129337310791,0.8589621186256409,2.8803975582122803
20250821_141628,1.1295058727264404,0.8591609001159668,2.879943609237671
20250821_141628,1.1289136409759521,0.8592522740364075,2.8794305324554443
20250821_141628,1.1283175945281982,0.8593940734863281,2.8789191246032715
20250821_141628,1.127750277519226,0.8594329953193665,2.878448009490967
20250821_141628,1.1271098852157593,0.8596009016036987,2.877957344055176
20250821_141628,1.1265207529067993,0.8594866991043091,2.8774354457855225
20250821_141628,1.125881314277649,0.859534740447998,2.8769378662109375
20250821_141628,1.1253511905670166,0.85945725440979,2.876461982727051
20250821_141628,1.1247563362121582,0.8596275448799133,2.8760881423950195
20250821_141628,1.1242046356201172,0.8598372340202332,2.8756861686706543
20250821_141628,1.1235849857330322,0.8600674271583557,2.87532901763916
20250821_141628,1.1229846477508545,0.8601028323173523,2.8749520778656006
20250821_141628,1.122528076171875,0.8598442077636719,2.87467360496521
20250821_141628,1.1218634843826294,0.8600044846534729,2.8742573261260986
20250821_141628,1.1211148500442505,0.8602097630500793,2.873792886734009
20250821_141628,1.1204289197921753,0.860314667224884,2.8733415603637695
20250821_141628,1.1199815273284912,0.8601462244987488,2.8729896545410156
20250821_141628,1.1192368268966675,0.8603269457817078,2.872520923614502
20250821_141628,1.1186643838882446,0.8604041337966919,2.8722050189971924
20250821_141628,1.118039608001709,0.8604691624641418,2.871849536895752
20250821_141628,1.117383599281311,0.8606864213943481,2.8716816902160645
20250821_141628,1.1167365312576294,0.8607516288757324,2.8713321685791016
20250821_141628,1.1161171197891235,0.860891580581665,2.871039628982544
20250821_141628,1.1155476570129395,0.8609676361083984,2.8707494735717773
20250821_141628,1.1150976419448853,0.8608980774879456,2.8705875873565674
20250821_141628,1.1144914627075195,0.8609217405319214,2.8702447414398193
20250821_141628,1.1137655973434448,0.8611027002334595,2.8699493408203125
20250821_141628,1.1130284070968628,0.8611878156661987,2.869617462158203
20250821_141628,1.1124671697616577,0.8612552881240845,2.869339942932129
20250821_141628,1.1118431091308594,0.8613840341567993,2.8691067695617676
20250821_141628,1.1113070249557495,0.861541211605072,2.8689444065093994
20250821_141628,1.1106812953948975,0.8616819977760315,2.868727445602417
20250821_141628,1.1100447177886963,0.8618111610412598,2.868626594543457
20250821_141628,1.109463095664978,0.861865222454071,2.868434190750122
20250821_141628,1.108887791633606,0.861882746219635,2.8682713508605957
20250821_141628,1.1082794666290283,0.8620014786720276,2.8681247234344482
20250821_141628,1.107610821723938,0.8621705770492554,2.867931842803955
20250821_141628,1.1070963144302368,0.8621663451194763,2.867720127105713
20250821_141628,1.106521487236023,0.8621496558189392,2.867509603500366
20250821_141628,1.106002688407898,0.862181544303894,2.867396831512451
20250821_141628,1.1054307222366333,0.8622726798057556,2.8674159049987793
20250821_141629,1.1048355102539062,0.8622561097145081,2.867295980453491
20250821_141629,1.1042845249176025,0.8624048233032227,2.8672614097595215
20250821_141629,1.1037384271621704,0.8624353408813477,2.8671600818634033
20250821_141629,1.103256106376648,0.8625134825706482,2.8671045303344727
20250821_141629,1.1026419401168823,0.8623723983764648,2.866882562637329
20250821_141629,1.10212242603302,0.862297534942627,2.8667664527893066
20250821_141629,1.101594090461731,0.8623884320259094,2.8667619228363037
20250821_141629,1.1009854078292847,0.8624610304832458,2.8667001724243164
20250821_141629,1.100533366203308,0.8624643683433533,2.866710901260376
20250821_141629,1.1000760793685913,0.8624021410942078,2.866637706756592
20250821_141629,1.0995395183563232,0.8623007535934448,2.8666043281555176
20250821_141629,1.0990965366363525,0.8623957633972168,2.866600275039673
20250821_141629,1.0986295938491821,0.8625813126564026,2.866804838180542
20250821_141629,1.0981884002685547,0.8626116514205933,2.866844892501831
20250821_141629,1.0976256132125854,0.8627111315727234,2.8668668270111084
20250821_141629,1.097167730331421,0.8626745343208313,2.866910696029663
20250821_141629,1.0967868566513062,0.862541913986206,2.8667988777160645
20250821_141629,1.0963671207427979,0.8624864816665649,2.8668172359466553
20250821_141629,1.0959231853485107,0.8624641299247742,2.866929292678833
20250821_141629,1.0954355001449585,0.8623715043067932,2.867025852203369
20250821_141629,1.0950762033462524,0.8622260689735413,2.8670573234558105
20250821_141629,1.0947048664093018,0.8621701598167419,2.8671469688415527
20250821_141629,1.0942734479904175,0.86223965883255,2.867309093475342
20250821_141629,1.0939136743545532,0.8623754382133484,2.8674442768096924
20250821_141629,1.0935205221176147,0.8623533248901367,2.867530107498169
20250821_141629,1.093125820159912,0.8622123003005981,2.867661714553833
20250821_141629,1.0926457643508911,0.8623099327087402,2.86772084236145
20250821_141629,1.0922694206237793,0.8623349070549011,2.8678181171417236
20250821_141629,1.091982364654541,0.8624449372291565,2.8679561614990234
20250821_141629,1.0915448665618896,0.8621612787246704,2.8681066036224365
20250821_141629,1.0912585258483887,0.8619437217712402,2.868168830871582
20250821_141629,1.0909050703048706,0.8619300723075867,2.8684139251708984
20250821_141629,1.0905534029006958,0.8619837760925293,2.8685808181762695
20250821_141629,1.090277075767517,0.8619770407676697,2.868741273880005
20250821_141629,1.0899535417556763,0.8619547486305237,2.8691303730010986
20250821_141629,1.0896899700164795,0.8619174957275391,2.8692984580993652
20250821_141629,1.0893954038619995,0.861718475818634,2.8693461418151855
20250821_141629,1.0891597270965576,0.8616811633110046,2.869558334350586
20250821_141629,1.0888917446136475,0.8616425395011902,2.8697752952575684
20250821_141629,1.0887693166732788,0.8612427115440369,2.8700926303863525
20250821_141629,1.0885345935821533,0.8612379431724548,2.870321035385132
20250821_141629,1.088318109512329,0.8611359596252441,2.8705551624298096
20250821_141629,1.0881121158599854,0.8611315488815308,2.8707706928253174
20250821_141629,1.0878509283065796,0.8611141443252563,2.871018648147583
20250821_141629,1.0876277685165405,0.8610537648200989,2.8712801933288574
20250821_141629,1.087367057800293,0.8610181212425232,2.871547222137451
20250821_141629,1.0869494676589966,0.8614811301231384,2.871739387512207
20250821_141629,1.086804747581482,0.8614687323570251,2.872018814086914
20250821_141629,1.086625576019287,0.861456573009491,2.8722920417785645
20250821_141629,1.086462140083313,0.8614760041236877,2.872588634490967
20250821_141629,1.0862878561019897,0.8614270687103271,2.872847080230713
20250821_141629,1.0861107110977173,0.8614178895950317,2.873171091079712
20250821_141629,1.0859111547470093,0.8614485859870911,2.8735196590423584
20250821_141629,1.0857309103012085,0.8615822792053223,2.8737998008728027
20250821_141629,1.0856359004974365,0.8617075681686401,2.8742117881774902
20250821_141629,1.085536003112793,0.8617478609085083,2.874680757522583
20250821_141629,1.0854378938674927,0.8616247177124023,2.875155210494995
20250821_141629,1.0853379964828491,0.8615857362747192,2.875540256500244
20250821_141629,1.0852478742599487,0.8615724444389343,2.8759355545043945
20250821_141629,1.0851705074310303,0.8615766763687134,2.876288652420044
20250821_141629,1.0851216316223145,0.8613318800926208,2.876589298248291
20250821_141629,1.0850353240966797,0.8614187836647034,2.876934051513672
20250821_141629,1.0850178003311157,0.8613729476928711,2.8773341178894043
20250821_141629,1.0849276781082153,0.8613662719726562,2.877755880355835
20250821_141629,1.0847421884536743,0.861708402633667,2.878232955932617
20250821_141629,1.0847442150115967,0.8615633249282837,2.878679037094116
20250821_141629,1.084726333618164,0.8612526059150696,2.8791539669036865
20250821_141629,1.084904670715332,0.8612877130508423,2.8796966075897217
20250821_141629,1.0849440097808838,0.8612629771232605,2.880211114883423
20250821_141629,1.0849672555923462,0.8612561225891113,2.8806772232055664
20250821_141629,1.0847617387771606,0.8614819645881653,2.8810367584228516
20250821_141629,1.0847536325454712,0.8614324927330017,2.881410598754883
20250821_141629,1.0847774744033813,0.8614042401313782,2.8819282054901123
20250821_141629,1.0847824811935425,0.8613892197608948,2.8824117183685303
20250821_141629,1.0848191976547241,0.8613687753677368,2.8828721046447754
20250821_141629,1.0847747325897217,0.8613696098327637,2.883449077606201
20250821_141629,1.0848302841186523,0.8613455891609192,2.8840508460998535
20250821_141629,1.0848582983016968,0.8613771796226501,2.884669303894043
20250821_141629,1.0849920511245728,0.8612785339355469,2.8853037357330322
20250821_141629,1.0849422216415405,0.8613703846931458,2.885713577270508
20250821_141629,1.0849281549453735,0.8613032698631287,2.886160373687744
20250821_141629,1.0849529504776,0.8615842461585999,2.886812686920166
20250821_141629,1.0850772857666016,0.8613285422325134,2.88729190826416
20250821_141629,1.0851246118545532,0.8613232970237732,2.887845993041992
20250821_141629,1.0851801633834839,0.8613669276237488,2.888411283493042
20250821_141629,1.085378646850586,0.8611714243888855,2.8890764713287354
20250821_141629,1.085355520248413,0.8613858222961426,2.889596700668335
20250821_141629,1.0853271484375,0.8614110946655273,2.890207290649414
20250821_141629,1.0853855609893799,0.8614641427993774,2.890861988067627
20250821_141629,1.0854417085647583,0.861503541469574,2.8914833068847656
20250821_141629,1.085578441619873,0.8613505363464355,2.892125129699707
20250821_141629,1.085647702217102,0.861415445804596,2.892723798751831
20250821_141629,1.0855618715286255,0.8615325689315796,2.893226146697998
20250821_141629,1.0856897830963135,0.8614673614501953,2.893765926361084
20250821_141629,1.085809588432312,0.8615186810493469,2.8945679664611816
20250821_141629,1.086125135421753,0.8612343668937683,2.8951900005340576
20250821_141629,1.085879921913147,0.8617768287658691,2.8957912921905518
20250821_141629,1.0860093832015991,0.8617727756500244,2.8964364528656006
20250821_141629,1.086087703704834,0.8618243932723999,2.89701771736145
20250821_141630,1.0861648321151733,0.8619945049285889,2.8977344036102295
20250821_141630,1.086200475692749,0.8622041344642639,2.898404836654663
20250821_141630,1.0863404273986816,0.8620754480361938,2.8990910053253174
20250821_141630,1.0864118337631226,0.8621114492416382,2.8997411727905273
20250821_141630,1.0863838195800781,0.862239420413971,2.9002928733825684
20250821_141630,1.0865199565887451,0.8623082637786865,2.900958776473999
20250821_141630,1.0865647792816162,0.8623939156532288,2.901637077331543
20250821_141630,1.0866503715515137,0.8624783158302307,2.902280569076538
20250821_141630,1.086782693862915,0.8625634908676147,2.9029319286346436
20250821_141630,1.086838960647583,0.8626344799995422,2.9035980701446533
20250821_141630,1.086954116821289,0.8626937866210938,2.9042575359344482
20250821_141630,1.0870505571365356,0.8628257513046265,2.9049344062805176
20250821_141630,1.0872323513031006,0.8627191185951233,2.9056434631347656
20250821_141630,1.087282657623291,0.8628883361816406,2.9062414169311523
20250821_141630,1.0874041318893433,0.8629415035247803,2.9070427417755127
20250821_141630,1.0874125957489014,0.8631876111030579,2.907614231109619
20250821_141630,1.0874831676483154,0.8632974624633789,2.9082720279693604
20250821_141630,1.0875930786132812,0.8633247017860413,2.9089245796203613
20250821_141630,1.0876864194869995,0.8633899688720703,2.909588098526001
20250821_141630,1.0877889394760132,0.8635013699531555,2.9103012084960938
20250821_141630,1.0879237651824951,0.8635939955711365,2.9109814167022705
20250821_141630,1.0880274772644043,0.8635540008544922,2.911628246307373
20250821_141630,1.08805513381958,0.8640594482421875,2.9124770164489746
20250821_141630,1.0881623029708862,0.8640051484107971,2.9130990505218506
20250821_141630,1.0882279872894287,0.8640705347061157,2.9137306213378906
20250821_141630,1.088342308998108,0.8643013834953308,2.914430856704712
20250821_141630,1.0884592533111572,0.864315927028656,2.915170431137085
20250821_141630,1.088564395904541,0.8644511103630066,2.915898084640503
20250821_141630,1.0885989665985107,0.8646883964538574,2.916597843170166
20250821_141630,1.0887291431427002,0.8649303317070007,2.917384624481201
20250821_141630,1.0888792276382446,0.8651211857795715,2.9180641174316406
20250821_141630,1.0890676975250244,0.8650968670845032,2.918826103210449
20250821_141630,1.0891931056976318,0.8651710748672485,2.9193930625915527
20250821_141630,1.0893036127090454,0.8653379678726196,2.920194387435913
20250821_141630,1.0894896984100342,0.8655576705932617,2.9210922718048096
20250821_141630,1.0896610021591187,0.8657178282737732,2.921795606613159
20250821_141630,1.089760422706604,0.8658611178398132,2.922320604324341
20250821_141630,1.0899077653884888,0.8660344481468201,2.9230682849884033
20250821_141630,1.0900959968566895,0.866144597530365,2.923776149749756
20250821_141630,1.0902488231658936,0.8662603497505188,2.9245104789733887
20250821_141630,1.0904278755187988,0.8664664626121521,2.925358533859253
20250821_141630,1.090647578239441,0.8667073845863342,2.9261562824249268
20250821_141630,1.0908794403076172,0.8667570352554321,2.926830530166626
20250821_141630,1.0910389423370361,0.8668928742408752,2.927534580230713
20250821_141630,1.091247797012329,0.8670936226844788,2.928271770477295
20250821_141630,1.091389775276184,0.8673590421676636,2.9290878772735596
20250821_141630,1.0916117429733276,0.8674172759056091,2.929861545562744
20250821_141630,1.0917856693267822,0.8675068616867065,2.9306187629699707
20250821_141630,1.0920649766921997,0.867655873298645,2.9314513206481934
20250821_141630,1.0923231840133667,0.8676628470420837,2.9321444034576416
20250821_141630,1.0925167798995972,0.8679113984107971,2.9328556060791016
20250821_141630,1.0927907228469849,0.8680011034011841,2.933615207672119
20250821_141630,1.0929970741271973,0.8681074380874634,2.9343719482421875
20250821_141630,1.0932637453079224,0.8681090474128723,2.9351248741149902
20250821_141630,1.0935478210449219,0.8682204484939575,2.9358930587768555
20250821_141630,1.0938043594360352,0.8683759570121765,2.9367053508758545
20250821_141630,1.0940219163894653,0.8685389757156372,2.9374759197235107
20250821_141630,1.0942538976669312,0.8685120344161987,2.9381635189056396
20250821_141630,1.0945162773132324,0.8687331080436707,2.9389140605926514
20250821_141630,1.0947829484939575,0.8687574863433838,2.9397037029266357
20250821_141630,1.0949686765670776,0.8688671588897705,2.940551519393921
20250821_141630,1.0952671766281128,0.8689156174659729,2.941291093826294
20250821_141630,1.0955690145492554,0.8689928650856018,2.942047119140625
20250821_141630,1.0959125757217407,0.8690769672393799,2.942781686782837
20250821_141630,1.0962417125701904,0.8690796494483948,2.9435722827911377
20250821_141630,1.096551775932312,0.8691710233688354,2.9443023204803467
20250821_141630,1.096887230873108,0.8692266345024109,2.9450602531433105
20250821_141630,1.0973676443099976,0.869025468826294,2.9458680152893066
20250821_141630,1.0977396965026855,0.8691126704216003,2.9466583728790283
20250821_141630,1.0980736017227173,0.8691461086273193,2.9474213123321533
20250821_141630,1.0984299182891846,0.8692628741264343,2.948184013366699
20250821_141630,1.098784327507019,0.8692996501922607,2.9489424228668213
20250821_141630,1.0992263555526733,0.869168221950531,2.949747323989868
20250821_141630,1.0996569395065308,0.8689865469932556,2.9504129886627197
20250821_141630,1.1000196933746338,0.8692417144775391,2.9512860774993896
20250821_141630,1.100460410118103,0.8691031336784363,2.9520604610443115
20250821_141630,1.1008434295654297,0.869144856929779,2.952895164489746
20250821_141630,1.1012005805969238,0.8694494366645813,2.9537034034729004
20250821_141630,1.1015573740005493,0.869642436504364,2.954469680786133
20250821_141630,1.1020561456680298,0.8696020245552063,2.955199956893921
20250821_141630,1.1025437116622925,0.869488000869751,2.955986499786377
20250821_141630,1.102986216545105,0.8695082068443298,2.956782817840576
20250821_141630,1.1036558151245117,0.8693159818649292,2.9576094150543213
20250821_141630,1.1038782596588135,0.8696484565734863,2.958348512649536
20250821_141630,1.1043827533721924,0.8697083592414856,2.9591634273529053
20250821_141630,1.1048790216445923,0.869819700717926,2.959937572479248
20250821_141630,1.1053646802902222,0.8697857856750488,2.96073055267334
20250821_141630,1.1058863401412964,0.8699647784233093,2.961533546447754
20250821_141630,1.106411099433899,0.8697470426559448,2.9623024463653564
20250821_141630,1.106916069984436,0.8699856996536255,2.96311616897583
20250821_141630,1.1075236797332764,0.8699924349784851,2.9639647006988525
20250821_141630,1.1079941987991333,0.8700151443481445,2.964681625366211
20250821_141630,1.108608603477478,0.870113730430603,2.9654743671417236
20250821_141630,1.10910964012146,0.8701099753379822,2.9662935733795166
20250821_141630,1.1096504926681519,0.8702840209007263,2.9670872688293457
20250821_141630,1.1102105379104614,0.8703689575195312,2.9678759574890137
20250821_141630,1.1107449531555176,0.870367169380188,2.968684434890747
20250821_141630,1.1113148927688599,0.8705241680145264,2.969505786895752
20250821_141630,1.1118731498718262,0.8707337975502014,2.9703805446624756
20250821_141630,1.1124887466430664,0.8706523180007935,2.9711031913757324
20250821_141631,1.1131229400634766,0.8706833720207214,2.9719736576080322
20250821_141631,1.1136335134506226,0.8708304762840271,2.9727237224578857
20250821_141631,1.1142126321792603,0.8709272146224976,2.973492383956909
20250821_141631,1.11482572555542,0.8708063960075378,2.974203109741211
20250821_141631,1.1154423952102661,0.8708406686782837,2.9749581813812256
20250821_141631,1.116060733795166,0.8708994388580322,2.9758358001708984
20250821_141631,1.1166516542434692,0.8709414601325989,2.976620674133301
20250821_141631,1.117272973060608,0.8709783554077148,2.9773621559143066
20250821_141631,1.1179447174072266,0.8710900545120239,2.97811222076416
20250821_141631,1.118599534034729,0.871282696723938,2.978816270828247
20250821_141631,1.1192874908447266,0.8710957169532776,2.979675531387329
20250821_141631,1.1199102401733398,0.8711145520210266,2.980431079864502
20250821_141631,1.1205410957336426,0.8711114525794983,2.9811699390411377
20250821_141631,1.1211975812911987,0.871259868144989,2.9818899631500244
20250821_141631,1.1218986511230469,0.871160089969635,2.9825615882873535
20250821_141631,1.122572660446167,0.8712148666381836,2.983302593231201
20250821_141631,1.1231861114501953,0.8712210059165955,2.9840760231018066
20250821_141631,1.1238515377044678,0.8711981773376465,2.9848434925079346
20250821_141631,1.124631404876709,0.8712465763092041,2.985623359680176
20250821_141631,1.125258207321167,0.8712527751922607,2.9863429069519043
20250821_141631,1.1258889436721802,0.8715208172798157,2.9868645668029785
20250821_141631,1.1266781091690063,0.8714936375617981,2.9876291751861572
20250821_141631,1.1273763179779053,0.8711420893669128,2.9884517192840576
20250821_141631,1.128044843673706,0.8712846636772156,2.9890995025634766
20250821_141631,1.128724455833435,0.8711415529251099,2.989847183227539
20250821_141631,1.1294440031051636,0.8711357116699219,2.9905495643615723
20250821_141631,1.1301846504211426,0.8710978627204895,2.991392135620117
20250821_141631,1.1309789419174194,0.8709319829940796,2.992037057876587
20250821_141631,1.1317874193191528,0.870966911315918,2.9926252365112305
20250821_141631,1.132533073425293,0.8710430264472961,2.993255615234375
20250821_141631,1.133317232131958,0.8709262609481812,2.9941301345825195
20250821_141631,1.134043574333191,0.8706599473953247,2.994925022125244
20250821_141631,1.134797215461731,0.8704946637153625,2.9955737590789795
20250821_141631,1.1355632543563843,0.8704695105552673,2.9961841106414795
20250821_141631,1.1362746953964233,0.8704653382301331,2.996765375137329
20250821_141631,1.1371781826019287,0.870497465133667,2.997559070587158
20250821_141631,1.1378828287124634,0.8703844547271729,2.9981627464294434
20250821_141631,1.1386351585388184,0.8703126311302185,2.999007225036621
20250821_141631,1.1394122838974,0.870161771774292,2.9997293949127197
20250821_141631,1.1401914358139038,0.8700947761535645,3.000386953353882
20250821_141631,1.1409735679626465,0.8701301217079163,3.000988721847534
20250821_141631,1.1417932510375977,0.8700673580169678,3.001643419265747
20250821_141631,1.1425280570983887,0.8696216940879822,3.0023133754730225
20250821_141631,1.143505334854126,0.8696749210357666,3.003037452697754
20250821_141631,1.1442502737045288,0.8696756362915039,3.0037105083465576
20250821_141631,1.1450575590133667,0.8695770502090454,3.00435209274292
20250821_141631,1.14586341381073,0.8694888353347778,3.005028247833252
20250821_141631,1.1467270851135254,0.8694641590118408,3.0056941509246826
20250821_141631,1.147531509399414,0.8694766163825989,3.006376266479492
20250821_141631,1.1484094858169556,0.8694282174110413,3.0070345401763916
20250821_141631,1.1491820812225342,0.8693598508834839,3.0076684951782227
20250821_141631,1.1500144004821777,0.8688770532608032,3.0084078311920166
20250821_141631,1.1508090496063232,0.8687896728515625,3.0090861320495605
20250821_141631,1.1516392230987549,0.8690184354782104,3.0096280574798584
20250821_141631,1.1525424718856812,0.8688121438026428,3.0103704929351807
20250821_141631,1.1534138917922974,0.8687389492988586,3.0109686851501465
20250821_141631,1.1543309688568115,0.8685954213142395,3.0117268562316895
20250821_141631,1.1551182270050049,0.8683537840843201,3.0124831199645996
20250821_141631,1.155874490737915,0.8681630492210388,3.0131313800811768
20250821_141631,1.156654715538025,0.8683315515518188,3.013859748840332
20250821_141631,1.1575690507888794,0.8682356476783752,3.0145809650421143
20250821_141631,1.1584088802337646,0.8683609366416931,3.0152785778045654
20250821_141631,1.1592111587524414,0.8678654432296753,3.0158498287200928
20250821_141631,1.1600812673568726,0.8678550720214844,3.0165047645568848
20250821_141631,1.1608234643936157,0.867914617061615,3.0170226097106934
20250821_141631,1.1615958213806152,0.8678102493286133,3.0176498889923096
20250821_141631,1.1624466180801392,0.8677624464035034,3.01829195022583
20250821_141631,1.163313388824463,0.8676863312721252,3.019016742706299
20250821_141631,1.1642637252807617,0.8673520088195801,3.019691228866577
20250821_141631,1.1651383638381958,0.8673136830329895,3.020317792892456
20250821_141631,1.1660057306289673,0.8671759963035583,3.02099609375
20250821_141631,1.166756510734558,0.8669402003288269,3.0216386318206787
20250821_141631,1.1675790548324585,0.8668700456619263,3.022296667098999
20250821_141631,1.1684430837631226,0.8669916391372681,3.022876024246216
20250821_141631,1.1692761182785034,0.8668943047523499,3.023461103439331
20250821_141631,1.16999089717865,0.8668397068977356,3.0240182876586914
20250821_141631,1.170806646347046,0.8668273687362671,3.0246458053588867
20250821_141631,1.1715502738952637,0.8667421340942383,3.0252676010131836
20250821_141631,1.1723394393920898,0.8667293787002563,3.0258724689483643
20250821_141631,1.1731096506118774,0.866667628288269,3.026461362838745
20250821_141631,1.1739453077316284,0.866696834564209,3.02705717086792
